{
 "A:1000RATS": {
  "apy": 131.619,
  "ts": 1782380526.837246
 },
 "A:AAOI": {
  "apy": 107.09660860415835,
  "ts": 1782774907.283738
 },
 "A:AIN": {
  "apy": 83.22,
  "ts": 1782449838.855182
 },
 "A:ASTS": {
  "apy": 108.405,
  "ts": 1782734877.663699
 },
 "A:AXTI": {
  "apy": 436.46700000000004,
  "ts": 1782259763.724872
 },
 "A:BAS": {
  "apy": 101.17800000000001,
  "ts": 1782765076.068489
 },
 "A:BEAT": {
  "apy": 135.78,
  "ts": 1782798851.34493
 },
 "A:BEL": {
  "apy": 118.15050000000001,
  "ts": 1782462940.71511
 },
 "A:BICO": {
  "apy": 160.08900000000003,
  "ts": 1782822198.858516
 },
 "A:BSB": {
  "apy": 115.1728431124425,
  "ts": 1782822198.858523
 },
 "A:BTW": {
  "apy": 83.001,
  "ts": 1782595124.983323
 },
 "A:BZ": {
  "apy": 105.769105878039,
  "ts": 1782509984.014055
 },
 "A:CAP": {
  "apy": 132.8295451910061,
  "ts": 1782649216.881506
 },
 "A:CBRS": {
  "apy": 101.82259309072874,
  "ts": 1782600138.437236
 },
 "A:CLO": {
  "apy": 164.031,
  "ts": 1782428535.205001
 },
 "A:COHR": {
  "apy": 95.59349999999999,
  "ts": 1782813561.972851
 },
 "A:DEXE": {
  "apy": 109.281,
  "ts": 1782228210.047374
 },
 "A:ESPORTS": {
  "apy": 126.80099999999999,
  "ts": 1782798851.344933
 },
 "A:EVAA": {
  "apy": 89.8995,
  "ts": 1782433352.891452
 },
 "A:FARTCOIN": {
  "apy": 106.65299999999999,
  "ts": 1782765076.068487
 },
 "A:FLY": {
  "apy": 166.11149999999998,
  "ts": 1782813561.972843
 },
 "A:FOLKS": {
  "apy": 252.726,
  "ts": 1782288164.518919
 },
 "A:GLW": {
  "apy": 393.2145,
  "ts": 1782822198.85851
 },
 "A:GWEI": {
  "apy": 144.54,
  "ts": 1782749362.073384
 },
 "A:HMSTR": {
  "apy": 92.621128787271,
  "ts": 1782798851.344938
 },
 "A:HYUNDAI": {
  "apy": 301.78200000000004,
  "ts": 1782783352.950304
 },
 "A:KIOXIA": {
  "apy": 353.35425255626717,
  "ts": 1782489531.187314
 },
 "A:KORU": {
  "apy": 116.62905804361215,
  "ts": 1782770362.9081
 },
 "A:MAGMA": {
  "apy": 137.751,
  "ts": 1782489531.187321
 },
 "A:MINIMAX": {
  "apy": 113.66100000000002,
  "ts": 1782462940.715112
 },
 "A:MSTRX": {
  "apy": 294.774,
  "ts": 1782259763.724878
 },
 "A:MYX": {
  "apy": 83.3295,
  "ts": 1782678155.645674
 },
 "A:NES": {
  "apy": 124.39200000000001,
  "ts": 1782672515.672906
 },
 "A:NOK": {
  "apy": 93.74615003087985,
  "ts": 1782774907.283741
 },
 "A:O": {
  "apy": 198.85199999999998,
  "ts": 1782757376.042721
 },
 "A:OSS": {
  "apy": 458.4765,
  "ts": 1782228210.047364
 },
 "A:PIPPIN": {
  "apy": 126.14399999999999,
  "ts": 1782332576.742502
 },
 "A:PL": {
  "apy": 234.768,
  "ts": 1782228210.04737
 },
 "A:RAVE": {
  "apy": 140.16000000000003,
  "ts": 1782749362.073386
 },
 "A:SILVER": {
  "apy": 100.74000000000001,
  "ts": 1782338442.917657
 },
 "A:SIREN": {
  "apy": 401.646,
  "ts": 1782749362.073376
 },
 "A:SKYAI": {
  "apy": 157.023,
  "ts": 1782504437.086799
 },
 "A:SLX": {
  "apy": 82.563,
  "ts": 1782408851.536099
 },
 "A:SOON": {
  "apy": 94.2299524198542,
  "ts": 1782428535.205007
 },
 "A:SOXL": {
  "apy": 121.73109272005725,
  "ts": 1782698034.765762
 },
 "A:SPCX": {
  "apy": 154.176,
  "ts": 1782519581.255306
 },
 "A:STRC": {
  "apy": 151.767,
  "ts": 1782832689.579126
 },
 "A:SYN": {
  "apy": 141.036,
  "ts": 1782822198.858519
 },
 "A:TAC": {
  "apy": 154.395,
  "ts": 1782832689.579123
 },
 "A:TSEM": {
  "apy": 173.9955,
  "ts": 1782299782.067546
 },
 "A:UB": {
  "apy": 120.67402335481079,
  "ts": 1782757376.042726
 },
 "A:UKOIL": {
  "apy": 86.72399999999999,
  "ts": 1782600138.437239
 },
 "A:USOIL": {
  "apy": 84.75299999999999,
  "ts": 1782600138.437241
 },
 "A:VELVET": {
  "apy": 178.04700000000003,
  "ts": 1782698034.765757
 },
 "A:WEN": {
  "apy": 1095.0,
  "ts": 1782401567.103938
 },
 "A:XAG": {
  "apy": 84.51588320778659,
  "ts": 1782343271.040953
 },
 "A:ZHIPU": {
  "apy": 433.62,
  "ts": 1782749362.073371
 },
 "B:0G": {
  "apy": 465.813,
  "ts": 1782595124.983478
 },
 "B:ACT": {
  "apy": 404.6891470063233,
  "ts": 1782716597.88569
 },
 "B:AGLD": {
  "apy": 248.89349999999996,
  "ts": 1782749362.073769
 },
 "B:AI": {
  "apy": 3588.0949391794175,
  "ts": 1782822198.858784
 },
 "B:AIGENSYN": {
  "apy": 3766.362,
  "ts": 1782822198.85878
 },
 "B:ALICE": {
  "apy": 1183.8045,
  "ts": 1782299782.067847
 },
 "B:APLD": {
  "apy": 322.91549999999995,
  "ts": 1782813561.973114
 },
 "B:ARK": {
  "apy": 4380.0,
  "ts": 1782605645.06253
 },
 "B:ARX": {
  "apy": 1004.3339999999998,
  "ts": 1782734877.66405
 },
 "B:BEAT": {
  "apy": 202.575,
  "ts": 1782332576.742785
 },
 "B:BEL": {
  "apy": 751.2795000000001,
  "ts": 1782635316.001238
 },
 "B:BICO": {
  "apy": 443.58450000000005,
  "ts": 1782578691.918109
 },
 "B:BLEND": {
  "apy": 1998.6259023220885,
  "ts": 1782380526.837525
 },
 "B:BTW": {
  "apy": 617.1419999999999,
  "ts": 1782535214.613234
 },
 "B:CAP": {
  "apy": 2190.0,
  "ts": 1782480971.892487
 },
 "B:CARV": {
  "apy": 611.0099999999999,
  "ts": 1782535214.613236
 },
 "B:CELO": {
  "apy": 517.935,
  "ts": 1782683100.594226
 },
 "B:CHIP": {
  "apy": 212.96938698241442,
  "ts": 1782408851.536377
 },
 "B:EDGE": {
  "apy": 2367.171,
  "ts": 1782765076.068833
 },
 "B:ESP": {
  "apy": 833.5139999999999,
  "ts": 1782832689.579399
 },
 "B:ETH": {
  "apy": 14.892,
  "ts": 1782749362.073757
 },
 "B:FLY": {
  "apy": 547.5,
  "ts": 1782462940.715538
 },
 "B:FOGO": {
  "apy": 4380.0,
  "ts": 1782422253.246427
 },
 "B:G": {
  "apy": 230.82599999999996,
  "ts": 1782228210.047676
 },
 "B:GAS": {
  "apy": 1165.7369999999999,
  "ts": 1782783352.950756
 },
 "B:GLM": {
  "apy": 1589.502,
  "ts": 1782553892.230415
 },
 "B:GUA": {
  "apy": 215.277,
  "ts": 1782235768.325882
 },
 "B:GWEI": {
  "apy": 523.191,
  "ts": 1782822198.858795
 },
 "B:HEI": {
  "apy": 867.8969999999999,
  "ts": 1782243099.579844
 },
 "B:HOME": {
  "apy": 306.59999999999997,
  "ts": 1782249557.481157
 },
 "B:ICNT": {
  "apy": 305.286,
  "ts": 1782480971.892493
 },
 "B:ID": {
  "apy": 286.88999999999993,
  "ts": 1782770362.908417
 },
 "B:IN": {
  "apy": 4380.0,
  "ts": 1782832689.579391
 },
 "B:IP": {
  "apy": 2190.0,
  "ts": 1782698034.766034
 },
 "B:KORU": {
  "apy": 449.27850000000007,
  "ts": 1782433352.891784
 },
 "B:LAB": {
  "apy": 8534.867999999999,
  "ts": 1782813561.973097
 },
 "B:LAYER": {
  "apy": 326.967,
  "ts": 1782553892.230426
 },
 "B:LRC": {
  "apy": 1168.6953278297353,
  "ts": 1782235768.32587
 },
 "B:M": {
  "apy": 354.561,
  "ts": 1782757376.043039
 },
 "B:MAGIC": {
  "apy": 678.462,
  "ts": 1782716597.885682
 },
 "B:MANTA": {
  "apy": 956.592,
  "ts": 1782822198.858793
 },
 "B:ME": {
  "apy": 889.6875,
  "ts": 1782351405.9198
 },
 "B:MUU": {
  "apy": 493.9545,
  "ts": 1782813561.973108
 },
 "B:NES": {
  "apy": 633.348,
  "ts": 1782415799.483688
 },
 "B:O": {
  "apy": 1592.568,
  "ts": 1782519581.255553
 },
 "B:ONG": {
  "apy": 673.4250000000001,
  "ts": 1782832689.579401
 },
 "B:OUST": {
  "apy": 328.82849999999996,
  "ts": 1782473423.796432
 },
 "B:POPCAT": {
  "apy": 202.794,
  "ts": 1782504437.087042
 },
 "B:PORTAL": {
  "apy": 825.192,
  "ts": 1782553892.23042
 },
 "B:POWR": {
  "apy": 335.946,
  "ts": 1782813561.973112
 },
 "B:PROS": {
  "apy": 2036.4809999999998,
  "ts": 1782698034.766037
 },
 "B:PUNDIX": {
  "apy": 433.182,
  "ts": 1782578691.918112
 },
 "B:QNT": {
  "apy": 291.9956680003688,
  "ts": 1782299782.067857
 },
 "B:RE": {
  "apy": 425.73600000000005,
  "ts": 1782798851.345219
 },
 "B:S": {
  "apy": 243.966,
  "ts": 1782668039.190298
 },
 "B:SAHARA": {
  "apy": 201.3705,
  "ts": 1782519581.255568
 },
 "B:SLX": {
  "apy": 4380.0,
  "ts": 1782832689.579387
 },
 "B:SNX": {
  "apy": 211.22549999999998,
  "ts": 1782560730.1105
 },
 "B:SOL": {
  "apy": 11.607000000000001,
  "ts": 1782325352.912192
 },
 "B:STG": {
  "apy": 222.28499999999997,
  "ts": 1782574664.416618
 },
 "B:SYN": {
  "apy": 883.6650000000001,
  "ts": 1782578691.918105
 },
 "B:TAIKO": {
  "apy": 1261.659,
  "ts": 1782832689.579395
 },
 "B:TNSR": {
  "apy": 299.373,
  "ts": 1782546028.114085
 },
 "B:TOSHI": {
  "apy": 310.10400000000004,
  "ts": 1782668039.190296
 },