{
 "A:1000RATS": {
  "apy": 131.619,
  "ts": 1782380526.837246
 },
 "A:AAOI": {
  "apy": 126.1827663633363,
  "ts": 1782299782.067549
 },
 "A:AGT": {
  "apy": 181.989,
  "ts": 1781985262.849029
 },
 "A:AIN": {
  "apy": 83.22,
  "ts": 1782449838.855182
 },
 "A:ALLO": {
  "apy": 87.819,
  "ts": 1782034145.174055
 },
 "A:ARX": {
  "apy": 203.4149895642435,
  "ts": 1782131877.090758
 },
 "A:ASTS": {
  "apy": 429.0209999999999,
  "ts": 1782259763.724874
 },
 "A:AXTI": {
  "apy": 436.46700000000004,
  "ts": 1782259763.724872
 },
 "A:BAS": {
  "apy": 113.00399999999999,
  "ts": 1782509984.014051
 },
 "A:BEAT": {
  "apy": 161.622,
  "ts": 1782504437.086793
 },
 "A:BEL": {
  "apy": 118.15050000000001,
  "ts": 1782462940.71511
 },
 "A:BICO": {
  "apy": 96.798,
  "ts": 1782087696.479797
 },
 "A:BLESS": {
  "apy": 145.197,
  "ts": 1782202756.450266
 },
 "A:BSB": {
  "apy": 121.99419295820579,
  "ts": 1782569104.743307
 },
 "A:BTW": {
  "apy": 112.56599999999999,
  "ts": 1782480971.892165
 },
 "A:BZ": {
  "apy": 105.769105878039,
  "ts": 1782509984.014055
 },
 "A:CBRS": {
  "apy": 295.005202240029,
  "ts": 1782546028.113955
 },
 "A:CL": {
  "apy": 105.9720124300668,
  "ts": 1782148710.302371
 },
 "A:CLO": {
  "apy": 164.031,
  "ts": 1782428535.205001
 },
 "A:COHR": {
  "apy": 142.24050000000003,
  "ts": 1782288164.51893
 },
 "A:DEXE": {
  "apy": 109.281,
  "ts": 1782228210.047374
 },
 "A:EPIC": {
  "apy": 169.06799999999998,
  "ts": 1782058818.738926
 },
 "A:ESPORTS": {
  "apy": 87.60000000000001,
  "ts": 1782578691.917953
 },
 "A:EVAA": {
  "apy": 89.8995,
  "ts": 1782433352.891452
 },
 "A:FLY": {
  "apy": 384.7830000000001,
  "ts": 1782288164.51891
 },
 "A:FOLKS": {
  "apy": 252.726,
  "ts": 1782288164.518919
 },
 "A:GLW": {
  "apy": 160.87638274774844,
  "ts": 1782480971.892159
 },
 "A:GRAM": {
  "apy": 98.33100000000002,
  "ts": 1782108716.224257
 },
 "A:GWEI": {
  "apy": 96.141,
  "ts": 1782215000.882657
 },
 "A:INFQ": {
  "apy": 307.7054101516191,
  "ts": 1782202756.45026
 },
 "A:KIOXIA": {
  "apy": 353.35425255626717,
  "ts": 1782489531.187314
 },
 "A:KORU": {
  "apy": 88.67611349870295,
  "ts": 1782480971.892168
 },
 "A:MAGMA": {
  "apy": 137.751,
  "ts": 1782489531.187321
 },
 "A:MINIMAX": {
  "apy": 113.66100000000002,
  "ts": 1782462940.715112
 },
 "A:MSTRX": {
  "apy": 294.774,
  "ts": 1782259763.724878
 },
 "A:NOK": {
  "apy": 128.30456860632643,
  "ts": 1782131877.090764
 },
 "A:O": {
  "apy": 158.55600000000004,
  "ts": 1782343271.040947
 },
 "A:OSS": {
  "apy": 458.4765,
  "ts": 1782228210.047364
 },
 "A:PIPPIN": {
  "apy": 126.14399999999999,
  "ts": 1782332576.742502
 },
 "A:PL": {
  "apy": 234.768,
  "ts": 1782228210.04737
 },
 "A:POWER": {
  "apy": 105.55799999999999,
  "ts": 1782159946.269606
 },
 "A:QNT": {
  "apy": 83.51005102741786,
  "ts": 1782159946.269611
 },
 "A:RAVE": {
  "apy": 127.35049726618111,
  "ts": 1782275742.129657
 },
 "A:SAGA": {
  "apy": 98.988,
  "ts": 1782087696.479795
 },
 "A:SILVER": {
  "apy": 100.74000000000001,
  "ts": 1782338442.917657
 },
 "A:SIREN": {
  "apy": 360.912,
  "ts": 1782415799.483428
 },
 "A:SKYAI": {
  "apy": 157.023,
  "ts": 1782504437.086799
 },
 "A:SLX": {
  "apy": 82.563,
  "ts": 1782408851.536099
 },
 "A:SOON": {
  "apy": 94.2299524198542,
  "ts": 1782428535.205007
 },
 "A:SOXL": {
  "apy": 181.77,
  "ts": 1782519581.255301
 },
 "A:SPCX": {
  "apy": 154.176,
  "ts": 1782519581.255306
 },
 "A:TRUTH": {
  "apy": 118.698,
  "ts": 1782188351.377111
 },
 "A:TSEM": {
  "apy": 173.9955,
  "ts": 1782299782.067546
 },
 "A:UB": {
  "apy": 124.14553524909151,
  "ts": 1782082196.317576
 },
 "A:UKOIL": {
  "apy": 100.08300000000001,
  "ts": 1782509984.014057
 },
 "A:UP": {
  "apy": 110.98501086901197,
  "ts": 1782172446.596693
 },
 "A:VELVET": {
  "apy": 175.41899999999998,
  "ts": 1782569104.743302
 },
 "A:WEN": {
  "apy": 1095.0,
  "ts": 1782401567.103938
 },
 "A:XAG": {
  "apy": 84.51588320778659,
  "ts": 1782343271.040953
 },
 "A:ZHIPU": {
  "apy": 136.218,
  "ts": 1782462940.715108
 },
 "A:龙虾": {
  "apy": 140.16000000000003,
  "ts": 1782202756.450269
 },
 "B:0G": {
  "apy": 232.68750000000003,
  "ts": 1782519581.255566
 },
 "B:2Z": {
  "apy": 354.999,
  "ts": 1782065364.664673
 },
 "B:ACE": {
  "apy": 1646.3325000000002,
  "ts": 1782034145.174297
 },
 "B:AGLD": {
  "apy": 971.8124999999999,
  "ts": 1782569104.743446
 },
 "B:ALICE": {
  "apy": 1183.8045,
  "ts": 1782299782.067847
 },
 "B:AMC": {
  "apy": 547.5,
  "ts": 1782215000.882991
 },
 "B:APLD": {
  "apy": 238.929,
  "ts": 1782473423.796435
 },
 "B:ARK": {
  "apy": 2114.664,
  "ts": 1782546028.114077
 },
 "B:ARX": {
  "apy": 228.63600000000002,
  "ts": 1782275742.129911
 },
 "B:ASML": {
  "apy": 1095.0,
  "ts": 1782202756.4506
 },
 "B:AXS": {
  "apy": 743.286,
  "ts": 1782019784.919267
 },
 "B:BEAT": {
  "apy": 202.575,
  "ts": 1782332576.742785
 },
 "B:BEL": {
  "apy": 382.9215,
  "ts": 1782569104.743452
 },
 "B:BICO": {
  "apy": 443.58450000000005,
  "ts": 1782578691.918109
 },
 "B:BLEND": {
  "apy": 1998.6259023220885,
  "ts": 1782380526.837525
 },
 "B:BTW": {
  "apy": 617.1419999999999,
  "ts": 1782535214.613234
 },
 "B:CAP": {
  "apy": 2190.0,
  "ts": 1782480971.892487
 },
 "B:CARV": {
  "apy": 611.0099999999999,
  "ts": 1782535214.613236
 },
 "B:CHIP": {
  "apy": 212.96938698241442,
  "ts": 1782408851.536377
 },
 "B:EDEN": {
  "apy": 213.63450000000003,
  "ts": 1782058818.739352
 },
 "B:EDGE": {
  "apy": 1908.8039999999999,
  "ts": 1782584257.653222
 },
 "B:EPIC": {
  "apy": 234.98699999999997,
  "ts": 1782043275.12219
 },
 "B:ETH": {
  "apy": 10.950000000000001,
  "ts": 1782574664.4166
 },
 "B:FIDA": {
  "apy": 1427.6609999999998,
  "ts": 1782215000.882983
 },
 "B:FLY": {
  "apy": 547.5,
  "ts": 1782462940.715538
 },
 "B:FOGO": {
  "apy": 4380.0,
  "ts": 1782422253.246427
 },
 "B:G": {
  "apy": 230.82599999999996,
  "ts": 1782228210.047676
 },
 "B:GLM": {
  "apy": 1589.502,
  "ts": 1782553892.230415
 },
 "B:GUA": {
  "apy": 215.277,
  "ts": 1782235768.325882
 },
 "B:HEI": {
  "apy": 867.8969999999999,
  "ts": 1782243099.579844
 },
 "B:HOME": {
  "apy": 306.59999999999997,
  "ts": 1782249557.481157
 },
 "B:ICNT": {
  "apy": 305.286,
  "ts": 1782480971.892493
 },
 "B:ID": {
  "apy": 842.7119999999999,
  "ts": 1782433352.89178
 },
 "B:IP": {
  "apy": 215.93399999999997,
  "ts": 1782569104.743459
 },
 "B:KAT": {
  "apy": 407.559,
  "ts": 1782001234.927906
 },
 "B:KORU": {
  "apy": 449.27850000000007,
  "ts": 1782433352.891784
 },
 "B:LAB": {
  "apy": 5800.872,
  "ts": 1782560730.110487
 },
 "B:LAYER": {
  "apy": 326.967,
  "ts": 1782553892.230426
 },
 "B:LRC": {
  "apy": 1168.6953278297353,
  "ts": 1782235768.32587
 },
 "B:M": {
  "apy": 653.277,
  "ts": 1782449838.855437
 },
 "B:ME": {
  "apy": 889.6875,
  "ts": 1782351405.9198
 },
 "B:MOODENG": {
  "apy": 212.86800000000002,
  "ts": 1782188351.377407
 },
 "B:MUU": {
  "apy": 547.5,
  "ts": 1782473423.796426
 },
 "B:NES": {
  "apy": 633.348,
  "ts": 1782415799.483688
 },
 "B:O": {
  "apy": 1592.568,
  "ts": 1782519581.255553
 },
 "B:OUST": {
  "apy": 328.82849999999996,
  "ts": 1782473423.796432
 },
 "B:POPCAT": {
  "apy": 202.794,
  "ts": 1782504437.087042
 },
 "B:PORTAL": {
  "apy": 825.192,
  "ts": 1782553892.23042
 },
 "B:PROS": {
  "apy": 297.621,
  "ts": 1782422253.246439
 },
 "B:PUNDIX": {
  "apy": 433.182,
  "ts": 1782578691.918112
 },
 "B:QNT": {
  "apy": 291.9956680003688,
  "ts": 1782299782.067857
 },
 "B:RARE": {
  "apy": 396.828,
  "ts": 1782043275.122182
 },
 "B:RE": {
  "apy": 413.03399999999993,
  "ts": 1782578691.918115
 },
 "B:RESOLV": {
  "apy": 444.13199999999995,
  "ts": 1782131877.091121
 },
 "B:SAHARA": {
  "apy": 201.3705,
  "ts": 1782519581.255568
 },
 "B:SNX": {
  "apy": 211.22549999999998,
  "ts": 1782560730.1105
 },
 "B:SOL": {
  "apy": 11.607000000000001,
  "ts": 1782325352.912192
 },
 "B:STG": {
  "apy": 222.28499999999997,
  "ts": 1782574664.416618
 },
 "B:STO": {
  "apy": 296.52599999999995,
  "ts": 1782072143.117047
 },
 "B:SYN": {
  "apy": 883.6650000000001,