{
 "A:AAOI": {
  "apy": 105.6675,
  "ts": 1783077433.37095
 },
 "A:ALAB": {
  "apy": 547.5,
  "ts": 1783067970.995204
 },
 "A:ALLO": {
  "apy": 84.97200000000001,
  "ts": 1783606450.05784
 },
 "A:BE": {
  "apy": 547.5,
  "ts": 1783067970.995199
 },
 "A:BEAT": {
  "apy": 98.2412521734213,
  "ts": 1783533943.179557
 },
 "A:BLESS": {
  "apy": 95.92200000000001,
  "ts": 1783113725.781403
 },
 "A:BMNR": {
  "apy": 547.5,
  "ts": 1783067970.995213
 },
 "A:BOT": {
  "apy": 142.58442449166722,
  "ts": 1783056934.931582
 },
 "A:BSB": {
  "apy": 82.37565403780259,
  "ts": 1783533943.17956
 },
 "A:BTW": {
  "apy": 125.268,
  "ts": 1783280458.724707
 },
 "A:BZ": {
  "apy": 151.10999999999999,
  "ts": 1783467313.600542
 },
 "A:CAP": {
  "apy": 93.513,
  "ts": 1783273618.478194
 },
 "A:CBRS": {
  "apy": 97.3455,
  "ts": 1783335749.729181
 },
 "A:CLO": {
  "apy": 130.743,
  "ts": 1783442490.569539
 },
 "A:COHR": {
  "apy": 125.925,
  "ts": 1783077433.370945
 },
 "A:DEXE": {
  "apy": 86.067,
  "ts": 1783636953.055112
 },
 "A:EPIC": {
  "apy": 154.395,
  "ts": 1783399042.555742
 },
 "A:ESPORTS": {
  "apy": 134.466,
  "ts": 1783630538.120241
 },
 "A:EVAA": {
  "apy": 150.015,
  "ts": 1783616716.141784
 },
 "A:EWY": {
  "apy": 102.93,
  "ts": 1783077433.370952
 },
 "A:GLW": {
  "apy": 83.53285348204844,
  "ts": 1783636953.055115
 },
 "A:HMSTR": {
  "apy": 109.5,
  "ts": 1783378053.383459
 },
 "A:HYUNDAI": {
  "apy": 133.69950000000003,
  "ts": 1783583829.273504
 },
 "A:KIOXIA": {
  "apy": 274.8960414420317,
  "ts": 1783485107.048502
 },
 "A:KORU": {
  "apy": 163.593,
  "ts": 1783636953.0551
 },
 "A:LAB": {
  "apy": 226.00799999999998,
  "ts": 1783616716.141781
 },
 "A:M": {
  "apy": 151.548,
  "ts": 1783527656.236721
 },
 "A:MAGMA": {
  "apy": 88.25699999999999,
  "ts": 1783098166.127436
 },
 "A:MUU": {
  "apy": 406.245,
  "ts": 1783472962.247831
 },
 "A:NES": {
  "apy": 86.58752074927169,
  "ts": 1783623564.768051
 },
 "A:O": {
  "apy": 80.0029695962508,
  "ts": 1783442490.569551
 },
 "A:ONDS": {
  "apy": 547.5,
  "ts": 1783067970.995211
 },
 "A:PIPPIN": {
  "apy": 81.3907306481148,
  "ts": 1783149158.127984
 },
 "A:PLTR": {
  "apy": 86.72399999999999,
  "ts": 1783118432.074692
 },
 "A:RAM": {
  "apy": 360.58349999999996,
  "ts": 1783472962.247833
 },
 "A:RKLB": {
  "apy": 93.6978276634146,
  "ts": 1783365722.685413
 },
 "A:SIREN": {
  "apy": 88.695,
  "ts": 1783494824.082542
 },
 "A:SKYAI": {
  "apy": 107.96699999999998,
  "ts": 1783287722.283296
 },
 "A:SLX": {
  "apy": 1038.936,
  "ts": 1783187123.883599
 },
 "A:SOXL": {
  "apy": 81.3585,
  "ts": 1783504725.873923
 },
 "A:SPCX": {
  "apy": 115.632,
  "ts": 1783442490.569543
 },
 "A:TAC": {
  "apy": 290.175,
  "ts": 1783450242.127532
 },
 "A:TAIKO": {
  "apy": 671.892,
  "ts": 1783041348.330528
 },
 "A:TRIA": {
  "apy": 129.648,
  "ts": 1783411377.23247
 },
 "A:UP": {
  "apy": 265.7964090051657,
  "ts": 1783193703.116585
 },
 "A:US": {
  "apy": 240.68099999999995,
  "ts": 1783616716.141776
 },
 "A:VELVET": {
  "apy": 106.21500000000002,
  "ts": 1783108995.787514
 },
 "A:ZHIPU": {
  "apy": 83.3295,
  "ts": 1783041348.330543
 },
 "B:10000NEX": {
  "apy": 1017.9120000000001,
  "ts": 1783247156.561643
 },
 "B:AGLD": {
  "apy": 867.1305,
  "ts": 1783472962.248257
 },
 "B:AI": {
  "apy": 217.6504468790361,
  "ts": 1783504725.87416
 },
 "B:ALAB": {
  "apy": 361.89750000000004,
  "ts": 1783504725.874156
 },
 "B:ARPA": {
  "apy": 213.63450000000003,
  "ts": 1783137557.046681
 },
 "B:ARX": {
  "apy": 233.23499999999999,
  "ts": 1783178430.312677
 },
 "B:BANANA": {
  "apy": 349.743,
  "ts": 1783472962.248265
 },
 "B:BARD": {
  "apy": 406.02600000000007,
  "ts": 1783034460.224892
 },
 "B:BAS": {
  "apy": 224.694,
  "ts": 1783273618.478352
 },
 "B:BEL": {
  "apy": 1131.135,
  "ts": 1783335749.729373
 },
 "B:BIRB": {
  "apy": 222.06599999999997,
  "ts": 1783158662.508289
 },
 "B:BLEND": {
  "apy": 287.8600064258121,
  "ts": 1783084988.600754
 },
 "B:BLUR": {
  "apy": 578.817,
  "ts": 1783494824.082734
 },
 "B:BREV": {
  "apy": 993.0902708905662,
  "ts": 1783237681.384241
 },
 "B:BZ": {
  "apy": 509.17499999999995,
  "ts": 1783554413.908521
 },
 "B:DATA": {
  "apy": 348.4280142458505,
  "ts": 1783630538.120511
 },
 "B:EDGE": {
  "apy": 623.2740000000001,
  "ts": 1783485107.048698
 },
 "B:EPIC": {
  "apy": 371.42400000000004,
  "ts": 1783583829.273761
 },
 "B:EWY": {
  "apy": 322.4775,
  "ts": 1783383556.393739
 },
 "B:GWEI": {
  "apy": 2628.0000000000005,
  "ts": 1783636953.055427
 },
 "B:HEI": {
  "apy": 315.14099999999996,
  "ts": 1783193703.11684
 },
 "B:HOT": {
  "apy": 471.61650000000003,
  "ts": 1783358803.752022
 },
 "B:ID": {
  "apy": 222.504,
  "ts": 1783521516.718972
 },
 "B:KIOXIA": {
  "apy": 300.5775,
  "ts": 1783041348.330796
 },
 "B:KORU": {
  "apy": 547.5,
  "ts": 1783383556.393734
 },
 "B:LA": {
  "apy": 779.202,
  "ts": 1783137557.046675
 },
 "B:LAB": {
  "apy": 624.588,
  "ts": 1783521516.718966
 },
 "B:ME": {
  "apy": 275.94000000000005,
  "ts": 1783084988.600759
 },
 "B:MINIMAX": {
  "apy": 547.5,
  "ts": 1783485107.048701
 },
 "B:MIRA": {
  "apy": 727.08,
  "ts": 1783472962.24826
 },
 "B:NES": {
  "apy": 312.075,
  "ts": 1783383556.393741
 },
 "B:NEX": {
  "apy": 2840.6490000000003,
  "ts": 1783158662.508273
 },
 "B:NFP": {
  "apy": 1220.2679999999998,
  "ts": 1783265762.104642
 },
 "B:NG": {
  "apy": 210.71960553085606,
  "ts": 1783521516.718974
 },
 "B:OGN": {
  "apy": 1234.503,
  "ts": 1783630538.120503
 },
 "B:OPG": {
  "apy": 265.209,
  "ts": 1783533943.179754
 },
 "B:PIPPIN": {
  "apy": 2280.885,
  "ts": 1783432291.40102
 },
 "B:PLTR": {
  "apy": 468.98850000000004,
  "ts": 1783098166.127635
 },
 "B:POWER": {
  "apy": 226.33649999999997,
  "ts": 1783630538.120517
 },
 "B:PROS": {
  "apy": 419.38500000000005,
  "ts": 1783372471.474545
 },
 "B:RE": {
  "apy": 236.51999999999998,
  "ts": 1783527656.236952
 },
 "B:ROBO": {
  "apy": 329.81399999999996,
  "ts": 1783084988.60075
 },
 "B:RPL": {
  "apy": 312.4035,
  "ts": 1783365722.685617
 },
 "B:SENT": {
  "apy": 1160.481,
  "ts": 1783616716.142077
 },
 "B:SLX": {
  "apy": 446.76,
  "ts": 1783636953.055436
 },
 "B:SPELL": {
  "apy": 812.3804999999999,
  "ts": 1783595848.598827
 },
 "B:THE": {
  "apy": 277.911,
  "ts": 1783630538.120514
 },
 "B:TLM": {
  "apy": 210.78750000000005,
  "ts": 1783204710.442769
 },
 "B:VANRY": {
  "apy": 511.3649999999999,
  "ts": 1783636953.055433
 },
 "B:YFI": {
  "apy": 321.6015,
  "ts": 1783358803.752028
 },
 "B:ZHIPU": {
  "apy": 222.504,
  "ts": 1783616716.142087
 },
 "B:ZKP": {
  "apy": 1348.1639999999998,
  "ts": 1783122222.201103
 },
 "C:AAOI": {
  "apy": 547.5,
  "ts": 1783067970.996267
 },
 "C:AGLD": {
  "apy": 603.126,
  "ts": 1783472962.248732
 },
 "C:ARPA": {
  "apy": 195.89549999999997,
  "ts": 1783158662.508693
 },
 "C:BANANA": {
  "apy": 680.2140000000002,
  "ts": 1783442490.570149
 },
 "C:BAS": {
  "apy": 235.64399999999998,
  "ts": 1783273618.478837
 },
 "C:BIRB": {
  "apy": 150.453,
  "ts": 1783149158.128571
 },
 "C:BLUR": {
  "apy": 674.0819999999997,
  "ts": 1783457840.341373
 },
 "C:BZ": {
  "apy": 471.00153870833367,
  "ts": 1783554413.908732
 },
 "C:CLO": {
  "apy": 157.02300000000002,
  "ts": 1783527656.237313
 },
 "C:EGLD": {
  "apy": 160.02053011696276,
  "ts": 1783595848.599165
 },
 "C:EPIC": {
  "apy": 209.3639999999998,
  "ts": 1783527656.237309
 },
 "C:ESPORTS": {
  "apy": 252.28800000000004,
  "ts": 1783606450.058301
 },
 "C:EVAA": {
  "apy": 187.79250000000005,
  "ts": 1783540423.100333
 },
 "C:EWY": {
  "apy": 333.4275,
  "ts": 1783383556.394074
 },
 "C:GRAM": {
  "apy": 155.92799999999997,
  "ts": 1783399042.556116
 },
 "C:GWEI": {
  "apy": 908.4119999999994,
  "ts": 1783521516.719267
 },
 "C:HMSTR": {
  "apy": 180.98566202073812,
  "ts": 1783485107.049138
 },
 "C:HOT": {
  "apy": 450.04499999999985,
  "ts": 1783247156.56206
 },
 "C:KIOXIA": {
  "apy": 260.2230414420317,
  "ts": 1783485107.049133
 },
 "C:KORU": {
  "apy": 163.593,
  "ts": 1783636953.055708
 },
 "C:LAB": {
  "apy": 311.856,