{
 "A:AAOI": {
  "apy": 109.5,
  "ts": 1781780484.058214
 },
 "A:AGT": {
  "apy": 247.47,
  "ts": 1781949208.758529
 },
 "A:AIOT": {
  "apy": 97.674,
  "ts": 1781443128.441933
 },
 "A:AMC": {
  "apy": 109.5,
  "ts": 1781780484.058211
 },
 "A:ASTEROID": {
  "apy": 380.62199999999996,
  "ts": 1781957287.271028
 },
 "A:AXTI": {
  "apy": 233.26581743025238,
  "ts": 1781828080.208022
 },
 "A:BEAT": {
  "apy": 129.7715452416903,
  "ts": 1781957287.271036
 },
 "A:BEL": {
  "apy": 149.6865,
  "ts": 1781937610.772465
 },
 "A:BILL": {
  "apy": 83.82041076356191,
  "ts": 1781370147.421492
 },
 "A:BLESS": {
  "apy": 89.79,
  "ts": 1781900448.835321
 },
 "A:BR": {
  "apy": 109.5,
  "ts": 1781736769.728267
 },
 "A:BSB": {
  "apy": 124.61099999999999,
  "ts": 1781900448.835317
 },
 "A:BTW": {
  "apy": 617.58,
  "ts": 1781971535.222359
 },
 "A:BZ": {
  "apy": 148.20099556635182,
  "ts": 1781965763.105295
 },
 "A:CL": {
  "apy": 146.924870779947,
  "ts": 1781965763.105298
 },
 "A:CLO": {
  "apy": 129.10049999999998,
  "ts": 1781910779.762936
 },
 "A:COAI": {
  "apy": 85.2275329280151,
  "ts": 1781893377.964013
 },
 "A:DEXE": {
  "apy": 82.782,
  "ts": 1781390735.172339
 },
 "A:DXYZ": {
  "apy": 109.5,
  "ts": 1781598844.245665
 },
 "A:EPIC": {
  "apy": 198.414,
  "ts": 1781971535.222363
 },
 "A:ESPORTS": {
  "apy": 696.42,
  "ts": 1781971535.222353
 },
 "A:EVAA": {
  "apy": 117.822,
  "ts": 1781679131.543357
 },
 "A:EWY": {
  "apy": 147.79533776203996,
  "ts": 1781477463.956815
 },
 "A:FOLKS": {
  "apy": 101.94449999999999,
  "ts": 1781893377.96401
 },
 "A:GWEI": {
  "apy": 388.944,
  "ts": 1781729676.144199
 },
 "A:HIGH": {
  "apy": 1122.7035,
  "ts": 1781712103.536819
 },
 "A:JCT": {
  "apy": 136.656,
  "ts": 1781450915.885478
 },
 "A:JELLYJELLY": {
  "apy": 166.259394078732,
  "ts": 1781467795.206235
 },
 "A:KOPN": {
  "apy": 109.5,
  "ts": 1781697439.116858
 },
 "A:LAB": {
  "apy": 150.015,
  "ts": 1781971535.222365
 },
 "A:LITE": {
  "apy": 163.36206661559473,
  "ts": 1781482939.222063
 },
 "A:MAGMA": {
  "apy": 94.60799999999999,
  "ts": 1781729676.144207
 },
 "A:MYX": {
  "apy": 203.67000000000002,
  "ts": 1781804866.608043
 },
 "A:NOK": {
  "apy": 159.27473792237564,
  "ts": 1781804866.608051
 },
 "A:O": {
  "apy": 133.26120784364127,
  "ts": 1781971535.222368
 },
 "A:OPENAI": {
  "apy": 109.5,
  "ts": 1781482939.222075
 },
 "A:PLAY": {
  "apy": 120.44999999999999,
  "ts": 1781792488.79704
 },
 "A:RAVE": {
  "apy": 134.1870911254926,
  "ts": 1781527329.430682
 },
 "A:RKLB": {
  "apy": 86.84454375927645,
  "ts": 1781615860.482503
 },
 "A:SILVER": {
  "apy": 106.87200000000001,
  "ts": 1781477463.956826
 },
 "A:SIREN": {
  "apy": 1408.17,
  "ts": 1781764098.397351
 },
 "A:SKYAI": {
  "apy": 115.851,
  "ts": 1781937610.772467
 },
 "A:SLX": {
  "apy": 114.31800000000001,
  "ts": 1781527329.430684
 },
 "A:SMH": {
  "apy": 89.7266649046785,
  "ts": 1781792488.797051
 },
 "A:SOON": {
  "apy": 168.35268042802738,
  "ts": 1781645730.560939
 },
 "A:SOXL": {
  "apy": 199.8375,
  "ts": 1781746746.431855
 },
 "A:SPCX": {
  "apy": 254.697,
  "ts": 1781949208.758525
 },
 "A:TAG": {
  "apy": 152.643,
  "ts": 1781847503.525748
 },
 "A:TRUTH": {
  "apy": 160.4333341293495,
  "ts": 1781414396.821648
 },
 "A:UKOIL": {
  "apy": 242.433,
  "ts": 1781965763.105288
 },
 "A:UP": {
  "apy": 177.82799999999997,
  "ts": 1781804866.608049
 },
 "A:USOIL": {
  "apy": 203.67000000000002,
  "ts": 1781965763.105292
 },
 "A:VELVET": {
  "apy": 83.65800000000002,
  "ts": 1781645730.560947
 },
 "A:XAU": {
  "apy": 127.458,
  "ts": 1781477463.956822
 },
 "A:XMR": {
  "apy": 138.408,
  "ts": 1781546524.408254
 },
 "A:ZEREBRO": {
  "apy": 97.455,
  "ts": 1781815099.311033
 },
 "A:龙虾": {
  "apy": 307.03799999999995,
  "ts": 1781828080.208012
 },
 "B:AGT": {
  "apy": 217.46699999999998,
  "ts": 1781971535.22265
 },
 "B:ALICE": {
  "apy": 3159.7320000000004,
  "ts": 1781957287.271357
 },
 "B:ANIME": {
  "apy": 263.15011848023045,
  "ts": 1781949208.758793
 },
 "B:AXL": {
  "apy": 928.5599999999998,
  "ts": 1781375008.091317
 },
 "B:AXS": {
  "apy": 416.13668909735316,
  "ts": 1781937610.772787
 },
 "B:BEAT": {
  "apy": 215.60549999999998,
  "ts": 1781712103.537257
 },
 "B:BICO": {
  "apy": 237.36365994296733,
  "ts": 1781971535.222648
 },
 "B:BLEND": {
  "apy": 1220.4914185920265,
  "ts": 1781847503.525962
 },
 "B:BREV": {
  "apy": 334.851,
  "ts": 1781450915.88582
 },
 "B:BTC": {
  "apy": 16.206,
  "ts": 1781712103.537248
 },
 "B:BTW": {
  "apy": 246.813,
  "ts": 1781467795.206581
 },
 "B:BZ": {
  "apy": 233.454,
  "ts": 1781473187.132955
 },
 "B:CHIP": {
  "apy": 210.67799999999997,
  "ts": 1781971535.222652
 },
 "B:CL": {
  "apy": 256.668,
  "ts": 1781473187.132951
 },
 "B:ENJ": {
  "apy": 237.615,
  "ts": 1781815099.31143
 },
 "B:ESPORTS": {
  "apy": 4380.0,
  "ts": 1781780484.058647
 },
 "B:ETH": {
  "apy": 19.272,
  "ts": 1781712103.537246
 },
 "B:FIDA": {
  "apy": 421.35599999999994,
  "ts": 1781634091.046785
 },
 "B:GENIUS": {
  "apy": 312.95099999999996,
  "ts": 1781804866.608469
 },
 "B:GIGGLE": {
  "apy": 220.53300000000002,
  "ts": 1781467795.206586
 },
 "B:GRAM": {
  "apy": 245.499,
  "ts": 1781712103.537255
 },
 "B:GWEI": {
  "apy": 410.40600000000006,
  "ts": 1781679131.543614
 },
 "B:HEI": {
  "apy": 262.8,
  "ts": 1781887203.773911
 },
 "B:HIGH": {
  "apy": 217.79549999999998,
  "ts": 1781822023.735946
 },
 "B:HMSTR": {
  "apy": 209.802,
  "ts": 1781503647.304773
 },
 "B:HOME": {
  "apy": 1463.796,
  "ts": 1781949208.758787
 },
 "B:ID": {
  "apy": 397.04699999999997,
  "ts": 1781780484.058654
 },
 "B:IRYS": {
  "apy": 276.816,
  "ts": 1781414396.822029
 },
 "B:KAT": {
  "apy": 448.731,
  "ts": 1781920262.209319
 },
 "B:MEGA": {
  "apy": 310.54200000000003,
  "ts": 1781764098.397716
 },
 "B:MOVE": {
  "apy": 216.591,
  "ts": 1781828080.208422
 },
 "B:OPG": {
  "apy": 265.5885008551449,
  "ts": 1781847503.525971
 },
 "B:ORCA": {
  "apy": 288.642,
  "ts": 1781697439.117096
 },
 "B:PORTAL": {
  "apy": 566.772,
  "ts": 1781937610.772782
 },
 "B:RARE": {
  "apy": 335.289,
  "ts": 1781957287.271363
 },
 "B:RE": {
  "apy": 361.78800000000007,
  "ts": 1781971535.222639
 },
 "B:RESOLV": {
  "apy": 257.106,
  "ts": 1781971535.222643
 },
 "B:RIF": {
  "apy": 207.83099999999996,
  "ts": 1781746746.432318
 },
 "B:SAHARA": {
  "apy": 250.2075,
  "ts": 1781949208.758796
 },
 "B:SENT": {
  "apy": 638.604,
  "ts": 1781634091.04678
 },
 "B:SIREN": {
  "apy": 4380.0,
  "ts": 1781427298.635773
 },
 "B:SOL": {
  "apy": 46.0995,
  "ts": 1781712103.537242
 },
 "B:SOXL": {
  "apy": 210.56849999999997,
  "ts": 1781847503.525975
 },
 "B:SPACE": {
  "apy": 371.42400000000004,
  "ts": 1781697439.117094
 },
 "B:SPCX": {
  "apy": 255.135,
  "ts": 1781660495.374253
 },
 "B:STG": {
  "apy": 382.812,
  "ts": 1781634091.046787
 },
 "B:SYN": {
  "apy": 244.842,
  "ts": 1781893377.964287
 },
 "B:TON": {
  "apy": 223.59899999999996,
  "ts": 1781467795.206583
 },
 "B:TONCOIN": {
  "apy": 257.106,
  "ts": 1781443128.442234
 },
 "B:TRUST": {
  "apy": 280.32000000000005,
  "ts": 1781937610.772789
 },
 "B:UB": {
  "apy": 468.66,
  "ts": 1781467795.206578
 },
 "B:UKOIL": {
  "apy": 340.764,
  "ts": 1781473187.132949
 },
 "B:USOIL": {
  "apy": 398.142,
  "ts": 1781473187.132947
 },
 "B:VELVET": {
  "apy": 391.572,
  "ts": 1781461387.990139
 },
 "B:VVV": {
  "apy": 236.73899999999998,
  "ts": 1781949208.758799
 },
 "B:XAG": {
  "apy": 270.02700000000004,
  "ts": 1781729676.144547
 },
 "B:ZKC": {
  "apy": 734.307,
  "ts": 1781565841.363293
 },
 "B:ZKP": {
  "apy": 277.692,
  "ts": 1781450915.885825
 },
 "C:AGT": {
  "apy": 266.74199999999996,
  "ts": 1781971535.22297
 },
 "C:ALICE": {
  "apy": 533.8125,
  "ts": 1781971535.222966
 },
 "C:ASTEROID": {
  "apy": 336.82199999999995,
  "ts": 1781957287.271541
 },
 "C:AXS": {
  "apy": 295.4676890973532,
  "ts": 1781937610.773097
 },
 "C:AXTI": {
  "apy": 233.26581743025238,
  "ts": 1781828080.208666
 },
 "C:BEAT": {
  "apy": 181.4555452416903,
  "ts": 1781957287.271551
 },