{
 "A:AAOI": {
  "apy": 105.6675,
  "ts": 1783077433.37095
 },
 "A:ALAB": {
  "apy": 547.5,
  "ts": 1783067970.995204
 },
 "A:ALLO": {
  "apy": 136.875,
  "ts": 1783358803.751767
 },
 "A:AXTI": {
  "apy": 110.63646449642191,
  "ts": 1783018920.697955
 },
 "A:BE": {
  "apy": 547.5,
  "ts": 1783067970.995199
 },
 "A:BEAT": {
  "apy": 98.2412521734213,
  "ts": 1783533943.179557
 },
 "A:BLESS": {
  "apy": 95.92200000000001,
  "ts": 1783113725.781403
 },
 "A:BMNR": {
  "apy": 547.5,
  "ts": 1783067970.995213
 },
 "A:BOT": {
  "apy": 142.58442449166722,
  "ts": 1783056934.931582
 },
 "A:BSB": {
  "apy": 82.37565403780259,
  "ts": 1783533943.17956
 },
 "A:BTW": {
  "apy": 125.268,
  "ts": 1783280458.724707
 },
 "A:BZ": {
  "apy": 151.10999999999999,
  "ts": 1783467313.600542
 },
 "A:CAP": {
  "apy": 93.513,
  "ts": 1783273618.478194
 },
 "A:CBRS": {
  "apy": 97.3455,
  "ts": 1783335749.729181
 },
 "A:CLO": {
  "apy": 130.743,
  "ts": 1783442490.569539
 },
 "A:COHR": {
  "apy": 125.925,
  "ts": 1783077433.370945
 },
 "A:DEXE": {
  "apy": 90.44700000000002,
  "ts": 1783358803.751775
 },
 "A:EPIC": {
  "apy": 154.395,
  "ts": 1783399042.555742
 },
 "A:ESPORTS": {
  "apy": 445.66499999999996,
  "ts": 1783521516.718718
 },
 "A:EVAA": {
  "apy": 344.049,
  "ts": 1783550497.584684
 },
 "A:EWY": {
  "apy": 102.93,
  "ts": 1783077433.370952
 },
 "A:FARTCOIN": {
  "apy": 117.384,
  "ts": 1783028926.481465
 },
 "A:GLW": {
  "apy": 97.455,
  "ts": 1783550497.584692
 },
 "A:HMSTR": {
  "apy": 109.5,
  "ts": 1783378053.383459
 },
 "A:KIOXIA": {
  "apy": 274.8960414420317,
  "ts": 1783485107.048502
 },
 "A:KORU": {
  "apy": 156.36599999999999,
  "ts": 1783504725.87392
 },
 "A:LAB": {
  "apy": 354.78,
  "ts": 1783545734.400413
 },
 "A:M": {
  "apy": 151.548,
  "ts": 1783527656.236721
 },
 "A:MAGMA": {
  "apy": 88.25699999999999,
  "ts": 1783098166.127436
 },
 "A:MUU": {
  "apy": 406.245,
  "ts": 1783472962.247831
 },
 "A:NES": {
  "apy": 109.3612893771495,
  "ts": 1783056934.931586
 },
 "A:O": {
  "apy": 80.0029695962508,
  "ts": 1783442490.569551
 },
 "A:ONDS": {
  "apy": 547.5,
  "ts": 1783067970.995211
 },
 "A:PIPPIN": {
  "apy": 81.3907306481148,
  "ts": 1783149158.127984
 },
 "A:PLTR": {
  "apy": 86.72399999999999,
  "ts": 1783118432.074692
 },
 "A:RAM": {
  "apy": 360.58349999999996,
  "ts": 1783472962.247833
 },
 "A:RKLB": {
  "apy": 93.6978276634146,
  "ts": 1783365722.685413
 },
 "A:SIREN": {
  "apy": 88.695,
  "ts": 1783494824.082542
 },
 "A:SKYAI": {
  "apy": 107.96699999999998,
  "ts": 1783287722.283296
 },
 "A:SLX": {
  "apy": 1038.936,
  "ts": 1783187123.883599
 },
 "A:SOXL": {
  "apy": 81.3585,
  "ts": 1783504725.873923
 },
 "A:SPCX": {
  "apy": 115.632,
  "ts": 1783442490.569543
 },
 "A:TAC": {
  "apy": 290.175,
  "ts": 1783450242.127532
 },
 "A:TAIKO": {
  "apy": 671.892,
  "ts": 1783041348.330528
 },
 "A:TRIA": {
  "apy": 129.648,
  "ts": 1783411377.23247
 },
 "A:UP": {
  "apy": 265.7964090051657,
  "ts": 1783193703.116585
 },
 "A:US": {
  "apy": 83.22,
  "ts": 1783423102.500835
 },
 "A:VELVET": {
  "apy": 106.21500000000002,
  "ts": 1783108995.787514
 },
 "A:ZBT": {
  "apy": 148.26299999999998,
  "ts": 1783018920.697952
 },
 "A:ZHIPU": {
  "apy": 83.3295,
  "ts": 1783041348.330543
 },
 "B:10000NEX": {
  "apy": 1017.9120000000001,
  "ts": 1783247156.561643
 },
 "B:AGLD": {
  "apy": 867.1305,
  "ts": 1783472962.248257
 },
 "B:AI": {
  "apy": 217.6504468790361,
  "ts": 1783504725.87416
 },
 "B:ALAB": {
  "apy": 361.89750000000004,
  "ts": 1783504725.874156
 },
 "B:ARPA": {
  "apy": 213.63450000000003,
  "ts": 1783137557.046681
 },
 "B:ARX": {
  "apy": 233.23499999999999,
  "ts": 1783178430.312677
 },
 "B:BANANA": {
  "apy": 349.743,
  "ts": 1783472962.248265
 },
 "B:BARD": {
  "apy": 406.02600000000007,
  "ts": 1783034460.224892
 },
 "B:BAS": {
  "apy": 224.694,
  "ts": 1783273618.478352
 },
 "B:BEL": {
  "apy": 1131.135,
  "ts": 1783335749.729373
 },
 "B:BIRB": {
  "apy": 222.06599999999997,
  "ts": 1783158662.508289
 },
 "B:BLEND": {
  "apy": 287.8600064258121,
  "ts": 1783084988.600754
 },
 "B:BLUR": {
  "apy": 578.817,
  "ts": 1783494824.082734
 },
 "B:BREV": {
  "apy": 993.0902708905662,
  "ts": 1783237681.384241
 },
 "B:BZ": {
  "apy": 509.17499999999995,
  "ts": 1783554413.908521
 },
 "B:CELO": {
  "apy": 214.401,
  "ts": 1782965994.269695
 },
 "B:DATA": {
  "apy": 238.929,
  "ts": 1783432291.401031
 },
 "B:EDGE": {
  "apy": 623.2740000000001,
  "ts": 1783485107.048698
 },
 "B:EPIC": {
  "apy": 632.472,
  "ts": 1783550497.584901
 },
 "B:EWY": {
  "apy": 322.4775,
  "ts": 1783383556.393739
 },
 "B:GUA": {
  "apy": 17520.0,
  "ts": 1782978945.84479
 },
 "B:GWEI": {
  "apy": 3498.744,
  "ts": 1783550497.584898
 },
 "B:HEI": {
  "apy": 315.14099999999996,
  "ts": 1783193703.11684
 },
 "B:HOT": {
  "apy": 471.61650000000003,
  "ts": 1783358803.752022
 },
 "B:ID": {
  "apy": 222.504,
  "ts": 1783521516.718972
 },
 "B:KIOXIA": {
  "apy": 300.5775,
  "ts": 1783041348.330796
 },
 "B:KORU": {
  "apy": 547.5,
  "ts": 1783383556.393734
 },
 "B:LA": {
  "apy": 779.202,
  "ts": 1783137557.046675
 },
 "B:LAB": {
  "apy": 624.588,
  "ts": 1783521516.718966
 },
 "B:ME": {
  "apy": 275.94000000000005,
  "ts": 1783084988.600759
 },
 "B:MINIMAX": {
  "apy": 547.5,
  "ts": 1783485107.048701
 },
 "B:MIRA": {
  "apy": 727.08,
  "ts": 1783472962.24826
 },
 "B:NES": {
  "apy": 312.075,
  "ts": 1783383556.393741
 },
 "B:NEX": {
  "apy": 2840.6490000000003,
  "ts": 1783158662.508273
 },
 "B:NFP": {
  "apy": 1220.2679999999998,
  "ts": 1783265762.104642
 },
 "B:NG": {
  "apy": 210.71960553085606,
  "ts": 1783521516.718974
 },
 "B:NOM": {
  "apy": 581.0070000000001,
  "ts": 1782989444.263787
 },
 "B:OGN": {
  "apy": 4380.0,
  "ts": 1783545734.400605
 },
 "B:OPG": {
  "apy": 265.209,
  "ts": 1783533943.179754
 },
 "B:OUST": {
  "apy": 481.14300000000003,
  "ts": 1783006162.420804
 },
 "B:PIPPIN": {
  "apy": 2280.885,
  "ts": 1783432291.40102
 },
 "B:PLTR": {
  "apy": 468.98850000000004,
  "ts": 1783098166.127635
 },
 "B:PROS": {
  "apy": 419.38500000000005,
  "ts": 1783372471.474545
 },
 "B:RE": {
  "apy": 236.51999999999998,
  "ts": 1783527656.236952
 },
 "B:RIF": {
  "apy": 250.536,
  "ts": 1783024626.282298
 },
 "B:ROBO": {
  "apy": 329.81399999999996,
  "ts": 1783084988.60075
 },
 "B:RPL": {
  "apy": 312.4035,
  "ts": 1783365722.685617
 },
 "B:SLX": {
  "apy": 731.46,
  "ts": 1783533943.179749
 },
 "B:SOL": {
  "apy": 10.950000000000001,
  "ts": 1782997552.058373
 },
 "B:SPELL": {
  "apy": 1647.975,
  "ts": 1783527656.236941
 },
 "B:TAIKO": {
  "apy": 17520.0,
  "ts": 1782989444.263773
 },
 "B:THE": {
  "apy": 1686.9569999999999,
  "ts": 1783098166.127624
 },
 "B:TLM": {
  "apy": 210.78750000000005,
  "ts": 1783204710.442769
 },
 "B:VANRY": {
  "apy": 332.88,
  "ts": 1783533943.179752
 },
 "B:YFI": {
  "apy": 321.6015,
  "ts": 1783358803.752028
 },
 "B:ZHIPU": {
  "apy": 1095.0,
  "ts": 1783527656.236946
 },
 "B:ZKP": {
  "apy": 1348.1639999999998,
  "ts": 1783122222.201103
 },
 "C:AAOI": {
  "apy": 547.5,
  "ts": 1783067970.996267
 },
 "C:AGLD": {
  "apy": 603.126,
  "ts": 1783472962.248732
 },
 "C:ARPA": {
  "apy": 195.89549999999997,
  "ts": 1783158662.508693
 },
 "C:BANANA": {
  "apy": 680.2140000000002,
  "ts": 1783442490.570149
 },
 "C:BAS": {
  "apy": 235.64399999999998,
  "ts": 1783273618.478837
 },
 "C:BIRB": {
  "apy": 150.453,
  "ts": 1783149158.128571
 },
 "C:BLUR": {
  "apy": 674.0819999999997,
  "ts": 1783457840.341373
 },
 "C:BREV": {
  "apy": 363.4108800308122,
  "ts": 1783018920.698645
 },
 "C:BTW": {
  "apy": 170.82000000000002,
  "ts": 1782965994.269975
 },
 "C:BZ": {
  "apy": 471.00153870833367,
  "ts": 1783554413.908732
 },
 "C:CLO": {
  "apy": 157.02300000000002,
  "ts": 1783527656.237313
 },
 "C:EPIC": {
  "apy": 209.3639999999998,
  "ts": 1783527656.237309
 },
 "C:ESPORTS": {
  "apy": 175.41899999999998,
  "ts": 1783550497.585214
 },
 "C:EVAA": {
  "apy": 187.79250000000005,
  "ts": 1783540423.100333
 },
 "C:EWY": {
  "apy": 333.4275,