{
 "A:AIO": {
  "apy": 216.153,
  "ts": 1781222947.478566
 },
 "A:BEAT": {
  "apy": 980.3534999999998,
  "ts": 1781218272.92534
 },
 "A:BSB": {
  "apy": 140.0718197887365,
  "ts": 1781216094.44279
 },
 "A:BTW": {
  "apy": 754.236,
  "ts": 1781208113.941358
 },
 "A:CLO": {
  "apy": 196.33350000000002,
  "ts": 1781222947.47857
 },
 "A:COLLECT": {
  "apy": 128.334,
  "ts": 1781198861.59452
 },
 "A:DEXE": {
  "apy": 98.769,
  "ts": 1781218272.925353
 },
 "A:ESPORTS": {
  "apy": 2005.8210000000004,
  "ts": 1781222947.478557
 },
 "A:FIGHT": {
  "apy": 127.89600000000002,
  "ts": 1781222947.478572
 },
 "A:FOLKS": {
  "apy": 286.014,
  "ts": 1781208113.941367
 },
 "A:HMSTR": {
  "apy": 228.19799999999998,
  "ts": 1781208113.941371
 },
 "A:LAB": {
  "apy": 230.82599999999996,
  "ts": 1781222947.478563
 },
 "A:LITE": {
  "apy": 135.67625906973993,
  "ts": 1781187100.973595
 },
 "A:RAVE": {
  "apy": 142.3783262945433,
  "ts": 1781216094.442788
 },
 "A:RIVER": {
  "apy": 91.54200000000002,
  "ts": 1781216094.442793
 },
 "A:SKHYNIX": {
  "apy": 680.783729124369,
  "ts": 1781208113.941364
 },
 "A:SKYAI": {
  "apy": 349.962,
  "ts": 1781198861.594513
 },
 "A:UB": {
  "apy": 85.73984991959158,
  "ts": 1781216094.442795
 },
 "A:VELVET": {
  "apy": 236.51999999999998,
  "ts": 1781208113.941369
 },
 "B:ASTR": {
  "apy": 770.6610000000001,
  "ts": 1781222947.478983
 },
 "B:CL": {
  "apy": 226.00799999999998,
  "ts": 1781198861.59493
 },
 "B:ESPORTS": {
  "apy": 1100.475,
  "ts": 1781222947.478981
 },
 "B:FIDA": {
  "apy": 362.007,
  "ts": 1781216094.443312
 },
 "B:HOME": {
  "apy": 4646.304,
  "ts": 1781208113.942004
 },
 "B:ID": {
  "apy": 1495.989,
  "ts": 1781216094.443286
 },
 "B:PLAY": {
  "apy": 333.756,
  "ts": 1781208113.942018
 },
 "B:SAHARA": {
  "apy": 676.71,
  "ts": 1781216094.443291
 },
 "B:SIREN": {
  "apy": 678.243,
  "ts": 1781216094.443289
 },
 "B:SOL": {
  "apy": 22.009500000000003,
  "ts": 1781222947.478975
 },
 "B:STG": {
  "apy": 2190.0,
  "ts": 1781198861.594917
 },
 "B:SXT": {
  "apy": 232.35900000000004,
  "ts": 1781198861.594928
 },
 "B:TRX": {
  "apy": 228.417,
  "ts": 1781208113.942023
 },
 "B:USELESS": {
  "apy": 228.417,
  "ts": 1781208113.942021
 },
 "C:AIO": {
  "apy": 205.203,
  "ts": 1781222947.47922
 },
 "C:ASTR": {
  "apy": 800.4449999999999,
  "ts": 1781198861.595254
 },
 "C:BEAT": {
  "apy": 404.05499999999995,
  "ts": 1781216094.443577
 },
 "C:BTW": {
  "apy": 754.236,
  "ts": 1781208113.942414
 },
 "C:ESPORTS": {
  "apy": 3106.2960000000003,
  "ts": 1781222947.479208
 },
 "C:HOME": {
  "apy": 1073.0999999999995,
  "ts": 1781208113.942412
 },
 "C:ID": {
  "apy": 456.6149999999999,
  "ts": 1781208113.94242
 },
 "C:LAB": {
  "apy": 183.4014570522609,
  "ts": 1781216094.443583
 },
 "C:PLAY": {
  "apy": 315.36,
  "ts": 1781216094.44358
 },
 "C:RAVE": {
  "apy": 187.18239570080192,
  "ts": 1781222947.479221
 },
 "C:SAHARA": {
  "apy": 359.37899999999985,
  "ts": 1781222947.479213
 },
 "C:SIREN": {
  "apy": 266.3040000000001,
  "ts": 1781222947.479217
 },
 "C:SKHYNIX": {
  "apy": 680.783729124369,
  "ts": 1781208113.942417
 },
 "C:SKYAI": {
  "apy": 270.027,
  "ts": 1781198861.59526
 },
 "C:STG": {
  "apy": 928.4505000000001,
  "ts": 1781198861.595251
 },
 "C:VELVET": {
  "apy": 181.77,
  "ts": 1781216094.443585
 }
}