{
 "A:AIO": {
  "apy": 123.297,
  "ts": 1781255441.469664
 },
 "A:AIOT": {
  "apy": 97.674,
  "ts": 1781443128.441933
 },
 "A:BEAT": {
  "apy": 94.60799999999999,
  "ts": 1781314454.799605
 },
 "A:BILL": {
  "apy": 83.82041076356191,
  "ts": 1781370147.421492
 },
 "A:BSB": {
  "apy": 140.0718197887365,
  "ts": 1781216094.44279
 },
 "A:BTW": {
  "apy": 140.817,
  "ts": 1781370147.421484
 },
 "A:CL": {
  "apy": 121.76399999999998,
  "ts": 1781297759.576593
 },
 "A:CLO": {
  "apy": 99.0975,
  "ts": 1781390735.172335
 },
 "A:COAI": {
  "apy": 143.0489784370371,
  "ts": 1781381222.120968
 },
 "A:COLLECT": {
  "apy": 128.334,
  "ts": 1781198861.59452
 },
 "A:DEXE": {
  "apy": 82.782,
  "ts": 1781390735.172339
 },
 "A:EPIC": {
  "apy": 344.706,
  "ts": 1781456517.995613
 },
 "A:ESPORTS": {
  "apy": 247.90799999999996,
  "ts": 1781450915.885471
 },
 "A:EVAA": {
  "apy": 154.614,
  "ts": 1781461387.989763
 },
 "A:FIGHT": {
  "apy": 127.89600000000002,
  "ts": 1781222947.478572
 },
 "A:FOLKS": {
  "apy": 333.53700000000003,
  "ts": 1781381222.120945
 },
 "A:GWEI": {
  "apy": 165.126,
  "ts": 1781437012.396344
 },
 "A:HMSTR": {
  "apy": 228.19799999999998,
  "ts": 1781208113.941371
 },
 "A:INX": {
  "apy": 332.661,
  "ts": 1781240569.507604
 },
 "A:JCT": {
  "apy": 136.656,
  "ts": 1781450915.885478
 },
 "A:JELLYJELLY": {
  "apy": 171.1545845381448,
  "ts": 1781437012.396341
 },
 "A:LAB": {
  "apy": 133.37099999999998,
  "ts": 1781437012.396347
 },
 "A:LITE": {
  "apy": 135.67625906973993,
  "ts": 1781187100.973595
 },
 "A:MYX": {
  "apy": 97.7835,
  "ts": 1781461387.989768
 },
 "A:NAORIS": {
  "apy": 131.619,
  "ts": 1781279625.269699
 },
 "A:OUST": {
  "apy": 109.5,
  "ts": 1781279625.269703
 },
 "A:PLAY": {
  "apy": 144.759,
  "ts": 1781414396.821651
 },
 "A:POET": {
  "apy": 109.5,
  "ts": 1781279625.269701
 },
 "A:POWER": {
  "apy": 150.015,
  "ts": 1781304351.212087
 },
 "A:RAVE": {
  "apy": 118.41368553283411,
  "ts": 1781414396.821653
 },
 "A:RIVER": {
  "apy": 91.54200000000002,
  "ts": 1781216094.442793
 },
 "A:SATL": {
  "apy": 109.5,
  "ts": 1781279625.269705
 },
 "A:SIREN": {
  "apy": 3123.8160000000003,
  "ts": 1781443128.441918
 },
 "A:SKHYNIX": {
  "apy": 680.783729124369,
  "ts": 1781208113.941364
 },
 "A:SKYAI": {
  "apy": 183.303,
  "ts": 1781456517.995616
 },
 "A:SPCX": {
  "apy": 174.8715,
  "ts": 1781427298.635374
 },
 "A:TRUTH": {
  "apy": 160.4333341293495,
  "ts": 1781414396.821648
 },
 "A:UB": {
  "apy": 85.73984991959158,
  "ts": 1781216094.442795
 },
 "A:UKOIL": {
  "apy": 103.149,
  "ts": 1781443128.441932
 },
 "A:VELVET": {
  "apy": 222.942,
  "ts": 1781427298.63537
 },
 "B:ASTR": {
  "apy": 770.6610000000001,
  "ts": 1781222947.478983
 },
 "B:AXL": {
  "apy": 928.5599999999998,
  "ts": 1781375008.091317
 },
 "B:BEAT": {
  "apy": 305.6027794105035,
  "ts": 1781414396.822026
 },
 "B:BREV": {
  "apy": 334.851,
  "ts": 1781450915.88582
 },
 "B:BTC": {
  "apy": 11.935500000000001,
  "ts": 1781370147.421749
 },
 "B:CL": {
  "apy": 226.00799999999998,
  "ts": 1781198861.59493
 },
 "B:ENJ": {
  "apy": 252.28799999999998,
  "ts": 1781364092.645783
 },
 "B:ESPORTS": {
  "apy": 17520.0,
  "ts": 1781386650.977708
 },
 "B:ETH": {
  "apy": 13.578000000000001,
  "ts": 1781255441.469928
 },
 "B:FIDA": {
  "apy": 238.491,
  "ts": 1781279625.270356
 },
 "B:HIGH": {
  "apy": 1031.8185,
  "ts": 1781255441.469934
 },
 "B:HOME": {
  "apy": 1963.992,
  "ts": 1781450915.885814
 },
 "B:ICX": {
  "apy": 568.9620000000001,
  "ts": 1781314454.799875
 },
 "B:ID": {
  "apy": 411.939,
  "ts": 1781356378.636423
 },
 "B:INFQ": {
  "apy": 337.1505,
  "ts": 1781240569.508023
 },
 "B:IRYS": {
  "apy": 276.816,
  "ts": 1781414396.822029
 },
 "B:MOVE": {
  "apy": 281.415,
  "ts": 1781356378.636429
 },
 "B:ORCA": {
  "apy": 2285.265,
  "ts": 1781297759.576995
 },
 "B:PLAY": {
  "apy": 333.756,
  "ts": 1781208113.942018
 },
 "B:RIF": {
  "apy": 433.62,
  "ts": 1781396417.150269
 },
 "B:SAHARA": {
  "apy": 606.192,
  "ts": 1781450915.885818
 },
 "B:SIREN": {
  "apy": 4380.0,
  "ts": 1781427298.635773
 },
 "B:SOL": {
  "apy": 18.834,
  "ts": 1781456517.99595
 },
 "B:SOPH": {
  "apy": 2547.627,
  "ts": 1781314454.799865
 },
 "B:SPCX": {
  "apy": 277.3635,
  "ts": 1781330530.176272
 },
 "B:STG": {
  "apy": 203.232,
  "ts": 1781456517.995963
 },
 "B:SXT": {
  "apy": 232.35900000000004,
  "ts": 1781198861.594928
 },
 "B:TON": {
  "apy": 296.3421011420954,
  "ts": 1781437012.396557
 },
 "B:TONCOIN": {
  "apy": 257.106,
  "ts": 1781443128.442234
 },
 "B:TRUMP": {
  "apy": 368.0389925644171,
  "ts": 1781267495.855676
 },
 "B:TRUMPOFFICIAL": {
  "apy": 382.37399999999997,
  "ts": 1781267495.855674
 },
 "B:TRX": {
  "apy": 228.417,
  "ts": 1781208113.942023
 },
 "B:USELESS": {
  "apy": 228.417,
  "ts": 1781208113.942021
 },
 "B:VELVET": {
  "apy": 391.572,
  "ts": 1781461387.990139
 },
 "B:ZKC": {
  "apy": 4380.0,
  "ts": 1781443128.442228
 },
 "B:ZKP": {
  "apy": 277.692,
  "ts": 1781450915.885825
 },
 "C:AIN": {
  "apy": 154.17600000000002,
  "ts": 1781297759.577241
 },
 "C:AIO": {
  "apy": 205.203,
  "ts": 1781222947.47922
 },
 "C:ASTR": {
  "apy": 244.73250000000002,
  "ts": 1781240569.508316
 },
 "C:BEAT": {
  "apy": 316.5527794105035,
  "ts": 1781414396.82235
 },
 "C:BTW": {
  "apy": 754.236,
  "ts": 1781208113.942414
 },
 "C:ENSO": {
  "apy": 166.92238051087745,
  "ts": 1781314454.800223
 },
 "C:ESPORTS": {
  "apy": 353.904,
  "ts": 1781456517.996254
 },
 "C:FOLKS": {
  "apy": 300.35850000000005,
  "ts": 1781381222.121503
 },
 "C:HIGH": {
  "apy": 923.5230000000001,
  "ts": 1781255441.470178
 },
 "C:HOME": {
  "apy": 564.1440000000007,
  "ts": 1781437012.39664
 },
 "C:ID": {
  "apy": 241.11899999999991,
  "ts": 1781240569.508318
 },
 "C:JCT": {
  "apy": 176.51399999999998,
  "ts": 1781414396.822354
 },
 "C:LAB": {
  "apy": 183.4014570522609,
  "ts": 1781216094.443583
 },
 "C:MYX": {
  "apy": 292.146,
  "ts": 1781427298.63598
 },
 "C:NAORIS": {
  "apy": 443.6940000000001,
  "ts": 1781255441.470183
 },
 "C:ORCA": {
  "apy": 480.26700000000005,
  "ts": 1781297759.577234
 },
 "C:PLAY": {
  "apy": 177.60900000000004,
  "ts": 1781396417.150583
 },
 "C:RAVE": {
  "apy": 187.18239570080192,
  "ts": 1781222947.479221
 },
 "C:RIF": {
  "apy": 417.85200000000003,
  "ts": 1781396417.15057
 },
 "C:SAHARA": {
  "apy": 178.923,
  "ts": 1781461387.990377
 },
 "C:SIREN": {
  "apy": 3129.51,
  "ts": 1781443128.442397
 },
 "C:SKHYNIX": {
  "apy": 680.783729124369,
  "ts": 1781208113.942417
 },
 "C:SKYAI": {
  "apy": 151.329,
  "ts": 1781456517.99626
 },
 "C:SOPH": {
  "apy": 231.6817143009249,
  "ts": 1781330530.176515
 },
 "C:SPCX": {
  "apy": 250.974,
  "ts": 1781314454.80022
 },
 "C:STG": {
  "apy": 213.744,
  "ts": 1781456517.996256
 },
 "C:TRUMP": {
  "apy": 273.86899256441706,
  "ts": 1781267495.856024
 },
 "C:VELVET": {
  "apy": 198.63299999999998,
  "ts": 1781456517.996258
 },
 "C:XMR": {
  "apy": 197.97599999999997,
  "ts": 1781240569.50832
 },
 "C:ZKC": {
  "apy": 360.03600000000006,
  "ts": 1781456517.996251
 },
 "C:ZKP": {
  "apy": 336.86460532786595,
  "ts": 1781427298.635978
 }
}