{
 "A:AAOI": {
  "apy": 105.6675,
  "ts": 1783077433.37095
 },
 "A:ALAB": {
  "apy": 547.5,
  "ts": 1783067970.995204
 },
 "A:ASTS": {
  "apy": 108.405,
  "ts": 1782734877.663699
 },
 "A:AXTI": {
  "apy": 110.63646449642191,
  "ts": 1783018920.697955
 },
 "A:BAS": {
  "apy": 101.17800000000001,
  "ts": 1782765076.068489
 },
 "A:BASED": {
  "apy": 81.906,
  "ts": 1782908219.954433
 },
 "A:BE": {
  "apy": 547.5,
  "ts": 1783067970.995199
 },
 "A:BEAT": {
  "apy": 114.75600000000001,
  "ts": 1783024626.282011
 },
 "A:BICO": {
  "apy": 160.08900000000003,
  "ts": 1782822198.858516
 },
 "A:BMNR": {
  "apy": 547.5,
  "ts": 1783067970.995213
 },
 "A:BOT": {
  "apy": 142.58442449166722,
  "ts": 1783056934.931582
 },
 "A:BSB": {
  "apy": 98.05044702398939,
  "ts": 1783028926.481472
 },
 "A:BTW": {
  "apy": 181.77,
  "ts": 1782965994.269457
 },
 "A:BZ": {
  "apy": 105.769105878039,
  "ts": 1782509984.014055
 },
 "A:CAP": {
  "apy": 95.265,
  "ts": 1782847452.832175
 },
 "A:CBRS": {
  "apy": 84.75299999999999,
  "ts": 1782927189.826023
 },
 "A:CL": {
  "apy": 95.6362503523158,
  "ts": 1782927189.82602
 },
 "A:COHR": {
  "apy": 125.925,
  "ts": 1783077433.370945
 },
 "A:EPIC": {
  "apy": 104.244,
  "ts": 1783028926.48147
 },
 "A:ESPORTS": {
  "apy": 139.065,
  "ts": 1783077433.370941
 },
 "A:EVAA": {
  "apy": 311.41800000000006,
  "ts": 1783018920.697947
 },
 "A:EWY": {
  "apy": 102.93,
  "ts": 1783077433.370952
 },
 "A:FARTCOIN": {
  "apy": 117.384,
  "ts": 1783028926.481465
 },
 "A:FF": {
  "apy": 316.45500000000004,
  "ts": 1782854351.683905
 },
 "A:FLY": {
  "apy": 547.5,
  "ts": 1782908219.954424
 },
 "A:GLW": {
  "apy": 99.864,
  "ts": 1782989444.263548
 },
 "A:GWEI": {
  "apy": 144.54,
  "ts": 1782749362.073384
 },
 "A:HMSTR": {
  "apy": 92.621128787271,
  "ts": 1782798851.344938
 },
 "A:HYUNDAI": {
  "apy": 301.78200000000004,
  "ts": 1782783352.950304
 },
 "A:KIOXIA": {
  "apy": 353.35425255626717,
  "ts": 1782489531.187314
 },
 "A:KORU": {
  "apy": 749.5275,
  "ts": 1783056934.931574
 },
 "A:M": {
  "apy": 168.84900000000002,
  "ts": 1782997552.058059
 },
 "A:MAGMA": {
  "apy": 137.751,
  "ts": 1782489531.187321
 },
 "A:MUU": {
  "apy": 115.0845,
  "ts": 1783077433.370947
 },
 "A:MYX": {
  "apy": 83.3295,
  "ts": 1782678155.645674
 },
 "A:NES": {
  "apy": 109.3612893771495,
  "ts": 1783056934.931586
 },
 "A:NOK": {
  "apy": 93.74615003087985,
  "ts": 1782774907.283741
 },
 "A:O": {
  "apy": 91.98,
  "ts": 1783041348.330542
 },
 "A:ONDS": {
  "apy": 547.5,
  "ts": 1783067970.995211
 },
 "A:PLTR": {
  "apy": 121.6545,
  "ts": 1783056934.931584
 },
 "A:RAVE": {
  "apy": 140.16000000000003,
  "ts": 1782749362.073386
 },
 "A:SIREN": {
  "apy": 401.646,
  "ts": 1782749362.073376
 },
 "A:SKYAI": {
  "apy": 157.023,
  "ts": 1782504437.086799
 },
 "A:SOXL": {
  "apy": 547.5,
  "ts": 1783067970.995208
 },
 "A:SPCX": {
  "apy": 92.9655,
  "ts": 1783012611.962683
 },
 "A:STRC": {
  "apy": 151.767,
  "ts": 1782832689.579126
 },
 "A:SYN": {
  "apy": 141.036,
  "ts": 1782822198.858519
 },
 "A:TAC": {
  "apy": 137.751,
  "ts": 1782978945.844642
 },
 "A:TAIKO": {
  "apy": 671.892,
  "ts": 1783041348.330528
 },
 "A:TRIA": {
  "apy": 91.8923316256815,
  "ts": 1782860155.072083
 },
 "A:UB": {
  "apy": 120.67402335481079,
  "ts": 1782757376.042726
 },
 "A:UKOIL": {
  "apy": 86.72399999999999,
  "ts": 1782600138.437239
 },
 "A:US": {
  "apy": 204.108,
  "ts": 1782997552.058056
 },
 "A:USOIL": {
  "apy": 84.75299999999999,
  "ts": 1782600138.437241
 },
 "A:VELVET": {
  "apy": 112.785,
  "ts": 1782940296.853237
 },
 "A:ZBT": {
  "apy": 148.26299999999998,
  "ts": 1783018920.697952
 },
 "A:ZHIPU": {
  "apy": 83.3295,
  "ts": 1783041348.330543
 },
 "B:0G": {
  "apy": 465.813,
  "ts": 1782595124.983478
 },
 "B:10000NEX": {
  "apy": 3684.455999999999,
  "ts": 1783067970.99576
 },
 "B:ACT": {
  "apy": 404.6891470063233,
  "ts": 1782716597.88569
 },
 "B:AGLD": {
  "apy": 248.89349999999996,
  "ts": 1782749362.073769
 },
 "B:AI": {
  "apy": 964.9495514098074,
  "ts": 1782854351.684176
 },
 "B:AIGENSYN": {
  "apy": 714.159,
  "ts": 1782854351.684182
 },
 "B:APLD": {
  "apy": 322.91549999999995,
  "ts": 1782813561.973114
 },
 "B:ARK": {
  "apy": 4380.0,
  "ts": 1782605645.06253
 },
 "B:ARX": {
  "apy": 432.08700000000005,
  "ts": 1783077433.371236
 },
 "B:BARD": {
  "apy": 406.02600000000007,
  "ts": 1783034460.224892
 },
 "B:BAS": {
  "apy": 202.794,
  "ts": 1783041348.330799
 },
 "B:BEL": {
  "apy": 751.2795000000001,
  "ts": 1782635316.001238
 },
 "B:BICO": {
  "apy": 443.58450000000005,
  "ts": 1782578691.918109
 },
 "B:BIRB": {
  "apy": 1973.1900000000003,
  "ts": 1783056934.931894
 },
 "B:BLEND": {
  "apy": 2485.869,
  "ts": 1783041348.330787
 },
 "B:BREV": {
  "apy": 262.36199999999997,
  "ts": 1783056934.931903
 },
 "B:BTW": {
  "apy": 617.1419999999999,
  "ts": 1782535214.613234
 },
 "B:CAP": {
  "apy": 2190.0,
  "ts": 1782480971.892487
 },
 "B:CARV": {
  "apy": 611.0099999999999,
  "ts": 1782535214.613236
 },
 "B:CELO": {
  "apy": 214.401,
  "ts": 1782965994.269695
 },
 "B:EDGE": {
  "apy": 1989.6149999999998,
  "ts": 1782978945.8448
 },
 "B:ESP": {
  "apy": 1295.8230000000003,
  "ts": 1782840496.272387
 },
 "B:ETH": {
  "apy": 14.892,
  "ts": 1782749362.073757
 },
 "B:GAS": {
  "apy": 1165.7369999999999,
  "ts": 1782783352.950756
 },
 "B:GLM": {
  "apy": 373.83299999999997,
  "ts": 1782882653.008275
 },
 "B:GRAM": {
  "apy": 1243.92,
  "ts": 1782854351.684174
 },
 "B:GUA": {
  "apy": 17520.0,
  "ts": 1782978945.84479
 },
 "B:GWEI": {
  "apy": 1804.7790000000002,
  "ts": 1783067970.995771
 },
 "B:ICNT": {
  "apy": 305.286,
  "ts": 1782480971.892493
 },
 "B:ID": {
  "apy": 286.88999999999993,
  "ts": 1782770362.908417
 },
 "B:IN": {
  "apy": 17520.0,
  "ts": 1782840496.272379
 },
 "B:IP": {
  "apy": 679.0499345303333,
  "ts": 1782896208.922708
 },
 "B:KIOXIA": {
  "apy": 300.5775,
  "ts": 1783041348.330796
 },
 "B:KORU": {
  "apy": 547.5,
  "ts": 1782865211.5424
 },
 "B:LA": {
  "apy": 735.84,
  "ts": 1783067970.99578
 },
 "B:LAB": {
  "apy": 2095.392,
  "ts": 1783077433.371227
 },
 "B:LAYER": {
  "apy": 326.967,
  "ts": 1782553892.230426
 },
 "B:M": {
  "apy": 354.561,
  "ts": 1782757376.043039
 },
 "B:MAGIC": {
  "apy": 678.462,
  "ts": 1782716597.885682
 },
 "B:MANTA": {
  "apy": 780.297,
  "ts": 1782854351.684179
 },
 "B:ME": {
  "apy": 3977.6969999999997,
  "ts": 1783028926.481878
 },
 "B:MINIMAX": {
  "apy": 383.031,
  "ts": 1783012611.963049
 },
 "B:MIRA": {
  "apy": 2310.8880000000004,
  "ts": 1783056934.931892
 },
 "B:MUU": {
  "apy": 493.9545,
  "ts": 1782813561.973108
 },
 "B:NEX": {
  "apy": 3756.069,
  "ts": 1783077433.371221
 },
 "B:NFP": {
  "apy": 1893.0360000000003,
  "ts": 1783056934.931896
 },
 "B:NOM": {
  "apy": 581.0070000000001,
  "ts": 1782989444.263787
 },
 "B:O": {
  "apy": 1592.568,
  "ts": 1782519581.255553
 },
 "B:ONG": {
  "apy": 4380.0,
  "ts": 1782865211.542385
 },
 "B:OUST": {
  "apy": 481.14300000000003,
  "ts": 1783006162.420804
 },
 "B:POPCAT": {
  "apy": 202.794,
  "ts": 1782504437.087042
 },
 "B:PORTAL": {
  "apy": 825.192,
  "ts": 1782553892.23042
 },
 "B:POWR": {
  "apy": 288.86100000000005,
  "ts": 1782847452.832515
 },
 "B:PROS": {
  "apy": 2036.4809999999998,
  "ts": 1782698034.766037
 },
 "B:PUNDIX": {
  "apy": 433.182,
  "ts": 1782578691.918112
 },
 "B:RE": {
  "apy": 250.098,
  "ts": 1782950226.578379
 },
 "B:RIF": {
  "apy": 250.536,
  "ts": 1783024626.282298
 },
 "B:RPL": {
  "apy": 1122.2655,
  "ts": 1783077433.371232
 },
 "B:S": {
  "apy": 243.966,
  "ts": 1782668039.190298
 },
 "B:SAHARA": {
  "apy": 201.3705,
  "ts": 1782519581.255568
 },
 "B:SLX": {
  "apy": 1562.520383950593,
  "ts": 1783067970.995774
 },
 "B:SNX": {
  "apy": 211.22549999999998,
  "ts": 1782560730.1105
 },
 "B:SOL": {
  "apy": 10.950000000000001,
  "ts": 1782997552.058373
 },
 "B:STG": {
  "apy": 222.28499999999997,
  "ts": 1782574664.416618
 },
 "B:SYN": {
  "apy": 883.6650000000001,
  "ts": 1782578691.918105
 },
 "B:TAIKO": {
  "apy": 17520.0,