{
 "A:AAOI": {
  "apy": 85.69878424375214,
  "ts": 1783726710.788416
 },
 "A:ALLO": {
  "apy": 84.97200000000001,
  "ts": 1783606450.05784
 },
 "A:B": {
  "apy": 105.33899999999998,
  "ts": 1783743982.235864
 },
 "A:BEAT": {
  "apy": 111.5385083408817,
  "ts": 1783732041.521584
 },
 "A:BNC": {
  "apy": 547.5,
  "ts": 1783682241.812576
 },
 "A:BSB": {
  "apy": 93.951,
  "ts": 1783699439.81008
 },
 "A:BTW": {
  "apy": 125.268,
  "ts": 1783280458.724707
 },
 "A:BZ": {
  "apy": 130.25358446522338,
  "ts": 1783723143.847323
 },
 "A:CAP": {
  "apy": 93.513,
  "ts": 1783273618.478194
 },
 "A:CBRS": {
  "apy": 97.3455,
  "ts": 1783335749.729181
 },
 "A:CL": {
  "apy": 92.51810227780351,
  "ts": 1783723143.847334
 },
 "A:CLO": {
  "apy": 130.743,
  "ts": 1783442490.569539
 },
 "A:DEXE": {
  "apy": 86.067,
  "ts": 1783636953.055112
 },
 "A:EPIC": {
  "apy": 154.395,
  "ts": 1783399042.555742
 },
 "A:ESPORTS": {
  "apy": 106.21500000000002,
  "ts": 1783723143.84733
 },
 "A:EVAA": {
  "apy": 111.69,
  "ts": 1783723143.847326
 },
 "A:GLW": {
  "apy": 83.53285348204844,
  "ts": 1783636953.055115
 },
 "A:HMSTR": {
  "apy": 109.5,
  "ts": 1783378053.383459
 },
 "A:HYUNDAI": {
  "apy": 133.69950000000003,
  "ts": 1783583829.273504
 },
 "A:KIOXIA": {
  "apy": 274.8960414420317,
  "ts": 1783485107.048502
 },
 "A:KORU": {
  "apy": 275.94000000000005,
  "ts": 1783682241.812583
 },
 "A:LAB": {
  "apy": 129.7151657332959,
  "ts": 1783753095.664288
 },
 "A:M": {
  "apy": 151.548,
  "ts": 1783527656.236721
 },
 "A:MUU": {
  "apy": 89.07803693088135,
  "ts": 1783670648.630046
 },
 "A:NES": {
  "apy": 86.58752074927169,
  "ts": 1783623564.768051
 },
 "A:NGAS": {
  "apy": 106.87200000000001,
  "ts": 1783753095.664293
 },
 "A:O": {
  "apy": 80.0029695962508,
  "ts": 1783442490.569551
 },
 "A:PIPPIN": {
  "apy": 81.3907306481148,
  "ts": 1783149158.127984
 },
 "A:POWER": {
  "apy": 151.767,
  "ts": 1783690427.318029
 },
 "A:RAM": {
  "apy": 360.58349999999996,
  "ts": 1783472962.247833
 },
 "A:RKLB": {
  "apy": 88.76527627884856,
  "ts": 1783753095.664296
 },
 "A:SIREN": {
  "apy": 88.695,
  "ts": 1783494824.082542
 },
 "A:SKYAI": {
  "apy": 107.96699999999998,
  "ts": 1783287722.283296
 },
 "A:SLX": {
  "apy": 1038.936,
  "ts": 1783187123.883599
 },
 "A:SOXL": {
  "apy": 81.687,
  "ts": 1783670648.630049
 },
 "A:SPCX": {
  "apy": 110.63590958825415,
  "ts": 1783732041.521587
 },
 "A:TAC": {
  "apy": 104.68199999999999,
  "ts": 1783642624.849004
 },
 "A:TRIA": {
  "apy": 107.42241625765499,
  "ts": 1783732041.521592
 },
 "A:UP": {
  "apy": 265.7964090051657,
  "ts": 1783193703.116585
 },
 "A:US": {
  "apy": 102.27300000000001,
  "ts": 1783743982.235868
 },
 "B:10000NEX": {
  "apy": 1017.9120000000001,
  "ts": 1783247156.561643
 },
 "B:AGLD": {
  "apy": 867.1305,
  "ts": 1783472962.248257
 },
 "B:AI": {
  "apy": 229.3839239742693,
  "ts": 1783753095.664474
 },
 "B:ALAB": {
  "apy": 361.89750000000004,
  "ts": 1783504725.874156
 },
 "B:ARX": {
  "apy": 233.23499999999999,
  "ts": 1783178430.312677
 },
 "B:BANANA": {
  "apy": 349.743,
  "ts": 1783472962.248265
 },
 "B:BAS": {
  "apy": 224.694,
  "ts": 1783273618.478352
 },
 "B:BEL": {
  "apy": 1131.135,
  "ts": 1783335749.729373
 },
 "B:BIRB": {
  "apy": 222.06599999999997,
  "ts": 1783158662.508289
 },
 "B:BLUR": {
  "apy": 578.817,
  "ts": 1783494824.082734
 },
 "B:BREV": {
  "apy": 993.0902708905662,
  "ts": 1783237681.384241
 },
 "B:BTC": {
  "apy": 14.234999999999998,
  "ts": 1783682241.812864
 },
 "B:BZ": {
  "apy": 509.17499999999995,
  "ts": 1783554413.908521
 },
 "B:DATA": {
  "apy": 221.19,
  "ts": 1783712968.755009
 },
 "B:EDGE": {
  "apy": 623.2740000000001,
  "ts": 1783485107.048698
 },
 "B:EPIC": {
  "apy": 371.42400000000004,
  "ts": 1783583829.273761
 },
 "B:ETH": {
  "apy": 18.286499999999997,
  "ts": 1783699439.810374
 },
 "B:EWY": {
  "apy": 322.4775,
  "ts": 1783383556.393739
 },
 "B:GWEI": {
  "apy": 1116.9,
  "ts": 1783743982.236066
 },
 "B:HEI": {
  "apy": 315.14099999999996,
  "ts": 1783193703.11684
 },
 "B:HOT": {
  "apy": 471.61650000000003,
  "ts": 1783358803.752022
 },
 "B:ID": {
  "apy": 222.504,
  "ts": 1783521516.718972
 },
 "B:IOTA": {
  "apy": 385.98749999999995,
  "ts": 1783743982.236071
 },
 "B:KAITO": {
  "apy": 215.277,
  "ts": 1783699439.810387
 },
 "B:KAT": {
  "apy": 1351.4490000000003,
  "ts": 1783753095.664468
 },
 "B:KORU": {
  "apy": 547.5,
  "ts": 1783642624.849313
 },
 "B:LAB": {
  "apy": 624.588,
  "ts": 1783521516.718966
 },
 "B:MINIMAX": {
  "apy": 547.5,
  "ts": 1783485107.048701
 },
 "B:MIRA": {
  "apy": 727.08,
  "ts": 1783472962.24826
 },
 "B:MUU": {
  "apy": 547.5,
  "ts": 1783642624.849307
 },
 "B:NATGAS": {
  "apy": 319.95899999999995,
  "ts": 1783712968.755004
 },
 "B:NES": {
  "apy": 312.075,
  "ts": 1783383556.393741
 },
 "B:NEX": {
  "apy": 2840.6490000000003,
  "ts": 1783158662.508273
 },
 "B:NFP": {
  "apy": 1220.2679999999998,
  "ts": 1783265762.104642
 },
 "B:NG": {
  "apy": 210.71960553085606,
  "ts": 1783521516.718974
 },
 "B:OGN": {
  "apy": 1234.503,
  "ts": 1783630538.120503
 },
 "B:OPG": {
  "apy": 346.458,
  "ts": 1783658325.81378
 },
 "B:PARTI": {
  "apy": 2010.858,
  "ts": 1783753095.664463
 },
 "B:PIPPIN": {
  "apy": 2280.885,
  "ts": 1783432291.40102
 },
 "B:POWER": {
  "apy": 226.33649999999997,
  "ts": 1783630538.120517
 },
 "B:PROS": {
  "apy": 419.38500000000005,
  "ts": 1783372471.474545
 },
 "B:RAM": {
  "apy": 547.5,
  "ts": 1783642624.84931
 },
 "B:RE": {
  "apy": 241.55700000000002,
  "ts": 1783732041.52193
 },
 "B:RPL": {
  "apy": 312.4035,
  "ts": 1783365722.685617
 },
 "B:SENT": {
  "apy": 1160.481,
  "ts": 1783616716.142077
 },
 "B:SKHY": {
  "apy": 211.55400000000003,
  "ts": 1783712968.755012
 },
 "B:SKL": {
  "apy": 2305.632,
  "ts": 1783743982.236061
 },
 "B:SLX": {
  "apy": 687.66,
  "ts": 1783682241.81287
 },
 "B:SOL": {
  "apy": 37.5585,
  "ts": 1783699439.810371
 },
 "B:SPELL": {
  "apy": 812.3804999999999,
  "ts": 1783595848.598827
 },
 "B:THE": {
  "apy": 277.911,
  "ts": 1783630538.120514
 },
 "B:TLM": {
  "apy": 210.78750000000005,
  "ts": 1783204710.442769
 },
 "B:VANRY": {
  "apy": 461.433,
  "ts": 1783753095.664471
 },
 "B:YFI": {
  "apy": 321.6015,
  "ts": 1783358803.752028
 },
 "B:ZHIPU": {
  "apy": 222.504,
  "ts": 1783616716.142087
 },
 "C:AGLD": {
  "apy": 603.126,
  "ts": 1783472962.248732
 },
 "C:ARPA": {
  "apy": 195.89549999999997,
  "ts": 1783158662.508693
 },
 "C:B": {
  "apy": 242.871,
  "ts": 1783699439.810691
 },
 "C:BANANA": {
  "apy": 680.2140000000002,
  "ts": 1783442490.570149
 },
 "C:BAS": {
  "apy": 235.64399999999998,
  "ts": 1783273618.478837
 },
 "C:BIRB": {
  "apy": 150.453,
  "ts": 1783149158.128571
 },
 "C:BLUR": {
  "apy": 674.0819999999997,
  "ts": 1783457840.341373
 },
 "C:BZ": {
  "apy": 471.00153870833367,
  "ts": 1783554413.908732
 },
 "C:CLO": {
  "apy": 157.02300000000002,
  "ts": 1783527656.237313
 },
 "C:EGLD": {
  "apy": 160.02053011696276,
  "ts": 1783595848.599165
 },
 "C:EPIC": {
  "apy": 209.3639999999998,
  "ts": 1783527656.237309
 },
 "C:ESPORTS": {
  "apy": 252.28800000000004,
  "ts": 1783606450.058301
 },
 "C:EVAA": {
  "apy": 272.21700000000004,
  "ts": 1783658325.814027
 },
 "C:EWY": {
  "apy": 333.4275,
  "ts": 1783383556.394074
 },
 "C:GRAM": {
  "apy": 155.92799999999997,
  "ts": 1783399042.556116
 },
 "C:GWEI": {
  "apy": 908.4119999999994,
  "ts": 1783521516.719267
 },
 "C:HMSTR": {
  "apy": 180.98566202073812,
  "ts": 1783485107.049138
 },
 "C:HOT": {
  "apy": 450.04499999999985,
  "ts": 1783247156.56206
 },
 "C:KAT": {
  "apy": 437.46499098160825,
  "ts": 1783699439.810689
 },
 "C:KIOXIA": {
  "apy": 260.2230414420317,
  "ts": 1783485107.049133
 },
 "C:KORU": {
  "apy": 216.59100000000007,
  "ts": 1783682241.813162
 },
 "C:LAB": {
  "apy": 184.64937490794807,
  "ts": 1783718368.168775
 },
 "C:M": {
  "apy": 229.512,
  "ts": 1783300886.664092
 },
 "C:MIRA": {
  "apy": 828.4770000000001,
  "ts": 1783300886.664081
 },
 "C:MUU": {
  "apy": 561.8491516993497,