{
 "A:BEAT": {
  "apy": 644.517,
  "ts": 1781198861.594509
 },
 "A:BTW": {
  "apy": 754.236,
  "ts": 1781208113.941358
 },
 "A:CLO": {
  "apy": 149.24850000000004,
  "ts": 1781187100.973592
 },
 "A:COLLECT": {
  "apy": 128.334,
  "ts": 1781198861.59452
 },
 "A:ESPORTS": {
  "apy": 788.181,
  "ts": 1781187100.973582
 },
 "A:FOLKS": {
  "apy": 286.014,
  "ts": 1781208113.941367
 },
 "A:HMSTR": {
  "apy": 228.19799999999998,
  "ts": 1781208113.941371
 },
 "A:LAB": {
  "apy": 145.63500000000002,
  "ts": 1781198861.594518
 },
 "A:LITE": {
  "apy": 135.67625906973993,
  "ts": 1781187100.973595
 },
 "A:SKHYNIX": {
  "apy": 680.783729124369,
  "ts": 1781208113.941364
 },
 "A:SKYAI": {
  "apy": 349.962,
  "ts": 1781198861.594513
 },
 "A:VELVET": {
  "apy": 236.51999999999998,
  "ts": 1781208113.941369
 },
 "B:ASTR": {
  "apy": 1568.9160000000002,
  "ts": 1781187100.974082
 },
 "B:CL": {
  "apy": 226.00799999999998,
  "ts": 1781198861.59493
 },
 "B:ESPORTS": {
  "apy": 549.471,
  "ts": 1781208113.942012
 },
 "B:FIDA": {
  "apy": 1358.895,
  "ts": 1781187100.974084
 },
 "B:HOME": {
  "apy": 4646.304,
  "ts": 1781208113.942004
 },
 "B:ID": {
  "apy": 4380.0,
  "ts": 1781187100.974077
 },
 "B:PLAY": {
  "apy": 333.756,
  "ts": 1781208113.942018
 },
 "B:SAHARA": {
  "apy": 383.469,
  "ts": 1781198861.594924
 },
 "B:SIREN": {
  "apy": 273.53099999999995,
  "ts": 1781198861.594926
 },
 "B:STG": {
  "apy": 2190.0,
  "ts": 1781198861.594917
 },
 "B:SXT": {
  "apy": 232.35900000000004,
  "ts": 1781198861.594928
 },
 "B:TRX": {
  "apy": 228.417,
  "ts": 1781208113.942023
 },
 "B:USELESS": {
  "apy": 228.417,
  "ts": 1781208113.942021
 },
 "C:ASTR": {
  "apy": 800.4449999999999,
  "ts": 1781198861.595254
 },
 "C:BTW": {
  "apy": 754.236,
  "ts": 1781208113.942414
 },
 "C:ESPORTS": {
  "apy": 1525.335,
  "ts": 1781208113.942409
 },
 "C:HOME": {
  "apy": 1073.0999999999995,
  "ts": 1781208113.942412
 },
 "C:ID": {
  "apy": 456.6149999999999,
  "ts": 1781208113.94242
 },
 "C:PLAY": {
  "apy": 323.24399999999997,
  "ts": 1781187100.974313
 },
 "C:SAHARA": {
  "apy": 181.57621049433754,
  "ts": 1781187100.974314
 },
 "C:SKHYNIX": {
  "apy": 680.783729124369,
  "ts": 1781208113.942417
 },
 "C:SKYAI": {
  "apy": 270.027,
  "ts": 1781198861.59526
 },
 "C:STG": {
  "apy": 928.4505000000001,
  "ts": 1781198861.595251
 }
}