{
 "A:AAOI": {
  "apy": 105.6675,
  "ts": 1783077433.37095
 },
 "A:ALAB": {
  "apy": 547.5,
  "ts": 1783067970.995204
 },
 "A:ALLO": {
  "apy": 136.875,
  "ts": 1783358803.751767
 },
 "A:AXTI": {
  "apy": 110.63646449642191,
  "ts": 1783018920.697955
 },
 "A:BASED": {
  "apy": 81.906,
  "ts": 1782908219.954433
 },
 "A:BE": {
  "apy": 547.5,
  "ts": 1783067970.995199
 },
 "A:BEAT": {
  "apy": 90.228,
  "ts": 1783197286.714302
 },
 "A:BICO": {
  "apy": 160.08900000000003,
  "ts": 1782822198.858516
 },
 "A:BLESS": {
  "apy": 95.92200000000001,
  "ts": 1783113725.781403
 },
 "A:BMNR": {
  "apy": 547.5,
  "ts": 1783067970.995213
 },
 "A:BOT": {
  "apy": 142.58442449166722,
  "ts": 1783056934.931582
 },
 "A:BSB": {
  "apy": 111.40136836084618,
  "ts": 1783411377.232474
 },
 "A:BTW": {
  "apy": 125.268,
  "ts": 1783280458.724707
 },
 "A:CAP": {
  "apy": 93.513,
  "ts": 1783273618.478194
 },
 "A:CBRS": {
  "apy": 97.3455,
  "ts": 1783335749.729181
 },
 "A:CL": {
  "apy": 95.6362503523158,
  "ts": 1782927189.82602
 },
 "A:COHR": {
  "apy": 125.925,
  "ts": 1783077433.370945
 },
 "A:DEXE": {
  "apy": 90.44700000000002,
  "ts": 1783358803.751775
 },
 "A:EPIC": {
  "apy": 154.395,
  "ts": 1783399042.555742
 },
 "A:ESPORTS": {
  "apy": 227.97899999999998,
  "ts": 1783113725.781395
 },
 "A:EVAA": {
  "apy": 343.61100000000005,
  "ts": 1783411377.232465
 },
 "A:EWY": {
  "apy": 102.93,
  "ts": 1783077433.370952
 },
 "A:FARTCOIN": {
  "apy": 117.384,
  "ts": 1783028926.481465
 },
 "A:FF": {
  "apy": 316.45500000000004,
  "ts": 1782854351.683905
 },
 "A:FLY": {
  "apy": 547.5,
  "ts": 1782908219.954424
 },
 "A:GLW": {
  "apy": 113.39118778070221,
  "ts": 1783318175.382796
 },
 "A:HMSTR": {
  "apy": 109.5,
  "ts": 1783378053.383459
 },
 "A:KORU": {
  "apy": 82.5281419939056,
  "ts": 1783372471.474352
 },
 "A:M": {
  "apy": 86.72399999999999,
  "ts": 1783383556.393526
 },
 "A:MAGMA": {
  "apy": 88.25699999999999,
  "ts": 1783098166.127436
 },
 "A:MUU": {
  "apy": 115.0845,
  "ts": 1783077433.370947
 },
 "A:NES": {
  "apy": 109.3612893771495,
  "ts": 1783056934.931586
 },
 "A:O": {
  "apy": 114.97500000000001,
  "ts": 1783399042.555746
 },
 "A:ONDS": {
  "apy": 547.5,
  "ts": 1783067970.995211
 },
 "A:PIPPIN": {
  "apy": 81.3907306481148,
  "ts": 1783149158.127984
 },
 "A:PLTR": {
  "apy": 86.72399999999999,
  "ts": 1783118432.074692
 },
 "A:RKLB": {
  "apy": 93.6978276634146,
  "ts": 1783365722.685413
 },
 "A:SIREN": {
  "apy": 212.86800000000002,
  "ts": 1783260382.894136
 },
 "A:SKYAI": {
  "apy": 107.96699999999998,
  "ts": 1783287722.283296
 },
 "A:SLX": {
  "apy": 1038.936,
  "ts": 1783187123.883599
 },
 "A:SOXL": {
  "apy": 94.06049999999999,
  "ts": 1783335749.729186
 },
 "A:SPCX": {
  "apy": 88.80449999999999,
  "ts": 1783365722.685417
 },
 "A:STRC": {
  "apy": 151.767,
  "ts": 1782832689.579126
 },
 "A:SYN": {
  "apy": 141.036,
  "ts": 1782822198.858519
 },
 "A:TAC": {
  "apy": 114.537,
  "ts": 1783165487.9371
 },
 "A:TAIKO": {
  "apy": 671.892,
  "ts": 1783041348.330528
 },
 "A:TRIA": {
  "apy": 129.648,
  "ts": 1783411377.23247
 },
 "A:UP": {
  "apy": 265.7964090051657,
  "ts": 1783193703.116585
 },
 "A:US": {
  "apy": 167.754,
  "ts": 1783372471.474346
 },
 "A:VELVET": {
  "apy": 106.21500000000002,
  "ts": 1783108995.787514
 },
 "A:ZBT": {
  "apy": 148.26299999999998,
  "ts": 1783018920.697952
 },
 "A:ZHIPU": {
  "apy": 83.3295,
  "ts": 1783041348.330543
 },
 "B:10000NEX": {
  "apy": 1017.9120000000001,
  "ts": 1783247156.561643
 },
 "B:AI": {
  "apy": 545.7072621369714,
  "ts": 1783300886.663727
 },
 "B:AIGENSYN": {
  "apy": 714.159,
  "ts": 1782854351.684182
 },
 "B:APLD": {
  "apy": 322.91549999999995,
  "ts": 1782813561.973114
 },
 "B:ARPA": {
  "apy": 213.63450000000003,
  "ts": 1783137557.046681
 },
 "B:ARX": {
  "apy": 233.23499999999999,
  "ts": 1783178430.312677
 },
 "B:BARD": {
  "apy": 406.02600000000007,
  "ts": 1783034460.224892
 },
 "B:BAS": {
  "apy": 224.694,
  "ts": 1783273618.478352
 },
 "B:BEL": {
  "apy": 1131.135,
  "ts": 1783335749.729373
 },
 "B:BIRB": {
  "apy": 222.06599999999997,
  "ts": 1783158662.508289
 },
 "B:BLEND": {
  "apy": 287.8600064258121,
  "ts": 1783084988.600754
 },
 "B:BLUR": {
  "apy": 2081.595,
  "ts": 1783399042.555893
 },
 "B:BREV": {
  "apy": 993.0902708905662,
  "ts": 1783237681.384241
 },
 "B:CELO": {
  "apy": 214.401,
  "ts": 1782965994.269695
 },
 "B:DATA": {
  "apy": 269.589,
  "ts": 1783383556.393744
 },
 "B:EDGE": {
  "apy": 2409.438,
  "ts": 1783280458.72489
 },
 "B:ESP": {
  "apy": 1295.8230000000003,
  "ts": 1782840496.272387
 },
 "B:EWY": {
  "apy": 322.4775,
  "ts": 1783383556.393739
 },
 "B:GLM": {
  "apy": 373.83299999999997,
  "ts": 1782882653.008275
 },
 "B:GRAM": {
  "apy": 1243.92,
  "ts": 1782854351.684174
 },
 "B:GUA": {
  "apy": 17520.0,
  "ts": 1782978945.84479
 },
 "B:GWEI": {
  "apy": 2718.228,
  "ts": 1783411377.232694
 },
 "B:HEI": {
  "apy": 315.14099999999996,
  "ts": 1783193703.11684
 },
 "B:HOT": {
  "apy": 471.61650000000003,
  "ts": 1783358803.752022
 },
 "B:ID": {
  "apy": 668.169,
  "ts": 1783399042.555898
 },
 "B:IN": {
  "apy": 17520.0,
  "ts": 1782840496.272379
 },
 "B:IP": {
  "apy": 679.0499345303333,
  "ts": 1782896208.922708
 },
 "B:KIOXIA": {
  "apy": 300.5775,
  "ts": 1783041348.330796
 },
 "B:KORU": {
  "apy": 547.5,
  "ts": 1783383556.393734
 },
 "B:LA": {
  "apy": 779.202,
  "ts": 1783137557.046675
 },
 "B:LAB": {
  "apy": 9498.468,
  "ts": 1783411377.23269
 },
 "B:MANTA": {
  "apy": 780.297,
  "ts": 1782854351.684179
 },
 "B:ME": {
  "apy": 275.94000000000005,
  "ts": 1783084988.600759
 },
 "B:MINIMAX": {
  "apy": 708.5745000000001,
  "ts": 1783399042.555897
 },
 "B:MIRA": {
  "apy": 231.921,
  "ts": 1783348580.69213
 },
 "B:MUU": {
  "apy": 493.9545,
  "ts": 1782813561.973108
 },
 "B:NES": {
  "apy": 312.075,
  "ts": 1783383556.393741
 },
 "B:NEX": {
  "apy": 2840.6490000000003,
  "ts": 1783158662.508273
 },
 "B:NFP": {
  "apy": 1220.2679999999998,
  "ts": 1783265762.104642
 },
 "B:NOM": {
  "apy": 581.0070000000001,
  "ts": 1782989444.263787
 },
 "B:OGN": {
  "apy": 335.289,
  "ts": 1783269693.73616
 },
 "B:ONG": {
  "apy": 4380.0,
  "ts": 1782865211.542385
 },
 "B:OPG": {
  "apy": 1550.5200000000002,
  "ts": 1783411377.232696
 },
 "B:OUST": {
  "apy": 481.14300000000003,
  "ts": 1783006162.420804
 },
 "B:PIPPIN": {
  "apy": 1100.913,
  "ts": 1783411377.2327
 },
 "B:PLTR": {
  "apy": 468.98850000000004,
  "ts": 1783098166.127635
 },
 "B:POWR": {
  "apy": 288.86100000000005,
  "ts": 1782847452.832515
 },
 "B:PROS": {
  "apy": 419.38500000000005,
  "ts": 1783372471.474545
 },
 "B:RE": {
  "apy": 529.9799999999999,
  "ts": 1783348580.692123
 },
 "B:RIF": {
  "apy": 250.536,
  "ts": 1783024626.282298
 },
 "B:ROBO": {
  "apy": 329.81399999999996,
  "ts": 1783084988.60075
 },
 "B:RPL": {
  "apy": 312.4035,
  "ts": 1783365722.685617
 },
 "B:SLX": {
  "apy": 930.312,
  "ts": 1783411377.232703
 },
 "B:SOL": {
  "apy": 10.950000000000001,
  "ts": 1782997552.058373
 },
 "B:TAIKO": {
  "apy": 17520.0,
  "ts": 1782989444.263773
 },
 "B:THE": {
  "apy": 1686.9569999999999,
  "ts": 1783098166.127624
 },
 "B:TLM": {
  "apy": 210.78750000000005,
  "ts": 1783204710.442769
 },
 "B:VANRY": {
  "apy": 621.0840000000001,
  "ts": 1783399042.5559
 },
 "B:VELVET": {
  "apy": 618.675,
  "ts": 1782813561.973106
 },
 "B:YFI": {
  "apy": 321.6015,
  "ts": 1783358803.752028
 },
 "B:ZHIPU": {
  "apy": 203.88899999999998,
  "ts": 1783018920.698346
 },
 "B:ZKP": {
  "apy": 1348.1639999999998,
  "ts": 1783122222.201103
 },
 "C:AAOI": {
  "apy": 547.5,
  "ts": 1783067970.996267
 },
 "C:AIGENSYN": {
  "apy": 340.32600000000014,
  "ts": 1782865211.542912
 },
 "C:APR": {
  "apy": 195.56699999999998,
  "ts": 1782860155.072886
 },
 "C:ARPA": {
  "apy": 195.89549999999997,
  "ts": 1783158662.508693
 },
 "C:BAS": {
  "apy": 235.64399999999998,
  "ts": 1783273618.478837
 },
 "C:BIRB": {
  "apy": 150.453,
  "ts": 1783149158.128571
 },
 "C:BLUR": {
  "apy": 711.0929999999998,
  "ts": 1783399042.55611
 },