{
 "A:AIO": {
  "apy": 123.297,
  "ts": 1781255441.469664
 },
 "A:AIOT": {
  "apy": 97.674,
  "ts": 1781443128.441933
 },
 "A:BEAT": {
  "apy": 94.60799999999999,
  "ts": 1781314454.799605
 },
 "A:BILL": {
  "apy": 83.82041076356191,
  "ts": 1781370147.421492
 },
 "A:BSB": {
  "apy": 194.691,
  "ts": 1781546524.408246
 },
 "A:BTW": {
  "apy": 140.817,
  "ts": 1781370147.421484
 },
 "A:CL": {
  "apy": 121.76399999999998,
  "ts": 1781297759.576593
 },
 "A:CLO": {
  "apy": 250.31699999999998,
  "ts": 1781503647.304357
 },
 "A:COAI": {
  "apy": 143.0489784370371,
  "ts": 1781381222.120968
 },
 "A:COLLECT": {
  "apy": 128.334,
  "ts": 1781198861.59452
 },
 "A:DEXE": {
  "apy": 82.782,
  "ts": 1781390735.172339
 },
 "A:EPIC": {
  "apy": 163.155,
  "ts": 1781546524.40825
 },
 "A:ESPORTS": {
  "apy": 330.252,
  "ts": 1781558380.801762
 },
 "A:EVAA": {
  "apy": 117.384,
  "ts": 1781558380.801771
 },
 "A:EWY": {
  "apy": 147.79533776203996,
  "ts": 1781477463.956815
 },
 "A:FIGHT": {
  "apy": 127.89600000000002,
  "ts": 1781222947.478572
 },
 "A:FOLKS": {
  "apy": 333.53700000000003,
  "ts": 1781381222.120945
 },
 "A:GWEI": {
  "apy": 165.126,
  "ts": 1781437012.396344
 },
 "A:HMSTR": {
  "apy": 228.19799999999998,
  "ts": 1781208113.941371
 },
 "A:INX": {
  "apy": 332.661,
  "ts": 1781240569.507604
 },
 "A:JCT": {
  "apy": 136.656,
  "ts": 1781450915.885478
 },
 "A:JELLYJELLY": {
  "apy": 166.259394078732,
  "ts": 1781467795.206235
 },
 "A:LAB": {
  "apy": 128.772,
  "ts": 1781558380.801768
 },
 "A:LITE": {
  "apy": 163.36206661559473,
  "ts": 1781482939.222063
 },
 "A:MYX": {
  "apy": 149.796,
  "ts": 1781473187.132604
 },
 "A:NAORIS": {
  "apy": 131.619,
  "ts": 1781279625.269699
 },
 "A:OPENAI": {
  "apy": 109.5,
  "ts": 1781482939.222075
 },
 "A:OUST": {
  "apy": 109.5,
  "ts": 1781279625.269703
 },
 "A:PLAY": {
  "apy": 129.21,
  "ts": 1781546524.408257
 },
 "A:POET": {
  "apy": 109.5,
  "ts": 1781279625.269701
 },
 "A:POWER": {
  "apy": 150.015,
  "ts": 1781304351.212087
 },
 "A:RAVE": {
  "apy": 134.1870911254926,
  "ts": 1781527329.430682
 },
 "A:RIVER": {
  "apy": 91.54200000000002,
  "ts": 1781216094.442793
 },
 "A:SATL": {
  "apy": 109.5,
  "ts": 1781279625.269705
 },
 "A:SILVER": {
  "apy": 106.87200000000001,
  "ts": 1781477463.956826
 },
 "A:SIREN": {
  "apy": 582.102,
  "ts": 1781546524.40824
 },
 "A:SKHYNIX": {
  "apy": 680.783729124369,
  "ts": 1781208113.941364
 },
 "A:SKYAI": {
  "apy": 104.463,
  "ts": 1781558380.801773
 },
 "A:SLX": {
  "apy": 114.31800000000001,
  "ts": 1781527329.430684
 },
 "A:SPCX": {
  "apy": 134.7945,
  "ts": 1781477463.956819
 },
 "A:TRUTH": {
  "apy": 160.4333341293495,
  "ts": 1781414396.821648
 },
 "A:UB": {
  "apy": 85.73984991959158,
  "ts": 1781216094.442795
 },
 "A:UKOIL": {
  "apy": 103.149,
  "ts": 1781443128.441932
 },
 "A:VELVET": {
  "apy": 222.942,
  "ts": 1781427298.63537
 },
 "A:XAU": {
  "apy": 127.458,
  "ts": 1781477463.956822
 },
 "A:XMR": {
  "apy": 138.408,
  "ts": 1781546524.408254
 },
 "B:ASTR": {
  "apy": 770.6610000000001,
  "ts": 1781222947.478983
 },
 "B:AXL": {
  "apy": 928.5599999999998,
  "ts": 1781375008.091317
 },
 "B:BEAT": {
  "apy": 305.6027794105035,
  "ts": 1781414396.822026
 },
 "B:BREV": {
  "apy": 334.851,
  "ts": 1781450915.88582
 },
 "B:BTC": {
  "apy": 11.607000000000001,
  "ts": 1781546524.408601
 },
 "B:BTW": {
  "apy": 246.813,
  "ts": 1781467795.206581
 },
 "B:BZ": {
  "apy": 233.454,
  "ts": 1781473187.132955
 },
 "B:CL": {
  "apy": 256.668,
  "ts": 1781473187.132951
 },
 "B:ENJ": {
  "apy": 252.28799999999998,
  "ts": 1781364092.645783
 },
 "B:ESPORTS": {
  "apy": 17520.0,
  "ts": 1781386650.977708
 },
 "B:ETH": {
  "apy": 11.2785,
  "ts": 1781527329.430947
 },
 "B:FIDA": {
  "apy": 2356.002,
  "ts": 1781558380.802912
 },
 "B:GIGGLE": {
  "apy": 220.53300000000002,
  "ts": 1781467795.206586
 },
 "B:HIGH": {
  "apy": 1031.8185,
  "ts": 1781255441.469934
 },
 "B:HMSTR": {
  "apy": 209.802,
  "ts": 1781503647.304773
 },
 "B:HOME": {
  "apy": 1716.9599999999998,
  "ts": 1781558380.802918
 },
 "B:ICX": {
  "apy": 568.9620000000001,
  "ts": 1781314454.799875
 },
 "B:ID": {
  "apy": 411.939,
  "ts": 1781356378.636423
 },
 "B:INFQ": {
  "apy": 337.1505,
  "ts": 1781240569.508023
 },
 "B:IRYS": {
  "apy": 276.816,
  "ts": 1781414396.822029
 },
 "B:MOVE": {
  "apy": 281.415,
  "ts": 1781356378.636429
 },
 "B:OPG": {
  "apy": 366.825,
  "ts": 1781546524.408611
 },
 "B:ORCA": {
  "apy": 2285.265,
  "ts": 1781297759.576995
 },
 "B:PLAY": {
  "apy": 333.756,
  "ts": 1781208113.942018
 },
 "B:RIF": {
  "apy": 433.62,
  "ts": 1781396417.150269
 },
 "B:SAHARA": {
  "apy": 500.3055,
  "ts": 1781558380.802924
 },
 "B:SIREN": {
  "apy": 4380.0,
  "ts": 1781427298.635773
 },
 "B:SOL": {
  "apy": 13.359000000000002,
  "ts": 1781527329.430944
 },
 "B:SOPH": {
  "apy": 2547.627,
  "ts": 1781314454.799865
 },
 "B:SPCX": {
  "apy": 277.3635,
  "ts": 1781330530.176272
 },
 "B:STG": {
  "apy": 2198.76,
  "ts": 1781558380.802915
 },
 "B:SXT": {
  "apy": 232.35900000000004,
  "ts": 1781198861.594928
 },
 "B:SYN": {
  "apy": 615.171,
  "ts": 1781558380.80292
 },
 "B:TON": {
  "apy": 223.59899999999996,
  "ts": 1781467795.206583
 },
 "B:TONCOIN": {
  "apy": 257.106,
  "ts": 1781443128.442234
 },
 "B:TRUMP": {
  "apy": 368.0389925644171,
  "ts": 1781267495.855676
 },
 "B:TRUMPOFFICIAL": {
  "apy": 382.37399999999997,
  "ts": 1781267495.855674
 },
 "B:TRX": {
  "apy": 228.417,
  "ts": 1781208113.942023
 },
 "B:UB": {
  "apy": 468.66,
  "ts": 1781467795.206578
 },
 "B:UKOIL": {
  "apy": 340.764,
  "ts": 1781473187.132949
 },
 "B:USELESS": {
  "apy": 228.417,
  "ts": 1781208113.942021
 },
 "B:USOIL": {
  "apy": 398.142,
  "ts": 1781473187.132947
 },
 "B:VELVET": {
  "apy": 391.572,
  "ts": 1781461387.990139
 },
 "B:ZKC": {
  "apy": 385.659,
  "ts": 1781546524.408608
 },
 "B:ZKP": {
  "apy": 277.692,
  "ts": 1781450915.885825
 },
 "C:AIN": {
  "apy": 154.17600000000002,
  "ts": 1781297759.577241
 },
 "C:AIO": {
  "apy": 205.203,
  "ts": 1781222947.47922
 },
 "C:ASTR": {
  "apy": 244.73250000000002,
  "ts": 1781240569.508316
 },
 "C:BEAT": {
  "apy": 168.57453342100618,
  "ts": 1781482939.222815
 },
 "C:BSB": {
  "apy": 180.45600000000002,
  "ts": 1781546524.408815
 },
 "C:BTW": {
  "apy": 257.763,
  "ts": 1781467795.206805
 },
 "C:BZ": {
  "apy": 244.404,
  "ts": 1781473187.13333
 },
 "C:CL": {
  "apy": 267.618,
  "ts": 1781473187.133328
 },
 "C:ENSO": {
  "apy": 166.92238051087745,
  "ts": 1781314454.800223
 },
 "C:ESPORTS": {
  "apy": 312.951,
  "ts": 1781558380.803207
 },
 "C:EVAA": {
  "apy": 154.17600000000002,
  "ts": 1781477463.957498
 },
 "C:FOLKS": {
  "apy": 300.35850000000005,
  "ts": 1781381222.121503
 },
 "C:HIGH": {
  "apy": 923.5230000000001,
  "ts": 1781255441.470178
 },
 "C:HOME": {
  "apy": 321.49199999999973,
  "ts": 1781558380.803204
 },
 "C:ID": {
  "apy": 241.11899999999991,
  "ts": 1781240569.508318
 },
 "C:IP": {
  "apy": 162.93600000000004,
  "ts": 1781482939.222817
 },
 "C:JCT": {
  "apy": 176.51399999999998,
  "ts": 1781414396.822354
 },
 "C:LAB": {
  "apy": 159.40000388384698,
  "ts": 1781473187.133333
 },
 "C:LITE": {
  "apy": 203.32956661559473,
  "ts": 1781482939.222811
 },
 "C:MYX": {
  "apy": 292.146,
  "ts": 1781427298.63598
 },
 "C:NAORIS": {
  "apy": 443.6940000000001,
  "ts": 1781255441.470183
 },
 "C:OPG": {
  "apy": 171.50547179827473,
  "ts": 1781558380.803209
 },
 "C:ORCA": {
  "apy": 480.26700000000005,
  "ts": 1781297759.577234
 },
 "C:PLAY": {
  "apy": 177.60900000000004,
  "ts": 1781396417.150583
 },
 "C:RAVE": {
  "apy": 187.18239570080192,
  "ts": 1781222947.479221
 },
 "C:RIF": {
  "apy": 417.85200000000003,
  "ts": 1781396417.15057
 },
 "C:SAHARA": {
  "apy": 450.04346322750587,
  "ts": 1781527329.431129
 },
 "C:SIREN": {
  "apy": 408.6539999999999,
  "ts": 1781558380.803202
 },
 "C:SKHYNIX": {
  "apy": 680.783729124369,
  "ts": 1781208113.942417
 },
 "C:SKYAI": {
  "apy": 298.93500000000006,
  "ts": 1781527329.431132
 },