{
 "A:AIO": {
  "apy": 123.297,
  "ts": 1781255441.469664
 },
 "A:BEAT": {
  "apy": 800.4135769113193,
  "ts": 1781267495.855138
 },
 "A:BSB": {
  "apy": 140.0718197887365,
  "ts": 1781216094.44279
 },
 "A:BTW": {
  "apy": 754.236,
  "ts": 1781208113.941358
 },
 "A:CL": {
  "apy": 121.76399999999998,
  "ts": 1781297759.576593
 },
 "A:CLO": {
  "apy": 196.33350000000002,
  "ts": 1781222947.47857
 },
 "A:COLLECT": {
  "apy": 128.334,
  "ts": 1781198861.59452
 },
 "A:DEXE": {
  "apy": 110.81400000000001,
  "ts": 1781267495.855157
 },
 "A:EPIC": {
  "apy": 105.77700000000002,
  "ts": 1781297759.576597
 },
 "A:ESPORTS": {
  "apy": 132.05700000000002,
  "ts": 1781279625.269695
 },
 "A:FIGHT": {
  "apy": 127.89600000000002,
  "ts": 1781222947.478572
 },
 "A:FOLKS": {
  "apy": 94.82700000000001,
  "ts": 1781288375.158691
 },
 "A:GWEI": {
  "apy": 329.81399999999996,
  "ts": 1781267495.855149
 },
 "A:HMSTR": {
  "apy": 228.19799999999998,
  "ts": 1781208113.941371
 },
 "A:INX": {
  "apy": 332.661,
  "ts": 1781240569.507604
 },
 "A:JCT": {
  "apy": 88.476,
  "ts": 1781240569.507617
 },
 "A:LAB": {
  "apy": 113.00399999999999,
  "ts": 1781288375.158689
 },
 "A:LITE": {
  "apy": 135.67625906973993,
  "ts": 1781187100.973595
 },
 "A:NAORIS": {
  "apy": 131.619,
  "ts": 1781279625.269699
 },
 "A:OUST": {
  "apy": 109.5,
  "ts": 1781279625.269703
 },
 "A:PLAY": {
  "apy": 874.248,
  "ts": 1781288375.158673
 },
 "A:POET": {
  "apy": 109.5,
  "ts": 1781279625.269701
 },
 "A:POWER": {
  "apy": 99.864,
  "ts": 1781297759.576599
 },
 "A:RAVE": {
  "apy": 142.3783262945433,
  "ts": 1781216094.442788
 },
 "A:RIVER": {
  "apy": 91.54200000000002,
  "ts": 1781216094.442793
 },
 "A:SATL": {
  "apy": 109.5,
  "ts": 1781279625.269705
 },
 "A:SKHYNIX": {
  "apy": 680.783729124369,
  "ts": 1781208113.941364
 },
 "A:SKYAI": {
  "apy": 122.63999999999999,
  "ts": 1781297759.576589
 },
 "A:UB": {
  "apy": 85.73984991959158,
  "ts": 1781216094.442795
 },
 "A:VELVET": {
  "apy": 243.52799999999996,
  "ts": 1781288375.158681
 },
 "B:ASTR": {
  "apy": 770.6610000000001,
  "ts": 1781222947.478983
 },
 "B:CL": {
  "apy": 226.00799999999998,
  "ts": 1781198861.59493
 },
 "B:ENJ": {
  "apy": 810.0809999999999,
  "ts": 1781279625.270346
 },
 "B:ESPORTS": {
  "apy": 1544.1689999999999,
  "ts": 1781288375.159069
 },
 "B:ETH": {
  "apy": 13.578000000000001,
  "ts": 1781255441.469928
 },
 "B:FIDA": {
  "apy": 238.491,
  "ts": 1781279625.270356
 },
 "B:HIGH": {
  "apy": 1031.8185,
  "ts": 1781255441.469934
 },
 "B:HOME": {
  "apy": 2269.716,
  "ts": 1781279625.270341
 },
 "B:ID": {
  "apy": 470.6309999999999,
  "ts": 1781279625.270353
 },
 "B:INFQ": {
  "apy": 337.1505,
  "ts": 1781240569.508023
 },
 "B:ORCA": {
  "apy": 2285.265,
  "ts": 1781297759.576995
 },
 "B:PLAY": {
  "apy": 333.756,
  "ts": 1781208113.942018
 },
 "B:SAHARA": {
  "apy": 414.78600000000006,
  "ts": 1781288375.159072
 },
 "B:SIREN": {
  "apy": 402.96000000000004,
  "ts": 1781267495.855671
 },
 "B:SOL": {
  "apy": 13.796999999999999,
  "ts": 1781255441.469925
 },
 "B:SOPH": {
  "apy": 254.96629760348375,
  "ts": 1781288375.159075
 },
 "B:STG": {
  "apy": 2299.5,
  "ts": 1781288375.159042
 },
 "B:SXT": {
  "apy": 232.35900000000004,
  "ts": 1781198861.594928
 },
 "B:TRUMP": {
  "apy": 368.0389925644171,
  "ts": 1781267495.855676
 },
 "B:TRUMPOFFICIAL": {
  "apy": 382.37399999999997,
  "ts": 1781267495.855674
 },
 "B:TRX": {
  "apy": 228.417,
  "ts": 1781208113.942023
 },
 "B:USELESS": {
  "apy": 228.417,
  "ts": 1781208113.942021
 },
 "C:AIN": {
  "apy": 154.17600000000002,
  "ts": 1781297759.577241
 },
 "C:AIO": {
  "apy": 205.203,
  "ts": 1781222947.47922
 },
 "C:ASTR": {
  "apy": 244.73250000000002,
  "ts": 1781240569.508316
 },
 "C:BEAT": {
  "apy": 807.6405769113193,
  "ts": 1781267495.856018
 },
 "C:BTW": {
  "apy": 754.236,
  "ts": 1781208113.942414
 },
 "C:ESPORTS": {
  "apy": 3106.2960000000003,
  "ts": 1781222947.479208
 },
 "C:HIGH": {
  "apy": 923.5230000000001,
  "ts": 1781255441.470178
 },
 "C:HOME": {
  "apy": 293.32889079687243,
  "ts": 1781288375.159329
 },
 "C:ID": {
  "apy": 241.11899999999991,
  "ts": 1781240569.508318
 },
 "C:LAB": {
  "apy": 183.4014570522609,
  "ts": 1781216094.443583
 },
 "C:NAORIS": {
  "apy": 443.6940000000001,
  "ts": 1781255441.470183
 },
 "C:ORCA": {
  "apy": 480.26700000000005,
  "ts": 1781297759.577234
 },
 "C:PLAY": {
  "apy": 176.07600000000014,
  "ts": 1781288375.159336
 },
 "C:RAVE": {
  "apy": 187.18239570080192,
  "ts": 1781222947.479221
 },
 "C:SAHARA": {
  "apy": 175.96147784960158,
  "ts": 1781279625.270662
 },
 "C:SIREN": {
  "apy": 289.29900000000004,
  "ts": 1781267495.856022
 },
 "C:SKHYNIX": {
  "apy": 680.783729124369,
  "ts": 1781208113.942417
 },
 "C:SKYAI": {
  "apy": 249.87899999999996,
  "ts": 1781267495.856028
 },
 "C:SOPH": {
  "apy": 262.06070551184854,
  "ts": 1781267495.856026
 },
 "C:STG": {
  "apy": 849.9390000000001,
  "ts": 1781288375.159327
 },
 "C:TRUMP": {
  "apy": 273.86899256441706,
  "ts": 1781267495.856024
 },
 "C:VELVET": {
  "apy": 263.01899999999995,
  "ts": 1781288375.159333
 },
 "C:XMR": {
  "apy": 197.97599999999997,
  "ts": 1781240569.50832
 }
}