{
 "A:AAOI": {
  "apy": 109.5,
  "ts": 1781780484.058214
 },
 "A:AGT": {
  "apy": 181.989,
  "ts": 1781985262.849029
 },
 "A:ALLO": {
  "apy": 87.819,
  "ts": 1782034145.174055
 },
 "A:AMC": {
  "apy": 109.5,
  "ts": 1781780484.058211
 },
 "A:ARX": {
  "apy": 203.4149895642435,
  "ts": 1782131877.090758
 },
 "A:ASTEROID": {
  "apy": 380.62199999999996,
  "ts": 1781957287.271028
 },
 "A:AXTI": {
  "apy": 233.26581743025238,
  "ts": 1781828080.208022
 },
 "A:BEAT": {
  "apy": 115.851,
  "ts": 1782148710.302367
 },
 "A:BEL": {
  "apy": 106.54350000000001,
  "ts": 1782078040.309409
 },
 "A:BICO": {
  "apy": 96.798,
  "ts": 1782087696.479797
 },
 "A:BLESS": {
  "apy": 101.17800000000001,
  "ts": 1781991545.577198
 },
 "A:BR": {
  "apy": 109.5,
  "ts": 1781736769.728267
 },
 "A:BSB": {
  "apy": 124.61099999999999,
  "ts": 1781900448.835317
 },
 "A:BTW": {
  "apy": 509.394,
  "ts": 1782131877.090748
 },
 "A:BZ": {
  "apy": 1019.2260000000001,
  "ts": 1782043275.12191
 },
 "A:CL": {
  "apy": 105.9720124300668,
  "ts": 1782148710.302371
 },
 "A:CLO": {
  "apy": 149.577,
  "ts": 1782131877.090761
 },
 "A:COAI": {
  "apy": 85.2275329280151,
  "ts": 1781893377.964013
 },
 "A:DXYZ": {
  "apy": 109.5,
  "ts": 1781598844.245665
 },
 "A:EPIC": {
  "apy": 169.06799999999998,
  "ts": 1782058818.738926
 },
 "A:ESPORTS": {
  "apy": 438.876,
  "ts": 1782159946.269597
 },
 "A:EVAA": {
  "apy": 117.822,
  "ts": 1781679131.543357
 },
 "A:FOLKS": {
  "apy": 101.94449999999999,
  "ts": 1781893377.96401
 },
 "A:GRAM": {
  "apy": 98.33100000000002,
  "ts": 1782108716.224257
 },
 "A:GWEI": {
  "apy": 388.944,
  "ts": 1781729676.144199
 },
 "A:HIGH": {
  "apy": 1122.7035,
  "ts": 1781712103.536819
 },
 "A:KOPN": {
  "apy": 109.5,
  "ts": 1781697439.116858
 },
 "A:LAB": {
  "apy": 150.015,
  "ts": 1781971535.222365
 },
 "A:MAGMA": {
  "apy": 94.60799999999999,
  "ts": 1781729676.144207
 },
 "A:MYX": {
  "apy": 203.67000000000002,
  "ts": 1781804866.608043
 },
 "A:NOK": {
  "apy": 128.30456860632643,
  "ts": 1782131877.090764
 },
 "A:O": {
  "apy": 153.42133381026272,
  "ts": 1782001234.927555
 },
 "A:PLAY": {
  "apy": 120.44999999999999,
  "ts": 1781792488.79704
 },
 "A:POWER": {
  "apy": 105.55799999999999,
  "ts": 1782159946.269606
 },
 "A:QNT": {
  "apy": 83.51005102741786,
  "ts": 1782159946.269611
 },
 "A:RKLB": {
  "apy": 86.84454375927645,
  "ts": 1781615860.482503
 },
 "A:SAGA": {
  "apy": 98.988,
  "ts": 1782087696.479795
 },
 "A:SIREN": {
  "apy": 1408.17,
  "ts": 1781764098.397351
 },
 "A:SKYAI": {
  "apy": 232.797,
  "ts": 1782043275.121915
 },
 "A:SLX": {
  "apy": 121.54500000000002,
  "ts": 1782087696.479791
 },
 "A:SMH": {
  "apy": 89.7266649046785,
  "ts": 1781792488.797051
 },
 "A:SOON": {
  "apy": 112.61560328857738,
  "ts": 1782065364.664371
 },
 "A:SOXL": {
  "apy": 199.8375,
  "ts": 1781746746.431855
 },
 "A:SPCX": {
  "apy": 171.20894466419415,
  "ts": 1782148710.302362
 },
 "A:TAG": {
  "apy": 152.643,
  "ts": 1781847503.525748
 },
 "A:TRUTH": {
  "apy": 136.396808635572,
  "ts": 1782148710.302365
 },
 "A:UB": {
  "apy": 124.14553524909151,
  "ts": 1782082196.317576
 },
 "A:UKOIL": {
  "apy": 242.433,
  "ts": 1781965763.105288
 },
 "A:UP": {
  "apy": 177.82799999999997,
  "ts": 1781804866.608049
 },
 "A:USOIL": {
  "apy": 203.67000000000002,
  "ts": 1781965763.105292
 },
 "A:VELVET": {
  "apy": 99.645,
  "ts": 1782159946.269609
 },
 "A:ZEREBRO": {
  "apy": 97.455,
  "ts": 1781815099.311033
 },
 "A:龙虾": {
  "apy": 495.597,
  "ts": 1782159946.269591
 },
 "B:2Z": {
  "apy": 354.999,
  "ts": 1782065364.664673
 },
 "B:ACE": {
  "apy": 1646.3325000000002,
  "ts": 1782034145.174297
 },
 "B:AGT": {
  "apy": 217.46699999999998,
  "ts": 1781971535.22265
 },
 "B:ALICE": {
  "apy": 402.8505,
  "ts": 1782108716.224506
 },
 "B:ANIME": {
  "apy": 263.15011848023045,
  "ts": 1781949208.758793
 },
 "B:ARX": {
  "apy": 866.145,
  "ts": 1782131877.091113
 },
 "B:AXS": {
  "apy": 743.286,
  "ts": 1782019784.919267
 },
 "B:BEAT": {
  "apy": 215.60549999999998,
  "ts": 1781712103.537257
 },
 "B:BICO": {
  "apy": 372.8475,
  "ts": 1781985262.849373
 },
 "B:BLEND": {
  "apy": 1220.4914185920265,
  "ts": 1781847503.525962
 },
 "B:BTC": {
  "apy": 16.206,
  "ts": 1781712103.537248
 },
 "B:CHIP": {
  "apy": 210.67799999999997,
  "ts": 1781971535.222652
 },
 "B:EDEN": {
  "apy": 213.63450000000003,
  "ts": 1782058818.739352
 },
 "B:ENJ": {
  "apy": 237.615,
  "ts": 1781815099.31143
 },
 "B:EPIC": {
  "apy": 234.98699999999997,
  "ts": 1782043275.12219
 },
 "B:ESPORTS": {
  "apy": 4380.0,
  "ts": 1781780484.058647
 },
 "B:ETH": {
  "apy": 15.549000000000001,
  "ts": 1782058818.739339
 },
 "B:FIDA": {
  "apy": 421.35599999999994,
  "ts": 1781634091.046785
 },
 "B:GENIUS": {
  "apy": 312.95099999999996,
  "ts": 1781804866.608469
 },
 "B:GRAM": {
  "apy": 245.499,
  "ts": 1781712103.537255
 },
 "B:GUA": {
  "apy": 320.835,
  "ts": 1782043275.122184
 },
 "B:GWEI": {
  "apy": 410.40600000000006,
  "ts": 1781679131.543614
 },
 "B:HEI": {
  "apy": 262.8,
  "ts": 1781887203.773911
 },
 "B:HIGH": {
  "apy": 217.79549999999998,
  "ts": 1781822023.735946
 },
 "B:HOME": {
  "apy": 288.204,
  "ts": 1782131877.091125
 },
 "B:ID": {
  "apy": 376.023,
  "ts": 1782159946.270026
 },
 "B:KAT": {
  "apy": 407.559,
  "ts": 1782001234.927906
 },
 "B:LAB": {
  "apy": 466.908,
  "ts": 1782087696.480197
 },
 "B:LAYER": {
  "apy": 2489.620536345393,
  "ts": 1782131877.09111
 },
 "B:MEGA": {
  "apy": 310.54200000000003,
  "ts": 1781764098.397716
 },
 "B:MOVE": {
  "apy": 216.591,
  "ts": 1781828080.208422
 },
 "B:OPG": {
  "apy": 265.5885008551449,
  "ts": 1781847503.525971
 },
 "B:ORCA": {
  "apy": 288.642,
  "ts": 1781697439.117096
 },
 "B:PORTAL": {
  "apy": 566.772,
  "ts": 1781937610.772782
 },
 "B:RARE": {
  "apy": 396.828,
  "ts": 1782043275.122182
 },
 "B:RE": {
  "apy": 1800.618,
  "ts": 1782148710.302792
 },
 "B:RESOLV": {
  "apy": 444.13199999999995,
  "ts": 1782131877.091121
 },
 "B:RIF": {
  "apy": 207.83099999999996,
  "ts": 1781746746.432318
 },
 "B:SAHARA": {
  "apy": 261.81449999999995,
  "ts": 1782131877.091127
 },
 "B:SENT": {
  "apy": 638.604,
  "ts": 1781634091.04678
 },
 "B:SOL": {
  "apy": 46.0995,
  "ts": 1781712103.537242
 },
 "B:SOXL": {
  "apy": 210.56849999999997,
  "ts": 1781847503.525975
 },
 "B:SPACE": {
  "apy": 371.42400000000004,
  "ts": 1781697439.117094
 },
 "B:SPCX": {
  "apy": 255.135,
  "ts": 1781660495.374253
 },
 "B:STG": {
  "apy": 382.812,
  "ts": 1781634091.046787
 },
 "B:STO": {
  "apy": 296.52599999999995,
  "ts": 1782072143.117047
 },
 "B:SYN": {
  "apy": 3285.0,
  "ts": 1782148710.302789
 },
 "B:TAIKO": {
  "apy": 632.2529999999998,
  "ts": 1782148710.302794
 },
 "B:TNSR": {
  "apy": 309.228,
  "ts": 1782148710.302799
 },
 "B:TRUMP": {
  "apy": 205.3686060754407,
  "ts": 1782052281.854841
 },
 "B:TRUMPOFFICIAL": {
  "apy": 213.963,
  "ts": 1782052281.854838
 },
 "B:TRUST": {
  "apy": 280.32000000000005,
  "ts": 1781937610.772789
 },
 "B:VVV": {
  "apy": 202.794,
  "ts": 1781991545.57748
 },
 "B:W": {
  "apy": 251.193,
  "ts": 1782043275.122186
 },
 "B:XAG": {
  "apy": 270.02700000000004,
  "ts": 1781729676.144547
 },
 "B:ZKC": {
  "apy": 734.307,
  "ts": 1781565841.363293
 },
 "C:ACE": {
  "apy": 746.6805000000004,
  "ts": 1782034145.174475
 },
 "C:AGT": {
  "apy": 266.74199999999996,
  "ts": 1781971535.22297
 },
 "C:ALICE": {
  "apy": 158.118,
  "ts": 1782072143.117289
 },
 "C:ARX": {
  "apy": 1069.5599895642436,
  "ts": 1782131877.091418
 },
 "C:ASTEROID": {
  "apy": 336.82199999999995,
  "ts": 1781957287.271541
 },
 "C:AXS": {
  "apy": 283.49549999999994,
  "ts": 1782019784.919401
 },
 "C:AXTI": {
  "apy": 233.26581743025238,
  "ts": 1781828080.208666
 },
 "C:BEAT": {
  "apy": 342.954,
  "ts": 1782087696.48047
 },
 "C:BEL": {
  "apy": 232.46850000000003,
  "ts": 1782001234.928168
 },
 "C:BICO": {
  "apy": 152.20499999999998,
  "ts": 1782034145.174486
 },
 "C:BLESS": {
  "apy": 317.55000000000007,
  "ts": 1781815099.311612
 },