{
 "A:AAOI": {
  "apy": 81.639182838324,
  "ts": 1782940296.85324
 },
 "A:AIN": {
  "apy": 83.22,
  "ts": 1782449838.855182
 },
 "A:ASTS": {
  "apy": 108.405,
  "ts": 1782734877.663699
 },
 "A:BAS": {
  "apy": 101.17800000000001,
  "ts": 1782765076.068489
 },
 "A:BASED": {
  "apy": 81.906,
  "ts": 1782908219.954433
 },
 "A:BEAT": {
  "apy": 115.39201108382188,
  "ts": 1782882653.008059
 },
 "A:BEL": {
  "apy": 118.15050000000001,
  "ts": 1782462940.71511
 },
 "A:BICO": {
  "apy": 160.08900000000003,
  "ts": 1782822198.858516
 },
 "A:BSB": {
  "apy": 111.03299999999999,
  "ts": 1782965994.269465
 },
 "A:BTW": {
  "apy": 181.77,
  "ts": 1782965994.269457
 },
 "A:BZ": {
  "apy": 105.769105878039,
  "ts": 1782509984.014055
 },
 "A:CAP": {
  "apy": 95.265,
  "ts": 1782847452.832175
 },
 "A:CBRS": {
  "apy": 84.75299999999999,
  "ts": 1782927189.826023
 },
 "A:CL": {
  "apy": 95.6362503523158,
  "ts": 1782927189.82602
 },
 "A:CLO": {
  "apy": 164.031,
  "ts": 1782428535.205001
 },
 "A:COHR": {
  "apy": 95.59349999999999,
  "ts": 1782813561.972851
 },
 "A:EPIC": {
  "apy": 177.82799999999997,
  "ts": 1782927189.826015
 },
 "A:ESPORTS": {
  "apy": 126.80099999999999,
  "ts": 1782798851.344933
 },
 "A:EVAA": {
  "apy": 123.735,
  "ts": 1783006162.420446
 },
 "A:FARTCOIN": {
  "apy": 151.767,
  "ts": 1782997552.058064
 },
 "A:FF": {
  "apy": 316.45500000000004,
  "ts": 1782854351.683905
 },
 "A:FLY": {
  "apy": 547.5,
  "ts": 1782908219.954424
 },
 "A:GLW": {
  "apy": 99.864,
  "ts": 1782989444.263548
 },
 "A:GWEI": {
  "apy": 144.54,
  "ts": 1782749362.073384
 },
 "A:HMSTR": {
  "apy": 92.621128787271,
  "ts": 1782798851.344938
 },
 "A:HYUNDAI": {
  "apy": 301.78200000000004,
  "ts": 1782783352.950304
 },
 "A:KIOXIA": {
  "apy": 353.35425255626717,
  "ts": 1782489531.187314
 },
 "A:KORU": {
  "apy": 283.2765,
  "ts": 1782997552.058051
 },
 "A:M": {
  "apy": 168.84900000000002,
  "ts": 1782997552.058059
 },
 "A:MAGMA": {
  "apy": 137.751,
  "ts": 1782489531.187321
 },
 "A:MINIMAX": {
  "apy": 113.66100000000002,
  "ts": 1782462940.715112
 },
 "A:MYX": {
  "apy": 83.3295,
  "ts": 1782678155.645674
 },
 "A:NES": {
  "apy": 124.39200000000001,
  "ts": 1782672515.672906
 },
 "A:NOK": {
  "apy": 93.74615003087985,
  "ts": 1782774907.283741
 },
 "A:O": {
  "apy": 126.363,
  "ts": 1782940296.853234
 },
 "A:RAVE": {
  "apy": 140.16000000000003,
  "ts": 1782749362.073386
 },
 "A:SIREN": {
  "apy": 401.646,
  "ts": 1782749362.073376
 },
 "A:SKYAI": {
  "apy": 157.023,
  "ts": 1782504437.086799
 },
 "A:SLX": {
  "apy": 82.563,
  "ts": 1782408851.536099
 },
 "A:SOON": {
  "apy": 94.2299524198542,
  "ts": 1782428535.205007
 },
 "A:SOXL": {
  "apy": 160.19850000000002,
  "ts": 1782989444.263537
 },
 "A:SPCX": {
  "apy": 92.9655,
  "ts": 1783012611.962683
 },
 "A:STRC": {
  "apy": 151.767,
  "ts": 1782832689.579126
 },
 "A:SYN": {
  "apy": 141.036,
  "ts": 1782822198.858519
 },
 "A:TAC": {
  "apy": 137.751,
  "ts": 1782978945.844642
 },
 "A:TAIKO": {
  "apy": 515.088,
  "ts": 1783006162.420438
 },
 "A:TRIA": {
  "apy": 91.8923316256815,
  "ts": 1782860155.072083
 },
 "A:UB": {
  "apy": 120.67402335481079,
  "ts": 1782757376.042726
 },
 "A:UKOIL": {
  "apy": 86.72399999999999,
  "ts": 1782600138.437239
 },
 "A:US": {
  "apy": 204.108,
  "ts": 1782997552.058056
 },
 "A:USOIL": {
  "apy": 84.75299999999999,
  "ts": 1782600138.437241
 },
 "A:VELVET": {
  "apy": 112.785,
  "ts": 1782940296.853237
 },
 "A:ZBT": {
  "apy": 151.10999999999999,
  "ts": 1782989444.263542
 },
 "A:ZHIPU": {
  "apy": 433.62,
  "ts": 1782749362.073371
 },
 "B:0G": {
  "apy": 465.813,
  "ts": 1782595124.983478
 },
 "B:ACT": {
  "apy": 404.6891470063233,
  "ts": 1782716597.88569
 },
 "B:AGLD": {
  "apy": 248.89349999999996,
  "ts": 1782749362.073769
 },
 "B:AI": {
  "apy": 964.9495514098074,
  "ts": 1782854351.684176
 },
 "B:AIGENSYN": {
  "apy": 714.159,
  "ts": 1782854351.684182
 },
 "B:APLD": {
  "apy": 322.91549999999995,
  "ts": 1782813561.973114
 },
 "B:ARK": {
  "apy": 4380.0,
  "ts": 1782605645.06253
 },
 "B:ARX": {
  "apy": 387.5867325314814,
  "ts": 1782997552.058391
 },
 "B:BEL": {
  "apy": 751.2795000000001,
  "ts": 1782635316.001238
 },
 "B:BICO": {
  "apy": 443.58450000000005,
  "ts": 1782578691.918109
 },
 "B:BIRB": {
  "apy": 1502.3400000000001,
  "ts": 1782989444.263781
 },
 "B:BREV": {
  "apy": 4166.913,
  "ts": 1782989444.263776
 },
 "B:BTW": {
  "apy": 617.1419999999999,
  "ts": 1782535214.613234
 },
 "B:CAP": {
  "apy": 2190.0,
  "ts": 1782480971.892487
 },
 "B:CARV": {
  "apy": 611.0099999999999,
  "ts": 1782535214.613236
 },
 "B:CELO": {
  "apy": 214.401,
  "ts": 1782965994.269695
 },
 "B:CHIP": {
  "apy": 212.96938698241442,
  "ts": 1782408851.536377
 },
 "B:EDGE": {
  "apy": 1989.6149999999998,
  "ts": 1782978945.8448
 },
 "B:ESP": {
  "apy": 1295.8230000000003,
  "ts": 1782840496.272387
 },
 "B:ETH": {
  "apy": 14.892,
  "ts": 1782749362.073757
 },
 "B:FLY": {
  "apy": 547.5,
  "ts": 1782462940.715538
 },
 "B:FOGO": {
  "apy": 4380.0,
  "ts": 1782422253.246427
 },
 "B:GAS": {
  "apy": 1165.7369999999999,
  "ts": 1782783352.950756
 },
 "B:GLM": {
  "apy": 373.83299999999997,
  "ts": 1782882653.008275
 },
 "B:GRAM": {
  "apy": 1243.92,
  "ts": 1782854351.684174
 },
 "B:GUA": {
  "apy": 17520.0,
  "ts": 1782978945.84479
 },
 "B:GWEI": {
  "apy": 1291.2240000000002,
  "ts": 1782989444.263784
 },
 "B:ICNT": {
  "apy": 305.286,
  "ts": 1782480971.892493
 },
 "B:ID": {
  "apy": 286.88999999999993,
  "ts": 1782770362.908417
 },
 "B:IN": {
  "apy": 17520.0,
  "ts": 1782840496.272379
 },
 "B:IP": {
  "apy": 679.0499345303333,
  "ts": 1782896208.922708
 },
 "B:KORU": {
  "apy": 547.5,
  "ts": 1782865211.5424
 },
 "B:LAB": {
  "apy": 3451.44,
  "ts": 1783012611.963036
 },
 "B:LAYER": {
  "apy": 326.967,
  "ts": 1782553892.230426
 },
 "B:M": {
  "apy": 354.561,
  "ts": 1782757376.043039
 },
 "B:MAGIC": {
  "apy": 678.462,
  "ts": 1782716597.885682
 },
 "B:MANTA": {
  "apy": 780.297,
  "ts": 1782854351.684179
 },
 "B:ME": {
  "apy": 514.6500000000001,
  "ts": 1783012611.963045
 },
 "B:MINIMAX": {
  "apy": 383.031,
  "ts": 1783012611.963049
 },
 "B:MUU": {
  "apy": 493.9545,
  "ts": 1782813561.973108
 },
 "B:NES": {
  "apy": 633.348,
  "ts": 1782415799.483688
 },
 "B:NFP": {
  "apy": 10220.292000000001,
  "ts": 1782978945.844793
 },
 "B:NOM": {
  "apy": 581.0070000000001,
  "ts": 1782989444.263787
 },
 "B:O": {
  "apy": 1592.568,
  "ts": 1782519581.255553
 },
 "B:ONG": {
  "apy": 4380.0,
  "ts": 1782865211.542385
 },
 "B:OUST": {
  "apy": 481.14300000000003,
  "ts": 1783006162.420804
 },
 "B:POPCAT": {
  "apy": 202.794,
  "ts": 1782504437.087042
 },
 "B:PORTAL": {
  "apy": 825.192,
  "ts": 1782553892.23042
 },
 "B:POWR": {
  "apy": 288.86100000000005,
  "ts": 1782847452.832515
 },
 "B:PROS": {
  "apy": 2036.4809999999998,
  "ts": 1782698034.766037
 },
 "B:PUNDIX": {
  "apy": 433.182,
  "ts": 1782578691.918112
 },
 "B:RE": {
  "apy": 250.098,
  "ts": 1782950226.578379
 },
 "B:RIF": {
  "apy": 492.09299999999996,
  "ts": 1782865211.542404
 },
 "B:S": {
  "apy": 243.966,
  "ts": 1782668039.190298
 },
 "B:SAHARA": {
  "apy": 201.3705,
  "ts": 1782519581.255568
 },
 "B:SLX": {
  "apy": 946.0799999999999,
  "ts": 1782997552.058388
 },
 "B:SNX": {
  "apy": 211.22549999999998,
  "ts": 1782560730.1105
 },
 "B:SOL": {
  "apy": 10.950000000000001,
  "ts": 1782997552.058373
 },
 "B:STG": {
  "apy": 222.28499999999997,
  "ts": 1782574664.416618
 },
 "B:SYN": {
  "apy": 883.6650000000001,
  "ts": 1782578691.918105
 },
 "B:TAIKO": {
  "apy": 17520.0,
  "ts": 1782989444.263773
 },
 "B:TLM": {
  "apy": 2263.5840000000003,
  "ts": 1782997552.058382
 },
 "B:TNSR": {
  "apy": 299.373,
  "ts": 1782546028.114085
 },
 "B:TOSHI": {
  "apy": 310.10400000000004,
  "ts": 1782668039.190296
 },
 "B:USOIL": {
  "apy": 203.01300000000003,
  "ts": 1782683100.594231
 },
 "B:VELVET": {
  "apy": 618.675,
  "ts": 1782813561.973106
 },
 "B:W": {
  "apy": 213.30599999999998,
  "ts": 1782749362.073772
 },