{
 "A:AIO": {
  "apy": 123.297,
  "ts": 1781255441.469664
 },
 "A:BEAT": {
  "apy": 94.60799999999999,
  "ts": 1781314454.799605
 },
 "A:BILL": {
  "apy": 83.82041076356191,
  "ts": 1781370147.421492
 },
 "A:BSB": {
  "apy": 140.0718197887365,
  "ts": 1781216094.44279
 },
 "A:BTW": {
  "apy": 140.817,
  "ts": 1781370147.421484
 },
 "A:CL": {
  "apy": 121.76399999999998,
  "ts": 1781297759.576593
 },
 "A:CLO": {
  "apy": 99.0975,
  "ts": 1781390735.172335
 },
 "A:COAI": {
  "apy": 143.0489784370371,
  "ts": 1781381222.120968
 },
 "A:COLLECT": {
  "apy": 128.334,
  "ts": 1781198861.59452
 },
 "A:DEXE": {
  "apy": 82.782,
  "ts": 1781390735.172339
 },
 "A:EPIC": {
  "apy": 170.82,
  "ts": 1781414396.821645
 },
 "A:ESPORTS": {
  "apy": 132.05700000000002,
  "ts": 1781279625.269695
 },
 "A:FIGHT": {
  "apy": 127.89600000000002,
  "ts": 1781222947.478572
 },
 "A:FOLKS": {
  "apy": 333.53700000000003,
  "ts": 1781381222.120945
 },
 "A:GWEI": {
  "apy": 137.53199999999998,
  "ts": 1781390735.172331
 },
 "A:HMSTR": {
  "apy": 228.19799999999998,
  "ts": 1781208113.941371
 },
 "A:INX": {
  "apy": 332.661,
  "ts": 1781240569.507604
 },
 "A:JCT": {
  "apy": 246.37499999999997,
  "ts": 1781414396.82164
 },
 "A:LAB": {
  "apy": 135.12300000000002,
  "ts": 1781381222.12097
 },
 "A:LITE": {
  "apy": 135.67625906973993,
  "ts": 1781187100.973595
 },
 "A:NAORIS": {
  "apy": 131.619,
  "ts": 1781279625.269699
 },
 "A:OUST": {
  "apy": 109.5,
  "ts": 1781279625.269703
 },
 "A:PLAY": {
  "apy": 144.759,
  "ts": 1781414396.821651
 },
 "A:POET": {
  "apy": 109.5,
  "ts": 1781279625.269701
 },
 "A:POWER": {
  "apy": 150.015,
  "ts": 1781304351.212087
 },
 "A:RAVE": {
  "apy": 118.41368553283411,
  "ts": 1781414396.821653
 },
 "A:RIVER": {
  "apy": 91.54200000000002,
  "ts": 1781216094.442793
 },
 "A:SATL": {
  "apy": 109.5,
  "ts": 1781279625.269705
 },
 "A:SIREN": {
  "apy": 403.3980000000001,
  "ts": 1781396417.149919
 },
 "A:SKHYNIX": {
  "apy": 680.783729124369,
  "ts": 1781208113.941364
 },
 "A:SKYAI": {
  "apy": 156.147,
  "ts": 1781381222.120953
 },
 "A:TRUTH": {
  "apy": 160.4333341293495,
  "ts": 1781414396.821648
 },
 "A:UB": {
  "apy": 85.73984991959158,
  "ts": 1781216094.442795
 },
 "A:VELVET": {
  "apy": 243.52799999999996,
  "ts": 1781288375.158681
 },
 "B:ASTR": {
  "apy": 770.6610000000001,
  "ts": 1781222947.478983
 },
 "B:AXL": {
  "apy": 928.5599999999998,
  "ts": 1781375008.091317
 },
 "B:BEAT": {
  "apy": 305.6027794105035,
  "ts": 1781414396.822026
 },
 "B:BTC": {
  "apy": 11.935500000000001,
  "ts": 1781370147.421749
 },
 "B:CL": {
  "apy": 226.00799999999998,
  "ts": 1781198861.59493
 },
 "B:ENJ": {
  "apy": 252.28799999999998,
  "ts": 1781364092.645783
 },
 "B:ESPORTS": {
  "apy": 17520.0,
  "ts": 1781386650.977708
 },
 "B:ETH": {
  "apy": 13.578000000000001,
  "ts": 1781255441.469928
 },
 "B:FIDA": {
  "apy": 238.491,
  "ts": 1781279625.270356
 },
 "B:HIGH": {
  "apy": 1031.8185,
  "ts": 1781255441.469934
 },
 "B:HOME": {
  "apy": 1837.848,
  "ts": 1781414396.822022
 },
 "B:ICX": {
  "apy": 568.9620000000001,
  "ts": 1781314454.799875
 },
 "B:ID": {
  "apy": 411.939,
  "ts": 1781356378.636423
 },
 "B:INFQ": {
  "apy": 337.1505,
  "ts": 1781240569.508023
 },
 "B:IRYS": {
  "apy": 276.816,
  "ts": 1781414396.822029
 },
 "B:MOVE": {
  "apy": 281.415,
  "ts": 1781356378.636429
 },
 "B:ORCA": {
  "apy": 2285.265,
  "ts": 1781297759.576995
 },
 "B:PLAY": {
  "apy": 333.756,
  "ts": 1781208113.942018
 },
 "B:RIF": {
  "apy": 433.62,
  "ts": 1781396417.150269
 },
 "B:SAHARA": {
  "apy": 1121.1705,
  "ts": 1781396417.150266
 },
 "B:SIREN": {
  "apy": 1369.626,
  "ts": 1781314454.799872
 },
 "B:SOL": {
  "apy": 20.367,
  "ts": 1781414396.822015
 },
 "B:SOPH": {
  "apy": 2547.627,
  "ts": 1781314454.799865
 },
 "B:SPCX": {
  "apy": 277.3635,
  "ts": 1781330530.176272
 },
 "B:STG": {
  "apy": 5171.028,
  "ts": 1781390735.172679
 },
 "B:SXT": {
  "apy": 232.35900000000004,
  "ts": 1781198861.594928
 },
 "B:TRUMP": {
  "apy": 368.0389925644171,
  "ts": 1781267495.855676
 },
 "B:TRUMPOFFICIAL": {
  "apy": 382.37399999999997,
  "ts": 1781267495.855674
 },
 "B:TRX": {
  "apy": 228.417,
  "ts": 1781208113.942023
 },
 "B:USELESS": {
  "apy": 228.417,
  "ts": 1781208113.942021
 },
 "B:VELVET": {
  "apy": 201.48000000000002,
  "ts": 1781396417.150273
 },
 "B:ZKP": {
  "apy": 359.598,
  "ts": 1781414396.822024
 },
 "C:AIN": {
  "apy": 154.17600000000002,
  "ts": 1781297759.577241
 },
 "C:AIO": {
  "apy": 205.203,
  "ts": 1781222947.47922
 },
 "C:ASTR": {
  "apy": 244.73250000000002,
  "ts": 1781240569.508316
 },
 "C:BEAT": {
  "apy": 316.5527794105035,
  "ts": 1781414396.82235
 },
 "C:BTW": {
  "apy": 754.236,
  "ts": 1781208113.942414
 },
 "C:ENSO": {
  "apy": 166.92238051087745,
  "ts": 1781314454.800223
 },
 "C:ESPORTS": {
  "apy": 2289.8640000000014,
  "ts": 1781386650.978023
 },
 "C:FOLKS": {
  "apy": 300.35850000000005,
  "ts": 1781381222.121503
 },
 "C:HIGH": {
  "apy": 923.5230000000001,
  "ts": 1781255441.470178
 },
 "C:HOME": {
  "apy": 374.05200000000013,
  "ts": 1781396417.150573
 },
 "C:ID": {
  "apy": 241.11899999999991,
  "ts": 1781240569.508318
 },
 "C:JCT": {
  "apy": 176.51399999999998,
  "ts": 1781414396.822354
 },
 "C:LAB": {
  "apy": 183.4014570522609,
  "ts": 1781216094.443583
 },
 "C:NAORIS": {
  "apy": 443.6940000000001,
  "ts": 1781255441.470183
 },
 "C:ORCA": {
  "apy": 480.26700000000005,
  "ts": 1781297759.577234
 },
 "C:PLAY": {
  "apy": 177.60900000000004,
  "ts": 1781396417.150583
 },
 "C:RAVE": {
  "apy": 187.18239570080192,
  "ts": 1781222947.479221
 },
 "C:RIF": {
  "apy": 417.85200000000003,
  "ts": 1781396417.15057
 },
 "C:SAHARA": {
  "apy": 323.35349999999994,
  "ts": 1781390735.17292
 },
 "C:SIREN": {
  "apy": 240.462,
  "ts": 1781381222.121507
 },
 "C:SKHYNIX": {
  "apy": 680.783729124369,
  "ts": 1781208113.942417
 },
 "C:SKYAI": {
  "apy": 249.87899999999996,
  "ts": 1781267495.856028
 },
 "C:SOPH": {
  "apy": 231.6817143009249,
  "ts": 1781330530.176515
 },
 "C:SPCX": {
  "apy": 250.974,
  "ts": 1781314454.80022
 },
 "C:STG": {
  "apy": 1078.3559999999998,
  "ts": 1781386650.978027
 },
 "C:TRUMP": {
  "apy": 273.86899256441706,
  "ts": 1781267495.856024
 },
 "C:VELVET": {
  "apy": 212.43,
  "ts": 1781396417.150579
 },
 "C:XMR": {
  "apy": 197.97599999999997,
  "ts": 1781240569.50832
 }
}