{
 "A:1000RATS": {
  "apy": 131.619,
  "ts": 1782380526.837246
 },
 "A:AAOI": {
  "apy": 126.1827663633363,
  "ts": 1782299782.067549
 },
 "A:AGT": {
  "apy": 181.989,
  "ts": 1781985262.849029
 },
 "A:ALLO": {
  "apy": 87.819,
  "ts": 1782034145.174055
 },
 "A:ARX": {
  "apy": 203.4149895642435,
  "ts": 1782131877.090758
 },
 "A:ASTEROID": {
  "apy": 380.62199999999996,
  "ts": 1781957287.271028
 },
 "A:ASTS": {
  "apy": 429.0209999999999,
  "ts": 1782259763.724874
 },
 "A:AXTI": {
  "apy": 436.46700000000004,
  "ts": 1782259763.724872
 },
 "A:BAS": {
  "apy": 137.094,
  "ts": 1782422253.246106
 },
 "A:BEAT": {
  "apy": 164.688,
  "ts": 1782390792.18368
 },
 "A:BEL": {
  "apy": 204.87449999999998,
  "ts": 1782380526.837239
 },
 "A:BICO": {
  "apy": 96.798,
  "ts": 1782087696.479797
 },
 "A:BLESS": {
  "apy": 145.197,
  "ts": 1782202756.450266
 },
 "A:BSB": {
  "apy": 162.4235597578296,
  "ts": 1782167129.548593
 },
 "A:BTW": {
  "apy": 262.143,
  "ts": 1782408851.536091
 },
 "A:BZ": {
  "apy": 1019.2260000000001,
  "ts": 1782043275.12191
 },
 "A:CL": {
  "apy": 105.9720124300668,
  "ts": 1782148710.302371
 },
 "A:CLO": {
  "apy": 164.031,
  "ts": 1782428535.205001
 },
 "A:COAI": {
  "apy": 85.2275329280151,
  "ts": 1781893377.964013
 },
 "A:COHR": {
  "apy": 142.24050000000003,
  "ts": 1782288164.51893
 },
 "A:DEXE": {
  "apy": 109.281,
  "ts": 1782228210.047374
 },
 "A:EPIC": {
  "apy": 169.06799999999998,
  "ts": 1782058818.738926
 },
 "A:ESPORTS": {
  "apy": 300.687,
  "ts": 1782422253.246098
 },
 "A:EVAA": {
  "apy": 89.8995,
  "ts": 1782433352.891452
 },
 "A:FLY": {
  "apy": 384.7830000000001,
  "ts": 1782288164.51891
 },
 "A:FOLKS": {
  "apy": 252.726,
  "ts": 1782288164.518919
 },
 "A:GLW": {
  "apy": 88.6720117813569,
  "ts": 1782415799.483438
 },
 "A:GRAM": {
  "apy": 98.33100000000002,
  "ts": 1782108716.224257
 },
 "A:GWEI": {
  "apy": 96.141,
  "ts": 1782215000.882657
 },
 "A:INFQ": {
  "apy": 307.7054101516191,
  "ts": 1782202756.45026
 },
 "A:KIOXIA": {
  "apy": 440.19000000000005,
  "ts": 1782351405.919634
 },
 "A:KORU": {
  "apy": 502.386,
  "ts": 1782338442.917644
 },
 "A:LAB": {
  "apy": 150.015,
  "ts": 1781971535.222365
 },
 "A:MSTRX": {
  "apy": 294.774,
  "ts": 1782259763.724878
 },
 "A:NOK": {
  "apy": 128.30456860632643,
  "ts": 1782131877.090764
 },
 "A:O": {
  "apy": 158.55600000000004,
  "ts": 1782343271.040947
 },
 "A:OSS": {
  "apy": 458.4765,
  "ts": 1782228210.047364
 },
 "A:PIPPIN": {
  "apy": 126.14399999999999,
  "ts": 1782332576.742502
 },
 "A:PL": {
  "apy": 234.768,
  "ts": 1782228210.04737
 },
 "A:POWER": {
  "apy": 105.55799999999999,
  "ts": 1782159946.269606
 },
 "A:QNT": {
  "apy": 83.51005102741786,
  "ts": 1782159946.269611
 },
 "A:RAVE": {
  "apy": 127.35049726618111,
  "ts": 1782275742.129657
 },
 "A:SAGA": {
  "apy": 98.988,
  "ts": 1782087696.479795
 },
 "A:SILVER": {
  "apy": 100.74000000000001,
  "ts": 1782338442.917657
 },
 "A:SIREN": {
  "apy": 360.912,
  "ts": 1782415799.483428
 },
 "A:SKYAI": {
  "apy": 155.49,
  "ts": 1782422253.246103
 },
 "A:SLX": {
  "apy": 82.563,
  "ts": 1782408851.536099
 },
 "A:SOON": {
  "apy": 94.2299524198542,
  "ts": 1782428535.205007
 },
 "A:SOXL": {
  "apy": 95.9107833478776,
  "ts": 1782390792.183684
 },
 "A:SPCX": {
  "apy": 171.20894466419415,
  "ts": 1782148710.302362
 },
 "A:TAG": {
  "apy": 152.643,
  "ts": 1781847503.525748
 },
 "A:TRUTH": {
  "apy": 118.698,
  "ts": 1782188351.377111
 },
 "A:TSEM": {
  "apy": 173.9955,
  "ts": 1782299782.067546
 },
 "A:UB": {
  "apy": 124.14553524909151,
  "ts": 1782082196.317576
 },
 "A:UKOIL": {
  "apy": 242.433,
  "ts": 1781965763.105288
 },
 "A:UP": {
  "apy": 110.98501086901197,
  "ts": 1782172446.596693
 },
 "A:USOIL": {
  "apy": 203.67000000000002,
  "ts": 1781965763.105292
 },
 "A:VELVET": {
  "apy": 99.645,
  "ts": 1782159946.269609
 },
 "A:WEN": {
  "apy": 1095.0,
  "ts": 1782401567.103938
 },
 "A:XAG": {
  "apy": 84.51588320778659,
  "ts": 1782343271.040953
 },
 "A:ZHIPU": {
  "apy": 128.00549999999998,
  "ts": 1782366659.193143
 },
 "A:龙虾": {
  "apy": 140.16000000000003,
  "ts": 1782202756.450269
 },
 "B:0G": {
  "apy": 245.2172053346577,
  "ts": 1782401567.10424
 },
 "B:2Z": {
  "apy": 354.999,
  "ts": 1782065364.664673
 },
 "B:ACE": {
  "apy": 1646.3325000000002,
  "ts": 1782034145.174297
 },
 "B:AGLD": {
  "apy": 398.0325,
  "ts": 1782401567.104236
 },
 "B:AGT": {
  "apy": 217.46699999999998,
  "ts": 1781971535.22265
 },
 "B:ALICE": {
  "apy": 1183.8045,
  "ts": 1782299782.067847
 },
 "B:AMC": {
  "apy": 547.5,
  "ts": 1782215000.882991
 },
 "B:ANIME": {
  "apy": 263.15011848023045,
  "ts": 1781949208.758793
 },
 "B:APLD": {
  "apy": 249.22199999999998,
  "ts": 1782390792.184111
 },
 "B:ARX": {
  "apy": 228.63600000000002,
  "ts": 1782275742.129911
 },
 "B:ASML": {
  "apy": 1095.0,
  "ts": 1782202756.4506
 },
 "B:AXS": {
  "apy": 743.286,
  "ts": 1782019784.919267
 },
 "B:BEAT": {
  "apy": 202.575,
  "ts": 1782332576.742785
 },
 "B:BICO": {
  "apy": 256.1205,
  "ts": 1782433352.89179
 },
 "B:BLEND": {
  "apy": 1998.6259023220885,
  "ts": 1782380526.837525
 },
 "B:CARV": {
  "apy": 420.918,
  "ts": 1782433352.891787
 },
 "B:CHIP": {
  "apy": 212.96938698241442,
  "ts": 1782408851.536377
 },
 "B:EDEN": {
  "apy": 213.63450000000003,
  "ts": 1782058818.739352
 },
 "B:EDGE": {
  "apy": 227.75999999999996,
  "ts": 1782415799.483695
 },
 "B:EPIC": {
  "apy": 234.98699999999997,
  "ts": 1782043275.12219
 },
 "B:ETH": {
  "apy": 18.286499999999997,
  "ts": 1782325352.912187
 },
 "B:FIDA": {
  "apy": 1427.6609999999998,
  "ts": 1782215000.882983
 },
 "B:FOGO": {
  "apy": 4380.0,
  "ts": 1782422253.246427
 },
 "B:G": {
  "apy": 230.82599999999996,
  "ts": 1782228210.047676
 },
 "B:GUA": {
  "apy": 215.277,
  "ts": 1782235768.325882
 },
 "B:HEI": {
  "apy": 867.8969999999999,
  "ts": 1782243099.579844
 },
 "B:HOME": {
  "apy": 306.59999999999997,
  "ts": 1782249557.481157
 },
 "B:ID": {
  "apy": 842.7119999999999,
  "ts": 1782433352.89178
 },
 "B:KAT": {
  "apy": 407.559,
  "ts": 1782001234.927906
 },
 "B:KORU": {
  "apy": 449.27850000000007,
  "ts": 1782433352.891784
 },
 "B:LAB": {
  "apy": 1903.548,
  "ts": 1782428535.205335
 },
 "B:LAYER": {
  "apy": 244.623,
  "ts": 1782309175.7256
 },
 "B:LRC": {
  "apy": 1168.6953278297353,
  "ts": 1782235768.32587
 },
 "B:M": {
  "apy": 1074.195,
  "ts": 1782380526.837529
 },
 "B:ME": {
  "apy": 889.6875,
  "ts": 1782351405.9198
 },
 "B:MOODENG": {
  "apy": 212.86800000000002,
  "ts": 1782188351.377407
 },
 "B:MUU": {
  "apy": 298.1685,
  "ts": 1782428535.205342
 },
 "B:NES": {
  "apy": 633.348,
  "ts": 1782415799.483688
 },
 "B:O": {
  "apy": 230.82599999999996,
  "ts": 1782433352.891795
 },
 "B:OPG": {
  "apy": 265.5885008551449,
  "ts": 1781847503.525971
 },
 "B:PORTAL": {
  "apy": 566.772,
  "ts": 1781937610.772782
 },
 "B:PROS": {
  "apy": 297.621,
  "ts": 1782422253.246439
 },
 "B:QNT": {
  "apy": 291.9956680003688,
  "ts": 1782299782.067857
 },
 "B:RARE": {
  "apy": 396.828,
  "ts": 1782043275.122182
 },
 "B:RE": {
  "apy": 483.11400000000003,
  "ts": 1782422253.246433
 },
 "B:RESOLV": {
  "apy": 444.13199999999995,
  "ts": 1782131877.091121
 },
 "B:SAHARA": {
  "apy": 213.2636258816469,
  "ts": 1782318735.597656
 },
 "B:SOL": {
  "apy": 11.607000000000001,
  "ts": 1782325352.912192
 },
 "B:SOXL": {
  "apy": 210.56849999999997,
  "ts": 1781847503.525975
 },
 "B:STG": {
  "apy": 857.1659999999999,
  "ts": 1782401567.104228
 },
 "B:STO": {
  "apy": 296.52599999999995,
  "ts": 1782072143.117047
 },
 "B:SYN": {
  "apy": 334.194,
  "ts": 1782299782.067854
 },
 "B:TAIKO": {
  "apy": 632.2529999999998,
  "ts": 1782148710.302794
 },
 "B:TNSR": {
  "apy": 1536.504,
  "ts": 1782401567.104222
 },
 "B:TRUMP": {
  "apy": 205.3686060754407,
  "ts": 1782052281.854841
 },
 "B:TRUMPOFFICIAL": {
  "apy": 213.963,
  "ts": 1782052281.854838
 },
 "B:TRUST": {
  "apy": 280.32000000000005,
  "ts": 1781937610.772789
 },
 "B:VVV": {
  "apy": 236.51999999999998,
  "ts": 1782366659.193401
 },