{
 "A:AIO": {
  "apy": 123.297,
  "ts": 1781255441.469664
 },
 "A:BEAT": {
  "apy": 94.60799999999999,
  "ts": 1781314454.799605
 },
 "A:BSB": {
  "apy": 140.0718197887365,
  "ts": 1781216094.44279
 },
 "A:BTW": {
  "apy": 754.236,
  "ts": 1781208113.941358
 },
 "A:CL": {
  "apy": 121.76399999999998,
  "ts": 1781297759.576593
 },
 "A:CLO": {
  "apy": 196.33350000000002,
  "ts": 1781222947.47857
 },
 "A:COLLECT": {
  "apy": 128.334,
  "ts": 1781198861.59452
 },
 "A:DEXE": {
  "apy": 109.719,
  "ts": 1781350297.53405
 },
 "A:EPIC": {
  "apy": 100.959,
  "ts": 1781350297.534054
 },
 "A:ESPORTS": {
  "apy": 132.05700000000002,
  "ts": 1781279625.269695
 },
 "A:FIGHT": {
  "apy": 127.89600000000002,
  "ts": 1781222947.478572
 },
 "A:FOLKS": {
  "apy": 122.63999999999999,
  "ts": 1781343186.043068
 },
 "A:GWEI": {
  "apy": 117.384,
  "ts": 1781304351.212092
 },
 "A:HMSTR": {
  "apy": 228.19799999999998,
  "ts": 1781208113.941371
 },
 "A:INX": {
  "apy": 332.661,
  "ts": 1781240569.507604
 },
 "A:JCT": {
  "apy": 250.098,
  "ts": 1781343186.043061
 },
 "A:LAB": {
  "apy": 85.629,
  "ts": 1781330530.176002
 },
 "A:LITE": {
  "apy": 135.67625906973993,
  "ts": 1781187100.973595
 },
 "A:NAORIS": {
  "apy": 131.619,
  "ts": 1781279625.269699
 },
 "A:OUST": {
  "apy": 109.5,
  "ts": 1781279625.269703
 },
 "A:PLAY": {
  "apy": 497.56800000000004,
  "ts": 1781350297.534043
 },
 "A:POET": {
  "apy": 109.5,
  "ts": 1781279625.269701
 },
 "A:POWER": {
  "apy": 150.015,
  "ts": 1781304351.212087
 },
 "A:RAVE": {
  "apy": 142.3783262945433,
  "ts": 1781216094.442788
 },
 "A:RIVER": {
  "apy": 91.54200000000002,
  "ts": 1781216094.442793
 },
 "A:SATL": {
  "apy": 109.5,
  "ts": 1781279625.269705
 },
 "A:SIREN": {
  "apy": 420.26099999999997,
  "ts": 1781330530.17599
 },
 "A:SKHYNIX": {
  "apy": 680.783729124369,
  "ts": 1781208113.941364
 },
 "A:SKYAI": {
  "apy": 204.54600000000002,
  "ts": 1781330530.175995
 },
 "A:UB": {
  "apy": 85.73984991959158,
  "ts": 1781216094.442795
 },
 "A:VELVET": {
  "apy": 243.52799999999996,
  "ts": 1781288375.158681
 },
 "B:ASTR": {
  "apy": 770.6610000000001,
  "ts": 1781222947.478983
 },
 "B:AXL": {
  "apy": 872.9340000000001,
  "ts": 1781343186.043353
 },
 "B:BEAT": {
  "apy": 266.5108355070081,
  "ts": 1781304351.21236
 },
 "B:CL": {
  "apy": 226.00799999999998,
  "ts": 1781198861.59493
 },
 "B:ENJ": {
  "apy": 692.0400000000001,
  "ts": 1781330530.176266
 },
 "B:ESPORTS": {
  "apy": 3697.8150000000005,
  "ts": 1781350297.534362
 },
 "B:ETH": {
  "apy": 13.578000000000001,
  "ts": 1781255441.469928
 },
 "B:FIDA": {
  "apy": 238.491,
  "ts": 1781279625.270356
 },
 "B:HIGH": {
  "apy": 1031.8185,
  "ts": 1781255441.469934
 },
 "B:HOME": {
  "apy": 5208.696,
  "ts": 1781350297.534358
 },
 "B:ICX": {
  "apy": 568.9620000000001,
  "ts": 1781314454.799875
 },
 "B:ID": {
  "apy": 205.422,
  "ts": 1781350297.534368
 },
 "B:INFQ": {
  "apy": 337.1505,
  "ts": 1781240569.508023
 },
 "B:ORCA": {
  "apy": 2285.265,
  "ts": 1781297759.576995
 },
 "B:PLAY": {
  "apy": 333.756,
  "ts": 1781208113.942018
 },
 "B:RIF": {
  "apy": 373.176,
  "ts": 1781343186.043357
 },
 "B:SAHARA": {
  "apy": 284.7,
  "ts": 1781330530.17627
 },
 "B:SIREN": {
  "apy": 1369.626,
  "ts": 1781314454.799872
 },
 "B:SOL": {
  "apy": 11.169,
  "ts": 1781343186.043343
 },
 "B:SOPH": {
  "apy": 2547.627,
  "ts": 1781314454.799865
 },
 "B:SPCX": {
  "apy": 277.3635,
  "ts": 1781330530.176272
 },
 "B:STG": {
  "apy": 18396.0,
  "ts": 1781343186.043347
 },
 "B:SXT": {
  "apy": 232.35900000000004,
  "ts": 1781198861.594928
 },
 "B:TRUMP": {
  "apy": 368.0389925644171,
  "ts": 1781267495.855676
 },
 "B:TRUMPOFFICIAL": {
  "apy": 382.37399999999997,
  "ts": 1781267495.855674
 },
 "B:TRX": {
  "apy": 228.417,
  "ts": 1781208113.942023
 },
 "B:USELESS": {
  "apy": 228.417,
  "ts": 1781208113.942021
 },
 "C:AIN": {
  "apy": 154.17600000000002,
  "ts": 1781297759.577241
 },
 "C:AIO": {
  "apy": 205.203,
  "ts": 1781222947.47922
 },
 "C:ASTR": {
  "apy": 244.73250000000002,
  "ts": 1781240569.508316
 },
 "C:BEAT": {
  "apy": 151.3773278862981,
  "ts": 1781343186.043692
 },
 "C:BTW": {
  "apy": 754.236,
  "ts": 1781208113.942414
 },
 "C:ENSO": {
  "apy": 166.92238051087745,
  "ts": 1781314454.800223
 },
 "C:ESPORTS": {
  "apy": 1563.2220000000002,
  "ts": 1781350297.534665
 },
 "C:HIGH": {
  "apy": 923.5230000000001,
  "ts": 1781255441.470178
 },
 "C:HOME": {
  "apy": 3018.696,
  "ts": 1781350297.534662
 },
 "C:ID": {
  "apy": 241.11899999999991,
  "ts": 1781240569.508318
 },
 "C:JCT": {
  "apy": 221.847,
  "ts": 1781330530.176518
 },
 "C:LAB": {
  "apy": 183.4014570522609,
  "ts": 1781216094.443583
 },
 "C:NAORIS": {
  "apy": 443.6940000000001,
  "ts": 1781255441.470183
 },
 "C:ORCA": {
  "apy": 480.26700000000005,
  "ts": 1781297759.577234
 },
 "C:PLAY": {
  "apy": 168.192,
  "ts": 1781330530.17652
 },
 "C:RAVE": {
  "apy": 187.18239570080192,
  "ts": 1781222947.479221
 },
 "C:RIF": {
  "apy": 180.237,
  "ts": 1781343186.04369
 },
 "C:SAHARA": {
  "apy": 315.57899999999995,
  "ts": 1781314454.800216
 },
 "C:SIREN": {
  "apy": 222.94199999999995,
  "ts": 1781350297.534671
 },
 "C:SKHYNIX": {
  "apy": 680.783729124369,
  "ts": 1781208113.942417
 },
 "C:SKYAI": {
  "apy": 249.87899999999996,
  "ts": 1781267495.856028
 },
 "C:SOPH": {
  "apy": 231.6817143009249,
  "ts": 1781330530.176515
 },
 "C:SPCX": {
  "apy": 250.974,
  "ts": 1781314454.80022
 },
 "C:STG": {
  "apy": 876.0,
  "ts": 1781343186.043681
 },
 "C:TRUMP": {
  "apy": 273.86899256441706,
  "ts": 1781267495.856024
 },
 "C:VELVET": {
  "apy": 263.01899999999995,
  "ts": 1781288375.159333
 },
 "C:XMR": {
  "apy": 197.97599999999997,
  "ts": 1781240569.50832
 }
}