{
 "A:BEAT": {
  "apy": 644.517,
  "ts": 1781198861.594509
 },
 "A:CLO": {
  "apy": 149.24850000000004,
  "ts": 1781187100.973592
 },
 "A:COLLECT": {
  "apy": 128.334,
  "ts": 1781198861.59452
 },
 "A:ESPORTS": {
  "apy": 788.181,
  "ts": 1781187100.973582
 },
 "A:LAB": {
  "apy": 145.63500000000002,
  "ts": 1781198861.594518
 },
 "A:LITE": {
  "apy": 135.67625906973993,
  "ts": 1781187100.973595
 },
 "A:SKHYNIX": {
  "apy": 211.6305524983201,
  "ts": 1781198861.594515
 },
 "A:SKYAI": {
  "apy": 349.962,
  "ts": 1781198861.594513
 },
 "B:ASTR": {
  "apy": 1568.9160000000002,
  "ts": 1781187100.974082
 },
 "B:CL": {
  "apy": 226.00799999999998,
  "ts": 1781198861.59493
 },
 "B:FIDA": {
  "apy": 1358.895,
  "ts": 1781187100.974084
 },
 "B:HOME": {
  "apy": 2483.4599999999996,
  "ts": 1781187100.97408
 },
 "B:ID": {
  "apy": 4380.0,
  "ts": 1781187100.974077
 },
 "B:SAHARA": {
  "apy": 383.469,
  "ts": 1781198861.594924
 },
 "B:SIREN": {
  "apy": 273.53099999999995,
  "ts": 1781198861.594926
 },
 "B:STG": {
  "apy": 2190.0,
  "ts": 1781198861.594917
 },
 "B:SXT": {
  "apy": 232.35900000000004,
  "ts": 1781198861.594928
 },
 "C:ASTR": {
  "apy": 800.4449999999999,
  "ts": 1781198861.595254
 },
 "C:ESPORTS": {
  "apy": 768.252,
  "ts": 1781198861.595257
 },
 "C:HOME": {
  "apy": 333.02469636941623,
  "ts": 1781187100.97431
 },
 "C:PLAY": {
  "apy": 323.24399999999997,
  "ts": 1781187100.974313
 },
 "C:SAHARA": {
  "apy": 181.57621049433754,
  "ts": 1781187100.974314
 },
 "C:SKHYNIX": {
  "apy": 211.6305524983201,
  "ts": 1781198861.595262
 },
 "C:SKYAI": {
  "apy": 270.027,
  "ts": 1781198861.59526
 },
 "C:STG": {
  "apy": 928.4505000000001,
  "ts": 1781198861.595251
 }
}