{
 "A:AAOI": {
  "apy": 109.5,
  "ts": 1781780484.058214
 },
 "A:AGT": {
  "apy": 181.989,
  "ts": 1781985262.849029
 },
 "A:ALLO": {
  "apy": 87.819,
  "ts": 1782034145.174055
 },
 "A:AMC": {
  "apy": 109.5,
  "ts": 1781780484.058211
 },
 "A:ARX": {
  "apy": 203.4149895642435,
  "ts": 1782131877.090758
 },
 "A:ASTEROID": {
  "apy": 380.62199999999996,
  "ts": 1781957287.271028
 },
 "A:AXTI": {
  "apy": 233.26581743025238,
  "ts": 1781828080.208022
 },
 "A:BEAT": {
  "apy": 167.754,
  "ts": 1782188351.377108
 },
 "A:BEL": {
  "apy": 106.54350000000001,
  "ts": 1782078040.309409
 },
 "A:BICO": {
  "apy": 96.798,
  "ts": 1782087696.479797
 },
 "A:BLESS": {
  "apy": 145.197,
  "ts": 1782202756.450266
 },
 "A:BR": {
  "apy": 109.5,
  "ts": 1781736769.728267
 },
 "A:BSB": {
  "apy": 162.4235597578296,
  "ts": 1782167129.548593
 },
 "A:BTW": {
  "apy": 196.44299999999998,
  "ts": 1782235768.325621
 },
 "A:BZ": {
  "apy": 1019.2260000000001,
  "ts": 1782043275.12191
 },
 "A:CL": {
  "apy": 105.9720124300668,
  "ts": 1782148710.302371
 },
 "A:CLO": {
  "apy": 262.581,
  "ts": 1782188351.377102
 },
 "A:COAI": {
  "apy": 85.2275329280151,
  "ts": 1781893377.964013
 },
 "A:DEXE": {
  "apy": 109.281,
  "ts": 1782228210.047374
 },
 "A:EPIC": {
  "apy": 169.06799999999998,
  "ts": 1782058818.738926
 },
 "A:ESPORTS": {
  "apy": 472.164,
  "ts": 1782228210.047359
 },
 "A:EVAA": {
  "apy": 117.822,
  "ts": 1781679131.543357
 },
 "A:FOLKS": {
  "apy": 182.9745,
  "ts": 1782235768.325624
 },
 "A:GRAM": {
  "apy": 98.33100000000002,
  "ts": 1782108716.224257
 },
 "A:GWEI": {
  "apy": 96.141,
  "ts": 1782215000.882657
 },
 "A:HIGH": {
  "apy": 1122.7035,
  "ts": 1781712103.536819
 },
 "A:INFQ": {
  "apy": 307.7054101516191,
  "ts": 1782202756.45026
 },
 "A:KIOXIA": {
  "apy": 109.5,
  "ts": 1782188351.377114
 },
 "A:KOPN": {
  "apy": 109.5,
  "ts": 1781697439.116858
 },
 "A:KORU": {
  "apy": 442.161,
  "ts": 1782228210.047367
 },
 "A:LAB": {
  "apy": 150.015,
  "ts": 1781971535.222365
 },
 "A:MAGMA": {
  "apy": 94.60799999999999,
  "ts": 1781729676.144207
 },
 "A:MYX": {
  "apy": 203.67000000000002,
  "ts": 1781804866.608043
 },
 "A:NOK": {
  "apy": 128.30456860632643,
  "ts": 1782131877.090764
 },
 "A:O": {
  "apy": 153.42133381026272,
  "ts": 1782001234.927555
 },
 "A:OSS": {
  "apy": 458.4765,
  "ts": 1782228210.047364
 },
 "A:PL": {
  "apy": 234.768,
  "ts": 1782228210.04737
 },
 "A:PLAY": {
  "apy": 120.44999999999999,
  "ts": 1781792488.79704
 },
 "A:POWER": {
  "apy": 105.55799999999999,
  "ts": 1782159946.269606
 },
 "A:QNT": {
  "apy": 83.51005102741786,
  "ts": 1782159946.269611
 },
 "A:SAGA": {
  "apy": 98.988,
  "ts": 1782087696.479795
 },
 "A:SIREN": {
  "apy": 1408.17,
  "ts": 1781764098.397351
 },
 "A:SKYAI": {
  "apy": 232.797,
  "ts": 1782043275.121915
 },
 "A:SLX": {
  "apy": 121.54500000000002,
  "ts": 1782087696.479791
 },
 "A:SMH": {
  "apy": 89.7266649046785,
  "ts": 1781792488.797051
 },
 "A:SOON": {
  "apy": 112.61560328857738,
  "ts": 1782065364.664371
 },
 "A:SOXL": {
  "apy": 199.8375,
  "ts": 1781746746.431855
 },
 "A:SPCX": {
  "apy": 171.20894466419415,
  "ts": 1782148710.302362
 },
 "A:TAG": {
  "apy": 152.643,
  "ts": 1781847503.525748
 },
 "A:TRUTH": {
  "apy": 118.698,
  "ts": 1782188351.377111
 },
 "A:UB": {
  "apy": 124.14553524909151,
  "ts": 1782082196.317576
 },
 "A:UKOIL": {
  "apy": 242.433,
  "ts": 1781965763.105288
 },
 "A:UP": {
  "apy": 110.98501086901197,
  "ts": 1782172446.596693
 },
 "A:USOIL": {
  "apy": 203.67000000000002,
  "ts": 1781965763.105292
 },
 "A:VELVET": {
  "apy": 99.645,
  "ts": 1782159946.269609
 },
 "A:ZEREBRO": {
  "apy": 97.455,
  "ts": 1781815099.311033
 },
 "A:龙虾": {
  "apy": 140.16000000000003,
  "ts": 1782202756.450269
 },
 "B:2Z": {
  "apy": 354.999,
  "ts": 1782065364.664673
 },
 "B:ACE": {
  "apy": 1646.3325000000002,
  "ts": 1782034145.174297
 },
 "B:AGT": {
  "apy": 217.46699999999998,
  "ts": 1781971535.22265
 },
 "B:ALICE": {
  "apy": 402.8505,
  "ts": 1782108716.224506
 },
 "B:AMC": {
  "apy": 547.5,
  "ts": 1782215000.882991
 },
 "B:ANIME": {
  "apy": 263.15011848023045,
  "ts": 1781949208.758793
 },
 "B:APLD": {
  "apy": 283.2765,
  "ts": 1782215000.882999
 },
 "B:ARX": {
  "apy": 1474.527,
  "ts": 1782202756.450597
 },
 "B:ASML": {
  "apy": 1095.0,
  "ts": 1782202756.4506
 },
 "B:AXS": {
  "apy": 743.286,
  "ts": 1782019784.919267
 },
 "B:BEAT": {
  "apy": 215.60549999999998,
  "ts": 1781712103.537257
 },
 "B:BICO": {
  "apy": 372.8475,
  "ts": 1781985262.849373
 },
 "B:BLEND": {
  "apy": 1220.4914185920265,
  "ts": 1781847503.525962
 },
 "B:BTC": {
  "apy": 16.206,
  "ts": 1781712103.537248
 },
 "B:CHIP": {
  "apy": 210.67799999999997,
  "ts": 1781971535.222652
 },
 "B:EDEN": {
  "apy": 213.63450000000003,
  "ts": 1782058818.739352
 },
 "B:ENJ": {
  "apy": 237.615,
  "ts": 1781815099.31143
 },
 "B:EPIC": {
  "apy": 234.98699999999997,
  "ts": 1782043275.12219
 },
 "B:ESPORTS": {
  "apy": 4380.0,
  "ts": 1781780484.058647
 },
 "B:ETH": {
  "apy": 15.549000000000001,
  "ts": 1782058818.739339
 },
 "B:FIDA": {
  "apy": 1427.6609999999998,
  "ts": 1782215000.882983
 },
 "B:G": {
  "apy": 230.82599999999996,
  "ts": 1782228210.047676
 },
 "B:GENIUS": {
  "apy": 312.95099999999996,
  "ts": 1781804866.608469
 },
 "B:GRAM": {
  "apy": 245.499,
  "ts": 1781712103.537255
 },
 "B:GUA": {
  "apy": 215.277,
  "ts": 1782235768.325882
 },
 "B:GWEI": {
  "apy": 410.40600000000006,
  "ts": 1781679131.543614
 },
 "B:HEI": {
  "apy": 262.8,
  "ts": 1781887203.773911
 },
 "B:HIGH": {
  "apy": 217.79549999999998,
  "ts": 1781822023.735946
 },
 "B:HOME": {
  "apy": 302.21999999999997,
  "ts": 1782167129.548943
 },
 "B:ID": {
  "apy": 376.023,
  "ts": 1782159946.270026
 },
 "B:KAT": {
  "apy": 407.559,
  "ts": 1782001234.927906
 },
 "B:KORU": {
  "apy": 1027.4385,
  "ts": 1782202756.450602
 },
 "B:LAB": {
  "apy": 533.4839999999999,
  "ts": 1782228210.047666
 },
 "B:LAYER": {
  "apy": 440.57316121963373,
  "ts": 1782228210.047674
 },
 "B:LRC": {
  "apy": 1168.6953278297353,
  "ts": 1782235768.32587
 },
 "B:MEGA": {
  "apy": 310.54200000000003,
  "ts": 1781764098.397716
 },
 "B:MOODENG": {
  "apy": 212.86800000000002,
  "ts": 1782188351.377407
 },
 "B:MOVE": {
  "apy": 216.591,
  "ts": 1781828080.208422
 },
 "B:OPG": {
  "apy": 265.5885008551449,
  "ts": 1781847503.525971
 },
 "B:ORCA": {
  "apy": 288.642,
  "ts": 1781697439.117096
 },
 "B:PORTAL": {
  "apy": 566.772,
  "ts": 1781937610.772782
 },
 "B:QNT": {
  "apy": 252.14348518278808,
  "ts": 1782235768.32588
 },
 "B:RARE": {
  "apy": 396.828,
  "ts": 1782043275.122182
 },
 "B:RE": {
  "apy": 523.191,
  "ts": 1782228210.047668
 },
 "B:RESOLV": {
  "apy": 444.13199999999995,
  "ts": 1782131877.091121
 },
 "B:RIF": {
  "apy": 207.83099999999996,
  "ts": 1781746746.432318
 },
 "B:SAHARA": {
  "apy": 261.486,
  "ts": 1782202756.450608
 },
 "B:SENT": {
  "apy": 638.604,
  "ts": 1781634091.04678
 },
 "B:SOL": {
  "apy": 19.819500000000005,
  "ts": 1782235768.325867
 },
 "B:SOXL": {
  "apy": 210.56849999999997,
  "ts": 1781847503.525975
 },
 "B:SPACE": {
  "apy": 371.42400000000004,
  "ts": 1781697439.117094
 },
 "B:SPCX": {
  "apy": 255.135,
  "ts": 1781660495.374253
 },
 "B:STG": {
  "apy": 382.812,
  "ts": 1781634091.046787
 },
 "B:STO": {
  "apy": 296.52599999999995,
  "ts": 1782072143.117047
 },
 "B:SYN": {
  "apy": 568.3050000000001,
  "ts": 1782215000.882989
 },
 "B:TAIKO": {
  "apy": 632.2529999999998,
  "ts": 1782148710.302794
 },
 "B:TNSR": {
  "apy": 819.06,
  "ts": 1782172446.597081
 },
 "B:TRUMP": {
  "apy": 205.3686060754407,
  "ts": 1782052281.854841
 },
 "B:TRUMPOFFICIAL": {
  "apy": 213.963,
  "ts": 1782052281.854838
 },
 "B:TRUST": {
  "apy": 280.32000000000005,
  "ts": 1781937610.772789
 },
 "B:VVV": {
  "apy": 202.794,
  "ts": 1781991545.57748
 },
 "B:W": {
  "apy": 251.193,
  "ts": 1782043275.122186
 },
 "B:XAG": {
  "apy": 270.02700000000004,
  "ts": 1781729676.144547
 },
 "C:ACE": {
  "apy": 746.6805000000004,
  "ts": 1782034145.174475
 },