{
 "A:1000RATS": {
  "apy": 131.619,
  "ts": 1782380526.837246
 },
 "A:AAOI": {
  "apy": 126.1827663633363,
  "ts": 1782299782.067549
 },
 "A:AIN": {
  "apy": 83.22,
  "ts": 1782449838.855182
 },
 "A:ARX": {
  "apy": 203.4149895642435,
  "ts": 1782131877.090758
 },
 "A:ASTS": {
  "apy": 429.0209999999999,
  "ts": 1782259763.724874
 },
 "A:AXTI": {
  "apy": 436.46700000000004,
  "ts": 1782259763.724872
 },
 "A:BAS": {
  "apy": 113.00399999999999,
  "ts": 1782509984.014051
 },
 "A:BEAT": {
  "apy": 109.719,
  "ts": 1782649216.881509
 },
 "A:BEL": {
  "apy": 118.15050000000001,
  "ts": 1782462940.71511
 },
 "A:BICO": {
  "apy": 96.798,
  "ts": 1782087696.479797
 },
 "A:BLESS": {
  "apy": 145.197,
  "ts": 1782202756.450266
 },
 "A:BSB": {
  "apy": 113.92216574132041,
  "ts": 1782683100.594057
 },
 "A:BTW": {
  "apy": 83.001,
  "ts": 1782595124.983323
 },
 "A:BZ": {
  "apy": 105.769105878039,
  "ts": 1782509984.014055
 },
 "A:CAP": {
  "apy": 132.8295451910061,
  "ts": 1782649216.881506
 },
 "A:CBRS": {
  "apy": 101.82259309072874,
  "ts": 1782600138.437236
 },
 "A:CL": {
  "apy": 105.9720124300668,
  "ts": 1782148710.302371
 },
 "A:CLO": {
  "apy": 164.031,
  "ts": 1782428535.205001
 },
 "A:COHR": {
  "apy": 142.24050000000003,
  "ts": 1782288164.51893
 },
 "A:DEXE": {
  "apy": 109.281,
  "ts": 1782228210.047374
 },
 "A:ESPORTS": {
  "apy": 87.60000000000001,
  "ts": 1782578691.917953
 },
 "A:EVAA": {
  "apy": 89.8995,
  "ts": 1782433352.891452
 },
 "A:FLY": {
  "apy": 384.7830000000001,
  "ts": 1782288164.51891
 },
 "A:FOLKS": {
  "apy": 252.726,
  "ts": 1782288164.518919
 },
 "A:GLW": {
  "apy": 160.87638274774844,
  "ts": 1782480971.892159
 },
 "A:GRAM": {
  "apy": 98.33100000000002,
  "ts": 1782108716.224257
 },
 "A:GWEI": {
  "apy": 178.26600000000002,
  "ts": 1782683100.59405
 },
 "A:INFQ": {
  "apy": 307.7054101516191,
  "ts": 1782202756.45026
 },
 "A:KIOXIA": {
  "apy": 353.35425255626717,
  "ts": 1782489531.187314
 },
 "A:KORU": {
  "apy": 114.12736833790049,
  "ts": 1782668039.190142
 },
 "A:MAGMA": {
  "apy": 137.751,
  "ts": 1782489531.187321
 },
 "A:MINIMAX": {
  "apy": 113.66100000000002,
  "ts": 1782462940.715112
 },
 "A:MSTRX": {
  "apy": 294.774,
  "ts": 1782259763.724878
 },
 "A:MYX": {
  "apy": 83.3295,
  "ts": 1782678155.645674
 },
 "A:NES": {
  "apy": 124.39200000000001,
  "ts": 1782672515.672906
 },
 "A:NOK": {
  "apy": 128.30456860632643,
  "ts": 1782131877.090764
 },
 "A:O": {
  "apy": 121.326,
  "ts": 1782623259.990577
 },
 "A:OSS": {
  "apy": 458.4765,
  "ts": 1782228210.047364
 },
 "A:PIPPIN": {
  "apy": 126.14399999999999,
  "ts": 1782332576.742502
 },
 "A:PL": {
  "apy": 234.768,
  "ts": 1782228210.04737
 },
 "A:POWER": {
  "apy": 105.55799999999999,
  "ts": 1782159946.269606
 },
 "A:QNT": {
  "apy": 83.51005102741786,
  "ts": 1782159946.269611
 },
 "A:RAVE": {
  "apy": 185.493,
  "ts": 1782649216.881497
 },
 "A:SAGA": {
  "apy": 98.988,
  "ts": 1782087696.479795
 },
 "A:SILVER": {
  "apy": 100.74000000000001,
  "ts": 1782338442.917657
 },
 "A:SIREN": {
  "apy": 224.037,
  "ts": 1782644031.001139
 },
 "A:SKYAI": {
  "apy": 157.023,
  "ts": 1782504437.086799
 },
 "A:SLX": {
  "apy": 82.563,
  "ts": 1782408851.536099
 },
 "A:SOON": {
  "apy": 94.2299524198542,
  "ts": 1782428535.205007
 },
 "A:SOXL": {
  "apy": 181.77,
  "ts": 1782519581.255301
 },
 "A:SPCX": {
  "apy": 154.176,
  "ts": 1782519581.255306
 },
 "A:TRUTH": {
  "apy": 118.698,
  "ts": 1782188351.377111
 },
 "A:TSEM": {
  "apy": 173.9955,
  "ts": 1782299782.067546
 },
 "A:UB": {
  "apy": 111.463515516444,
  "ts": 1782656769.479934
 },
 "A:UKOIL": {
  "apy": 86.72399999999999,
  "ts": 1782600138.437239
 },
 "A:UP": {
  "apy": 110.98501086901197,
  "ts": 1782172446.596693
 },
 "A:USOIL": {
  "apy": 84.75299999999999,
  "ts": 1782600138.437241
 },
 "A:VELVET": {
  "apy": 172.572,
  "ts": 1782668039.190137
 },
 "A:WEN": {
  "apy": 1095.0,
  "ts": 1782401567.103938
 },
 "A:XAG": {
  "apy": 84.51588320778659,
  "ts": 1782343271.040953
 },
 "A:ZHIPU": {
  "apy": 136.218,
  "ts": 1782462940.715108
 },
 "A:龙虾": {
  "apy": 140.16000000000003,
  "ts": 1782202756.450269
 },
 "B:0G": {
  "apy": 465.813,
  "ts": 1782595124.983478
 },
 "B:ACT": {
  "apy": 751.9365006591023,
  "ts": 1782678155.645859
 },
 "B:AGLD": {
  "apy": 212.9431055858514,
  "ts": 1782668039.1903
 },
 "B:ALICE": {
  "apy": 1183.8045,
  "ts": 1782299782.067847
 },
 "B:AMC": {
  "apy": 547.5,
  "ts": 1782215000.882991
 },
 "B:APLD": {
  "apy": 238.929,
  "ts": 1782473423.796435
 },
 "B:ARK": {
  "apy": 4380.0,
  "ts": 1782605645.06253
 },
 "B:ARX": {
  "apy": 342.954,
  "ts": 1782678155.645861
 },
 "B:ASML": {
  "apy": 1095.0,
  "ts": 1782202756.4506
 },
 "B:BEAT": {
  "apy": 202.575,
  "ts": 1782332576.742785
 },
 "B:BEL": {
  "apy": 751.2795000000001,
  "ts": 1782635316.001238
 },
 "B:BICO": {
  "apy": 443.58450000000005,
  "ts": 1782578691.918109
 },
 "B:BLEND": {
  "apy": 1998.6259023220885,
  "ts": 1782380526.837525
 },
 "B:BTW": {
  "apy": 617.1419999999999,
  "ts": 1782535214.613234
 },
 "B:CAP": {
  "apy": 2190.0,
  "ts": 1782480971.892487
 },
 "B:CARV": {
  "apy": 611.0099999999999,
  "ts": 1782535214.613236
 },
 "B:CELO": {
  "apy": 517.935,
  "ts": 1782683100.594226
 },
 "B:CHIP": {
  "apy": 212.96938698241442,
  "ts": 1782408851.536377
 },
 "B:EDGE": {
  "apy": 2910.072,
  "ts": 1782683100.59422
 },
 "B:ETH": {
  "apy": 10.950000000000001,
  "ts": 1782574664.4166
 },
 "B:FIDA": {
  "apy": 1427.6609999999998,
  "ts": 1782215000.882983
 },
 "B:FLY": {
  "apy": 547.5,
  "ts": 1782462940.715538
 },
 "B:FOGO": {
  "apy": 4380.0,
  "ts": 1782422253.246427
 },
 "B:G": {
  "apy": 230.82599999999996,
  "ts": 1782228210.047676
 },
 "B:GLM": {
  "apy": 1589.502,
  "ts": 1782553892.230415
 },
 "B:GUA": {
  "apy": 215.277,
  "ts": 1782235768.325882
 },
 "B:HEI": {
  "apy": 867.8969999999999,
  "ts": 1782243099.579844
 },
 "B:HOME": {
  "apy": 306.59999999999997,
  "ts": 1782249557.481157
 },
 "B:ICNT": {
  "apy": 305.286,
  "ts": 1782480971.892493
 },
 "B:ID": {
  "apy": 842.7119999999999,
  "ts": 1782433352.89178
 },
 "B:IP": {
  "apy": 1194.4259999999997,
  "ts": 1782605645.062537
 },
 "B:KORU": {
  "apy": 449.27850000000007,
  "ts": 1782433352.891784
 },
 "B:LAB": {
  "apy": 1508.472,
  "ts": 1782688604.011181
 },
 "B:LAYER": {
  "apy": 326.967,
  "ts": 1782553892.230426
 },
 "B:LRC": {
  "apy": 1168.6953278297353,
  "ts": 1782235768.32587
 },
 "B:M": {
  "apy": 653.277,
  "ts": 1782449838.855437
 },
 "B:MAGIC": {
  "apy": 2892.99,
  "ts": 1782678155.645848
 },
 "B:ME": {
  "apy": 889.6875,
  "ts": 1782351405.9198
 },
 "B:MOODENG": {
  "apy": 212.86800000000002,
  "ts": 1782188351.377407
 },
 "B:MUU": {
  "apy": 547.5,
  "ts": 1782473423.796426
 },
 "B:NES": {
  "apy": 633.348,
  "ts": 1782415799.483688
 },
 "B:O": {
  "apy": 1592.568,
  "ts": 1782519581.255553
 },
 "B:OUST": {
  "apy": 328.82849999999996,
  "ts": 1782473423.796432
 },
 "B:POPCAT": {
  "apy": 202.794,
  "ts": 1782504437.087042
 },
 "B:PORTAL": {
  "apy": 825.192,
  "ts": 1782553892.23042
 },
 "B:POWR": {
  "apy": 3273.393,
  "ts": 1782662157.574579
 },
 "B:PROS": {
  "apy": 228.19799999999998,
  "ts": 1782688604.011189
 },
 "B:PUNDIX": {
  "apy": 433.182,
  "ts": 1782578691.918112
 },
 "B:QNT": {
  "apy": 291.9956680003688,
  "ts": 1782299782.067857
 },
 "B:RE": {
  "apy": 1980.855,
  "ts": 1782688604.011176
 },
 "B:RESOLV": {
  "apy": 444.13199999999995,
  "ts": 1782131877.091121
 },
 "B:S": {
  "apy": 243.966,
  "ts": 1782668039.190298
 },
 "B:SAHARA": {
  "apy": 201.3705,
  "ts": 1782519581.255568
 },
 "B:SNX": {
  "apy": 211.22549999999998,
  "ts": 1782560730.1105
 },
 "B:SOL": {
  "apy": 11.607000000000001,
  "ts": 1782325352.912192
 },
 "B:STG": {
  "apy": 222.28499999999997,
  "ts": 1782574664.416618
 },
 "B:SYN": {
  "apy": 883.6650000000001,
  "ts": 1782578691.918105
 },
 "B:TAIKO": {
  "apy": 632.2529999999998,
  "ts": 1782148710.302794
 },
 "B:TNSR": {
  "apy": 299.373,
  "ts": 1782546028.114085
 },