{
 "A:AIO": {
  "apy": 123.297,
  "ts": 1781255441.469664
 },
 "A:BEAT": {
  "apy": 800.4135769113193,
  "ts": 1781267495.855138
 },
 "A:BSB": {
  "apy": 140.0718197887365,
  "ts": 1781216094.44279
 },
 "A:BTW": {
  "apy": 754.236,
  "ts": 1781208113.941358
 },
 "A:CL": {
  "apy": 90.7532353613646,
  "ts": 1781240569.507615
 },
 "A:CLO": {
  "apy": 196.33350000000002,
  "ts": 1781222947.47857
 },
 "A:COLLECT": {
  "apy": 128.334,
  "ts": 1781198861.59452
 },
 "A:DEXE": {
  "apy": 110.81400000000001,
  "ts": 1781267495.855157
 },
 "A:ESPORTS": {
  "apy": 2005.8210000000004,
  "ts": 1781222947.478557
 },
 "A:FIGHT": {
  "apy": 127.89600000000002,
  "ts": 1781222947.478572
 },
 "A:FOLKS": {
  "apy": 167.6445,
  "ts": 1781255441.469662
 },
 "A:GWEI": {
  "apy": 329.81399999999996,
  "ts": 1781267495.855149
 },
 "A:HMSTR": {
  "apy": 228.19799999999998,
  "ts": 1781208113.941371
 },
 "A:INX": {
  "apy": 332.661,
  "ts": 1781240569.507604
 },
 "A:JCT": {
  "apy": 88.476,
  "ts": 1781240569.507617
 },
 "A:LAB": {
  "apy": 112.347,
  "ts": 1781255441.469667
 },
 "A:LITE": {
  "apy": 135.67625906973993,
  "ts": 1781187100.973595
 },
 "A:PLAY": {
  "apy": 1674.0359999999998,
  "ts": 1781255441.469651
 },
 "A:POWER": {
  "apy": 190.96800000000002,
  "ts": 1781267495.855151
 },
 "A:RAVE": {
  "apy": 142.3783262945433,
  "ts": 1781216094.442788
 },
 "A:RIVER": {
  "apy": 91.54200000000002,
  "ts": 1781216094.442793
 },
 "A:SKHYNIX": {
  "apy": 680.783729124369,
  "ts": 1781208113.941364
 },
 "A:SKYAI": {
  "apy": 348.429,
  "ts": 1781267495.855146
 },
 "A:UB": {
  "apy": 85.73984991959158,
  "ts": 1781216094.442795
 },
 "A:VELVET": {
  "apy": 97.674,
  "ts": 1781240569.507612
 },
 "B:ASTR": {
  "apy": 770.6610000000001,
  "ts": 1781222947.478983
 },
 "B:CL": {
  "apy": 226.00799999999998,
  "ts": 1781198861.59493
 },
 "B:ESPORTS": {
  "apy": 4380.0,
  "ts": 1781255441.469931
 },
 "B:ETH": {
  "apy": 13.578000000000001,
  "ts": 1781255441.469928
 },
 "B:FIDA": {
  "apy": 362.007,
  "ts": 1781216094.443312
 },
 "B:HIGH": {
  "apy": 1031.8185,
  "ts": 1781255441.469934
 },
 "B:HOME": {
  "apy": 3853.5240000000003,
  "ts": 1781240569.508008
 },
 "B:ID": {
  "apy": 261.048,
  "ts": 1781267495.855679
 },
 "B:INFQ": {
  "apy": 337.1505,
  "ts": 1781240569.508023
 },
 "B:PLAY": {
  "apy": 333.756,
  "ts": 1781208113.942018
 },
 "B:SAHARA": {
  "apy": 487.932,
  "ts": 1781255441.469937
 },
 "B:SIREN": {
  "apy": 402.96000000000004,
  "ts": 1781267495.855671
 },
 "B:SOL": {
  "apy": 13.796999999999999,
  "ts": 1781255441.469925
 },
 "B:SOPH": {
  "apy": 1974.942,
  "ts": 1781240569.508014
 },
 "B:STG": {
  "apy": 1897.1970000000003,
  "ts": 1781240569.508016
 },
 "B:SXT": {
  "apy": 232.35900000000004,
  "ts": 1781198861.594928
 },
 "B:TRUMP": {
  "apy": 368.0389925644171,
  "ts": 1781267495.855676
 },
 "B:TRUMPOFFICIAL": {
  "apy": 382.37399999999997,
  "ts": 1781267495.855674
 },
 "B:TRX": {
  "apy": 228.417,
  "ts": 1781208113.942023
 },
 "B:USELESS": {
  "apy": 228.417,
  "ts": 1781208113.942021
 },
 "C:AIO": {
  "apy": 205.203,
  "ts": 1781222947.47922
 },
 "C:ASTR": {
  "apy": 244.73250000000002,
  "ts": 1781240569.508316
 },
 "C:BEAT": {
  "apy": 807.6405769113193,
  "ts": 1781267495.856018
 },
 "C:BTW": {
  "apy": 754.236,
  "ts": 1781208113.942414
 },
 "C:ESPORTS": {
  "apy": 3106.2960000000003,
  "ts": 1781222947.479208
 },
 "C:HIGH": {
  "apy": 923.5230000000001,
  "ts": 1781255441.470178
 },
 "C:HOME": {
  "apy": 558.0119999999988,
  "ts": 1781255441.470181
 },
 "C:ID": {
  "apy": 241.11899999999991,
  "ts": 1781240569.508318
 },
 "C:LAB": {
  "apy": 183.4014570522609,
  "ts": 1781216094.443583
 },
 "C:NAORIS": {
  "apy": 443.6940000000001,
  "ts": 1781255441.470183
 },
 "C:PLAY": {
  "apy": 1638.9959999999999,
  "ts": 1781255441.470176
 },
 "C:RAVE": {
  "apy": 187.18239570080192,
  "ts": 1781222947.479221
 },
 "C:SAHARA": {
  "apy": 359.37899999999985,
  "ts": 1781222947.479213
 },
 "C:SIREN": {
  "apy": 289.29900000000004,
  "ts": 1781267495.856022
 },
 "C:SKHYNIX": {
  "apy": 680.783729124369,
  "ts": 1781208113.942417
 },
 "C:SKYAI": {
  "apy": 249.87899999999996,
  "ts": 1781267495.856028
 },
 "C:SOPH": {
  "apy": 262.06070551184854,
  "ts": 1781267495.856026
 },
 "C:STG": {
  "apy": 254.69700000000034,
  "ts": 1781240569.508314
 },
 "C:TRUMP": {
  "apy": 273.86899256441706,
  "ts": 1781267495.856024
 },
 "C:VELVET": {
  "apy": 181.77,
  "ts": 1781216094.443585
 },
 "C:XMR": {
  "apy": 197.97599999999997,
  "ts": 1781240569.50832
 }
}