{
 "A:AAOI": {
  "apy": 109.5,
  "ts": 1781780484.058214
 },
 "A:AGT": {
  "apy": 106.65299999999999,
  "ts": 1781815099.311031
 },
 "A:AIO": {
  "apy": 123.297,
  "ts": 1781255441.469664
 },
 "A:AIOT": {
  "apy": 97.674,
  "ts": 1781443128.441933
 },
 "A:AMC": {
  "apy": 109.5,
  "ts": 1781780484.058211
 },
 "A:ASTEROID": {
  "apy": 512.0219999999999,
  "ts": 1781822023.735522
 },
 "A:AXTI": {
  "apy": 233.26581743025238,
  "ts": 1781828080.208022
 },
 "A:BEAT": {
  "apy": 83.78692503546989,
  "ts": 1781828080.208027
 },
 "A:BILL": {
  "apy": 83.82041076356191,
  "ts": 1781370147.421492
 },
 "A:BLESS": {
  "apy": 561.078,
  "ts": 1781712103.536824
 },
 "A:BR": {
  "apy": 109.5,
  "ts": 1781736769.728267
 },
 "A:BSB": {
  "apy": 185.7585423192483,
  "ts": 1781736769.728263
 },
 "A:BTW": {
  "apy": 883.227,
  "ts": 1781822023.735515
 },
 "A:CL": {
  "apy": 146.51100000000002,
  "ts": 1781598844.245659
 },
 "A:CLO": {
  "apy": 235.97249999999997,
  "ts": 1781828080.20802
 },
 "A:COAI": {
  "apy": 143.0489784370371,
  "ts": 1781381222.120968
 },
 "A:DEXE": {
  "apy": 82.782,
  "ts": 1781390735.172339
 },
 "A:DXYZ": {
  "apy": 109.5,
  "ts": 1781598844.245665
 },
 "A:EPIC": {
  "apy": 99.645,
  "ts": 1781575970.552996
 },
 "A:ESPORTS": {
  "apy": 996.8879999999999,
  "ts": 1781815099.311016
 },
 "A:EVAA": {
  "apy": 117.822,
  "ts": 1781679131.543357
 },
 "A:EWY": {
  "apy": 147.79533776203996,
  "ts": 1781477463.956815
 },
 "A:FOLKS": {
  "apy": 107.09100000000001,
  "ts": 1781822023.735532
 },
 "A:GWEI": {
  "apy": 388.944,
  "ts": 1781729676.144199
 },
 "A:HIGH": {
  "apy": 1122.7035,
  "ts": 1781712103.536819
 },
 "A:INX": {
  "apy": 332.661,
  "ts": 1781240569.507604
 },
 "A:JCT": {
  "apy": 136.656,
  "ts": 1781450915.885478
 },
 "A:JELLYJELLY": {
  "apy": 166.259394078732,
  "ts": 1781467795.206235
 },
 "A:KOPN": {
  "apy": 109.5,
  "ts": 1781697439.116858
 },
 "A:LAB": {
  "apy": 106.21500000000002,
  "ts": 1781764098.397365
 },
 "A:LITE": {
  "apy": 163.36206661559473,
  "ts": 1781482939.222063
 },
 "A:MAGMA": {
  "apy": 94.60799999999999,
  "ts": 1781729676.144207
 },
 "A:MYX": {
  "apy": 203.67000000000002,
  "ts": 1781804866.608043
 },
 "A:NAORIS": {
  "apy": 131.619,
  "ts": 1781279625.269699
 },
 "A:NOK": {
  "apy": 159.27473792237564,
  "ts": 1781804866.608051
 },
 "A:O": {
  "apy": 187.846965748731,
  "ts": 1781804866.608046
 },
 "A:OPENAI": {
  "apy": 109.5,
  "ts": 1781482939.222075
 },
 "A:OUST": {
  "apy": 109.5,
  "ts": 1781279625.269703
 },
 "A:PLAY": {
  "apy": 120.44999999999999,
  "ts": 1781792488.79704
 },
 "A:POET": {
  "apy": 109.5,
  "ts": 1781279625.269701
 },
 "A:POWER": {
  "apy": 150.015,
  "ts": 1781304351.212087
 },
 "A:RAVE": {
  "apy": 134.1870911254926,
  "ts": 1781527329.430682
 },
 "A:RKLB": {
  "apy": 86.84454375927645,
  "ts": 1781615860.482503
 },
 "A:SATL": {
  "apy": 109.5,
  "ts": 1781279625.269705
 },
 "A:SILVER": {
  "apy": 106.87200000000001,
  "ts": 1781477463.956826
 },
 "A:SIREN": {
  "apy": 1408.17,
  "ts": 1781764098.397351
 },
 "A:SKYAI": {
  "apy": 248.12699999999998,
  "ts": 1781828080.208016
 },
 "A:SLX": {
  "apy": 114.31800000000001,
  "ts": 1781527329.430684
 },
 "A:SMH": {
  "apy": 89.7266649046785,
  "ts": 1781792488.797051
 },
 "A:SOON": {
  "apy": 168.35268042802738,
  "ts": 1781645730.560939
 },
 "A:SOXL": {
  "apy": 199.8375,
  "ts": 1781746746.431855
 },
 "A:SPCX": {
  "apy": 109.719,
  "ts": 1781792488.797043
 },
 "A:TRUTH": {
  "apy": 160.4333341293495,
  "ts": 1781414396.821648
 },
 "A:UKOIL": {
  "apy": 103.149,
  "ts": 1781443128.441932
 },
 "A:UP": {
  "apy": 177.82799999999997,
  "ts": 1781804866.608049
 },
 "A:VELVET": {
  "apy": 83.65800000000002,
  "ts": 1781645730.560947
 },
 "A:XAU": {
  "apy": 127.458,
  "ts": 1781477463.956822
 },
 "A:XMR": {
  "apy": 138.408,
  "ts": 1781546524.408254
 },
 "A:ZEREBRO": {
  "apy": 97.455,
  "ts": 1781815099.311033
 },
 "A:龙虾": {
  "apy": 307.03799999999995,
  "ts": 1781828080.208012
 },
 "B:AXL": {
  "apy": 928.5599999999998,
  "ts": 1781375008.091317
 },
 "B:BEAT": {
  "apy": 215.60549999999998,
  "ts": 1781712103.537257
 },
 "B:BLEND": {
  "apy": 330.909,
  "ts": 1781828080.208418
 },
 "B:BREV": {
  "apy": 334.851,
  "ts": 1781450915.88582
 },
 "B:BTC": {
  "apy": 16.206,
  "ts": 1781712103.537248
 },
 "B:BTW": {
  "apy": 246.813,
  "ts": 1781467795.206581
 },
 "B:BZ": {
  "apy": 233.454,
  "ts": 1781473187.132955
 },
 "B:CL": {
  "apy": 256.668,
  "ts": 1781473187.132951
 },
 "B:ENJ": {
  "apy": 237.615,
  "ts": 1781815099.31143
 },
 "B:ESPORTS": {
  "apy": 4380.0,
  "ts": 1781780484.058647
 },
 "B:ETH": {
  "apy": 19.272,
  "ts": 1781712103.537246
 },
 "B:FIDA": {
  "apy": 421.35599999999994,
  "ts": 1781634091.046785
 },
 "B:GENIUS": {
  "apy": 312.95099999999996,
  "ts": 1781804866.608469
 },
 "B:GIGGLE": {
  "apy": 220.53300000000002,
  "ts": 1781467795.206586
 },
 "B:GRAM": {
  "apy": 245.499,
  "ts": 1781712103.537255
 },
 "B:GWEI": {
  "apy": 410.40600000000006,
  "ts": 1781679131.543614
 },
 "B:HIGH": {
  "apy": 217.79549999999998,
  "ts": 1781822023.735946
 },
 "B:HMSTR": {
  "apy": 209.802,
  "ts": 1781503647.304773
 },
 "B:HOME": {
  "apy": 529.9799999999999,
  "ts": 1781804866.608461
 },
 "B:ICX": {
  "apy": 568.9620000000001,
  "ts": 1781314454.799875
 },
 "B:ID": {
  "apy": 397.04699999999997,
  "ts": 1781780484.058654
 },
 "B:INFQ": {
  "apy": 337.1505,
  "ts": 1781240569.508023
 },
 "B:IRYS": {
  "apy": 276.816,
  "ts": 1781414396.822029
 },
 "B:MEGA": {
  "apy": 310.54200000000003,
  "ts": 1781764098.397716
 },
 "B:MOVE": {
  "apy": 216.591,
  "ts": 1781828080.208422
 },
 "B:OPG": {
  "apy": 233.67299999999997,
  "ts": 1781575970.553335
 },
 "B:ORCA": {
  "apy": 288.642,
  "ts": 1781697439.117096
 },
 "B:PORTAL": {
  "apy": 817.965,
  "ts": 1781792488.797678
 },
 "B:RE": {
  "apy": 1581.6180000000002,
  "ts": 1781822023.735936
 },
 "B:RIF": {
  "apy": 207.83099999999996,
  "ts": 1781746746.432318
 },
 "B:SAHARA": {
  "apy": 1636.6965,
  "ts": 1781828080.208408
 },
 "B:SENT": {
  "apy": 638.604,
  "ts": 1781634091.04678
 },
 "B:SIREN": {
  "apy": 4380.0,
  "ts": 1781427298.635773
 },
 "B:SOL": {
  "apy": 46.0995,
  "ts": 1781712103.537242
 },
 "B:SOPH": {
  "apy": 2547.627,
  "ts": 1781314454.799865
 },
 "B:SPACE": {
  "apy": 371.42400000000004,
  "ts": 1781697439.117094
 },
 "B:SPCX": {
  "apy": 255.135,
  "ts": 1781660495.374253
 },
 "B:STG": {
  "apy": 382.812,
  "ts": 1781634091.046787
 },
 "B:SYN": {
  "apy": 352.15200000000004,
  "ts": 1781804866.608467
 },
 "B:TON": {
  "apy": 223.59899999999996,
  "ts": 1781467795.206583
 },
 "B:TONCOIN": {
  "apy": 257.106,
  "ts": 1781443128.442234
 },
 "B:TRUMP": {
  "apy": 368.0389925644171,
  "ts": 1781267495.855676
 },
 "B:TRUMPOFFICIAL": {
  "apy": 382.37399999999997,
  "ts": 1781267495.855674
 },
 "B:TRUST": {
  "apy": 622.2885,
  "ts": 1781828080.208413
 },
 "B:UB": {
  "apy": 468.66,
  "ts": 1781467795.206578
 },
 "B:UKOIL": {
  "apy": 340.764,
  "ts": 1781473187.132949
 },
 "B:USOIL": {
  "apy": 398.142,
  "ts": 1781473187.132947
 },
 "B:VELVET": {
  "apy": 391.572,
  "ts": 1781461387.990139
 },
 "B:VVV": {
  "apy": 205.86,
  "ts": 1781804866.608471
 },
 "B:XAG": {
  "apy": 270.02700000000004,
  "ts": 1781729676.144547
 },
 "B:ZKC": {
  "apy": 734.307,
  "ts": 1781565841.363293
 },
 "B:ZKP": {
  "apy": 277.692,
  "ts": 1781450915.885825
 },
 "C:AGT": {
  "apy": 171.039,
  "ts": 1781721127.346343
 },
 "C:AIN": {
  "apy": 154.17600000000002,
  "ts": 1781297759.577241
 },
 "C:ASTEROID": {
  "apy": 541.1489999999999,
  "ts": 1781822023.736198
 },
 "C:ASTR": {
  "apy": 244.73250000000002,
  "ts": 1781240569.508316
 },
 "C:AXTI": {
  "apy": 233.26581743025238,
  "ts": 1781828080.208666
 },
 "C:BEAT": {
  "apy": 168.57453342100618,
  "ts": 1781482939.222815
 },
 "C:BLESS": {
  "apy": 317.55000000000007,
  "ts": 1781815099.311612
 },
 "C:BSB": {
  "apy": 164.9535423192483,
  "ts": 1781736769.728837
 },
 "C:BTW": {
  "apy": 466.03200000000004,
  "ts": 1781828080.208658
 },