{
 "A:BEAT": {
  "apy": 265.428,
  "ts": 1781187100.973587
 },
 "A:CLO": {
  "apy": 149.24850000000004,
  "ts": 1781187100.973592
 },
 "A:ESPORTS": {
  "apy": 788.181,
  "ts": 1781187100.973582
 },
 "A:LITE": {
  "apy": 135.67625906973993,
  "ts": 1781187100.973595
 },
 "A:SKYAI": {
  "apy": 214.839,
  "ts": 1781187100.97359
 },
 "B:ASTR": {
  "apy": 1568.9160000000002,
  "ts": 1781187100.974082
 },
 "B:FIDA": {
  "apy": 1358.895,
  "ts": 1781187100.974084
 },
 "B:HOME": {
  "apy": 2483.4599999999996,
  "ts": 1781187100.97408
 },
 "B:ID": {
  "apy": 4380.0,
  "ts": 1781187100.974077
 },
 "B:STG": {
  "apy": 845.6685,
  "ts": 1781187100.974087
 },
 "C:HOME": {
  "apy": 333.02469636941623,
  "ts": 1781187100.97431
 },
 "C:PLAY": {
  "apy": 323.24399999999997,
  "ts": 1781187100.974313
 },
 "C:SAHARA": {
  "apy": 181.57621049433754,
  "ts": 1781187100.974314
 }
}