{
 "A:AAOI": {
  "apy": 85.69878424375214,
  "ts": 1783726710.788416
 },
 "A:ALLO": {
  "apy": 113.442,
  "ts": 1783949378.919728
 },
 "A:APR": {
  "apy": 84.6038361446826,
  "ts": 1783897656.275081
 },
 "A:B": {
  "apy": 105.33899999999998,
  "ts": 1783743982.235864
 },
 "A:BEAT": {
  "apy": 111.5385083408817,
  "ts": 1783732041.521584
 },
 "A:BILL": {
  "apy": 103.806,
  "ts": 1783959114.880972
 },
 "A:BNC": {
  "apy": 547.5,
  "ts": 1783682241.812576
 },
 "A:BSB": {
  "apy": 93.951,
  "ts": 1783699439.81008
 },
 "A:BZ": {
  "apy": 162.07910962446482,
  "ts": 1783814989.21243
 },
 "A:CAP": {
  "apy": 102.62896670003042,
  "ts": 1783893954.867967
 },
 "A:CL": {
  "apy": 187.6922498389644,
  "ts": 1783814989.212428
 },
 "A:CLO": {
  "apy": 81.7965,
  "ts": 1783939337.225388
 },
 "A:DEXE": {
  "apy": 135.12300000000002,
  "ts": 1783881559.489782
 },
 "A:EPIC": {
  "apy": 154.395,
  "ts": 1783399042.555742
 },
 "A:ESPORTS": {
  "apy": 106.21500000000002,
  "ts": 1783723143.84733
 },
 "A:EVAA": {
  "apy": 105.996,
  "ts": 1783869222.290595
 },
 "A:EWY": {
  "apy": 126.363,
  "ts": 1783928109.003834
 },
 "A:GLW": {
  "apy": 83.53285348204844,
  "ts": 1783636953.055115
 },
 "A:HMSTR": {
  "apy": 109.5,
  "ts": 1783378053.383459
 },
 "A:HYUNDAI": {
  "apy": 133.69950000000003,
  "ts": 1783583829.273504
 },
 "A:JCT": {
  "apy": 166.221,
  "ts": 1783972962.756701
 },
 "A:KIOXIA": {
  "apy": 274.8960414420317,
  "ts": 1783485107.048502
 },
 "A:KORU": {
  "apy": 83.80447912601731,
  "ts": 1783972962.756708
 },
 "A:LAB": {
  "apy": 203.3383080562098,
  "ts": 1783959114.880961
 },
 "A:M": {
  "apy": 151.548,
  "ts": 1783527656.236721
 },
 "A:MINIMAX": {
  "apy": 353.7945,
  "ts": 1783928109.003831
 },
 "A:MUU": {
  "apy": 89.07803693088135,
  "ts": 1783670648.630046
 },
 "A:NES": {
  "apy": 86.58752074927169,
  "ts": 1783623564.768051
 },
 "A:NGAS": {
  "apy": 140.16000000000003,
  "ts": 1783807510.452574
 },
 "A:O": {
  "apy": 80.0029695962508,
  "ts": 1783442490.569551
 },
 "A:POWER": {
  "apy": 151.767,
  "ts": 1783690427.318029
 },
 "A:RAM": {
  "apy": 360.58349999999996,
  "ts": 1783472962.247833
 },
 "A:RKLB": {
  "apy": 88.76527627884856,
  "ts": 1783753095.664296
 },
 "A:SIREN": {
  "apy": 88.695,
  "ts": 1783494824.082542
 },
 "A:SKHY": {
  "apy": 87.29456152257494,
  "ts": 1783949378.919735
 },
 "A:SOXL": {
  "apy": 81.687,
  "ts": 1783670648.630049
 },
 "A:SPCX": {
  "apy": 110.63590958825415,
  "ts": 1783732041.521587
 },
 "A:TAC": {
  "apy": 104.68199999999999,
  "ts": 1783642624.849004
 },
 "A:TRIA": {
  "apy": 107.42241625765499,
  "ts": 1783732041.521592
 },
 "A:TUT": {
  "apy": 134.685,
  "ts": 1783779016.83703
 },
 "A:UKOIL": {
  "apy": 259.296,
  "ts": 1783814989.212424
 },
 "A:UP": {
  "apy": 104.09944441120771,
  "ts": 1783779016.837036
 },
 "A:US": {
  "apy": 116.50800000000001,
  "ts": 1783959114.880969
 },
 "A:USOIL": {
  "apy": 191.625,
  "ts": 1783811296.822826
 },
 "A:XPIN": {
  "apy": 94.82700000000001,
  "ts": 1783799437.021778
 },
 "B:1000XEC": {
  "apy": 2640.2640000000006,
  "ts": 1783959114.881188
 },
 "B:AGLD": {
  "apy": 430.56265693529303,
  "ts": 1783869222.290786
 },
 "B:AI": {
  "apy": 206.4801170623086,
  "ts": 1783782945.167976
 },
 "B:ALAB": {
  "apy": 361.89750000000004,
  "ts": 1783504725.874156
 },
 "B:BANANA": {
  "apy": 349.743,
  "ts": 1783472962.248265
 },
 "B:BLAST": {
  "apy": 3445.308,
  "ts": 1783949378.920011
 },
 "B:BLUR": {
  "apy": 241.995,
  "ts": 1783939337.225591
 },
 "B:BTC": {
  "apy": 14.234999999999998,
  "ts": 1783682241.812864
 },
 "B:BZ": {
  "apy": 509.17499999999995,
  "ts": 1783554413.908521
 },
 "B:DATA": {
  "apy": 504.1379999999999,
  "ts": 1783972962.756899
 },
 "B:DODO": {
  "apy": 3623.355,
  "ts": 1783949378.920008
 },
 "B:EDGE": {
  "apy": 623.2740000000001,
  "ts": 1783485107.048698
 },
 "B:EPIC": {
  "apy": 371.42400000000004,
  "ts": 1783583829.273761
 },
 "B:ETH": {
  "apy": 18.286499999999997,
  "ts": 1783699439.810374
 },
 "B:EVAA": {
  "apy": 222.723,
  "ts": 1783828632.850258
 },
 "B:EWY": {
  "apy": 322.4775,
  "ts": 1783383556.393739
 },
 "B:GWEI": {
  "apy": 942.576,
  "ts": 1783966849.439937
 },
 "B:ID": {
  "apy": 222.504,
  "ts": 1783521516.718972
 },
 "B:IOTA": {
  "apy": 385.98749999999995,
  "ts": 1783743982.236071
 },
 "B:KAITO": {
  "apy": 215.277,
  "ts": 1783699439.810387
 },
 "B:KAT": {
  "apy": 274.188,
  "ts": 1783782945.167972
 },
 "B:KORU": {
  "apy": 547.5,
  "ts": 1783642624.849313
 },
 "B:LAB": {
  "apy": 624.588,
  "ts": 1783521516.718966
 },
 "B:MINIMAX": {
  "apy": 547.5,
  "ts": 1783485107.048701
 },
 "B:MIRA": {
  "apy": 727.08,
  "ts": 1783472962.24826
 },
 "B:MUU": {
  "apy": 547.5,
  "ts": 1783642624.849307
 },
 "B:NATGAS": {
  "apy": 453.9870000000001,
  "ts": 1783949378.920021
 },
 "B:NES": {
  "apy": 208.05,
  "ts": 1783838710.152839
 },
 "B:NG": {
  "apy": 210.71960553085606,
  "ts": 1783521516.718974
 },
 "B:OGN": {
  "apy": 1234.503,
  "ts": 1783630538.120503
 },
 "B:OPG": {
  "apy": 346.458,
  "ts": 1783658325.81378
 },
 "B:PARTI": {
  "apy": 261.048,
  "ts": 1783828632.850251
 },
 "B:PI": {
  "apy": 210.24000000000004,
  "ts": 1783939337.225592
 },
 "B:PIPPIN": {
  "apy": 2280.885,
  "ts": 1783432291.40102
 },
 "B:POWER": {
  "apy": 226.33649999999997,
  "ts": 1783630538.120517
 },
 "B:PROS": {
  "apy": 419.38500000000005,
  "ts": 1783372471.474545
 },
 "B:RAM": {
  "apy": 547.5,
  "ts": 1783642624.84931
 },
 "B:RE": {
  "apy": 241.55700000000002,
  "ts": 1783732041.52193
 },
 "B:SENT": {
  "apy": 1879.6770000000001,
  "ts": 1783972962.75689
 },
 "B:SKHY": {
  "apy": 211.55400000000003,
  "ts": 1783712968.755012
 },
 "B:SKL": {
  "apy": 430.992,
  "ts": 1783847654.909523
 },
 "B:SLX": {
  "apy": 316.674,
  "ts": 1783959114.881203
 },
 "B:SOL": {
  "apy": 10.950000000000001,
  "ts": 1783939337.225577
 },
 "B:SPELL": {
  "apy": 812.3804999999999,
  "ts": 1783595848.598827
 },
 "B:SXT": {
  "apy": 355.437,
  "ts": 1783939337.225588
 },
 "B:T": {
  "apy": 1277.208,
  "ts": 1783949378.920017
 },
 "B:THE": {
  "apy": 277.911,
  "ts": 1783630538.120514
 },
 "B:TLM": {
  "apy": 500.9625000000001,
  "ts": 1783959114.881197
 },
 "B:UMA": {
  "apy": 214.79333636858246,
  "ts": 1783791589.181015
 },
 "B:VANRY": {
  "apy": 292.80300000000005,
  "ts": 1783972962.756902
 },
 "B:XEC": {
  "apy": 2988.0359999999996,
  "ts": 1783959114.881184
 },
 "B:ZHIPU": {
  "apy": 222.504,
  "ts": 1783616716.142087
 },
 "C:AGLD": {
  "apy": 157.1325,
  "ts": 1783966849.440221
 },
 "C:ALLO": {
  "apy": 151.0316635014984,
  "ts": 1783959114.881833
 },
 "C:B": {
  "apy": 242.871,
  "ts": 1783699439.810691
 },
 "C:BANANA": {
  "apy": 680.2140000000002,
  "ts": 1783442490.570149
 },
 "C:BLUR": {
  "apy": 674.0819999999997,
  "ts": 1783457840.341373
 },
 "C:BZ": {
  "apy": 162.07910962446482,
  "ts": 1783814989.212856
 },
 "C:CL": {
  "apy": 187.6922498389644,
  "ts": 1783814989.212854
 },
 "C:CLO": {
  "apy": 176.51399999999998,
  "ts": 1783847654.909826
 },
 "C:EGLD": {
  "apy": 160.02053011696276,
  "ts": 1783595848.599165
 },
 "C:EPIC": {
  "apy": 209.3639999999998,
  "ts": 1783527656.237309
 },
 "C:ESPORTS": {
  "apy": 252.28800000000004,
  "ts": 1783606450.058301
 },
 "C:EVAA": {
  "apy": 191.187,
  "ts": 1783828632.850676
 },
 "C:EWY": {
  "apy": 333.4275,
  "ts": 1783383556.394074
 },
 "C:GRAM": {
  "apy": 155.92799999999997,
  "ts": 1783399042.556116
 },
 "C:GWEI": {
  "apy": 386.31600000000026,
  "ts": 1783873991.388137
 },
 "C:HMSTR": {
  "apy": 180.98566202073812,
  "ts": 1783485107.049138
 },
 "C:JCT": {
  "apy": 155.27100000000002,
  "ts": 1783972962.757214
 },
 "C:KAT": {
  "apy": 437.46499098160825,
  "ts": 1783699439.810689
 },
 "C:KIOXIA": {
  "apy": 260.2230414420317,
  "ts": 1783485107.049133
 },
 "C:KORU": {
  "apy": 209.583,
  "ts": 1783928109.004507
 },
 "C:LAB": {
  "apy": 423.6523080562098,
  "ts": 1783959114.881823
 },
 "C:LUMIA": {
  "apy": 174.105,
  "ts": 1783966849.440217
 },
 "C:MUU": {
  "apy": 561.8491516993497,
  "ts": 1783642624.849689
 },