{
 "A:AAOI": {
  "apy": 109.5,
  "ts": 1781598844.245662
 },
 "A:AIO": {
  "apy": 123.297,
  "ts": 1781255441.469664
 },
 "A:AIOT": {
  "apy": 97.674,
  "ts": 1781443128.441933
 },
 "A:BEAT": {
  "apy": 94.60799999999999,
  "ts": 1781314454.799605
 },
 "A:BILL": {
  "apy": 83.82041076356191,
  "ts": 1781370147.421492
 },
 "A:BLESS": {
  "apy": 117.165,
  "ts": 1781660495.373926
 },
 "A:BR": {
  "apy": 91.323,
  "ts": 1781679131.543362
 },
 "A:BSB": {
  "apy": 121.983,
  "ts": 1781645730.560944
 },
 "A:BTW": {
  "apy": 140.817,
  "ts": 1781370147.421484
 },
 "A:CL": {
  "apy": 146.51100000000002,
  "ts": 1781598844.245659
 },
 "A:CLO": {
  "apy": 250.31699999999998,
  "ts": 1781503647.304357
 },
 "A:COAI": {
  "apy": 143.0489784370371,
  "ts": 1781381222.120968
 },
 "A:COLLECT": {
  "apy": 128.334,
  "ts": 1781198861.59452
 },
 "A:DEXE": {
  "apy": 82.782,
  "ts": 1781390735.172339
 },
 "A:DXYZ": {
  "apy": 109.5,
  "ts": 1781598844.245665
 },
 "A:EPIC": {
  "apy": 99.645,
  "ts": 1781575970.552996
 },
 "A:ESPORTS": {
  "apy": 148.70100000000002,
  "ts": 1781697439.116855
 },
 "A:EVAA": {
  "apy": 117.822,
  "ts": 1781679131.543357
 },
 "A:EWY": {
  "apy": 147.79533776203996,
  "ts": 1781477463.956815
 },
 "A:FIGHT": {
  "apy": 127.89600000000002,
  "ts": 1781222947.478572
 },
 "A:FOLKS": {
  "apy": 155.49,
  "ts": 1781615860.482495
 },
 "A:GWEI": {
  "apy": 219.21899999999997,
  "ts": 1781565841.36302
 },
 "A:HMSTR": {
  "apy": 228.19799999999998,
  "ts": 1781208113.941371
 },
 "A:INX": {
  "apy": 332.661,
  "ts": 1781240569.507604
 },
 "A:JCT": {
  "apy": 136.656,
  "ts": 1781450915.885478
 },
 "A:JELLYJELLY": {
  "apy": 166.259394078732,
  "ts": 1781467795.206235
 },
 "A:KOPN": {
  "apy": 109.5,
  "ts": 1781697439.116858
 },
 "A:LAB": {
  "apy": 91.98,
  "ts": 1781697439.116861
 },
 "A:LITE": {
  "apy": 163.36206661559473,
  "ts": 1781482939.222063
 },
 "A:MYX": {
  "apy": 149.796,
  "ts": 1781473187.132604
 },
 "A:NAORIS": {
  "apy": 131.619,
  "ts": 1781279625.269699
 },
 "A:NOK": {
  "apy": 103.65945377704742,
  "ts": 1781634091.046524
 },
 "A:OPENAI": {
  "apy": 109.5,
  "ts": 1781482939.222075
 },
 "A:OUST": {
  "apy": 109.5,
  "ts": 1781279625.269703
 },
 "A:PLAY": {
  "apy": 129.21,
  "ts": 1781546524.408257
 },
 "A:POET": {
  "apy": 109.5,
  "ts": 1781279625.269701
 },
 "A:POWER": {
  "apy": 150.015,
  "ts": 1781304351.212087
 },
 "A:RAVE": {
  "apy": 134.1870911254926,
  "ts": 1781527329.430682
 },
 "A:RIVER": {
  "apy": 91.54200000000002,
  "ts": 1781216094.442793
 },
 "A:RKLB": {
  "apy": 86.84454375927645,
  "ts": 1781615860.482503
 },
 "A:SATL": {
  "apy": 109.5,
  "ts": 1781279625.269705
 },
 "A:SILVER": {
  "apy": 106.87200000000001,
  "ts": 1781477463.956826
 },
 "A:SIREN": {
  "apy": 1206.9089999999999,
  "ts": 1781697439.11685
 },
 "A:SKHYNIX": {
  "apy": 680.783729124369,
  "ts": 1781208113.941364
 },
 "A:SKYAI": {
  "apy": 246.813,
  "ts": 1781615860.482488
 },
 "A:SLX": {
  "apy": 114.31800000000001,
  "ts": 1781527329.430684
 },
 "A:SOON": {
  "apy": 168.35268042802738,
  "ts": 1781645730.560939
 },
 "A:SOXL": {
  "apy": 146.40150000000003,
  "ts": 1781660495.373918
 },
 "A:SPCX": {
  "apy": 424.42199999999997,
  "ts": 1781575970.552985
 },
 "A:TRUTH": {
  "apy": 160.4333341293495,
  "ts": 1781414396.821648
 },
 "A:UB": {
  "apy": 85.73984991959158,
  "ts": 1781216094.442795
 },
 "A:UKOIL": {
  "apy": 103.149,
  "ts": 1781443128.441932
 },
 "A:VELVET": {
  "apy": 83.65800000000002,
  "ts": 1781645730.560947
 },
 "A:XAU": {
  "apy": 127.458,
  "ts": 1781477463.956822
 },
 "A:XMR": {
  "apy": 138.408,
  "ts": 1781546524.408254
 },
 "A:龙虾": {
  "apy": 95.265,
  "ts": 1781634091.046531
 },
 "B:ASTR": {
  "apy": 770.6610000000001,
  "ts": 1781222947.478983
 },
 "B:AXL": {
  "apy": 928.5599999999998,
  "ts": 1781375008.091317
 },
 "B:BEAT": {
  "apy": 305.6027794105035,
  "ts": 1781414396.822026
 },
 "B:BREV": {
  "apy": 334.851,
  "ts": 1781450915.88582
 },
 "B:BTC": {
  "apy": 11.607000000000001,
  "ts": 1781546524.408601
 },
 "B:BTW": {
  "apy": 246.813,
  "ts": 1781467795.206581
 },
 "B:BZ": {
  "apy": 233.454,
  "ts": 1781473187.132955
 },
 "B:CL": {
  "apy": 256.668,
  "ts": 1781473187.132951
 },
 "B:ENJ": {
  "apy": 252.28799999999998,
  "ts": 1781364092.645783
 },
 "B:ESPORTS": {
  "apy": 17520.0,
  "ts": 1781386650.977708
 },
 "B:ETH": {
  "apy": 11.2785,
  "ts": 1781527329.430947
 },
 "B:FIDA": {
  "apy": 421.35599999999994,
  "ts": 1781634091.046785
 },
 "B:GIGGLE": {
  "apy": 220.53300000000002,
  "ts": 1781467795.206586
 },
 "B:GRAM": {
  "apy": 621.96,
  "ts": 1781634091.046782
 },
 "B:GWEI": {
  "apy": 410.40600000000006,
  "ts": 1781679131.543614
 },
 "B:HIGH": {
  "apy": 917.7194999999999,
  "ts": 1781697439.11709
 },
 "B:HMSTR": {
  "apy": 209.802,
  "ts": 1781503647.304773
 },
 "B:HOME": {
  "apy": 1244.7959999999998,
  "ts": 1781697439.117088
 },
 "B:ICX": {
  "apy": 568.9620000000001,
  "ts": 1781314454.799875
 },
 "B:ID": {
  "apy": 1566.507,
  "ts": 1781697439.117084
 },
 "B:INFQ": {
  "apy": 337.1505,
  "ts": 1781240569.508023
 },
 "B:IRYS": {
  "apy": 276.816,
  "ts": 1781414396.822029
 },
 "B:MOVE": {
  "apy": 281.415,
  "ts": 1781356378.636429
 },
 "B:OPG": {
  "apy": 233.67299999999997,
  "ts": 1781575970.553335
 },
 "B:ORCA": {
  "apy": 288.642,
  "ts": 1781697439.117096
 },
 "B:PLAY": {
  "apy": 333.756,
  "ts": 1781208113.942018
 },
 "B:PORTAL": {
  "apy": 1303.269,
  "ts": 1781651344.312379
 },
 "B:RIF": {
  "apy": 433.62,
  "ts": 1781396417.150269
 },
 "B:SAHARA": {
  "apy": 340.545,
  "ts": 1781679131.543617
 },
 "B:SENT": {
  "apy": 638.604,
  "ts": 1781634091.04678
 },
 "B:SIREN": {
  "apy": 4380.0,
  "ts": 1781427298.635773
 },
 "B:SOL": {
  "apy": 13.359000000000002,
  "ts": 1781527329.430944
 },
 "B:SOPH": {
  "apy": 2547.627,
  "ts": 1781314454.799865
 },
 "B:SPACE": {
  "apy": 371.42400000000004,
  "ts": 1781697439.117094
 },
 "B:SPCX": {
  "apy": 255.135,
  "ts": 1781660495.374253
 },
 "B:STG": {
  "apy": 382.812,
  "ts": 1781634091.046787
 },
 "B:SXT": {
  "apy": 232.35900000000004,
  "ts": 1781198861.594928
 },
 "B:SYN": {
  "apy": 325.65299999999996,
  "ts": 1781645730.561233
 },
 "B:TON": {
  "apy": 223.59899999999996,
  "ts": 1781467795.206583
 },
 "B:TONCOIN": {
  "apy": 257.106,
  "ts": 1781443128.442234
 },
 "B:TRUMP": {
  "apy": 368.0389925644171,
  "ts": 1781267495.855676
 },
 "B:TRUMPOFFICIAL": {
  "apy": 382.37399999999997,
  "ts": 1781267495.855674
 },
 "B:TRX": {
  "apy": 228.417,
  "ts": 1781208113.942023
 },
 "B:UB": {
  "apy": 468.66,
  "ts": 1781467795.206578
 },
 "B:UKOIL": {
  "apy": 340.764,
  "ts": 1781473187.132949
 },
 "B:USELESS": {
  "apy": 228.417,
  "ts": 1781208113.942021
 },
 "B:USOIL": {
  "apy": 398.142,
  "ts": 1781473187.132947
 },
 "B:VELVET": {
  "apy": 391.572,
  "ts": 1781461387.990139
 },
 "B:ZKC": {
  "apy": 734.307,
  "ts": 1781565841.363293
 },
 "B:ZKP": {
  "apy": 277.692,
  "ts": 1781450915.885825
 },
 "C:AIN": {
  "apy": 154.17600000000002,
  "ts": 1781297759.577241
 },
 "C:AIO": {
  "apy": 205.203,
  "ts": 1781222947.47922
 },
 "C:ASTR": {
  "apy": 244.73250000000002,
  "ts": 1781240569.508316
 },
 "C:BEAT": {
  "apy": 168.57453342100618,
  "ts": 1781482939.222815
 },
 "C:BSB": {
  "apy": 177.828,
  "ts": 1781598844.246502
 },
 "C:BTW": {
  "apy": 257.763,
  "ts": 1781467795.206805
 },
 "C:BZ": {
  "apy": 244.404,
  "ts": 1781473187.13333
 },
 "C:CL": {
  "apy": 267.618,
  "ts": 1781473187.133328
 },
 "C:ENSO": {
  "apy": 166.92238051087745,
  "ts": 1781314454.800223
 },
 "C:ESPORTS": {
  "apy": 200.82300000000004,
  "ts": 1781697439.117303
 },
 "C:EVAA": {
  "apy": 154.17600000000002,
  "ts": 1781477463.957498
 },
 "C:FOLKS": {
  "apy": 170.05349999999993,
  "ts": 1781575970.553577
 },
 "C:HIGH": {
  "apy": 923.5230000000001,
  "ts": 1781255441.470178
 },
 "C:HOME": {
  "apy": 356.5795502047058,
  "ts": 1781651344.312595
 },
 "C:ID": {
  "apy": 241.11899999999991,
  "ts": 1781240569.508318
 },
 "C:IP": {
  "apy": 162.93600000000004,