date,code,name,bucket,group,hot_added,close,turnover,med20_turnover,surge_1d,ret_0,gap,flag,mf_surge,mf_z,mf_share_delta,universe_n,backfilled,recorded_at,entry_date,entry_open,ret_1,ret_5,ret_20,ex_1,ex_5,ex_20,exb_1,exb_5,exb_20,split_date
2026-09-29,1332,ニッスイ,leader,水産・農林業,,1117,2242824300,2097126225,1.069,-0.02827,-0.01261,,,,,620,1,2026-10-04T02:46:38+00:00,2026-10-05,1100,0.00136,,,-0.00085,,,-0.00149,,,
2026-09-29,1333,Ｕｍｉｏｓ,core,水産・農林業,,1240.5,694307850,536114550,1.295,-0.03199,-0.01678,,,,,620,1,2026-10-04T02:46:38+00:00,2026-10-05,1209,-0.00165,,,-0.00386,,,-0.00467,,,
2026-09-29,135A,(株)ＶＲＡＩＮ　Ｓｏｌｕｔｉｏｎ,hot,情報・通信業,2026-09-07,5040,546840000,348129750,1.571,0.03597,0.01439,near,,,,620,1,2026-10-04T02:46:38+00:00,2026-10-05,5420,-0.00923,,,-0.01145,,,-0.00876,,,
2026-09-29,1414,ショーボンドホールディングス,core,建設業,,1252.5,1302474750,1053243325,1.237,-0.00398,-0.00199,,,,,620,1,2026-10-04T02:46:38+00:00,2026-10-05,1244,-0.01527,,,-0.01749,,,-0.01829,,,
2026-09-29,1417,ミライト・ワン,core,建設業,,3463,1004962600,687875900,1.461,-0.02670,-0.01771,,,,,620,1,2026-10-04T02:46:38+00:00,2026-10-05,3450,0.00058,,,-0.00163,,,-0.00244,,,
2026-09-29,1605,ＩＮＰＥＸ,leader,鉱業,,3671,20275300100,20928316850,0.969,-0.03775,-0.02254,,,,,620,1,2026-10-04T02:46:38+00:00,2026-10-05,3658,0.00082,,,-0.00139,,,-0.00203,,,
2026-09-29,1719,安藤・間,core,建設業,,1810,2093808000,1298960875,1.612,-0.04862,-0.02286,near,,,,620,1,2026-10-04T02:46:38+00:00,2026-10-05,1776.5,-0.01323,,,-0.01545,,,-0.01625,,,
2026-09-29,1721,コムシスホールディングス,leader,建設業,,5412,2651880000,1917322950,1.383,-0.01868,-0.01759,,,,,620,1,2026-10-04T02:46:38+00:00,2026-10-05,5487,0.00437,,,0.00215,,,0.00152,,,
2026-09-29,1801,大成建設,leader,建設業,,11950,9595850000,9012953250,1.065,-0.03590,-0.01896,,,,,620,1,2026-10-04T02:46:38+00:00,2026-10-05,12190,-0.00779,,,-0.01001,,,-0.01064,,,
2026-09-29,1802,大林組,leader,建設業,,2952.5,9513840750,7353067150,1.294,-0.03387,-0.01865,,,,,620,1,2026-10-04T02:46:38+00:00,2026-10-05,2975,-0.00891,,,-0.01112,,,-0.01176,,,
2026-09-29,1803,清水建設,leader,建設業,,2096.5,12242721400,8155284525,1.501,-0.04705,-0.01818,near,,,,620,1,2026-10-04T02:46:38+00:00,2026-10-05,2100,0.00476,,,0.00255,,,0.00191,,,
2026-09-29,1808,長谷工コーポレーション,leader,建設業,,2595.5,2162051500,2511581500,0.861,-0.04735,-0.02000,,,,,620,1,2026-10-04T02:46:38+00:00,2026-10-05,2576,-0.00019,,,-0.00241,,,-0.00304,,,
2026-09-29,1812,鹿島建設,leader,建設業,,4847,31776447300,9141085850,3.476,-0.00839,-0.01391,candidate,,,,620,1,2026-10-04T02:46:38+00:00,2026-10-05,4884,-0.00942,,,-0.01163,,,-0.01227,,,
2026-09-29,1820,西松建設,core,建設業,,5361,1124201700,715803450,1.571,-0.04997,-0.02534,near,,,,620,1,2026-10-04T02:46:38+00:00,2026-10-05,5301,-0.01245,,,-0.01466,,,-0.01547,,,
2026-09-29,1860,戸田建設,core,建設業,,1433,936465500,1054662600,0.888,-0.03793,-0.02249,,,,,620,1,2026-10-04T02:46:38+00:00,2026-10-05,1408.5,-0.01775,,,-0.01996,,,-0.02077,,,
2026-09-29,1878,大東建託,core,不動産業,,3143,6489037800,4561627550,1.423,-0.04177,-0.03293,,,,,620,1,2026-10-04T02:46:38+00:00,2026-10-05,3129,-0.00959,,,-0.01180,,,-0.01261,,,
2026-09-29,1893,五洋建設,core,建設業,,1457,2565631300,3173667400,0.808,-0.04018,-0.02273,,,,,620,1,2026-10-04T02:46:38+00:00,2026-10-05,1451,-0.01516,,,-0.01738,,,-0.01818,,,
2026-09-29,1911,住友林業,core,建設業,,1185,7803106500,5744646600,1.358,-0.02228,-0.00784,,,,,620,1,2026-10-04T02:46:38+00:00,2026-10-05,1185,-0.00633,,,-0.00855,,,-0.00935,,,
2026-09-29,1925,大和ハウス工業,leader,建設業,,2173.5,11914257600,8907402900,1.338,-0.03849,-0.02499,,,,,620,1,2026-10-04T02:46:38+00:00,2026-10-05,2158,-0.00185,,,-0.00407,,,-0.00470,,,
2026-09-29,1928,積水ハウス,leader,建設業,,3317,7775711400,7874809050,0.987,-0.01719,-0.00563,,,,,620,1,2026-10-04T02:46:38+00:00,2026-10-05,3319,-0.00181,,,-0.00402,,,-0.00466,,,
2026-09-29,1942,関電工,core,建設業,,5470,7096231000,3928310850,1.806,-0.03357,-0.01908,near,,,,620,1,2026-10-04T02:46:38+00:00,2026-10-05,5557,-0.00630,,,-0.00851,,,-0.00932,,,
2026-09-29,1944,きんでん,core,建設業,,6675,4219935000,3789357450,1.114,-0.03499,-0.02414,,,,,620,1,2026-10-04T02:46:38+00:00,2026-10-05,6855,0.00073,,,-0.00148,,,-0.00229,,,
2026-09-29,1951,エクシオグループ,core,建設業,,2532,1074834000,1159589025,0.927,-0.03007,-0.01571,,,,,620,1,2026-10-04T02:46:38+00:00,2026-10-05,2524.5,0.00376,,,0.00154,,,0.00074,,,
2026-09-29,1959,クラフティア,core,建設業,,7898,1382150000,1240217100,1.114,-0.02866,-0.02472,,,,,620,1,2026-10-04T02:46:38+00:00,2026-10-05,7995,-0.00313,,,-0.00534,,,-0.00615,,,
2026-09-29,1963,日揮ホールディングス,leader,建設業,,2212,2213106000,3498258300,0.633,-0.02705,-0.00924,,,,,620,1,2026-10-04T02:46:38+00:00,2026-10-05,2254.5,0.00000,,,-0.00221,,,-0.00285,,,
2026-09-29,1969,高砂熱学工業,core,建設業,,4627,2579089800,2386212250,1.081,-0.01343,-0.00320,,,,,620,1,2026-10-04T02:46:38+00:00,2026-10-05,4679,-0.00577,,,-0.00798,,,-0.00879,,,
2026-09-29,2002,日清製粉グループ本社,leader,食料品,,1968,1793044800,1883587400,0.952,-0.02767,-0.01853,,,,,620,1,2026-10-04T02:46:38+00:00,2026-10-05,1946.5,0.00796,,,0.00575,,,0.00511,,,
2026-09-29,2127,日本Ｍ＆Ａセンターホールディングス,core,サービス業,,614.7999878,1763430805,2576326487,0.684,-0.02737,-0.02421,,,,,620,1,2026-10-04T02:46:38+00:00,2026-10-05,612,-0.00343,,,-0.00564,,,-0.00645,,,
2026-09-29,2160,(株)ジーエヌアイグループ,hot,医薬品,2026-09-21,3260,3510042000,2881730700,1.218,0.02355,0.00785,,,,,620,1,2026-10-04T02:46:38+00:00,2026-10-05,3330,0.03754,,,0.03532,,,0.03802,,,
2026-09-29,2181,パーソルホールディングス(株),hot,サービス業,2026-09-21,282.7999878,2030956392,2895549762,0.701,-0.02516,-0.02241,,,,,620,1,2026-10-04T02:46:38+00:00,2026-10-05,279.2000122,-0.00895,,,-0.01116,,,-0.00847,,,
2026-09-29,2201,森永製菓,core,食料品,,2383,1275619900,840486600,1.518,-0.02376,-0.00942,near,,,,620,1,2026-10-04T02:46:38+00:00,2026-10-05,2343.5,0.00469,,,0.00247,,,0.00167,,,
2026-09-29,2206,江崎グリコ,core,食料品,,4958,937062000,851771100,1.100,-0.01235,0.00000,,,,,620,1,2026-10-04T02:46:38+00:00,2026-10-05,4981,0.00783,,,0.00562,,,0.00481,,,
2026-09-29,2212,山崎製パン,core,食料品,,3565,2157538000,2299201000,0.938,-0.02060,-0.00275,,,,,620,1,2026-10-04T02:46:38+00:00,2026-10-05,3535,-0.00255,,,-0.00477,,,-0.00557,,,
2026-09-29,2222,寿スピリッツ,core,食料品,,2427.5,1789067500,1499873150,1.193,-0.03747,-0.01269,,,,,620,1,2026-10-04T02:46:38+00:00,2026-10-05,2395.5,0.01169,,,0.00948,,,0.00867,,,
2026-09-29,2229,カルビー,core,食料品,,2986.5,1281805800,771030700,1.662,-0.01630,-0.00593,near,,,,620,1,2026-10-04T02:46:38+00:00,2026-10-05,2995.5,0.00684,,,0.00462,,,0.00382,,,
2026-09-29,2264,森永乳業,core,食料品,,1071,2023011900,2096017400,0.965,-0.03600,-0.01530,,,,,620,1,2026-10-04T02:46:38+00:00,2026-10-05,1038,0.00385,,,0.00164,,,0.00083,,,
2026-09-29,2267,ヤクルト本社,core,食料品,,2735,3459501500,2794563200,1.238,-0.02199,-0.01806,,,,,620,1,2026-10-04T02:46:38+00:00,2026-10-05,2718,0.00350,,,0.00129,,,0.00048,,,
2026-09-29,2269,明治ホールディングス,leader,食料品,,4168,4880728000,4272068250,1.142,-0.02640,-0.01285,,,,,620,1,2026-10-04T02:46:38+00:00,2026-10-05,4065,0.00713,,,0.00492,,,0.00428,,,
2026-09-29,2282,日本ハム,leader,食料品,,1955.5,2674146250,3155548050,0.847,-0.03097,-0.00545,,,,,620,1,2026-10-04T02:46:38+00:00,2026-10-05,1990,-0.00302,,,-0.00524,,,-0.00587,,,
2026-09-29,2327,日鉄ソリューションズ,core,情報・通信業,,3788,1020487200,912566200,1.118,-0.01865,-0.01554,,,,,620,1,2026-10-04T02:46:38+00:00,2026-10-05,3776,-0.01774,,,-0.01996,,,-0.02076,,,
2026-09-29,2331,ＡＬＳＯＫ,core,サービス業,,1169,1580020400,1396469400,1.131,-0.02988,-0.01784,,,,,620,1,2026-10-04T02:46:38+00:00,2026-10-05,1156,0.00216,,,-0.00005,,,-0.00086,,,
2026-09-29,2353,日本駐車場開発(株),hot,不動産業,2026-09-14,256,645913600,493947200,1.308,-0.01538,0.00769,,,,,620,1,2026-10-04T02:46:38+00:00,2026-10-05,256,0.00000,,,-0.00221,,,0.00047,,,
2026-09-29,2354,(株)ＹＥ　ＤＩＧＩＴＡＬ,hot,情報・通信業,2026-09-07,1228,276300000,818151000,0.338,-0.00163,-0.00081,,,,,620,1,2026-10-04T02:46:38+00:00,2026-10-05,1199,-0.00334,,,-0.00556,,,-0.00286,,,
2026-09-29,2371,カカクコム,core,サービス業,,3791,1378407600,723014700,1.906,-0.00499,-0.00499,near,,,,620,1,2026-10-04T02:46:38+00:00,2026-10-05,3817,-0.00183,,,-0.00404,,,-0.00485,,,
2026-09-29,2413,エムスリー,leader,サービス業,,1770.5,5726682250,6101757250,0.939,-0.00590,-0.00056,,,,,620,1,2026-10-04T02:46:38+00:00,2026-10-05,1749,0.00829,,,0.00608,,,0.00544,,,
2026-09-29,2432,ディー・エヌ・エー,leader,情報・通信業,,2522.5,5199124750,2807600700,1.852,-0.00865,-0.00039,near,,,,620,1,2026-10-04T02:46:38+00:00,2026-10-05,2512,-0.00796,,,-0.01018,,,-0.01081,,,
2026-09-29,2433,博報堂ＤＹホールディングス,core,サービス業,,1297,794542200,1127563425,0.705,-0.02554,-0.01991,,,,,620,1,2026-10-04T02:46:38+00:00,2026-10-05,1298,-0.01002,,,-0.01223,,,-0.01304,,,
2026-09-29,2501,サッポロホールディングス,leader,食料品,,1800,2057940000,2029740775,1.014,0.00474,-0.00084,,,,,620,1,2026-10-04T02:46:38+00:00,2026-10-05,1845,0.01463,,,0.01242,,,0.01178,,,
2026-09-29,2502,アサヒグループホールディングス,leader,食料品,,1582,9325731800,9022404300,1.034,-0.00939,0.00157,,,,,620,1,2026-10-04T02:46:38+00:00,2026-10-05,1564.5,0.01278,,,0.01056,,,0.00993,,,
2026-09-29,2503,キリンホールディングス,leader,食料品,,2817.5,8585767750,7932769700,1.082,-0.00617,-0.00459,,,,,620,1,2026-10-04T02:46:38+00:00,2026-10-05,2808,0.00374,,,0.00152,,,0.00089,,,
2026-09-29,2531,宝ホールディングス(株),hot,食料品,2026-09-07,2620.5,2165319150,1435563450,1.508,0.00095,0.00286,near,,,,620,1,2026-10-04T02:46:38+00:00,2026-10-05,2624.5,0.00838,,,0.00617,,,0.00886,,,
2026-09-29,2579,コカ・コーラ　ボトラーズジャパンホールディングス,core,食料品,,3704,2983942400,2529984800,1.179,-0.02011,-0.00794,,,,,620,1,2026-10-04T02:46:38+00:00,2026-10-05,3786,-0.00343,,,-0.00564,,,-0.00645,,,
2026-09-29,2587,サントリービバレッジ＆フード,core,食料品,,4472,3507389600,4191772000,0.837,-0.00733,0.00400,,,,,620,1,2026-10-04T02:46:38+00:00,2026-10-05,4475,0.00603,,,0.00381,,,0.00301,,,
2026-09-29,2593,伊藤園,core,食料品,,3046,956444000,1060929600,0.902,-0.02121,-0.00257,,,,,620,1,2026-10-04T02:46:38+00:00,2026-10-05,3060,0.00915,,,0.00694,,,0.00613,,,
2026-09-29,2607,不二製油,core,食料品,,4232,1441842400,1184461300,1.217,-0.04513,-0.00948,,,,,620,1,2026-10-04T02:46:38+00:00,2026-10-05,4238,0.01392,,,0.01171,,,0.01090,,,
2026-09-29,2670,エービーシー・マート,core,小売業,,2720,1443232000,1531832250,0.942,-0.00055,-0.00386,,,,,620,1,2026-10-04T02:46:38+00:00,2026-10-05,2666.5,0.01631,,,0.01410,,,0.01329,,,
2026-09-29,2737,(株)トーメンデバイス,hot,卸売業,2026-08-03,39050,6353435000,4444320000,1.430,-0.00128,0.00895,,,,,620,1,2026-10-04T02:46:38+00:00,2026-10-05,38500,-0.04805,,,-0.05027,,,-0.04757,,,
2026-09-29,2768,双日,leader,卸売業,,5560,6969460000,7037025000,0.990,-0.02899,-0.01904,,,,,620,1,2026-10-04T02:46:38+00:00,2026-10-05,5575,-0.01381,,,-0.01602,,,-0.01666,,,
2026-09-29,2784,アルフレッサ　ホールディングス,core,卸売業,,2281,1278956700,995461600,1.285,-0.02771,-0.01513,,,,,620,1,2026-10-04T02:46:38+00:00,2026-10-05,2221,0.00225,,,0.00003,,,-0.00077,,,
2026-09-29,278A,Ｔｅｒｒａ　Ｄｒｏｎｅ(株),hot,精密機器,2026-09-07,9780,10757022000,42100266000,0.256,0.00154,-0.01485,,,,,620,1,2026-10-04T02:46:38+00:00,2026-10-05,8900,0.01685,,,0.01464,,,0.01733,,,
2026-09-29,2801,キッコーマン,leader,食料品,,1646.5,6509273100,6083301150,1.070,-0.01111,-0.00811,,,,,620,1,2026-10-04T02:46:38+00:00,2026-10-05,1661,0.02980,,,0.02758,,,0.02695,,,
2026-09-29,2802,味の素,leader,食料品,,4978,13137439800,14790863400,0.888,-0.00559,-0.00919,,,,,620,1,2026-10-04T02:46:38+00:00,2026-10-05,5280,0.00777,,,0.00556,,,0.00492,,,
2026-09-29,2809,キユーピー,core,食料品,,4407,1517330100,1421167500,1.068,-0.00294,-0.00226,,,,,620,1,2026-10-04T02:46:38+00:00,2026-10-05,4285,0.00490,,,0.00268,,,0.00188,,,
2026-09-29,2810,ハウス食品グループ本社,core,食料品,,4004,1107906800,943164000,1.175,-0.01694,-0.01768,,,,,620,1,2026-10-04T02:46:38+00:00,2026-10-05,3980,0.01432,,,0.01210,,,0.01130,,,
2026-09-29,2811,カゴメ,core,食料品,,2621,954044000,738762450,1.291,-0.01798,-0.00150,,,,,620,1,2026-10-04T02:46:38+00:00,2026-10-05,2626,0.00381,,,0.00160,,,0.00079,,,
2026-09-29,285A,キオクシアホールディングス,hot,電気機器,,17880,743310936000,1516724477658,0.490,0.00562,0.01012,,,,,620,1,2026-10-04T02:46:38+00:00,2026-10-05,19620,-0.02548,,,-0.02769,,,-0.02500,,,
2026-09-29,2871,ニチレイ,leader,食料品,,2159,2827426400,2344668200,1.206,-0.02572,-0.01173,,,,,620,1,2026-10-04T02:46:38+00:00,2026-10-05,2083,0.00624,,,0.00402,,,0.00339,,,
2026-09-29,2875,東洋水産,core,食料品,,9482,3743493600,4173560000,0.897,-0.01975,-0.01137,,,,,620,1,2026-10-04T02:46:38+00:00,2026-10-05,9519,0.04202,,,0.03981,,,0.03900,,,
2026-09-29,2897,日清食品ホールディングス,core,食料品,,2862.5,3944238750,3402601450,1.159,-0.02237,-0.01349,,,,,620,1,2026-10-04T02:46:38+00:00,2026-10-05,2796.5,0.01913,,,0.01691,,,0.01611,,,
2026-09-29,290A,(株)Ｓｙｎｓｐｅｃｔｉｖｅ,hot,情報・通信業,2026-09-21,1387,1420149300,1459165600,0.973,-0.03681,-0.00139,,,,,620,1,2026-10-04T02:46:38+00:00,2026-10-05,1455,-0.00344,,,-0.00566,,,-0.00296,,,
2026-09-29,2914,日本たばこ産業,leader,食料品,,6885,35045338500,22667147400,1.546,0.00511,-0.00117,near,,,,620,1,2026-10-04T02:46:38+00:00,2026-10-05,6848,0.01197,,,0.00975,,,0.00912,,,
2026-09-29,2962,(株)テクニスコ,hot,金属製品,2026-09-21,2033,395215200,527505200,0.749,-0.02774,-0.00048,,,,,620,1,2026-10-04T02:46:38+00:00,2026-10-05,2687,0.07853,,,0.07632,,,0.07901,,,
2026-09-29,296A,令和アカウンティング・ホールディングス(株),hot,サービス業,2026-08-24,1176,34104000,80589450,0.423,-0.00759,0.00000,,,,,620,1,2026-10-04T02:46:38+00:00,2026-10-05,1112,-0.00180,,,-0.00401,,,-0.00133,,,
2026-09-29,3003,ヒューリック,core,不動産業,,1706.5,3763173800,3258311600,1.155,-0.01444,-0.00491,,,,,620,1,2026-10-04T02:46:38+00:00,2026-10-05,1683.5,-0.00297,,,-0.00519,,,-0.00599,,,
2026-09-29,3038,(株)神戸物産,hot,卸売業,2026-09-14,2969,5942453500,6258148250,0.950,0.00764,0.01120,,,,,620,1,2026-10-04T02:46:38+00:00,2026-10-05,2963.5,-0.00354,,,-0.00575,,,-0.00307,,,
2026-09-29,3048,ビックカメラ,core,小売業,,1689,851424900,924707650,0.921,-0.00354,0.00678,,,,,620,1,2026-10-04T02:46:38+00:00,2026-10-05,1641,0.00000,,,-0.00221,,,-0.00302,,,
2026-09-29,3064,ＭｏｎｏｔａＲＯ,core,小売業,,1919,2456895700,3449486800,0.712,-0.00852,0.00000,,,,,620,1,2026-10-04T02:46:38+00:00,2026-10-05,2038,0.02527,,,0.02305,,,0.02225,,,
2026-09-29,3086,Ｊ．フロントリテイリング,leader,小売業,,2660.5,2434889600,3440224800,0.708,-0.00894,-0.00019,,,,,620,1,2026-10-04T02:46:38+00:00,2026-10-05,2579,0.01183,,,0.00962,,,0.00898,,,
2026-09-29,3088,マツキヨココカラ＆カンパニー,core,小売業,,2427.5,4011686500,4615687750,0.869,-0.02412,-0.00864,,,,,620,1,2026-10-04T02:46:38+00:00,2026-10-05,2402,0.01228,,,0.01006,,,0.00926,,,
2026-09-29,3092,ＺＯＺＯ,leader,小売業,,1089,3766306500,3026886925,1.244,-0.02200,-0.02110,,,,,620,1,2026-10-04T02:46:38+00:00,2026-10-05,1088,0.00184,,,-0.00037,,,-0.00101,,,
2026-09-29,3099,三越伊勢丹ホールディングス,leader,小売業,,1618,4481051000,6690245350,0.670,-0.02735,-0.02134,,,,,620,1,2026-10-04T02:46:38+00:00,2026-10-05,1615,0.02755,,,0.02534,,,0.02470,,,
2026-09-29,3105,日清紡ホールディングス,core,電気機器,,2610.5,3347444150,1733518450,1.931,0.00173,0.01919,near,,,,620,1,2026-10-04T02:46:38+00:00,2026-10-05,2748.5,0.01510,,,0.01289,,,0.01208,,,
2026-09-29,3107,ダイワボウホールディングス,core,卸売業,,3719,1000411000,1240475050,0.806,-0.01483,-0.02225,,,,,620,1,2026-10-04T02:46:38+00:00,2026-10-05,3714,-0.01400,,,-0.01622,,,-0.01702,,,
2026-09-29,3116,トヨタ紡織,core,輸送用機器,,2167,1411800500,1326573975,1.064,-0.03539,-0.02537,,,,,620,1,2026-10-04T02:46:38+00:00,2026-10-05,2139,0.00865,,,0.00643,,,0.00563,,,
2026-09-29,3131,シンデン・ハイテックス(株),hot,卸売業,2026-08-03,7980,296856000,228758500,1.298,0.01916,0.01916,,,,,620,1,2026-10-04T02:46:38+00:00,2026-10-05,8160,-0.00123,,,-0.00345,,,-0.00076,,,
2026-09-29,3132,マクニカホールディングス,core,卸売業,,4255,2651716000,3369750500,0.787,0.00734,0.00000,,,,,620,1,2026-10-04T02:46:38+00:00,2026-10-05,4245,0.01296,,,0.01074,,,0.00994,,,
2026-09-29,3189,(株)ＡＮＡＰホールディングス,hot,小売業,2026-08-24,105,5974500,42196000,0.142,-0.01869,-0.00935,,,,,620,1,2026-10-04T02:46:38+00:00,2026-10-05,97,-0.05155,,,-0.05377,,,-0.05107,,,
2026-09-29,3197,すかいらーくホールディングス,core,小売業,,3125,3767812500,2931263200,1.285,-0.01108,-0.00759,,,,,620,1,2026-10-04T02:46:38+00:00,2026-10-05,3160,0.01234,,,0.01013,,,0.00932,,,
2026-09-29,3231,野村不動産ホールディングス,core,不動産業,,871,10591621300,3081359139,3.437,-0.03948,-0.02426,candidate,,,,620,1,2026-10-04T02:46:38+00:00,2026-10-05,853.0999756,-0.01184,,,-0.01405,,,-0.01486,,,
2026-09-29,3288,オープンハウスグループ,core,不動産業,,7362,1877310000,2205495200,0.851,-0.03132,-0.01447,,,,,620,1,2026-10-04T02:46:38+00:00,2026-10-05,7304,0.00671,,,0.00449,,,0.00369,,,
2026-09-29,3289,東急不動産ホールディングス,leader,不動産業,,1221.5,4463971750,3520662750,1.268,-0.04196,-0.02706,,,,,620,1,2026-10-04T02:46:38+00:00,2026-10-05,1205,-0.01203,,,-0.01425,,,-0.01488,,,
2026-09-29,3291,飯田グループホールディングス,core,不動産業,,2162.5,1153477500,1183863825,0.974,-0.03974,-0.02664,,,,,620,1,2026-10-04T02:46:38+00:00,2026-10-05,2116,-0.00402,,,-0.00624,,,-0.00704,,,
2026-09-29,3349,コスモス薬品,core,小売業,,6135,2711056500,2813840900,0.963,-0.01192,0.00338,,,,,620,1,2026-10-04T02:46:38+00:00,2026-10-05,6197,0.02114,,,0.01892,,,0.01812,,,
2026-09-29,3350,(株)メタプラネット,hot,卸売業,2026-07-12,281,3626979400,8579272500,0.423,0.00000,0.02847,,,,,620,1,2026-10-04T02:46:38+00:00,2026-10-05,295,0.00678,,,0.00456,,,0.00725,,,
2026-09-29,3360,シップヘルスケアホールディングス,core,卸売業,,2434.5,564560550,605255025,0.933,-0.00368,0.00286,,,,,620,1,2026-10-04T02:46:38+00:00,2026-10-05,2439,0.00636,,,0.00415,,,0.00334,,,
2026-09-29,336A,ダイナミックマッププラットフォーム(株),hot,情報・通信業,2026-09-07,1286,1969380400,6860697900,0.287,-0.03308,0.01278,,,,,620,1,2026-10-04T02:46:38+00:00,2026-10-05,1573,0.04768,,,0.04546,,,0.04816,,,
2026-09-29,3371,(株)ソフトクリエイトホールディングス,hot,情報・通信業,2026-09-14,2170,196168000,88809800,2.209,-0.00322,-0.00367,candidate,,,,620,1,2026-10-04T02:46:38+00:00,2026-10-05,2138,0.00374,,,0.00152,,,0.00421,,,
2026-09-29,3382,セブン＆アイ・ホールディングス,leader,小売業,,1977.5,19211017000,15931509450,1.206,-0.01125,-0.00200,,,,,620,1,2026-10-04T02:46:38+00:00,2026-10-05,1976,0.00202,,,-0.00019,,,-0.00083,,,
2026-09-29,3391,ツルハホールディングス,core,小売業,,2114,3446877000,3470915700,0.993,-0.01399,0.00513,,,,,620,1,2026-10-04T02:46:38+00:00,2026-10-05,2050,0.03829,,,0.03607,,,0.03527,,,
2026-09-29,3397,トリドールホールディングス,core,小売業,,4140,2765520000,1435400650,1.927,-0.02473,0.00000,near,,,,620,1,2026-10-04T02:46:38+00:00,2026-10-05,4121,0.00922,,,0.00701,,,0.00620,,,
2026-09-29,3401,帝人,leader,繊維製品,,1659.5,920026800,1047607800,0.878,-0.01805,-0.01746,,,,,620,1,2026-10-04T02:46:38+00:00,2026-10-05,1639.5,0.00122,,,-0.00100,,,-0.00163,,,
2026-09-29,3402,東レ,leader,繊維製品,,1241,5742975700,5183865550,1.108,-0.00839,-0.01398,,,,,620,1,2026-10-04T02:46:38+00:00,2026-10-05,1230,0.01098,,,0.00877,,,0.00813,,,
2026-09-29,3405,クラレ,leader,化学,,1791.5,2520103050,2514650850,1.002,0.00028,-0.00558,,,,,620,1,2026-10-04T02:46:38+00:00,2026-10-05,1771,0.00988,,,0.00766,,,0.00703,,,
2026-09-29,3407,旭化成,leader,化学,,1611.5,7072067750,7463405700,0.948,-0.01828,-0.01614,,,,,620,1,2026-10-04T02:46:38+00:00,2026-10-05,1636.5,0.00611,,,0.00390,,,0.00326,,,
2026-09-29,3436,SUMCO,hot,金属製品,,3040,28806128000,32745679300,0.880,0.00662,0.02318,,,,,620,1,2026-10-04T02:46:38+00:00,2026-10-05,3690,-0.01165,,,-0.01387,,,-0.01118,,,
2026-09-29,3449,(株)テクノフレックス,hot,金属製品,2026-08-03,4275,230422500,484281250,0.476,-0.00581,-0.00698,,,,,620,1,2026-10-04T02:46:38+00:00,2026-10-05,4575,0.02404,,,0.02182,,,0.02451,,,
2026-09-29,3539,(株)ＪＭホールディングス,hot,小売業,2026-09-14,1447,222403900,199887100,1.113,-0.01026,0.00274,,,,,620,1,2026-10-04T02:46:38+00:00,2026-10-05,1461,-0.01437,,,-0.01659,,,-0.01390,,,
2026-09-29,3542,(株)ベガコーポレーション,hot,小売業,2026-09-07,1537,9222000,24945250,0.370,-0.00389,0.00000,,,,,620,1,2026-10-04T02:46:38+00:00,2026-10-05,1561,0.01281,,,0.01060,,,0.01328,,,
2026-09-29,3549,クスリのアオキホールディングス,core,小売業,,3732,1472274000,1015498300,1.450,-0.02508,0.00496,,,,,620,1,2026-10-04T02:46:38+00:00,2026-10-05,4400,-0.01409,,,-0.01631,,,-0.01711,,,
2026-09-29,3560,(株)ほぼ日,hot,小売業,2026-09-21,5210,10420000,16736000,0.623,0.01165,0.00000,,,,,620,1,2026-10-04T02:46:38+00:00,2026-10-05,5150,0.01942,,,0.01720,,,0.01989,,,
2026-09-29,3563,ＦＯＯＤ　＆　ＬＩＦＥ　ＣＯＭＰＡＮＩＥＳ,core,小売業,,5051,10596492900,14560824000,0.728,-0.00257,-0.01777,,,,,620,1,2026-10-04T02:46:38+00:00,2026-10-05,5139,0.03911,,,0.03689,,,0.03609,,,
2026-09-29,3591,ワコールホールディングス,core,繊維製品,,3700,999740000,453594900,2.204,-0.05322,-0.01177,candidate,,,,620,1,2026-10-04T02:46:38+00:00,2026-10-05,3600,-0.00750,,,-0.00971,,,-0.01052,,,
2026-09-29,3623,ビリングシステム(株),hot,情報・通信業,2026-08-24,1278,19170000,25357300,0.756,0.00472,-0.00157,,,,,620,1,2026-10-04T02:46:38+00:00,2026-10-05,1266,-0.01185,,,-0.01406,,,-0.01137,,,
2026-09-29,3624,アクセルマーク(株),hot,情報・通信業,2026-09-14,86,36102800,59152750,0.610,-0.05495,-0.04396,,,,,620,1,2026-10-04T02:46:38+00:00,2026-10-05,86,0.01163,,,0.00941,,,0.01210,,,
2026-09-29,3626,ＴＩＳＩ,core,情報・通信業,,3950,7486040000,3503626600,2.137,0.00051,-0.00304,candidate,,,,620,1,2026-10-04T02:46:38+00:00,2026-10-05,3992,0.00601,,,0.00379,,,0.00299,,,
2026-09-29,3633,ＧＭＯペパボ(株),hot,情報・通信業,2026-08-17,2584,86047200,49970300,1.722,-0.01185,0.00880,near,,,,620,1,2026-10-04T02:46:38+00:00,2026-10-05,2662,-0.00751,,,-0.00973,,,-0.00704,,,
2026-09-29,3635,コーエーテクモホールディングス,core,情報・通信業,,1658,1021162200,1323520450,0.772,-0.00926,0.00000,,,,,620,1,2026-10-04T02:46:38+00:00,2026-10-05,1645,-0.01489,,,-0.01711,,,-0.01791,,,
2026-09-29,3645,(株)メディカルネット,hot,情報・通信業,2026-09-07,262,8462600,5853900,1.446,-0.00380,0.00760,,,,,620,1,2026-10-04T02:46:38+00:00,2026-10-05,254,-0.01181,,,-0.01402,,,-0.01133,,,
2026-09-29,3659,ネクソン,leader,情報・通信業,,2625.5,17968134350,8704736000,2.064,-0.14423,-0.13527,candidate,,,,620,1,2026-10-04T02:46:38+00:00,2026-10-05,2676.5,0.00149,,,-0.00072,,,-0.00136,,,
2026-09-29,3660,(株)アイスタイル,hot,情報・通信業,2026-08-17,473,321734600,476607200,0.675,-0.01458,0.00833,,,,,620,1,2026-10-04T02:46:38+00:00,2026-10-05,483,-0.02277,,,-0.02499,,,-0.02229,,,
2026-09-29,3664,(株)ＷＩＺＥ,hot,情報・通信業,2026-07-27,23,805577300,963145800,0.836,-0.04167,-0.04167,,,,,620,1,2026-10-04T02:46:38+00:00,2026-10-05,25,-0.04000,,,-0.04222,,,-0.03952,,,
2026-09-29,3676,(株)デジタルハーツホールディングス,hot,情報・通信業,2026-08-10,1049,84234700,184885500,0.456,-0.00095,0.00000,,,,,620,1,2026-10-04T02:46:38+00:00,2026-10-05,1051,-0.00095,,,-0.00316,,,-0.00047,,,
2026-09-29,3692,(株)ＦＦＲＩセキュリティ,hot,情報・通信業,2026-09-07,7320,1808040000,1689225000,1.070,0.03390,-0.00424,,,,,620,1,2026-10-04T02:46:38+00:00,2026-10-05,7850,0.03822,,,0.03600,,,0.03870,,,
2026-09-29,3697,ＳＨＩＦＴ,leader,情報・通信業,,844,2954928400,3437852108,0.860,-0.02642,-0.00877,,,,,620,1,2026-10-04T02:46:38+00:00,2026-10-05,875.4000244,0.00160,,,-0.00061,,,-0.00125,,,
2026-09-29,3769,ＧＭＯペイメントゲートウェイ,core,情報・通信業,,8573,1698311300,2713622300,0.626,-0.03053,-0.03065,,,,,620,1,2026-10-04T02:46:38+00:00,2026-10-05,8412,0.01189,,,0.00967,,,0.00887,,,
2026-09-29,3774,インターネットイニシアティブ,core,情報・通信業,,3391,1581562400,1595260000,0.991,-0.01453,-0.00610,,,,,620,1,2026-10-04T02:46:38+00:00,2026-10-05,3478,-0.00259,,,-0.00481,,,-0.00561,,,
2026-09-29,3861,王子ホールディングス,leader,パルプ・紙,,835.7000122,4043367369,2702802697,1.496,-0.02950,-0.02439,,,,,620,1,2026-10-04T02:46:38+00:00,2026-10-05,833.9000244,-0.00696,,,-0.00917,,,-0.00981,,,
2026-09-29,3923,(株)ラクス,hot,情報・通信業,2026-09-14,1025,1773762500,1755103050,1.011,-0.01062,-0.01062,,,,,620,1,2026-10-04T02:46:38+00:00,2026-10-05,1006.5,0.01242,,,0.01021,,,0.01290,,,
2026-09-29,3926,(株)オープンドア,hot,情報・通信業,2026-09-14,416,16723200,14180400,1.179,-0.03926,-0.01155,,,,,620,1,2026-10-04T02:46:38+00:00,2026-10-05,427,-0.03279,,,-0.03501,,,-0.03231,,,
2026-09-29,3937,(株)Ｕｂｉｃｏｍホールディングス,hot,情報・通信業,2026-08-17,1134,29030400,52533600,0.553,-0.00526,-0.00789,,,,,620,1,2026-10-04T02:46:38+00:00,2026-10-05,1112,-0.00450,,,-0.00671,,,-0.00402,,,
2026-09-29,3941,レンゴー,core,パルプ・紙,,1477,1515402000,1340432650,1.131,-0.02925,-0.01413,,,,,620,1,2026-10-04T02:46:38+00:00,2026-10-05,1520,-0.00658,,,-0.00880,,,-0.00960,,,
2026-09-29,3994,(株)マネーフォワード,hot,情報・通信業,2026-09-07,5858,1869287800,3018981300,0.619,-0.02691,-0.01346,,,,,620,1,2026-10-04T02:46:38+00:00,2026-10-05,5930,0.00118,,,-0.00103,,,0.00166,,,
2026-09-29,4004,レゾナック・ホールディングス,leader,化学,,13915,28428345000,27871624739,1.020,-0.03646,0.01790,,,,,620,1,2026-10-04T02:46:38+00:00,2026-10-05,17680,0.01810,,,0.01589,,,0.01525,,,
2026-09-29,4005,住友化学,leader,化学,,570.4000244,4786682925,6166102412,0.776,-0.01689,-0.00552,,,,,620,1,2026-10-04T02:46:38+00:00,2026-10-05,579.9000244,0.00569,,,0.00347,,,0.00284,,,
2026-09-29,4011,(株)ヘッドウォータース,hot,情報・通信業,2026-09-07,2243,32074900,94369000,0.340,-0.01276,-0.02201,,,,,620,1,2026-10-04T02:46:38+00:00,2026-10-05,2329,-0.01975,,,-0.02196,,,-0.01928,,,
2026-09-29,4021,日産化学,leader,化学,,8191,4296998600,3862545800,1.112,-0.00425,-0.01507,,,,,620,1,2026-10-04T02:46:38+00:00,2026-10-05,8540,0.02272,,,0.02051,,,0.01987,,,
2026-09-29,4025,多木化学(株),hot,化学,2026-08-10,5530,142674000,117183000,1.218,-0.03826,-0.00696,,,,,620,1,2026-10-04T02:46:38+00:00,2026-10-05,5570,0.04847,,,0.04625,,,0.04895,,,
2026-09-29,4042,東ソー,leader,化学,,2597,3203399500,2589664000,1.237,-0.01852,-0.01814,,,,,620,1,2026-10-04T02:46:38+00:00,2026-10-05,2600,0.00712,,,0.00490,,,0.00427,,,
2026-09-29,4043,トクヤマ,leader,化学,,4023,1797074100,1844855650,0.974,-0.01974,-0.02169,,,,,620,1,2026-10-04T02:46:38+00:00,2026-10-05,4081,0.02083,,,0.01861,,,0.01798,,,
2026-09-29,4045,東亞合成,core,化学,,1809,404673300,440314675,0.919,-0.00741,-0.00302,,,,,620,1,2026-10-04T02:46:38+00:00,2026-10-05,1801.5,0.01277,,,0.01056,,,0.00975,,,
2026-09-29,4047,関東電化工業(株),hot,化学,2026-09-21,2328,983347200,1311412900,0.750,0.00129,-0.00903,,,,,620,1,2026-10-04T02:46:38+00:00,2026-10-05,2527,0.01187,,,0.00966,,,0.01235,,,
2026-09-29,4052,フィーチャ(株),hot,情報・通信業,2026-08-03,999,1255443300,4192245700,0.299,-0.07414,-0.03800,,,,,620,1,2026-10-04T02:46:38+00:00,2026-10-05,1012,0.00494,,,0.00272,,,0.00541,,,
2026-09-29,4061,デンカ,leader,化学,,3214,2001357800,2059530900,0.972,-0.02665,-0.01969,,,,,620,1,2026-10-04T02:46:38+00:00,2026-10-05,3234,0.01515,,,0.01294,,,0.01230,,,
2026-09-29,4062,イビデン,leader,電気機器,,11020,84340468000,167636964000,0.503,-0.01210,-0.01121,,,,,620,1,2026-10-04T02:46:38+00:00,2026-10-05,12400,-0.01089,,,-0.01311,,,-0.01374,,,
2026-09-29,4063,信越化学工業,leader,化学,,5749,34989563800,34456261200,1.015,-0.01118,-0.01410,,,,,620,1,2026-10-04T02:46:38+00:00,2026-10-05,6150,0.01106,,,0.00885,,,0.00821,,,
2026-09-29,4075,ブレインズテクノロジー(株),hot,情報・通信業,2026-09-21,1348,466542800,592789800,0.787,-0.09893,-0.02005,,,,,620,1,2026-10-04T02:46:38+00:00,2026-10-05,1435,-0.04808,,,-0.05029,,,-0.04760,,,
2026-09-29,4091,日本酸素ホールディングス,core,化学,,5454,5368372200,3160783100,1.698,-0.00692,0.00000,near,,,,620,1,2026-10-04T02:46:38+00:00,2026-10-05,5418,0.02104,,,0.01883,,,0.01802,,,
2026-09-29,4114,日本触媒,core,化学,,2491.5,2701782600,2153075200,1.255,-0.03598,-0.02418,,,,,620,1,2026-10-04T02:46:38+00:00,2026-10-05,2565,-0.00565,,,-0.00787,,,-0.00867,,,
2026-09-29,4118,カネカ,core,化学,,5978,918220800,1209301950,0.759,-0.02591,-0.02232,,,,,620,1,2026-10-04T02:46:38+00:00,2026-10-05,5970,0.00687,,,0.00466,,,0.00385,,,
2026-09-29,4151,協和キリン,leader,医薬品,,2266,3888682600,3743458100,1.039,0.00890,-0.00423,,,,,620,1,2026-10-04T02:46:38+00:00,2026-10-05,2211,0.00158,,,-0.00063,,,-0.00127,,,
2026-09-29,4165,(株)プレイド,hot,情報・通信業,2026-08-17,656,155865600,246316500,0.633,-0.02671,-0.00593,,,,,620,1,2026-10-04T02:46:38+00:00,2026-10-05,714,-0.00420,,,-0.00641,,,-0.00372,,,
2026-09-29,417A,ブルーゾーンホールディングス,core,小売業,,1830,614514000,417199600,1.473,-0.02034,-0.01151,,,,,620,1,2026-10-04T02:46:38+00:00,2026-10-05,1825,-0.00219,,,-0.00441,,,-0.00521,,,
2026-09-29,4180,Ａｐｐｉｅｒ　Ｇｒｏｕｐ(株),hot,情報・通信業,2026-08-17,1382,1680788400,2141149850,0.785,-0.01777,-0.00711,,,,,620,1,2026-10-04T02:46:38+00:00,2026-10-05,1407,-0.02559,,,-0.02781,,,-0.02512,,,
2026-09-29,4182,三菱瓦斯化学,core,化学,,3772,3615839200,5376812700,0.672,-0.01231,-0.00498,,,,,620,1,2026-10-04T02:46:38+00:00,2026-10-05,3966,0.01689,,,0.01467,,,0.01387,,,
2026-09-29,4183,三井化学,leader,化学,,2036,12315560400,4907645100,2.509,-0.02630,-0.01602,candidate,,,,620,1,2026-10-04T02:46:38+00:00,2026-10-05,2120,0.02335,,,0.02114,,,0.02050,,,
2026-09-29,4186,東京応化工業,core,化学,,8262,7042528800,5976827300,1.178,-0.00554,-0.00638,,,,,620,1,2026-10-04T02:46:38+00:00,2026-10-05,9204,0.00087,,,-0.00134,,,-0.00215,,,
2026-09-29,4188,三菱ケミカルグループ,leader,化学,,1133.5,6519551950,6390212850,1.020,-0.02369,-0.01809,,,,,620,1,2026-10-04T02:46:38+00:00,2026-10-05,1162,0.00990,,,0.00769,,,0.00705,,,
2026-09-29,4194,ビジョナル,core,情報・通信業,,8661,2054389200,1845762500,1.113,-0.00448,-0.00644,,,,,620,1,2026-10-04T02:46:38+00:00,2026-10-05,8715,0.00034,,,-0.00187,,,-0.00268,,,
2026-09-29,4202,ダイセル,core,化学,,1385.5,1414179850,1211537750,1.167,-0.02840,-0.02525,,,,,620,1,2026-10-04T02:46:38+00:00,2026-10-05,1408,0.01705,,,0.01483,,,0.01403,,,
2026-09-29,4203,住友ベークライト,core,化学,,8212,5248289200,5390173500,0.974,0.00959,0.00000,,,,,620,1,2026-10-04T02:46:38+00:00,2026-10-05,9000,-0.00022,,,-0.00244,,,-0.00324,,,
2026-09-29,4204,積水化学工業,core,化学,,2491.5,3478383150,3587152250,0.970,-0.01229,-0.01070,,,,,620,1,2026-10-04T02:46:38+00:00,2026-10-05,2507,0.00499,,,0.00277,,,0.00197,,,
2026-09-29,4205,日本ゼオン,core,化学,,2409,2450193900,2026631300,1.209,-0.00352,0.00062,,,,,620,1,2026-10-04T02:46:38+00:00,2026-10-05,2411,0.01369,,,0.01148,,,0.01067,,,
2026-09-29,4206,アイカ工業,core,化学,,4180,1205094000,906895600,1.329,-0.02632,-0.01747,,,,,620,1,2026-10-04T02:46:38+00:00,2026-10-05,4188,0.01385,,,0.01163,,,0.01083,,,
2026-09-29,4208,ＵＢＥ,leader,化学,,3320,2755268000,2424240200,1.137,-0.03235,-0.02856,,,,,620,1,2026-10-04T02:46:38+00:00,2026-10-05,3350,0.00716,,,0.00494,,,0.00431,,,
2026-09-29,4272,日本化薬,core,化学,,2058.5,1127440450,1010532425,1.116,-0.01883,-0.01478,,,,,620,1,2026-10-04T02:46:38+00:00,2026-10-05,2088,0.00982,,,0.00761,,,0.00680,,,
2026-09-29,4307,野村総合研究所,leader,情報・通信業,,4971,8279200500,10412745000,0.795,-0.00719,-0.00399,,,,,620,1,2026-10-04T02:46:38+00:00,2026-10-05,4975,-0.00040,,,-0.00262,,,-0.00325,,,
2026-09-29,431A,ユーソナー(株),hot,情報・通信業,2026-09-07,2654,74842800,88072350,0.850,-0.01631,0.00000,,,,,620,1,2026-10-04T02:46:38+00:00,2026-10-05,2614,-0.03787,,,-0.04009,,,-0.03739,,,
2026-09-29,4324,電通グループ,leader,サービス業,,3538,3617251200,3408452400,1.061,-0.01421,-0.01616,,,,,620,1,2026-10-04T02:46:38+00:00,2026-10-05,3520,0.00426,,,0.00204,,,0.00141,,,
2026-09-29,4376,(株)くふうカンパニーホールディングス,hot,情報・通信業,2026-09-14,172,14688800,6095550,2.410,-0.04972,-0.03315,candidate,,,,620,1,2026-10-04T02:46:38+00:00,2026-10-05,190,-0.02105,,,-0.02327,,,-0.02057,,,
2026-09-29,4377,(株)ワンキャリア,hot,情報・通信業,2026-08-17,2317,116081700,159233000,0.729,-0.00771,-0.00428,,,,,620,1,2026-10-04T02:46:38+00:00,2026-10-05,2443,-0.02333,,,-0.02554,,,-0.02286,,,
2026-09-29,4380,(株)Ｍマート,hot,情報・通信業,2026-09-14,700,910000,4342300,0.210,-0.01961,0.00140,,,,,620,1,2026-10-04T02:46:38+00:00,2026-10-05,705,-0.02128,,,-0.02350,,,-0.02081,,,
2026-09-29,4381,ビープラッツ(株),hot,情報・通信業,2026-09-07,215,12298000,53758500,0.229,0.02381,0.00952,,,,,620,1,2026-10-04T02:46:38+00:00,2026-10-05,212,0.00472,,,0.00251,,,0.00519,,,
2026-09-29,4382,ＨＥＲＯＺ(株),hot,情報・通信業,2026-09-14,840,150360000,59093700,2.544,-0.01869,-0.00701,candidate,,,,620,1,2026-10-04T02:46:38+00:00,2026-10-05,866,0.03118,,,0.02896,,,0.03166,,,
2026-09-29,4385,メルカリ,leader,情報・通信業,,3585,6176596500,7373380000,0.838,-0.02076,-0.00710,,,,,620,1,2026-10-04T02:46:38+00:00,2026-10-05,3540,0.00452,,,0.00230,,,0.00167,,,
2026-09-29,438A,(株)インフキュリオン,hot,情報・通信業,2026-09-14,1040,103064000,64632800,1.595,-0.02072,-0.02825,near,,,,620,1,2026-10-04T02:46:38+00:00,2026-10-05,1072,-0.03638,,,-0.03860,,,-0.03590,,,
2026-09-29,4401,ＡＤＥＫＡ,core,化学,,4531,877654700,1142409800,0.768,-0.00810,-0.01160,,,,,620,1,2026-10-04T02:46:38+00:00,2026-10-05,4680,0.01132,,,0.00911,,,0.00830,,,
2026-09-29,4403,日油,core,化学,,2484,2096496000,2415942375,0.868,-0.02358,-0.01533,,,,,620,1,2026-10-04T02:46:38+00:00,2026-10-05,2528.5,0.00395,,,0.00174,,,0.00093,,,
2026-09-29,4436,(株)ミンカブ・ジ・インフォノイド,hot,情報・通信業,2026-09-21,704,615788800,11790350,52.228,0.01441,-0.01441,candidate,,,,620,1,2026-10-04T02:46:38+00:00,2026-10-05,639,-0.00782,,,-0.01004,,,-0.00735,,,
2026-09-29,4440,(株)ヴィッツ,hot,情報・通信業,2026-09-21,2278,508677400,4084738000,0.125,-0.10667,-0.00706,,,,,620,1,2026-10-04T02:46:38+00:00,2026-10-05,2440,0.02459,,,0.02237,,,0.02507,,,
2026-09-29,4443,Ｓａｎｓａｎ(株),hot,情報・通信業,2026-09-14,2031,2487771900,2997440250,0.830,-0.01072,0.01510,,,,,620,1,2026-10-04T02:46:38+00:00,2026-10-05,2049,0.02099,,,0.01878,,,0.02147,,,
2026-09-29,4446,Ｌｉｎｋ－Ｕグループ(株),hot,情報・通信業,2026-09-21,710,176151000,42663700,4.129,-0.01389,-0.00556,candidate,,,,620,1,2026-10-04T02:46:38+00:00,2026-10-05,719,0.00278,,,0.00056,,,0.00326,,,
2026-09-29,4452,花王,leader,化学,,3484,11602765200,8687635250,1.336,-0.00372,-0.00486,,,,,620,1,2026-10-04T02:46:38+00:00,2026-10-05,3440,0.00872,,,0.00651,,,0.00587,,,
2026-09-29,4478,フリー(株),hot,情報・通信業,2026-08-17,3600,1172880000,2068924000,0.567,-0.00552,-0.01657,,,,,620,1,2026-10-04T02:46:38+00:00,2026-10-05,3400,0.01618,,,0.01396,,,0.01665,,,
2026-09-29,4480,(株)メドレー,hot,情報・通信業,2026-08-17,2308,716864800,602175700,1.190,-0.02534,-0.00507,,,,,620,1,2026-10-04T02:46:38+00:00,2026-10-05,2284,0.00350,,,0.00129,,,0.00398,,,
2026-09-29,4502,武田薬品工業,leader,医薬品,,5739,27803159400,23473693750,1.184,-0.03221,-0.01164,,,,,620,1,2026-10-04T02:46:38+00:00,2026-10-05,5620,0.00338,,,0.00117,,,0.00053,,,
2026-09-29,4503,アステラス製薬,leader,医薬品,,2294,14399438000,13340444600,1.079,-0.02549,-0.01402,,,,,620,1,2026-10-04T02:46:38+00:00,2026-10-05,2244.5,-0.00423,,,-0.00645,,,-0.00708,,,
2026-09-29,4506,住友ファーマ,leader,医薬品,,1563,5042238000,5621278500,0.897,-0.01263,0.00000,,,,,620,1,2026-10-04T02:46:38+00:00,2026-10-05,1620,-0.02531,,,-0.02753,,,-0.02816,,,
2026-09-29,4507,塩野義製薬,leader,医薬品,,2838.5,8058217650,8029892075,1.004,-0.02724,-0.01422,,,,,620,1,2026-10-04T02:46:38+00:00,2026-10-05,2767.5,-0.03848,,,-0.04070,,,-0.04133,,,
2026-09-29,4516,日本新薬,core,医薬品,,3410,1917784000,1279701350,1.499,-0.02960,-0.01821,,,,,620,1,2026-10-04T02:46:38+00:00,2026-10-05,3365,-0.00297,,,-0.00519,,,-0.00599,,,
2026-09-29,4519,中外製薬,leader,医薬品,,6096,28902964800,16407361600,1.762,-0.04181,-0.00975,near,,,,620,1,2026-10-04T02:46:38+00:00,2026-10-05,6002,0.01450,,,0.01229,,,0.01165,,,
2026-09-29,4523,エーザイ,leader,医薬品,,4811,5971894300,5684382150,1.051,-0.02235,-0.01422,,,,,620,1,2026-10-04T02:46:38+00:00,2026-10-05,4705,-0.00978,,,-0.01200,,,-0.01263,,,
2026-09-29,4527,ロート製薬,core,医薬品,,2782.5,2520666750,2668270775,0.945,-0.00926,-0.00926,,,,,620,1,2026-10-04T02:46:38+00:00,2026-10-05,2798,-0.02573,,,-0.02794,,,-0.02875,,,
2026-09-29,4528,小野薬品工業,core,医薬品,,2333.5,3782370150,3153021950,1.200,-0.03154,-0.00892,,,,,620,1,2026-10-04T02:46:38+00:00,2026-10-05,2281.5,-0.00131,,,-0.00352,,,-0.00433,,,
2026-09-29,4536,参天製薬,core,医薬品,,1664.5,2318482050,2179925125,1.064,-0.02661,-0.00585,,,,,620,1,2026-10-04T02:46:38+00:00,2026-10-05,1653.5,0.00393,,,0.00172,,,0.00091,,,
2026-09-29,4540,ツムラ,core,医薬品,,3797,2057594300,1926503150,1.068,-0.01556,-0.01996,,,,,620,1,2026-10-04T02:46:38+00:00,2026-10-05,3726,-0.00510,,,-0.00732,,,-0.00812,,,
2026-09-29,4543,テルモ,leader,精密機器,,2277.5,11024011000,11078208100,0.995,-0.00524,0.00284,,,,,620,1,2026-10-04T02:46:38+00:00,2026-10-05,2277,0.00285,,,0.00064,,,0.00000,,,
2026-09-29,4544,Ｈ．Ｕ．グループホールディングス,core,サービス業,,3482,673070600,734540850,0.916,-0.02465,-0.01681,,,,,620,1,2026-10-04T02:46:38+00:00,2026-10-05,3451,0.00522,,,0.00300,,,0.00220,,,
2026-09-29,4564,オンコセラピー・サイエンス(株),hot,医薬品,2026-07-12,21,3064452300,3451581100,0.888,0.05000,0.00000,,,,,620,1,2026-10-04T02:46:38+00:00,2026-10-05,20,0.00000,,,-0.00221,,,0.00047,,,
2026-09-29,4568,第一三共,leader,医薬品,,2784.5,18193644550,16725278925,1.088,-0.01608,0.00000,,,,,620,1,2026-10-04T02:46:38+00:00,2026-10-05,2699,0.00630,,,0.00409,,,0.00345,,,
2026-09-29,456A,ＨＵＭＡＮ　ＭＡＤＥ(株),hot,小売業,2026-08-24,1929,2529111900,934152200,2.707,-0.01932,-0.03711,candidate,,,,620,1,2026-10-04T02:46:38+00:00,2026-10-05,2120,-0.01085,,,-0.01307,,,-0.01038,,,
2026-09-29,4578,大塚ホールディングス,leader,医薬品,,11400,20410560000,14497997500,1.408,0.02888,0.03836,,,,,620,1,2026-10-04T02:46:38+00:00,2026-10-05,11400,0.00219,,,-0.00002,,,-0.00066,,,
2026-09-29,4583,(株)カイオム・バイオサイエンス,hot,医薬品,2026-09-07,109,247299200,162206550,1.525,0.03810,-0.00952,near,,,,620,1,2026-10-04T02:46:38+00:00,2026-10-05,100,0.02000,,,0.01779,,,0.02048,,,
2026-09-29,4587,ペプチドリーム,core,医薬品,,1053.5,544975550,752294700,0.724,-0.01173,-0.00657,,,,,620,1,2026-10-04T02:46:38+00:00,2026-10-05,1074,-0.01629,,,-0.01851,,,-0.01931,,,
2026-09-29,4588,オンコリスバイオファーマ(株),hot,医薬品,2026-09-07,5630,8617841000,11631023000,0.741,-0.01228,0.00000,,,,,620,1,2026-10-04T02:46:38+00:00,2026-10-05,5950,0.09076,,,0.08854,,,0.09123,,,
2026-09-29,4597,ソレイジア・ファーマ(株),hot,医薬品,2026-07-12,30,1550364000,1891138950,0.820,0.00000,0.03333,,,,,620,1,2026-10-04T02:46:38+00:00,2026-10-05,31,0.00000,,,-0.00221,,,0.00047,,,
2026-09-29,4598,Ｄｅｌｔａ－Ｆｌｙ　Ｐｈａｒｍａ(株),hot,医薬品,2026-09-07,114,66439200,102219900,0.650,-0.01724,0.01724,,,,,620,1,2026-10-04T02:46:38+00:00,2026-10-05,112,-0.01786,,,-0.02008,,,-0.01739,,,
2026-09-29,460A,ＢＲＡＮＵ(株),hot,情報・通信業,2026-09-21,1216,30156800,24663000,1.223,-0.00164,-0.01478,,,,,620,1,2026-10-04T02:46:38+00:00,2026-10-05,1236,-0.06149,,,-0.06370,,,-0.06101,,,
2026-09-29,4612,日本ペイントホールディングス,core,化学,,1165,4162079000,3241232775,1.284,-0.01853,-0.00674,,,,,620,1,2026-10-04T02:46:38+00:00,2026-10-05,1158,0.03497,,,0.03275,,,0.03195,,,
2026-09-29,4613,関西ペイント,core,化学,,2770,2539259000,2155395800,1.178,-0.03096,-0.02361,,,,,620,1,2026-10-04T02:46:38+00:00,2026-10-05,2792,-0.00734,,,-0.00956,,,-0.01036,,,
2026-09-29,4626,太陽ホールディングス,core,化学,,4777,1999652200,1206542500,1.657,-0.00105,0.00000,near,,,,620,1,2026-10-04T02:46:38+00:00,2026-10-05,4825,-0.01098,,,-0.01320,,,-0.01400,,,
2026-09-29,4631,ＤＩＣ,core,化学,,4805,1812446000,2809050750,0.645,0.00021,-0.00437,,,,,620,1,2026-10-04T02:46:38+00:00,2026-10-05,4945,0.00627,,,0.00406,,,0.00325,,,
2026-09-29,4661,オリエンタルランド,leader,サービス業,,2889,18455509800,14833760400,1.244,-0.00448,0.00207,,,,,620,1,2026-10-04T02:46:38+00:00,2026-10-05,2805,0.01141,,,0.00920,,,0.00856,,,
2026-09-29,4665,ダスキン,core,サービス業,,4642,709297600,435224750,1.630,-0.01798,-0.01502,near,,,,620,1,2026-10-04T02:46:38+00:00,2026-10-05,4600,-0.00152,,,-0.00374,,,-0.00454,,,
2026-09-29,4666,パーク２４,core,不動産業,,1859,8212690200,1679868800,4.889,-0.04813,-0.01587,candidate,,,,620,1,2026-10-04T02:46:38+00:00,2026-10-05,1752,-0.00713,,,-0.00934,,,-0.01015,,,
2026-09-29,4667,アイサンテクノロジー(株),hot,情報・通信業,2026-09-14,1032,328795200,2376330208,0.138,-0.06039,-0.01487,,,,,620,1,2026-10-04T02:46:38+00:00,2026-10-05,1044,0.01149,,,0.00928,,,0.01196,,,
2026-09-29,4676,フジ・メディア・ホールディングス,core,情報・通信業,,3892,3749942000,2185240750,1.716,-0.04980,-0.03320,near,,,,620,1,2026-10-04T02:46:38+00:00,2026-10-05,3880,0.01005,,,0.00783,,,0.00703,,,
2026-09-29,4680,ラウンドワン,core,サービス業,,1222.5,2743045500,2427877800,1.130,0.00000,-0.00695,,,,,620,1,2026-10-04T02:46:38+00:00,2026-10-05,1259,-0.00913,,,-0.01134,,,-0.01215,,,
2026-09-29,4681,リゾートトラスト,core,サービス業,,1750.5,948420900,756897300,1.253,-0.01795,-0.00954,,,,,620,1,2026-10-04T02:46:38+00:00,2026-10-05,1733.5,-0.00202,,,-0.00424,,,-0.00504,,,
2026-09-29,4684,オービック,core,情報・通信業,,4988,6580668400,9166022100,0.718,0.00020,-0.00140,,,,,620,1,2026-10-04T02:46:38+00:00,2026-10-05,4988,0.00601,,,0.00379,,,0.00299,,,
2026-09-29,4689,ＬＩＮＥヤフー,leader,情報・通信業,,516.9000244,11328794455,10716657271,1.057,0.00213,-0.00562,,,,,620,1,2026-10-04T02:46:38+00:00,2026-10-05,493,-0.00933,,,-0.01154,,,-0.01218,,,
2026-09-29,4704,トレンドマイクロ,leader,情報・通信業,,6530,7436364000,6571367850,1.132,0.01413,0.01087,,,,,620,1,2026-10-04T02:46:38+00:00,2026-10-05,6718,0.00357,,,0.00135,,,0.00072,,,
2026-09-29,4716,日本オラクル,core,情報・通信業,,9527,2577053500,2284018250,1.128,-0.01080,0.00197,,,,,620,1,2026-10-04T02:46:38+00:00,2026-10-05,9682,0.00702,,,0.00481,,,0.00400,,,
2026-09-29,4732,ユー・エス・エス,core,サービス業,,1798,3681584800,2271553325,1.621,-0.02837,-0.01243,near,,,,620,1,2026-10-04T02:46:38+00:00,2026-10-05,1821,-0.00879,,,-0.01100,,,-0.01181,,,
2026-09-29,4733,オービックビジネスコンサルタント,core,情報・通信業,,8058,771150600,1436637600,0.537,-0.01564,-0.00794,,,,,620,1,2026-10-04T02:46:38+00:00,2026-10-05,8093,0.00284,,,0.00063,,,-0.00018,,,
2026-09-29,4751,サイバーエージェント,leader,サービス業,,1210,5425277000,5476588025,0.991,-0.01905,-0.02067,,,,,620,1,2026-10-04T02:46:38+00:00,2026-10-05,1221,0.00491,,,0.00270,,,0.00206,,,
2026-09-29,4755,楽天グループ,leader,サービス業,,676.0999756,13567906700,11728881964,1.157,-0.01701,-0.00669,,,,,620,1,2026-10-04T02:46:38+00:00,2026-10-05,658.7000122,0.00046,,,-0.00176,,,-0.00239,,,
2026-09-29,4768,大塚商会,core,情報・通信業,,3651,3776594400,4080972000,0.925,0.00634,0.00303,,,,,620,1,2026-10-04T02:46:38+00:00,2026-10-05,3644,0.00302,,,0.00081,,,0.00000,,,
2026-09-29,4833,(株)Ｄｅｆ　ｃｏｎｓｕｌｔｉｎｇ,hot,サービス業,2026-08-24,57,69517200,129726300,0.536,0.03636,-0.01818,,,,,620,1,2026-10-04T02:46:38+00:00,2026-10-05,59,-0.06780,,,-0.07001,,,-0.06732,,,
2026-09-29,485A,(株)パワーエックス,hot,電気機器,2026-09-21,2035,8291200500,14717153700,0.563,0.00197,0.00000,,,,,620,1,2026-10-04T02:46:38+00:00,2026-10-05,2123,0.03203,,,0.02982,,,0.03251,,,
2026-09-29,4875,メディシノバ,hot,医薬品,2026-09-21,292,16322800,29673900,0.550,-0.21505,-0.21505,,,,,620,1,2026-10-04T02:46:38+00:00,2026-10-05,288,-0.01042,,,-0.01264,,,-0.00995,,,
2026-09-29,4887,サワイグループホールディングス,core,医薬品,,1636,1149944400,1000092600,1.150,-0.02036,-0.01287,,,,,620,1,2026-10-04T02:46:38+00:00,2026-10-05,1589,0.00566,,,0.00345,,,0.00264,,,
2026-09-29,4901,富士フイルムホールディングス,leader,化学,,3319,13211943300,12618286200,1.047,-0.01073,-0.00417,,,,,620,1,2026-10-04T02:46:38+00:00,2026-10-05,3374,0.00889,,,0.00668,,,0.00604,,,
2026-09-29,4902,コニカミノルタ,leader,電気機器,,646.0999756,2408660709,2451093157,0.983,-0.02681,-0.02094,,,,,620,1,2026-10-04T02:46:38+00:00,2026-10-05,643.5999756,-0.00016,,,-0.00237,,,-0.00301,,,
2026-09-29,4911,資生堂,leader,化学,,3415,11364778500,8709238800,1.305,-0.03176,-0.03261,,,,,620,1,2026-10-04T02:46:38+00:00,2026-10-05,3277,-0.00092,,,-0.00313,,,-0.00377,,,
2026-09-29,4912,ライオン,core,化学,,1734.5,2177838200,2059162550,1.058,-0.00259,-0.00029,,,,,620,1,2026-10-04T02:46:38+00:00,2026-10-05,1720,0.00465,,,0.00243,,,0.00163,,,
2026-09-29,4922,コーセーホールディングス,core,化学,,5527,1788537200,1569918800,1.139,-0.02470,-0.01076,,,,,620,1,2026-10-04T02:46:38+00:00,2026-10-05,5392,-0.00538,,,-0.00760,,,-0.00840,,,
2026-09-29,4927,ポーラ・オルビスホールディングス,core,化学,,1365,719491500,596314675,1.207,-0.01551,-0.00829,,,,,620,1,2026-10-04T02:46:38+00:00,2026-10-05,1340.5,0.00000,,,-0.00221,,,-0.00302,,,
2026-09-29,4967,小林製薬,core,化学,,6849,3488195700,1128907250,3.090,-0.01026,-0.01012,candidate,,,,620,1,2026-10-04T02:46:38+00:00,2026-10-05,7057,0.00028,,,-0.00194,,,-0.00274,,,
2026-09-29,4980,デクセリアルズ,core,化学,,3153,6359601000,3801394400,1.673,0.04197,0.05221,near,,,,620,1,2026-10-04T02:46:38+00:00,2026-10-05,3462,0.00347,,,0.00126,,,0.00045,,,
2026-09-29,5016,ＪＸ金属(株),hot,非鉄金属,2026-09-21,3486,51299976000,56860599600,0.902,-0.01830,0.01042,,,,,620,1,2026-10-04T02:46:38+00:00,2026-10-05,3702,0.00270,,,0.00049,,,0.00318,,,
2026-09-29,5019,出光興産,leader,石油・石炭製品,,1586,6718613200,8782294575,0.765,-0.04916,-0.03297,,,,,620,1,2026-10-04T02:46:38+00:00,2026-10-05,1554.5,-0.01801,,,-0.02022,,,-0.02086,,,
2026-09-29,5020,ＥＮＥＯＳホールディングス,leader,石油・石炭製品,,1373.5,13007457050,13641010575,0.954,-0.03850,-0.02135,,,,,620,1,2026-10-04T02:46:38+00:00,2026-10-05,1368.5,-0.00475,,,-0.00696,,,-0.00760,,,
2026-09-29,5021,コスモエネルギーホールディングス,core,石油・石炭製品,,4261,2312870800,2706808200,0.854,-0.04994,-0.03233,,,,,620,1,2026-10-04T02:46:38+00:00,2026-10-05,4157,-0.00842,,,-0.01064,,,-0.01144,,,
2026-09-29,504A,イノバセル(株),hot,医薬品,2026-08-24,602,47678400,53241000,0.896,0.01007,0.00336,,,,,620,1,2026-10-04T02:46:38+00:00,2026-10-05,607,-0.04448,,,-0.04670,,,-0.04400,,,
2026-09-29,5076,インフロニア・ホールディングス,core,建設業,,2731.5,4153792050,4261548000,0.975,-0.05057,-0.02294,,,,,620,1,2026-10-04T02:46:38+00:00,2026-10-05,2296,0.01481,,,0.01260,,,0.01179,,,
2026-09-29,5101,横浜ゴム,leader,ゴム製品,,6800,6141760000,6187182150,0.993,-0.00395,0.00571,,,,,620,1,2026-10-04T02:46:38+00:00,2026-10-05,7100,0.01282,,,0.01060,,,0.00997,,,
2026-09-29,5105,ＴＯＹＯ　ＴＩＲＥ,core,ゴム製品,,3789,3944727900,5421347850,0.728,-0.02846,-0.00795,,,,,620,1,2026-10-04T02:46:38+00:00,2026-10-05,3955,-0.00784,,,-0.01005,,,-0.01086,,,
2026-09-29,5108,ブリヂストン,leader,ゴム製品,,3810,17058132000,14085716850,1.211,-0.00574,-0.00287,,,,,620,1,2026-10-04T02:46:38+00:00,2026-10-05,3797,0.00843,,,0.00622,,,0.00558,,,
2026-09-29,5110,住友ゴム工業,core,ゴム製品,,1996.5,4224394350,4189209200,1.008,-0.01163,-0.00990,,,,,620,1,2026-10-04T02:46:38+00:00,2026-10-05,1991.5,0.00377,,,0.00155,,,0.00075,,,
2026-09-29,5201,ＡＧＣ,leader,ガラス・土石製品,,5618,5192717400,6883072000,0.754,-0.00742,-0.00177,,,,,620,1,2026-10-04T02:46:38+00:00,2026-10-05,5799,0.00190,,,-0.00031,,,-0.00095,,,
2026-09-29,520A,ジェイファーマ(株),hot,医薬品,2026-09-07,388,38606000,197928700,0.195,0.02105,-0.01316,,,,,620,1,2026-10-04T02:46:38+00:00,2026-10-05,397,0.00756,,,0.00534,,,0.00804,,,
2026-09-29,5214,日本電気硝子,leader,ガラス・土石製品,,4886,2288602400,2981942200,0.767,0.00494,-0.01255,,,,,620,1,2026-10-04T02:46:38+00:00,2026-10-05,5123,0.00683,,,0.00462,,,0.00398,,,
2026-09-29,5232,住友大阪セメント,core,ガラス・土石製品,,1824,1029465600,939602220,1.096,-0.03339,-0.01060,,,,,620,1,2026-10-04T02:46:38+00:00,2026-10-05,1906,-0.02046,,,-0.02268,,,-0.02348,,,
2026-09-29,5233,太平洋セメント,leader,ガラス・土石製品,,4037,1968037500,1736545850,1.133,-0.02887,-0.01323,,,,,620,1,2026-10-04T02:46:38+00:00,2026-10-05,4100,0.00439,,,0.00217,,,0.00154,,,
2026-09-29,5243,ｎｏｔｅ(株),hot,情報・通信業,2026-09-07,3190,580580000,806965950,0.719,0.00949,0.00475,,,,,620,1,2026-10-04T02:46:38+00:00,2026-10-05,3985,-0.02635,,,-0.02857,,,-0.02587,,,
2026-09-29,5301,東海カーボン,leader,ガラス・土石製品,,2337.5,10483921250,4203829000,2.494,0.04750,0.00224,candidate,,,,620,1,2026-10-04T02:46:38+00:00,2026-10-05,2344.5,0.01514,,,0.01293,,,0.01229,,,
2026-09-29,5332,ＴＯＴＯ,leader,ガラス・土石製品,,5782,4834330200,5844215150,0.827,-0.01112,-0.01300,,,,,620,1,2026-10-04T02:46:38+00:00,2026-10-05,6144,0.01481,,,0.01260,,,0.01196,,,
2026-09-29,5333,ＮＧＫ,leader,ガラス・土石製品,,5328,5239555200,6884851800,0.761,-0.01260,-0.01019,,,,,620,1,2026-10-04T02:46:38+00:00,2026-10-05,5724,0.02166,,,0.01944,,,0.01881,,,
2026-09-29,5334,日本特殊陶業,core,ガラス・土石製品,,3737,7008369800,9892795100,0.708,-0.02403,-0.02115,,,,,620,1,2026-10-04T02:46:38+00:00,2026-10-05,3810,0.03596,,,0.03374,,,0.03294,,,
2026-09-29,5344,ＭＡＲＵＷＡ,core,ガラス・土石製品,,54120,6077676000,5072010000,1.198,-0.02363,-0.01552,,,,,620,1,2026-10-04T02:46:38+00:00,2026-10-05,60540,-0.01107,,,-0.01328,,,-0.01409,,,
2026-09-29,5393,ニチアス,core,ガラス・土石製品,,3430,2130716000,1697985450,1.255,0.00263,-0.00994,,,,,620,1,2026-10-04T02:46:38+00:00,2026-10-05,3615,0.00719,,,0.00498,,,0.00417,,,
2026-09-29,5401,日本製鉄,leader,鉄鋼,,650.7999878,28016353754,23103550460,1.213,-0.04701,-0.02182,,,,,620,1,2026-10-04T02:46:38+00:00,2026-10-05,642.5,-0.00545,,,-0.00766,,,-0.00830,,,
2026-09-29,5406,神戸製鋼所,leader,鉄鋼,,2022.5,4622019250,3362642200,1.375,-0.02624,-0.02287,,,,,620,1,2026-10-04T02:46:38+00:00,2026-10-05,2000,-0.00350,,,-0.00571,,,-0.00635,,,
2026-09-29,5411,ＪＦＥホールディングス,leader,鉄鋼,,1737,10776869100,10169188450,1.060,-0.04874,-0.03313,,,,,620,1,2026-10-04T02:46:38+00:00,2026-10-05,1715,-0.00641,,,-0.00863,,,-0.00926,,,
2026-09-29,543A,ＡＲＣＨＩＯＮ,leader,輸送用機器,,281,3588903900,5512792750,0.651,-0.02768,-0.02422,,,,,620,1,2026-10-04T02:46:38+00:00,2026-10-05,283,-0.01413,,,-0.01634,,,-0.01698,,,
2026-09-29,5444,大和工業,core,鉄鋼,,12190,1451829000,1648055000,0.881,-0.02128,-0.01004,,,,,620,1,2026-10-04T02:46:38+00:00,2026-10-05,12150,0.00823,,,0.00601,,,0.00521,,,
2026-09-29,5463,丸一鋼管,core,鉄鋼,,1679.5,926748100,1214740800,0.763,-0.02666,-0.02115,,,,,620,1,2026-10-04T02:46:38+00:00,2026-10-05,1679.5,0.00744,,,0.00523,,,0.00442,,,
2026-09-29,5471,大同特殊鋼,core,鉄鋼,,2478.5,2273032350,2069105775,1.099,0.00855,-0.00875,,,,,620,1,2026-10-04T02:46:38+00:00,2026-10-05,2501,0.01899,,,0.01677,,,0.01597,,,
2026-09-29,5572,(株)Ｒｉｄｇｅ－ｉ,hot,情報・通信業,2026-09-21,3025,125537500,181232550,0.693,-0.01144,-0.00163,,,,,620,1,2026-10-04T02:46:38+00:00,2026-10-05,3170,0.02524,,,0.02302,,,0.02571,,,
2026-09-29,5575,(株)Ｇｌｏｂｅｅ,hot,情報・通信業,2026-08-24,1225,7472500,12198000,0.613,-0.01369,0.00242,,,,,620,1,2026-10-04T02:46:38+00:00,2026-10-05,1280,-0.01094,,,-0.01316,,,-0.01047,,,
2026-09-29,558A,(株)ＳＱＵＥＥＺＥ,hot,サービス業,2026-09-07,6510,188139000,141738000,1.327,0.00154,0.01538,,,,,620,1,2026-10-04T02:46:38+00:00,2026-10-05,6130,0.01142,,,0.00920,,,0.01189,,,
2026-09-29,5631,日本製鋼所,leader,機械,,7226,6615403000,6771357450,0.977,-0.00959,0.01425,,,,,620,1,2026-10-04T02:46:38+00:00,2026-10-05,7300,-0.00712,,,-0.00933,,,-0.00997,,,
2026-09-29,5706,三井金属,leader,非鉄金属,,2272,15627043200,37927654250,0.412,-0.01560,-0.01213,,,,,620,1,2026-10-04T02:46:38+00:00,2026-10-05,2630,0.00665,,,0.00443,,,0.00380,,,
2026-09-29,5711,三菱マテリアル,leader,非鉄金属,,5030,5954011000,10099668050,0.590,-0.01469,-0.02449,,,,,620,1,2026-10-04T02:46:38+00:00,2026-10-05,5030,0.00060,,,-0.00162,,,-0.00225,,,
2026-09-29,5713,住友金属鉱山,leader,非鉄金属,,9489,22473747600,25251829750,0.890,0.00084,-0.01550,,,,,620,1,2026-10-04T02:46:38+00:00,2026-10-05,9874,-0.02046,,,-0.02268,,,-0.02331,,,
2026-09-29,5714,ＤＯＷＡホールディングス,leader,非鉄金属,,8768,3202950400,4236748900,0.756,-0.01594,-0.00718,,,,,620,1,2026-10-04T02:46:38+00:00,2026-10-05,8791,-0.00705,,,-0.00926,,,-0.00990,,,
2026-09-29,5801,古河電気工業,hot,非鉄金属,,3684,65339055600,81518546900,0.802,-0.02668,-0.01189,,,,,620,1,2026-10-04T02:46:38+00:00,2026-10-05,4451,-0.01640,,,-0.01861,,,-0.01593,,,
2026-09-29,5802,住友電気工業,leader,非鉄金属,,2173.5,31388382900,37009594375,0.848,-0.01205,-0.01455,,,,,620,1,2026-10-04T02:46:38+00:00,2026-10-05,2440.5,0.01045,,,0.00823,,,0.00760,,,
2026-09-29,5803,フジクラ,hot,非鉄金属,,4931,122272527700,178869348500,0.684,-0.00525,-0.00363,,,,,620,1,2026-10-04T02:46:38+00:00,2026-10-05,5660,-0.01661,,,-0.01883,,,-0.01614,,,
2026-09-29,5830,いよぎんホールディングス,core,銀行業,,3884,4033534000,3869220650,1.042,-0.02240,-0.01913,,,,,620,1,2026-10-04T02:46:38+00:00,2026-10-05,3881,-0.00283,,,-0.00505,,,-0.00585,,,
2026-09-29,5831,しずおかフィナンシャルグループ,leader,銀行業,,3544,6602826400,6730028000,0.981,-0.02611,-0.02583,,,,,620,1,2026-10-04T02:46:38+00:00,2026-10-05,3571,0.00196,,,-0.00026,,,-0.00089,,,
2026-09-29,5832,ちゅうぎんフィナンシャルグループ,core,銀行業,,3680,2063376000,1388110800,1.486,-0.03311,-0.01865,,,,,620,1,2026-10-04T02:46:38+00:00,2026-10-05,3739,0.00374,,,0.00152,,,0.00072,,,
2026-09-29,5838,楽天銀行,core,銀行業,,6135,6015367500,5869326000,1.025,-0.03462,-0.01149,,,,,620,1,2026-10-04T02:46:38+00:00,2026-10-05,6300,0.01317,,,0.01095,,,0.01015,,,
2026-09-29,5844,京都フィナンシャルグループ,core,銀行業,,4782,3929847600,3967658800,0.990,-0.02943,-0.02436,,,,,620,1,2026-10-04T02:46:38+00:00,2026-10-05,4705,-0.00340,,,-0.00562,,,-0.00642,,,
2026-09-29,5885,(株)ジーデップ・アドバンス,hot,卸売業,2026-08-24,3070,76443000,118528000,0.645,-0.02073,-0.00478,,,,,620,1,2026-10-04T02:46:38+00:00,2026-10-05,3185,0.00000,,,-0.00221,,,0.00047,,,
2026-09-29,5892,(株)ｙｕｔｏｒｉ,hot,小売業,2026-08-17,2975,192780000,234041300,0.824,-0.00767,0.00000,,,,,620,1,2026-10-04T02:46:38+00:00,2026-10-05,2951,-0.00644,,,-0.00865,,,-0.00597,,,
2026-09-29,5901,東洋製罐グループホールディングス,core,金属製品,,4379,2644478100,1385631550,1.909,-0.03525,-0.02357,near,,,,620,1,2026-10-04T02:46:38+00:00,2026-10-05,4420,0.00588,,,0.00366,,,0.00286,,,
2026-09-29,5929,三和ホールディングス,core,金属製品,,3445,2220991500,2161958250,1.027,-0.02214,-0.00653,,,,,620,1,2026-10-04T02:46:38+00:00,2026-10-05,3421,0.00380,,,0.00159,,,0.00078,,,
2026-09-29,5938,ＬＩＸＩＬ,core,金属製品,,1675,4309775000,3183511525,1.354,-0.03067,-0.02894,,,,,620,1,2026-10-04T02:46:38+00:00,2026-10-05,1676,-0.00776,,,-0.00998,,,-0.01078,,,
2026-09-29,593A,(株)ティアフォー,hot,情報・通信業,2026-07-27,1711,13995124500,25084221000,0.558,-0.10653,-0.01305,,,,,620,1,2026-10-04T02:46:38+00:00,2026-10-05,1896,0.15665,,,0.15444,,,0.15713,,,
2026-09-29,5947,リンナイ,core,金属製品,,3388,1146160400,1047549500,1.094,-0.01426,-0.01077,,,,,620,1,2026-10-04T02:46:38+00:00,2026-10-05,3354,0.00268,,,0.00047,,,-0.00034,,,
2026-09-29,598A,チャットプラス(株),hot,情報・通信業,2026-09-07,1386,46569600,132513300,0.351,-0.01141,-0.00785,,,,,620,1,2026-10-04T02:46:38+00:00,2026-10-05,1384,0.00072,,,-0.00149,,,0.00120,,,
2026-09-29,5991,日本発條,core,金属製品,,3386,1384196800,2010395750,0.689,-0.01312,-0.01720,,,,,620,1,2026-10-04T02:46:38+00:00,2026-10-05,3578,0.02320,,,0.02098,,,0.02018,,,
2026-09-29,6005,三浦工業,core,機械,,3043,1823365600,1032454900,1.766,-0.04157,-0.01260,near,,,,620,1,2026-10-04T02:46:38+00:00,2026-10-05,2996,0.01402,,,0.01180,,,0.01100,,,
2026-09-29,607A,(株)エブリー,hot,サービス業,2026-09-07,269,84089400,236119200,0.356,0.01128,-0.01504,,,,,620,1,2026-10-04T02:46:38+00:00,2026-10-05,264,0.00000,,,-0.00221,,,0.00047,,,
2026-09-29,6085,アーキテクツ・スタジオ・ジャパン(株),hot,サービス業,2026-08-24,101,701374300,1044745600,0.671,-0.06481,-0.03704,,,,,620,1,2026-10-04T02:46:38+00:00,2026-10-05,107,0.07477,,,0.07256,,,0.07525,,,
2026-09-29,6091,(株)ウエスコホールディングス,hot,サービス業,2026-09-14,973,7394800,8712400,0.849,-0.01915,0.00000,,,,,620,1,2026-10-04T02:46:38+00:00,2026-10-05,949,-0.01581,,,-0.01802,,,-0.01534,,,
2026-09-29,6098,リクルートホールディングス,leader,サービス業,,16700,68510080000,77141706000,0.888,0.01551,0.00000,,,,,620,1,2026-10-04T02:46:38+00:00,2026-10-05,16500,0.00818,,,0.00596,,,0.00533,,,
2026-09-29,6103,オークマ,leader,機械,,4725,1771875000,1762430750,1.005,-0.00316,-0.01899,,,,,620,1,2026-10-04T02:46:38+00:00,2026-10-05,4900,0.01327,,,0.01106,,,0.01042,,,
2026-09-29,6113,アマダ,leader,機械,,2493,3380258700,5204687175,0.649,-0.00280,-0.01200,,,,,620,1,2026-10-04T02:46:38+00:00,2026-10-05,2663.5,0.00582,,,0.00360,,,0.00297,,,
2026-09-29,6134,ＦＵＪＩ,core,機械,,7481,4053205800,4186952550,0.968,0.00931,-0.01268,,,,,620,1,2026-10-04T02:46:38+00:00,2026-10-05,8160,0.03284,,,0.03062,,,0.02982,,,
2026-09-29,6136,オーエスジー,core,機械,,3555,1040904000,1103559300,0.943,0.00028,-0.01041,,,,,620,1,2026-10-04T02:46:38+00:00,2026-10-05,3704,0.01242,,,0.01021,,,0.00940,,,
2026-09-29,6141,ＤＭＧ森精機,core,機械,,2888.5,3100227050,4370438850,0.709,-0.01096,-0.00103,,,,,620,1,2026-10-04T02:46:38+00:00,2026-10-05,2931,-0.01467,,,-0.01689,,,-0.01769,,,
2026-09-29,6146,ディスコ,hot,機械,,56680,120337308000,73990622000,1.626,0.04191,0.02941,near,,,,620,1,2026-10-04T02:46:38+00:00,2026-10-05,62290,0.02312,,,0.02090,,,0.02360,,,
2026-09-29,6159,ミクロン精密(株),hot,機械,2026-07-27,1815,2359500,3811950,0.619,-0.02472,-0.02149,,,,,620,1,2026-10-04T02:46:38+00:00,2026-10-05,1877,0.00320,,,0.00099,,,0.00368,,,
2026-09-29,6176,(株)ブランジスタ,hot,サービス業,2026-09-07,982,242063000,148986500,1.625,-0.04382,-0.03505,near,,,,620,1,2026-10-04T02:46:38+00:00,2026-10-05,977,0.00614,,,0.00392,,,0.00661,,,
2026-09-29,6178,日本郵政,leader,サービス業,,2495.5,13432028750,13233493000,1.015,-0.03462,-0.01644,,,,,620,1,2026-10-04T02:46:38+00:00,2026-10-05,2460,0.00224,,,0.00002,,,-0.00061,,,
2026-09-29,6268,ナブテスコ,core,機械,,4794,3588309000,4330497500,0.829,0.00251,-0.00460,,,,,620,1,2026-10-04T02:46:38+00:00,2026-10-05,5056,-0.01523,,,-0.01745,,,-0.01825,,,
2026-09-29,6269,三井海洋開発,core,機械,,8824,6350632800,4949762500,1.283,-0.01682,-0.00969,,,,,620,1,2026-10-04T02:46:38+00:00,2026-10-05,8701,0.00011,,,-0.00211,,,-0.00291,,,
2026-09-29,6273,ＳＭＣ,leader,機械,,70570,27988062000,16003874000,1.749,0.01002,-0.00701,near,,,,620,1,2026-10-04T02:46:38+00:00,2026-10-05,74590,0.00804,,,0.00583,,,0.00519,,,
2026-09-29,6301,コマツ,leader,機械,,7398,21296622600,19834599450,1.074,-0.00778,-0.00174,,,,,620,1,2026-10-04T02:46:38+00:00,2026-10-05,7950,-0.02176,,,-0.02398,,,-0.02461,,,
2026-09-29,6302,住友重機械工業,leader,機械,,5923,4650147300,4908654000,0.947,-0.01217,-0.01051,,,,,620,1,2026-10-04T02:46:38+00:00,2026-10-05,6258,0.00831,,,0.00609,,,0.00546,,,
2026-09-29,6305,日立建機,leader,機械,,5536,4398352000,6890449000,0.638,-0.02587,-0.01900,,,,,620,1,2026-10-04T02:46:38+00:00,2026-10-05,5622,0.01103,,,0.00881,,,0.00818,,,
2026-09-29,6323,ローツェ,core,機械,,3880,5584872000,4269053650,1.308,0.04582,0.01078,,,,,620,1,2026-10-04T02:46:38+00:00,2026-10-05,4358,0.03144,,,0.02923,,,0.02842,,,
2026-09-29,6326,クボタ,leader,機械,,2707.5,10856804250,12300181725,0.883,-0.01599,-0.00763,,,,,620,1,2026-10-04T02:46:38+00:00,2026-10-05,2637,0.03489,,,0.03267,,,0.03204,,,
2026-09-29,6361,荏原製作所,leader,機械,,4556,13096222000,13959816650,0.938,-0.00197,0.00329,,,,,620,1,2026-10-04T02:46:38+00:00,2026-10-05,4895,-0.00511,,,-0.00732,,,-0.00796,,,
2026-09-29,6367,ダイキン工業,leader,機械,,20705,20791961000,20828492000,0.998,-0.01028,-0.00860,,,,,620,1,2026-10-04T02:46:38+00:00,2026-10-05,20755,-0.01108,,,-0.01329,,,-0.01393,,,
2026-09-29,6368,オルガノ,core,機械,,2522,2540915000,2862777000,0.888,0.00119,-0.01072,,,,,620,1,2026-10-04T02:46:38+00:00,2026-10-05,2634.5,0.00455,,,0.00234,,,0.00153,,,
2026-09-29,6370,栗田工業,core,機械,,7726,2888751400,4082534700,0.708,-0.00630,-0.01865,,,,,620,1,2026-10-04T02:46:38+00:00,2026-10-05,7975,-0.00251,,,-0.00473,,,-0.00553,,,
2026-09-29,6378,木村化工機(株),hot,機械,2026-09-14,1169,82414500,124112000,0.664,-0.01682,-0.00673,,,,,620,1,2026-10-04T02:46:38+00:00,2026-10-05,1160,0.00862,,,0.00640,,,0.00909,,,
2026-09-29,6383,ダイフク,core,機械,,5490,10556172000,9326579600,1.132,-0.00363,0.00000,,,,,620,1,2026-10-04T02:46:38+00:00,2026-10-05,5936,-0.01044,,,-0.01265,,,-0.01346,,,
2026-09-29,6417,ＳＡＮＫＹＯ,core,機械,,2059.5,2725954200,2040941075,1.336,-0.02463,-0.01989,,,,,620,1,2026-10-04T02:46:38+00:00,2026-10-05,2060,-0.01578,,,-0.01799,,,-0.01880,,,
2026-09-29,6436,アマノ,core,機械,,3799,983941000,889980050,1.106,-0.02113,-0.01649,,,,,620,1,2026-10-04T02:46:38+00:00,2026-10-05,3741,-0.00187,,,-0.00409,,,-0.00489,,,
2026-09-29,6448,ブラザー工業,core,電気機器,,4682,5489176800,5566726750,0.986,-0.00192,-0.00576,,,,,620,1,2026-10-04T02:46:38+00:00,2026-10-05,4700,0.00660,,,0.00439,,,0.00358,,,
2026-09-29,6457,グローリー,core,機械,,4354,860350400,841494900,1.022,-0.03416,-0.02019,,,,,620,1,2026-10-04T02:46:38+00:00,2026-10-05,4410,0.01179,,,0.00958,,,0.00877,,,
2026-09-29,6460,セガサミーホールディングス,core,機械,,3269,3058149500,3393397100,0.901,-0.00578,-0.01004,,,,,620,1,2026-10-04T02:46:38+00:00,2026-10-05,3290,-0.01155,,,-0.01376,,,-0.01457,,,
2026-09-29,6465,ホシザキ,core,機械,,5239,1828411000,1747659750,1.046,-0.00833,-0.00909,,,,,620,1,2026-10-04T02:46:38+00:00,2026-10-05,5178,0.00618,,,0.00396,,,0.00316,,,
2026-09-29,6466,(株)ＴＶＥ,hot,機械,2026-09-14,4260,57084000,36198500,1.577,0.00709,-0.00827,near,,,,620,1,2026-10-04T02:46:38+00:00,2026-10-05,4260,0.01408,,,0.01187,,,0.01456,,,
2026-09-29,6471,日本精工,leader,機械,,1075,2360270000,2611949625,0.904,-0.02273,-0.01727,,,,,620,1,2026-10-04T02:46:38+00:00,2026-10-05,1122,0.00357,,,0.00135,,,0.00072,,,
2026-09-29,6472,ＮＴＮ,leader,機械,,374.2000122,1302889603,1071632623,1.216,-0.03157,-0.02459,,,,,620,1,2026-10-04T02:46:38+00:00,2026-10-05,382.8999939,0.00810,,,0.00588,,,0.00525,,,
2026-09-29,6473,ジェイテクト,leader,機械,,2058.5,1708966700,2701997050,0.632,-0.02992,-0.03157,,,,,620,1,2026-10-04T02:46:38+00:00,2026-10-05,2150.5,0.01000,,,0.00779,,,0.00715,,,
2026-09-29,6479,ミネベアミツミ,leader,電気機器,,3575,7238660000,8721489100,0.830,0.00224,-0.01878,,,,,620,1,2026-10-04T02:46:38+00:00,2026-10-05,3949,-0.00785,,,-0.01006,,,-0.01070,,,
2026-09-29,6481,ＴＨＫ,core,機械,,6526,5105289800,6152327400,0.830,0.01477,-0.00016,,,,,620,1,2026-10-04T02:46:38+00:00,2026-10-05,6675,0.01243,,,0.01022,,,0.00941,,,
2026-09-29,6501,日立製作所,leader,電気機器,,5465,58721971500,48483921300,1.211,-0.00960,-0.00254,,,,,620,1,2026-10-04T02:46:38+00:00,2026-10-05,5638,0.00071,,,-0.00150,,,-0.00214,,,
2026-09-29,6503,三菱電機,leader,電気機器,,5131,36918571200,32195894800,1.147,-0.01573,-0.00940,,,,,620,1,2026-10-04T02:46:38+00:00,2026-10-05,5328,0.00732,,,0.00511,,,0.00447,,,
2026-09-29,6504,富士電機,leader,電気機器,,13665,7530781500,8586066500,0.877,-0.00292,-0.01350,,,,,620,1,2026-10-04T02:46:38+00:00,2026-10-05,14955,0.01705,,,0.01483,,,0.01420,,,
2026-09-29,6506,安川電機,leader,電気機器,,4528,13267492800,14411827650,0.921,0.01684,-0.00202,,,,,620,1,2026-10-04T02:46:38+00:00,2026-10-05,4876,0.01128,,,0.00907,,,0.00843,,,
2026-09-29,6521,(株)オキサイド,hot,電気機器,2026-09-21,3250,191750000,415414750,0.462,0.00154,-0.00308,,,,,620,1,2026-10-04T02:46:38+00:00,2026-10-05,3440,-0.00436,,,-0.00658,,,-0.00388,,,
2026-09-29,6523,ＰＨＣホールディングス(株),hot,電気機器,2026-08-10,1444,1879654800,1162057150,1.618,-0.01433,-0.01502,near,,,,620,1,2026-10-04T02:46:38+00:00,2026-10-05,1605,-0.00125,,,-0.00347,,,-0.00078,,,
2026-09-29,6525,ＫＯＫＵＳＡＩ　ＥＬＥＣＴＲＩＣ,core,電気機器,,9331,69920915400,66458154750,1.052,0.01767,0.02792,,,,,620,1,2026-10-04T02:46:38+00:00,2026-10-05,10430,0.00527,,,0.00306,,,0.00225,,,
2026-09-29,6526,ソシオネクスト,hot,電気機器,,2102.5,13410375750,11139133000,1.204,-0.01222,0.00893,,,,,620,1,2026-10-04T02:46:38+00:00,2026-10-05,2270,-0.00551,,,-0.00773,,,-0.00504,,,
2026-09-29,6532,ベイカレント,leader,サービス業,,7596,12712665600,8594207250,1.479,-0.00498,-0.01362,,,,,620,1,2026-10-04T02:46:38+00:00,2026-10-05,7946,0.00856,,,0.00634,,,0.00571,,,
2026-09-29,6544,ジャパンエレベーターサービスホールディングス,core,サービス業,,1449,935329500,984759400,0.950,-0.03109,0.00000,,,,,620,1,2026-10-04T02:46:38+00:00,2026-10-05,1462,0.01573,,,0.01352,,,0.01271,,,
2026-09-29,6586,マキタ,core,機械,,5257,4145670200,3938264850,1.053,-0.01665,-0.01983,,,,,620,1,2026-10-04T02:46:38+00:00,2026-10-05,5310,0.00056,,,-0.00166,,,-0.00246,,,
2026-09-29,6592,マブチモーター,core,電気機器,,1713.5,1632622800,1772543400,0.921,-0.00117,0.00175,,,,,620,1,2026-10-04T02:46:38+00:00,2026-10-05,1730,0.00405,,,0.00183,,,0.00103,,,
2026-09-29,6613,(株)ＱＤレーザ,hot,電気機器,2026-08-03,2243,3567042900,4133675400,0.863,0.02420,-0.00228,,,,,620,1,2026-10-04T02:46:38+00:00,2026-10-05,2392,-0.05309,,,-0.05530,,,-0.05261,,,
2026-09-29,6626,ＳＥＭＩＴＥＣ(株),hot,電気機器,2026-09-07,2483,34513700,23900100,1.444,0.00283,-0.00242,,,,,620,1,2026-10-04T02:46:38+00:00,2026-10-05,2475,0.00566,,,0.00345,,,0.00613,,,
2026-09-29,6627,(株)テラプローブ,hot,電気機器,2026-08-03,2331,434265300,936066500,0.464,-0.02059,-0.01261,,,,,620,1,2026-10-04T02:46:38+00:00,2026-10-05,2668,-0.01087,,,-0.01308,,,-0.01039,,,
2026-09-29,6632,ＪＶＣケンウッド,core,電気機器,,995.5999756,822365580,1250104547,0.658,-0.01572,-0.00840,,,,,620,1,2026-10-04T02:46:38+00:00,2026-10-05,1015,-0.00837,,,-0.01059,,,-0.01139,,,
2026-09-29,6645,オムロン,leader,電気機器,,6374,9199594200,6989610200,1.316,0.01497,-0.01274,,,,,620,1,2026-10-04T02:46:38+00:00,2026-10-05,6533,0.00980,,,0.00758,,,0.00695,,,
2026-09-29,6674,ジーエス・ユアサ　コーポレーション,core,電気機器,,5339,2972755200,3895028000,0.763,-0.01093,-0.01130,,,,,620,1,2026-10-04T02:46:38+00:00,2026-10-05,5541,0.03194,,,0.02973,,,0.02892,,,
2026-09-29,6696,(株)トラース・オン・プロダクト,hot,電気機器,2026-08-24,301,1745800,5279100,0.331,-0.03834,0.00000,,,,,620,1,2026-10-04T02:46:38+00:00,2026-10-05,295,-0.01356,,,-0.01577,,,-0.01308,,,
2026-09-29,6701,日本電気,leader,電気機器,,4785,19983595500,30087112600,0.664,0.00147,0.01046,,,,,620,1,2026-10-04T02:46:38+00:00,2026-10-05,4913,0.00285,,,0.00064,,,0.00000,,,
2026-09-29,6702,富士通,leader,電気機器,,3945,25305202500,25701162800,0.985,-0.00830,0.00553,,,,,620,1,2026-10-04T02:46:38+00:00,2026-10-05,4037,0.00644,,,0.00423,,,0.00359,,,
2026-09-29,6707,サンケン電気,core,電気機器,,7000,1226400000,934917200,1.312,0.00835,-0.00980,,,,,620,1,2026-10-04T02:46:38+00:00,2026-10-05,7185,0.01058,,,0.00837,,,0.00756,,,
2026-09-29,6723,ルネサスエレクトロニクス,hot,電気機器,,3458,29030947400,32031588150,0.906,-0.00029,0.00029,,,,,620,1,2026-10-04T02:46:38+00:00,2026-10-05,3715,0.03957,,,0.03735,,,0.04005,,,
2026-09-29,6724,セイコーエプソン,leader,電気機器,,3261,4516485000,4634304350,0.975,0.00586,-0.01635,,,,,620,1,2026-10-04T02:46:38+00:00,2026-10-05,3300,0.01061,,,0.00839,,,0.00776,,,
2026-09-29,6728,アルバック,core,電気機器,,7662,2942974200,3442087450,0.855,0.01605,0.00080,,,,,620,1,2026-10-04T02:46:38+00:00,2026-10-05,8280,0.01679,,,0.01457,,,0.01377,,,
2026-09-29,6740,(株)ジャパンディスプレイ,hot,電気機器,2026-07-12,50,385655000,357385850,1.079,0.02041,0.02041,,,,,620,1,2026-10-04T02:46:38+00:00,2026-10-05,46,-0.02174,,,-0.02395,,,-0.02126,,,
2026-09-29,6752,パナソニックホールディングス,leader,電気機器,,4389,35068987800,34128162500,1.028,-0.01790,-0.00224,,,,,620,1,2026-10-04T02:46:38+00:00,2026-10-05,4640,0.01509,,,0.01287,,,0.01224,,,
2026-09-29,6753,シャープ,leader,電気機器,,641.9000244,1359480062,1984249704,0.685,-0.01185,0.00046,,,,,620,1,2026-10-04T02:46:38+00:00,2026-10-05,640,0.01656,,,0.01434,,,0.01371,,,
2026-09-29,6754,アンリツ,core,電気機器,,3377,2287917500,2752925250,0.831,-0.00968,-0.01730,,,,,620,1,2026-10-04T02:46:38+00:00,2026-10-05,3609,0.02106,,,0.01885,,,0.01804,,,
2026-09-29,6758,ソニーグループ,leader,電気機器,,3732,59570930400,55052159000,1.082,0.01413,0.00679,,,,,620,1,2026-10-04T02:46:38+00:00,2026-10-05,3771,-0.01273,,,-0.01494,,,-0.01558,,,
2026-09-29,6762,ＴＤＫ,leader,電気機器,,2919,24564844500,26412568125,0.930,-0.01218,-0.01641,,,,,620,1,2026-10-04T02:46:38+00:00,2026-10-05,3367,0.02376,,,0.02155,,,0.02091,,,
2026-09-29,6770,アルプスアルパイン,leader,電気機器,,2196,2410329600,3235486600,0.745,0.00503,-0.02220,,,,,620,1,2026-10-04T02:46:38+00:00,2026-10-05,2223,0.01282,,,0.01060,,,0.00997,,,
2026-09-29,6785,(株)鈴木,hot,電気機器,2026-09-07,3220,170016000,210019650,0.810,0.01417,-0.00787,,,,,620,1,2026-10-04T02:46:38+00:00,2026-10-05,3510,-0.00855,,,-0.01077,,,-0.00808,,,
2026-09-29,6806,ヒロセ電機,core,電気機器,,24685,2643763500,3511397000,0.753,0.00000,-0.01053,,,,,620,1,2026-10-04T02:46:38+00:00,2026-10-05,25510,0.00902,,,0.00681,,,0.00600,,,
2026-09-29,6834,(株)精工技研,hot,電気機器,2026-08-03,6180,3326694000,4409516250,0.754,0.02318,0.00497,,,,,620,1,2026-10-04T02:46:38+00:00,2026-10-05,7050,-0.01844,,,-0.02065,,,-0.01797,,,
2026-09-29,6841,横河電機,leader,電気機器,,4679,4332286100,4737269400,0.915,-0.00468,-0.01298,,,,,620,1,2026-10-04T02:46:38+00:00,2026-10-05,4690,0.00917,,,0.00695,,,0.00632,,,
2026-09-29,6845,アズビル,core,電気機器,,1436,2051469600,1885675250,1.088,-0.01812,-0.02735,,,,,620,1,2026-10-04T02:46:38+00:00,2026-10-05,1486.5,-0.00807,,,-0.01029,,,-0.01109,,,
2026-09-29,6849,日本光電工業,core,電気機器,,1605,1259443500,1076479300,1.170,-0.00650,0.00000,,,,,620,1,2026-10-04T02:46:38+00:00,2026-10-05,1581,0.00063,,,-0.00159,,,-0.00239,,,
2026-09-29,6856,堀場製作所,core,電気機器,,24295,5519824000,4451292750,1.240,0.02144,0.01009,,,,,620,1,2026-10-04T02:46:38+00:00,2026-10-05,25745,0.02331,,,0.02110,,,0.02029,,,
2026-09-29,6857,アドバンテスト,hot,電気機器,,33910,308757332000,302912437500,1.019,0.00534,0.00267,,,,,620,1,2026-10-04T02:46:38+00:00,2026-10-05,40000,0.00750,,,0.00528,,,0.00797,,,
2026-09-29,6861,キーエンス,leader,電気機器,,79480,39588988000,42626682000,0.929,0.01248,-0.00637,,,,,620,1,2026-10-04T02:46:38+00:00,2026-10-05,81770,-0.00110,,,-0.00332,,,-0.00395,,,
2026-09-29,6862,ミナトホールディングス(株),hot,電気機器,2026-09-21,5080,1195832000,1169373250,1.023,-0.02119,0.00000,,,,,620,1,2026-10-04T02:46:38+00:00,2026-10-05,5200,-0.01538,,,-0.01759,,,-0.01490,,,
2026-09-29,6869,シスメックス,core,電気機器,,1859,4939177100,4906491750,1.007,-0.02184,-0.00710,,,,,620,1,2026-10-04T02:46:38+00:00,2026-10-05,1817.5,0.00770,,,0.00549,,,0.00468,,,
2026-09-29,6902,デンソー,leader,輸送用機器,,1847,18032999800,13514621000,1.334,-0.03777,-0.02735,,,,,620,1,2026-10-04T02:46:38+00:00,2026-10-05,1809,0.01824,,,0.01602,,,0.01539,,,
2026-09-29,6920,レーザーテック,hot,電気機器,,41000,191531500000,110270896000,1.737,0.02500,0.01200,near,,,,620,1,2026-10-04T02:46:38+00:00,2026-10-05,47000,-0.01723,,,-0.01944,,,-0.01675,,,
2026-09-29,6923,スタンレー電気,core,電気機器,,3450,1262700000,1555768800,0.812,-0.01989,-0.02386,,,,,620,1,2026-10-04T02:46:38+00:00,2026-10-05,3519,-0.00455,,,-0.00677,,,-0.00757,,,
2026-09-29,6925,ウシオ電機,core,電気機器,,4069,1451819200,1603646450,0.905,0.01649,0.00350,,,,,620,1,2026-10-04T02:46:38+00:00,2026-10-05,4289,0.00676,,,0.00455,,,0.00374,,,
2026-09-29,6946,日本アビオニクス(株),hot,電気機器,2026-09-07,6890,976313000,1291440000,0.756,-0.03366,-0.00421,,,,,620,1,2026-10-04T02:46:38+00:00,2026-10-05,7460,-0.02681,,,-0.02903,,,-0.02634,,,
2026-09-29,6951,日本電子,core,電気機器,,7536,1676760000,1877063300,0.893,-0.02320,-0.01400,,,,,620,1,2026-10-04T02:46:38+00:00,2026-10-05,7851,0.01796,,,0.01575,,,0.01494,,,
2026-09-29,6952,カシオ計算機,core,電気機器,,2148.5,2241100350,3746840750,0.598,0.00374,-0.00491,,,,,620,1,2026-10-04T02:46:38+00:00,2026-10-05,2188.5,0.02376,,,0.02155,,,0.02074,,,
2026-09-29,6954,ファナック,leader,電気機器,,5911,30736017800,26889584700,1.143,-0.00538,-0.01531,,,,,620,1,2026-10-04T02:46:38+00:00,2026-10-05,6186,0.00000,,,-0.00221,,,-0.00285,,,
2026-09-29,6963,ローム,leader,電気機器,,4872,14287627200,13576635000,1.052,0.00807,-0.00869,,,,,620,1,2026-10-04T02:46:38+00:00,2026-10-05,5300,0.01321,,,0.01099,,,0.01036,,,
2026-09-29,6965,浜松ホトニクス,core,電気機器,,2302,3521139200,4459075775,0.790,-0.00130,-0.00108,,,,,620,1,2026-10-04T02:46:38+00:00,2026-10-05,2448,0.01614,,,0.01393,,,0.01312,,,
2026-09-29,6971,京セラ,leader,電気機器,,3685,16519118000,15015507650,1.100,-0.00486,-0.01782,,,,,620,1,2026-10-04T02:46:38+00:00,2026-10-05,3761,0.02499,,,0.02277,,,0.02214,,,
2026-09-29,6976,太陽誘電,leader,電気機器,,9117,199688739300,246923985250,0.809,0.00264,-0.00693,,,,,620,1,2026-10-04T02:46:38+00:00,2026-10-05,10695,-0.01917,,,-0.02139,,,-0.02202,,,
2026-09-29,6977,(株)日本抵抗器製作所,hot,電気機器,2026-09-21,1893,304773000,2974400,102.465,0.00000,0.00000,candidate,,,,620,1,2026-10-04T02:46:38+00:00,2026-10-05,1895,0.00000,,,-0.00221,,,0.00047,,,
2026-09-29,6981,村田製作所,leader,電気機器,,8089,137112594500,153316451700,0.894,0.01062,-0.00287,,,,,620,1,2026-10-04T02:46:38+00:00,2026-10-05,8752,-0.00080,,,-0.00301,,,-0.00365,,,
2026-09-29,6988,日東電工,leader,化学,,3502,10351561800,9822462850,1.054,0.00719,-0.00518,,,,,620,1,2026-10-04T02:46:38+00:00,2026-10-05,3524,0.00851,,,0.00630,,,0.00566,,,
2026-09-29,6993,大黒屋ホールディングス(株),hot,小売業,2026-07-27,91,373072700,138473250,2.694,-0.01087,-0.01087,candidate,,,,620,1,2026-10-04T02:46:38+00:00,2026-10-05,90,0.00000,,,-0.00221,,,0.00047,,,
2026-09-29,7003,三井Ｅ＆Ｓ,core,機械,,4153,5946680700,8573388600,0.694,-0.01658,-0.00829,,,,,620,1,2026-10-04T02:46:38+00:00,2026-10-05,4224,-0.02320,,,-0.02542,,,-0.02622,,,
2026-09-29,7004,カナデビア,leader,機械,,1154,796837000,937395400,0.850,-0.01787,-0.00851,,,,,620,1,2026-10-04T02:46:38+00:00,2026-10-05,1171,-0.00512,,,-0.00734,,,-0.00797,,,
2026-09-29,7011,三菱重工業,hot,機械,,3793,56573732900,56367293350,1.004,-0.02393,-0.00901,,,,,620,1,2026-10-04T02:46:38+00:00,2026-10-05,3883,-0.00309,,,-0.00530,,,-0.00261,,,
2026-09-29,7012,川崎重工業,leader,輸送用機器,,2354.5,16622534550,26381204700,0.630,-0.01896,-0.01479,,,,,620,1,2026-10-04T02:46:38+00:00,2026-10-05,2388.5,-0.01423,,,-0.01645,,,-0.01708,,,
2026-09-29,7013,ＩＨＩ,leader,機械,,2674,27418661200,30260382800,0.906,-0.03640,0.00000,,,,,620,1,2026-10-04T02:46:38+00:00,2026-10-05,2735,-0.00548,,,-0.00769,,,-0.00833,,,
2026-09-29,7084,(株)Ｓｍｉｌｅ　Ｈｏｌｄｉｎｇｓ,hot,サービス業,2026-09-14,2748,40395600,14763150,2.736,-0.02657,-0.03542,candidate,,,,620,1,2026-10-04T02:46:38+00:00,2026-10-05,2800,0.00821,,,0.00600,,,0.00869,,,
2026-09-29,7138,(株)ＴＯＲＩＣＯ,hot,小売業,2026-08-24,144,77342400,113136500,0.684,-0.02703,-0.00676,,,,,620,1,2026-10-04T02:46:38+00:00,2026-10-05,151,-0.04636,,,-0.04858,,,-0.04588,,,
2026-09-29,7164,全国保証,core,その他金融業,,3069,1277931600,858398450,1.489,-0.02043,-0.01341,,,,,620,1,2026-10-04T02:46:38+00:00,2026-10-05,2995,0.00267,,,0.00046,,,-0.00035,,,
2026-09-29,7167,めぶきフィナンシャルグループ,core,銀行業,,1675,5316785000,4505105200,1.180,-0.03430,-0.02681,,,,,620,1,2026-10-04T02:46:38+00:00,2026-10-05,1677,0.00209,,,-0.00013,,,-0.00093,,,
2026-09-29,7180,九州フィナンシャルグループ,core,銀行業,,1683,3674325600,1811709250,2.028,-0.03359,-0.02383,candidate,,,,620,1,2026-10-04T02:46:38+00:00,2026-10-05,1708.5,0.00819,,,0.00597,,,0.00517,,,
2026-09-29,7181,かんぽ生命保険,core,保険業,,1776,3873278400,3907158950,0.991,-0.03215,-0.02916,,,,,620,1,2026-10-04T02:46:38+00:00,2026-10-05,1694,0.00413,,,0.00192,,,0.00111,,,
2026-09-29,7182,ゆうちょ銀行,core,銀行業,,3359,23440445600,18067781600,1.297,-0.02070,0.00262,,,,,620,1,2026-10-04T02:46:38+00:00,2026-10-05,3401,-0.00118,,,-0.00340,,,-0.00420,,,
2026-09-29,7186,横浜フィナンシャルグループ,leader,銀行業,,1868.5,7210915200,7173693050,1.005,-0.02530,-0.01930,,,,,620,1,2026-10-04T02:46:38+00:00,2026-10-05,1900,-0.00342,,,-0.00563,,,-0.00627,,,
2026-09-29,7189,西日本フィナンシャルホールディングス,core,銀行業,,4957,1741889800,2355126600,0.740,-0.02498,-0.02380,,,,,620,1,2026-10-04T02:46:38+00:00,2026-10-05,4917,0.00488,,,0.00266,,,0.00186,,,
2026-09-29,7201,日産自動車,leader,輸送用機器,,296.8999939,12673859109,11648377612,1.088,-0.01656,-0.00629,,,,,620,1,2026-10-04T02:46:38+00:00,2026-10-05,282.6000061,-0.00991,,,-0.01213,,,-0.01276,,,
2026-09-29,7202,いすゞ自動車,leader,輸送用機器,,2080.5,7312541400,5979695250,1.223,-0.04411,-0.02619,,,,,620,1,2026-10-04T02:46:38+00:00,2026-10-05,2025,0.01210,,,0.00988,,,0.00925,,,
2026-09-29,7203,トヨタ自動車,leader,輸送用機器,,2881.5,98310152550,71622398300,1.373,-0.03516,-0.02059,,,,,620,1,2026-10-04T02:46:38+00:00,2026-10-05,2873.5,0.00696,,,0.00475,,,0.00411,,,
2026-09-29,7211,三菱自動車工業,leader,輸送用機器,,354.6000061,3728973664,3741065552,0.997,-0.04933,-0.02493,,,,,620,1,2026-10-04T02:46:38+00:00,2026-10-05,340,0.01059,,,0.00838,,,0.00774,,,
2026-09-29,7240,ＮＯＫ,core,輸送用機器,,3029,0,1222329900,0.000,0.00000,0.00000,,,,,620,1,2026-10-04T02:46:38+00:00,,,,,,,,,,,,
2026-09-29,7259,アイシン,core,輸送用機器,,2167.5,4750726500,5536576700,0.858,-0.03301,-0.02855,,,,,620,1,2026-10-04T02:46:38+00:00,2026-10-05,2168.5,0.00876,,,0.00655,,,0.00574,,,
2026-09-29,7261,マツダ,leader,輸送用機器,,1107.5,7728910250,7908414500,0.977,-0.04320,-0.03456,,,,,620,1,2026-10-04T02:46:38+00:00,2026-10-05,1072.5,0.00606,,,0.00385,,,0.00321,,,
2026-09-29,7267,ホンダ,leader,輸送用機器,,1669,21524091600,24904425000,0.864,-0.02852,-0.02503,,,,,620,1,2026-10-04T02:46:38+00:00,2026-10-05,1648,0.01729,,,0.01507,,,0.01444,,,
2026-09-29,7269,スズキ,leader,輸送用機器,,1932,11733615600,12673282800,0.926,-0.02596,-0.01689,,,,,620,1,2026-10-04T02:46:38+00:00,2026-10-05,1969.5,-0.00025,,,-0.00247,,,-0.00310,,,
2026-09-29,7270,ＳＵＢＡＲＵ,leader,輸送用機器,,2534,11239303600,10094849800,1.113,-0.03650,-0.02890,,,,,620,1,2026-10-04T02:46:38+00:00,2026-10-05,2482,0.01189,,,0.00967,,,0.00904,,,
2026-09-29,7272,ヤマハ発動機,leader,輸送用機器,,1787,8179635100,10844468550,0.754,-0.00722,-0.00556,,,,,620,1,2026-10-04T02:46:38+00:00,2026-10-05,1780,0.01404,,,0.01183,,,0.01119,,,
2026-09-29,7276,小糸製作所,core,電気機器,,2623,1682654500,2003016650,0.840,-0.01742,-0.02004,,,,,620,1,2026-10-04T02:46:38+00:00,2026-10-05,2689.5,0.00967,,,0.00745,,,0.00665,,,
2026-09-29,7282,豊田合成,core,輸送用機器,,1017.5,2081601500,2339506272,0.890,-0.03353,-0.02356,,,,,620,1,2026-10-04T02:46:38+00:00,2026-10-05,1036,0.01400,,,0.01179,,,0.01098,,,
2026-09-29,7309,シマノ,core,輸送用機器,,17870,4258421000,5137973500,0.829,-0.00168,-0.00223,,,,,620,1,2026-10-04T02:46:38+00:00,2026-10-05,17585,-0.00341,,,-0.00562,,,-0.00643,,,
2026-09-29,7313,テイ・エス　テック,core,輸送用機器,,1766.5,696177650,591030350,1.178,-0.03285,-0.02765,,,,,620,1,2026-10-04T02:46:38+00:00,2026-10-05,1752.5,-0.00342,,,-0.00563,,,-0.00644,,,
2026-09-29,7337,ひろぎんホールディングス,core,銀行業,,2394,1743310800,1433078100,1.216,-0.03038,-0.02592,,,,,620,1,2026-10-04T02:46:38+00:00,2026-10-05,2372.5,0.00801,,,0.00579,,,0.00499,,,
2026-09-29,7363,(株)ベビーカレンダー,hot,サービス業,2026-09-21,1375,5775000,2112550,2.734,-0.02689,-0.02123,candidate,,,,620,1,2026-10-04T02:46:38+00:00,2026-10-05,1360,0.02647,,,0.02425,,,0.02695,,,
2026-09-29,7453,良品計画,leader,小売業,,4057,10738067600,10688657400,1.005,0.00595,0.00669,,,,,620,1,2026-10-04T02:46:38+00:00,2026-10-05,4284,0.00654,,,0.00432,,,0.00369,,,
2026-09-29,7458,第一興商,core,卸売業,,1824.5,1531485300,599986475,2.553,-0.03029,-0.01196,candidate,,,,620,1,2026-10-04T02:46:38+00:00,2026-10-05,1759.5,-0.00966,,,-0.01188,,,-0.01268,,,
2026-09-29,7459,メディパルホールディングス,core,卸売業,,2950,1577365000,1163792125,1.355,-0.03846,-0.01565,,,,,620,1,2026-10-04T02:46:38+00:00,2026-10-05,2940,0.00034,,,-0.00187,,,-0.00268,,,
2026-09-29,7476,アズワン,core,卸売業,,2475.5,379246600,318421500,1.191,-0.01571,-0.01173,,,,,620,1,2026-10-04T02:46:38+00:00,2026-10-05,2472.5,-0.00061,,,-0.00282,,,-0.00363,,,
2026-09-29,7532,パン・パシフィック・インターナショナルホールディングス,leader,小売業,,712.5999756,10772373831,13177358694,0.817,-0.00863,0.00028,,,,,620,1,2026-10-04T02:46:38+00:00,2026-10-05,684.0999756,0.01243,,,0.01022,,,0.00958,,,
2026-09-29,7550,ゼンショーホールディングス,core,小売業,,10595,8231255500,5978390250,1.377,0.00713,-0.01188,,,,,620,1,2026-10-04T02:46:38+00:00,2026-10-05,11145,-0.00269,,,-0.00490,,,-0.00571,,,
2026-09-29,7616,コロワイド,core,小売業,,1974,3450946800,873343550,3.951,-0.04522,-0.02684,candidate,,,,620,1,2026-10-04T02:46:38+00:00,2026-10-05,1981,0.01363,,,0.01141,,,0.01061,,,
2026-09-29,7649,スギホールディングス,core,小売業,,1238,2068202800,3017761075,0.685,-0.01000,0.00360,,,,,620,1,2026-10-04T02:46:38+00:00,2026-10-05,1246,-0.00161,,,-0.00383,,,-0.00463,,,
2026-09-29,7689,(株)コパ・コーポレーション,hot,卸売業,2026-09-07,399,36309000,61178100,0.593,0.00000,0.00501,,,,,620,1,2026-10-04T02:46:38+00:00,2026-10-05,347,0.02017,,,0.01795,,,0.02065,,,
2026-09-29,7701,島津製作所,core,精密機器,,4018,3434586400,3858499600,0.890,0.00200,-0.00274,,,,,620,1,2026-10-04T02:46:38+00:00,2026-10-05,3965,0.01538,,,0.01316,,,0.01236,,,
2026-09-29,7709,クボテック(株),hot,精密機器,2026-09-14,41,27154300,92834250,0.293,0.00000,-0.04878,,,,,620,1,2026-10-04T02:46:38+00:00,,,,,,,,,,,,
2026-09-29,7729,東京精密,core,精密機器,,18405,8337465000,4909261750,1.698,0.03661,0.00338,near,,,,620,1,2026-10-04T02:46:38+00:00,2026-10-05,19780,0.01643,,,0.01422,,,0.01341,,,
2026-09-29,7731,ニコン,leader,精密機器,,1887,3376597800,2913104700,1.159,0.00855,-0.01550,,,,,620,1,2026-10-04T02:46:38+00:00,2026-10-05,1938.5,-0.01109,,,-0.01330,,,-0.01394,,,
2026-09-29,7733,オリンパス,leader,精密機器,,2026.5,7121323650,8393486525,0.848,0.00322,-0.00050,,,,,620,1,2026-10-04T02:46:38+00:00,2026-10-05,1973,-0.00912,,,-0.01133,,,-0.01197,,,
2026-09-29,7735,ＳＣＲＥＥＮホールディングス,leader,電気機器,,14530,37068936000,23329274500,1.589,0.04083,0.01039,near,,,,620,1,2026-10-04T02:46:38+00:00,2026-10-05,15725,0.00382,,,0.00161,,,0.00097,,,
2026-09-29,7741,HOYA,leader,精密機器,,23225,34821242500,28767161500,1.210,-0.01547,0.00466,,,,,620,1,2026-10-04T02:46:38+00:00,2026-10-05,24580,-0.00325,,,-0.00546,,,-0.00610,,,
2026-09-29,7747,朝日インテック,core,精密機器,,3330,4702293000,4750401600,0.990,0.01991,0.01899,,,,,620,1,2026-10-04T02:46:38+00:00,2026-10-05,3296,0.02093,,,0.01872,,,0.01791,,,
2026-09-29,7751,キヤノン,leader,電気機器,,4587,14418775800,13867373000,1.040,0.00000,-0.00153,,,,,620,1,2026-10-04T02:46:38+00:00,2026-10-05,4627,0.00000,,,-0.00221,,,-0.00285,,,
2026-09-29,7752,リコー,leader,電気機器,,1651,3071520400,3017709350,1.018,-0.00662,-0.01594,,,,,620,1,2026-10-04T02:46:38+00:00,2026-10-05,1668,-0.00390,,,-0.00611,,,-0.00675,,,
2026-09-29,7826,(株)フルヤ金属,hot,その他製品,2026-09-21,11010,3873318000,6338141500,0.611,-0.02910,-0.00882,,,,,620,1,2026-10-04T02:46:38+00:00,2026-10-05,12140,-0.03542,,,-0.03764,,,-0.03494,,,
2026-09-29,7832,バンダイナムコホールディングス,leader,その他製品,,5631,15791013300,14299112900,1.104,0.01368,-0.00504,,,,,620,1,2026-10-04T02:46:38+00:00,2026-10-05,5698,0.00211,,,-0.00011,,,-0.00074,,,
2026-09-29,7846,パイロットコーポレーション,core,その他製品,,2127,739557900,747572850,0.989,-0.00117,0.00023,,,,,620,1,2026-10-04T02:46:38+00:00,2026-10-05,2097,0.00525,,,0.00304,,,0.00223,,,
2026-09-29,7867,タカラトミー,core,その他製品,,4152,3033451200,1927630650,1.574,0.01293,-0.01220,near,,,,620,1,2026-10-04T02:46:38+00:00,2026-10-05,4163,0.00288,,,0.00067,,,-0.00014,,,
2026-09-29,7911,ＴＯＰＰＡＮホールディングス,leader,その他製品,,2339.5,5149473450,7555976200,0.682,-0.03386,-0.02292,,,,,620,1,2026-10-04T02:46:38+00:00,2026-10-05,2383,0.03609,,,0.03387,,,0.03324,,,
2026-09-29,7912,大日本印刷,leader,その他製品,,2912,4500496000,3897291700,1.155,-0.02265,-0.01275,,,,,620,1,2026-10-04T02:46:38+00:00,2026-10-05,2999.5,0.00983,,,0.00762,,,0.00698,,,
2026-09-29,7936,アシックス,core,その他製品,,4101,16234628700,22072296100,0.736,-0.01607,-0.00480,,,,,620,1,2026-10-04T02:46:38+00:00,2026-10-05,4150,0.03108,,,0.02887,,,0.02806,,,
2026-09-29,7951,ヤマハ,leader,その他製品,,1219.5,2741923800,2602788400,1.053,-0.02479,-0.01519,,,,,620,1,2026-10-04T02:46:38+00:00,2026-10-05,1215,0.00247,,,0.00026,,,-0.00038,,,
2026-09-29,7956,ピジョン,core,その他製品,,2023.5,981195150,1852432400,0.530,-0.00785,0.00098,,,,,620,1,2026-10-04T02:46:38+00:00,2026-10-05,2014.5,0.00645,,,0.00424,,,0.00343,,,
2026-09-29,7974,任天堂,leader,その他製品,,7896,53705433600,63046595250,0.852,-0.01288,0.00500,,,,,620,1,2026-10-04T02:46:38+00:00,2026-10-05,7870,-0.01626,,,-0.01847,,,-0.01911,,,
2026-09-29,7984,コクヨ,core,その他製品,,874.2000122,672434649,768310039,0.875,-0.01841,-0.00932,,,,,620,1,2026-10-04T02:46:38+00:00,2026-10-05,857.2000122,-0.00513,,,-0.00734,,,-0.00815,,,
2026-09-29,7988,ニフコ,core,化学,,2367,1168824600,1251463300,0.934,-0.03111,-0.01760,,,,,620,1,2026-10-04T02:46:38+00:00,2026-10-05,2405,0.01206,,,0.00984,,,0.00904,,,
2026-09-29,8001,伊藤忠商事,leader,卸売業,,2158,38050935000,40294746925,0.944,-0.03055,-0.00854,,,,,620,1,2026-10-04T02:46:38+00:00,2026-10-05,2193,0.00205,,,-0.00016,,,-0.00080,,,
2026-09-29,8002,丸紅,leader,卸売業,,4719,30737678400,25017792750,1.229,-0.02480,-0.01095,,,,,620,1,2026-10-04T02:46:38+00:00,2026-10-05,4773,0.00670,,,0.00449,,,0.00385,,,
2026-09-29,8012,長瀬産業,core,卸売業,,1152,743270400,1021980675,0.727,-0.02041,-0.00850,,,,,620,1,2026-10-04T02:46:38+00:00,2026-10-05,1171,0.00897,,,0.00676,,,0.00595,,,
2026-09-29,8015,豊田通商,leader,卸売業,,7104,21736819200,15394802550,1.412,-0.03870,-0.01732,,,,,620,1,2026-10-04T02:46:38+00:00,2026-10-05,7364,0.00312,,,0.00090,,,0.00027,,,
2026-09-29,8020,兼松,core,卸売業,,2232,1364868000,1322627625,1.032,-0.04062,-0.02063,,,,,620,1,2026-10-04T02:46:38+00:00,2026-10-05,2254.5,-0.00222,,,-0.00443,,,-0.00524,,,
2026-09-29,8031,三井物産,leader,卸売業,,4829,32543596800,31723670800,1.026,-0.03824,-0.01653,,,,,620,1,2026-10-04T02:46:38+00:00,2026-10-05,4939,-0.00283,,,-0.00505,,,-0.00568,,,
2026-09-29,8035,東京エレクトロン,leader,電気機器,,11505,138929778000,163119094000,0.852,0.02140,0.00808,,,,,620,1,2026-10-04T02:46:38+00:00,2026-10-05,12400,0.02944,,,0.02722,,,0.02659,,,
2026-09-29,8053,住友商事,leader,卸売業,,1734.5,18475026750,18804033075,0.983,-0.02992,-0.01342,,,,,620,1,2026-10-04T02:46:38+00:00,2026-10-05,1751,-0.00543,,,-0.00764,,,-0.00828,,,
2026-09-29,8056,ＢＩＰＲＯＧＹ,core,情報・通信業,,4669,1681773800,1925289100,0.874,-0.01705,-0.01474,,,,,620,1,2026-10-04T02:46:38+00:00,2026-10-05,4668,0.00236,,,0.00015,,,-0.00066,,,
2026-09-29,8058,三菱商事,leader,卸売業,,4637,44995129500,38179653050,1.179,-0.03757,-0.01619,,,,,620,1,2026-10-04T02:46:38+00:00,2026-10-05,4750,-0.00863,,,-0.01085,,,-0.01148,,,
2026-09-29,8060,キヤノンマーケティングジャパン,core,卸売業,,3685,1119871500,1129200750,0.992,-0.00217,-0.00217,,,,,620,1,2026-10-04T02:46:38+00:00,2026-10-05,3740,-0.00187,,,-0.00409,,,-0.00489,,,
2026-09-29,8086,ニプロ,core,精密機器,,1371,1490002800,1016607375,1.466,-0.04460,-0.00314,,,,,620,1,2026-10-04T02:46:38+00:00,2026-10-05,1313,0.00228,,,0.00006,,,-0.00074,,,
2026-09-29,8088,岩谷産業,core,卸売業,,2011.5,1800895950,1494180425,1.205,-0.04600,-0.02016,,,,,620,1,2026-10-04T02:46:38+00:00,2026-10-05,2004.5,-0.00424,,,-0.00645,,,-0.00726,,,
2026-09-29,8111,ゴールドウイン,core,繊維製品,,2099,936573800,1075792750,0.871,-0.03405,-0.01749,,,,,620,1,2026-10-04T02:46:38+00:00,2026-10-05,2102.5,0.00571,,,0.00349,,,0.00269,,,
2026-09-29,8113,ユニ・チャーム,core,化学,,942.9000244,3513151201,4279429324,0.821,-0.01081,-0.00021,,,,,620,1,2026-10-04T02:46:38+00:00,2026-10-05,918,0.00741,,,0.00519,,,0.00439,,,
2026-09-29,8129,東邦ホールディングス,core,卸売業,,3923,517051400,481642200,1.074,-0.02243,-0.02567,,,,,620,1,2026-10-04T02:46:38+00:00,2026-10-05,3624,0.00524,,,0.00302,,,0.00222,,,
2026-09-29,8136,(株)サンリオ,hot,卸売業,2026-09-07,1178,12046228000,22012708850,0.547,0.00042,0.00000,,,,,620,1,2026-10-04T02:46:38+00:00,2026-10-05,1170,0.00812,,,0.00591,,,0.00860,,,
2026-09-29,8174,日本瓦斯,core,小売業,,948,1311084000,837752125,1.565,-0.06907,-0.04746,near,,,,620,1,2026-10-04T02:46:38+00:00,2026-10-05,939.5,-0.00788,,,-0.01009,,,-0.01090,,,
2026-09-29,8227,しまむら,core,小売業,,3240,7018488000,2087397800,3.362,0.02759,0.00000,candidate,,,,620,1,2026-10-04T02:46:38+00:00,2026-10-05,3219,0.00186,,,-0.00035,,,-0.00116,,,
2026-09-29,8233,高島屋,leader,小売業,,2104.5,2794355100,3826923550,0.730,-0.00825,0.00141,,,,,620,1,2026-10-04T02:46:38+00:00,2026-10-05,2043.5,0.02912,,,0.02690,,,0.02627,,,
2026-09-29,8242,エイチ・ツー・オー　リテイリング,core,小売業,,2784.5,1263049200,924511800,1.366,-0.02298,-0.00807,,,,,620,1,2026-10-04T02:46:38+00:00,2026-10-05,2712,0.01641,,,0.01420,,,0.01339,,,
2026-09-29,8252,丸井グループ,leader,小売業,,2773,3265484800,2911619900,1.122,-0.03397,-0.02352,,,,,620,1,2026-10-04T02:46:38+00:00,2026-10-05,2723,0.00331,,,0.00110,,,0.00046,,,
2026-09-29,8253,クレディセゾン,leader,その他金融業,,4481,2565372500,3171828450,0.809,-0.02523,-0.01001,,,,,620,1,2026-10-04T02:46:38+00:00,2026-10-05,4354,0.00276,,,0.00054,,,-0.00009,,,
2026-09-29,8267,イオン,leader,小売業,,1263.5,15770627950,13615769275,1.158,-0.00119,-0.00237,,,,,620,1,2026-10-04T02:46:38+00:00,2026-10-05,1224.5,0.00122,,,-0.00100,,,-0.00163,,,
2026-09-29,8282,ケーズホールディングス,core,小売業,,1789,2616412500,1356323375,1.929,-0.02745,0.00027,near,,,,620,1,2026-10-04T02:46:38+00:00,2026-10-05,1705,-0.00147,,,-0.00368,,,-0.00449,,,
2026-09-29,8301,日本銀行,hot,,2026-09-21,23800,2380000,4280000,0.556,-0.00833,-0.00833,,,,,620,1,2026-10-04T02:46:38+00:00,2026-10-05,23800,0.00000,,,-0.00221,,,0.00047,,,
2026-09-29,8303,ＳＢＩ新生銀行,core,銀行業,,1552.5,5415585750,4452689750,1.216,-0.04344,-0.01540,,,,,620,1,2026-10-04T02:46:38+00:00,2026-10-05,1505,0.00100,,,-0.00121,,,-0.00202,,,
2026-09-29,8304,あおぞら銀行,leader,銀行業,,3427,4131591200,4286971150,0.964,-0.03438,-0.01381,,,,,620,1,2026-10-04T02:46:38+00:00,2026-10-05,3400,-0.00059,,,-0.00281,,,-0.00344,,,
2026-09-29,8306,三菱UFJフィナンシャルG,leader,銀行業,,3592,159046576000,145342071750,1.094,-0.03467,-0.01908,,,,,620,1,2026-10-04T02:46:38+00:00,2026-10-05,3548,0.01888,,,0.01666,,,0.01603,,,
2026-09-29,8308,りそなホールディングス,leader,銀行業,,2482,20065729000,22830950700,0.879,-0.03028,-0.01270,,,,,620,1,2026-10-04T02:46:38+00:00,2026-10-05,2480.5,0.02641,,,0.02420,,,0.02356,,,
2026-09-29,8309,三井住友トラストグループ,leader,銀行業,,1750,15343650000,16437664725,0.933,-0.03288,-0.02984,,,,,620,1,2026-10-04T02:46:38+00:00,2026-10-05,1759.5,-0.00256,,,-0.00477,,,-0.00541,,,
2026-09-29,8316,三井住友フィナンシャルG,leader,銀行業,,3357,98165394000,85734431950,1.145,-0.03948,-0.01974,,,,,620,1,2026-10-04T02:46:38+00:00,2026-10-05,3301,0.02211,,,0.01990,,,0.01926,,,
2026-09-29,8331,千葉銀行,leader,銀行業,,2767,6029016300,7927659100,0.761,-0.02742,-0.01511,,,,,620,1,2026-10-04T02:46:38+00:00,2026-10-05,2780,0.00917,,,0.00695,,,0.00632,,,
2026-09-29,8334,群馬銀行,core,銀行業,,3087,4157571600,3063822950,1.357,-0.03531,-0.02250,,,,,620,1,2026-10-04T02:46:38+00:00,2026-10-05,3004,0.00932,,,0.00711,,,0.00630,,,
2026-09-29,8341,七十七銀行,core,銀行業,,4087,2844960700,2881733300,0.987,-0.02551,-0.02623,,,,,620,1,2026-10-04T02:46:38+00:00,2026-10-05,4101,0.00463,,,0.00241,,,0.00161,,,
2026-09-29,8354,ふくおかフィナンシャルグループ,leader,銀行業,,7753,5776760300,5350875850,1.080,-0.03087,-0.02375,,,,,620,1,2026-10-04T02:46:38+00:00,2026-10-05,7789,0.00822,,,0.00600,,,0.00537,,,
2026-09-29,8359,八十二長野銀行,core,銀行業,,2767,3601250500,3451477800,1.043,-0.03252,-0.02343,,,,,620,1,2026-10-04T02:46:38+00:00,2026-10-05,2784,0.00557,,,0.00336,,,0.00255,,,
2026-09-29,8377,ほくほくフィナンシャルグループ,core,銀行業,,838.4000244,7007095884,3038891700,2.306,-0.04662,-0.02456,candidate,,,,620,1,2026-10-04T02:46:38+00:00,2026-10-05,881.7999878,-0.01565,,,-0.01786,,,-0.01867,,,
2026-09-29,8410,セブン銀行,core,銀行業,,344,1388796800,1353526491,1.026,-0.00922,-0.01238,,,,,620,1,2026-10-04T02:46:38+00:00,2026-10-05,336.7999878,0.00000,,,-0.00221,,,-0.00302,,,
2026-09-29,8411,みずほフィナンシャルG,leader,銀行業,,8472,88822142400,75486219700,1.177,-0.03716,-0.01659,,,,,620,1,2026-10-04T02:46:38+00:00,2026-10-05,8480,0.02217,,,0.01996,,,0.01932,,,
2026-09-29,8418,山口フィナンシャルグループ,core,銀行業,,3431,1755985800,1445513000,1.215,-0.03515,-0.02672,,,,,620,1,2026-10-04T02:46:38+00:00,2026-10-05,3489,0.00315,,,0.00094,,,0.00013,,,
2026-09-29,8424,芙蓉総合リース,core,その他金融業,,4353,1256711100,823647250,1.526,-0.03907,-0.02163,near,,,,620,1,2026-10-04T02:46:38+00:00,2026-10-05,4292,-0.00606,,,-0.00828,,,-0.00908,,,
2026-09-29,8439,東京センチュリー,core,その他金融業,,2606,1639695200,1615842550,1.015,-0.04068,-0.02540,,,,,620,1,2026-10-04T02:46:38+00:00,2026-10-05,2598,0.00789,,,0.00567,,,0.00487,,,
2026-09-29,8473,ＳＢＩホールディングス,core,証券、商品先物取引業,,3080,14964180000,12559947900,1.191,-0.04614,-0.02632,,,,,620,1,2026-10-04T02:46:38+00:00,2026-10-05,3085,-0.00389,,,-0.00610,,,-0.00691,,,
2026-09-29,8570,イオンフィナンシャルサービス,core,その他金融業,,1570,987530000,938106425,1.053,-0.02636,-0.00899,,,,,620,1,2026-10-04T02:46:38+00:00,2026-10-05,1476.5,0.00542,,,0.00321,,,0.00240,,,
2026-09-29,8572,アコム,core,その他金融業,,466.2999878,990327914,555913723,1.781,-0.03717,-0.02127,near,,,,620,1,2026-10-04T02:46:38+00:00,2026-10-05,455.5,-0.00285,,,-0.00507,,,-0.00587,,,
2026-09-29,8591,オリックス,leader,その他金融業,,5864,26809621600,20984139250,1.278,-0.04355,-0.02920,,,,,620,1,2026-10-04T02:46:38+00:00,2026-10-05,5794,0.00967,,,0.00745,,,0.00682,,,
2026-09-29,8593,三菱ＨＣキャピタル,core,その他金融業,,1319.5,9198366450,5039876475,1.825,-0.03686,-0.01861,near,,,,620,1,2026-10-04T02:46:38+00:00,2026-10-05,1310,0.00382,,,0.00161,,,0.00080,,,
2026-09-29,8595,ジャフコ　グループ,core,証券、商品先物取引業,,2221.5,1486405650,695587525,2.137,-0.02864,-0.02514,candidate,,,,620,1,2026-10-04T02:46:38+00:00,2026-10-05,2200.5,-0.00477,,,-0.00698,,,-0.00779,,,
2026-09-29,8601,大和証券グループ本社,leader,証券、商品先物取引業,,1786,12196594000,9124725050,1.337,-0.03486,-0.01918,,,,,620,1,2026-10-04T02:46:38+00:00,2026-10-05,1752.5,0.00171,,,-0.00051,,,-0.00114,,,
2026-09-29,8604,野村ホールディングス,leader,証券、商品先物取引業,,1529.5,17282891150,15824166175,1.092,-0.04107,-0.02696,,,,,620,1,2026-10-04T02:46:38+00:00,2026-10-05,1514.5,0.00825,,,0.00604,,,0.00540,,,
2026-09-29,8630,ＳＯＭＰＯホールディングス,leader,保険業,,6645,18364786500,14845137800,1.237,-0.03821,-0.01867,,,,,620,1,2026-10-04T02:46:38+00:00,2026-10-05,6507,0.01045,,,0.00823,,,0.00760,,,
2026-09-29,8697,日本取引所グループ,leader,その他金融業,,2250,8179875000,7156401800,1.143,-0.02576,-0.02035,,,,,620,1,2026-10-04T02:46:38+00:00,2026-10-05,2300.5,-0.00500,,,-0.00722,,,-0.00785,,,
2026-09-29,8725,ＭＳ＆ＡＤインシュアランスグループホールディングス,leader,保険業,,4850,28790085000,22630922500,1.272,-0.04377,-0.02405,,,,,620,1,2026-10-04T02:46:38+00:00,2026-10-05,4748,0.01727,,,0.01506,,,0.01442,,,
2026-09-29,8729,ソニーフィナンシャルグループ(株),hot,保険業,2026-09-07,156.8000031,8964083694,8777980462,1.021,-0.02669,-0.02048,,,,,620,1,2026-10-04T02:46:38+00:00,2026-10-05,148.6000061,0.00269,,,0.00048,,,0.00317,,,
2026-09-29,8750,第一ライフグループ,leader,保険業,,1871.5,26457769800,16101845000,1.643,-0.03705,-0.01955,near,,,,620,1,2026-10-04T02:46:38+00:00,2026-10-05,1782,0.01908,,,0.01686,,,0.01623,,,
2026-09-29,8766,東京海上ホールディングス,leader,保険業,,523.2000122,41349281765,45500772207,0.909,-0.02811,-0.01529,,,,,620,1,2026-10-04T02:46:38+00:00,2026-10-05,501,0.01697,,,0.01475,,,0.01412,,,
2026-09-29,8795,Ｔ＆Ｄホールディングス,leader,保険業,,4840,6313780000,6484405400,0.974,-0.03547,-0.02212,,,,,620,1,2026-10-04T02:46:38+00:00,2026-10-05,4724,0.01164,,,0.00942,,,0.00879,,,
2026-09-29,8798,(株)アドバンスクリエイト,hot,保険業,2026-09-21,124,30603200,4896000,6.251,-0.06767,-0.01504,candidate,,,,620,1,2026-10-04T02:46:38+00:00,2026-10-05,87,-0.18391,,,-0.18612,,,-0.18343,,,
2026-09-29,8801,三井不動産,leader,不動産業,,1453,16512182600,14345581650,1.151,-0.02549,-0.01677,,,,,620,1,2026-10-04T02:46:38+00:00,2026-10-05,1429,-0.00630,,,-0.00851,,,-0.00915,,,
2026-09-29,8802,三菱地所,leader,不動産業,,3545,13339126000,13100048400,1.018,-0.02342,-0.01350,,,,,620,1,2026-10-04T02:46:38+00:00,2026-10-05,3530,-0.01841,,,-0.02062,,,-0.02126,,,
2026-09-29,8804,東京建物,leader,不動産業,,3243,3308832900,2496046500,1.326,-0.01727,-0.00818,,,,,620,1,2026-10-04T02:46:38+00:00,2026-10-05,3211,-0.00965,,,-0.01187,,,-0.01250,,,
2026-09-29,8830,住友不動産,leader,不動産業,,3096,9841564800,9279639350,1.061,-0.02672,-0.01760,,,,,620,1,2026-10-04T02:46:38+00:00,2026-10-05,3108,-0.01448,,,-0.01670,,,-0.01733,,,
2026-09-29,8848,(株)レオパレス２１,hot,不動産業,2026-09-14,1020,3109776000,716070750,4.343,-0.01354,-0.00387,candidate,,,,620,1,2026-10-04T02:46:38+00:00,2026-10-05,1011,-0.00593,,,-0.00814,,,-0.00546,,,
2026-09-29,8876,リログループ,core,サービス業,,2271,1114379700,1292990750,0.862,-0.01901,-0.02073,,,,,620,1,2026-10-04T02:46:38+00:00,2026-10-05,2287.5,0.01246,,,0.01025,,,0.00944,,,
2026-09-29,8894,(株)ＲＥＶＯＬＵＴＩＯＮ,hot,不動産業,2026-09-14,16,6976000,14132950,0.494,-0.05882,0.00000,,,,,620,1,2026-10-04T02:46:38+00:00,2026-10-05,16,0.00000,,,-0.00221,,,0.00047,,,
2026-09-29,8918,(株)ランド,hot,不動産業,2026-07-12,10,2681320000,3152828500,0.850,0.00000,0.00000,,,,,620,1,2026-10-04T02:46:38+00:00,2026-10-05,11,0.00000,,,-0.00221,,,0.00047,,,
2026-09-29,9001,東武鉄道,leader,陸運業,,2816.5,3579208200,1836155250,1.949,-0.04217,-0.01377,near,,,,620,1,2026-10-04T02:46:38+00:00,2026-10-05,2768.5,-0.00163,,,-0.00384,,,-0.00448,,,
2026-09-29,9003,相鉄ホールディングス,core,陸運業,,2502,2685146400,747142200,3.594,-0.04394,-0.01528,candidate,,,,620,1,2026-10-04T02:46:38+00:00,2026-10-05,2466.5,0.00122,,,-0.00100,,,-0.00180,,,
2026-09-29,9005,東急,leader,陸運業,,1600,6093280000,3617857250,1.684,-0.02676,-0.01794,near,,,,620,1,2026-10-04T02:46:38+00:00,2026-10-05,1583.5,-0.00410,,,-0.00632,,,-0.00695,,,
2026-09-29,9006,京浜急行電鉄,core,陸運業,,1513.5,2320346850,1112432500,2.086,-0.02386,-0.01322,candidate,,,,620,1,2026-10-04T02:46:38+00:00,2026-10-05,1513.5,-0.00826,,,-0.01047,,,-0.01128,,,
2026-09-29,9007,小田急電鉄,leader,陸運業,,1704,3670756800,2113144600,1.737,-0.03946,-0.01945,near,,,,620,1,2026-10-04T02:46:38+00:00,2026-10-05,1701,-0.00206,,,-0.00428,,,-0.00491,,,
2026-09-29,9008,京王電鉄,leader,陸運業,,754.2000122,1929319051,1377648304,1.400,-0.03960,-0.01821,,,,,620,1,2026-10-04T02:46:38+00:00,2026-10-05,748.9000244,-0.01042,,,-0.01264,,,-0.01327,,,
2026-09-29,9009,京成電鉄,leader,陸運業,,1324,2273837600,2537308000,0.896,-0.01926,-0.01630,,,,,620,1,2026-10-04T02:46:38+00:00,2026-10-05,1331.5,-0.02140,,,-0.02361,,,-0.02425,,,
2026-09-29,9020,東日本旅客鉄道,leader,陸運業,,3337,10656042100,9365643700,1.138,-0.02740,-0.01370,,,,,620,1,2026-10-04T02:46:38+00:00,2026-10-05,3320,-0.00602,,,-0.00823,,,-0.00887,,,
2026-09-29,9021,西日本旅客鉄道,leader,陸運業,,2908.5,7736900850,5621478650,1.376,-0.03179,-0.02081,,,,,620,1,2026-10-04T02:46:38+00:00,2026-10-05,2863.5,-0.00437,,,-0.00658,,,-0.00722,,,
2026-09-29,9022,東海旅客鉄道,leader,陸運業,,3675,10232670000,8308257400,1.232,-0.02339,-0.00957,,,,,620,1,2026-10-04T02:46:38+00:00,2026-10-05,3643,-0.01098,,,-0.01320,,,-0.01383,,,
2026-09-29,9023,東京地下鉄,core,陸運業,,1470.5,2964086850,2485678000,1.192,-0.03001,-0.02012,,,,,620,1,2026-10-04T02:46:38+00:00,2026-10-05,1451,-0.01826,,,-0.02048,,,-0.02128,,,
2026-09-29,9024,西武ホールディングス,core,陸運業,,3525,6137025000,4321073400,1.420,-0.02517,-0.01327,,,,,620,1,2026-10-04T02:46:38+00:00,2026-10-05,3511,0.00940,,,0.00719,,,0.00638,,,
2026-09-29,9031,西日本鉄道,core,陸運業,,2927.5,2563026250,628861400,4.076,-0.05443,-0.01066,candidate,,,,620,1,2026-10-04T02:46:38+00:00,2026-10-05,2850,-0.00544,,,-0.00766,,,-0.00846,,,
2026-09-29,9041,近鉄グループホールディングス,core,陸運業,,3424,5475660800,2100662700,2.607,-0.02589,-0.00967,candidate,,,,620,1,2026-10-04T02:46:38+00:00,2026-10-05,3350,0.01284,,,0.01063,,,0.00982,,,
2026-09-29,9042,阪急阪神ホールディングス,core,陸運業,,4336,6863888000,3210764950,2.138,-0.02802,-0.01367,candidate,,,,620,1,2026-10-04T02:46:38+00:00,2026-10-05,4430,0.00587,,,0.00366,,,0.00285,,,
2026-09-29,9044,ＮＡＮＫＡＩ,core,陸運業,,3079,4344161100,1034209750,4.200,-0.03419,-0.00659,candidate,,,,620,1,2026-10-04T02:46:38+00:00,2026-10-05,2990,-0.00435,,,-0.00656,,,-0.00737,,,
2026-09-29,9045,京阪ホールディングス,core,陸運業,,3085,1758758500,762822200,2.306,-0.03564,-0.00188,candidate,,,,620,1,2026-10-04T02:46:38+00:00,2026-10-05,3096,0.00065,,,-0.00156,,,-0.00237,,,
2026-09-29,9048,名古屋鉄道,core,陸運業,,1835,5858604500,1073423975,5.458,-0.01529,-0.00134,candidate,,,,620,1,2026-10-04T02:46:38+00:00,2026-10-05,1822,-0.00027,,,-0.00248,,,-0.00329,,,
2026-09-29,9064,ヤマトホールディングス,leader,陸運業,,1999,3019489500,2041918525,1.479,-0.01865,-0.01571,,,,,620,1,2026-10-04T02:46:38+00:00,2026-10-05,1967,-0.00788,,,-0.01009,,,-0.01073,,,
2026-09-29,9065,山九,core,陸運業,,1567,1140305900,1411114211,0.808,-0.04042,-0.01837,,,,,620,1,2026-10-04T02:46:38+00:00,2026-10-05,1578,0.00127,,,-0.00094,,,-0.00175,,,
2026-09-29,9069,センコーグループホールディングス,core,陸運業,,2312,975201600,793783525,1.229,-0.02550,-0.01307,,,,,620,1,2026-10-04T02:46:38+00:00,2026-10-05,2293,0.00632,,,0.00411,,,0.00330,,,
2026-09-29,9072,ニッコンホールディングス,core,陸運業,,5072,935276800,842008600,1.111,-0.00549,-0.01098,,,,,620,1,2026-10-04T02:46:38+00:00,2026-10-05,4455,0.02626,,,0.02404,,,0.02324,,,
2026-09-29,9076,セイノーホールディングス,core,陸運業,,2626,1242885800,899890600,1.381,-0.03686,-0.02091,,,,,620,1,2026-10-04T02:46:38+00:00,2026-10-05,2599,0.00596,,,0.00375,,,0.00294,,,
2026-09-29,9101,日本郵船,leader,海運業,,7078,19695242800,19951343650,0.987,-0.03081,-0.01958,,,,,620,1,2026-10-04T02:46:38+00:00,2026-10-05,7100,-0.00338,,,-0.00560,,,-0.00623,,,
2026-09-29,9104,商船三井,leader,海運業,,6900,16847730000,21479057750,0.784,-0.03103,-0.02064,,,,,620,1,2026-10-04T02:46:38+00:00,2026-10-05,7127,-0.01094,,,-0.01316,,,-0.01379,,,
2026-09-29,9107,川崎汽船,leader,海運業,,3283,13045657100,14078908550,0.927,-0.03640,-0.01996,,,,,620,1,2026-10-04T02:46:38+00:00,2026-10-05,3271,-0.00917,,,-0.01138,,,-0.01202,,,
2026-09-29,9142,九州旅客鉄道,core,陸運業,,3388,3933468000,2650692200,1.484,-0.03089,-0.02002,,,,,620,1,2026-10-04T02:46:38+00:00,2026-10-05,3357,-0.00119,,,-0.00341,,,-0.00421,,,
2026-09-29,9143,ＳＧホールディングス,core,陸運業,,1443.5,2120934550,2055929400,1.032,-0.03218,-0.01341,,,,,620,1,2026-10-04T02:46:38+00:00,2026-10-05,1406.5,0.00213,,,-0.00009,,,-0.00089,,,
2026-09-29,9147,ＮＩＰＰＯＮＥＸＰＲＥＳＳホールディングス,leader,陸運業,,5676,3678615600,5522522100,0.666,-0.01612,-0.00208,,,,,620,1,2026-10-04T02:46:38+00:00,2026-10-05,5699,0.00790,,,0.00569,,,0.00505,,,
2026-09-29,9201,日本航空,leader,空運業,,3012,7136030400,5908976200,1.208,-0.03307,-0.02055,,,,,620,1,2026-10-04T02:46:38+00:00,2026-10-05,2984,0.00905,,,0.00684,,,0.00620,,,
2026-09-29,9202,ＡＮＡホールディングス,leader,空運業,,2950,7715430000,7155936025,1.078,-0.02479,-0.01455,,,,,620,1,2026-10-04T02:46:38+00:00,2026-10-05,2944,-0.00408,,,-0.00630,,,-0.00693,,,
2026-09-29,9301,三菱倉庫,core,倉庫・運輸関連業,,1489,1124343900,1396592550,0.805,-0.04183,-0.01512,,,,,620,1,2026-10-04T02:46:38+00:00,2026-10-05,1452.5,0.00585,,,0.00364,,,0.00283,,,
2026-09-29,9302,三井倉庫ホールディングス,core,倉庫・運輸関連業,,3226,781014600,685946700,1.139,-0.03152,-0.00931,,,,,620,1,2026-10-04T02:46:38+00:00,2026-10-05,3267,-0.00061,,,-0.00282,,,-0.00363,,,
2026-09-29,9364,上組,core,倉庫・運輸関連業,,4699,1770113300,1298332250,1.363,-0.04102,-0.02143,,,,,620,1,2026-10-04T02:46:38+00:00,2026-10-05,4720,-0.00636,,,-0.00857,,,-0.00938,,,
2026-09-29,9401,ＴＢＳホールディングス,core,情報・通信業,,5639,2013686900,1739218100,1.158,-0.02236,-0.01179,,,,,620,1,2026-10-04T02:46:38+00:00,2026-10-05,5843,0.01078,,,0.00856,,,0.00776,,,
2026-09-29,9404,日本テレビホールディングス,core,情報・通信業,,2813.5,4311688750,1445625100,2.983,-0.03482,-0.01698,candidate,,,,620,1,2026-10-04T02:46:38+00:00,2026-10-05,2831.5,0.00565,,,0.00343,,,0.00263,,,
2026-09-29,9432,日本電信電話,leader,情報・通信業,,171.3000031,35737565917,35570961281,1.005,-0.01946,-0.01488,,,,,620,1,2026-10-04T02:46:38+00:00,2026-10-05,169.8000031,0.00118,,,-0.00103,,,-0.00167,,,
2026-09-29,9433,KDDI,leader,情報・通信業,,2923.5,29868230100,22630281750,1.320,-0.01945,-0.01845,,,,,620,1,2026-10-04T02:46:38+00:00,2026-10-05,2895,-0.00069,,,-0.00291,,,-0.00354,,,
2026-09-29,9434,ソフトバンク,leader,情報・通信業,,239.5,24377148250,18347502445,1.329,-0.02045,-0.00123,,,,,620,1,2026-10-04T02:46:38+00:00,2026-10-05,238.8999939,-0.00167,,,-0.00388,,,-0.00452,,,
2026-09-29,9435,光通信,core,情報・通信業,,36310,4233746000,2546661000,1.662,-0.00982,0.00000,near,,,,620,1,2026-10-04T02:46:38+00:00,2026-10-05,35920,0.00084,,,-0.00137,,,-0.00218,,,
2026-09-29,9449,ＧＭＯインターネットグループ,core,情報・通信業,,3922,860094600,1083573900,0.794,-0.01754,-0.00401,,,,,620,1,2026-10-04T02:46:38+00:00,2026-10-05,3968,-0.00353,,,-0.00575,,,-0.00655,,,
2026-09-29,9468,ＫＡＤＯＫＡＷＡ,core,情報・通信業,,3651,2144962500,1250085500,1.716,-0.00246,-0.00410,near,,,,620,1,2026-10-04T02:46:38+00:00,2026-10-05,3785,-0.00343,,,-0.00564,,,-0.00645,,,
2026-09-29,9501,東京電力ホールディングス,leader,電気・ガス業,,515.4000244,21334623231,19242797282,1.109,-0.02108,-0.00950,,,,,620,1,2026-10-04T02:46:38+00:00,2026-10-05,524.9000244,-0.00381,,,-0.00602,,,-0.00666,,,
2026-09-29,9502,中部電力,leader,電気・ガス業,,2709,12099477600,9616012125,1.258,-0.04461,-0.02821,,,,,620,1,2026-10-04T02:46:38+00:00,2026-10-05,2635,-0.00323,,,-0.00545,,,-0.00608,,,
2026-09-29,9503,関西電力,leader,電気・ガス業,,2642,13555837800,13001488925,1.043,-0.04758,-0.01875,,,,,620,1,2026-10-04T02:46:38+00:00,2026-10-05,2647.5,-0.01568,,,-0.01790,,,-0.01853,,,
2026-09-29,9504,中国電力,core,電気・ガス業,,1011,1992276600,2173902900,0.916,-0.05026,-0.02536,,,,,620,1,2026-10-04T02:46:38+00:00,2026-10-05,989,-0.01153,,,-0.01375,,,-0.01455,,,
2026-09-29,9505,北陸電力,core,電気・ガス業,,1109,1471643000,1155727925,1.273,-0.03816,-0.02472,,,,,620,1,2026-10-04T02:46:38+00:00,2026-10-05,1071,-0.01867,,,-0.02089,,,-0.02169,,,
2026-09-29,9506,東北電力,core,電気・ガス業,,1286.5,5174174350,6022406525,0.859,-0.04278,-0.02232,,,,,620,1,2026-10-04T02:46:38+00:00,2026-10-05,1238,0.00242,,,0.00020,,,-0.00060,,,
2026-09-29,9507,四国電力,core,電気・ガス業,,2103,2095849800,2849398500,0.736,-0.02886,-0.01547,,,,,620,1,2026-10-04T02:46:38+00:00,2026-10-05,2122.5,-0.01979,,,-0.02200,,,-0.02281,,,
2026-09-29,9508,九州電力,core,電気・ガス業,,2098,0,4979230125,0.000,0.00000,0.00000,,,,,620,1,2026-10-04T02:46:38+00:00,2026-10-05,1975,-0.01595,,,-0.01817,,,-0.01897,,,
2026-09-29,9509,北海道電力,core,電気・ガス業,,1099.5,2569201650,2251404925,1.141,-0.03553,-0.02500,,,,,620,1,2026-10-04T02:46:38+00:00,2026-10-05,1082,-0.01848,,,-0.02069,,,-0.02150,,,
2026-09-29,9513,電源開発,core,電気・ガス業,,3986,2470522800,2032249800,1.216,-0.03743,-0.02898,,,,,620,1,2026-10-04T02:46:38+00:00,2026-10-05,3993,-0.01202,,,-0.01423,,,-0.01504,,,
2026-09-29,9531,東京瓦斯,leader,電気・ガス業,,6075,8580937500,5936317800,1.445,-0.01155,-0.00439,,,,,620,1,2026-10-04T02:46:38+00:00,2026-10-05,6150,-0.01220,,,-0.01442,,,-0.01505,,,
2026-09-29,9532,大阪瓦斯,leader,電気・ガス業,,5670,7347186000,5778056900,1.272,-0.02911,-0.02380,,,,,620,1,2026-10-04T02:46:38+00:00,2026-10-05,5716,-0.00822,,,-0.01043,,,-0.01107,,,
2026-09-29,9533,東邦瓦斯,core,電気・ガス業,,1231,1032562800,1090208750,0.947,-0.01756,-0.01277,,,,,620,1,2026-10-04T02:46:38+00:00,2026-10-05,1247.5,-0.00601,,,-0.00822,,,-0.00903,,,
2026-09-29,9556,ＩＮＴＬＯＯＰ(株),hot,サービス業,2026-09-14,2267,134433100,164076100,0.819,-0.04788,0.00000,,,,,620,1,2026-10-04T02:46:38+00:00,2026-10-05,2399,0.04002,,,0.03780,,,0.04050,,,
2026-09-29,9602,東宝,leader,情報・通信業,,1553,4128961100,5081434600,0.813,-0.00481,0.00192,,,,,620,1,2026-10-04T02:46:38+00:00,2026-10-05,1567,-0.00830,,,-0.01052,,,-0.01115,,,
2026-09-29,9616,共立メンテナンス,core,サービス業,,3176,5013633600,2773384500,1.808,-0.02427,-0.01536,near,,,,620,1,2026-10-04T02:46:38+00:00,2026-10-05,3187,0.00847,,,0.00626,,,0.00545,,,
2026-09-29,9627,アインホールディングス,core,小売業,,5320,760228000,718576900,1.058,-0.01700,0.00092,,,,,620,1,2026-10-04T02:46:38+00:00,2026-10-05,5300,0.00717,,,0.00496,,,0.00415,,,
2026-09-29,9684,スクウェア・エニックス・ホールディングス,core,情報・通信業,,2913,2849496600,3179999775,0.896,-0.01254,-0.00169,,,,,620,1,2026-10-04T02:46:38+00:00,2026-10-05,2875,-0.01252,,,-0.01473,,,-0.01554,,,
2026-09-29,9697,カプコン,core,情報・通信業,,4357,10935198600,10780175350,1.014,-0.00639,-0.00046,,,,,620,1,2026-10-04T02:46:38+00:00,2026-10-05,4434,-0.00429,,,-0.00651,,,-0.00731,,,
2026-09-29,9706,日本空港ビルデング,core,不動産業,,5475,3120202500,4595432350,0.679,-0.01369,-0.00757,,,,,620,1,2026-10-04T02:46:38+00:00,2026-10-05,5320,0.00470,,,0.00249,,,0.00168,,,
2026-09-29,9735,セコム,leader,サービス業,,6210,9802485000,7567048200,1.295,-0.01240,-0.02036,,,,,620,1,2026-10-04T02:46:38+00:00,2026-10-05,6258,-0.00128,,,-0.00349,,,-0.00413,,,
2026-09-29,9744,メイテックグループホールディングス,core,サービス業,,3368,2999204000,1497049750,2.003,-0.03606,-0.02891,candidate,,,,620,1,2026-10-04T02:46:38+00:00,2026-10-05,3271,-0.01162,,,-0.01384,,,-0.01464,,,
2026-09-29,9759,ＮＳＤ,core,情報・通信業,,2993.5,1685939200,724942800,2.326,0.02342,0.01709,candidate,,,,620,1,2026-10-04T02:46:38+00:00,2026-10-05,2946.5,0.00068,,,-0.00153,,,-0.00234,,,
2026-09-29,9766,コナミグループ,leader,情報・通信業,,21075,10425802500,9477579000,1.100,-0.01149,-0.01454,,,,,620,1,2026-10-04T02:46:38+00:00,2026-10-05,22635,-0.01900,,,-0.02121,,,-0.02185,,,
2026-09-29,9816,(株)ストライダーズ,hot,不動産業,2026-09-14,257,5654000,767300,7.369,0.00784,0.03137,candidate,,,,620,1,2026-10-04T02:46:38+00:00,2026-10-05,252,-0.01587,,,-0.01808,,,-0.01539,,,
2026-09-29,9831,ヤマダホールディングス,core,小売業,,717.0999756,5386855017,2674904248,2.014,0.00505,-0.00196,candidate,,,,620,1,2026-10-04T02:46:38+00:00,2026-10-05,703.2000122,0.01280,,,0.01059,,,0.00978,,,
2026-09-29,9843,ニトリホールディングス,leader,小売業,,2929.5,8546523300,10791140300,0.792,-0.01147,-0.00759,,,,,620,1,2026-10-04T02:46:38+00:00,2026-10-05,3150,-0.00921,,,-0.01142,,,-0.01206,,,
2026-09-29,9861,吉野家ホールディングス,core,小売業,,3624,1449962400,1286628400,1.127,-0.00740,-0.00986,,,,,620,1,2026-10-04T02:46:38+00:00,2026-10-05,3676,-0.00734,,,-0.00956,,,-0.01036,,,
2026-09-29,9934,因幡電機産業,core,卸売業,,3057,598560600,558753050,1.071,-0.01609,-0.01384,,,,,620,1,2026-10-04T02:46:38+00:00,2026-10-05,3145,0.00572,,,0.00351,,,0.00270,,,
2026-09-29,9962,ミスミグループ本社,core,卸売業,,3857,3986209500,4802937350,0.830,0.00026,-0.00934,,,,,620,1,2026-10-04T02:46:38+00:00,2026-10-05,4024,0.01715,,,0.01493,,,0.01413,,,
2026-09-29,9973,ＫＯＺＯホールディングス(株),hot,小売業,2026-09-14,19,4998900,10302000,0.485,0.00000,0.00000,,,,,620,1,2026-10-04T02:46:38+00:00,2026-10-05,19,0.00000,,,-0.00221,,,0.00047,,,
2026-09-29,9983,ファーストリテイリング,leader,小売業,,68710,72385985000,68021330000,1.064,0.01268,-0.00044,,,,,620,1,2026-10-04T02:46:38+00:00,2026-10-05,73010,0.02301,,,0.02080,,,0.02016,,,
2026-09-29,9984,ソフトバンクグループ,leader,情報・通信業,,6035,387260518500,402342902950,0.963,-0.03347,-0.01682,,,,,620,1,2026-10-04T02:46:38+00:00,2026-10-05,6476,0.00324,,,0.00102,,,0.00039,,,
2026-09-29,9987,スズケン,core,卸売業,,2557,988536200,903384850,1.094,-0.03382,-0.03023,,,,,620,1,2026-10-04T02:46:38+00:00,2026-10-05,2562.5,0.00546,,,0.00324,,,0.00244,,,
2026-09-29,9989,サンドラッグ,core,小売業,,3546,2242845000,1819518350,1.233,-0.02395,-0.01596,,,,,620,1,2026-10-04T02:46:38+00:00,2026-10-05,3560,0.00253,,,0.00032,,,-0.00049,,,
2026-09-30,1332,ニッスイ,leader,水産・農林業,,1119,2624950200,2153193250,1.219,0.00179,-0.00134,,,,,620,1,2026-10-04T02:46:38+00:00,2026-10-05,1100,0.00136,,,-0.00085,,,-0.00149,,,
2026-09-30,1333,Ｕｍｉｏｓ,core,水産・農林業,,1237.5,680748750,544401250,1.250,-0.00242,0.00000,,,,,620,1,2026-10-04T02:46:38+00:00,2026-10-05,1209,-0.00165,,,-0.00386,,,-0.00467,,,
2026-09-30,135A,(株)ＶＲＡＩＮ　Ｓｏｌｕｔｉｏｎ,hot,情報・通信業,2026-09-07,5040,449064000,357057500,1.258,0.00000,0.00000,,,,,620,1,2026-10-04T02:46:38+00:00,2026-10-05,5420,-0.00923,,,-0.01145,,,-0.00876,,,
2026-09-30,1414,ショーボンドホールディングス,core,建設業,,1260,1147986000,1096001550,1.047,0.00599,0.00040,,,,,620,1,2026-10-04T02:46:38+00:00,2026-10-05,1244,-0.01527,,,-0.01749,,,-0.01829,,,
2026-09-30,1417,ミライト・ワン,core,建設業,,3483,1036192500,707343600,1.465,0.00578,0.00462,,,,,620,1,2026-10-04T02:46:38+00:00,2026-10-05,3450,0.00058,,,-0.00163,,,-0.00244,,,
2026-09-30,1605,ＩＮＰＥＸ,leader,鉱業,,3667,23681486000,20928316850,1.132,-0.00109,-0.00409,,,,,620,1,2026-10-04T02:46:38+00:00,2026-10-05,3658,0.00082,,,-0.00139,,,-0.00203,,,
2026-09-30,1719,安藤・間,core,建設業,,1829,1619213700,1298960875,1.247,0.01050,0.00552,,,,,620,1,2026-10-04T02:46:38+00:00,2026-10-05,1776.5,-0.01323,,,-0.01545,,,-0.01625,,,
2026-09-30,1721,コムシスホールディングス,leader,建設業,,5470,3205420000,2133442750,1.502,0.01072,0.00591,near,,,,620,1,2026-10-04T02:46:38+00:00,2026-10-05,5487,0.00437,,,0.00215,,,0.00152,,,
2026-09-30,1801,大成建設,leader,建設業,,12330,11886120000,9306234250,1.277,0.03180,0.01255,,,,,620,1,2026-10-04T02:46:38+00:00,2026-10-05,12190,-0.00779,,,-0.01001,,,-0.01064,,,
2026-09-30,1802,大林組,leader,建設業,,3008,11942060800,7508448100,1.590,0.01880,0.00610,near,,,,620,1,2026-10-04T02:46:38+00:00,2026-10-05,2975,-0.00891,,,-0.01112,,,-0.01176,,,
2026-09-30,1803,清水建設,leader,建設業,,2144,12224873600,8751995775,1.397,0.02266,0.00358,,,,,620,1,2026-10-04T02:46:38+00:00,2026-10-05,2100,0.00476,,,0.00255,,,0.00191,,,
2026-09-30,1808,長谷工コーポレーション,leader,建設業,,2630.5,2876451750,2471083975,1.164,0.01348,0.00173,,,,,620,1,2026-10-04T02:46:38+00:00,2026-10-05,2576,-0.00019,,,-0.00241,,,-0.00304,,,
2026-09-30,1812,鹿島建設,leader,建設業,,4949,13079712100,9187527050,1.424,0.02104,0.00867,,,,,620,1,2026-10-04T02:46:38+00:00,2026-10-05,4884,-0.00942,,,-0.01163,,,-0.01227,,,
2026-09-30,1820,西松建設,core,建設業,,5433,774745800,773104900,1.002,0.01343,0.00727,,,,,620,1,2026-10-04T02:46:38+00:00,2026-10-05,5301,-0.01245,,,-0.01466,,,-0.01547,,,
2026-09-30,1860,戸田建設,core,建設業,,1442.5,1174916250,1054662600,1.114,0.00663,0.00628,,,,,620,1,2026-10-04T02:46:38+00:00,2026-10-05,1408.5,-0.01775,,,-0.01996,,,-0.02077,,,
2026-09-30,1878,大東建託,core,不動産業,,3164,7221197200,4711534550,1.533,0.00668,0.00064,near,,,,620,1,2026-10-04T02:46:38+00:00,2026-10-05,3129,-0.00959,,,-0.01180,,,-0.01261,,,
2026-09-30,1893,五洋建設,core,建設業,,1474,3786263800,3173667400,1.193,0.01167,0.00995,,,,,620,1,2026-10-04T02:46:38+00:00,2026-10-05,1451,-0.01516,,,-0.01738,,,-0.01818,,,
2026-09-30,1911,住友林業,core,建設業,,1210,6280021000,5984451600,1.049,0.02110,-0.00084,,,,,620,1,2026-10-04T02:46:38+00:00,2026-10-05,1185,-0.00633,,,-0.00855,,,-0.00935,,,
2026-09-30,1925,大和ハウス工業,leader,建設業,,2196,14384458800,9084367200,1.583,0.01035,0.00575,near,,,,620,1,2026-10-04T02:46:38+00:00,2026-10-05,2158,-0.00185,,,-0.00407,,,-0.00470,,,
2026-09-30,1928,積水ハウス,leader,建設業,,3361,10095099600,7877702400,1.281,0.01326,0.00693,,,,,620,1,2026-10-04T02:46:38+00:00,2026-10-05,3319,-0.00181,,,-0.00402,,,-0.00466,,,
2026-09-30,1942,関電工,core,建設業,,5612,8655948800,4218390850,2.052,0.02596,0.01024,candidate,,,,620,1,2026-10-04T02:46:38+00:00,2026-10-05,5557,-0.00630,,,-0.00851,,,-0.00932,,,
2026-09-30,1944,きんでん,core,建設業,,6839,3942683500,3817502000,1.033,0.02457,0.01124,,,,,620,1,2026-10-04T02:46:38+00:00,2026-10-05,6855,0.00073,,,-0.00148,,,-0.00229,,,
2026-09-30,1951,エクシオグループ,core,建設業,,2553.5,1278792800,1159589025,1.103,0.00849,0.00652,,,,,620,1,2026-10-04T02:46:38+00:00,2026-10-05,2524.5,0.00376,,,0.00154,,,0.00074,,,
2026-09-30,1959,クラフティア,core,建設業,,8064,1840204800,1305161400,1.410,0.02102,0.01279,,,,,620,1,2026-10-04T02:46:38+00:00,2026-10-05,7995,-0.00313,,,-0.00534,,,-0.00615,,,
2026-09-30,1963,日揮ホールディングス,leader,建設業,,2277,5994430200,3498258300,1.714,0.02939,0.01130,near,,,,620,1,2026-10-04T02:46:38+00:00,2026-10-05,2254.5,0.00000,,,-0.00221,,,-0.00285,,,
2026-09-30,1969,高砂熱学工業,core,建設業,,4710,2690352000,2410037700,1.116,0.01794,0.00584,,,,,620,1,2026-10-04T02:46:38+00:00,2026-10-05,4679,-0.00577,,,-0.00798,,,-0.00879,,,
2026-09-30,2002,日清製粉グループ本社,leader,食料品,,1977.5,2116518250,1888484800,1.121,0.00483,0.00076,,,,,620,1,2026-10-04T02:46:38+00:00,2026-10-05,1946.5,0.00796,,,0.00575,,,0.00511,,,
2026-09-30,2127,日本Ｍ＆Ａセンターホールディングス,core,サービス業,,622.7999878,1550398290,2576326487,0.602,0.01301,0.00667,,,,,620,1,2026-10-04T02:46:38+00:00,2026-10-05,612,-0.00343,,,-0.00564,,,-0.00645,,,
2026-09-30,2160,(株)ジーエヌアイグループ,hot,医薬品,2026-09-21,3280,3033344000,2982850900,1.017,0.00613,0.00613,,,,,620,1,2026-10-04T02:46:38+00:00,2026-10-05,3330,0.03754,,,0.03532,,,0.03802,,,
2026-09-30,2181,パーソルホールディングス(株),hot,サービス業,2026-09-21,283.1000061,2739020869,2754952475,0.994,0.00106,0.00000,,,,,620,1,2026-10-04T02:46:38+00:00,2026-10-05,279.2000122,-0.00895,,,-0.01116,,,-0.00847,,,
2026-09-30,2201,森永製菓,core,食料品,,2390,1060682000,861047100,1.232,0.00294,0.00000,,,,,620,1,2026-10-04T02:46:38+00:00,2026-10-05,2343.5,0.00469,,,0.00247,,,0.00167,,,
2026-09-30,2206,江崎グリコ,core,食料品,,4983,1099249800,866483200,1.269,0.00504,-0.00040,,,,,620,1,2026-10-04T02:46:38+00:00,2026-10-05,4981,0.00783,,,0.00562,,,0.00481,,,
2026-09-30,2212,山崎製パン,core,食料品,,3606,1999166400,2299201000,0.870,0.01150,0.00000,,,,,620,1,2026-10-04T02:46:38+00:00,2026-10-05,3535,-0.00255,,,-0.00477,,,-0.00557,,,
2026-09-30,2222,寿スピリッツ,core,食料品,,2419.5,2091415800,1654014850,1.264,-0.00330,-0.00886,,,,,620,1,2026-10-04T02:46:38+00:00,2026-10-05,2395.5,0.01169,,,0.00948,,,0.00867,,,
2026-09-30,2229,カルビー,core,食料品,,3006,1082160000,779129950,1.389,0.00653,-0.00218,,,,,620,1,2026-10-04T02:46:38+00:00,2026-10-05,2995.5,0.00684,,,0.00462,,,0.00382,,,
2026-09-30,2264,森永乳業,core,食料品,,1074.5,2189723550,2096017400,1.045,0.00327,-0.00187,,,,,620,1,2026-10-04T02:46:38+00:00,2026-10-05,1038,0.00385,,,0.00164,,,0.00083,,,
2026-09-30,2267,ヤクルト本社,core,食料品,,2744,3589700800,2794563200,1.285,0.00329,-0.00183,,,,,620,1,2026-10-04T02:46:38+00:00,2026-10-05,2718,0.00350,,,0.00129,,,0.00048,,,
2026-09-30,2269,明治ホールディングス,leader,食料品,,4156,5110633200,4326544550,1.181,-0.00288,0.00000,,,,,620,1,2026-10-04T02:46:38+00:00,2026-10-05,4065,0.00713,,,0.00492,,,0.00428,,,
2026-09-30,2282,日本ハム,leader,食料品,,1986.5,3670257400,3155548050,1.163,0.01585,-0.00153,,,,,620,1,2026-10-04T02:46:38+00:00,2026-10-05,1990,-0.00302,,,-0.00524,,,-0.00587,,,
2026-09-30,2327,日鉄ソリューションズ,core,情報・通信業,,3784,893402400,924237100,0.967,-0.00106,-0.00343,,,,,620,1,2026-10-04T02:46:38+00:00,2026-10-05,3776,-0.01774,,,-0.01996,,,-0.02076,,,
2026-09-30,2331,ＡＬＳＯＫ,core,サービス業,,1168,1762161600,1414955250,1.245,-0.00086,0.00128,,,,,620,1,2026-10-04T02:46:38+00:00,2026-10-05,1156,0.00216,,,-0.00005,,,-0.00086,,,
2026-09-30,2353,日本駐車場開発(株),hot,不動産業,2026-09-14,255,440257500,527176300,0.835,-0.00391,0.00000,,,,,620,1,2026-10-04T02:46:38+00:00,2026-10-05,256,0.00000,,,-0.00221,,,0.00047,,,
2026-09-30,2354,(株)ＹＥ　ＤＩＧＩＴＡＬ,hot,情報・通信業,2026-09-07,1263,339620700,788795750,0.431,0.02850,0.00977,,,,,620,1,2026-10-04T02:46:38+00:00,2026-10-05,1199,-0.00334,,,-0.00556,,,-0.00286,,,
2026-09-30,2371,カカクコム,core,サービス業,,3805,1059312000,818487500,1.294,0.00369,0.00237,,,,,620,1,2026-10-04T02:46:38+00:00,2026-10-05,3817,-0.00183,,,-0.00404,,,-0.00485,,,
2026-09-30,2413,エムスリー,leader,サービス業,,1753.5,4350608850,5833271325,0.746,-0.00960,-0.01412,,,,,620,1,2026-10-04T02:46:38+00:00,2026-10-05,1749,0.00829,,,0.00608,,,0.00544,,,
2026-09-30,2432,ディー・エヌ・エー,leader,情報・通信業,,2514,3016045800,2807600700,1.074,-0.00337,-0.00456,,,,,620,1,2026-10-04T02:46:38+00:00,2026-10-05,2512,-0.00796,,,-0.01018,,,-0.01081,,,
2026-09-30,2433,博報堂ＤＹホールディングス,core,サービス業,,1303,1141297700,1127563425,1.012,0.00463,-0.00116,,,,,620,1,2026-10-04T02:46:38+00:00,2026-10-05,1298,-0.01002,,,-0.01223,,,-0.01304,,,
2026-09-30,2501,サッポロホールディングス,leader,食料品,,1817,2561788300,2042805400,1.254,0.00944,0.00194,,,,,620,1,2026-10-04T02:46:38+00:00,2026-10-05,1845,0.01463,,,0.01242,,,0.01178,,,
2026-09-30,2502,アサヒグループホールディングス,leader,食料品,,1591,12786867000,9063142925,1.411,0.00569,0.00000,,,,,620,1,2026-10-04T02:46:38+00:00,2026-10-05,1564.5,0.01278,,,0.01056,,,0.00993,,,
2026-09-30,2503,キリンホールディングス,leader,食料品,,2854,11565835000,8163946800,1.417,0.01295,-0.00195,,,,,620,1,2026-10-04T02:46:38+00:00,2026-10-05,2808,0.00374,,,0.00152,,,0.00089,,,
2026-09-30,2531,宝ホールディングス(株),hot,食料品,2026-09-07,2653.5,2137659600,1497358500,1.428,0.01259,0.00801,,,,,620,1,2026-10-04T02:46:38+00:00,2026-10-05,2624.5,0.00838,,,0.00617,,,0.00886,,,
2026-09-30,2579,コカ・コーラ　ボトラーズジャパンホールディングス,core,食料品,,3815,4289967500,2529984800,1.696,0.02997,0.00567,near,,,,620,1,2026-10-04T02:46:38+00:00,2026-10-05,3786,-0.00343,,,-0.00564,,,-0.00645,,,
2026-09-30,2587,サントリービバレッジ＆フード,core,食料品,,4515,4410703500,4191772000,1.052,0.00962,-0.00246,,,,,620,1,2026-10-04T02:46:38+00:00,2026-10-05,4475,0.00603,,,0.00381,,,0.00301,,,
2026-09-30,2593,伊藤園,core,食料品,,3074,2542198000,1060929600,2.396,0.00919,-0.00755,candidate,,,,620,1,2026-10-04T02:46:38+00:00,2026-10-05,3060,0.00915,,,0.00694,,,0.00613,,,
2026-09-30,2607,不二製油,core,食料品,,4275,1152540000,1265605500,0.911,0.01016,-0.00165,,,,,620,1,2026-10-04T02:46:38+00:00,2026-10-05,4238,0.01392,,,0.01171,,,0.01090,,,
2026-09-30,2670,エービーシー・マート,core,小売業,,2725.5,1995066000,1479776000,1.348,0.00202,-0.00735,,,,,620,1,2026-10-04T02:46:38+00:00,2026-10-05,2666.5,0.01631,,,0.01410,,,0.01329,,,
2026-09-30,2737,(株)トーメンデバイス,hot,卸売業,2026-08-03,38300,4603660000,4815060000,0.956,-0.01921,0.01665,,,,,620,1,2026-10-04T02:46:38+00:00,2026-10-05,38500,-0.04805,,,-0.05027,,,-0.04757,,,
2026-09-30,2768,双日,leader,卸売業,,5672,6472886400,6956688200,0.930,0.02014,0.00683,,,,,620,1,2026-10-04T02:46:38+00:00,2026-10-05,5575,-0.01381,,,-0.01602,,,-0.01666,,,
2026-09-30,2784,アルフレッサ　ホールディングス,core,卸売業,,2276,1176009200,1010836900,1.163,-0.00219,-0.00526,,,,,620,1,2026-10-04T02:46:38+00:00,2026-10-05,2221,0.00225,,,0.00003,,,-0.00077,,,
2026-09-30,278A,Ｔｅｒｒａ　Ｄｒｏｎｅ(株),hot,精密機器,2026-09-07,9800,9158100000,38716230000,0.237,0.00204,0.01534,,,,,620,1,2026-10-04T02:46:38+00:00,2026-10-05,8900,0.01685,,,0.01464,,,0.01733,,,
2026-09-30,2801,キッコーマン,leader,食料品,,1649,6257130500,6317468025,0.990,0.00152,-0.00182,,,,,620,1,2026-10-04T02:46:38+00:00,2026-10-05,1661,0.02980,,,0.02758,,,0.02695,,,
2026-09-30,2802,味の素,leader,食料品,,5111,23846392700,14790863400,1.612,0.02672,0.00984,near,,,,620,1,2026-10-04T02:46:38+00:00,2026-10-05,5280,0.00777,,,0.00556,,,0.00492,,,
2026-09-30,2809,キユーピー,core,食料品,,4402,2391166400,1488710450,1.606,-0.00113,-0.00045,near,,,,620,1,2026-10-04T02:46:38+00:00,2026-10-05,4285,0.00490,,,0.00268,,,0.00188,,,
2026-09-30,2810,ハウス食品グループ本社,core,食料品,,4045,1130173000,968485900,1.167,0.01024,0.00300,,,,,620,1,2026-10-04T02:46:38+00:00,2026-10-05,3980,0.01432,,,0.01210,,,0.01130,,,
2026-09-30,2811,カゴメ,core,食料品,,2639,891718100,741070825,1.203,0.00687,-0.00019,,,,,620,1,2026-10-04T02:46:38+00:00,2026-10-05,2626,0.00381,,,0.00160,,,0.00079,,,
2026-09-30,285A,キオクシアホールディングス,hot,電気機器,,18095,707975922500,1513980016500,0.468,0.01202,0.01622,,,,,620,1,2026-10-04T02:46:38+00:00,2026-10-05,19620,-0.02548,,,-0.02769,,,-0.02500,,,
2026-09-30,2871,ニチレイ,leader,食料品,,2130.5,5346915850,2358415350,2.267,-0.01320,-0.00440,candidate,,,,620,1,2026-10-04T02:46:38+00:00,2026-10-05,2083,0.00624,,,0.00402,,,0.00339,,,
2026-09-30,2875,東洋水産,core,食料品,,9589,3903681900,4173560000,0.935,0.01128,-0.00295,,,,,620,1,2026-10-04T02:46:38+00:00,2026-10-05,9519,0.04202,,,0.03981,,,0.03900,,,
2026-09-30,2897,日清食品ホールディングス,core,食料品,,2866,3644119000,3440810275,1.059,0.00122,-0.00489,,,,,620,1,2026-10-04T02:46:38+00:00,2026-10-05,2796.5,0.01913,,,0.01691,,,0.01611,,,
2026-09-30,290A,(株)Ｓｙｎｓｐｅｃｔｉｖｅ,hot,情報・通信業,2026-09-21,1402,901906600,1428603450,0.631,0.01081,0.00216,,,,,620,1,2026-10-04T02:46:38+00:00,2026-10-05,1455,-0.00344,,,-0.00566,,,-0.00296,,,
2026-09-30,2914,日本たばこ産業,leader,食料品,,6986,32385698800,24004005000,1.349,0.01467,0.00203,,,,,620,1,2026-10-04T02:46:38+00:00,2026-10-05,6848,0.01197,,,0.00975,,,0.00912,,,
2026-09-30,2962,(株)テクニスコ,hot,金属製品,2026-09-21,2225,687970000,484416600,1.420,0.09444,0.00885,,,,,620,1,2026-10-04T02:46:38+00:00,2026-10-05,2687,0.07853,,,0.07632,,,0.07901,,,
2026-09-30,296A,令和アカウンティング・ホールディングス(株),hot,サービス業,2026-08-24,1175,27377500,75315900,0.364,-0.00085,0.00340,,,,,620,1,2026-10-04T02:46:38+00:00,2026-10-05,1112,-0.00180,,,-0.00401,,,-0.00133,,,
2026-09-30,3003,ヒューリック,core,不動産業,,1726.5,4992692700,3398805075,1.469,0.01172,-0.00146,,,,,620,1,2026-10-04T02:46:38+00:00,2026-10-05,1683.5,-0.00297,,,-0.00519,,,-0.00599,,,
2026-09-30,3038,(株)神戸物産,hot,卸売業,2026-09-14,3022,10399004200,6284745600,1.655,0.01785,0.00034,near,,,,620,1,2026-10-04T02:46:38+00:00,2026-10-05,2963.5,-0.00354,,,-0.00575,,,-0.00307,,,
2026-09-30,3048,ビックカメラ,core,小売業,,1678,1158994600,904233000,1.282,-0.00651,-0.00237,,,,,620,1,2026-10-04T02:46:38+00:00,2026-10-05,1641,0.00000,,,-0.00221,,,-0.00302,,,
2026-09-30,3064,ＭｏｎｏｔａＲＯ,core,小売業,,1952,3036531200,3449486800,0.880,0.01720,-0.00261,,,,,620,1,2026-10-04T02:46:38+00:00,2026-10-05,2038,0.02527,,,0.02305,,,0.02225,,,
2026-09-30,3086,Ｊ．フロントリテイリング,leader,小売業,,2648,3052084800,3231971400,0.944,-0.00470,-0.00282,,,,,620,1,2026-10-04T02:46:38+00:00,2026-10-05,2579,0.01183,,,0.00962,,,0.00898,,,
2026-09-30,3088,マツキヨココカラ＆カンパニー,core,小売業,,2436,4286872800,4615687750,0.929,0.00350,-0.00618,,,,,620,1,2026-10-04T02:46:38+00:00,2026-10-05,2402,0.01228,,,0.01006,,,0.00926,,,
2026-09-30,3092,ＺＯＺＯ,leader,小売業,,1076.5,3924811350,3142302325,1.249,-0.01148,-0.00781,,,,,620,1,2026-10-04T02:46:38+00:00,2026-10-05,1088,0.00184,,,-0.00037,,,-0.00101,,,
2026-09-30,3099,三越伊勢丹ホールディングス,leader,小売業,,1623.5,5878531150,6690245350,0.879,0.00340,0.01051,,,,,620,1,2026-10-04T02:46:38+00:00,2026-10-05,1615,0.02755,,,0.02534,,,0.02470,,,
2026-09-30,3105,日清紡ホールディングス,core,電気機器,,2643,2336412000,1815218950,1.287,0.01245,-0.00096,,,,,620,1,2026-10-04T02:46:38+00:00,2026-10-05,2748.5,0.01510,,,0.01289,,,0.01208,,,
2026-09-30,3107,ダイワボウホールディングス,core,卸売業,,3720,1013328000,1240475050,0.817,0.00027,0.00618,,,,,620,1,2026-10-04T02:46:38+00:00,2026-10-05,3714,-0.01400,,,-0.01622,,,-0.01702,,,
2026-09-30,3116,トヨタ紡織,core,輸送用機器,,2195.5,1340572300,1350618825,0.993,0.01315,0.00877,,,,,620,1,2026-10-04T02:46:38+00:00,2026-10-05,2139,0.00865,,,0.00643,,,0.00563,,,
2026-09-30,3131,シンデン・ハイテックス(株),hot,卸売業,2026-08-03,7960,255516000,247161500,1.034,-0.00251,0.02757,,,,,620,1,2026-10-04T02:46:38+00:00,2026-10-05,8160,-0.00123,,,-0.00345,,,-0.00076,,,
2026-09-30,3132,マクニカホールディングス,core,卸売業,,4232,4360652800,3284045250,1.328,-0.00541,0.00494,,,,,620,1,2026-10-04T02:46:38+00:00,2026-10-05,4245,0.01296,,,0.01074,,,0.00994,,,
2026-09-30,3189,(株)ＡＮＡＰホールディングス,hot,小売業,2026-08-24,106,1823200,32266000,0.057,0.00952,0.01905,,,,,620,1,2026-10-04T02:46:38+00:00,2026-10-05,97,-0.05155,,,-0.05377,,,-0.05107,,,
2026-09-30,3197,すかいらーくホールディングス,core,小売業,,3170,3760888000,2965342250,1.268,0.01440,-0.00320,,,,,620,1,2026-10-04T02:46:38+00:00,2026-10-05,3160,0.01234,,,0.01013,,,0.00932,,,
2026-09-30,3231,野村不動産ホールディングス,core,不動産業,,880.5999756,5871400337,3275365639,1.793,0.01102,0.00402,near,,,,620,1,2026-10-04T02:46:38+00:00,2026-10-05,853.0999756,-0.01184,,,-0.01405,,,-0.01486,,,
2026-09-30,3288,オープンハウスグループ,core,不動産業,,7437,2427436800,2205495200,1.101,0.01019,-0.00706,,,,,620,1,2026-10-04T02:46:38+00:00,2026-10-05,7304,0.00671,,,0.00449,,,0.00369,,,
2026-09-30,3289,東急不動産ホールディングス,leader,不動産業,,1232.5,4341974250,3584630850,1.211,0.00901,0.00450,,,,,620,1,2026-10-04T02:46:38+00:00,2026-10-05,1205,-0.01203,,,-0.01425,,,-0.01488,,,
2026-09-30,3291,飯田グループホールディングス,core,不動産業,,2168.5,1460051050,1193805825,1.223,0.00277,-0.00069,,,,,620,1,2026-10-04T02:46:38+00:00,2026-10-05,2116,-0.00402,,,-0.00624,,,-0.00704,,,
2026-09-30,3349,コスモス薬品,core,小売業,,6153,1817596200,2813840900,0.646,0.00293,0.00000,,,,,620,1,2026-10-04T02:46:38+00:00,2026-10-05,6197,0.02114,,,0.01892,,,0.01812,,,
2026-09-30,3350,(株)メタプラネット,hot,卸売業,2026-07-12,286,6027450000,7683327150,0.784,0.01779,0.01779,,,,,620,1,2026-10-04T02:46:38+00:00,2026-10-05,295,0.00678,,,0.00456,,,0.00725,,,
2026-09-30,3360,シップヘルスケアホールディングス,core,卸売業,,2448,637704000,605255025,1.054,0.00555,0.00103,,,,,620,1,2026-10-04T02:46:38+00:00,2026-10-05,2439,0.00636,,,0.00415,,,0.00334,,,
2026-09-30,336A,ダイナミックマッププラットフォーム(株),hot,情報・通信業,2026-09-07,1586,11458850000,6860697900,1.670,0.23328,0.00700,near,,,,620,1,2026-10-04T02:46:38+00:00,2026-10-05,1573,0.04768,,,0.04546,,,0.04816,,,
2026-09-30,3371,(株)ソフトクリエイトホールディングス,hot,情報・通信業,2026-09-14,2178,159865200,88809800,1.800,0.00369,-0.00922,near,,,,620,1,2026-10-04T02:46:38+00:00,2026-10-05,2138,0.00374,,,0.00152,,,0.00421,,,
2026-09-30,3382,セブン＆アイ・ホールディングス,leader,小売業,,2003.5,18388123000,15931509450,1.154,0.01315,0.00228,,,,,620,1,2026-10-04T02:46:38+00:00,2026-10-05,1976,0.00202,,,-0.00019,,,-0.00083,,,
2026-09-30,3391,ツルハホールディングス,core,小売業,,2116,3605875600,3511586900,1.027,0.00095,-0.00828,,,,,620,1,2026-10-04T02:46:38+00:00,2026-10-05,2050,0.03829,,,0.03607,,,0.03527,,,
2026-09-30,3397,トリドールホールディングス,core,小売業,,4120,1580020000,1464662350,1.079,-0.00483,-0.00676,,,,,620,1,2026-10-04T02:46:38+00:00,2026-10-05,4121,0.00922,,,0.00701,,,0.00620,,,
2026-09-30,3401,帝人,leader,繊維製品,,1690,1288794000,1047607800,1.230,0.01838,0.00151,,,,,620,1,2026-10-04T02:46:38+00:00,2026-10-05,1639.5,0.00122,,,-0.00100,,,-0.00163,,,
2026-09-30,3402,東レ,leader,繊維製品,,1260.5,8346526800,5215025775,1.600,0.01571,0.00806,near,,,,620,1,2026-10-04T02:46:38+00:00,2026-10-05,1230,0.01098,,,0.00877,,,0.00813,,,
2026-09-30,3405,クラレ,leader,化学,,1807.5,2869044750,2504574650,1.146,0.00893,0.00000,,,,,620,1,2026-10-04T02:46:38+00:00,2026-10-05,1771,0.00988,,,0.00766,,,0.00703,,,
2026-09-30,3407,旭化成,leader,化学,,1657.5,8902432500,7463405700,1.193,0.02854,0.00776,,,,,620,1,2026-10-04T02:46:38+00:00,2026-10-05,1636.5,0.00611,,,0.00390,,,0.00326,,,
2026-09-30,3436,SUMCO,hot,金属製品,,3316,49596417200,32564779700,1.523,0.09079,0.04605,near,,,,620,1,2026-10-04T02:46:38+00:00,2026-10-05,3690,-0.01165,,,-0.01387,,,-0.01118,,,
2026-09-30,3449,(株)テクノフレックス,hot,金属製品,2026-08-03,4380,405150000,481378500,0.842,0.02456,0.01287,,,,,620,1,2026-10-04T02:46:38+00:00,2026-10-05,4575,0.02404,,,0.02182,,,0.02451,,,
2026-09-30,3539,(株)ＪＭホールディングス,hot,小売業,2026-09-14,1461,241503300,202292900,1.194,0.00968,-0.01037,,,,,620,1,2026-10-04T02:46:38+00:00,2026-10-05,1461,-0.01437,,,-0.01659,,,-0.01390,,,
2026-09-30,3542,(株)ベガコーポレーション,hot,小売業,2026-09-07,1561,14361200,24104750,0.596,0.01561,0.00455,,,,,620,1,2026-10-04T02:46:38+00:00,2026-10-05,1561,0.01281,,,0.01060,,,0.01328,,,
2026-09-30,3549,クスリのアオキホールディングス,core,小売業,,3685,1398089000,1030607500,1.357,-0.01259,0.00241,,,,,620,1,2026-10-04T02:46:38+00:00,2026-10-05,4400,-0.01409,,,-0.01631,,,-0.01711,,,
2026-09-30,3560,(株)ほぼ日,hot,小売業,2026-09-21,5140,9766000,13579000,0.719,-0.01344,-0.01152,,,,,620,1,2026-10-04T02:46:38+00:00,2026-10-05,5150,0.01942,,,0.01720,,,0.01989,,,
2026-09-30,3563,ＦＯＯＤ　＆　ＬＩＦＥ　ＣＯＭＰＡＮＩＥＳ,core,小売業,,5133,10542668700,14560824000,0.724,0.01623,0.00475,,,,,620,1,2026-10-04T02:46:38+00:00,2026-10-05,5139,0.03911,,,0.03689,,,0.03609,,,
2026-09-30,3591,ワコールホールディングス,core,繊維製品,,3685,697939000,457918900,1.524,-0.00405,0.00000,near,,,,620,1,2026-10-04T02:46:38+00:00,2026-10-05,3600,-0.00750,,,-0.00971,,,-0.01052,,,
2026-09-30,3623,ビリングシステム(株),hot,情報・通信業,2026-08-24,1281,11529000,25072450,0.460,0.00235,0.00391,,,,,620,1,2026-10-04T02:46:38+00:00,2026-10-05,1266,-0.01185,,,-0.01406,,,-0.01137,,,
2026-09-30,3624,アクセルマーク(株),hot,情報・通信業,2026-09-14,89,26904700,51930050,0.518,0.03488,0.00000,,,,,620,1,2026-10-04T02:46:38+00:00,2026-10-05,86,0.01163,,,0.00941,,,0.01210,,,
2026-09-30,3626,ＴＩＳＩ,core,情報・通信業,,3933,3630945600,3622707500,1.002,-0.00430,-0.00582,,,,,620,1,2026-10-04T02:46:38+00:00,2026-10-05,3992,0.00601,,,0.00379,,,0.00299,,,
2026-09-30,3633,ＧＭＯペパボ(株),hot,情報・通信業,2026-08-17,2660,58520000,49970300,1.171,0.02941,0.00658,,,,,620,1,2026-10-04T02:46:38+00:00,2026-10-05,2662,-0.00751,,,-0.00973,,,-0.00704,,,
2026-09-30,3635,コーエーテクモホールディングス,core,情報・通信業,,1644,1851144000,1320797000,1.402,-0.00844,-0.00392,,,,,620,1,2026-10-04T02:46:38+00:00,2026-10-05,1645,-0.01489,,,-0.01711,,,-0.01791,,,
2026-09-30,3645,(株)メディカルネット,hot,情報・通信業,2026-09-07,259,4066300,6714850,0.606,-0.01145,0.00382,,,,,620,1,2026-10-04T02:46:38+00:00,2026-10-05,254,-0.01181,,,-0.01402,,,-0.01133,,,
2026-09-30,3659,ネクソン,leader,情報・通信業,,2633,11403523000,9130758250,1.249,0.00286,-0.00876,,,,,620,1,2026-10-04T02:46:38+00:00,2026-10-05,2676.5,0.00149,,,-0.00072,,,-0.00136,,,
2026-09-30,3660,(株)アイスタイル,hot,情報・通信業,2026-08-17,475,294595000,461350800,0.639,0.00423,0.00846,,,,,620,1,2026-10-04T02:46:38+00:00,2026-10-05,483,-0.02277,,,-0.02499,,,-0.02229,,,
2026-09-30,3664,(株)ＷＩＺＥ,hot,情報・通信業,2026-07-27,26,956966400,963145800,0.994,0.13043,0.04348,,,,,620,1,2026-10-04T02:46:38+00:00,2026-10-05,25,-0.04000,,,-0.04222,,,-0.03952,,,
2026-09-30,3676,(株)デジタルハーツホールディングス,hot,情報・通信業,2026-08-10,1049,49407900,184885500,0.267,0.00000,0.00095,,,,,620,1,2026-10-04T02:46:38+00:00,2026-10-05,1051,-0.00095,,,-0.00316,,,-0.00047,,,
2026-09-30,3692,(株)ＦＦＲＩセキュリティ,hot,情報・通信業,2026-09-07,6780,2874042000,1754320000,1.638,-0.07377,0.00410,near,,,,620,1,2026-10-04T02:46:38+00:00,2026-10-05,7850,0.03822,,,0.03600,,,0.03870,,,
2026-09-30,3697,ＳＨＩＦＴ,leader,情報・通信業,,850.4000244,2689475117,3419909758,0.786,0.00758,-0.00130,,,,,620,1,2026-10-04T02:46:38+00:00,2026-10-05,875.4000244,0.00160,,,-0.00061,,,-0.00125,,,
2026-09-30,3769,ＧＭＯペイメントゲートウェイ,core,情報・通信業,,8541,2687852700,2713622300,0.991,-0.00373,0.00082,,,,,620,1,2026-10-04T02:46:38+00:00,2026-10-05,8412,0.01189,,,0.00967,,,0.00887,,,
2026-09-30,3774,インターネットイニシアティブ,core,情報・通信業,,3397,2069792100,1584266200,1.306,0.00177,0.00619,,,,,620,1,2026-10-04T02:46:38+00:00,2026-10-05,3478,-0.00259,,,-0.00481,,,-0.00561,,,
2026-09-30,3861,王子ホールディングス,leader,パルプ・紙,,846.2999878,3817913135,2748310361,1.389,0.01268,0.00048,,,,,620,1,2026-10-04T02:46:38+00:00,2026-10-05,833.9000244,-0.00696,,,-0.00917,,,-0.00981,,,
2026-09-30,3923,(株)ラクス,hot,情報・通信業,2026-09-14,1002,2065923600,1755103050,1.177,-0.02244,0.00098,,,,,620,1,2026-10-04T02:46:38+00:00,2026-10-05,1006.5,0.01242,,,0.01021,,,0.01290,,,
2026-09-30,3926,(株)オープンドア,hot,情報・通信業,2026-09-14,430,9030000,15484100,0.583,0.03365,-0.00721,,,,,620,1,2026-10-04T02:46:38+00:00,2026-10-05,427,-0.03279,,,-0.03501,,,-0.03231,,,
2026-09-30,3937,(株)Ｕｂｉｃｏｍホールディングス,hot,情報・通信業,2026-08-17,1141,34458200,50079900,0.688,0.00617,0.00000,,,,,620,1,2026-10-04T02:46:38+00:00,2026-10-05,1112,-0.00450,,,-0.00671,,,-0.00402,,,
2026-09-30,3941,レンゴー,core,パルプ・紙,,1519.5,1850143200,1365109475,1.355,0.02877,0.00542,,,,,620,1,2026-10-04T02:46:38+00:00,2026-10-05,1520,-0.00658,,,-0.00880,,,-0.00960,,,
2026-09-30,3994,(株)マネーフォワード,hot,情報・通信業,2026-09-07,5953,1457889700,2747012550,0.531,0.01622,0.01024,,,,,620,1,2026-10-04T02:46:38+00:00,2026-10-05,5930,0.00118,,,-0.00103,,,0.00166,,,
2026-09-30,4004,レゾナック・ホールディングス,leader,化学,,14985,29024446500,27751873500,1.046,0.07690,0.04204,,,,,620,1,2026-10-04T02:46:38+00:00,2026-10-05,17680,0.01810,,,0.01589,,,0.01525,,,
2026-09-30,4005,住友化学,leader,化学,,580.0999756,4645614634,6166102412,0.753,0.01701,0.00105,,,,,620,1,2026-10-04T02:46:38+00:00,2026-10-05,579.9000244,0.00569,,,0.00347,,,0.00284,,,
2026-09-30,4011,(株)ヘッドウォータース,hot,情報・通信業,2026-09-07,2340,87048000,94369000,0.922,0.04325,0.00580,,,,,620,1,2026-10-04T02:46:38+00:00,2026-10-05,2329,-0.01975,,,-0.02196,,,-0.01928,,,
2026-09-30,4021,日産化学,leader,化学,,8336,5416732800,3952010500,1.371,0.01770,-0.00024,,,,,620,1,2026-10-04T02:46:38+00:00,2026-10-05,8540,0.02272,,,0.02051,,,0.01987,,,
2026-09-30,4025,多木化学(株),hot,化学,2026-08-10,5770,149443000,120952500,1.236,0.04340,0.00181,,,,,620,1,2026-10-04T02:46:38+00:00,2026-10-05,5570,0.04847,,,0.04625,,,0.04895,,,
2026-09-30,4042,東ソー,leader,化学,,2630,3157315000,2638294350,1.197,0.01271,0.00578,,,,,620,1,2026-10-04T02:46:38+00:00,2026-10-05,2600,0.00712,,,0.00490,,,0.00427,,,
2026-09-30,4043,トクヤマ,leader,化学,,4075,1904655000,1864475400,1.022,0.01293,0.01019,,,,,620,1,2026-10-04T02:46:38+00:00,2026-10-05,4081,0.02083,,,0.01861,,,0.01798,,,
2026-09-30,4045,東亞合成,core,化学,,1820,429338000,440314675,0.975,0.00608,0.00470,,,,,620,1,2026-10-04T02:46:38+00:00,2026-10-05,1801.5,0.01277,,,0.01056,,,0.00975,,,
2026-09-30,4047,関東電化工業(株),hot,化学,2026-09-21,2381,1240739100,1248040550,0.994,0.02277,0.01804,,,,,620,1,2026-10-04T02:46:38+00:00,2026-10-05,2527,0.01187,,,0.00966,,,0.01235,,,
2026-09-30,4052,フィーチャ(株),hot,情報・通信業,2026-08-03,1149,4261296300,4192245700,1.016,0.15015,-0.00801,,,,,620,1,2026-10-04T02:46:38+00:00,2026-10-05,1012,0.00494,,,0.00272,,,0.00541,,,
2026-09-30,4061,デンカ,leader,化学,,3285,2261394000,2073713800,1.091,0.02209,0.01307,,,,,620,1,2026-10-04T02:46:38+00:00,2026-10-05,3234,0.01515,,,0.01294,,,0.01230,,,
2026-09-30,4062,イビデン,leader,電気機器,,11030,107974876000,165149688000,0.654,0.00091,0.02359,,,,,620,1,2026-10-04T02:46:38+00:00,2026-10-05,12400,-0.01089,,,-0.01311,,,-0.01374,,,
2026-09-30,4063,信越化学工業,leader,化学,,5945,54953202000,35028337200,1.569,0.03409,0.00713,near,,,,620,1,2026-10-04T02:46:38+00:00,2026-10-05,6150,0.01106,,,0.00885,,,0.00821,,,
2026-09-30,4075,ブレインズテクノロジー(株),hot,情報・通信業,2026-09-21,1402,265118200,592789800,0.447,0.04006,0.03783,,,,,620,1,2026-10-04T02:46:38+00:00,2026-10-05,1435,-0.04808,,,-0.05029,,,-0.04760,,,
2026-09-30,4091,日本酸素ホールディングス,core,化学,,5512,3651700000,3234182100,1.129,0.01063,0.01228,,,,,620,1,2026-10-04T02:46:38+00:00,2026-10-05,5418,0.02104,,,0.01883,,,0.01802,,,
2026-09-30,4114,日本触媒,core,化学,,2537.5,1966308750,2208937650,0.890,0.01846,0.00341,,,,,620,1,2026-10-04T02:46:38+00:00,2026-10-05,2565,-0.00565,,,-0.00787,,,-0.00867,,,
2026-09-30,4118,カネカ,core,化学,,6078,1334728800,1209301950,1.104,0.01673,0.00703,,,,,620,1,2026-10-04T02:46:38+00:00,2026-10-05,5970,0.00687,,,0.00466,,,0.00385,,,
2026-09-30,4151,協和キリン,leader,医薬品,,2280,5050656000,3761344100,1.343,0.00618,-0.00596,,,,,620,1,2026-10-04T02:46:38+00:00,2026-10-05,2211,0.00158,,,-0.00063,,,-0.00127,,,
2026-09-30,4165,(株)プレイド,hot,情報・通信業,2026-08-17,675,163755000,246316500,0.665,0.02896,-0.00152,,,,,620,1,2026-10-04T02:46:38+00:00,2026-10-05,714,-0.00420,,,-0.00641,,,-0.00372,,,
2026-09-30,417A,ブルーゾーンホールディングス,core,小売業,,1815,504751500,429158850,1.176,-0.00820,-0.00546,,,,,620,1,2026-10-04T02:46:38+00:00,2026-10-05,1825,-0.00219,,,-0.00441,,,-0.00521,,,
2026-09-30,4180,Ａｐｐｉｅｒ　Ｇｒｏｕｐ(株),hot,情報・通信業,2026-08-17,1396,1339601600,2141149850,0.626,0.01013,0.00941,,,,,620,1,2026-10-04T02:46:38+00:00,2026-10-05,1407,-0.02559,,,-0.02781,,,-0.02512,,,
2026-09-30,4182,三菱瓦斯化学,core,化学,,3884,4150830800,5376812700,0.772,0.02969,0.01113,,,,,620,1,2026-10-04T02:46:38+00:00,2026-10-05,3966,0.01689,,,0.01467,,,0.01387,,,
2026-09-30,4183,三井化学,leader,化学,,2146.5,11500732350,5206065100,2.209,0.05427,0.01694,candidate,,,,620,1,2026-10-04T02:46:38+00:00,2026-10-05,2120,0.02335,,,0.02114,,,0.02050,,,
2026-09-30,4186,東京応化工業,core,化学,,8617,8567883100,6113067300,1.402,0.04297,0.03631,,,,,620,1,2026-10-04T02:46:38+00:00,2026-10-05,9204,0.00087,,,-0.00134,,,-0.00215,,,
2026-09-30,4188,三菱ケミカルグループ,leader,化学,,1174,7876953000,6469142975,1.218,0.03573,0.00970,,,,,620,1,2026-10-04T02:46:38+00:00,2026-10-05,1162,0.00990,,,0.00769,,,0.00705,,,
2026-09-30,4194,ビジョナル,core,情報・通信業,,8679,1714970400,1967727900,0.872,0.00208,-0.00254,,,,,620,1,2026-10-04T02:46:38+00:00,2026-10-05,8715,0.00034,,,-0.00187,,,-0.00268,,,
2026-09-30,4202,ダイセル,core,化学,,1431.5,2018701300,1278984950,1.578,0.03320,0.01696,near,,,,620,1,2026-10-04T02:46:38+00:00,2026-10-05,1408,0.01705,,,0.01483,,,0.01403,,,
2026-09-30,4203,住友ベークライト,core,化学,,8411,6171991800,5439950300,1.135,0.02423,0.00024,,,,,620,1,2026-10-04T02:46:38+00:00,2026-10-05,9000,-0.00022,,,-0.00244,,,-0.00324,,,
2026-09-30,4204,積水化学工業,core,化学,,2512.5,5868446250,3587152250,1.636,0.00843,-0.00602,near,,,,620,1,2026-10-04T02:46:38+00:00,2026-10-05,2507,0.00499,,,0.00277,,,0.00197,,,
2026-09-30,4205,日本ゼオン,core,化学,,2432,1928089600,2159917125,0.893,0.00955,0.00311,,,,,620,1,2026-10-04T02:46:38+00:00,2026-10-05,2411,0.01369,,,0.01148,,,0.01067,,,
2026-09-30,4206,アイカ工業,core,化学,,4224,1410816000,918396400,1.536,0.01053,0.01675,near,,,,620,1,2026-10-04T02:46:38+00:00,2026-10-05,4188,0.01385,,,0.01163,,,0.01083,,,
2026-09-30,4208,ＵＢＥ,leader,化学,,3400,2580260000,2493442400,1.035,0.02410,0.00783,,,,,620,1,2026-10-04T02:46:38+00:00,2026-10-05,3350,0.00716,,,0.00494,,,0.00431,,,
2026-09-30,4272,日本化薬,core,化学,,2107,1936543700,1017138525,1.904,0.02356,0.00170,near,,,,620,1,2026-10-04T02:46:38+00:00,2026-10-05,2088,0.00982,,,0.00761,,,0.00680,,,
2026-09-30,4307,野村総合研究所,leader,情報・通信業,,4952,10203100800,10170151200,1.003,-0.00382,-0.00402,,,,,620,1,2026-10-04T02:46:38+00:00,2026-10-05,4975,-0.00040,,,-0.00262,,,-0.00325,,,
2026-09-30,431A,ユーソナー(株),hot,情報・通信業,2026-09-07,2695,75460000,84098850,0.897,0.01545,0.00188,,,,,620,1,2026-10-04T02:46:38+00:00,2026-10-05,2614,-0.03787,,,-0.04009,,,-0.03739,,,
2026-09-30,4324,電通グループ,leader,サービス業,,3563,3207412600,3453822600,0.929,0.00707,-0.00509,,,,,620,1,2026-10-04T02:46:38+00:00,2026-10-05,3520,0.00426,,,0.00204,,,0.00141,,,
2026-09-30,4376,(株)くふうカンパニーホールディングス,hot,情報・通信業,2026-09-14,190,27455000,6095550,4.504,0.10465,0.00581,candidate,,,,620,1,2026-10-04T02:46:38+00:00,2026-10-05,190,-0.02105,,,-0.02327,,,-0.02057,,,
2026-09-30,4377,(株)ワンキャリア,hot,情報・通信業,2026-08-17,2375,114475000,144693900,0.791,0.02503,0.00993,,,,,620,1,2026-10-04T02:46:38+00:00,2026-10-05,2443,-0.02333,,,-0.02554,,,-0.02286,,,
2026-09-30,4380,(株)Ｍマート,hot,情報・通信業,2026-09-14,700,840000,3963900,0.212,0.00000,0.00714,,,,,620,1,2026-10-04T02:46:38+00:00,2026-10-05,705,-0.02128,,,-0.02350,,,-0.02081,,,
2026-09-30,4381,ビープラッツ(株),hot,情報・通信業,2026-09-07,218,14649600,49561300,0.296,0.01395,0.02326,,,,,620,1,2026-10-04T02:46:38+00:00,2026-10-05,212,0.00472,,,0.00251,,,0.00519,,,
2026-09-30,4382,ＨＥＲＯＺ(株),hot,情報・通信業,2026-09-14,858,130244400,70908450,1.837,0.02143,0.00119,near,,,,620,1,2026-10-04T02:46:38+00:00,2026-10-05,866,0.03118,,,0.02896,,,0.03166,,,
2026-09-30,4385,メルカリ,leader,情報・通信業,,3604,5448887600,7373380000,0.739,0.00530,0.00167,,,,,620,1,2026-10-04T02:46:38+00:00,2026-10-05,3540,0.00452,,,0.00230,,,0.00167,,,
2026-09-30,438A,(株)インフキュリオン,hot,情報・通信業,2026-09-14,1044,109306800,64632800,1.691,0.00385,-0.00096,near,,,,620,1,2026-10-04T02:46:38+00:00,2026-10-05,1072,-0.03638,,,-0.03860,,,-0.03590,,,
2026-09-30,4401,ＡＤＥＫＡ,core,化学,,4605,1429852500,1142409800,1.252,0.01633,0.00419,,,,,620,1,2026-10-04T02:46:38+00:00,2026-10-05,4680,0.01132,,,0.00911,,,0.00830,,,
2026-09-30,4403,日油,core,化学,,2537,2561355200,2415942375,1.060,0.02134,0.00282,,,,,620,1,2026-10-04T02:46:38+00:00,2026-10-05,2528.5,0.00395,,,0.00174,,,0.00093,,,
2026-09-30,4436,(株)ミンカブ・ジ・インフォノイド,hot,情報・通信業,2026-09-21,692,236041200,13950600,16.920,-0.01705,-0.00994,candidate,,,,620,1,2026-10-04T02:46:38+00:00,2026-10-05,639,-0.00782,,,-0.01004,,,-0.00735,,,
2026-09-30,4440,(株)ヴィッツ,hot,情報・通信業,2026-09-21,2497,1631290100,4084738000,0.399,0.09614,0.05004,,,,,620,1,2026-10-04T02:46:38+00:00,2026-10-05,2440,0.02459,,,0.02237,,,0.02507,,,
2026-09-30,4443,Ｓａｎｓａｎ(株),hot,情報・通信業,2026-09-14,2011,1839260600,2836466000,0.648,-0.00985,-0.00935,,,,,620,1,2026-10-04T02:46:38+00:00,2026-10-05,2049,0.02099,,,0.01878,,,0.02147,,,
2026-09-30,4446,Ｌｉｎｋ－Ｕグループ(株),hot,情報・通信業,2026-09-21,733,106358300,79221700,1.343,0.03239,0.00986,,,,,620,1,2026-10-04T02:46:38+00:00,2026-10-05,719,0.00278,,,0.00056,,,0.00326,,,
2026-09-30,4452,花王,leader,化学,,3500,15711850000,8687635250,1.809,0.00459,-0.00287,near,,,,620,1,2026-10-04T02:46:38+00:00,2026-10-05,3440,0.00872,,,0.00651,,,0.00587,,,
2026-09-30,4478,フリー(株),hot,情報・通信業,2026-08-17,3560,1255256000,1998025000,0.628,-0.01111,-0.01667,,,,,620,1,2026-10-04T02:46:38+00:00,2026-10-05,3400,0.01618,,,0.01396,,,0.01665,,,
2026-09-30,4480,(株)メドレー,hot,情報・通信業,2026-08-17,2317,661040100,602175700,1.098,0.00390,0.00000,,,,,620,1,2026-10-04T02:46:38+00:00,2026-10-05,2284,0.00350,,,0.00129,,,0.00398,,,
2026-09-30,4502,武田薬品工業,leader,医薬品,,5780,30304540000,24763997350,1.224,0.00714,0.00470,,,,,620,1,2026-10-04T02:46:38+00:00,2026-10-05,5620,0.00338,,,0.00117,,,0.00053,,,
2026-09-30,4503,アステラス製薬,leader,医薬品,,2320.5,20373525900,13663985500,1.491,0.01155,0.00087,,,,,620,1,2026-10-04T02:46:38+00:00,2026-10-05,2244.5,-0.00423,,,-0.00645,,,-0.00708,,,
2026-09-30,4506,住友ファーマ,leader,医薬品,,1626.5,6103278600,5621278500,1.086,0.04063,0.01376,,,,,620,1,2026-10-04T02:46:38+00:00,2026-10-05,1620,-0.02531,,,-0.02753,,,-0.02816,,,
2026-09-30,4507,塩野義製薬,leader,医薬品,,2870.5,10235341850,8152975700,1.255,0.01127,-0.00423,,,,,620,1,2026-10-04T02:46:38+00:00,2026-10-05,2767.5,-0.03848,,,-0.04070,,,-0.04133,,,
2026-09-30,4516,日本新薬,core,医薬品,,3442,1572649800,1337133450,1.176,0.00938,0.00616,,,,,620,1,2026-10-04T02:46:38+00:00,2026-10-05,3365,-0.00297,,,-0.00519,,,-0.00599,,,
2026-09-30,4519,中外製薬,leader,医薬品,,6225,58890990000,17692008000,3.329,0.02116,0.00016,candidate,,,,620,1,2026-10-04T02:46:38+00:00,2026-10-05,6002,0.01450,,,0.01229,,,0.01165,,,
2026-09-30,4523,エーザイ,leader,医薬品,,4855,7256283000,5885737900,1.233,0.00915,0.00187,,,,,620,1,2026-10-04T02:46:38+00:00,2026-10-05,4705,-0.00978,,,-0.01200,,,-0.01263,,,
2026-09-30,4527,ロート製薬,core,医薬品,,2809,3444957600,2603256000,1.323,0.00952,-0.00539,,,,,620,1,2026-10-04T02:46:38+00:00,2026-10-05,2798,-0.02573,,,-0.02794,,,-0.02875,,,
2026-09-30,4528,小野薬品工業,core,医薬品,,2346.5,4291983150,3231062625,1.328,0.00557,0.00150,,,,,620,1,2026-10-04T02:46:38+00:00,2026-10-05,2281.5,-0.00131,,,-0.00352,,,-0.00433,,,
2026-09-30,4536,参天製薬,core,医薬品,,1687,2470274100,2218781550,1.113,0.01352,0.00030,,,,,620,1,2026-10-04T02:46:38+00:00,2026-10-05,1653.5,0.00393,,,0.00172,,,0.00091,,,
2026-09-30,4540,ツムラ,core,医薬品,,3786,2887960800,1975675100,1.462,-0.00290,0.00342,,,,,620,1,2026-10-04T02:46:38+00:00,2026-10-05,3726,-0.00510,,,-0.00732,,,-0.00812,,,
2026-09-30,4543,テルモ,leader,精密機器,,2297,15860785000,11461554800,1.384,0.00856,-0.00198,,,,,620,1,2026-10-04T02:46:38+00:00,2026-10-05,2277,0.00285,,,0.00064,,,0.00000,,,
2026-09-30,4544,Ｈ．Ｕ．グループホールディングス,core,サービス業,,3514,776594000,712626750,1.090,0.00919,0.00316,,,,,620,1,2026-10-04T02:46:38+00:00,2026-10-05,3451,0.00522,,,0.00300,,,0.00220,,,
2026-09-30,4564,オンコセラピー・サイエンス(株),hot,医薬品,2026-07-12,21,3082056600,3451581100,0.893,0.00000,0.00000,,,,,620,1,2026-10-04T02:46:38+00:00,2026-10-05,20,0.00000,,,-0.00221,,,0.00047,,,
2026-09-30,4568,第一三共,leader,医薬品,,2800,17975440000,17563749800,1.023,0.00557,0.00808,,,,,620,1,2026-10-04T02:46:38+00:00,2026-10-05,2699,0.00630,,,0.00409,,,0.00345,,,
2026-09-30,456A,ＨＵＭＡＮ　ＭＡＤＥ(株),hot,小売業,2026-08-24,1922,1326756600,1042015250,1.273,-0.00363,-0.01711,,,,,620,1,2026-10-04T02:46:38+00:00,2026-10-05,2120,-0.01085,,,-0.01307,,,-0.01038,,,
2026-09-30,4578,大塚ホールディングス,leader,医薬品,,11585,20900498500,14677853500,1.424,0.01623,0.00877,,,,,620,1,2026-10-04T02:46:38+00:00,2026-10-05,11400,0.00219,,,-0.00002,,,-0.00066,,,
2026-09-30,4583,(株)カイオム・バイオサイエンス,hot,医薬品,2026-09-07,108,151297200,194969300,0.776,-0.00917,-0.01835,,,,,620,1,2026-10-04T02:46:38+00:00,2026-10-05,100,0.02000,,,0.01779,,,0.02048,,,
2026-09-30,4587,ペプチドリーム,core,医薬品,,1113.5,1555448150,744075700,2.090,0.05695,-0.00237,candidate,,,,620,1,2026-10-04T02:46:38+00:00,2026-10-05,1074,-0.01629,,,-0.01851,,,-0.01931,,,
2026-09-30,4588,オンコリスバイオファーマ(株),hot,医薬品,2026-09-07,5930,7690024000,11631023000,0.661,0.05329,0.01243,,,,,620,1,2026-10-04T02:46:38+00:00,2026-10-05,5950,0.09076,,,0.08854,,,0.09123,,,
2026-09-30,4597,ソレイジア・ファーマ(株),hot,医薬品,2026-07-12,31,1556727000,1853298650,0.840,0.03333,0.03333,,,,,620,1,2026-10-04T02:46:38+00:00,2026-10-05,31,0.00000,,,-0.00221,,,0.00047,,,
2026-09-30,4598,Ｄｅｌｔａ－Ｆｌｙ　Ｐｈａｒｍａ(株),hot,医薬品,2026-09-07,116,34939200,102219900,0.342,0.01754,0.00000,,,,,620,1,2026-10-04T02:46:38+00:00,2026-10-05,112,-0.01786,,,-0.02008,,,-0.01739,,,
2026-09-30,460A,ＢＲＡＮＵ(株),hot,情報・通信業,2026-09-21,1213,21348800,25286500,0.844,-0.00247,0.02138,,,,,620,1,2026-10-04T02:46:38+00:00,2026-10-05,1236,-0.06149,,,-0.06370,,,-0.06101,,,
2026-09-30,4612,日本ペイントホールディングス,core,化学,,1179.5,4274861850,3399702400,1.257,0.01245,0.00172,,,,,620,1,2026-10-04T02:46:38+00:00,2026-10-05,1158,0.03497,,,0.03275,,,0.03195,,,
2026-09-30,4613,関西ペイント,core,化学,,2823,3023150700,2348396650,1.287,0.01913,0.00036,,,,,620,1,2026-10-04T02:46:38+00:00,2026-10-05,2792,-0.00734,,,-0.00956,,,-0.01036,,,
2026-09-30,4626,太陽ホールディングス,core,化学,,4795,1852308500,1250941400,1.481,0.00377,0.00063,,,,,620,1,2026-10-04T02:46:38+00:00,2026-10-05,4825,-0.01098,,,-0.01320,,,-0.01400,,,
2026-09-30,4631,ＤＩＣ,core,化学,,4950,2925945000,2800722250,1.045,0.03018,0.00749,,,,,620,1,2026-10-04T02:46:38+00:00,2026-10-05,4945,0.00627,,,0.00406,,,0.00325,,,
2026-09-30,4661,オリエンタルランド,leader,サービス業,,2908.5,13623123150,16296458000,0.836,0.00675,0.00017,,,,,620,1,2026-10-04T02:46:38+00:00,2026-10-05,2805,0.01141,,,0.00920,,,0.00856,,,
2026-09-30,4665,ダスキン,core,サービス業,,4645,588057000,460231850,1.278,0.00065,-0.00172,,,,,620,1,2026-10-04T02:46:38+00:00,2026-10-05,4600,-0.00152,,,-0.00374,,,-0.00454,,,
2026-09-30,4666,パーク２４,core,不動産業,,1864,5805614400,1679868800,3.456,0.00269,0.01103,candidate,,,,620,1,2026-10-04T02:46:38+00:00,2026-10-05,1752,-0.00713,,,-0.00934,,,-0.01015,,,
2026-09-30,4667,アイサンテクノロジー(株),hot,情報・通信業,2026-09-14,1120,1058288000,2376330208,0.445,0.08527,0.00872,,,,,620,1,2026-10-04T02:46:38+00:00,2026-10-05,1044,0.01149,,,0.00928,,,0.01196,,,
2026-09-30,4676,フジ・メディア・ホールディングス,core,情報・通信業,,3946,2665917600,2185240750,1.220,0.01387,0.00000,,,,,620,1,2026-10-04T02:46:38+00:00,2026-10-05,3880,0.01005,,,0.00783,,,0.00703,,,
2026-09-30,4680,ラウンドワン,core,サービス業,,1236,2299948800,2618523450,0.878,0.01104,0.00573,,,,,620,1,2026-10-04T02:46:38+00:00,2026-10-05,1259,-0.00913,,,-0.01134,,,-0.01215,,,
2026-09-30,4681,リゾートトラスト,core,サービス業,,1753,936452600,756897300,1.237,0.00143,-0.00143,,,,,620,1,2026-10-04T02:46:38+00:00,2026-10-05,1733.5,-0.00202,,,-0.00424,,,-0.00504,,,
2026-09-30,4684,オービック,core,情報・通信業,,4959,8656926300,9166022100,0.944,-0.00581,0.00822,,,,,620,1,2026-10-04T02:46:38+00:00,2026-10-05,4988,0.00601,,,0.00379,,,0.00299,,,
2026-09-30,4689,ＬＩＮＥヤフー,leader,情報・通信業,,512.9000244,9516398343,10716657271,0.888,-0.00774,0.00329,,,,,620,1,2026-10-04T02:46:38+00:00,2026-10-05,493,-0.00933,,,-0.01154,,,-0.01218,,,
2026-09-30,4704,トレンドマイクロ,leader,情報・通信業,,6533,7741605000,6691511250,1.157,0.00046,-0.00168,,,,,620,1,2026-10-04T02:46:38+00:00,2026-10-05,6718,0.00357,,,0.00135,,,0.00072,,,
2026-09-30,4716,日本オラクル,core,情報・通信業,,9608,2892968800,2370562500,1.220,0.00850,-0.00472,,,,,620,1,2026-10-04T02:46:38+00:00,2026-10-05,9682,0.00702,,,0.00481,,,0.00400,,,
2026-09-30,4732,ユー・エス・エス,core,サービス業,,1794,3284455200,2341211250,1.403,-0.00222,0.00000,,,,,620,1,2026-10-04T02:46:38+00:00,2026-10-05,1821,-0.00879,,,-0.01100,,,-0.01181,,,
2026-09-30,4733,オービックビジネスコンサルタント,core,情報・通信業,,8013,1141051200,1285197400,0.888,-0.00558,0.00062,,,,,620,1,2026-10-04T02:46:38+00:00,2026-10-05,8093,0.00284,,,0.00063,,,-0.00018,,,
2026-09-30,4751,サイバーエージェント,leader,サービス業,,1231.5,6046418700,5448838575,1.110,0.01777,0.00041,,,,,620,1,2026-10-04T02:46:38+00:00,2026-10-05,1221,0.00491,,,0.00270,,,0.00206,,,
2026-09-30,4755,楽天グループ,leader,サービス業,,690.4000244,16667637389,12089540400,1.379,0.02115,0.00163,,,,,620,1,2026-10-04T02:46:38+00:00,2026-10-05,658.7000122,0.00046,,,-0.00176,,,-0.00239,,,
2026-09-30,4768,大塚商会,core,情報・通信業,,3647,4912873700,4080972000,1.204,-0.00110,0.00356,,,,,620,1,2026-10-04T02:46:38+00:00,2026-10-05,3644,0.00302,,,0.00081,,,0.00000,,,
2026-09-30,4833,(株)Ｄｅｆ　ｃｏｎｓｕｌｔｉｎｇ,hot,サービス業,2026-08-24,57,62688600,121042350,0.518,0.00000,-0.03509,,,,,620,1,2026-10-04T02:46:38+00:00,2026-10-05,59,-0.06780,,,-0.07001,,,-0.06732,,,
2026-09-30,485A,(株)パワーエックス,hot,電気機器,2026-09-21,2005,8811774500,14717153700,0.599,-0.01474,0.01278,,,,,620,1,2026-10-04T02:46:38+00:00,2026-10-05,2123,0.03203,,,0.02982,,,0.03251,,,
2026-09-30,4875,メディシノバ,hot,医薬品,2026-09-21,249,241355700,29673900,8.134,-0.14726,-0.07534,candidate,,,,620,1,2026-10-04T02:46:38+00:00,2026-10-05,288,-0.01042,,,-0.01264,,,-0.00995,,,
2026-09-30,4887,サワイグループホールディングス,core,医薬品,,1636,959186800,1008115150,0.951,0.00000,0.00489,,,,,620,1,2026-10-04T02:46:38+00:00,2026-10-05,1589,0.00566,,,0.00345,,,0.00264,,,
2026-09-30,4901,富士フイルムホールディングス,leader,化学,,3348,18254635200,12805269400,1.426,0.00874,-0.00301,,,,,620,1,2026-10-04T02:46:38+00:00,2026-10-05,3374,0.00889,,,0.00668,,,0.00604,,,
2026-09-30,4902,コニカミノルタ,leader,電気機器,,671.7000122,16834011366,2474259067,6.804,0.03962,0.01068,candidate,,,,620,1,2026-10-04T02:46:38+00:00,2026-10-05,643.5999756,-0.00016,,,-0.00237,,,-0.00301,,,
2026-09-30,4911,資生堂,leader,化学,,3485,9167989500,8839436650,1.037,0.02050,-0.01728,,,,,620,1,2026-10-04T02:46:38+00:00,2026-10-05,3277,-0.00092,,,-0.00313,,,-0.00377,,,
2026-09-30,4912,ライオン,core,化学,,1737,1595434500,2059162550,0.775,0.00144,-0.00519,,,,,620,1,2026-10-04T02:46:38+00:00,2026-10-05,1720,0.00465,,,0.00243,,,0.00163,,,
2026-09-30,4922,コーセーホールディングス,core,化学,,5514,1803629400,1569918800,1.149,-0.00235,-0.00489,,,,,620,1,2026-10-04T02:46:38+00:00,2026-10-05,5392,-0.00538,,,-0.00760,,,-0.00840,,,
2026-09-30,4927,ポーラ・オルビスホールディングス,core,化学,,1362,476019000,625542475,0.761,-0.00220,-0.00220,,,,,620,1,2026-10-04T02:46:38+00:00,2026-10-05,1340.5,0.00000,,,-0.00221,,,-0.00302,,,
2026-09-30,4967,小林製薬,core,化学,,6945,3194005500,1166502600,2.738,0.01402,0.00000,candidate,,,,620,1,2026-10-04T02:46:38+00:00,2026-10-05,7057,0.00028,,,-0.00194,,,-0.00274,,,
2026-09-30,4980,デクセリアルズ,core,化学,,3180,5084820000,3801394400,1.338,0.00856,0.00507,,,,,620,1,2026-10-04T02:46:38+00:00,2026-10-05,3462,0.00347,,,0.00126,,,0.00045,,,
2026-09-30,5016,ＪＸ金属(株),hot,非鉄金属,2026-09-21,3575,118831927500,56206053900,2.114,0.02553,0.00832,candidate,,,,620,1,2026-10-04T02:46:38+00:00,2026-10-05,3702,0.00270,,,0.00049,,,0.00318,,,
2026-09-30,5019,出光興産,leader,石油・石炭製品,,1590.5,10494278050,8782294575,1.195,0.00284,-0.00725,,,,,620,1,2026-10-04T02:46:38+00:00,2026-10-05,1554.5,-0.01801,,,-0.02022,,,-0.02086,,,
2026-09-30,5020,ＥＮＥＯＳホールディングス,leader,石油・石炭製品,,1385.5,15963038250,13641010575,1.170,0.00874,-0.00218,,,,,620,1,2026-10-04T02:46:38+00:00,2026-10-05,1368.5,-0.00475,,,-0.00696,,,-0.00760,,,
2026-09-30,5021,コスモエネルギーホールディングス,core,石油・石炭製品,,4279,3015411300,2706808200,1.114,0.00422,-0.00352,,,,,620,1,2026-10-04T02:46:38+00:00,2026-10-05,4157,-0.00842,,,-0.01064,,,-0.01144,,,
2026-09-30,504A,イノバセル(株),hot,医薬品,2026-08-24,632,80200800,50826900,1.578,0.04983,0.01329,near,,,,620,1,2026-10-04T02:46:38+00:00,2026-10-05,607,-0.04448,,,-0.04670,,,-0.04400,,,
2026-09-30,5076,インフロニア・ホールディングス,core,建設業,,2765,3483623500,4261548000,0.817,0.01226,0.00531,,,,,620,1,2026-10-04T02:46:38+00:00,2026-10-05,2296,0.01481,,,0.01260,,,0.01179,,,
2026-09-30,5101,横浜ゴム,leader,ゴム製品,,7135,9568748500,6189502150,1.546,0.04926,0.01029,near,,,,620,1,2026-10-04T02:46:38+00:00,2026-10-05,7100,0.01282,,,0.01060,,,0.00997,,,
2026-09-30,5105,ＴＯＹＯ　ＴＩＲＥ,core,ゴム製品,,3870,3528666000,5421347850,0.651,0.02138,0.01293,,,,,620,1,2026-10-04T02:46:38+00:00,2026-10-05,3955,-0.00784,,,-0.01005,,,-0.01086,,,
2026-09-30,5108,ブリヂストン,leader,ゴム製品,,3871,19803648900,14494266500,1.366,0.01601,0.00472,,,,,620,1,2026-10-04T02:46:38+00:00,2026-10-05,3797,0.00843,,,0.00622,,,0.00558,,,
2026-09-30,5110,住友ゴム工業,core,ゴム製品,,2031,3777050700,4282845050,0.882,0.01728,0.00576,,,,,620,1,2026-10-04T02:46:38+00:00,2026-10-05,1991.5,0.00377,,,0.00155,,,0.00075,,,
2026-09-30,5201,ＡＧＣ,leader,ガラス・土石製品,,5747,5520568200,6883072000,0.802,0.02296,0.00409,,,,,620,1,2026-10-04T02:46:38+00:00,2026-10-05,5799,0.00190,,,-0.00031,,,-0.00095,,,
2026-09-30,520A,ジェイファーマ(株),hot,医薬品,2026-09-07,402,71274600,197928700,0.360,0.03608,0.02062,,,,,620,1,2026-10-04T02:46:38+00:00,2026-10-05,397,0.00756,,,0.00534,,,0.00804,,,
2026-09-30,5214,日本電気硝子,leader,ガラス・土石製品,,4965,2203467000,2978404400,0.740,0.01617,0.00901,,,,,620,1,2026-10-04T02:46:38+00:00,2026-10-05,5123,0.00683,,,0.00462,,,0.00398,,,
2026-09-30,5232,住友大阪セメント,core,ガラス・土石製品,,1869.5,1245460900,961415610,1.295,0.02495,0.01014,,,,,620,1,2026-10-04T02:46:38+00:00,2026-10-05,1906,-0.02046,,,-0.02268,,,-0.02348,,,
2026-09-30,5233,太平洋セメント,leader,ガラス・土石製品,,4107,2414916000,1769216100,1.365,0.01734,0.00223,,,,,620,1,2026-10-04T02:46:38+00:00,2026-10-05,4100,0.00439,,,0.00217,,,0.00154,,,
2026-09-30,5243,ｎｏｔｅ(株),hot,情報・通信業,2026-09-07,3570,2779602000,788361000,3.526,0.11912,0.00940,candidate,,,,620,1,2026-10-04T02:46:38+00:00,2026-10-05,3985,-0.02635,,,-0.02857,,,-0.02587,,,
2026-09-30,5301,東海カーボン,leader,ガラス・土石製品,,2335.5,5927732550,4269814425,1.388,-0.00086,-0.02118,,,,,620,1,2026-10-04T02:46:38+00:00,2026-10-05,2344.5,0.01514,,,0.01293,,,0.01229,,,
2026-09-30,5332,ＴＯＴＯ,leader,ガラス・土石製品,,5897,6308610600,5844215150,1.079,0.01989,0.01557,,,,,620,1,2026-10-04T02:46:38+00:00,2026-10-05,6144,0.01481,,,0.01260,,,0.01196,,,
2026-09-30,5333,ＮＧＫ,leader,ガラス・土石製品,,5441,8306230600,6884851800,1.206,0.02121,0.01239,,,,,620,1,2026-10-04T02:46:38+00:00,2026-10-05,5724,0.02166,,,0.01944,,,0.01881,,,
2026-09-30,5334,日本特殊陶業,core,ガラス・土石製品,,3800,9094160000,9892795100,0.919,0.01686,-0.00375,,,,,620,1,2026-10-04T02:46:38+00:00,2026-10-05,3810,0.03596,,,0.03374,,,0.03294,,,
2026-09-30,5344,ＭＡＲＵＷＡ,core,ガラス・土石製品,,55740,6677652000,5395371500,1.238,0.02993,0.03067,,,,,620,1,2026-10-04T02:46:38+00:00,2026-10-05,60540,-0.01107,,,-0.01328,,,-0.01409,,,
2026-09-30,5393,ニチアス,core,ガラス・土石製品,,3479,1235740800,1745918900,0.708,0.01429,0.00845,,,,,620,1,2026-10-04T02:46:38+00:00,2026-10-05,3615,0.00719,,,0.00498,,,0.00417,,,
2026-09-30,5401,日本製鉄,leader,鉄鋼,,656,22235251200,23415803014,0.950,0.00799,0.00645,,,,,620,1,2026-10-04T02:46:38+00:00,2026-10-05,642.5,-0.00545,,,-0.00766,,,-0.00830,,,
2026-09-30,5406,神戸製鋼所,leader,鉄鋼,,2048,5410406400,3449303750,1.569,0.01261,-0.00371,near,,,,620,1,2026-10-04T02:46:38+00:00,2026-10-05,2000,-0.00350,,,-0.00571,,,-0.00635,,,
2026-09-30,5411,ＪＦＥホールディングス,leader,鉄鋼,,1763,10479977200,10169188450,1.031,0.01497,0.00173,,,,,620,1,2026-10-04T02:46:38+00:00,2026-10-05,1715,-0.00641,,,-0.00863,,,-0.00926,,,
2026-09-30,543A,ＡＲＣＨＩＯＮ,leader,輸送用機器,,285,12893656500,5512792750,2.339,0.01423,0.00356,candidate,,,,620,1,2026-10-04T02:46:38+00:00,2026-10-05,283,-0.01413,,,-0.01634,,,-0.01698,,,
2026-09-30,5444,大和工業,core,鉄鋼,,12230,1849176000,1648055000,1.122,0.00328,-0.01395,,,,,620,1,2026-10-04T02:46:38+00:00,2026-10-05,12150,0.00823,,,0.00601,,,0.00521,,,
2026-09-30,5463,丸一鋼管,core,鉄鋼,,1673.5,1305497350,1214740800,1.075,-0.00357,0.00030,,,,,620,1,2026-10-04T02:46:38+00:00,2026-10-05,1679.5,0.00744,,,0.00523,,,0.00442,,,
2026-09-30,5471,大同特殊鋼,core,鉄鋼,,2502,2277820800,2110836250,1.079,0.00948,0.00262,,,,,620,1,2026-10-04T02:46:38+00:00,2026-10-05,2501,0.01899,,,0.01677,,,0.01597,,,
2026-09-30,5572,(株)Ｒｉｄｇｅ－ｉ,hot,情報・通信業,2026-09-21,3070,208453000,181232550,1.150,0.01488,-0.00661,,,,,620,1,2026-10-04T02:46:38+00:00,2026-10-05,3170,0.02524,,,0.02302,,,0.02571,,,
2026-09-30,5575,(株)Ｇｌｏｂｅｅ,hot,情報・通信業,2026-08-24,1212,14544000,11711700,1.242,-0.01061,0.00980,,,,,620,1,2026-10-04T02:46:38+00:00,2026-10-05,1280,-0.01094,,,-0.01316,,,-0.01047,,,
2026-09-30,558A,(株)ＳＱＵＥＥＺＥ,hot,サービス業,2026-09-07,6410,119226000,141738000,0.841,-0.01536,0.01382,,,,,620,1,2026-10-04T02:46:38+00:00,2026-10-05,6130,0.01142,,,0.00920,,,0.01189,,,
2026-09-30,5631,日本製鋼所,leader,機械,,7293,4006774200,6856490150,0.584,0.00927,0.01162,,,,,620,1,2026-10-04T02:46:38+00:00,2026-10-05,7300,-0.00712,,,-0.00933,,,-0.00997,,,
2026-09-30,5706,三井金属,leader,非鉄金属,,2291.5,26734930500,36887110750,0.725,0.00858,0.01474,,,,,620,1,2026-10-04T02:46:38+00:00,2026-10-05,2630,0.00665,,,0.00443,,,0.00380,,,
2026-09-30,5711,三菱マテリアル,leader,非鉄金属,,5120,10839552000,9333010300,1.161,0.01789,0.00000,,,,,620,1,2026-10-04T02:46:38+00:00,2026-10-05,5030,0.00060,,,-0.00162,,,-0.00225,,,
2026-09-30,5713,住友金属鉱山,leader,非鉄金属,,9911,39446771100,23633904150,1.669,0.04447,0.01581,near,,,,620,1,2026-10-04T02:46:38+00:00,2026-10-05,9874,-0.02046,,,-0.02268,,,-0.02331,,,
2026-09-30,5714,ＤＯＷＡホールディングス,leader,非鉄金属,,8978,5315873800,3932664650,1.352,0.02395,0.00365,,,,,620,1,2026-10-04T02:46:38+00:00,2026-10-05,8791,-0.00705,,,-0.00926,,,-0.00990,,,
2026-09-30,5801,古河電気工業,hot,非鉄金属,,3856,71654120000,79746281700,0.899,0.04669,0.03013,,,,,620,1,2026-10-04T02:46:38+00:00,2026-10-05,4451,-0.01640,,,-0.01861,,,-0.01593,,,
2026-09-30,5802,住友電気工業,leader,非鉄金属,,2318,64016669600,35341642550,1.811,0.06648,0.02599,near,,,,620,1,2026-10-04T02:46:38+00:00,2026-10-05,2440.5,0.01045,,,0.00823,,,0.00760,,,
2026-09-30,5803,フジクラ,hot,非鉄金属,,5224,203085089600,174954041850,1.161,0.05942,0.03407,,,,,620,1,2026-10-04T02:46:38+00:00,2026-10-05,5660,-0.01661,,,-0.01883,,,-0.01614,,,
2026-09-30,5830,いよぎんホールディングス,core,銀行業,,4014,5212981800,3924491650,1.328,0.03347,-0.00257,,,,,620,1,2026-10-04T02:46:38+00:00,2026-10-05,3881,-0.00283,,,-0.00505,,,-0.00585,,,
2026-09-30,5831,しずおかフィナンシャルグループ,leader,銀行業,,3637,8135241600,6762501200,1.203,0.02624,0.00875,,,,,620,1,2026-10-04T02:46:38+00:00,2026-10-05,3571,0.00196,,,-0.00026,,,-0.00089,,,
2026-09-30,5832,ちゅうぎんフィナンシャルグループ,core,銀行業,,3791,1923932500,1423344300,1.352,0.03016,0.00082,,,,,620,1,2026-10-04T02:46:38+00:00,2026-10-05,3739,0.00374,,,0.00152,,,0.00072,,,
2026-09-30,5838,楽天銀行,core,銀行業,,6316,8607444800,5983702950,1.438,0.02950,0.00244,,,,,620,1,2026-10-04T02:46:38+00:00,2026-10-05,6300,0.01317,,,0.01095,,,0.01015,,,
2026-09-30,5844,京都フィナンシャルグループ,core,銀行業,,4814,5614568200,3903150300,1.438,0.00669,-0.00251,,,,,620,1,2026-10-04T02:46:38+00:00,2026-10-05,4705,-0.00340,,,-0.00562,,,-0.00642,,,
2026-09-30,5885,(株)ジーデップ・アドバンス,hot,卸売業,2026-08-24,3095,57257500,109892000,0.521,0.00814,0.02280,,,,,620,1,2026-10-04T02:46:38+00:00,2026-10-05,3185,0.00000,,,-0.00221,,,0.00047,,,
2026-09-30,5892,(株)ｙｕｔｏｒｉ,hot,小売業,2026-08-17,2999,425858000,234041300,1.820,0.00807,0.00840,near,,,,620,1,2026-10-04T02:46:38+00:00,2026-10-05,2951,-0.00644,,,-0.00865,,,-0.00597,,,
2026-09-30,5901,東洋製罐グループホールディングス,core,金属製品,,4429,3116244400,1441243200,2.162,0.01142,0.00799,candidate,,,,620,1,2026-10-04T02:46:38+00:00,2026-10-05,4420,0.00588,,,0.00366,,,0.00286,,,
2026-09-30,5929,三和ホールディングス,core,金属製品,,3492,2617254000,2209836000,1.184,0.01364,0.01103,,,,,620,1,2026-10-04T02:46:38+00:00,2026-10-05,3421,0.00380,,,0.00159,,,0.00078,,,
2026-09-30,5938,ＬＩＸＩＬ,core,金属製品,,1696,3213750400,3287115700,0.978,0.01254,0.00060,,,,,620,1,2026-10-04T02:46:38+00:00,2026-10-05,1676,-0.00776,,,-0.00998,,,-0.01078,,,
2026-09-30,593A,(株)ティアフォー,hot,情報・通信業,2026-07-27,2015,44039235500,21290915300,2.068,0.17767,0.01578,candidate,,,,620,1,2026-10-04T02:46:38+00:00,2026-10-05,1896,0.15665,,,0.15444,,,0.15713,,,
2026-09-30,5947,リンナイ,core,金属製品,,3397,1385296600,1095903900,1.264,0.00266,-0.00059,,,,,620,1,2026-10-04T02:46:38+00:00,2026-10-05,3354,0.00268,,,0.00047,,,-0.00034,,,
2026-09-30,598A,チャットプラス(株),hot,情報・通信業,2026-09-07,1422,56453400,124838750,0.452,0.02597,-0.00433,,,,,620,1,2026-10-04T02:46:38+00:00,2026-10-05,1384,0.00072,,,-0.00149,,,0.00120,,,
2026-09-30,5991,日本発條,core,金属製品,,3447,2427032700,2010395750,1.207,0.01802,0.01802,,,,,620,1,2026-10-04T02:46:38+00:00,2026-10-05,3578,0.02320,,,0.02098,,,0.02018,,,
2026-09-30,6005,三浦工業,core,機械,,3013,1900299100,1032454900,1.841,-0.00986,0.00854,near,,,,620,1,2026-10-04T02:46:38+00:00,2026-10-05,2996,0.01402,,,0.01180,,,0.01100,,,
2026-09-30,607A,(株)エブリー,hot,サービス業,2026-09-07,271,177830200,236119200,0.753,0.00743,-0.00372,,,,,620,1,2026-10-04T02:46:38+00:00,2026-10-05,264,0.00000,,,-0.00221,,,0.00047,,,
2026-09-30,6085,アーキテクツ・スタジオ・ジャパン(株),hot,サービス業,2026-08-24,94,406192800,978843600,0.415,-0.06931,0.02970,,,,,620,1,2026-10-04T02:46:38+00:00,2026-10-05,107,0.07477,,,0.07256,,,0.07525,,,
2026-09-30,6091,(株)ウエスコホールディングス,hot,サービス業,2026-09-14,968,3388000,8905800,0.380,-0.00514,0.00103,,,,,620,1,2026-10-04T02:46:38+00:00,2026-10-05,949,-0.01581,,,-0.01802,,,-0.01534,,,
2026-09-30,6098,リクルートホールディングス,leader,サービス業,,16795,73046493500,77141706000,0.947,0.00569,-0.00210,,,,,620,1,2026-10-04T02:46:38+00:00,2026-10-05,16500,0.00818,,,0.00596,,,0.00533,,,
2026-09-30,6103,オークマ,leader,機械,,4780,1699768000,1775656750,0.957,0.01164,0.00952,,,,,620,1,2026-10-04T02:46:38+00:00,2026-10-05,4900,0.01327,,,0.01106,,,0.01042,,,
2026-09-30,6113,アマダ,leader,機械,,2553.5,5450445750,5057569650,1.078,0.02427,0.00882,,,,,620,1,2026-10-04T02:46:38+00:00,2026-10-05,2663.5,0.00582,,,0.00360,,,0.00297,,,
2026-09-30,6134,ＦＵＪＩ,core,機械,,7629,4962664500,4186952550,1.185,0.01978,0.01591,,,,,620,1,2026-10-04T02:46:38+00:00,2026-10-05,8160,0.03284,,,0.03062,,,0.02982,,,
2026-09-30,6136,オーエスジー,core,機械,,3597,1376931600,1077280500,1.278,0.01181,0.00169,,,,,620,1,2026-10-04T02:46:38+00:00,2026-10-05,3704,0.01242,,,0.01021,,,0.00940,,,
2026-09-30,6141,ＤＭＧ森精機,core,機械,,2906.5,3729620800,4235119450,0.881,0.00623,0.01298,,,,,620,1,2026-10-04T02:46:38+00:00,2026-10-05,2931,-0.01467,,,-0.01689,,,-0.01769,,,
2026-09-30,6146,ディスコ,hot,機械,,57450,117600150000,73990622000,1.589,0.01359,0.02929,near,,,,620,1,2026-10-04T02:46:38+00:00,2026-10-05,62290,0.02312,,,0.02090,,,0.02360,,,
2026-09-30,6159,ミクロン精密(株),hot,機械,2026-07-27,1850,925000,3811950,0.243,0.01928,0.01377,,,,,620,1,2026-10-04T02:46:38+00:00,2026-10-05,1877,0.00320,,,0.00099,,,0.00368,,,
2026-09-30,6176,(株)ブランジスタ,hot,サービス業,2026-09-07,990,104445000,159598650,0.654,0.00815,0.00000,,,,,620,1,2026-10-04T02:46:38+00:00,2026-10-05,977,0.00614,,,0.00392,,,0.00661,,,
2026-09-30,6178,日本郵政,leader,サービス業,,2537.5,16669091250,13347386375,1.249,0.01683,0.00180,,,,,620,1,2026-10-04T02:46:38+00:00,2026-10-05,2460,0.00224,,,0.00002,,,-0.00061,,,
2026-09-30,6268,ナブテスコ,core,機械,,4919,4709450600,4330497500,1.088,0.02607,0.02879,,,,,620,1,2026-10-04T02:46:38+00:00,2026-10-05,5056,-0.01523,,,-0.01745,,,-0.01825,,,
2026-09-30,6269,三井海洋開発,core,機械,,8907,5718294000,5226408650,1.094,0.00941,-0.00385,,,,,620,1,2026-10-04T02:46:38+00:00,2026-10-05,8701,0.00011,,,-0.00211,,,-0.00291,,,
2026-09-30,6273,ＳＭＣ,leader,機械,,72120,26547372000,18707498000,1.419,0.02196,0.01700,,,,,620,1,2026-10-04T02:46:38+00:00,2026-10-05,74590,0.00804,,,0.00583,,,0.00519,,,
2026-09-30,6301,コマツ,leader,機械,,7633,28990897300,19834599450,1.462,0.03177,0.00581,,,,,620,1,2026-10-04T02:46:38+00:00,2026-10-05,7950,-0.02176,,,-0.02398,,,-0.02461,,,
2026-09-30,6302,住友重機械工業,leader,機械,,5996,7783407600,4908654000,1.586,0.01232,0.00692,near,,,,620,1,2026-10-04T02:46:38+00:00,2026-10-05,6258,0.00831,,,0.00609,,,0.00546,,,
2026-09-30,6305,日立建機,leader,機械,,5607,5408512200,6836961700,0.791,0.01283,0.00163,,,,,620,1,2026-10-04T02:46:38+00:00,2026-10-05,5622,0.01103,,,0.00881,,,0.00818,,,
2026-09-30,6323,ローツェ,core,機械,,4004,6334728400,4269053650,1.484,0.03196,0.03222,,,,,620,1,2026-10-04T02:46:38+00:00,2026-10-05,4358,0.03144,,,0.02923,,,0.02842,,,
2026-09-30,6326,クボタ,leader,機械,,2763.5,13438347800,12300181725,1.093,0.02068,0.00000,,,,,620,1,2026-10-04T02:46:38+00:00,2026-10-05,2637,0.03489,,,0.03267,,,0.03204,,,
2026-09-30,6361,荏原製作所,leader,機械,,4713,19088121300,13622735000,1.401,0.03446,0.01866,,,,,620,1,2026-10-04T02:46:38+00:00,2026-10-05,4895,-0.00511,,,-0.00732,,,-0.00796,,,
2026-09-30,6367,ダイキン工業,leader,機械,,20925,24584782500,20907334500,1.176,0.01063,0.00749,,,,,620,1,2026-10-04T02:46:38+00:00,2026-10-05,20755,-0.01108,,,-0.01329,,,-0.01393,,,
2026-09-30,6368,オルガノ,core,機械,,2555,4110228500,2862777000,1.436,0.01308,0.01170,,,,,620,1,2026-10-04T02:46:38+00:00,2026-10-05,2634.5,0.00455,,,0.00234,,,0.00153,,,
2026-09-30,6370,栗田工業,core,機械,,7754,5168816400,4047987000,1.277,0.00362,0.00194,,,,,620,1,2026-10-04T02:46:38+00:00,2026-10-05,7975,-0.00251,,,-0.00473,,,-0.00553,,,
2026-09-30,6378,木村化工機(株),hot,機械,2026-09-14,1189,78355100,124112000,0.631,0.01711,0.00000,,,,,620,1,2026-10-04T02:46:38+00:00,2026-10-05,1160,0.00862,,,0.00640,,,0.00909,,,
2026-09-30,6383,ダイフク,core,機械,,5729,14219378000,9607350350,1.480,0.04353,0.01093,,,,,620,1,2026-10-04T02:46:38+00:00,2026-10-05,5936,-0.01044,,,-0.01265,,,-0.01346,,,
2026-09-30,6417,ＳＡＮＫＹＯ,core,機械,,2051.5,2295218200,2213856950,1.037,-0.00388,-0.00777,,,,,620,1,2026-10-04T02:46:38+00:00,2026-10-05,2060,-0.01578,,,-0.01799,,,-0.01880,,,
2026-09-30,6436,アマノ,core,機械,,3797,1199092600,960156800,1.249,-0.00053,0.00421,,,,,620,1,2026-10-04T02:46:38+00:00,2026-10-05,3741,-0.00187,,,-0.00409,,,-0.00489,,,
2026-09-30,6448,ブラザー工業,core,電気機器,,4591,7824441300,5566726750,1.406,-0.01944,-0.00278,,,,,620,1,2026-10-04T02:46:38+00:00,2026-10-05,4700,0.00660,,,0.00439,,,0.00358,,,
2026-09-30,6457,グローリー,core,機械,,4343,846885000,854835700,0.991,-0.00253,0.00138,,,,,620,1,2026-10-04T02:46:38+00:00,2026-10-05,4410,0.01179,,,0.00958,,,0.00877,,,
2026-09-30,6460,セガサミーホールディングス,core,機械,,3327,3506325300,3393397100,1.033,0.01774,0.00948,,,,,620,1,2026-10-04T02:46:38+00:00,2026-10-05,3290,-0.01155,,,-0.01376,,,-0.01457,,,
2026-09-30,6465,ホシザキ,core,機械,,5255,2223390500,1769708800,1.256,0.00305,0.00210,,,,,620,1,2026-10-04T02:46:38+00:00,2026-10-05,5178,0.00618,,,0.00396,,,0.00316,,,
2026-09-30,6466,(株)ＴＶＥ,hot,機械,2026-09-14,4260,30672000,37528250,0.817,0.00000,0.00939,,,,,620,1,2026-10-04T02:46:38+00:00,2026-10-05,4260,0.01408,,,0.01187,,,0.01456,,,
2026-09-30,6471,日本精工,leader,機械,,1098.5,2104066900,2611949625,0.806,0.02186,0.01116,,,,,620,1,2026-10-04T02:46:38+00:00,2026-10-05,1122,0.00357,,,0.00135,,,0.00072,,,
2026-09-30,6472,ＮＴＮ,leader,機械,,382.2999878,1093760265,1115948693,0.980,0.02165,0.00882,,,,,620,1,2026-10-04T02:46:38+00:00,2026-10-05,382.8999939,0.00810,,,0.00588,,,0.00525,,,
2026-09-30,6473,ジェイテクト,leader,機械,,2143.5,3432386550,2701997050,1.270,0.04129,0.00947,,,,,620,1,2026-10-04T02:46:38+00:00,2026-10-05,2150.5,0.01000,,,0.00779,,,0.00715,,,
2026-09-30,6479,ミネベアミツミ,leader,電気機器,,3748,12672737600,8643326650,1.466,0.04839,0.01958,,,,,620,1,2026-10-04T02:46:38+00:00,2026-10-05,3949,-0.00785,,,-0.01006,,,-0.01070,,,
2026-09-30,6481,ＴＨＫ,core,機械,,6634,5210343600,6152327400,0.847,0.01655,0.01165,,,,,620,1,2026-10-04T02:46:38+00:00,2026-10-05,6675,0.01243,,,0.01022,,,0.00941,,,
2026-09-30,6501,日立製作所,leader,電気機器,,5489,77405878000,48483921300,1.597,0.00439,0.00000,near,,,,620,1,2026-10-04T02:46:38+00:00,2026-10-05,5638,0.00071,,,-0.00150,,,-0.00214,,,
2026-09-30,6503,三菱電機,leader,電気機器,,5205,36377745000,32992855400,1.103,0.01442,0.00000,,,,,620,1,2026-10-04T02:46:38+00:00,2026-10-05,5328,0.00732,,,0.00511,,,0.00447,,,
2026-09-30,6504,富士電機,leader,電気機器,,13960,12008392000,8349500500,1.438,0.02159,0.00878,,,,,620,1,2026-10-04T02:46:38+00:00,2026-10-05,14955,0.01705,,,0.01483,,,0.01420,,,
2026-09-30,6506,安川電機,leader,電気機器,,4633,14778343400,13845505650,1.067,0.02319,0.01281,,,,,620,1,2026-10-04T02:46:38+00:00,2026-10-05,4876,0.01128,,,0.00907,,,0.00843,,,
2026-09-30,6521,(株)オキサイド,hot,電気機器,2026-09-21,3250,505375000,394327250,1.282,0.00000,0.00923,,,,,620,1,2026-10-04T02:46:38+00:00,2026-10-05,3440,-0.00436,,,-0.00658,,,-0.00388,,,
2026-09-30,6523,ＰＨＣホールディングス(株),hot,電気機器,2026-08-10,1430,2368795000,1174629000,2.017,-0.00970,-0.00416,candidate,,,,620,1,2026-10-04T02:46:38+00:00,2026-10-05,1605,-0.00125,,,-0.00347,,,-0.00078,,,
2026-09-30,6525,ＫＯＫＵＳＡＩ　ＥＬＥＣＴＲＩＣ,core,電気機器,,9578,263383506400,68835116700,3.826,0.02647,0.02240,candidate,,,,620,1,2026-10-04T02:46:38+00:00,2026-10-05,10430,0.00527,,,0.00306,,,0.00225,,,
2026-09-30,6526,ソシオネクスト,hot,電気機器,,2097.5,11218898250,11139133000,1.007,-0.00238,0.01237,,,,,620,1,2026-10-04T02:46:38+00:00,2026-10-05,2270,-0.00551,,,-0.00773,,,-0.00504,,,
2026-09-30,6532,ベイカレント,leader,サービス業,,7690,8259060000,8891608900,0.929,0.01237,0.00829,,,,,620,1,2026-10-04T02:46:38+00:00,2026-10-05,7946,0.00856,,,0.00634,,,0.00571,,,
2026-09-30,6544,ジャパンエレベーターサービスホールディングス,core,サービス業,,1479.5,1143357600,984759400,1.161,0.02105,-0.00587,,,,,620,1,2026-10-04T02:46:38+00:00,2026-10-05,1462,0.01573,,,0.01352,,,0.01271,,,
2026-09-30,6586,マキタ,core,機械,,5317,5233523100,3993478600,1.311,0.01141,0.00000,,,,,620,1,2026-10-04T02:46:38+00:00,2026-10-05,5310,0.00056,,,-0.00166,,,-0.00246,,,
2026-09-30,6592,マブチモーター,core,電気機器,,1728.5,2149562600,1747002300,1.230,0.00875,0.00554,,,,,620,1,2026-10-04T02:46:38+00:00,2026-10-05,1730,0.00405,,,0.00183,,,0.00103,,,
2026-09-30,6613,(株)ＱＤレーザ,hot,電気機器,2026-08-03,2130,5259609000,4063610750,1.294,-0.05038,0.00624,,,,,620,1,2026-10-04T02:46:38+00:00,2026-10-05,2392,-0.05309,,,-0.05530,,,-0.05261,,,
2026-09-30,6626,ＳＥＭＩＴＥＣ(株),hot,電気機器,2026-09-07,2493,22935600,25326350,0.906,0.00403,-0.00524,,,,,620,1,2026-10-04T02:46:38+00:00,2026-10-05,2475,0.00566,,,0.00345,,,0.00613,,,
2026-09-30,6627,(株)テラプローブ,hot,電気機器,2026-08-03,2370,861969000,851176500,1.013,0.01673,0.02531,,,,,620,1,2026-10-04T02:46:38+00:00,2026-10-05,2668,-0.01087,,,-0.01308,,,-0.01039,,,
2026-09-30,6632,ＪＶＣケンウッド,core,電気機器,,1010.5,1397521500,1250104547,1.118,0.01497,0.00181,,,,,620,1,2026-10-04T02:46:38+00:00,2026-10-05,1015,-0.00837,,,-0.01059,,,-0.01139,,,
2026-09-30,6645,オムロン,leader,電気機器,,6436,9157140800,7059898250,1.297,0.00973,0.00957,,,,,620,1,2026-10-04T02:46:38+00:00,2026-10-05,6533,0.00980,,,0.00758,,,0.00695,,,
2026-09-30,6674,ジーエス・ユアサ　コーポレーション,core,電気機器,,5444,3697020400,3895028000,0.949,0.01967,0.01423,,,,,620,1,2026-10-04T02:46:38+00:00,2026-10-05,5541,0.03194,,,0.02973,,,0.02892,,,
2026-09-30,6696,(株)トラース・オン・プロダクト,hot,電気機器,2026-08-24,297,4544100,5279100,0.861,-0.01329,-0.00332,,,,,620,1,2026-10-04T02:46:38+00:00,2026-10-05,295,-0.01356,,,-0.01577,,,-0.01308,,,
2026-09-30,6701,日本電気,leader,電気機器,,4759,24686836600,28692143200,0.860,-0.00543,0.00000,,,,,620,1,2026-10-04T02:46:38+00:00,2026-10-05,4913,0.00285,,,0.00064,,,0.00000,,,
2026-09-30,6702,富士通,leader,電気機器,,3957,26574420600,25802794250,1.030,0.00304,0.00431,,,,,620,1,2026-10-04T02:46:38+00:00,2026-10-05,4037,0.00644,,,0.00423,,,0.00359,,,
2026-09-30,6707,サンケン電気,core,電気機器,,6989,1606072200,934917200,1.718,-0.00157,0.00129,near,,,,620,1,2026-10-04T02:46:38+00:00,2026-10-05,7185,0.01058,,,0.00837,,,0.00756,,,
2026-09-30,6723,ルネサスエレクトロニクス,hot,電気機器,,3477,39546354900,32031588150,1.235,0.00549,0.03528,,,,,620,1,2026-10-04T02:46:38+00:00,2026-10-05,3715,0.03957,,,0.03735,,,0.04005,,,
2026-09-30,6724,セイコーエプソン,leader,電気機器,,3274,5880758800,4634304350,1.269,0.00399,0.00644,,,,,620,1,2026-10-04T02:46:38+00:00,2026-10-05,3300,0.01061,,,0.00839,,,0.00776,,,
2026-09-30,6728,アルバック,core,電気機器,,7932,5208944400,3314652550,1.571,0.03524,0.00783,near,,,,620,1,2026-10-04T02:46:38+00:00,2026-10-05,8280,0.01679,,,0.01457,,,0.01377,,,
2026-09-30,6740,(株)ジャパンディスプレイ,hot,電気機器,2026-07-12,51,446897700,392239800,1.139,0.02000,0.00000,,,,,620,1,2026-10-04T02:46:38+00:00,2026-10-05,46,-0.02174,,,-0.02395,,,-0.02126,,,
2026-09-30,6752,パナソニックホールディングス,leader,電気機器,,4490,36257648000,34128162500,1.062,0.02301,0.02051,,,,,620,1,2026-10-04T02:46:38+00:00,2026-10-05,4640,0.01509,,,0.01287,,,0.01224,,,
2026-09-30,6753,シャープ,leader,電気機器,,644.7000122,2123061610,1984249704,1.070,0.00436,-0.00530,,,,,620,1,2026-10-04T02:46:38+00:00,2026-10-05,640,0.01656,,,0.01434,,,0.01371,,,
2026-09-30,6754,アンリツ,core,電気機器,,3417,3747765600,2658603250,1.410,0.01184,0.01007,,,,,620,1,2026-10-04T02:46:38+00:00,2026-10-05,3609,0.02106,,,0.01885,,,0.01804,,,
2026-09-30,6758,ソニーグループ,leader,電気機器,,3759,66975230700,55578522800,1.205,0.00723,-0.00831,,,,,620,1,2026-10-04T02:46:38+00:00,2026-10-05,3771,-0.01273,,,-0.01494,,,-0.01558,,,
2026-09-30,6762,ＴＤＫ,leader,電気機器,,2981,44004925800,26412568125,1.666,0.02124,0.02878,near,,,,620,1,2026-10-04T02:46:38+00:00,2026-10-05,3367,0.02376,,,0.02155,,,0.02091,,,
2026-09-30,6770,アルプスアルパイン,leader,電気機器,,2224.5,4174051800,3235486600,1.290,0.01298,0.00797,,,,,620,1,2026-10-04T02:46:38+00:00,2026-10-05,2223,0.01282,,,0.01060,,,0.00997,,,
2026-09-30,6785,(株)鈴木,hot,電気機器,2026-09-07,3270,233805000,210019650,1.113,0.01553,0.01242,,,,,620,1,2026-10-04T02:46:38+00:00,2026-10-05,3510,-0.00855,,,-0.01077,,,-0.00808,,,
2026-09-30,6806,ヒロセ電機,core,電気機器,,24790,3249969000,3362570750,0.967,0.00425,0.00932,,,,,620,1,2026-10-04T02:46:38+00:00,2026-10-05,25510,0.00902,,,0.00681,,,0.00600,,,
2026-09-30,6834,(株)精工技研,hot,電気機器,2026-08-03,6150,3896025000,3992999250,0.976,-0.00485,0.02265,,,,,620,1,2026-10-04T02:46:38+00:00,2026-10-05,7050,-0.01844,,,-0.02065,,,-0.01797,,,
2026-09-30,6841,横河電機,leader,電気機器,,4692,5584418400,4737269400,1.179,0.00278,0.00449,,,,,620,1,2026-10-04T02:46:38+00:00,2026-10-05,4690,0.00917,,,0.00695,,,0.00632,,,
2026-09-30,6845,アズビル,core,電気機器,,1445.5,2525866700,1979654600,1.276,0.00662,0.00139,,,,,620,1,2026-10-04T02:46:38+00:00,2026-10-05,1486.5,-0.00807,,,-0.01029,,,-0.01109,,,
2026-09-30,6849,日本光電工業,core,電気機器,,1601.5,1435264300,1076479300,1.333,-0.00218,0.00561,,,,,620,1,2026-10-04T02:46:38+00:00,2026-10-05,1581,0.00063,,,-0.00159,,,-0.00239,,,
2026-09-30,6856,堀場製作所,core,電気機器,,24445,5387678000,4825331000,1.117,0.00617,0.01482,,,,,620,1,2026-10-04T02:46:38+00:00,2026-10-05,25745,0.02331,,,0.02110,,,0.02029,,,
2026-09-30,6857,アドバンテスト,hot,電気機器,,34260,812763684000,299670754000,2.712,0.01032,0.02566,candidate,,,,620,1,2026-10-04T02:46:38+00:00,2026-10-05,40000,0.00750,,,0.00528,,,0.00797,,,
2026-09-30,6861,キーエンス,leader,電気機器,,80480,54839072000,42626682000,1.286,0.01258,0.01887,,,,,620,1,2026-10-04T02:46:38+00:00,2026-10-05,81770,-0.00110,,,-0.00332,,,-0.00395,,,
2026-09-30,6862,ミナトホールディングス(株),hot,電気機器,2026-09-21,5180,728308000,1187833000,0.613,0.01969,0.01969,,,,,620,1,2026-10-04T02:46:38+00:00,2026-10-05,5200,-0.01538,,,-0.01759,,,-0.01490,,,
2026-09-30,6869,シスメックス,core,電気機器,,1845,6315804000,4964230600,1.272,-0.00753,-0.01237,,,,,620,1,2026-10-04T02:46:38+00:00,2026-10-05,1817.5,0.00770,,,0.00549,,,0.00468,,,
2026-09-30,6902,デンソー,leader,輸送用機器,,1850,20392550000,13858652550,1.471,0.00162,0.00650,,,,,620,1,2026-10-04T02:46:38+00:00,2026-10-05,1809,0.01824,,,0.01602,,,0.01539,,,
2026-09-30,6920,レーザーテック,hot,電気機器,,41130,162331884000,114719026500,1.415,0.00317,0.02512,,,,,620,1,2026-10-04T02:46:38+00:00,2026-10-05,47000,-0.01723,,,-0.01944,,,-0.01675,,,
2026-09-30,6923,スタンレー電気,core,電気機器,,3506,1520902800,1505046200,1.011,0.01623,0.00696,,,,,620,1,2026-10-04T02:46:38+00:00,2026-10-05,3519,-0.00455,,,-0.00677,,,-0.00757,,,
2026-09-30,6925,ウシオ電機,core,電気機器,,4030,2621112000,1603646450,1.634,-0.00958,0.01720,near,,,,620,1,2026-10-04T02:46:38+00:00,2026-10-05,4289,0.00676,,,0.00455,,,0.00374,,,
2026-09-30,6946,日本アビオニクス(株),hot,電気機器,2026-09-07,7170,1030329000,1291440000,0.798,0.04064,0.02903,,,,,620,1,2026-10-04T02:46:38+00:00,2026-10-05,7460,-0.02681,,,-0.02903,,,-0.02634,,,
2026-09-30,6951,日本電子,core,電気機器,,7641,1940049900,1877063300,1.034,0.01393,0.01274,,,,,620,1,2026-10-04T02:46:38+00:00,2026-10-05,7851,0.01796,,,0.01575,,,0.01494,,,
2026-09-30,6952,カシオ計算機,core,電気機器,,2165.5,2620471550,3746840750,0.699,0.00791,0.00000,,,,,620,1,2026-10-04T02:46:38+00:00,2026-10-05,2188.5,0.02376,,,0.02155,,,0.02074,,,
2026-09-30,6954,ファナック,leader,電気機器,,5943,35452372200,27687555200,1.280,0.00541,0.00711,,,,,620,1,2026-10-04T02:46:38+00:00,2026-10-05,6186,0.00000,,,-0.00221,,,-0.00285,,,
2026-09-30,6963,ローム,leader,電気機器,,4940,16334110000,13576635000,1.203,0.01396,0.02545,,,,,620,1,2026-10-04T02:46:38+00:00,2026-10-05,5300,0.01321,,,0.01099,,,0.01036,,,
2026-09-30,6965,浜松ホトニクス,core,電気機器,,2352.5,4728525000,4368018325,1.083,0.02194,0.01651,,,,,620,1,2026-10-04T02:46:38+00:00,2026-10-05,2448,0.01614,,,0.01393,,,0.01312,,,
2026-09-30,6971,京セラ,leader,電気機器,,3646,22245704400,15475433500,1.437,-0.01058,0.00027,,,,,620,1,2026-10-04T02:46:38+00:00,2026-10-05,3761,0.02499,,,0.02277,,,0.02214,,,
2026-09-30,6976,太陽誘電,leader,電気機器,,9324,335553976800,243765917250,1.377,0.02270,0.06833,,,,,620,1,2026-10-04T02:46:38+00:00,2026-10-05,10695,-0.01917,,,-0.02139,,,-0.02202,,,
2026-09-30,6977,(株)日本抵抗器製作所,hot,電気機器,2026-09-21,1895,88875500,2974400,29.880,0.00106,0.00053,candidate,,,,620,1,2026-10-04T02:46:38+00:00,2026-10-05,1895,0.00000,,,-0.00221,,,0.00047,,,
2026-09-30,6981,村田製作所,leader,電気機器,,7851,193391327700,151576148750,1.276,-0.02942,0.01372,,,,,620,1,2026-10-04T02:46:38+00:00,2026-10-05,8752,-0.00080,,,-0.00301,,,-0.00365,,,
2026-09-30,6988,日東電工,leader,化学,,3475,16013147500,10142650500,1.579,-0.00771,-0.01342,near,,,,620,1,2026-10-04T02:46:38+00:00,2026-10-05,3524,0.00851,,,0.00630,,,0.00566,,,
2026-09-30,6993,大黒屋ホールディングス(株),hot,小売業,2026-07-27,92,306028800,138473250,2.210,0.01099,0.01099,candidate,,,,620,1,2026-10-04T02:46:38+00:00,2026-10-05,90,0.00000,,,-0.00221,,,0.00047,,,
2026-09-30,7003,三井Ｅ＆Ｓ,core,機械,,4174,5585229400,8488551150,0.658,0.00506,0.00722,,,,,620,1,2026-10-04T02:46:38+00:00,2026-10-05,4224,-0.02320,,,-0.02542,,,-0.02622,,,
2026-09-30,7004,カナデビア,leader,機械,,1173,7475880900,937395400,7.975,0.01646,0.02426,candidate,,,,620,1,2026-10-04T02:46:38+00:00,2026-10-05,1171,-0.00512,,,-0.00734,,,-0.00797,,,
2026-09-30,7011,三菱重工業,hot,機械,,3839,69088179600,56472086150,1.223,0.01213,0.01107,,,,,620,1,2026-10-04T02:46:38+00:00,2026-10-05,3883,-0.00309,,,-0.00530,,,-0.00261,,,
2026-09-30,7012,川崎重工業,leader,輸送用機器,,2364.5,15246059550,26381204700,0.578,0.00425,0.00786,,,,,620,1,2026-10-04T02:46:38+00:00,2026-10-05,2388.5,-0.01423,,,-0.01645,,,-0.01708,,,
2026-09-30,7013,ＩＨＩ,leader,機械,,2692.5,27304642500,30260382800,0.902,0.00692,0.01159,,,,,620,1,2026-10-04T02:46:38+00:00,2026-10-05,2735,-0.00548,,,-0.00769,,,-0.00833,,,
2026-09-30,7084,(株)Ｓｍｉｌｅ　Ｈｏｌｄｉｎｇｓ,hot,サービス業,2026-09-14,2835,36288000,15495000,2.342,0.03166,0.00000,candidate,,,,620,1,2026-10-04T02:46:38+00:00,2026-10-05,2800,0.00821,,,0.00600,,,0.00869,,,
2026-09-30,7138,(株)ＴＯＲＩＣＯ,hot,小売業,2026-08-24,148,132489600,108576500,1.220,0.02778,0.02083,,,,,620,1,2026-10-04T02:46:38+00:00,2026-10-05,151,-0.04636,,,-0.04858,,,-0.04588,,,
2026-09-30,7164,全国保証,core,その他金融業,,3062,1142126000,901610250,1.267,-0.00228,0.00098,,,,,620,1,2026-10-04T02:46:38+00:00,2026-10-05,2995,0.00267,,,0.00046,,,-0.00035,,,
2026-09-30,7167,めぶきフィナンシャルグループ,core,銀行業,,1718,4984948800,4555086900,1.094,0.02567,0.00567,,,,,620,1,2026-10-04T02:46:38+00:00,2026-10-05,1677,0.00209,,,-0.00013,,,-0.00093,,,
2026-09-30,7180,九州フィナンシャルグループ,core,銀行業,,1765,4512222500,1989595500,2.268,0.04872,0.01248,candidate,,,,620,1,2026-10-04T02:46:38+00:00,2026-10-05,1708.5,0.00819,,,0.00597,,,0.00517,,,
2026-09-30,7181,かんぽ生命保険,core,保険業,,1779.5,5329246600,3963747100,1.344,0.00197,0.00648,,,,,620,1,2026-10-04T02:46:38+00:00,2026-10-05,1694,0.00413,,,0.00192,,,0.00111,,,
2026-09-30,7182,ゆうちょ銀行,core,銀行業,,3502,35096343600,18928062050,1.854,0.04257,0.01876,near,,,,620,1,2026-10-04T02:46:38+00:00,2026-10-05,3401,-0.00118,,,-0.00340,,,-0.00420,,,
2026-09-30,7186,横浜フィナンシャルグループ,leader,銀行業,,1923.5,9964884100,7198614650,1.384,0.02944,0.00294,,,,,620,1,2026-10-04T02:46:38+00:00,2026-10-05,1900,-0.00342,,,-0.00563,,,-0.00627,,,
2026-09-30,7189,西日本フィナンシャルホールディングス,core,銀行業,,5072,2574547200,2355126600,1.093,0.02320,0.00565,,,,,620,1,2026-10-04T02:46:38+00:00,2026-10-05,4917,0.00488,,,0.00266,,,0.00186,,,
2026-09-30,7201,日産自動車,leader,輸送用機器,,297,19938916800,11648377612,1.712,0.00034,-0.00269,near,,,,620,1,2026-10-04T02:46:38+00:00,2026-10-05,282.6000061,-0.00991,,,-0.01213,,,-0.01276,,,
2026-09-30,7202,いすゞ自動車,leader,輸送用機器,,2113.5,6922346550,6357646800,1.089,0.01586,0.00793,,,,,620,1,2026-10-04T02:46:38+00:00,2026-10-05,2025,0.01210,,,0.00988,,,0.00925,,,
2026-09-30,7203,トヨタ自動車,leader,輸送用機器,,2920,85166764000,75531463950,1.128,0.01336,0.00850,,,,,620,1,2026-10-04T02:46:38+00:00,2026-10-05,2873.5,0.00696,,,0.00475,,,0.00411,,,
2026-09-30,7211,三菱自動車工業,leader,輸送用機器,,351.1000061,3623632943,3627184001,0.999,-0.00987,0.00141,,,,,620,1,2026-10-04T02:46:38+00:00,2026-10-05,340,0.01059,,,0.00838,,,0.00774,,,
2026-09-30,7240,ＮＯＫ,core,輸送用機器,,3029,0,1160577000,0.000,0.00000,0.00000,,,,,620,1,2026-10-04T02:46:38+00:00,,,,,,,,,,,,
2026-09-30,7259,アイシン,core,輸送用機器,,2208.5,5763964150,5536576700,1.041,0.01892,0.00715,,,,,620,1,2026-10-04T02:46:38+00:00,2026-10-05,2168.5,0.00876,,,0.00655,,,0.00574,,,
2026-09-30,7261,マツダ,leader,輸送用機器,,1112.5,7861036250,7675585525,1.024,0.00451,0.00542,,,,,620,1,2026-10-04T02:46:38+00:00,2026-10-05,1072.5,0.00606,,,0.00385,,,0.00321,,,
2026-09-30,7267,ホンダ,leader,輸送用機器,,1682,24913615800,24904425000,1.000,0.00779,0.00300,,,,,620,1,2026-10-04T02:46:38+00:00,2026-10-05,1648,0.01729,,,0.01507,,,0.01444,,,
2026-09-30,7269,スズキ,leader,輸送用機器,,1988.5,19000912900,12673282800,1.499,0.02924,0.01346,,,,,620,1,2026-10-04T02:46:38+00:00,2026-10-05,1969.5,-0.00025,,,-0.00247,,,-0.00310,,,
2026-09-30,7270,ＳＵＢＡＲＵ,leader,輸送用機器,,2550,11341890000,10094849800,1.124,0.00631,0.00829,,,,,620,1,2026-10-04T02:46:38+00:00,2026-10-05,2482,0.01189,,,0.00967,,,0.00904,,,
2026-09-30,7272,ヤマハ発動機,leader,輸送用機器,,1803,14342143800,10235791550,1.401,0.00895,-0.00224,,,,,620,1,2026-10-04T02:46:38+00:00,2026-10-05,1780,0.01404,,,0.01183,,,0.01119,,,
2026-09-30,7276,小糸製作所,core,電気機器,,2721.5,2963985650,1892730500,1.566,0.03755,0.02116,near,,,,620,1,2026-10-04T02:46:38+00:00,2026-10-05,2689.5,0.00967,,,0.00745,,,0.00665,,,
2026-09-30,7282,豊田合成,core,輸送用機器,,1038.5,2979871900,2339506272,1.274,0.02064,0.02211,,,,,620,1,2026-10-04T02:46:38+00:00,2026-10-05,1036,0.01400,,,0.01179,,,0.01098,,,
2026-09-30,7309,シマノ,core,輸送用機器,,17825,4541810000,5137973500,0.884,-0.00252,-0.00560,,,,,620,1,2026-10-04T02:46:38+00:00,2026-10-05,17585,-0.00341,,,-0.00562,,,-0.00643,,,
2026-09-30,7313,テイ・エス　テック,core,輸送用機器,,1779,598989300,601847525,0.995,0.00708,0.00679,,,,,620,1,2026-10-04T02:46:38+00:00,2026-10-05,1752.5,-0.00342,,,-0.00563,,,-0.00644,,,
2026-09-30,7337,ひろぎんホールディングス,core,銀行業,,2446.5,2605522500,1437689100,1.812,0.02193,0.00167,near,,,,620,1,2026-10-04T02:46:38+00:00,2026-10-05,2372.5,0.00801,,,0.00579,,,0.00499,,,
2026-09-30,7363,(株)ベビーカレンダー,hot,サービス業,2026-09-21,1386,6930000,2112550,3.280,0.00800,-0.02182,candidate,,,,620,1,2026-10-04T02:46:38+00:00,2026-10-05,1360,0.02647,,,0.02425,,,0.02695,,,
2026-09-30,7453,良品計画,leader,小売業,,4192,13925824000,10719968800,1.299,0.03328,0.00025,,,,,620,1,2026-10-04T02:46:38+00:00,2026-10-05,4284,0.00654,,,0.00432,,,0.00369,,,
2026-09-30,7458,第一興商,core,卸売業,,1804.5,672537150,666570150,1.009,-0.01096,-0.00740,,,,,620,1,2026-10-04T02:46:38+00:00,2026-10-05,1759.5,-0.00966,,,-0.01188,,,-0.01268,,,
2026-09-30,7459,メディパルホールディングス,core,卸売業,,2957,2064281700,1193651625,1.729,0.00237,-0.00034,near,,,,620,1,2026-10-04T02:46:38+00:00,2026-10-05,2940,0.00034,,,-0.00187,,,-0.00268,,,
2026-09-30,7476,アズワン,core,卸売業,,2476,312223600,324937650,0.961,0.00020,0.00687,,,,,620,1,2026-10-04T02:46:38+00:00,2026-10-05,2472.5,-0.00061,,,-0.00282,,,-0.00363,,,
2026-09-30,7532,パン・パシフィック・インターナショナルホールディングス,leader,小売業,,715.5,16991837100,13177358694,1.289,0.00407,-0.00926,,,,,620,1,2026-10-04T02:46:38+00:00,2026-10-05,684.0999756,0.01243,,,0.01022,,,0.00958,,,
2026-09-30,7550,ゼンショーホールディングス,core,小売業,,10705,6339501000,6131014250,1.034,0.01038,-0.00944,,,,,620,1,2026-10-04T02:46:38+00:00,2026-10-05,11145,-0.00269,,,-0.00490,,,-0.00571,,,
2026-09-30,7616,コロワイド,core,小売業,,1985,1398631000,942289225,1.484,0.00557,-0.00557,,,,,620,1,2026-10-04T02:46:38+00:00,2026-10-05,1981,0.01363,,,0.01141,,,0.01061,,,
2026-09-30,7649,スギホールディングス,core,小売業,,1253,2300508000,3017761075,0.762,0.01212,0.00283,,,,,620,1,2026-10-04T02:46:38+00:00,2026-10-05,1246,-0.00161,,,-0.00383,,,-0.00463,,,
2026-09-30,7689,(株)コパ・コーポレーション,hot,卸売業,2026-09-07,397,24931600,61178100,0.408,-0.00501,-0.03509,,,,,620,1,2026-10-04T02:46:38+00:00,2026-10-05,347,0.02017,,,0.01795,,,0.02065,,,
2026-09-30,7701,島津製作所,core,精密機器,,4056,5802513600,3858499600,1.504,0.00946,0.00000,near,,,,620,1,2026-10-04T02:46:38+00:00,2026-10-05,3965,0.01538,,,0.01316,,,0.01236,,,
2026-09-30,7709,クボテック(株),hot,精密機器,2026-09-14,40,41336000,92834250,0.445,-0.02439,0.02439,,,,,620,1,2026-10-04T02:46:38+00:00,,,,,,,,,,,,
2026-09-30,7729,東京精密,core,精密機器,,18645,7463593500,4909261750,1.520,0.01304,0.01630,near,,,,620,1,2026-10-04T02:46:38+00:00,2026-10-05,19780,0.01643,,,0.01422,,,0.01341,,,
2026-09-30,7731,ニコン,leader,精密機器,,1937,4811701700,2976685800,1.616,0.02650,0.01457,near,,,,620,1,2026-10-04T02:46:38+00:00,2026-10-05,1938.5,-0.01109,,,-0.01330,,,-0.01394,,,
2026-09-30,7733,オリンパス,leader,精密機器,,2014.5,8997361350,7903192900,1.138,-0.00592,-0.00913,,,,,620,1,2026-10-04T02:46:38+00:00,2026-10-05,1973,-0.00912,,,-0.01133,,,-0.01197,,,
2026-09-30,7735,ＳＣＲＥＥＮホールディングス,leader,電気機器,,14540,43875904000,23329274500,1.881,0.00069,0.02856,near,,,,620,1,2026-10-04T02:46:38+00:00,2026-10-05,15725,0.00382,,,0.00161,,,0.00097,,,
2026-09-30,7741,HOYA,leader,精密機器,,23580,37414386000,30563530250,1.224,0.01529,0.00452,,,,,620,1,2026-10-04T02:46:38+00:00,2026-10-05,24580,-0.00325,,,-0.00546,,,-0.00610,,,
2026-09-30,7747,朝日インテック,core,精密機器,,3325,5606615000,4750401600,1.180,-0.00150,0.00631,,,,,620,1,2026-10-04T02:46:38+00:00,2026-10-05,3296,0.02093,,,0.01872,,,0.01791,,,
2026-09-30,7751,キヤノン,leader,電気機器,,4605,16064082000,14010580100,1.147,0.00392,0.00283,,,,,620,1,2026-10-04T02:46:38+00:00,2026-10-05,4627,0.00000,,,-0.00221,,,-0.00285,,,
2026-09-30,7752,リコー,leader,電気機器,,1651,3512172300,3058628950,1.148,0.00000,-0.00242,,,,,620,1,2026-10-04T02:46:38+00:00,2026-10-05,1668,-0.00390,,,-0.00611,,,-0.00675,,,
2026-09-30,7826,(株)フルヤ金属,hot,その他製品,2026-09-21,11520,3547008000,6338141500,0.560,0.04632,0.04541,,,,,620,1,2026-10-04T02:46:38+00:00,2026-10-05,12140,-0.03542,,,-0.03764,,,-0.03494,,,
2026-09-30,7832,バンダイナムコホールディングス,leader,その他製品,,5719,18815510000,15073666250,1.248,0.01563,0.00036,,,,,620,1,2026-10-04T02:46:38+00:00,2026-10-05,5698,0.00211,,,-0.00011,,,-0.00074,,,
2026-09-30,7846,パイロットコーポレーション,core,その他製品,,2100,688380000,748206900,0.920,-0.01269,-0.00611,,,,,620,1,2026-10-04T02:46:38+00:00,2026-10-05,2097,0.00525,,,0.00304,,,0.00223,,,
2026-09-30,7867,タカラトミー,core,その他製品,,4252,3127771200,2211933150,1.414,0.02408,0.00072,,,,,620,1,2026-10-04T02:46:38+00:00,2026-10-05,4163,0.00288,,,0.00067,,,-0.00014,,,
2026-09-30,7911,ＴＯＰＰＡＮホールディングス,leader,その他製品,,2362.5,7109235000,7287769800,0.976,0.00983,0.01624,,,,,620,1,2026-10-04T02:46:38+00:00,2026-10-05,2383,0.03609,,,0.03387,,,0.03324,,,
2026-09-30,7912,大日本印刷,leader,その他製品,,2952,4753310400,4006452425,1.186,0.01374,-0.00309,,,,,620,1,2026-10-04T02:46:38+00:00,2026-10-05,2999.5,0.00983,,,0.00762,,,0.00698,,,
2026-09-30,7936,アシックス,core,その他製品,,4220,20494852000,20953247300,0.978,0.02902,0.00805,,,,,620,1,2026-10-04T02:46:38+00:00,2026-10-05,4150,0.03108,,,0.02887,,,0.02806,,,
2026-09-30,7951,ヤマハ,leader,その他製品,,1221,2922219300,2602788400,1.123,0.00123,-0.00574,,,,,620,1,2026-10-04T02:46:38+00:00,2026-10-05,1215,0.00247,,,0.00026,,,-0.00038,,,
2026-09-30,7956,ピジョン,core,その他製品,,2040.5,1535272200,1852432400,0.829,0.00840,-0.00519,,,,,620,1,2026-10-04T02:46:38+00:00,2026-10-05,2014.5,0.00645,,,0.00424,,,0.00343,,,
2026-09-30,7974,任天堂,leader,その他製品,,7944,53442465600,63046595250,0.848,0.00608,0.01039,,,,,620,1,2026-10-04T02:46:38+00:00,2026-10-05,7870,-0.01626,,,-0.01847,,,-0.01911,,,
2026-09-30,7984,コクヨ,core,その他製品,,868.2000122,929494933,768310039,1.210,-0.00686,0.00206,,,,,620,1,2026-10-04T02:46:38+00:00,2026-10-05,857.2000122,-0.00513,,,-0.00734,,,-0.00815,,,
2026-09-30,7988,ニフコ,core,化学,,2399,1397177600,1251463300,1.116,0.01352,0.00549,,,,,620,1,2026-10-04T02:46:38+00:00,2026-10-05,2405,0.01206,,,0.00984,,,0.00904,,,
2026-09-30,8001,伊藤忠商事,leader,卸売業,,2207.5,48967427250,40294746925,1.215,0.02294,0.00185,,,,,620,1,2026-10-04T02:46:38+00:00,2026-10-05,2193,0.00205,,,-0.00016,,,-0.00080,,,
2026-09-30,8002,丸紅,leader,卸売業,,4824,25796340000,25307256950,1.019,0.02225,0.00826,,,,,620,1,2026-10-04T02:46:38+00:00,2026-10-05,4773,0.00670,,,0.00449,,,0.00385,,,
2026-09-30,8012,長瀬産業,core,卸売業,,1163.5,1503009300,982083350,1.530,0.00998,0.00564,near,,,,620,1,2026-10-04T02:46:38+00:00,2026-10-05,1171,0.00897,,,0.00676,,,0.00595,,,
2026-09-30,8015,豊田通商,leader,卸売業,,7226,19415539400,15439624200,1.258,0.01717,0.00577,,,,,620,1,2026-10-04T02:46:38+00:00,2026-10-05,7364,0.00312,,,0.00090,,,0.00027,,,
2026-09-30,8020,兼松,core,卸売業,,2242.5,1752065250,1322627625,1.325,0.00470,-0.00112,,,,,620,1,2026-10-04T02:46:38+00:00,2026-10-05,2254.5,-0.00222,,,-0.00443,,,-0.00524,,,
2026-09-30,8031,三井物産,leader,卸売業,,4930,35217948000,32243203600,1.092,0.02092,-0.00083,,,,,620,1,2026-10-04T02:46:38+00:00,2026-10-05,4939,-0.00283,,,-0.00505,,,-0.00568,,,
2026-09-30,8035,東京エレクトロン,leader,電気機器,,11815,181153487500,163119094000,1.111,0.02694,0.04042,,,,,620,1,2026-10-04T02:46:38+00:00,2026-10-05,12400,0.02944,,,0.02722,,,0.02659,,,
2026-09-30,8053,住友商事,leader,卸売業,,1770,19907013000,18846960525,1.056,0.02047,0.00432,,,,,620,1,2026-10-04T02:46:38+00:00,2026-10-05,1751,-0.00543,,,-0.00764,,,-0.00828,,,
2026-09-30,8056,ＢＩＰＲＯＧＹ,core,情報・通信業,,4641,1687467600,1891301250,0.892,-0.00600,-0.00150,,,,,620,1,2026-10-04T02:46:38+00:00,2026-10-05,4668,0.00236,,,0.00015,,,-0.00066,,,
2026-09-30,8058,三菱商事,leader,卸売業,,4769,44500015900,39235416000,1.134,0.02847,0.00280,,,,,620,1,2026-10-04T02:46:38+00:00,2026-10-05,4750,-0.00863,,,-0.01085,,,-0.01148,,,
2026-09-30,8060,キヤノンマーケティングジャパン,core,卸売業,,3690,1296297000,1113631500,1.164,0.00136,0.00000,,,,,620,1,2026-10-04T02:46:38+00:00,2026-10-05,3740,-0.00187,,,-0.00409,,,-0.00489,,,
2026-09-30,8086,ニプロ,core,精密機器,,1368.5,1389301200,1016607375,1.367,-0.00182,-0.00073,,,,,620,1,2026-10-04T02:46:38+00:00,2026-10-05,1313,0.00228,,,0.00006,,,-0.00074,,,
2026-09-30,8088,岩谷産業,core,卸売業,,2035,1506917500,1558477825,0.967,0.01168,0.00795,,,,,620,1,2026-10-04T02:46:38+00:00,2026-10-05,2004.5,-0.00424,,,-0.00645,,,-0.00726,,,
2026-09-30,8111,ゴールドウイン,core,繊維製品,,2119,813696000,1075792750,0.756,0.00953,0.00000,,,,,620,1,2026-10-04T02:46:38+00:00,2026-10-05,2102.5,0.00571,,,0.00349,,,0.00269,,,
2026-09-30,8113,ユニ・チャーム,core,化学,,938.0999756,4632056249,4279429324,1.082,-0.00509,-0.00711,,,,,620,1,2026-10-04T02:46:38+00:00,2026-10-05,918,0.00741,,,0.00519,,,0.00439,,,
2026-09-30,8129,東邦ホールディングス,core,卸売業,,3954,532603800,505068100,1.055,0.00790,0.00739,,,,,620,1,2026-10-04T02:46:38+00:00,2026-10-05,3624,0.00524,,,0.00302,,,0.00222,,,
2026-09-30,8136,(株)サンリオ,hot,卸売業,2026-09-07,1187.5,11236718750,21931594000,0.512,0.00806,-0.00637,,,,,620,1,2026-10-04T02:46:38+00:00,2026-10-05,1170,0.00812,,,0.00591,,,0.00860,,,
2026-09-30,8174,日本瓦斯,core,小売業,,936,2195762400,892061583,2.461,-0.01266,0.00000,candidate,,,,620,1,2026-10-04T02:46:38+00:00,2026-10-05,939.5,-0.00788,,,-0.01009,,,-0.01090,,,
2026-09-30,8227,しまむら,core,小売業,,3277,3319601000,2087397800,1.590,0.01142,-0.00401,near,,,,620,1,2026-10-04T02:46:38+00:00,2026-10-05,3219,0.00186,,,-0.00035,,,-0.00116,,,
2026-09-30,8233,高島屋,leader,小売業,,2106.5,4089559100,3687696300,1.109,0.00095,-0.00048,,,,,620,1,2026-10-04T02:46:38+00:00,2026-10-05,2043.5,0.02912,,,0.02690,,,0.02627,,,
2026-09-30,8242,エイチ・ツー・オー　リテイリング,core,小売業,,2727,1732735800,924511800,1.874,-0.02065,-0.00287,near,,,,620,1,2026-10-04T02:46:38+00:00,2026-10-05,2712,0.01641,,,0.01420,,,0.01339,,,
2026-09-30,8252,丸井グループ,leader,小売業,,2791.5,2974343250,2911619900,1.022,0.00667,0.00036,,,,,620,1,2026-10-04T02:46:38+00:00,2026-10-05,2723,0.00331,,,0.00110,,,0.00046,,,
2026-09-30,8253,クレディセゾン,leader,その他金融業,,4515,3515830500,3171828450,1.108,0.00759,-0.00290,,,,,620,1,2026-10-04T02:46:38+00:00,2026-10-05,4354,0.00276,,,0.00054,,,-0.00009,,,
2026-09-30,8267,イオン,leader,小売業,,1289,16830344100,13615769275,1.236,0.02018,0.00079,,,,,620,1,2026-10-04T02:46:38+00:00,2026-10-05,1224.5,0.00122,,,-0.00100,,,-0.00163,,,
2026-09-30,8282,ケーズホールディングス,core,小売業,,1771,2005657500,1433378600,1.399,-0.01006,-0.01202,,,,,620,1,2026-10-04T02:46:38+00:00,2026-10-05,1705,-0.00147,,,-0.00368,,,-0.00449,,,
2026-09-30,8301,日本銀行,hot,,2026-09-21,23800,0,4260000,0.000,0.00000,0.00000,,,,,620,1,2026-10-04T02:46:38+00:00,2026-10-05,23800,0.00000,,,-0.00221,,,0.00047,,,
2026-09-30,8303,ＳＢＩ新生銀行,core,銀行業,,1562,3726307200,4542986500,0.820,0.00612,0.00032,,,,,620,1,2026-10-04T02:46:38+00:00,2026-10-05,1505,0.00100,,,-0.00121,,,-0.00202,,,
2026-09-30,8304,あおぞら銀行,leader,銀行業,,3492,4375476000,4286971150,1.021,0.01897,0.00088,,,,,620,1,2026-10-04T02:46:38+00:00,2026-10-05,3400,-0.00059,,,-0.00281,,,-0.00344,,,
2026-09-30,8306,三菱UFJフィナンシャルG,leader,銀行業,,3700,188083950000,149221289600,1.260,0.03007,0.00501,,,,,620,1,2026-10-04T02:46:38+00:00,2026-10-05,3548,0.01888,,,0.01666,,,0.01603,,,
2026-09-30,8308,りそなホールディングス,leader,銀行業,,2549,27909255900,22830950700,1.222,0.02699,0.00584,,,,,620,1,2026-10-04T02:46:38+00:00,2026-10-05,2480.5,0.02641,,,0.02420,,,0.02356,,,
2026-09-30,8309,三井住友トラストグループ,leader,銀行業,,1784,23895966400,16437664725,1.454,0.01943,0.00629,,,,,620,1,2026-10-04T02:46:38+00:00,2026-10-05,1759.5,-0.00256,,,-0.00477,,,-0.00541,,,
2026-09-30,8316,三井住友フィナンシャルG,leader,銀行業,,3471,101469131400,88204513300,1.150,0.03396,0.00626,,,,,620,1,2026-10-04T02:46:38+00:00,2026-10-05,3301,0.02211,,,0.01990,,,0.01926,,,
2026-09-30,8331,千葉銀行,leader,銀行業,,2850,8282100000,7927659100,1.045,0.03000,0.00217,,,,,620,1,2026-10-04T02:46:38+00:00,2026-10-05,2780,0.00917,,,0.00695,,,0.00632,,,
2026-09-30,8334,群馬銀行,core,銀行業,,3168,4826448000,3209266325,1.504,0.02624,0.00648,near,,,,620,1,2026-10-04T02:46:38+00:00,2026-10-05,3004,0.00932,,,0.00711,,,0.00630,,,
2026-09-30,8341,七十七銀行,core,銀行業,,4202,3456565200,2885233250,1.198,0.02814,0.00367,,,,,620,1,2026-10-04T02:46:38+00:00,2026-10-05,4101,0.00463,,,0.00241,,,0.00161,,,
2026-09-30,8354,ふくおかフィナンシャルグループ,leader,銀行業,,7988,8343466000,5676165150,1.470,0.03031,0.00284,,,,,620,1,2026-10-04T02:46:38+00:00,2026-10-05,7789,0.00822,,,0.00600,,,0.00537,,,
2026-09-30,8359,八十二長野銀行,core,銀行業,,2870.5,5982696100,3554047250,1.683,0.03741,0.00470,near,,,,620,1,2026-10-04T02:46:38+00:00,2026-10-05,2784,0.00557,,,0.00336,,,0.00255,,,
2026-09-30,8377,ほくほくフィナンシャルグループ,core,銀行業,,914.2000122,12773659671,3229960200,3.955,0.09041,0.03578,candidate,,,,620,1,2026-10-04T02:46:38+00:00,2026-10-05,881.7999878,-0.01565,,,-0.01786,,,-0.01867,,,
2026-09-30,8410,セブン銀行,core,銀行業,,345,1374307500,1429898673,0.961,0.00291,-0.00291,,,,,620,1,2026-10-04T02:46:38+00:00,2026-10-05,336.7999878,0.00000,,,-0.00221,,,-0.00302,,,
2026-09-30,8411,みずほフィナンシャルG,leader,銀行業,,8855,119863936500,79457857000,1.509,0.04521,0.01664,near,,,,620,1,2026-10-04T02:46:38+00:00,2026-10-05,8480,0.02217,,,0.01996,,,0.01932,,,
2026-09-30,8418,山口フィナンシャルグループ,core,銀行業,,3535,3132363500,1520806600,2.060,0.03031,0.00991,candidate,,,,620,1,2026-10-04T02:46:38+00:00,2026-10-05,3489,0.00315,,,0.00094,,,0.00013,,,
2026-09-30,8424,芙蓉総合リース,core,その他金融業,,4447,1531991500,852701850,1.797,0.02159,0.00666,near,,,,620,1,2026-10-04T02:46:38+00:00,2026-10-05,4292,-0.00606,,,-0.00828,,,-0.00908,,,
2026-09-30,8439,東京センチュリー,core,その他金融業,,2640,1831104000,1627139750,1.125,0.01305,0.00633,,,,,620,1,2026-10-04T02:46:38+00:00,2026-10-05,2598,0.00789,,,0.00567,,,0.00487,,,
2026-09-30,8473,ＳＢＩホールディングス,core,証券、商品先物取引業,,3162,11228578200,12559947900,0.894,0.02662,0.00649,,,,,620,1,2026-10-04T02:46:38+00:00,2026-10-05,3085,-0.00389,,,-0.00610,,,-0.00691,,,
2026-09-30,8570,イオンフィナンシャルサービス,core,その他金融業,,1560,1303692000,938106425,1.390,-0.00637,0.00000,,,,,620,1,2026-10-04T02:46:38+00:00,2026-10-05,1476.5,0.00542,,,0.00321,,,0.00240,,,
2026-09-30,8572,アコム,core,その他金融業,,466,942624800,579634269,1.626,-0.00064,0.00536,near,,,,620,1,2026-10-04T02:46:38+00:00,2026-10-05,455.5,-0.00285,,,-0.00507,,,-0.00587,,,
2026-09-30,8591,オリックス,leader,その他金融業,,5971,25288379200,21211757100,1.192,0.01825,0.00426,,,,,620,1,2026-10-04T02:46:38+00:00,2026-10-05,5794,0.00967,,,0.00745,,,0.00682,,,
2026-09-30,8593,三菱ＨＣキャピタル,core,その他金融業,,1341,7575443100,5208749900,1.454,0.01629,0.00341,,,,,620,1,2026-10-04T02:46:38+00:00,2026-10-05,1310,0.00382,,,0.00161,,,0.00080,,,
2026-09-30,8595,ジャフコ　グループ,core,証券、商品先物取引業,,2235,1341894000,709487750,1.891,0.00608,-0.00360,near,,,,620,1,2026-10-04T02:46:38+00:00,2026-10-05,2200.5,-0.00477,,,-0.00698,,,-0.00779,,,
2026-09-30,8601,大和証券グループ本社,leader,証券、商品先物取引業,,1809,12927656700,9124725050,1.417,0.01288,0.00168,,,,,620,1,2026-10-04T02:46:38+00:00,2026-10-05,1752.5,0.00171,,,-0.00051,,,-0.00114,,,
2026-09-30,8604,野村ホールディングス,leader,証券、商品先物取引業,,1551,16832227500,15998131550,1.052,0.01406,0.00196,,,,,620,1,2026-10-04T02:46:38+00:00,2026-10-05,1514.5,0.00825,,,0.00604,,,0.00540,,,
2026-09-30,8630,ＳＯＭＰＯホールディングス,leader,保険業,,6702,18555157200,15570295600,1.192,0.00858,0.00150,,,,,620,1,2026-10-04T02:46:38+00:00,2026-10-05,6507,0.01045,,,0.00823,,,0.00760,,,
2026-09-30,8697,日本取引所グループ,leader,その他金融業,,2297.5,9231355000,7276556375,1.269,0.02111,0.01089,,,,,620,1,2026-10-04T02:46:38+00:00,2026-10-05,2300.5,-0.00500,,,-0.00722,,,-0.00785,,,
2026-09-30,8725,ＭＳ＆ＡＤインシュアランスグループホールディングス,leader,保険業,,4902,25508047200,23563843750,1.083,0.01072,0.00680,,,,,620,1,2026-10-04T02:46:38+00:00,2026-10-05,4748,0.01727,,,0.01506,,,0.01442,,,
2026-09-30,8729,ソニーフィナンシャルグループ(株),hot,保険業,2026-09-07,157.8999939,9840438150,8887049809,1.107,0.00702,-0.00319,,,,,620,1,2026-10-04T02:46:38+00:00,2026-10-05,148.6000061,0.00269,,,0.00048,,,0.00317,,,
2026-09-30,8750,第一ライフグループ,leader,保険業,,1876.5,22461705000,17211556100,1.305,0.00267,0.00107,,,,,620,1,2026-10-04T02:46:38+00:00,2026-10-05,1782,0.01908,,,0.01686,,,0.01623,,,
2026-09-30,8766,東京海上ホールディングス,leader,保険業,,537.5,61187817500,45500772207,1.345,0.02733,0.01911,,,,,620,1,2026-10-04T02:46:38+00:00,2026-10-05,501,0.01697,,,0.01475,,,0.01412,,,
2026-09-30,8795,Ｔ＆Ｄホールディングス,leader,保険業,,4877,6890225600,6484405400,1.063,0.00764,0.01116,,,,,620,1,2026-10-04T02:46:38+00:00,2026-10-05,4724,0.01164,,,0.00942,,,0.00879,,,
2026-09-30,8798,(株)アドバンスクリエイト,hot,保険業,2026-09-21,105,67483500,4896000,13.783,-0.15323,-0.03226,candidate,,,,620,1,2026-10-04T02:46:38+00:00,2026-10-05,87,-0.18391,,,-0.18612,,,-0.18343,,,
2026-09-30,8801,三井不動産,leader,不動産業,,1474.5,17280845100,14702166000,1.175,0.01480,0.00103,,,,,620,1,2026-10-04T02:46:38+00:00,2026-10-05,1429,-0.00630,,,-0.00851,,,-0.00915,,,
2026-09-30,8802,三菱地所,leader,不動産業,,3608,14840425600,13327672700,1.114,0.01777,0.01269,,,,,620,1,2026-10-04T02:46:38+00:00,2026-10-05,3530,-0.01841,,,-0.02062,,,-0.02126,,,
2026-09-30,8804,東京建物,leader,不動産業,,3279,3707893200,2714008750,1.366,0.01110,0.00463,,,,,620,1,2026-10-04T02:46:38+00:00,2026-10-05,3211,-0.00965,,,-0.01187,,,-0.01250,,,
2026-09-30,8830,住友不動産,leader,不動産業,,3183,12941441400,9445023450,1.370,0.02810,0.00614,,,,,620,1,2026-10-04T02:46:38+00:00,2026-10-05,3108,-0.01448,,,-0.01670,,,-0.01733,,,
2026-09-30,8848,(株)レオパレス２１,hot,不動産業,2026-09-14,1022,2433484200,724529500,3.359,0.00196,0.00294,candidate,,,,620,1,2026-10-04T02:46:38+00:00,2026-10-05,1011,-0.00593,,,-0.00814,,,-0.00546,,,
2026-09-30,8876,リログループ,core,サービス業,,2273,1031260100,1292990750,0.798,0.00088,0.00000,,,,,620,1,2026-10-04T02:46:38+00:00,2026-10-05,2287.5,0.01246,,,0.01025,,,0.00944,,,
2026-09-30,8894,(株)ＲＥＶＯＬＵＴＩＯＮ,hot,不動産業,2026-09-14,16,5473600,14132950,0.387,0.00000,0.00000,,,,,620,1,2026-10-04T02:46:38+00:00,2026-10-05,16,0.00000,,,-0.00221,,,0.00047,,,
2026-09-30,8918,(株)ランド,hot,不動産業,2026-07-12,11,3062227300,2985635500,1.026,0.10000,0.10000,,,,,620,1,2026-10-04T02:46:38+00:00,2026-10-05,11,0.00000,,,-0.00221,,,0.00047,,,
2026-09-30,9001,東武鉄道,leader,陸運業,,2821,2389951200,1863617300,1.282,0.00160,0.00036,,,,,620,1,2026-10-04T02:46:38+00:00,2026-10-05,2768.5,-0.00163,,,-0.00384,,,-0.00448,,,
2026-09-30,9003,相鉄ホールディングス,core,陸運業,,2508.5,1114275700,765982750,1.455,0.00260,0.00120,,,,,620,1,2026-10-04T02:46:38+00:00,2026-10-05,2466.5,0.00122,,,-0.00100,,,-0.00180,,,
2026-09-30,9005,東急,leader,陸運業,,1613.5,4408888750,3737946225,1.179,0.00844,0.00063,,,,,620,1,2026-10-04T02:46:38+00:00,2026-10-05,1583.5,-0.00410,,,-0.00632,,,-0.00695,,,
2026-09-30,9006,京浜急行電鉄,core,陸運業,,1534,1316939000,1159132575,1.136,0.01354,0.00463,,,,,620,1,2026-10-04T02:46:38+00:00,2026-10-05,1513.5,-0.00826,,,-0.01047,,,-0.01128,,,
2026-09-30,9007,小田急電鉄,leader,陸運業,,1718.5,2825042150,2201931675,1.283,0.00851,0.00235,,,,,620,1,2026-10-04T02:46:38+00:00,2026-10-05,1701,-0.00206,,,-0.00428,,,-0.00491,,,
2026-09-30,9008,京王電鉄,leader,陸運業,,757.7000122,1455087103,1443199384,1.008,0.00464,0.00093,,,,,620,1,2026-10-04T02:46:38+00:00,2026-10-05,748.9000244,-0.01042,,,-0.01264,,,-0.01327,,,
2026-09-30,9009,京成電鉄,leader,陸運業,,1335.5,2957064100,2537308000,1.165,0.00869,0.00000,,,,,620,1,2026-10-04T02:46:38+00:00,2026-10-05,1331.5,-0.02140,,,-0.02361,,,-0.02425,,,
2026-09-30,9020,東日本旅客鉄道,leader,陸運業,,3350,12817770000,9801808550,1.308,0.00390,0.00180,,,,,620,1,2026-10-04T02:46:38+00:00,2026-10-05,3320,-0.00602,,,-0.00823,,,-0.00887,,,
2026-09-30,9021,西日本旅客鉄道,leader,陸運業,,2942,6775426000,5896906900,1.149,0.01152,0.00636,,,,,620,1,2026-10-04T02:46:38+00:00,2026-10-05,2863.5,-0.00437,,,-0.00658,,,-0.00722,,,
2026-09-30,9022,東海旅客鉄道,leader,陸運業,,3724,10929195200,8668978050,1.261,0.01333,0.00354,,,,,620,1,2026-10-04T02:46:38+00:00,2026-10-05,3643,-0.01098,,,-0.01320,,,-0.01383,,,
2026-09-30,9023,東京地下鉄,core,陸運業,,1479,2266715400,2639956000,0.859,0.00578,0.00034,,,,,620,1,2026-10-04T02:46:38+00:00,2026-10-05,1451,-0.01826,,,-0.02048,,,-0.02128,,,
2026-09-30,9024,西武ホールディングス,core,陸運業,,3506,5169246400,4321073400,1.196,-0.00539,-0.00454,,,,,620,1,2026-10-04T02:46:38+00:00,2026-10-05,3511,0.00940,,,0.00719,,,0.00638,,,
2026-09-30,9031,西日本鉄道,core,陸運業,,2903,937378700,666665850,1.406,-0.00837,0.00256,,,,,620,1,2026-10-04T02:46:38+00:00,2026-10-05,2850,-0.00544,,,-0.00766,,,-0.00846,,,
2026-09-30,9041,近鉄グループホールディングス,core,陸運業,,3395,3727031000,2109059200,1.767,-0.00847,-0.00438,near,,,,620,1,2026-10-04T02:46:38+00:00,2026-10-05,3350,0.01284,,,0.01063,,,0.00982,,,
2026-09-30,9042,阪急阪神ホールディングス,core,陸運業,,4387,5240271500,3364357500,1.558,0.01176,0.00669,near,,,,620,1,2026-10-04T02:46:38+00:00,2026-10-05,4430,0.00587,,,0.00366,,,0.00285,,,
2026-09-30,9044,ＮＡＮＫＡＩ,core,陸運業,,3023,1506965500,1127138300,1.337,-0.01819,0.00292,,,,,620,1,2026-10-04T02:46:38+00:00,2026-10-05,2990,-0.00435,,,-0.00656,,,-0.00737,,,
2026-09-30,9045,京阪ホールディングス,core,陸運業,,3132,1402196400,776984900,1.805,0.01524,0.00486,near,,,,620,1,2026-10-04T02:46:38+00:00,2026-10-05,3096,0.00065,,,-0.00156,,,-0.00237,,,
2026-09-30,9048,名古屋鉄道,core,陸運業,,1855.5,1917659250,1154516525,1.661,0.01117,0.00300,near,,,,620,1,2026-10-04T02:46:38+00:00,2026-10-05,1822,-0.00027,,,-0.00248,,,-0.00329,,,
2026-09-30,9064,ヤマトホールディングス,leader,陸運業,,2027,2583614200,2182241900,1.184,0.01401,0.00100,,,,,620,1,2026-10-04T02:46:38+00:00,2026-10-05,1967,-0.00788,,,-0.01009,,,-0.01073,,,
2026-09-30,9065,山九,core,陸運業,,1603,2539312300,1411114211,1.800,0.02297,0.00542,near,,,,620,1,2026-10-04T02:46:38+00:00,2026-10-05,1578,0.00127,,,-0.00094,,,-0.00175,,,
2026-09-30,9069,センコーグループホールディングス,core,陸運業,,2341,1083648900,802656875,1.350,0.01254,0.00476,,,,,620,1,2026-10-04T02:46:38+00:00,2026-10-05,2293,0.00632,,,0.00411,,,0.00330,,,
2026-09-30,9072,ニッコンホールディングス,core,陸運業,,5107,1204230600,904326800,1.332,0.00690,0.00237,,,,,620,1,2026-10-04T02:46:38+00:00,2026-10-05,4455,0.02626,,,0.02404,,,0.02324,,,
2026-09-30,9076,セイノーホールディングス,core,陸運業,,2642,908055400,923480250,0.983,0.00609,0.00781,,,,,620,1,2026-10-04T02:46:38+00:00,2026-10-05,2599,0.00596,,,0.00375,,,0.00294,,,
2026-09-30,9101,日本郵船,leader,海運業,,7212,19675057200,19737827150,0.997,0.01893,0.00989,,,,,620,1,2026-10-04T02:46:38+00:00,2026-10-05,7100,-0.00338,,,-0.00560,,,-0.00623,,,
2026-09-30,9104,商船三井,leader,海運業,,7090,18837421000,20671841150,0.911,0.02754,0.00928,,,,,620,1,2026-10-04T02:46:38+00:00,2026-10-05,7127,-0.01094,,,-0.01316,,,-0.01379,,,
2026-09-30,9107,川崎汽船,leader,海運業,,3326,13058541200,13685655750,0.954,0.01310,0.00518,,,,,620,1,2026-10-04T02:46:38+00:00,2026-10-05,3271,-0.00917,,,-0.01138,,,-0.01202,,,
2026-09-30,9142,九州旅客鉄道,core,陸運業,,3395,4211497500,2650692200,1.589,0.00207,0.00266,near,,,,620,1,2026-10-04T02:46:38+00:00,2026-10-05,3357,-0.00119,,,-0.00341,,,-0.00421,,,
2026-09-30,9143,ＳＧホールディングス,core,陸運業,,1444,2425342400,2055929400,1.180,0.00035,0.00520,,,,,620,1,2026-10-04T02:46:38+00:00,2026-10-05,1406.5,0.00213,,,-0.00009,,,-0.00089,,,
2026-09-30,9147,ＮＩＰＰＯＮＥＸＰＲＥＳＳホールディングス,leader,陸運業,,5775,5243122500,5331083750,0.984,0.01744,0.01286,,,,,620,1,2026-10-04T02:46:38+00:00,2026-10-05,5699,0.00790,,,0.00569,,,0.00505,,,
2026-09-30,9201,日本航空,leader,空運業,,3069,9000763200,5943351900,1.514,0.01892,0.00664,near,,,,620,1,2026-10-04T02:46:38+00:00,2026-10-05,2984,0.00905,,,0.00684,,,0.00620,,,
2026-09-30,9202,ＡＮＡホールディングス,leader,空運業,,3001,7371056200,7327030500,1.006,0.01729,0.00525,,,,,620,1,2026-10-04T02:46:38+00:00,2026-10-05,2944,-0.00408,,,-0.00630,,,-0.00693,,,
2026-09-30,9301,三菱倉庫,core,倉庫・運輸関連業,,1481,1555494300,1377306150,1.129,-0.00537,0.00907,,,,,620,1,2026-10-04T02:46:38+00:00,2026-10-05,1452.5,0.00585,,,0.00364,,,0.00283,,,
2026-09-30,9302,三井倉庫ホールディングス,core,倉庫・運輸関連業,,3223,872788400,686197450,1.272,-0.00093,0.00279,,,,,620,1,2026-10-04T02:46:38+00:00,2026-10-05,3267,-0.00061,,,-0.00282,,,-0.00363,,,
2026-09-30,9364,上組,core,倉庫・運輸関連業,,4773,2512984500,1370180650,1.834,0.01575,-0.00085,near,,,,620,1,2026-10-04T02:46:38+00:00,2026-10-05,4720,-0.00636,,,-0.00857,,,-0.00938,,,
2026-09-30,9401,ＴＢＳホールディングス,core,情報・通信業,,5687,2117838800,1739218100,1.218,0.00851,0.00284,,,,,620,1,2026-10-04T02:46:38+00:00,2026-10-05,5843,0.01078,,,0.00856,,,0.00776,,,
2026-09-30,9404,日本テレビホールディングス,core,情報・通信業,,2780,1842028000,1451491600,1.269,-0.01191,0.00249,,,,,620,1,2026-10-04T02:46:38+00:00,2026-10-05,2831.5,0.00565,,,0.00343,,,0.00263,,,
2026-09-30,9432,日本電信電話,leader,情報・通信業,,171.6000061,32218364466,35768968003,0.901,0.00175,0.00117,,,,,620,1,2026-10-04T02:46:38+00:00,2026-10-05,169.8000031,0.00118,,,-0.00103,,,-0.00167,,,
2026-09-30,9433,KDDI,leader,情報・通信業,,2928,31869816000,23703191800,1.345,0.00154,0.00017,,,,,620,1,2026-10-04T02:46:38+00:00,2026-10-05,2895,-0.00069,,,-0.00291,,,-0.00354,,,
2026-09-30,9434,ソフトバンク,leader,情報・通信業,,241.1000061,27142339497,18382511354,1.477,0.00668,0.00209,,,,,620,1,2026-10-04T02:46:38+00:00,2026-10-05,238.8999939,-0.00167,,,-0.00388,,,-0.00452,,,
2026-09-30,9435,光通信,core,情報・通信業,,36630,4329666000,2546661000,1.700,0.00881,-0.00854,near,,,,620,1,2026-10-04T02:46:38+00:00,2026-10-05,35920,0.00084,,,-0.00137,,,-0.00218,,,
2026-09-30,9449,ＧＭＯインターネットグループ,core,情報・通信業,,3938,1025061400,1083573900,0.946,0.00408,0.00433,,,,,620,1,2026-10-04T02:46:38+00:00,2026-10-05,3968,-0.00353,,,-0.00575,,,-0.00655,,,
2026-09-30,9468,ＫＡＤＯＫＡＷＡ,core,情報・通信業,,3698,1927027800,1263199100,1.526,0.01287,0.00000,near,,,,620,1,2026-10-04T02:46:38+00:00,2026-10-05,3785,-0.00343,,,-0.00564,,,-0.00645,,,
2026-09-30,9501,東京電力ホールディングス,leader,電気・ガス業,,534.0999756,20925075664,19645485215,1.065,0.03628,0.00795,,,,,620,1,2026-10-04T02:46:38+00:00,2026-10-05,524.9000244,-0.00381,,,-0.00602,,,-0.00666,,,
2026-09-30,9502,中部電力,leader,電気・ガス業,,2709.5,12873918300,9950143025,1.294,0.00018,0.00425,,,,,620,1,2026-10-04T02:46:38+00:00,2026-10-05,2635,-0.00323,,,-0.00545,,,-0.00608,,,
2026-09-30,9503,関西電力,leader,電気・ガス業,,2705.5,12997763100,13305496400,0.977,0.02403,-0.00132,,,,,620,1,2026-10-04T02:46:38+00:00,2026-10-05,2647.5,-0.01568,,,-0.01790,,,-0.01853,,,
2026-09-30,9504,中国電力,core,電気・ガス業,,1028,1744618800,2173902900,0.803,0.01682,0.00297,,,,,620,1,2026-10-04T02:46:38+00:00,2026-10-05,989,-0.01153,,,-0.01375,,,-0.01455,,,
2026-09-30,9505,北陸電力,core,電気・ガス業,,1135,1297645500,1187667900,1.093,0.02344,0.00812,,,,,620,1,2026-10-04T02:46:38+00:00,2026-10-05,1071,-0.01867,,,-0.02089,,,-0.02169,,,
2026-09-30,9506,東北電力,core,電気・ガス業,,1297,5071140300,6022406525,0.842,0.00816,0.00738,,,,,620,1,2026-10-04T02:46:38+00:00,2026-10-05,1238,0.00242,,,0.00020,,,-0.00060,,,
2026-09-30,9507,四国電力,core,電気・ガス業,,2182.5,2300355000,2849398500,0.807,0.03780,0.01236,,,,,620,1,2026-10-04T02:46:38+00:00,2026-10-05,2122.5,-0.01979,,,-0.02200,,,-0.02281,,,
2026-09-30,9508,九州電力,core,電気・ガス業,,2098,0,5276889600,0.000,0.00000,0.00000,,,,,620,1,2026-10-04T02:46:38+00:00,2026-10-05,1975,-0.01595,,,-0.01817,,,-0.01897,,,
2026-09-30,9509,北海道電力,core,電気・ガス業,,1132,2567602400,2387268900,1.076,0.02956,0.00409,,,,,620,1,2026-10-04T02:46:38+00:00,2026-10-05,1082,-0.01848,,,-0.02069,,,-0.02150,,,
2026-09-30,9513,電源開発,core,電気・ガス業,,4060,2616264000,2055285600,1.273,0.01856,0.00828,,,,,620,1,2026-10-04T02:46:38+00:00,2026-10-05,3993,-0.01202,,,-0.01423,,,-0.01504,,,
2026-09-30,9531,東京瓦斯,leader,電気・ガス業,,6190,9358042000,6132694300,1.526,0.01893,-0.00280,near,,,,620,1,2026-10-04T02:46:38+00:00,2026-10-05,6150,-0.01220,,,-0.01442,,,-0.01505,,,
2026-09-30,9532,大阪瓦斯,leader,電気・ガス業,,5751,10024568100,5933820800,1.689,0.01429,-0.00265,near,,,,620,1,2026-10-04T02:46:38+00:00,2026-10-05,5716,-0.00822,,,-0.01043,,,-0.01107,,,
2026-09-30,9533,東邦瓦斯,core,電気・ガス業,,1239,1012510800,1090208750,0.929,0.00650,0.00284,,,,,620,1,2026-10-04T02:46:38+00:00,2026-10-05,1247.5,-0.00601,,,-0.00822,,,-0.00903,,,
2026-09-30,9556,ＩＮＴＬＯＯＰ(株),hot,サービス業,2026-09-14,2466,203938200,161646100,1.262,0.08778,0.11028,,,,,620,1,2026-10-04T02:46:38+00:00,2026-10-05,2399,0.04002,,,0.03780,,,0.04050,,,
2026-09-30,9602,東宝,leader,情報・通信業,,1555.5,4465062750,4942278475,0.903,0.00161,-0.00451,,,,,620,1,2026-10-04T02:46:38+00:00,2026-10-05,1567,-0.00830,,,-0.01052,,,-0.01115,,,
2026-09-30,9616,共立メンテナンス,core,サービス業,,3223,2611274600,2773384500,0.942,0.01480,0.01385,,,,,620,1,2026-10-04T02:46:38+00:00,2026-10-05,3187,0.00847,,,0.00626,,,0.00545,,,
2026-09-30,9627,アインホールディングス,core,小売業,,5386,800359600,735107450,1.089,0.01241,0.01053,,,,,620,1,2026-10-04T02:46:38+00:00,2026-10-05,5300,0.00717,,,0.00496,,,0.00415,,,
2026-09-30,9684,スクウェア・エニックス・ホールディングス,core,情報・通信業,,2900.5,3791823650,3179999775,1.192,-0.00429,-0.00326,,,,,620,1,2026-10-04T02:46:38+00:00,2026-10-05,2875,-0.01252,,,-0.01473,,,-0.01554,,,
2026-09-30,9697,カプコン,core,情報・通信業,,4340,89959954000,11134100900,8.080,-0.00390,0.00207,candidate,,,,620,1,2026-10-04T02:46:38+00:00,2026-10-05,4434,-0.00429,,,-0.00651,,,-0.00731,,,
2026-09-30,9706,日本空港ビルデング,core,不動産業,,5448,8312013600,4595432350,1.809,-0.00493,-0.00548,near,,,,620,1,2026-10-04T02:46:38+00:00,2026-10-05,5320,0.00470,,,0.00249,,,0.00168,,,
2026-09-30,9735,セコム,leader,サービス業,,6194,10404681200,7830676700,1.329,-0.00258,0.00000,,,,,620,1,2026-10-04T02:46:38+00:00,2026-10-05,6258,-0.00128,,,-0.00349,,,-0.00413,,,
2026-09-30,9744,メイテックグループホールディングス,core,サービス業,,3300,3668940000,1497049750,2.451,-0.02019,0.00000,candidate,,,,620,1,2026-10-04T02:46:38+00:00,2026-10-05,3271,-0.01162,,,-0.01384,,,-0.01464,,,
2026-09-30,9759,ＮＳＤ,core,情報・通信業,,2946.5,1018899700,742098050,1.373,-0.01570,-0.00752,,,,,620,1,2026-10-04T02:46:38+00:00,2026-10-05,2946.5,0.00068,,,-0.00153,,,-0.00234,,,
2026-09-30,9766,コナミグループ,leader,情報・通信業,,21400,13259440000,9587931000,1.383,0.01542,0.00000,,,,,620,1,2026-10-04T02:46:38+00:00,2026-10-05,22635,-0.01900,,,-0.02121,,,-0.02185,,,
2026-09-30,9816,(株)ストライダーズ,hot,不動産業,2026-09-14,260,3120000,876550,3.559,0.01167,0.01167,candidate,,,,620,1,2026-10-04T02:46:38+00:00,2026-10-05,252,-0.01587,,,-0.01808,,,-0.01539,,,
2026-09-30,9831,ヤマダホールディングス,core,小売業,,713.4000244,3077536365,2706917337,1.137,-0.00516,-0.00349,,,,,620,1,2026-10-04T02:46:38+00:00,2026-10-05,703.2000122,0.01280,,,0.01059,,,0.00978,,,
2026-09-30,9843,ニトリホールディングス,leader,小売業,,2940,11725014000,10791140300,1.087,0.00358,-0.00614,,,,,620,1,2026-10-04T02:46:38+00:00,2026-10-05,3150,-0.00921,,,-0.01142,,,-0.01206,,,
2026-09-30,9861,吉野家ホールディングス,core,小売業,,3641,1477153700,1286628400,1.148,0.00469,-0.00110,,,,,620,1,2026-10-04T02:46:38+00:00,2026-10-05,3676,-0.00734,,,-0.00956,,,-0.01036,,,
2026-09-30,9934,因幡電機産業,core,卸売業,,3101,891847600,582014100,1.532,0.01439,0.00458,near,,,,620,1,2026-10-04T02:46:38+00:00,2026-10-05,3145,0.00572,,,0.00351,,,0.00270,,,
2026-09-30,9962,ミスミグループ本社,core,卸売業,,3859,4699104300,4802937350,0.978,0.00052,0.00804,,,,,620,1,2026-10-04T02:46:38+00:00,2026-10-05,4024,0.01715,,,0.01493,,,0.01413,,,
2026-09-30,9973,ＫＯＺＯホールディングス(株),hot,小売業,2026-09-14,19,7144000,9109000,0.784,0.00000,0.00000,,,,,620,1,2026-10-04T02:46:38+00:00,2026-10-05,19,0.00000,,,-0.00221,,,0.00047,,,
2026-09-30,9983,ファーストリテイリング,leader,小売業,,70860,115253790000,71185312500,1.619,0.03129,0.00349,near,,,,620,1,2026-10-04T02:46:38+00:00,2026-10-05,73010,0.02301,,,0.02080,,,0.02016,,,
2026-09-30,9984,ソフトバンクグループ,leader,情報・通信業,,6430,419200635000,402342902950,1.042,0.06545,0.04971,,,,,620,1,2026-10-04T02:46:38+00:00,2026-10-05,6476,0.00324,,,0.00102,,,0.00039,,,
2026-09-30,9987,スズケン,core,卸売業,,2595,1074070500,947170200,1.134,0.01486,0.00293,,,,,620,1,2026-10-04T02:46:38+00:00,2026-10-05,2562.5,0.00546,,,0.00324,,,0.00244,,,
2026-09-30,9989,サンドラッグ,core,小売業,,3577,2247786800,1819518350,1.235,0.00874,0.00226,,,,,620,1,2026-10-04T02:46:38+00:00,2026-10-05,3560,0.00253,,,0.00032,,,-0.00049,,,
