timestamp_jst,epoch,ticker,open,high,low,close,volume
2026-09-28 09:00:00,1790553600,6645.T,6289.0,6325.0,6289.0,6309.0,0
2026-09-28 09:01:00,1790553660,6645.T,6300.0,6313.0,6290.0,6313.0,6300
2026-09-28 09:02:00,1790553720,6645.T,6330.0,6335.0,6327.0,6331.0,3700
2026-09-28 09:03:00,1790553780,6645.T,6331.0,6346.0,6329.0,6346.0,3700
2026-09-28 09:04:00,1790553840,6645.T,6347.0,6353.0,6333.0,6333.0,11500
2026-09-28 09:05:00,1790553900,6645.T,6336.0,6348.0,6335.0,6348.0,0
2026-09-28 09:06:00,1790553960,6645.T,6349.0,6358.0,6343.0,6358.0,2900
2026-09-28 09:07:00,1790554020,6645.T,6358.0,6358.0,6339.0,6346.0,2100
2026-09-28 09:08:00,1790554080,6645.T,6348.0,6360.0,6345.0,6358.0,3800
2026-09-28 09:09:00,1790554140,6645.T,6354.0,6358.0,6341.0,6345.0,5900
2026-09-28 09:10:00,1790554200,6645.T,6350.0,6360.0,6348.0,6357.0,5400
2026-09-28 09:11:00,1790554260,6645.T,6355.0,6361.0,6353.0,6360.0,2400
2026-09-28 09:12:00,1790554320,6645.T,6359.0,6372.0,6359.0,6372.0,3900
2026-09-28 09:13:00,1790554380,6645.T,6370.0,6370.0,6364.0,6364.0,1200
2026-09-28 09:14:00,1790554440,6645.T,6363.0,6367.0,6362.0,6367.0,2900
2026-09-28 09:15:00,1790554500,6645.T,6369.0,6371.0,6359.0,6359.0,4700
2026-09-28 09:16:00,1790554560,6645.T,6361.0,6371.0,6361.0,6371.0,1600
2026-09-28 09:17:00,1790554620,6645.T,6372.0,6387.0,6372.0,6378.0,12000
2026-09-28 09:18:00,1790554680,6645.T,6381.0,6381.0,6372.0,6373.0,4400
2026-09-28 09:19:00,1790554740,6645.T,6373.0,6374.0,6363.0,6364.0,3100
2026-09-28 09:20:00,1790554800,6645.T,6366.0,6370.0,6364.0,6368.0,2100
2026-09-28 09:21:00,1790554860,6645.T,6370.0,6378.0,6365.0,6367.0,5300
2026-09-28 09:22:00,1790554920,6645.T,6366.0,6373.0,6366.0,6373.0,1800
2026-09-28 09:23:00,1790554980,6645.T,6372.0,6372.0,6369.0,6371.0,600
2026-09-28 09:24:00,1790555040,6645.T,6372.0,6377.0,6365.0,6365.0,3800
2026-09-28 09:25:00,1790555100,6645.T,6366.0,6378.0,6366.0,6372.0,2700
2026-09-28 09:26:00,1790555160,6645.T,6373.0,6380.0,6372.0,6378.0,1900
2026-09-28 09:27:00,1790555220,6645.T,6381.0,6386.0,6381.0,6382.0,1600
2026-09-28 09:28:00,1790555280,6645.T,6381.0,6387.0,6381.0,6386.0,800
2026-09-28 09:29:00,1790555340,6645.T,6385.0,6389.0,6379.0,6385.0,2900
2026-09-28 09:30:00,1790555400,6645.T,6386.0,6392.0,6384.0,6384.0,2200
2026-09-28 09:31:00,1790555460,6645.T,6381.0,6386.0,6373.0,6384.0,6800
2026-09-28 09:32:00,1790555520,6645.T,6382.0,6384.0,6377.0,6380.0,1200
2026-09-28 09:33:00,1790555580,6645.T,6378.0,6378.0,6370.0,6372.0,6200
2026-09-28 09:34:00,1790555640,6645.T,6371.0,6385.0,6371.0,6384.0,2500
2026-09-28 09:35:00,1790555700,6645.T,6384.0,6412.0,6384.0,6412.0,16000
2026-09-28 09:36:00,1790555760,6645.T,6414.0,6414.0,6402.0,6411.0,9900
2026-09-28 09:37:00,1790555820,6645.T,6410.0,6411.0,6403.0,6411.0,1700
2026-09-28 09:38:00,1790555880,6645.T,6408.0,6411.0,6402.0,6405.0,4400
2026-09-28 09:39:00,1790555940,6645.T,6408.0,6412.0,6406.0,6406.0,2500
2026-09-28 09:40:00,1790556000,6645.T,6408.0,6420.0,6408.0,6416.0,6700
2026-09-28 09:41:00,1790556060,6645.T,6417.0,6420.0,6412.0,6412.0,1700
2026-09-28 09:42:00,1790556120,6645.T,6419.0,6423.0,6413.0,6421.0,7100
2026-09-28 09:43:00,1790556180,6645.T,6422.0,6422.0,6420.0,6422.0,400
2026-09-28 09:44:00,1790556240,6645.T,6425.0,6425.0,6417.0,6417.0,5100
2026-09-28 09:45:00,1790556300,6645.T,6417.0,6424.0,6415.0,6422.0,3700
2026-09-28 09:46:00,1790556360,6645.T,6423.0,6428.0,6420.0,6427.0,7100
2026-09-28 09:47:00,1790556420,6645.T,6430.0,6434.0,6427.0,6432.0,13100
2026-09-28 09:48:00,1790556480,6645.T,6433.0,6436.0,6421.0,6421.0,5600
2026-09-28 09:49:00,1790556540,6645.T,6421.0,6428.0,6421.0,6423.0,3700
2026-09-28 09:50:00,1790556600,6645.T,6426.0,6438.0,6425.0,6436.0,5900
2026-09-28 09:51:00,1790556660,6645.T,6437.0,6437.0,6421.0,6424.0,5800
2026-09-28 09:52:00,1790556720,6645.T,6422.0,6427.0,6418.0,6418.0,2600
2026-09-28 09:53:00,1790556780,6645.T,6419.0,6419.0,6398.0,6399.0,3500
2026-09-28 09:54:00,1790556840,6645.T,6402.0,6406.0,6390.0,6390.0,2900
2026-09-28 09:55:00,1790556900,6645.T,6393.0,6402.0,6393.0,6398.0,2600
2026-09-28 09:56:00,1790556960,6645.T,6396.0,6400.0,6389.0,6393.0,2300
2026-09-28 09:57:00,1790557020,6645.T,6393.0,6419.0,6393.0,6419.0,6800
2026-09-28 09:58:00,1790557080,6645.T,6415.0,6424.0,6412.0,6414.0,5500
2026-09-28 09:59:00,1790557140,6645.T,6413.0,6415.0,6408.0,6411.0,5500
2026-09-28 10:00:00,1790557200,6645.T,6413.0,6417.0,6405.0,6415.0,6100
2026-09-28 10:01:00,1790557260,6645.T,6413.0,6417.0,6412.0,6414.0,2900
2026-09-28 10:02:00,1790557320,6645.T,6414.0,6417.0,6409.0,6409.0,3800
2026-09-28 10:03:00,1790557380,6645.T,6409.0,6414.0,6407.0,6410.0,2000
2026-09-28 10:04:00,1790557440,6645.T,6411.0,6412.0,6404.0,6404.0,3000
2026-09-28 10:05:00,1790557500,6645.T,6405.0,6405.0,6402.0,6402.0,1600
2026-09-28 10:06:00,1790557560,6645.T,6402.0,6402.0,6391.0,6391.0,2900
2026-09-28 10:07:00,1790557620,6645.T,6392.0,6402.0,6391.0,6398.0,4200
2026-09-28 10:08:00,1790557680,6645.T,6399.0,6403.0,6395.0,6403.0,2900
2026-09-28 10:09:00,1790557740,6645.T,6402.0,6402.0,6398.0,6400.0,1800
2026-09-28 10:10:00,1790557800,6645.T,6403.0,6406.0,6401.0,6403.0,3600
2026-09-28 10:11:00,1790557860,6645.T,6403.0,6408.0,6401.0,6408.0,2600
2026-09-28 10:12:00,1790557920,6645.T,6408.0,6413.0,6408.0,6411.0,2600
2026-09-28 10:13:00,1790557980,6645.T,6411.0,6412.0,6406.0,6406.0,1800
2026-09-28 10:14:00,1790558040,6645.T,6408.0,6408.0,6401.0,6401.0,2500
2026-09-28 10:15:00,1790558100,6645.T,6400.0,6400.0,6392.0,6396.0,2000
2026-09-28 10:16:00,1790558160,6645.T,6395.0,6397.0,6393.0,6394.0,2000
2026-09-28 10:17:00,1790558220,6645.T,6396.0,6402.0,6396.0,6399.0,4500
2026-09-28 10:18:00,1790558280,6645.T,6400.0,6402.0,6398.0,6400.0,1400
2026-09-28 10:19:00,1790558340,6645.T,6399.0,6402.0,6398.0,6398.0,2800
2026-09-28 10:20:00,1790558400,6645.T,6401.0,6401.0,6396.0,6396.0,2000
2026-09-28 10:21:00,1790558460,6645.T,6398.0,6406.0,6398.0,6406.0,2900
2026-09-28 10:22:00,1790558520,6645.T,6407.0,6408.0,6395.0,6395.0,5200
2026-09-28 10:23:00,1790558580,6645.T,6393.0,6398.0,6391.0,6392.0,2300
2026-09-28 10:24:00,1790558640,6645.T,6391.0,6391.0,6383.0,6383.0,2200
2026-09-28 10:25:00,1790558700,6645.T,6382.0,6385.0,6379.0,6384.0,2300
2026-09-28 10:26:00,1790558760,6645.T,6384.0,6387.0,6379.0,6387.0,2900
2026-09-28 10:27:00,1790558820,6645.T,6388.0,6390.0,6381.0,6387.0,5100
2026-09-28 10:28:00,1790558880,6645.T,6385.0,6389.0,6384.0,6389.0,700
2026-09-28 10:29:00,1790558940,6645.T,6389.0,6390.0,6386.0,6387.0,2400
2026-09-28 10:30:00,1790559000,6645.T,6386.0,6387.0,6382.0,6382.0,2300
2026-09-28 10:31:00,1790559060,6645.T,6384.0,6384.0,6379.0,6380.0,2000
2026-09-28 10:32:00,1790559120,6645.T,6379.0,6380.0,6374.0,6380.0,2500
2026-09-28 10:33:00,1790559180,6645.T,6382.0,6385.0,6380.0,6382.0,3100
2026-09-28 10:34:00,1790559240,6645.T,6381.0,6391.0,6378.0,6382.0,7100
2026-09-28 10:35:00,1790559300,6645.T,6380.0,6380.0,6375.0,6378.0,1000
2026-09-28 10:36:00,1790559360,6645.T,6385.0,6388.0,6380.0,6381.0,2900
2026-09-28 10:37:00,1790559420,6645.T,6379.0,6383.0,6378.0,6383.0,1000
2026-09-28 10:38:00,1790559480,6645.T,6384.0,6384.0,6379.0,6379.0,2500
2026-09-28 10:39:00,1790559540,6645.T,6382.0,6384.0,6382.0,6382.0,500
2026-09-28 10:40:00,1790559600,6645.T,6388.0,6388.0,6369.0,6369.0,6700
2026-09-28 10:41:00,1790559660,6645.T,6368.0,6372.0,6367.0,6372.0,1000
2026-09-28 10:42:00,1790559720,6645.T,6375.0,6376.0,6370.0,6370.0,1800
2026-09-28 10:43:00,1790559780,6645.T,6372.0,6372.0,6370.0,6371.0,1200
2026-09-28 10:44:00,1790559840,6645.T,6372.0,6373.0,6365.0,6365.0,2800
2026-09-28 10:45:00,1790559900,6645.T,6366.0,6377.0,6362.0,6377.0,9500
2026-09-28 10:46:00,1790559960,6645.T,6378.0,6384.0,6378.0,6383.0,5100
2026-09-28 10:47:00,1790560020,6645.T,6381.0,6381.0,6374.0,6379.0,4400
2026-09-28 10:48:00,1790560080,6645.T,6377.0,6381.0,6373.0,6373.0,2400
2026-09-28 10:49:00,1790560140,6645.T,6373.0,6373.0,6370.0,6373.0,1200
2026-09-28 10:50:00,1790560200,6645.T,6376.0,6376.0,6370.0,6370.0,1400
2026-09-28 10:51:00,1790560260,6645.T,6372.0,6377.0,6372.0,6377.0,600
2026-09-28 10:52:00,1790560320,6645.T,6378.0,6378.0,6373.0,6375.0,1200
2026-09-28 10:53:00,1790560380,6645.T,6379.0,6379.0,6376.0,6376.0,1500
2026-09-28 10:54:00,1790560440,6645.T,6374.0,6378.0,6374.0,6377.0,1100
2026-09-28 10:55:00,1790560500,6645.T,6380.0,6383.0,6373.0,6373.0,7000
2026-09-28 10:56:00,1790560560,6645.T,6376.0,6379.0,6376.0,6376.0,1100
2026-09-28 10:57:00,1790560620,6645.T,6377.0,6377.0,6373.0,6373.0,1600
2026-09-28 10:58:00,1790560680,6645.T,6376.0,6379.0,6374.0,6379.0,1900
2026-09-28 10:59:00,1790560740,6645.T,6378.0,6378.0,6373.0,6373.0,2200
2026-09-28 11:00:00,1790560800,6645.T,6373.0,6374.0,6366.0,6366.0,3100
2026-09-28 11:01:00,1790560860,6645.T,6366.0,6369.0,6365.0,6369.0,700
2026-09-28 11:02:00,1790560920,6645.T,6372.0,6372.0,6367.0,6367.0,1000
2026-09-28 11:03:00,1790560980,6645.T,6370.0,6371.0,6367.0,6370.0,1900
2026-09-28 11:04:00,1790561040,6645.T,6372.0,6377.0,6372.0,6377.0,1300
2026-09-28 11:05:00,1790561100,6645.T,6376.0,6381.0,6375.0,6380.0,1700
2026-09-28 11:06:00,1790561160,6645.T,6381.0,6382.0,6376.0,6380.0,3300
2026-09-28 11:07:00,1790561220,6645.T,6380.0,6390.0,6378.0,6385.0,4700
2026-09-28 11:08:00,1790561280,6645.T,6387.0,6389.0,6387.0,6387.0,800
2026-09-28 11:09:00,1790561340,6645.T,6385.0,6385.0,6381.0,6383.0,1300
2026-09-28 11:10:00,1790561400,6645.T,6386.0,6386.0,6380.0,6380.0,2600
2026-09-28 11:11:00,1790561460,6645.T,6383.0,6383.0,6375.0,6375.0,2000
2026-09-28 11:12:00,1790561520,6645.T,6380.0,6382.0,6380.0,6380.0,1900
2026-09-28 11:13:00,1790561580,6645.T,6382.0,6384.0,6382.0,6383.0,700
2026-09-28 11:14:00,1790561640,6645.T,6386.0,6389.0,6384.0,6388.0,1900
2026-09-28 11:15:00,1790561700,6645.T,6388.0,6392.0,6387.0,6388.0,5600
2026-09-28 11:16:00,1790561760,6645.T,6387.0,6389.0,6386.0,6389.0,900
2026-09-28 11:17:00,1790561820,6645.T,6388.0,6394.0,6387.0,6393.0,1700
2026-09-28 11:18:00,1790561880,6645.T,6392.0,6392.0,6388.0,6390.0,1800
2026-09-28 11:19:00,1790561940,6645.T,6388.0,6392.0,6387.0,6392.0,1800
2026-09-28 11:20:00,1790562000,6645.T,6390.0,6390.0,6387.0,6387.0,1700
2026-09-28 11:21:00,1790562060,6645.T,6390.0,6390.0,6388.0,6389.0,1400
2026-09-28 11:22:00,1790562120,6645.T,6391.0,6393.0,6391.0,6393.0,1100
2026-09-28 11:23:00,1790562180,6645.T,6391.0,6391.0,6390.0,6390.0,700
2026-09-28 11:24:00,1790562240,6645.T,6390.0,6390.0,6387.0,6388.0,1900
2026-09-28 11:25:00,1790562300,6645.T,6389.0,6389.0,6385.0,6385.0,1700
2026-09-28 11:26:00,1790562360,6645.T,6386.0,6388.0,6384.0,6385.0,1600
2026-09-28 11:27:00,1790562420,6645.T,6386.0,6388.0,6386.0,6388.0,1200
2026-09-28 11:28:00,1790562480,6645.T,6387.0,6388.0,6384.0,6385.0,1800
2026-09-28 11:29:00,1790562540,6645.T,6387.0,6389.0,6383.0,6384.0,1900
2026-09-28 11:30:00,1790562600,6645.T,6387.0,6387.0,6387.0,6387.0,200
2026-09-28 12:30:00,1790566200,6645.T,6360.0,6360.0,6333.0,6338.0,23700
2026-09-28 12:31:00,1790566260,6645.T,6340.0,6351.0,6340.0,6343.0,7400
2026-09-28 12:32:00,1790566320,6645.T,6345.0,6345.0,6332.0,6332.0,3200
2026-09-28 12:33:00,1790566380,6645.T,6330.0,6338.0,6330.0,6332.0,2300
2026-09-28 12:34:00,1790566440,6645.T,6336.0,6337.0,6330.0,6337.0,4100
2026-09-28 12:35:00,1790566500,6645.T,6336.0,6336.0,6333.0,6336.0,1100
2026-09-28 12:36:00,1790566560,6645.T,6336.0,6340.0,6336.0,6339.0,1000
2026-09-28 12:37:00,1790566620,6645.T,6340.0,6340.0,6336.0,6336.0,1500
2026-09-28 12:38:00,1790566680,6645.T,6339.0,6340.0,6335.0,6335.0,3200
2026-09-28 12:39:00,1790566740,6645.T,6336.0,6337.0,6334.0,6334.0,1200
2026-09-28 12:40:00,1790566800,6645.T,6335.0,6335.0,6334.0,6334.0,300
2026-09-28 12:41:00,1790566860,6645.T,6334.0,6334.0,6325.0,6325.0,3100
2026-09-28 12:42:00,1790566920,6645.T,6324.0,6325.0,6318.0,6318.0,1500
2026-09-28 12:43:00,1790566980,6645.T,6319.0,6320.0,6318.0,6318.0,1100
2026-09-28 12:44:00,1790567040,6645.T,6318.0,6322.0,6318.0,6319.0,2000
2026-09-28 12:45:00,1790567100,6645.T,6320.0,6321.0,6319.0,6320.0,800
2026-09-28 12:46:00,1790567160,6645.T,6322.0,6326.0,6321.0,6325.0,1500
2026-09-28 12:47:00,1790567220,6645.T,6324.0,6325.0,6323.0,6324.0,1400
2026-09-28 12:48:00,1790567280,6645.T,6328.0,6333.0,6328.0,6333.0,2500
2026-09-28 12:49:00,1790567340,6645.T,6332.0,6333.0,6332.0,6332.0,1100
2026-09-28 12:50:00,1790567400,6645.T,6332.0,6337.0,6331.0,6333.0,2300
2026-09-28 12:51:00,1790567460,6645.T,6333.0,6335.0,6328.0,6328.0,4100
2026-09-28 12:52:00,1790567520,6645.T,6329.0,6329.0,6327.0,6329.0,1600
2026-09-28 12:53:00,1790567580,6645.T,6332.0,6332.0,6331.0,6332.0,400
2026-09-28 12:54:00,1790567640,6645.T,6332.0,6335.0,6332.0,6335.0,1800
2026-09-28 12:55:00,1790567700,6645.T,6334.0,6334.0,6330.0,6331.0,1800
2026-09-28 12:56:00,1790567760,6645.T,6329.0,6330.0,6329.0,6329.0,300
2026-09-28 12:57:00,1790567820,6645.T,6329.0,6331.0,6329.0,6331.0,600
2026-09-28 12:58:00,1790567880,6645.T,6331.0,6331.0,6328.0,6328.0,2000
2026-09-28 12:59:00,1790567940,6645.T,6329.0,6329.0,6326.0,6326.0,1600
2026-09-28 13:00:00,1790568000,6645.T,6326.0,6326.0,6316.0,6316.0,3900
2026-09-28 13:01:00,1790568060,6645.T,6315.0,6321.0,6315.0,6320.0,1500
2026-09-28 13:02:00,1790568120,6645.T,6324.0,6324.0,6323.0,6323.0,300
2026-09-28 13:03:00,1790568180,6645.T,6323.0,6324.0,6323.0,6323.0,900
2026-09-28 13:04:00,1790568240,6645.T,6324.0,6324.0,6321.0,6324.0,1900
2026-09-28 13:05:00,1790568300,6645.T,6323.0,6326.0,6320.0,6325.0,4500
2026-09-28 13:06:00,1790568360,6645.T,6324.0,6324.0,6324.0,6324.0,400
2026-09-28 13:07:00,1790568420,6645.T,6321.0,6321.0,6319.0,6319.0,800
2026-09-28 13:08:00,1790568480,6645.T,6323.0,6324.0,6321.0,6322.0,1600
2026-09-28 13:09:00,1790568540,6645.T,6322.0,6324.0,6321.0,6323.0,600
2026-09-28 13:10:00,1790568600,6645.T,6325.0,6325.0,6325.0,6325.0,600
2026-09-28 13:11:00,1790568660,6645.T,6324.0,6329.0,6324.0,6327.0,1900
2026-09-28 13:12:00,1790568720,6645.T,6328.0,6332.0,6326.0,6332.0,4000
2026-09-28 13:13:00,1790568780,6645.T,6330.0,6331.0,6328.0,6328.0,600
2026-09-28 13:14:00,1790568840,6645.T,6329.0,6336.0,6328.0,6334.0,1800
2026-09-28 13:15:00,1790568900,6645.T,6336.0,6346.0,6336.0,6342.0,3900
2026-09-28 13:16:00,1790568960,6645.T,6342.0,6342.0,6335.0,6335.0,2700
2026-09-28 13:17:00,1790569020,6645.T,6338.0,6350.0,6338.0,6347.0,3200
2026-09-28 13:18:00,1790569080,6645.T,6347.0,6348.0,6343.0,6347.0,2800
2026-09-28 13:19:00,1790569140,6645.T,6347.0,6347.0,6342.0,6342.0,1000
2026-09-28 13:20:00,1790569200,6645.T,6343.0,6344.0,6342.0,6344.0,900
2026-09-28 13:21:00,1790569260,6645.T,6343.0,6343.0,6335.0,6336.0,4100
2026-09-28 13:22:00,1790569320,6645.T,6335.0,6339.0,6335.0,6337.0,1100
2026-09-28 13:23:00,1790569380,6645.T,6335.0,6336.0,6334.0,6335.0,1300
2026-09-28 13:24:00,1790569440,6645.T,6335.0,6339.0,6335.0,6337.0,2000
2026-09-28 13:25:00,1790569500,6645.T,6336.0,6341.0,6336.0,6337.0,1600
2026-09-28 13:26:00,1790569560,6645.T,6338.0,6342.0,6337.0,6337.0,4000
2026-09-28 13:27:00,1790569620,6645.T,6335.0,6339.0,6335.0,6339.0,600
2026-09-28 13:28:00,1790569680,6645.T,6339.0,6344.0,6339.0,6341.0,1400
2026-09-28 13:29:00,1790569740,6645.T,6341.0,6341.0,6338.0,6338.0,2100
2026-09-28 13:30:00,1790569800,6645.T,6337.0,6340.0,6335.0,6336.0,3200
2026-09-28 13:31:00,1790569860,6645.T,6337.0,6339.0,6335.0,6337.0,2100
2026-09-28 13:32:00,1790569920,6645.T,6337.0,6338.0,6335.0,6338.0,1100
2026-09-28 13:33:00,1790569980,6645.T,6340.0,6342.0,6340.0,6341.0,2100
2026-09-28 13:34:00,1790570040,6645.T,6342.0,6347.0,6341.0,6345.0,2900
2026-09-28 13:35:00,1790570100,6645.T,6348.0,6351.0,6347.0,6348.0,2400
2026-09-28 13:36:00,1790570160,6645.T,6346.0,6346.0,6344.0,6344.0,2000
2026-09-28 13:37:00,1790570220,6645.T,6348.0,6348.0,6343.0,6343.0,1500
2026-09-28 13:38:00,1790570280,6645.T,6345.0,6349.0,6345.0,6346.0,2300
2026-09-28 13:39:00,1790570340,6645.T,6349.0,6349.0,6345.0,6345.0,2200
2026-09-28 13:40:00,1790570400,6645.T,6348.0,6348.0,6346.0,6346.0,1500
2026-09-28 13:41:00,1790570460,6645.T,6346.0,6349.0,6344.0,6349.0,1400
2026-09-28 13:42:00,1790570520,6645.T,6349.0,6350.0,6349.0,6349.0,700
2026-09-28 13:43:00,1790570580,6645.T,6349.0,6349.0,6345.0,6345.0,3900
2026-09-28 13:44:00,1790570640,6645.T,6345.0,6346.0,6343.0,6346.0,900
2026-09-28 13:45:00,1790570700,6645.T,6345.0,6345.0,6344.0,6344.0,600
2026-09-28 13:46:00,1790570760,6645.T,6345.0,6345.0,6345.0,6345.0,100
2026-09-28 13:47:00,1790570820,6645.T,6345.0,6345.0,6343.0,6344.0,1800
2026-09-28 13:48:00,1790570880,6645.T,6343.0,6345.0,6341.0,6345.0,1800
2026-09-28 13:49:00,1790570940,6645.T,6346.0,6349.0,6344.0,6344.0,5700
2026-09-28 13:50:00,1790571000,6645.T,6345.0,6346.0,6345.0,6346.0,300
2026-09-28 13:51:00,1790571060,6645.T,6346.0,6347.0,6341.0,6345.0,3500
2026-09-28 13:52:00,1790571120,6645.T,6344.0,6347.0,6344.0,6347.0,500
2026-09-28 13:53:00,1790571180,6645.T,6346.0,6346.0,6344.0,6344.0,700
2026-09-28 13:54:00,1790571240,6645.T,6345.0,6345.0,6340.0,6341.0,2100
2026-09-28 13:55:00,1790571300,6645.T,6340.0,6340.0,6335.0,6335.0,3700
2026-09-28 13:56:00,1790571360,6645.T,6337.0,6343.0,6337.0,6342.0,3700
2026-09-28 13:57:00,1790571420,6645.T,6341.0,6341.0,6339.0,6341.0,1700
2026-09-28 13:58:00,1790571480,6645.T,6338.0,6339.0,6337.0,6338.0,900
2026-09-28 13:59:00,1790571540,6645.T,6339.0,6339.0,6337.0,6337.0,600
2026-09-28 14:00:00,1790571600,6645.T,6339.0,6343.0,6339.0,6342.0,3800
2026-09-28 14:01:00,1790571660,6645.T,6344.0,6348.0,6343.0,6347.0,3600
2026-09-28 14:02:00,1790571720,6645.T,6347.0,6350.0,6347.0,6348.0,700
2026-09-28 14:03:00,1790571780,6645.T,6348.0,6348.0,6341.0,6343.0,3600
2026-09-28 14:04:00,1790571840,6645.T,6344.0,6344.0,6344.0,6344.0,100
2026-09-28 14:05:00,1790571900,6645.T,6343.0,6343.0,6342.0,6342.0,2700
2026-09-28 14:06:00,1790571960,6645.T,6344.0,6350.0,6344.0,6348.0,1000
2026-09-28 14:07:00,1790572020,6645.T,6347.0,6347.0,6343.0,6347.0,2800
2026-09-28 14:08:00,1790572080,6645.T,6346.0,6347.0,6346.0,6346.0,700
2026-09-28 14:09:00,1790572140,6645.T,6348.0,6349.0,6346.0,6348.0,1700
2026-09-28 14:10:00,1790572200,6645.T,6349.0,6349.0,6346.0,6348.0,1000
2026-09-28 14:11:00,1790572260,6645.T,6346.0,6347.0,6345.0,6345.0,2500
2026-09-28 14:12:00,1790572320,6645.T,6344.0,6344.0,6340.0,6340.0,1800
2026-09-28 14:13:00,1790572380,6645.T,6340.0,6342.0,6339.0,6341.0,1700
2026-09-28 14:14:00,1790572440,6645.T,6340.0,6341.0,6339.0,6341.0,800
2026-09-28 14:15:00,1790572500,6645.T,6342.0,6345.0,6341.0,6345.0,1900
2026-09-28 14:16:00,1790572560,6645.T,6345.0,6346.0,6344.0,6344.0,600
2026-09-28 14:17:00,1790572620,6645.T,6344.0,6345.0,6340.0,6341.0,6500
2026-09-28 14:18:00,1790572680,6645.T,6340.0,6340.0,6338.0,6338.0,900
2026-09-28 14:19:00,1790572740,6645.T,6337.0,6338.0,6333.0,6333.0,2000
2026-09-28 14:20:00,1790572800,6645.T,6333.0,6334.0,6328.0,6331.0,2500
2026-09-28 14:21:00,1790572860,6645.T,6335.0,6337.0,6334.0,6336.0,1700
2026-09-28 14:22:00,1790572920,6645.T,6339.0,6339.0,6338.0,6338.0,700
2026-09-28 14:23:00,1790572980,6645.T,6337.0,6338.0,6335.0,6338.0,4000
2026-09-28 14:24:00,1790573040,6645.T,6339.0,6339.0,6337.0,6338.0,800
2026-09-28 14:25:00,1790573100,6645.T,6336.0,6338.0,6336.0,6337.0,1000
2026-09-28 14:26:00,1790573160,6645.T,6337.0,6338.0,6335.0,6338.0,2100
2026-09-28 14:27:00,1790573220,6645.T,6338.0,6338.0,6336.0,6338.0,3200
2026-09-28 14:28:00,1790573280,6645.T,6338.0,6341.0,6333.0,6333.0,4400
2026-09-28 14:29:00,1790573340,6645.T,6333.0,6333.0,6329.0,6331.0,1700
2026-09-28 14:30:00,1790573400,6645.T,6332.0,6332.0,6329.0,6330.0,1200
2026-09-28 14:31:00,1790573460,6645.T,6330.0,6330.0,6329.0,6329.0,1900
2026-09-28 14:32:00,1790573520,6645.T,6329.0,6335.0,6328.0,6335.0,2200
2026-09-28 14:33:00,1790573580,6645.T,6336.0,6339.0,6336.0,6336.0,2400
2026-09-28 14:34:00,1790573640,6645.T,6336.0,6336.0,6333.0,6333.0,700
2026-09-28 14:35:00,1790573700,6645.T,6335.0,6338.0,6335.0,6336.0,2500
2026-09-28 14:36:00,1790573760,6645.T,6335.0,6335.0,6331.0,6332.0,2200
2026-09-28 14:37:00,1790573820,6645.T,6331.0,6332.0,6331.0,6331.0,600
2026-09-28 14:38:00,1790573880,6645.T,6330.0,6330.0,6324.0,6324.0,3500
2026-09-28 14:39:00,1790573940,6645.T,6324.0,6328.0,6324.0,6327.0,1800
2026-09-28 14:40:00,1790574000,6645.T,6329.0,6329.0,6323.0,6327.0,3400
2026-09-28 14:41:00,1790574060,6645.T,6327.0,6328.0,6326.0,6328.0,500
2026-09-28 14:42:00,1790574120,6645.T,6329.0,6329.0,6326.0,6326.0,2800
2026-09-28 14:43:00,1790574180,6645.T,6326.0,6326.0,6324.0,6324.0,2500
2026-09-28 14:44:00,1790574240,6645.T,6324.0,6327.0,6322.0,6325.0,1500
2026-09-28 14:45:00,1790574300,6645.T,6325.0,6328.0,6323.0,6326.0,2400
2026-09-28 14:46:00,1790574360,6645.T,6325.0,6329.0,6324.0,6329.0,1900
2026-09-28 14:47:00,1790574420,6645.T,6329.0,6330.0,6326.0,6327.0,2600
2026-09-28 14:48:00,1790574480,6645.T,6328.0,6328.0,6326.0,6326.0,1500
2026-09-28 14:49:00,1790574540,6645.T,6325.0,6327.0,6324.0,6327.0,1100
2026-09-28 14:50:00,1790574600,6645.T,6329.0,6332.0,6327.0,6330.0,2300
2026-09-28 14:51:00,1790574660,6645.T,6331.0,6333.0,6327.0,6328.0,4500
2026-09-28 14:52:00,1790574720,6645.T,6328.0,6328.0,6324.0,6324.0,1000
2026-09-28 14:53:00,1790574780,6645.T,6325.0,6325.0,6322.0,6322.0,1300
2026-09-28 14:54:00,1790574840,6645.T,6322.0,6325.0,6322.0,6325.0,1700
2026-09-28 14:55:00,1790574900,6645.T,6324.0,6325.0,6321.0,6321.0,2900
2026-09-28 14:57:00,1790575020,6645.T,6323.0,6325.0,6321.0,6321.0,5700
2026-09-28 14:58:00,1790575080,6645.T,6323.0,6326.0,6323.0,6326.0,4200
2026-09-28 14:59:00,1790575140,6645.T,6327.0,6327.0,6324.0,6325.0,1800
2026-09-28 15:00:00,1790575200,6645.T,6324.0,6324.0,6319.0,6319.0,3500
2026-09-28 15:01:00,1790575260,6645.T,6319.0,6320.0,6318.0,6319.0,2300
2026-09-28 15:02:00,1790575320,6645.T,6319.0,6319.0,6310.0,6310.0,4100
2026-09-28 15:03:00,1790575380,6645.T,6312.0,6313.0,6310.0,6312.0,2200
2026-09-28 15:04:00,1790575440,6645.T,6312.0,6313.0,6306.0,6306.0,3600
2026-09-28 15:05:00,1790575500,6645.T,6305.0,6311.0,6304.0,6306.0,5400
2026-09-28 15:06:00,1790575560,6645.T,6306.0,6311.0,6306.0,6310.0,2400
2026-09-28 15:07:00,1790575620,6645.T,6309.0,6310.0,6305.0,6306.0,3800
2026-09-28 15:08:00,1790575680,6645.T,6309.0,6311.0,6308.0,6308.0,1900
2026-09-28 15:09:00,1790575740,6645.T,6309.0,6312.0,6304.0,6305.0,3100
2026-09-28 15:10:00,1790575800,6645.T,6305.0,6318.0,6305.0,6316.0,4600
2026-09-28 15:11:00,1790575860,6645.T,6316.0,6317.0,6312.0,6312.0,4700
2026-09-28 15:12:00,1790575920,6645.T,6312.0,6312.0,6308.0,6311.0,1500
2026-09-28 15:13:00,1790575980,6645.T,6311.0,6318.0,6310.0,6310.0,6500
2026-09-28 15:14:00,1790576040,6645.T,6311.0,6312.0,6310.0,6311.0,1500
2026-09-28 15:15:00,1790576100,6645.T,6310.0,6310.0,6307.0,6309.0,2600
2026-09-28 15:16:00,1790576160,6645.T,6310.0,6313.0,6310.0,6310.0,3600
2026-09-28 15:17:00,1790576220,6645.T,6309.0,6312.0,6309.0,6310.0,5000
2026-09-28 15:18:00,1790576280,6645.T,6309.0,6309.0,6304.0,6305.0,5000
2026-09-28 15:19:00,1790576340,6645.T,6306.0,6307.0,6301.0,6302.0,5300
2026-09-28 15:20:00,1790576400,6645.T,6301.0,6302.0,6293.0,6293.0,10600
2026-09-28 15:21:00,1790576460,6645.T,6295.0,6298.0,6293.0,6295.0,7900
2026-09-28 15:22:00,1790576520,6645.T,6297.0,6302.0,6297.0,6302.0,2900
2026-09-28 15:23:00,1790576580,6645.T,6301.0,6306.0,6301.0,6304.0,9600
2026-09-28 15:24:00,1790576640,6645.T,6305.0,6311.0,6302.0,6303.0,10400
2026-09-28 15:30:00,1790577000,6645.T,6280.0,6280.0,6280.0,6280.0,0
2026-09-29 09:05:00,1790640300,6645.T,6267.0,6293.0,6265.0,6265.0,0
2026-09-29 09:06:00,1790640360,6645.T,6266.0,6272.0,6258.0,6260.0,5000
2026-09-29 09:07:00,1790640420,6645.T,6260.0,6269.0,6253.0,6253.0,5300
2026-09-29 09:08:00,1790640480,6645.T,6253.0,6275.0,6253.0,6275.0,6400
2026-09-29 09:09:00,1790640540,6645.T,6274.0,6274.0,6260.0,6260.0,3400
2026-09-29 09:10:00,1790640600,6645.T,6256.0,6275.0,6249.0,6275.0,4600
2026-09-29 09:11:00,1790640660,6645.T,6274.0,6295.0,6272.0,6290.0,6700
2026-09-29 09:12:00,1790640720,6645.T,6293.0,6303.0,6291.0,6293.0,7100
2026-09-29 09:13:00,1790640780,6645.T,6293.0,6297.0,6285.0,6291.0,6500
2026-09-29 09:14:00,1790640840,6645.T,6291.0,6298.0,6288.0,6289.0,3500
2026-09-29 09:15:00,1790640900,6645.T,6287.0,6289.0,6272.0,6272.0,4600
2026-09-29 09:16:00,1790640960,6645.T,6269.0,6274.0,6264.0,6269.0,5100
2026-09-29 09:17:00,1790641020,6645.T,6265.0,6271.0,6263.0,6267.0,4300
2026-09-29 09:18:00,1790641080,6645.T,6269.0,6269.0,6265.0,6265.0,1800
2026-09-29 09:19:00,1790641140,6645.T,6264.0,6277.0,6261.0,6273.0,2700
2026-09-29 09:20:00,1790641200,6645.T,6270.0,6277.0,6270.0,6277.0,1300
2026-09-29 09:21:00,1790641260,6645.T,6277.0,6280.0,6276.0,6279.0,1000
2026-09-29 09:22:00,1790641320,6645.T,6277.0,6278.0,6268.0,6274.0,4000
2026-09-29 09:23:00,1790641380,6645.T,6279.0,6280.0,6265.0,6265.0,2100
2026-09-29 09:24:00,1790641440,6645.T,6267.0,6273.0,6266.0,6267.0,1400
2026-09-29 09:25:00,1790641500,6645.T,6266.0,6269.0,6256.0,6259.0,3900
2026-09-29 09:26:00,1790641560,6645.T,6257.0,6257.0,6250.0,6254.0,2600
2026-09-29 09:27:00,1790641620,6645.T,6253.0,6258.0,6250.0,6250.0,1700
2026-09-29 09:28:00,1790641680,6645.T,6256.0,6259.0,6250.0,6257.0,2900
2026-09-29 09:29:00,1790641740,6645.T,6256.0,6257.0,6248.0,6248.0,1500
2026-09-29 09:30:00,1790641800,6645.T,6249.0,6252.0,6245.0,6245.0,2000
2026-09-29 09:31:00,1790641860,6645.T,6248.0,6258.0,6248.0,6255.0,8500
2026-09-29 09:32:00,1790641920,6645.T,6253.0,6257.0,6251.0,6257.0,3500
2026-09-29 09:33:00,1790641980,6645.T,6260.0,6284.0,6260.0,6284.0,11800
2026-09-29 09:34:00,1790642040,6645.T,6281.0,6290.0,6276.0,6287.0,10600
2026-09-29 09:35:00,1790642100,6645.T,6284.0,6285.0,6280.0,6285.0,2300
2026-09-29 09:36:00,1790642160,6645.T,6282.0,6289.0,6282.0,6289.0,3200
2026-09-29 09:37:00,1790642220,6645.T,6286.0,6298.0,6285.0,6298.0,3600
2026-09-29 09:38:00,1790642280,6645.T,6296.0,6300.0,6290.0,6290.0,3000
2026-09-29 09:39:00,1790642340,6645.T,6290.0,6300.0,6290.0,6298.0,2900
2026-09-29 09:40:00,1790642400,6645.T,6295.0,6302.0,6295.0,6299.0,2700
2026-09-29 09:41:00,1790642460,6645.T,6300.0,6304.0,6292.0,6292.0,4700
2026-09-29 09:42:00,1790642520,6645.T,6291.0,6297.0,6291.0,6295.0,1800
2026-09-29 09:43:00,1790642580,6645.T,6297.0,6301.0,6291.0,6296.0,2300
2026-09-29 09:44:00,1790642640,6645.T,6296.0,6297.0,6278.0,6278.0,2400
2026-09-29 09:45:00,1790642700,6645.T,6278.0,6278.0,6270.0,6276.0,3200
2026-09-29 09:46:00,1790642760,6645.T,6274.0,6274.0,6269.0,6271.0,2300
2026-09-29 09:47:00,1790642820,6645.T,6271.0,6277.0,6271.0,6274.0,4200
2026-09-29 09:48:00,1790642880,6645.T,6274.0,6279.0,6274.0,6275.0,1800
2026-09-29 09:49:00,1790642940,6645.T,6278.0,6278.0,6265.0,6265.0,2500
2026-09-29 09:50:00,1790643000,6645.T,6266.0,6275.0,6265.0,6275.0,1600
2026-09-29 09:51:00,1790643060,6645.T,6274.0,6275.0,6270.0,6273.0,3800
2026-09-29 09:52:00,1790643120,6645.T,6273.0,6274.0,6269.0,6270.0,1400
2026-09-29 09:53:00,1790643180,6645.T,6271.0,6271.0,6269.0,6269.0,700
2026-09-29 09:54:00,1790643240,6645.T,6273.0,6282.0,6273.0,6281.0,1100
2026-09-29 09:55:00,1790643300,6645.T,6281.0,6289.0,6279.0,6279.0,2500
2026-09-29 09:56:00,1790643360,6645.T,6278.0,6280.0,6274.0,6279.0,1800
2026-09-29 09:57:00,1790643420,6645.T,6276.0,6277.0,6274.0,6275.0,1700
2026-09-29 09:58:00,1790643480,6645.T,6279.0,6283.0,6279.0,6283.0,1500
2026-09-29 09:59:00,1790643540,6645.T,6281.0,6289.0,6279.0,6286.0,1300
2026-09-29 10:00:00,1790643600,6645.T,6284.0,6301.0,6284.0,6297.0,16400
2026-09-29 10:01:00,1790643660,6645.T,6300.0,6300.0,6294.0,6297.0,2700
2026-09-29 10:02:00,1790643720,6645.T,6297.0,6300.0,6292.0,6297.0,4800
2026-09-29 10:03:00,1790643780,6645.T,6298.0,6300.0,6295.0,6295.0,1400
2026-09-29 10:04:00,1790643840,6645.T,6295.0,6299.0,6295.0,6298.0,1000
2026-09-29 10:05:00,1790643900,6645.T,6297.0,6300.0,6293.0,6293.0,1700
2026-09-29 10:06:00,1790643960,6645.T,6295.0,6295.0,6286.0,6286.0,1600
2026-09-29 10:07:00,1790644020,6645.T,6288.0,6288.0,6284.0,6288.0,600
2026-09-29 10:08:00,1790644080,6645.T,6286.0,6289.0,6283.0,6283.0,3400
2026-09-29 10:09:00,1790644140,6645.T,6280.0,6283.0,6280.0,6282.0,800
2026-09-29 10:10:00,1790644200,6645.T,6280.0,6285.0,6279.0,6285.0,700
2026-09-29 10:11:00,1790644260,6645.T,6281.0,6281.0,6270.0,6270.0,2100
2026-09-29 10:12:00,1790644320,6645.T,6267.0,6280.0,6267.0,6280.0,1600
2026-09-29 10:13:00,1790644380,6645.T,6280.0,6282.0,6277.0,6280.0,1500
2026-09-29 10:14:00,1790644440,6645.T,6286.0,6288.0,6286.0,6287.0,800
2026-09-29 10:15:00,1790644500,6645.T,6285.0,6288.0,6281.0,6281.0,1200
2026-09-29 10:16:00,1790644560,6645.T,6279.0,6283.0,6276.0,6282.0,2200
2026-09-29 10:17:00,1790644620,6645.T,6284.0,6284.0,6280.0,6282.0,900
2026-09-29 10:18:00,1790644680,6645.T,6284.0,6286.0,6282.0,6283.0,1200
2026-09-29 10:19:00,1790644740,6645.T,6281.0,6281.0,6275.0,6275.0,1800
2026-09-29 10:20:00,1790644800,6645.T,6276.0,6284.0,6275.0,6284.0,1800
2026-09-29 10:21:00,1790644860,6645.T,6280.0,6283.0,6279.0,6279.0,1800
2026-09-29 10:22:00,1790644920,6645.T,6284.0,6286.0,6283.0,6286.0,600
2026-09-29 10:23:00,1790644980,6645.T,6288.0,6292.0,6288.0,6289.0,4600
2026-09-29 10:24:00,1790645040,6645.T,6289.0,6289.0,6283.0,6284.0,1900
2026-09-29 10:25:00,1790645100,6645.T,6284.0,6285.0,6281.0,6284.0,1500
2026-09-29 10:26:00,1790645160,6645.T,6287.0,6287.0,6284.0,6284.0,1400
2026-09-29 10:27:00,1790645220,6645.T,6284.0,6284.0,6281.0,6282.0,800
2026-09-29 10:28:00,1790645280,6645.T,6280.0,6284.0,6278.0,6284.0,900
2026-09-29 10:29:00,1790645340,6645.T,6284.0,6289.0,6283.0,6289.0,1000
2026-09-29 10:30:00,1790645400,6645.T,6290.0,6294.0,6283.0,6292.0,2000
2026-09-29 10:31:00,1790645460,6645.T,6295.0,6309.0,6294.0,6305.0,12300
2026-09-29 10:32:00,1790645520,6645.T,6308.0,6312.0,6304.0,6308.0,11200
2026-09-29 10:33:00,1790645580,6645.T,6307.0,6307.0,6299.0,6299.0,1100
2026-09-29 10:34:00,1790645640,6645.T,6297.0,6306.0,6296.0,6305.0,2600
2026-09-29 10:35:00,1790645700,6645.T,6307.0,6307.0,6301.0,6304.0,2400
2026-09-29 10:36:00,1790645760,6645.T,6302.0,6302.0,6301.0,6301.0,800
2026-09-29 10:37:00,1790645820,6645.T,6306.0,6317.0,6306.0,6311.0,3400
2026-09-29 10:38:00,1790645880,6645.T,6311.0,6312.0,6311.0,6312.0,500
2026-09-29 10:39:00,1790645940,6645.T,6312.0,6313.0,6310.0,6311.0,1600
2026-09-29 10:40:00,1790646000,6645.T,6312.0,6318.0,6310.0,6312.0,2900
2026-09-29 10:41:00,1790646060,6645.T,6311.0,6311.0,6308.0,6308.0,1800
2026-09-29 10:42:00,1790646120,6645.T,6310.0,6311.0,6306.0,6308.0,2000
2026-09-29 10:43:00,1790646180,6645.T,6309.0,6311.0,6305.0,6310.0,1600
2026-09-29 10:44:00,1790646240,6645.T,6311.0,6319.0,6310.0,6317.0,700
2026-09-29 10:45:00,1790646300,6645.T,6318.0,6320.0,6314.0,6320.0,700
2026-09-29 10:46:00,1790646360,6645.T,6318.0,6318.0,6314.0,6316.0,2100
2026-09-29 10:47:00,1790646420,6645.T,6314.0,6318.0,6313.0,6315.0,2200
2026-09-29 10:48:00,1790646480,6645.T,6316.0,6318.0,6313.0,6313.0,1200
2026-09-29 10:49:00,1790646540,6645.T,6313.0,6330.0,6313.0,6324.0,5900
2026-09-29 10:50:00,1790646600,6645.T,6324.0,6324.0,6321.0,6324.0,600
2026-09-29 10:51:00,1790646660,6645.T,6323.0,6329.0,6322.0,6326.0,1700
2026-09-29 10:52:00,1790646720,6645.T,6325.0,6327.0,6324.0,6327.0,800
2026-09-29 10:53:00,1790646780,6645.T,6326.0,6333.0,6326.0,6328.0,3900
2026-09-29 10:54:00,1790646840,6645.T,6331.0,6337.0,6329.0,6337.0,2700
2026-09-29 10:55:00,1790646900,6645.T,6336.0,6336.0,6325.0,6326.0,1800
2026-09-29 10:56:00,1790646960,6645.T,6324.0,6327.0,6323.0,6327.0,1100
2026-09-29 10:57:00,1790647020,6645.T,6325.0,6328.0,6322.0,6328.0,3600
2026-09-29 10:58:00,1790647080,6645.T,6327.0,6331.0,6327.0,6329.0,1000
2026-09-29 10:59:00,1790647140,6645.T,6333.0,6336.0,6331.0,6336.0,1000
2026-09-29 11:00:00,1790647200,6645.T,6335.0,6339.0,6333.0,6333.0,2100
2026-09-29 11:01:00,1790647260,6645.T,6329.0,6330.0,6324.0,6330.0,2200
2026-09-29 11:02:00,1790647320,6645.T,6328.0,6332.0,6328.0,6332.0,1100
2026-09-29 11:03:00,1790647380,6645.T,6334.0,6334.0,6331.0,6332.0,1100
2026-09-29 11:04:00,1790647440,6645.T,6335.0,6336.0,6332.0,6333.0,1300
2026-09-29 11:05:00,1790647500,6645.T,6332.0,6337.0,6331.0,6332.0,1400
2026-09-29 11:06:00,1790647560,6645.T,6333.0,6335.0,6321.0,6321.0,5200
2026-09-29 11:07:00,1790647620,6645.T,6321.0,6323.0,6320.0,6320.0,900
2026-09-29 11:08:00,1790647680,6645.T,6317.0,6317.0,6313.0,6317.0,2700
2026-09-29 11:09:00,1790647740,6645.T,6317.0,6319.0,6313.0,6319.0,2300
2026-09-29 11:10:00,1790647800,6645.T,6320.0,6320.0,6314.0,6317.0,900
2026-09-29 11:11:00,1790647860,6645.T,6317.0,6318.0,6317.0,6317.0,800
2026-09-29 11:12:00,1790647920,6645.T,6316.0,6323.0,6315.0,6323.0,1300
2026-09-29 11:13:00,1790647980,6645.T,6323.0,6326.0,6323.0,6324.0,1000
2026-09-29 11:14:00,1790648040,6645.T,6325.0,6327.0,6324.0,6324.0,600
2026-09-29 11:15:00,1790648100,6645.T,6322.0,6322.0,6317.0,6320.0,1300
2026-09-29 11:16:00,1790648160,6645.T,6319.0,6319.0,6318.0,6318.0,700
2026-09-29 11:17:00,1790648220,6645.T,6319.0,6326.0,6319.0,6326.0,700
2026-09-29 11:18:00,1790648280,6645.T,6326.0,6327.0,6322.0,6327.0,1200
2026-09-29 11:19:00,1790648340,6645.T,6329.0,6332.0,6325.0,6332.0,1800
2026-09-29 11:20:00,1790648400,6645.T,6332.0,6332.0,6327.0,6328.0,2300
2026-09-29 11:21:00,1790648460,6645.T,6327.0,6328.0,6322.0,6322.0,1400
2026-09-29 11:22:00,1790648520,6645.T,6320.0,6323.0,6320.0,6323.0,900
2026-09-29 11:23:00,1790648580,6645.T,6321.0,6321.0,6317.0,6317.0,1000
2026-09-29 11:24:00,1790648640,6645.T,6320.0,6320.0,6317.0,6317.0,600
2026-09-29 11:25:00,1790648700,6645.T,6318.0,6335.0,6316.0,6333.0,10600
2026-09-29 11:26:00,1790648760,6645.T,6333.0,6334.0,6317.0,6317.0,17300
2026-09-29 11:27:00,1790648820,6645.T,6318.0,6321.0,6317.0,6319.0,1700
2026-09-29 11:28:00,1790648880,6645.T,6318.0,6320.0,6317.0,6320.0,600
2026-09-29 11:29:00,1790648940,6645.T,6319.0,6327.0,6319.0,6327.0,1900
2026-09-29 11:30:00,1790649000,6645.T,6327.0,6327.0,6327.0,6327.0,500
2026-09-29 12:30:00,1790652600,6645.T,6326.0,6331.0,6317.0,6331.0,13400
2026-09-29 12:31:00,1790652660,6645.T,6331.0,6334.0,6322.0,6330.0,6600
2026-09-29 12:32:00,1790652720,6645.T,6333.0,6333.0,6326.0,6328.0,1800
2026-09-29 12:33:00,1790652780,6645.T,6330.0,6334.0,6323.0,6329.0,3100
2026-09-29 12:34:00,1790652840,6645.T,6330.0,6335.0,6330.0,6330.0,500
2026-09-29 12:35:00,1790652900,6645.T,6328.0,6341.0,6324.0,6324.0,14700
2026-09-29 12:36:00,1790652960,6645.T,6324.0,6328.0,6322.0,6325.0,1500
2026-09-29 12:37:00,1790653020,6645.T,6330.0,6336.0,6330.0,6333.0,2000
2026-09-29 12:38:00,1790653080,6645.T,6335.0,6337.0,6334.0,6336.0,1800
2026-09-29 12:39:00,1790653140,6645.T,6337.0,6341.0,6336.0,6339.0,1000
2026-09-29 12:40:00,1790653200,6645.T,6338.0,6342.0,6338.0,6340.0,1700
2026-09-29 12:41:00,1790653260,6645.T,6342.0,6343.0,6339.0,6342.0,1900
2026-09-29 12:42:00,1790653320,6645.T,6342.0,6345.0,6342.0,6345.0,2200
2026-09-29 12:43:00,1790653380,6645.T,6343.0,6344.0,6341.0,6341.0,1000
2026-09-29 12:44:00,1790653440,6645.T,6343.0,6343.0,6338.0,6338.0,2200
2026-09-29 12:45:00,1790653500,6645.T,6339.0,6339.0,6330.0,6330.0,2500
2026-09-29 12:46:00,1790653560,6645.T,6330.0,6330.0,6324.0,6324.0,1500
2026-09-29 12:47:00,1790653620,6645.T,6324.0,6325.0,6323.0,6323.0,1100
2026-09-29 12:48:00,1790653680,6645.T,6323.0,6324.0,6322.0,6322.0,1400
2026-09-29 12:49:00,1790653740,6645.T,6323.0,6326.0,6320.0,6320.0,2100
2026-09-29 12:50:00,1790653800,6645.T,6319.0,6320.0,6315.0,6315.0,1900
2026-09-29 12:51:00,1790653860,6645.T,6315.0,6316.0,6314.0,6314.0,1000
2026-09-29 12:52:00,1790653920,6645.T,6316.0,6316.0,6314.0,6314.0,900
2026-09-29 12:53:00,1790653980,6645.T,6316.0,6318.0,6312.0,6312.0,1800
2026-09-29 12:54:00,1790654040,6645.T,6314.0,6315.0,6311.0,6312.0,1500
2026-09-29 12:55:00,1790654100,6645.T,6310.0,6310.0,6304.0,6304.0,1800
2026-09-29 12:57:00,1790654220,6645.T,6306.0,6307.0,6304.0,6304.0,3300
2026-09-29 12:58:00,1790654280,6645.T,6305.0,6305.0,6302.0,6302.0,600
2026-09-29 12:59:00,1790654340,6645.T,6302.0,6306.0,6300.0,6306.0,3400
2026-09-29 13:00:00,1790654400,6645.T,6306.0,6307.0,6303.0,6303.0,3500
2026-09-29 13:01:00,1790654460,6645.T,6303.0,6304.0,6301.0,6303.0,1400
2026-09-29 13:02:00,1790654520,6645.T,6302.0,6302.0,6298.0,6298.0,700
2026-09-29 13:03:00,1790654580,6645.T,6297.0,6299.0,6290.0,6291.0,1500
2026-09-29 13:05:00,1790654700,6645.T,6290.0,6290.0,6287.0,6289.0,2000
2026-09-29 13:06:00,1790654760,6645.T,6289.0,6290.0,6287.0,6290.0,1000
2026-09-29 13:07:00,1790654820,6645.T,6291.0,6292.0,6285.0,6285.0,1300
2026-09-29 13:08:00,1790654880,6645.T,6286.0,6291.0,6286.0,6290.0,1000
2026-09-29 13:09:00,1790654940,6645.T,6289.0,6294.0,6287.0,6294.0,1600
2026-09-29 13:10:00,1790655000,6645.T,6292.0,6293.0,6291.0,6293.0,1000
2026-09-29 13:11:00,1790655060,6645.T,6291.0,6301.0,6291.0,6291.0,5200
2026-09-29 13:12:00,1790655120,6645.T,6292.0,6292.0,6290.0,6290.0,600
2026-09-29 13:13:00,1790655180,6645.T,6288.0,6294.0,6287.0,6293.0,3200
2026-09-29 13:14:00,1790655240,6645.T,6292.0,6293.0,6291.0,6291.0,900
2026-09-29 13:15:00,1790655300,6645.T,6290.0,6292.0,6290.0,6290.0,1100
2026-09-29 13:16:00,1790655360,6645.T,6290.0,6292.0,6290.0,6292.0,300
2026-09-29 13:17:00,1790655420,6645.T,6293.0,6293.0,6291.0,6291.0,700
2026-09-29 13:18:00,1790655480,6645.T,6291.0,6303.0,6290.0,6302.0,6100
2026-09-29 13:19:00,1790655540,6645.T,6303.0,6303.0,6302.0,6302.0,600
2026-09-29 13:20:00,1790655600,6645.T,6303.0,6303.0,6296.0,6296.0,2200
2026-09-29 13:21:00,1790655660,6645.T,6296.0,6297.0,6295.0,6295.0,1000
2026-09-29 13:22:00,1790655720,6645.T,6296.0,6296.0,6289.0,6291.0,1000
2026-09-29 13:23:00,1790655780,6645.T,6290.0,6290.0,6287.0,6287.0,1200
2026-09-29 13:24:00,1790655840,6645.T,6289.0,6290.0,6286.0,6288.0,1000
2026-09-29 13:25:00,1790655900,6645.T,6290.0,6291.0,6288.0,6288.0,800
2026-09-29 13:26:00,1790655960,6645.T,6289.0,6294.0,6286.0,6294.0,3800
2026-09-29 13:27:00,1790656020,6645.T,6293.0,6297.0,6293.0,6297.0,900
2026-09-29 13:28:00,1790656080,6645.T,6295.0,6296.0,6293.0,6293.0,800
2026-09-29 13:29:00,1790656140,6645.T,6292.0,6296.0,6292.0,6293.0,1600
2026-09-29 13:30:00,1790656200,6645.T,6295.0,6295.0,6289.0,6293.0,1700
2026-09-29 13:31:00,1790656260,6645.T,6292.0,6292.0,6288.0,6288.0,900
2026-09-29 13:32:00,1790656320,6645.T,6289.0,6293.0,6288.0,6292.0,2300
2026-09-29 13:33:00,1790656380,6645.T,6294.0,6301.0,6294.0,6300.0,1600
2026-09-29 13:34:00,1790656440,6645.T,6302.0,6304.0,6299.0,6303.0,1500
2026-09-29 13:35:00,1790656500,6645.T,6301.0,6303.0,6298.0,6298.0,3100
2026-09-29 13:36:00,1790656560,6645.T,6299.0,6300.0,6299.0,6299.0,600
2026-09-29 13:37:00,1790656620,6645.T,6301.0,6301.0,6298.0,6301.0,1000
2026-09-29 13:38:00,1790656680,6645.T,6298.0,6299.0,6296.0,6299.0,1000
2026-09-29 13:39:00,1790656740,6645.T,6296.0,6296.0,6295.0,6296.0,400
2026-09-29 13:40:00,1790656800,6645.T,6296.0,6296.0,6294.0,6294.0,600
2026-09-29 13:41:00,1790656860,6645.T,6294.0,6296.0,6293.0,6294.0,1500
2026-09-29 13:42:00,1790656920,6645.T,6293.0,6295.0,6291.0,6293.0,1200
2026-09-29 13:43:00,1790656980,6645.T,6292.0,6293.0,6292.0,6293.0,400
2026-09-29 13:44:00,1790657040,6645.T,6295.0,6297.0,6294.0,6296.0,1600
2026-09-29 13:45:00,1790657100,6645.T,6296.0,6296.0,6290.0,6290.0,1600
2026-09-29 13:46:00,1790657160,6645.T,6291.0,6291.0,6288.0,6289.0,2000
2026-09-29 13:47:00,1790657220,6645.T,6288.0,6288.0,6287.0,6288.0,1100
2026-09-29 13:48:00,1790657280,6645.T,6289.0,6293.0,6289.0,6291.0,2400
2026-09-29 13:49:00,1790657340,6645.T,6293.0,6293.0,6290.0,6290.0,1200
2026-09-29 13:50:00,1790657400,6645.T,6290.0,6292.0,6286.0,6292.0,3500
2026-09-29 13:51:00,1790657460,6645.T,6291.0,6294.0,6289.0,6294.0,1900
2026-09-29 13:52:00,1790657520,6645.T,6295.0,6296.0,6293.0,6293.0,1000
2026-09-29 13:53:00,1790657580,6645.T,6294.0,6296.0,6294.0,6294.0,400
2026-09-29 13:54:00,1790657640,6645.T,6295.0,6297.0,6295.0,6297.0,300
2026-09-29 13:55:00,1790657700,6645.T,6297.0,6298.0,6296.0,6297.0,900
2026-09-29 13:56:00,1790657760,6645.T,6297.0,6297.0,6295.0,6295.0,800
2026-09-29 13:57:00,1790657820,6645.T,6295.0,6296.0,6294.0,6295.0,1300
2026-09-29 13:58:00,1790657880,6645.T,6295.0,6297.0,6295.0,6297.0,1100
2026-09-29 13:59:00,1790657940,6645.T,6298.0,6298.0,6295.0,6296.0,1100
2026-09-29 14:00:00,1790658000,6645.T,6296.0,6303.0,6296.0,6303.0,2000
2026-09-29 14:01:00,1790658060,6645.T,6301.0,6307.0,6300.0,6307.0,2100
2026-09-29 14:02:00,1790658120,6645.T,6307.0,6311.0,6307.0,6308.0,1400
2026-09-29 14:03:00,1790658180,6645.T,6310.0,6310.0,6302.0,6306.0,2800
2026-09-29 14:04:00,1790658240,6645.T,6304.0,6306.0,6303.0,6305.0,1700
2026-09-29 14:05:00,1790658300,6645.T,6305.0,6310.0,6304.0,6310.0,1300
2026-09-29 14:06:00,1790658360,6645.T,6310.0,6310.0,6306.0,6307.0,1500
2026-09-29 14:07:00,1790658420,6645.T,6305.0,6308.0,6305.0,6308.0,400
2026-09-29 14:08:00,1790658480,6645.T,6308.0,6308.0,6305.0,6305.0,2200
2026-09-29 14:09:00,1790658540,6645.T,6304.0,6307.0,6304.0,6305.0,1200
2026-09-29 14:10:00,1790658600,6645.T,6304.0,6304.0,6302.0,6304.0,800
2026-09-29 14:11:00,1790658660,6645.T,6302.0,6305.0,6302.0,6303.0,1100
2026-09-29 14:12:00,1790658720,6645.T,6303.0,6303.0,6302.0,6302.0,500
2026-09-29 14:13:00,1790658780,6645.T,6302.0,6306.0,6300.0,6304.0,2600
2026-09-29 14:15:00,1790658900,6645.T,6306.0,6308.0,6300.0,6300.0,2200
2026-09-29 14:16:00,1790658960,6645.T,6304.0,6307.0,6304.0,6305.0,800
2026-09-29 14:17:00,1790659020,6645.T,6306.0,6309.0,6304.0,6309.0,1200
2026-09-29 14:18:00,1790659080,6645.T,6310.0,6310.0,6307.0,6308.0,1100
2026-09-29 14:19:00,1790659140,6645.T,6309.0,6309.0,6308.0,6308.0,600
2026-09-29 14:20:00,1790659200,6645.T,6307.0,6308.0,6305.0,6308.0,1000
2026-09-29 14:21:00,1790659260,6645.T,6308.0,6309.0,6306.0,6309.0,800
2026-09-29 14:22:00,1790659320,6645.T,6308.0,6313.0,6308.0,6312.0,2300
2026-09-29 14:23:00,1790659380,6645.T,6313.0,6317.0,6313.0,6317.0,1600
2026-09-29 14:24:00,1790659440,6645.T,6315.0,6316.0,6313.0,6316.0,2700
2026-09-29 14:25:00,1790659500,6645.T,6317.0,6321.0,6314.0,6316.0,5800
2026-09-29 14:26:00,1790659560,6645.T,6315.0,6317.0,6314.0,6314.0,1400
2026-09-29 14:27:00,1790659620,6645.T,6315.0,6315.0,6313.0,6313.0,1800
2026-09-29 14:28:00,1790659680,6645.T,6315.0,6315.0,6311.0,6312.0,2100
2026-09-29 14:29:00,1790659740,6645.T,6312.0,6312.0,6308.0,6310.0,1500
2026-09-29 14:30:00,1790659800,6645.T,6308.0,6309.0,6304.0,6306.0,2400
2026-09-29 14:31:00,1790659860,6645.T,6305.0,6310.0,6305.0,6307.0,2900
2026-09-29 14:32:00,1790659920,6645.T,6306.0,6312.0,6305.0,6309.0,2000
2026-09-29 14:33:00,1790659980,6645.T,6307.0,6310.0,6304.0,6308.0,6400
2026-09-29 14:34:00,1790660040,6645.T,6308.0,6310.0,6302.0,6305.0,2200
2026-09-29 14:35:00,1790660100,6645.T,6304.0,6307.0,6303.0,6305.0,2400
2026-09-29 14:36:00,1790660160,6645.T,6306.0,6308.0,6304.0,6304.0,2800
2026-09-29 14:37:00,1790660220,6645.T,6304.0,6314.0,6302.0,6314.0,4100
2026-09-29 14:38:00,1790660280,6645.T,6315.0,6317.0,6312.0,6317.0,2800
2026-09-29 14:39:00,1790660340,6645.T,6316.0,6324.0,6315.0,6324.0,2600
2026-09-29 14:40:00,1790660400,6645.T,6325.0,6326.0,6321.0,6326.0,6100
2026-09-29 14:41:00,1790660460,6645.T,6327.0,6329.0,6324.0,6328.0,2600
2026-09-29 14:42:00,1790660520,6645.T,6328.0,6329.0,6326.0,6328.0,1200
2026-09-29 14:43:00,1790660580,6645.T,6329.0,6330.0,6325.0,6330.0,3800
2026-09-29 14:44:00,1790660640,6645.T,6331.0,6336.0,6328.0,6328.0,4800
2026-09-29 14:45:00,1790660700,6645.T,6328.0,6328.0,6321.0,6323.0,3000
2026-09-29 14:46:00,1790660760,6645.T,6322.0,6327.0,6322.0,6325.0,2100
2026-09-29 14:47:00,1790660820,6645.T,6325.0,6326.0,6323.0,6326.0,1500
2026-09-29 14:48:00,1790660880,6645.T,6325.0,6328.0,6325.0,6327.0,3200
2026-09-29 14:49:00,1790660940,6645.T,6326.0,6332.0,6326.0,6331.0,2500
2026-09-29 14:50:00,1790661000,6645.T,6330.0,6331.0,6328.0,6330.0,3000
2026-09-29 14:51:00,1790661060,6645.T,6332.0,6334.0,6329.0,6329.0,3800
2026-09-29 14:52:00,1790661120,6645.T,6330.0,6331.0,6327.0,6327.0,2300
2026-09-29 14:53:00,1790661180,6645.T,6326.0,6329.0,6324.0,6329.0,1800
2026-09-29 14:54:00,1790661240,6645.T,6330.0,6331.0,6329.0,6329.0,2800
2026-09-29 14:55:00,1790661300,6645.T,6329.0,6329.0,6321.0,6326.0,5500
2026-09-29 14:56:00,1790661360,6645.T,6325.0,6326.0,6321.0,6323.0,3000
2026-09-29 14:57:00,1790661420,6645.T,6323.0,6325.0,6322.0,6322.0,2500
2026-09-29 14:58:00,1790661480,6645.T,6323.0,6323.0,6320.0,6321.0,3300
2026-09-29 14:59:00,1790661540,6645.T,6322.0,6324.0,6319.0,6320.0,3000
2026-09-29 15:00:00,1790661600,6645.T,6319.0,6320.0,6312.0,6318.0,5900
2026-09-29 15:01:00,1790661660,6645.T,6319.0,6325.0,6319.0,6323.0,2800
2026-09-29 15:02:00,1790661720,6645.T,6324.0,6324.0,6317.0,6317.0,3900
2026-09-29 15:03:00,1790661780,6645.T,6320.0,6323.0,6320.0,6321.0,3600
2026-09-29 15:04:00,1790661840,6645.T,6322.0,6325.0,6321.0,6325.0,3200
2026-09-29 15:05:00,1790661900,6645.T,6324.0,6325.0,6320.0,6321.0,2800
2026-09-29 15:06:00,1790661960,6645.T,6321.0,6321.0,6318.0,6321.0,4100
2026-09-29 15:07:00,1790662020,6645.T,6321.0,6321.0,6317.0,6319.0,3700
2026-09-29 15:08:00,1790662080,6645.T,6321.0,6323.0,6317.0,6319.0,3700
2026-09-29 15:09:00,1790662140,6645.T,6320.0,6335.0,6320.0,6335.0,7100
2026-09-29 15:10:00,1790662200,6645.T,6334.0,6339.0,6333.0,6337.0,2800
2026-09-29 15:11:00,1790662260,6645.T,6338.0,6343.0,6336.0,6343.0,8600
2026-09-29 15:12:00,1790662320,6645.T,6342.0,6344.0,6342.0,6343.0,3000
2026-09-29 15:13:00,1790662380,6645.T,6343.0,6352.0,6343.0,6350.0,10400
2026-09-29 15:14:00,1790662440,6645.T,6354.0,6355.0,6349.0,6349.0,4500
2026-09-29 15:15:00,1790662500,6645.T,6349.0,6350.0,6347.0,6348.0,2100
2026-09-29 15:16:00,1790662560,6645.T,6348.0,6348.0,6342.0,6342.0,5500
2026-09-29 15:17:00,1790662620,6645.T,6342.0,6342.0,6338.0,6341.0,5500
2026-09-29 15:18:00,1790662680,6645.T,6339.0,6347.0,6338.0,6341.0,9900
2026-09-29 15:19:00,1790662740,6645.T,6341.0,6351.0,6340.0,6351.0,5100
2026-09-29 15:20:00,1790662800,6645.T,6349.0,6350.0,6346.0,6347.0,8000
2026-09-29 15:21:00,1790662860,6645.T,6348.0,6355.0,6347.0,6355.0,6000
2026-09-29 15:22:00,1790662920,6645.T,6356.0,6363.0,6353.0,6361.0,10100
2026-09-29 15:23:00,1790662980,6645.T,6360.0,6363.0,6355.0,6362.0,6700
2026-09-29 15:24:00,1790663040,6645.T,6361.0,6370.0,6356.0,6362.0,16700
2026-09-29 15:30:00,1790663400,6645.T,6374.0,6374.0,6374.0,6374.0,0
2026-09-30 09:05:00,1790726700,6645.T,6504.0,6515.0,6498.0,6515.0,0
2026-09-30 09:06:00,1790726760,6645.T,6515.0,6518.0,6492.0,6492.0,8100
2026-09-30 09:07:00,1790726820,6645.T,6493.0,6493.0,6480.0,6487.0,3300
2026-09-30 09:08:00,1790726880,6645.T,6488.0,6495.0,6483.0,6483.0,4100
2026-09-30 09:09:00,1790726940,6645.T,6489.0,6494.0,6470.0,6470.0,2500
2026-09-30 09:10:00,1790727000,6645.T,6465.0,6465.0,6446.0,6454.0,9100
2026-09-30 09:11:00,1790727060,6645.T,6450.0,6456.0,6443.0,6452.0,2900
2026-09-30 09:12:00,1790727120,6645.T,6454.0,6462.0,6449.0,6455.0,2600
2026-09-30 09:13:00,1790727180,6645.T,6454.0,6461.0,6448.0,6449.0,2400
2026-09-30 09:14:00,1790727240,6645.T,6449.0,6450.0,6432.0,6432.0,2300
2026-09-30 09:15:00,1790727300,6645.T,6436.0,6437.0,6431.0,6432.0,3700
2026-09-30 09:16:00,1790727360,6645.T,6434.0,6434.0,6423.0,6432.0,17300
2026-09-30 09:17:00,1790727420,6645.T,6429.0,6429.0,6414.0,6417.0,3400
2026-09-30 09:18:00,1790727480,6645.T,6412.0,6423.0,6410.0,6417.0,1700
2026-09-30 09:19:00,1790727540,6645.T,6416.0,6430.0,6415.0,6424.0,3000
2026-09-30 09:20:00,1790727600,6645.T,6431.0,6436.0,6420.0,6428.0,3900
2026-09-30 09:21:00,1790727660,6645.T,6430.0,6440.0,6430.0,6440.0,2300
2026-09-30 09:22:00,1790727720,6645.T,6436.0,6439.0,6435.0,6435.0,1000
2026-09-30 09:23:00,1790727780,6645.T,6436.0,6441.0,6431.0,6432.0,4500
2026-09-30 09:24:00,1790727840,6645.T,6433.0,6433.0,6428.0,6431.0,1400
2026-09-30 09:25:00,1790727900,6645.T,6431.0,6434.0,6427.0,6429.0,3100
2026-09-30 09:26:00,1790727960,6645.T,6432.0,6432.0,6423.0,6426.0,3200
2026-09-30 09:27:00,1790728020,6645.T,6425.0,6433.0,6423.0,6432.0,2200
2026-09-30 09:28:00,1790728080,6645.T,6432.0,6432.0,6424.0,6425.0,3300
2026-09-30 09:29:00,1790728140,6645.T,6432.0,6435.0,6424.0,6425.0,2300
2026-09-30 09:30:00,1790728200,6645.T,6427.0,6432.0,6426.0,6432.0,4100
2026-09-30 09:31:00,1790728260,6645.T,6433.0,6442.0,6433.0,6442.0,700
2026-09-30 09:32:00,1790728320,6645.T,6443.0,6452.0,6441.0,6442.0,3400
2026-09-30 09:33:00,1790728380,6645.T,6442.0,6444.0,6438.0,6444.0,900
2026-09-30 09:34:00,1790728440,6645.T,6445.0,6445.0,6434.0,6435.0,2000
2026-09-30 09:35:00,1790728500,6645.T,6432.0,6436.0,6430.0,6434.0,1600
2026-09-30 09:36:00,1790728560,6645.T,6435.0,6438.0,6433.0,6433.0,700
2026-09-30 09:37:00,1790728620,6645.T,6430.0,6430.0,6424.0,6425.0,1700
2026-09-30 09:38:00,1790728680,6645.T,6423.0,6429.0,6423.0,6428.0,1800
2026-09-30 09:39:00,1790728740,6645.T,6424.0,6433.0,6423.0,6433.0,4700
2026-09-30 09:40:00,1790728800,6645.T,6434.0,6434.0,6423.0,6427.0,1500
2026-09-30 09:41:00,1790728860,6645.T,6429.0,6433.0,6429.0,6432.0,500
2026-09-30 09:42:00,1790728920,6645.T,6431.0,6434.0,6428.0,6434.0,1400
2026-09-30 09:43:00,1790728980,6645.T,6432.0,6433.0,6426.0,6430.0,5900
2026-09-30 09:44:00,1790729040,6645.T,6430.0,6434.0,6424.0,6426.0,2400
2026-09-30 09:45:00,1790729100,6645.T,6424.0,6428.0,6424.0,6426.0,1600
2026-09-30 09:46:00,1790729160,6645.T,6424.0,6432.0,6423.0,6427.0,4100
2026-09-30 09:47:00,1790729220,6645.T,6425.0,6425.0,6417.0,6421.0,8000
2026-09-30 09:48:00,1790729280,6645.T,6421.0,6421.0,6395.0,6395.0,9400
2026-09-30 09:49:00,1790729340,6645.T,6393.0,6409.0,6391.0,6409.0,2900
2026-09-30 09:50:00,1790729400,6645.T,6410.0,6414.0,6410.0,6414.0,600
2026-09-30 09:51:00,1790729460,6645.T,6413.0,6413.0,6409.0,6412.0,800
2026-09-30 09:52:00,1790729520,6645.T,6414.0,6422.0,6411.0,6422.0,1200
2026-09-30 09:53:00,1790729580,6645.T,6421.0,6423.0,6416.0,6423.0,900
2026-09-30 09:54:00,1790729640,6645.T,6425.0,6425.0,6421.0,6424.0,1100
2026-09-30 09:55:00,1790729700,6645.T,6423.0,6426.0,6421.0,6425.0,900
2026-09-30 09:56:00,1790729760,6645.T,6425.0,6425.0,6412.0,6418.0,3000
2026-09-30 09:57:00,1790729820,6645.T,6416.0,6418.0,6408.0,6414.0,2100
2026-09-30 09:58:00,1790729880,6645.T,6415.0,6419.0,6415.0,6418.0,900
2026-09-30 09:59:00,1790729940,6645.T,6418.0,6422.0,6412.0,6422.0,2200
2026-09-30 10:00:00,1790730000,6645.T,6423.0,6424.0,6417.0,6421.0,1700
2026-09-30 10:01:00,1790730060,6645.T,6422.0,6429.0,6422.0,6425.0,1800
2026-09-30 10:02:00,1790730120,6645.T,6426.0,6427.0,6421.0,6421.0,4900
2026-09-30 10:03:00,1790730180,6645.T,6421.0,6425.0,6417.0,6423.0,3000
2026-09-30 10:04:00,1790730240,6645.T,6421.0,6425.0,6419.0,6420.0,1100
2026-09-30 10:05:00,1790730300,6645.T,6419.0,6423.0,6418.0,6422.0,2000
2026-09-30 10:06:00,1790730360,6645.T,6417.0,6421.0,6410.0,6413.0,4100
2026-09-30 10:07:00,1790730420,6645.T,6413.0,6414.0,6407.0,6412.0,2100
2026-09-30 10:08:00,1790730480,6645.T,6412.0,6417.0,6410.0,6413.0,1600
2026-09-30 10:09:00,1790730540,6645.T,6415.0,6418.0,6412.0,6418.0,1700
2026-09-30 10:10:00,1790730600,6645.T,6415.0,6415.0,6408.0,6413.0,2800
2026-09-30 10:11:00,1790730660,6645.T,6412.0,6414.0,6407.0,6409.0,1300
2026-09-30 10:12:00,1790730720,6645.T,6409.0,6411.0,6406.0,6406.0,1700
2026-09-30 10:13:00,1790730780,6645.T,6409.0,6415.0,6407.0,6415.0,900
2026-09-30 10:14:00,1790730840,6645.T,6417.0,6419.0,6412.0,6412.0,1700
2026-09-30 10:15:00,1790730900,6645.T,6409.0,6409.0,6398.0,6402.0,7100
2026-09-30 10:16:00,1790730960,6645.T,6401.0,6411.0,6401.0,6408.0,1900
2026-09-30 10:17:00,1790731020,6645.T,6410.0,6410.0,6406.0,6406.0,300
2026-09-30 10:18:00,1790731080,6645.T,6407.0,6407.0,6397.0,6397.0,2300
2026-09-30 10:19:00,1790731140,6645.T,6402.0,6402.0,6395.0,6400.0,1100
2026-09-30 10:20:00,1790731200,6645.T,6401.0,6406.0,6401.0,6403.0,900
2026-09-30 10:21:00,1790731260,6645.T,6407.0,6410.0,6407.0,6409.0,1400
2026-09-30 10:22:00,1790731320,6645.T,6408.0,6408.0,6406.0,6406.0,500
2026-09-30 10:23:00,1790731380,6645.T,6405.0,6406.0,6402.0,6406.0,600
2026-09-30 10:24:00,1790731440,6645.T,6407.0,6407.0,6401.0,6404.0,800
2026-09-30 10:25:00,1790731500,6645.T,6401.0,6419.0,6398.0,6419.0,6600
2026-09-30 10:26:00,1790731560,6645.T,6419.0,6422.0,6417.0,6420.0,1300
2026-09-30 10:27:00,1790731620,6645.T,6418.0,6418.0,6412.0,6414.0,1500
2026-09-30 10:28:00,1790731680,6645.T,6413.0,6416.0,6413.0,6413.0,700
2026-09-30 10:29:00,1790731740,6645.T,6410.0,6413.0,6410.0,6413.0,300
2026-09-30 10:30:00,1790731800,6645.T,6410.0,6412.0,6409.0,6410.0,900
2026-09-30 10:31:00,1790731860,6645.T,6414.0,6416.0,6409.0,6410.0,2600
2026-09-30 10:32:00,1790731920,6645.T,6412.0,6417.0,6412.0,6417.0,300
2026-09-30 10:33:00,1790731980,6645.T,6416.0,6418.0,6415.0,6416.0,500
2026-09-30 10:34:00,1790732040,6645.T,6416.0,6416.0,6409.0,6409.0,2400
2026-09-30 10:35:00,1790732100,6645.T,6411.0,6411.0,6404.0,6404.0,1700
2026-09-30 10:36:00,1790732160,6645.T,6402.0,6402.0,6395.0,6395.0,1300
2026-09-30 10:37:00,1790732220,6645.T,6393.0,6398.0,6391.0,6393.0,5300
2026-09-30 10:38:00,1790732280,6645.T,6390.0,6401.0,6384.0,6393.0,15600
2026-09-30 10:39:00,1790732340,6645.T,6393.0,6393.0,6385.0,6389.0,7200
2026-09-30 10:40:00,1790732400,6645.T,6394.0,6395.0,6394.0,6395.0,400
2026-09-30 10:41:00,1790732460,6645.T,6394.0,6394.0,6386.0,6386.0,500
2026-09-30 10:42:00,1790732520,6645.T,6384.0,6387.0,6384.0,6387.0,500
2026-09-30 10:43:00,1790732580,6645.T,6383.0,6388.0,6380.0,6388.0,1900
2026-09-30 10:44:00,1790732640,6645.T,6389.0,6391.0,6389.0,6391.0,200
2026-09-30 10:45:00,1790732700,6645.T,6393.0,6393.0,6393.0,6393.0,500
2026-09-30 10:46:00,1790732760,6645.T,6392.0,6397.0,6392.0,6397.0,400
2026-09-30 10:47:00,1790732820,6645.T,6399.0,6402.0,6399.0,6401.0,300
2026-09-30 10:48:00,1790732880,6645.T,6399.0,6399.0,6396.0,6396.0,600
2026-09-30 10:49:00,1790732940,6645.T,6397.0,6398.0,6397.0,6398.0,500
2026-09-30 10:50:00,1790733000,6645.T,6397.0,6397.0,6396.0,6396.0,300
2026-09-30 10:51:00,1790733060,6645.T,6392.0,6396.0,6392.0,6396.0,1000
2026-09-30 10:52:00,1790733120,6645.T,6393.0,6396.0,6393.0,6393.0,400
2026-09-30 10:53:00,1790733180,6645.T,6393.0,6393.0,6383.0,6384.0,2700
2026-09-30 10:54:00,1790733240,6645.T,6385.0,6392.0,6385.0,6392.0,400
2026-09-30 10:55:00,1790733300,6645.T,6391.0,6391.0,6384.0,6385.0,1200
2026-09-30 10:56:00,1790733360,6645.T,6383.0,6386.0,6380.0,6381.0,700
2026-09-30 10:57:00,1790733420,6645.T,6379.0,6379.0,6374.0,6375.0,1300
2026-09-30 10:59:00,1790733540,6645.T,6380.0,6382.0,6380.0,6382.0,600
2026-09-30 11:00:00,1790733600,6645.T,6382.0,6386.0,6381.0,6383.0,900
2026-09-30 11:01:00,1790733660,6645.T,6387.0,6387.0,6381.0,6381.0,2000
2026-09-30 11:02:00,1790733720,6645.T,6383.0,6383.0,6378.0,6378.0,600
2026-09-30 11:03:00,1790733780,6645.T,6377.0,6381.0,6377.0,6381.0,700
2026-09-30 11:04:00,1790733840,6645.T,6383.0,6383.0,6383.0,6383.0,200
2026-09-30 11:05:00,1790733900,6645.T,6381.0,6381.0,6379.0,6379.0,300
2026-09-30 11:06:00,1790733960,6645.T,6378.0,6379.0,6378.0,6379.0,300
2026-09-30 11:07:00,1790734020,6645.T,6381.0,6396.0,6381.0,6396.0,3900
2026-09-30 11:08:00,1790734080,6645.T,6393.0,6399.0,6391.0,6399.0,2200
2026-09-30 11:09:00,1790734140,6645.T,6401.0,6401.0,6394.0,6397.0,1600
2026-09-30 11:10:00,1790734200,6645.T,6396.0,6399.0,6392.0,6394.0,1800
2026-09-30 11:11:00,1790734260,6645.T,6392.0,6392.0,6387.0,6390.0,1000
2026-09-30 11:12:00,1790734320,6645.T,6387.0,6387.0,6379.0,6379.0,1900
2026-09-30 11:13:00,1790734380,6645.T,6379.0,6388.0,6379.0,6382.0,1400
2026-09-30 11:14:00,1790734440,6645.T,6384.0,6384.0,6374.0,6378.0,3300
2026-09-30 11:15:00,1790734500,6645.T,6375.0,6377.0,6372.0,6376.0,800
2026-09-30 11:16:00,1790734560,6645.T,6376.0,6378.0,6372.0,6373.0,1500
2026-09-30 11:17:00,1790734620,6645.T,6376.0,6381.0,6376.0,6377.0,1000
2026-09-30 11:18:00,1790734680,6645.T,6379.0,6380.0,6375.0,6377.0,900
2026-09-30 11:19:00,1790734740,6645.T,6378.0,6383.0,6377.0,6383.0,1200
2026-09-30 11:20:00,1790734800,6645.T,6380.0,6387.0,6375.0,6387.0,2100
2026-09-30 11:21:00,1790734860,6645.T,6389.0,6394.0,6388.0,6389.0,1100
2026-09-30 11:22:00,1790734920,6645.T,6391.0,6392.0,6391.0,6391.0,300
2026-09-30 11:23:00,1790734980,6645.T,6393.0,6393.0,6389.0,6389.0,1400
2026-09-30 11:24:00,1790735040,6645.T,6390.0,6393.0,6389.0,6393.0,500
2026-09-30 11:25:00,1790735100,6645.T,6391.0,6401.0,6390.0,6401.0,3700
2026-09-30 11:26:00,1790735160,6645.T,6399.0,6407.0,6399.0,6404.0,3600
2026-09-30 11:27:00,1790735220,6645.T,6405.0,6409.0,6400.0,6404.0,3400
2026-09-30 11:28:00,1790735280,6645.T,6405.0,6409.0,6402.0,6406.0,4600
2026-09-30 11:29:00,1790735340,6645.T,6406.0,6410.0,6402.0,6410.0,3800
2026-09-30 11:30:00,1790735400,6645.T,6406.0,6406.0,6404.0,6404.0,1800
2026-09-30 12:30:00,1790739000,6645.T,6397.0,6423.0,6390.0,6420.0,18800
2026-09-30 12:31:00,1790739060,6645.T,6422.0,6422.0,6408.0,6411.0,4800
2026-09-30 12:32:00,1790739120,6645.T,6412.0,6421.0,6410.0,6419.0,2900
2026-09-30 12:33:00,1790739180,6645.T,6422.0,6424.0,6420.0,6420.0,2100
2026-09-30 12:34:00,1790739240,6645.T,6422.0,6423.0,6413.0,6422.0,4400
2026-09-30 12:35:00,1790739300,6645.T,6420.0,6422.0,6416.0,6416.0,2600
2026-09-30 12:36:00,1790739360,6645.T,6414.0,6416.0,6410.0,6414.0,1500
2026-09-30 12:37:00,1790739420,6645.T,6416.0,6424.0,6416.0,6424.0,1300
2026-09-30 12:38:00,1790739480,6645.T,6425.0,6428.0,6417.0,6417.0,3000
2026-09-30 12:39:00,1790739540,6645.T,6417.0,6424.0,6415.0,6417.0,2300
2026-09-30 12:40:00,1790739600,6645.T,6415.0,6415.0,6412.0,6414.0,1300
2026-09-30 12:41:00,1790739660,6645.T,6413.0,6413.0,6409.0,6409.0,1000
2026-09-30 12:42:00,1790739720,6645.T,6410.0,6413.0,6408.0,6413.0,1300
2026-09-30 12:43:00,1790739780,6645.T,6412.0,6414.0,6411.0,6414.0,1600
2026-09-30 12:44:00,1790739840,6645.T,6412.0,6412.0,6411.0,6411.0,400
2026-09-30 12:45:00,1790739900,6645.T,6411.0,6414.0,6411.0,6413.0,2000
2026-09-30 12:46:00,1790739960,6645.T,6412.0,6415.0,6410.0,6415.0,1400
2026-09-30 12:47:00,1790740020,6645.T,6416.0,6420.0,6416.0,6418.0,1000
2026-09-30 12:48:00,1790740080,6645.T,6417.0,6417.0,6411.0,6411.0,1100
2026-09-30 12:49:00,1790740140,6645.T,6410.0,6418.0,6410.0,6418.0,1600
2026-09-30 12:50:00,1790740200,6645.T,6418.0,6423.0,6415.0,6423.0,2300
2026-09-30 12:51:00,1790740260,6645.T,6421.0,6425.0,6421.0,6425.0,1100
2026-09-30 12:52:00,1790740320,6645.T,6425.0,6426.0,6423.0,6424.0,2200
2026-09-30 12:53:00,1790740380,6645.T,6425.0,6425.0,6417.0,6420.0,2900
2026-09-30 12:54:00,1790740440,6645.T,6424.0,6426.0,6424.0,6425.0,1000
2026-09-30 12:55:00,1790740500,6645.T,6425.0,6429.0,6424.0,6429.0,900
2026-09-30 12:56:00,1790740560,6645.T,6429.0,6431.0,6429.0,6431.0,500
2026-09-30 12:57:00,1790740620,6645.T,6432.0,6438.0,6431.0,6435.0,3800
2026-09-30 12:58:00,1790740680,6645.T,6436.0,6437.0,6432.0,6434.0,2300
2026-09-30 12:59:00,1790740740,6645.T,6433.0,6434.0,6430.0,6434.0,1000
2026-09-30 13:00:00,1790740800,6645.T,6435.0,6435.0,6429.0,6429.0,1000
2026-09-30 13:01:00,1790740860,6645.T,6429.0,6429.0,6426.0,6429.0,800
2026-09-30 13:02:00,1790740920,6645.T,6430.0,6430.0,6426.0,6427.0,1400
2026-09-30 13:03:00,1790740980,6645.T,6425.0,6433.0,6425.0,6433.0,1000
2026-09-30 13:04:00,1790741040,6645.T,6430.0,6435.0,6430.0,6433.0,1800
2026-09-30 13:05:00,1790741100,6645.T,6434.0,6436.0,6430.0,6433.0,2500
2026-09-30 13:06:00,1790741160,6645.T,6432.0,6432.0,6428.0,6430.0,400
2026-09-30 13:07:00,1790741220,6645.T,6432.0,6435.0,6432.0,6435.0,300
2026-09-30 13:08:00,1790741280,6645.T,6434.0,6434.0,6432.0,6432.0,1600
2026-09-30 13:10:00,1790741400,6645.T,6433.0,6437.0,6426.0,6437.0,3700
2026-09-30 13:11:00,1790741460,6645.T,6434.0,6436.0,6434.0,6436.0,500
2026-09-30 13:12:00,1790741520,6645.T,6435.0,6441.0,6434.0,6441.0,2100
2026-09-30 13:13:00,1790741580,6645.T,6443.0,6443.0,6437.0,6437.0,3900
2026-09-30 13:14:00,1790741640,6645.T,6438.0,6439.0,6438.0,6438.0,600
2026-09-30 13:15:00,1790741700,6645.T,6439.0,6439.0,6436.0,6438.0,2500
2026-09-30 13:16:00,1790741760,6645.T,6437.0,6437.0,6432.0,6435.0,2300
2026-09-30 13:17:00,1790741820,6645.T,6436.0,6441.0,6436.0,6440.0,800
2026-09-30 13:18:00,1790741880,6645.T,6440.0,6442.0,6440.0,6442.0,700
2026-09-30 13:19:00,1790741940,6645.T,6444.0,6444.0,6443.0,6443.0,1100
2026-09-30 13:20:00,1790742000,6645.T,6444.0,6445.0,6443.0,6443.0,1500
2026-09-30 13:21:00,1790742060,6645.T,6445.0,6445.0,6441.0,6442.0,1400
2026-09-30 13:22:00,1790742120,6645.T,6442.0,6442.0,6441.0,6441.0,600
2026-09-30 13:23:00,1790742180,6645.T,6443.0,6444.0,6442.0,6443.0,800
2026-09-30 13:24:00,1790742240,6645.T,6443.0,6446.0,6443.0,6446.0,700
2026-09-30 13:25:00,1790742300,6645.T,6447.0,6450.0,6446.0,6449.0,1000
2026-09-30 13:26:00,1790742360,6645.T,6450.0,6450.0,6447.0,6447.0,2200
2026-09-30 13:27:00,1790742420,6645.T,6449.0,6449.0,6449.0,6449.0,200
2026-09-30 13:28:00,1790742480,6645.T,6449.0,6450.0,6445.0,6448.0,2900
2026-09-30 13:29:00,1790742540,6645.T,6449.0,6452.0,6449.0,6451.0,4500
2026-09-30 13:30:00,1790742600,6645.T,6453.0,6453.0,6447.0,6447.0,1400
2026-09-30 13:31:00,1790742660,6645.T,6452.0,6452.0,6451.0,6451.0,500
2026-09-30 13:32:00,1790742720,6645.T,6452.0,6454.0,6452.0,6452.0,900
2026-09-30 13:33:00,1790742780,6645.T,6453.0,6454.0,6449.0,6449.0,2000
2026-09-30 13:34:00,1790742840,6645.T,6454.0,6455.0,6454.0,6455.0,400
2026-09-30 13:35:00,1790742900,6645.T,6455.0,6457.0,6453.0,6456.0,1400
2026-09-30 13:36:00,1790742960,6645.T,6455.0,6457.0,6455.0,6457.0,400
2026-09-30 13:37:00,1790743020,6645.T,6458.0,6459.0,6455.0,6455.0,2200
2026-09-30 13:38:00,1790743080,6645.T,6455.0,6457.0,6455.0,6455.0,1500
2026-09-30 13:39:00,1790743140,6645.T,6454.0,6455.0,6454.0,6455.0,200
2026-09-30 13:40:00,1790743200,6645.T,6455.0,6455.0,6449.0,6449.0,3300
2026-09-30 13:41:00,1790743260,6645.T,6451.0,6451.0,6450.0,6451.0,400
2026-09-30 13:42:00,1790743320,6645.T,6450.0,6453.0,6450.0,6453.0,600
2026-09-30 13:43:00,1790743380,6645.T,6453.0,6453.0,6443.0,6443.0,3800
2026-09-30 13:44:00,1790743440,6645.T,6444.0,6444.0,6442.0,6444.0,1100
2026-09-30 13:45:00,1790743500,6645.T,6442.0,6442.0,6440.0,6441.0,600
2026-09-30 13:46:00,1790743560,6645.T,6441.0,6441.0,6431.0,6431.0,5900
2026-09-30 13:47:00,1790743620,6645.T,6431.0,6435.0,6431.0,6433.0,1200
2026-09-30 13:48:00,1790743680,6645.T,6434.0,6435.0,6434.0,6435.0,500
2026-09-30 13:49:00,1790743740,6645.T,6435.0,6435.0,6433.0,6434.0,1000
2026-09-30 13:50:00,1790743800,6645.T,6434.0,6435.0,6432.0,6434.0,700
2026-09-30 13:51:00,1790743860,6645.T,6433.0,6433.0,6430.0,6431.0,1300
2026-09-30 13:52:00,1790743920,6645.T,6430.0,6431.0,6428.0,6431.0,2200
2026-09-30 13:53:00,1790743980,6645.T,6430.0,6430.0,6430.0,6430.0,100
2026-09-30 13:54:00,1790744040,6645.T,6431.0,6431.0,6427.0,6427.0,1600
2026-09-30 13:55:00,1790744100,6645.T,6427.0,6428.0,6422.0,6422.0,2000
2026-09-30 13:56:00,1790744160,6645.T,6421.0,6426.0,6421.0,6426.0,800
2026-09-30 13:57:00,1790744220,6645.T,6428.0,6429.0,6427.0,6427.0,1200
2026-09-30 13:58:00,1790744280,6645.T,6430.0,6430.0,6428.0,6429.0,400
2026-09-30 13:59:00,1790744340,6645.T,6429.0,6432.0,6427.0,6427.0,3900
2026-09-30 14:00:00,1790744400,6645.T,6426.0,6428.0,6423.0,6427.0,1600
2026-09-30 14:01:00,1790744460,6645.T,6429.0,6429.0,6422.0,6422.0,2900
2026-09-30 14:02:00,1790744520,6645.T,6424.0,6424.0,6418.0,6418.0,700
2026-09-30 14:03:00,1790744580,6645.T,6418.0,6419.0,6414.0,6414.0,1700
2026-09-30 14:04:00,1790744640,6645.T,6414.0,6415.0,6414.0,6414.0,600
2026-09-30 14:05:00,1790744700,6645.T,6413.0,6413.0,6411.0,6411.0,1800
2026-09-30 14:06:00,1790744760,6645.T,6410.0,6411.0,6409.0,6410.0,1200
2026-09-30 14:07:00,1790744820,6645.T,6409.0,6415.0,6407.0,6415.0,1400
2026-09-30 14:08:00,1790744880,6645.T,6413.0,6413.0,6410.0,6411.0,1500
2026-09-30 14:09:00,1790744940,6645.T,6410.0,6411.0,6408.0,6409.0,2000
2026-09-30 14:10:00,1790745000,6645.T,6408.0,6411.0,6407.0,6411.0,1100
2026-09-30 14:11:00,1790745060,6645.T,6413.0,6416.0,6413.0,6416.0,700
2026-09-30 14:12:00,1790745120,6645.T,6415.0,6415.0,6406.0,6408.0,3900
2026-09-30 14:13:00,1790745180,6645.T,6406.0,6410.0,6406.0,6410.0,2500
2026-09-30 14:14:00,1790745240,6645.T,6411.0,6414.0,6409.0,6411.0,2900
2026-09-30 14:15:00,1790745300,6645.T,6410.0,6412.0,6407.0,6411.0,6700
2026-09-30 14:16:00,1790745360,6645.T,6411.0,6411.0,6408.0,6409.0,2000
2026-09-30 14:17:00,1790745420,6645.T,6410.0,6413.0,6410.0,6413.0,1200
2026-09-30 14:18:00,1790745480,6645.T,6413.0,6414.0,6412.0,6412.0,1100
2026-09-30 14:19:00,1790745540,6645.T,6412.0,6412.0,6408.0,6410.0,1800
2026-09-30 14:20:00,1790745600,6645.T,6411.0,6413.0,6411.0,6413.0,500
2026-09-30 14:21:00,1790745660,6645.T,6415.0,6418.0,6412.0,6412.0,2400
2026-09-30 14:22:00,1790745720,6645.T,6414.0,6415.0,6413.0,6414.0,600
2026-09-30 14:23:00,1790745780,6645.T,6413.0,6417.0,6413.0,6417.0,500
2026-09-30 14:24:00,1790745840,6645.T,6418.0,6421.0,6418.0,6421.0,800
2026-09-30 14:25:00,1790745900,6645.T,6422.0,6423.0,6416.0,6416.0,2900
2026-09-30 14:26:00,1790745960,6645.T,6416.0,6417.0,6416.0,6417.0,500
2026-09-30 14:27:00,1790746020,6645.T,6416.0,6420.0,6416.0,6420.0,1000
2026-09-30 14:28:00,1790746080,6645.T,6420.0,6423.0,6419.0,6421.0,2400
2026-09-30 14:29:00,1790746140,6645.T,6423.0,6424.0,6422.0,6422.0,1200
2026-09-30 14:30:00,1790746200,6645.T,6422.0,6426.0,6421.0,6425.0,1200
2026-09-30 14:31:00,1790746260,6645.T,6423.0,6423.0,6418.0,6421.0,2400
2026-09-30 14:32:00,1790746320,6645.T,6422.0,6426.0,6422.0,6426.0,900
2026-09-30 14:33:00,1790746380,6645.T,6424.0,6424.0,6424.0,6424.0,100
2026-09-30 14:34:00,1790746440,6645.T,6424.0,6431.0,6422.0,6429.0,2700
2026-09-30 14:35:00,1790746500,6645.T,6430.0,6433.0,6430.0,6431.0,1400
2026-09-30 14:36:00,1790746560,6645.T,6431.0,6434.0,6431.0,6431.0,800
2026-09-30 14:37:00,1790746620,6645.T,6432.0,6436.0,6431.0,6434.0,2300
2026-09-30 14:38:00,1790746680,6645.T,6434.0,6436.0,6434.0,6435.0,1300
2026-09-30 14:39:00,1790746740,6645.T,6435.0,6435.0,6432.0,6433.0,2700
2026-09-30 14:40:00,1790746800,6645.T,6433.0,6435.0,6432.0,6434.0,1400
2026-09-30 14:41:00,1790746860,6645.T,6435.0,6441.0,6435.0,6439.0,2500
2026-09-30 14:42:00,1790746920,6645.T,6439.0,6443.0,6439.0,6442.0,1300
2026-09-30 14:43:00,1790746980,6645.T,6442.0,6445.0,6440.0,6440.0,2100
2026-09-30 14:44:00,1790747040,6645.T,6440.0,6441.0,6438.0,6441.0,2800
2026-09-30 14:45:00,1790747100,6645.T,6440.0,6443.0,6438.0,6438.0,1000
2026-09-30 14:46:00,1790747160,6645.T,6437.0,6437.0,6435.0,6435.0,1600
2026-09-30 14:47:00,1790747220,6645.T,6431.0,6433.0,6431.0,6431.0,400
2026-09-30 14:48:00,1790747280,6645.T,6432.0,6434.0,6432.0,6434.0,1000
2026-09-30 14:49:00,1790747340,6645.T,6433.0,6434.0,6432.0,6432.0,1400
2026-09-30 14:50:00,1790747400,6645.T,6433.0,6437.0,6432.0,6437.0,1800
2026-09-30 14:51:00,1790747460,6645.T,6437.0,6439.0,6433.0,6437.0,3800
2026-09-30 14:52:00,1790747520,6645.T,6439.0,6439.0,6437.0,6437.0,1300
2026-09-30 14:53:00,1790747580,6645.T,6439.0,6440.0,6436.0,6439.0,3100
2026-09-30 14:54:00,1790747640,6645.T,6437.0,6439.0,6433.0,6433.0,2000
2026-09-30 14:55:00,1790747700,6645.T,6432.0,6432.0,6426.0,6426.0,2200
2026-09-30 14:56:00,1790747760,6645.T,6426.0,6428.0,6424.0,6428.0,1800
2026-09-30 14:57:00,1790747820,6645.T,6428.0,6428.0,6426.0,6426.0,500
2026-09-30 14:58:00,1790747880,6645.T,6425.0,6431.0,6423.0,6431.0,4800
2026-09-30 14:59:00,1790747940,6645.T,6430.0,6434.0,6428.0,6428.0,4000
2026-09-30 15:00:00,1790748000,6645.T,6430.0,6430.0,6426.0,6430.0,3900
2026-09-30 15:01:00,1790748060,6645.T,6431.0,6431.0,6427.0,6427.0,2800
2026-09-30 15:02:00,1790748120,6645.T,6427.0,6427.0,6424.0,6424.0,900
2026-09-30 15:03:00,1790748180,6645.T,6425.0,6426.0,6425.0,6426.0,600
2026-09-30 15:04:00,1790748240,6645.T,6425.0,6433.0,6425.0,6433.0,1100
2026-09-30 15:05:00,1790748300,6645.T,6433.0,6436.0,6432.0,6432.0,3200
2026-09-30 15:06:00,1790748360,6645.T,6432.0,6434.0,6431.0,6434.0,1800
2026-09-30 15:07:00,1790748420,6645.T,6434.0,6436.0,6434.0,6434.0,400
2026-09-30 15:08:00,1790748480,6645.T,6436.0,6438.0,6435.0,6435.0,3100
2026-09-30 15:09:00,1790748540,6645.T,6438.0,6438.0,6431.0,6431.0,1200
2026-09-30 15:10:00,1790748600,6645.T,6432.0,6437.0,6432.0,6432.0,4400
2026-09-30 15:11:00,1790748660,6645.T,6431.0,6435.0,6431.0,6432.0,3200
2026-09-30 15:12:00,1790748720,6645.T,6436.0,6437.0,6433.0,6433.0,2300
2026-09-30 15:13:00,1790748780,6645.T,6435.0,6436.0,6433.0,6433.0,2000
2026-09-30 15:14:00,1790748840,6645.T,6432.0,6433.0,6428.0,6433.0,3400
2026-09-30 15:15:00,1790748900,6645.T,6431.0,6431.0,6428.0,6431.0,1500
2026-09-30 15:16:00,1790748960,6645.T,6430.0,6430.0,6426.0,6429.0,2200
2026-09-30 15:17:00,1790749020,6645.T,6430.0,6435.0,6430.0,6432.0,2600
2026-09-30 15:18:00,1790749080,6645.T,6433.0,6434.0,6432.0,6433.0,1300
2026-09-30 15:19:00,1790749140,6645.T,6434.0,6435.0,6432.0,6432.0,5000
2026-09-30 15:20:00,1790749200,6645.T,6431.0,6433.0,6424.0,6428.0,5700
2026-09-30 15:21:00,1790749260,6645.T,6429.0,6431.0,6428.0,6429.0,3300
2026-09-30 15:22:00,1790749320,6645.T,6431.0,6433.0,6427.0,6433.0,5100
2026-09-30 15:23:00,1790749380,6645.T,6432.0,6438.0,6431.0,6437.0,5700
2026-09-30 15:24:00,1790749440,6645.T,6434.0,6449.0,6432.0,6445.0,5300
2026-09-30 15:30:00,1790749800,6645.T,6436.0,6436.0,6436.0,6436.0,0
2026-10-01 09:05:00,1790813100,6645.T,6382.0,6397.0,6375.0,6397.0,0
2026-10-01 09:06:00,1790813160,6645.T,6404.0,6409.0,6395.0,6397.0,2700
2026-10-01 09:07:00,1790813220,6645.T,6394.0,6402.0,6385.0,6401.0,5800
2026-10-01 09:08:00,1790813280,6645.T,6401.0,6403.0,6396.0,6401.0,2100
2026-10-01 09:09:00,1790813340,6645.T,6395.0,6405.0,6393.0,6405.0,3000
2026-10-01 09:10:00,1790813400,6645.T,6406.0,6407.0,6403.0,6404.0,1400
2026-10-01 09:11:00,1790813460,6645.T,6407.0,6418.0,6403.0,6416.0,4500
2026-10-01 09:12:00,1790813520,6645.T,6417.0,6425.0,6417.0,6418.0,2100
2026-10-01 09:13:00,1790813580,6645.T,6425.0,6430.0,6418.0,6424.0,5300
2026-10-01 09:14:00,1790813640,6645.T,6420.0,6420.0,6403.0,6405.0,4500
2026-10-01 09:15:00,1790813700,6645.T,6403.0,6409.0,6399.0,6407.0,3100
2026-10-01 09:16:00,1790813760,6645.T,6398.0,6402.0,6396.0,6398.0,4600
2026-10-01 09:17:00,1790813820,6645.T,6400.0,6405.0,6393.0,6402.0,3500
2026-10-01 09:18:00,1790813880,6645.T,6397.0,6400.0,6393.0,6398.0,2500
2026-10-01 09:19:00,1790813940,6645.T,6396.0,6396.0,6381.0,6389.0,5000
2026-10-01 09:20:00,1790814000,6645.T,6388.0,6394.0,6385.0,6388.0,3200
2026-10-01 09:21:00,1790814060,6645.T,6390.0,6394.0,6387.0,6387.0,3600
2026-10-01 09:22:00,1790814120,6645.T,6383.0,6389.0,6381.0,6382.0,1700
2026-10-01 09:23:00,1790814180,6645.T,6387.0,6388.0,6373.0,6380.0,4600
2026-10-01 09:24:00,1790814240,6645.T,6378.0,6388.0,6377.0,6381.0,4400
2026-10-01 09:25:00,1790814300,6645.T,6381.0,6387.0,6376.0,6384.0,2900
2026-10-01 09:26:00,1790814360,6645.T,6387.0,6387.0,6378.0,6380.0,2900
2026-10-01 09:27:00,1790814420,6645.T,6380.0,6380.0,6373.0,6379.0,3200
2026-10-01 09:28:00,1790814480,6645.T,6377.0,6380.0,6374.0,6377.0,3200
2026-10-01 09:29:00,1790814540,6645.T,6375.0,6381.0,6370.0,6377.0,5600
2026-10-01 09:30:00,1790814600,6645.T,6373.0,6376.0,6368.0,6369.0,4200
2026-10-01 09:31:00,1790814660,6645.T,6367.0,6372.0,6366.0,6368.0,3000
2026-10-01 09:32:00,1790814720,6645.T,6369.0,6379.0,6369.0,6379.0,3500
2026-10-01 09:33:00,1790814780,6645.T,6379.0,6380.0,6372.0,6372.0,2500
2026-10-01 09:34:00,1790814840,6645.T,6371.0,6372.0,6365.0,6366.0,3500
2026-10-01 09:35:00,1790814900,6645.T,6365.0,6373.0,6361.0,6370.0,4200
2026-10-01 09:36:00,1790814960,6645.T,6370.0,6370.0,6359.0,6364.0,2300
2026-10-01 09:37:00,1790815020,6645.T,6364.0,6364.0,6352.0,6353.0,2600
2026-10-01 09:38:00,1790815080,6645.T,6352.0,6359.0,6339.0,6342.0,14700
2026-10-01 09:39:00,1790815140,6645.T,6340.0,6357.0,6339.0,6350.0,4300
2026-10-01 09:40:00,1790815200,6645.T,6350.0,6361.0,6350.0,6360.0,1000
2026-10-01 09:41:00,1790815260,6645.T,6360.0,6372.0,6360.0,6366.0,2000
2026-10-01 09:42:00,1790815320,6645.T,6365.0,6387.0,6365.0,6378.0,5700
2026-10-01 09:43:00,1790815380,6645.T,6377.0,6382.0,6376.0,6382.0,1100
2026-10-01 09:44:00,1790815440,6645.T,6386.0,6389.0,6385.0,6389.0,400
2026-10-01 09:45:00,1790815500,6645.T,6384.0,6394.0,6384.0,6394.0,2200
2026-10-01 09:46:00,1790815560,6645.T,6392.0,6392.0,6387.0,6392.0,900
2026-10-01 09:47:00,1790815620,6645.T,6387.0,6390.0,6378.0,6387.0,7600
2026-10-01 09:48:00,1790815680,6645.T,6389.0,6398.0,6389.0,6397.0,1700
2026-10-01 09:49:00,1790815740,6645.T,6398.0,6398.0,6387.0,6387.0,3800
2026-10-01 09:50:00,1790815800,6645.T,6386.0,6388.0,6382.0,6388.0,2200
2026-10-01 09:51:00,1790815860,6645.T,6388.0,6401.0,6388.0,6391.0,7500
2026-10-01 09:52:00,1790815920,6645.T,6392.0,6392.0,6383.0,6385.0,2400
2026-10-01 09:53:00,1790815980,6645.T,6388.0,6388.0,6380.0,6385.0,5400
2026-10-01 09:54:00,1790816040,6645.T,6388.0,6388.0,6385.0,6385.0,1000
2026-10-01 09:55:00,1790816100,6645.T,6386.0,6390.0,6383.0,6386.0,2400
2026-10-01 09:56:00,1790816160,6645.T,6382.0,6385.0,6373.0,6378.0,5500
2026-10-01 09:57:00,1790816220,6645.T,6376.0,6376.0,6374.0,6374.0,700
2026-10-01 09:58:00,1790816280,6645.T,6376.0,6378.0,6374.0,6374.0,2400
2026-10-01 09:59:00,1790816340,6645.T,6376.0,6380.0,6376.0,6377.0,800
2026-10-01 10:00:00,1790816400,6645.T,6376.0,6376.0,6370.0,6376.0,5300
2026-10-01 10:01:00,1790816460,6645.T,6378.0,6380.0,6375.0,6376.0,2500
2026-10-01 10:02:00,1790816520,6645.T,6380.0,6393.0,6380.0,6386.0,15500
2026-10-01 10:03:00,1790816580,6645.T,6385.0,6385.0,6379.0,6382.0,2400
2026-10-01 10:04:00,1790816640,6645.T,6384.0,6389.0,6384.0,6388.0,3800
2026-10-01 10:05:00,1790816700,6645.T,6387.0,6401.0,6386.0,6401.0,3600
2026-10-01 10:06:00,1790816760,6645.T,6400.0,6410.0,6400.0,6404.0,2300
2026-10-01 10:07:00,1790816820,6645.T,6405.0,6412.0,6404.0,6404.0,3100
2026-10-01 10:08:00,1790816880,6645.T,6404.0,6407.0,6401.0,6407.0,1900
2026-10-01 10:09:00,1790816940,6645.T,6410.0,6412.0,6407.0,6408.0,7700
2026-10-01 10:10:00,1790817000,6645.T,6410.0,6416.0,6409.0,6416.0,3000
2026-10-01 10:11:00,1790817060,6645.T,6417.0,6418.0,6410.0,6414.0,2300
2026-10-01 10:12:00,1790817120,6645.T,6417.0,6427.0,6413.0,6427.0,4400
2026-10-01 10:13:00,1790817180,6645.T,6423.0,6427.0,6420.0,6427.0,3600
2026-10-01 10:14:00,1790817240,6645.T,6429.0,6430.0,6425.0,6425.0,3900
2026-10-01 10:15:00,1790817300,6645.T,6423.0,6425.0,6420.0,6423.0,3700
2026-10-01 10:16:00,1790817360,6645.T,6423.0,6424.0,6418.0,6420.0,3300
2026-10-01 10:17:00,1790817420,6645.T,6419.0,6423.0,6416.0,6423.0,2400
2026-10-01 10:18:00,1790817480,6645.T,6424.0,6424.0,6420.0,6423.0,1800
2026-10-01 10:19:00,1790817540,6645.T,6424.0,6429.0,6423.0,6427.0,3800
2026-10-01 10:20:00,1790817600,6645.T,6428.0,6439.0,6428.0,6437.0,5700
2026-10-01 10:21:00,1790817660,6645.T,6437.0,6441.0,6437.0,6438.0,1200
2026-10-01 10:22:00,1790817720,6645.T,6437.0,6438.0,6434.0,6438.0,1400
2026-10-01 10:23:00,1790817780,6645.T,6438.0,6440.0,6435.0,6435.0,1000
2026-10-01 10:24:00,1790817840,6645.T,6434.0,6434.0,6426.0,6429.0,2200
2026-10-01 10:25:00,1790817900,6645.T,6429.0,6431.0,6427.0,6431.0,1500
2026-10-01 10:26:00,1790817960,6645.T,6430.0,6431.0,6425.0,6428.0,1200
2026-10-01 10:27:00,1790818020,6645.T,6430.0,6431.0,6428.0,6431.0,1100
2026-10-01 10:28:00,1790818080,6645.T,6430.0,6434.0,6429.0,6431.0,2500
2026-10-01 10:29:00,1790818140,6645.T,6430.0,6435.0,6430.0,6435.0,1200
2026-10-01 10:30:00,1790818200,6645.T,6434.0,6436.0,6431.0,6433.0,1800
2026-10-01 10:31:00,1790818260,6645.T,6431.0,6433.0,6423.0,6433.0,5700
2026-10-01 10:32:00,1790818320,6645.T,6432.0,6435.0,6428.0,6434.0,2400
2026-10-01 10:33:00,1790818380,6645.T,6436.0,6440.0,6436.0,6440.0,1400
2026-10-01 10:34:00,1790818440,6645.T,6440.0,6440.0,6435.0,6437.0,1600
2026-10-01 10:35:00,1790818500,6645.T,6438.0,6439.0,6431.0,6431.0,1900
2026-10-01 10:36:00,1790818560,6645.T,6429.0,6429.0,6426.0,6427.0,1500
2026-10-01 10:37:00,1790818620,6645.T,6427.0,6436.0,6426.0,6426.0,4000
2026-10-01 10:38:00,1790818680,6645.T,6425.0,6427.0,6424.0,6427.0,2000
2026-10-01 10:39:00,1790818740,6645.T,6430.0,6430.0,6420.0,6421.0,1700
2026-10-01 10:40:00,1790818800,6645.T,6426.0,6427.0,6425.0,6426.0,1600
2026-10-01 10:41:00,1790818860,6645.T,6424.0,6424.0,6412.0,6418.0,3700
2026-10-01 10:42:00,1790818920,6645.T,6419.0,6419.0,6415.0,6415.0,1100
2026-10-01 10:43:00,1790818980,6645.T,6415.0,6417.0,6413.0,6413.0,600
2026-10-01 10:44:00,1790819040,6645.T,6417.0,6418.0,6417.0,6417.0,800
2026-10-01 10:45:00,1790819100,6645.T,6415.0,6418.0,6409.0,6409.0,2300
2026-10-01 10:46:00,1790819160,6645.T,6409.0,6417.0,6408.0,6417.0,2600
2026-10-01 10:47:00,1790819220,6645.T,6420.0,6421.0,6418.0,6419.0,1600
2026-10-01 10:48:00,1790819280,6645.T,6422.0,6425.0,6418.0,6418.0,3000
2026-10-01 10:49:00,1790819340,6645.T,6420.0,6422.0,6415.0,6415.0,1900
2026-10-01 10:50:00,1790819400,6645.T,6416.0,6419.0,6415.0,6419.0,2400
2026-10-01 10:51:00,1790819460,6645.T,6417.0,6418.0,6416.0,6418.0,700
2026-10-01 10:52:00,1790819520,6645.T,6418.0,6418.0,6405.0,6410.0,5400
2026-10-01 10:53:00,1790819580,6645.T,6411.0,6415.0,6411.0,6413.0,2400
2026-10-01 10:54:00,1790819640,6645.T,6414.0,6414.0,6411.0,6413.0,1000
2026-10-01 10:55:00,1790819700,6645.T,6414.0,6414.0,6409.0,6410.0,1000
2026-10-01 10:56:00,1790819760,6645.T,6413.0,6413.0,6410.0,6411.0,800
2026-10-01 10:57:00,1790819820,6645.T,6412.0,6412.0,6408.0,6408.0,1100
2026-10-01 10:58:00,1790819880,6645.T,6410.0,6410.0,6395.0,6408.0,5200
2026-10-01 10:59:00,1790819940,6645.T,6408.0,6412.0,6407.0,6407.0,1400
2026-10-01 11:00:00,1790820000,6645.T,6405.0,6407.0,6402.0,6407.0,1700
2026-10-01 11:01:00,1790820060,6645.T,6406.0,6412.0,6404.0,6412.0,1200
2026-10-01 11:02:00,1790820120,6645.T,6411.0,6414.0,6411.0,6412.0,700
2026-10-01 11:03:00,1790820180,6645.T,6412.0,6415.0,6412.0,6415.0,1200
2026-10-01 11:04:00,1790820240,6645.T,6416.0,6418.0,6412.0,6412.0,1600
2026-10-01 11:05:00,1790820300,6645.T,6410.0,6411.0,6407.0,6407.0,1100
2026-10-01 11:06:00,1790820360,6645.T,6409.0,6419.0,6409.0,6414.0,2400
2026-10-01 11:07:00,1790820420,6645.T,6414.0,6417.0,6414.0,6416.0,1000
2026-10-01 11:08:00,1790820480,6645.T,6417.0,6433.0,6417.0,6430.0,4300
2026-10-01 11:09:00,1790820540,6645.T,6430.0,6435.0,6428.0,6432.0,1300
2026-10-01 11:10:00,1790820600,6645.T,6429.0,6429.0,6429.0,6429.0,100
2026-10-01 11:11:00,1790820660,6645.T,6430.0,6439.0,6430.0,6439.0,1700
2026-10-01 11:12:00,1790820720,6645.T,6440.0,6443.0,6433.0,6435.0,1400
2026-10-01 11:13:00,1790820780,6645.T,6434.0,6437.0,6434.0,6435.0,800
2026-10-01 11:14:00,1790820840,6645.T,6438.0,6438.0,6429.0,6434.0,1400
2026-10-01 11:15:00,1790820900,6645.T,6430.0,6433.0,6430.0,6432.0,2100
2026-10-01 11:16:00,1790820960,6645.T,6434.0,6435.0,6433.0,6433.0,1800
2026-10-01 11:17:00,1790821020,6645.T,6433.0,6433.0,6430.0,6433.0,800
2026-10-01 11:18:00,1790821080,6645.T,6431.0,6435.0,6428.0,6435.0,1300
2026-10-01 11:19:00,1790821140,6645.T,6436.0,6438.0,6434.0,6434.0,900
2026-10-01 11:20:00,1790821200,6645.T,6433.0,6436.0,6432.0,6436.0,800
2026-10-01 11:21:00,1790821260,6645.T,6434.0,6435.0,6431.0,6432.0,700
2026-10-01 11:22:00,1790821320,6645.T,6435.0,6437.0,6435.0,6435.0,1300
2026-10-01 11:23:00,1790821380,6645.T,6435.0,6437.0,6435.0,6435.0,500
2026-10-01 11:24:00,1790821440,6645.T,6437.0,6439.0,6435.0,6435.0,1300
2026-10-01 11:25:00,1790821500,6645.T,6434.0,6436.0,6432.0,6433.0,1200
2026-10-01 11:26:00,1790821560,6645.T,6431.0,6431.0,6420.0,6425.0,2000
2026-10-01 11:27:00,1790821620,6645.T,6424.0,6427.0,6423.0,6423.0,2100
2026-10-01 11:28:00,1790821680,6645.T,6425.0,6425.0,6423.0,6424.0,1200
2026-10-01 11:29:00,1790821740,6645.T,6425.0,6426.0,6420.0,6424.0,1200
2026-10-01 11:30:00,1790821800,6645.T,6426.0,6426.0,6426.0,6426.0,1100
2026-10-01 12:30:00,1790825400,6645.T,6440.0,6440.0,6400.0,6406.0,20700
2026-10-01 12:31:00,1790825460,6645.T,6404.0,6423.0,6404.0,6421.0,4800
2026-10-01 12:32:00,1790825520,6645.T,6418.0,6421.0,6415.0,6419.0,2200
2026-10-01 12:33:00,1790825580,6645.T,6419.0,6422.0,6415.0,6415.0,2500
2026-10-01 12:34:00,1790825640,6645.T,6417.0,6417.0,6412.0,6412.0,1500
2026-10-01 12:35:00,1790825700,6645.T,6413.0,6415.0,6409.0,6412.0,2800
2026-10-01 12:36:00,1790825760,6645.T,6411.0,6411.0,6403.0,6408.0,3100
2026-10-01 12:37:00,1790825820,6645.T,6405.0,6406.0,6404.0,6406.0,1200
2026-10-01 12:38:00,1790825880,6645.T,6406.0,6406.0,6403.0,6403.0,600
2026-10-01 12:39:00,1790825940,6645.T,6402.0,6410.0,6398.0,6410.0,6600
2026-10-01 12:40:00,1790826000,6645.T,6409.0,6418.0,6408.0,6416.0,2800
2026-10-01 12:41:00,1790826060,6645.T,6416.0,6420.0,6413.0,6420.0,1500
2026-10-01 12:42:00,1790826120,6645.T,6419.0,6424.0,6417.0,6423.0,2400
2026-10-01 12:43:00,1790826180,6645.T,6423.0,6427.0,6423.0,6425.0,2100
2026-10-01 12:44:00,1790826240,6645.T,6423.0,6425.0,6422.0,6422.0,2000
2026-10-01 12:45:00,1790826300,6645.T,6423.0,6424.0,6421.0,6422.0,1900
2026-10-01 12:46:00,1790826360,6645.T,6421.0,6423.0,6418.0,6418.0,2500
2026-10-01 12:47:00,1790826420,6645.T,6417.0,6423.0,6417.0,6421.0,2700
2026-10-01 12:48:00,1790826480,6645.T,6418.0,6424.0,6418.0,6424.0,1500
2026-10-01 12:49:00,1790826540,6645.T,6424.0,6427.0,6424.0,6426.0,2500
2026-10-01 12:50:00,1790826600,6645.T,6427.0,6431.0,6427.0,6429.0,3000
2026-10-01 12:51:00,1790826660,6645.T,6429.0,6431.0,6429.0,6430.0,800
2026-10-01 12:52:00,1790826720,6645.T,6429.0,6430.0,6424.0,6425.0,1500
2026-10-01 12:53:00,1790826780,6645.T,6423.0,6427.0,6423.0,6427.0,1600
2026-10-01 12:54:00,1790826840,6645.T,6427.0,6428.0,6425.0,6425.0,2400
2026-10-01 12:55:00,1790826900,6645.T,6427.0,6427.0,6419.0,6420.0,1600
2026-10-01 12:56:00,1790826960,6645.T,6419.0,6423.0,6419.0,6422.0,2000
2026-10-01 12:57:00,1790827020,6645.T,6423.0,6423.0,6418.0,6418.0,1000
2026-10-01 12:58:00,1790827080,6645.T,6418.0,6421.0,6416.0,6420.0,4100
2026-10-01 12:59:00,1790827140,6645.T,6421.0,6421.0,6417.0,6419.0,3000
2026-10-01 13:00:00,1790827200,6645.T,6418.0,6418.0,6414.0,6417.0,3100
2026-10-01 13:01:00,1790827260,6645.T,6417.0,6425.0,6417.0,6424.0,5400
2026-10-01 13:02:00,1790827320,6645.T,6427.0,6427.0,6418.0,6419.0,1600
2026-10-01 13:03:00,1790827380,6645.T,6419.0,6423.0,6417.0,6421.0,4000
2026-10-01 13:04:00,1790827440,6645.T,6422.0,6422.0,6418.0,6419.0,3200
2026-10-01 13:05:00,1790827500,6645.T,6421.0,6429.0,6420.0,6427.0,5500
2026-10-01 13:06:00,1790827560,6645.T,6427.0,6427.0,6425.0,6427.0,1800
2026-10-01 13:07:00,1790827620,6645.T,6427.0,6427.0,6425.0,6426.0,1100
2026-10-01 13:08:00,1790827680,6645.T,6425.0,6426.0,6422.0,6424.0,2300
2026-10-01 13:09:00,1790827740,6645.T,6424.0,6424.0,6423.0,6424.0,400
2026-10-01 13:10:00,1790827800,6645.T,6423.0,6423.0,6411.0,6412.0,8400
2026-10-01 13:11:00,1790827860,6645.T,6412.0,6412.0,6408.0,6410.0,1600
2026-10-01 13:12:00,1790827920,6645.T,6410.0,6417.0,6410.0,6417.0,3800
2026-10-01 13:13:00,1790827980,6645.T,6414.0,6414.0,6409.0,6413.0,1800
2026-10-01 13:14:00,1790828040,6645.T,6413.0,6414.0,6406.0,6407.0,1300
2026-10-01 13:15:00,1790828100,6645.T,6409.0,6409.0,6403.0,6403.0,2200
2026-10-01 13:16:00,1790828160,6645.T,6403.0,6403.0,6393.0,6394.0,4000
2026-10-01 13:17:00,1790828220,6645.T,6395.0,6395.0,6394.0,6395.0,1500
2026-10-01 13:18:00,1790828280,6645.T,6396.0,6398.0,6396.0,6398.0,1500
2026-10-01 13:19:00,1790828340,6645.T,6395.0,6400.0,6395.0,6397.0,1700
2026-10-01 13:20:00,1790828400,6645.T,6395.0,6399.0,6393.0,6397.0,2700
2026-10-01 13:21:00,1790828460,6645.T,6398.0,6404.0,6398.0,6403.0,7100
2026-10-01 13:22:00,1790828520,6645.T,6404.0,6406.0,6402.0,6403.0,1900
2026-10-01 13:23:00,1790828580,6645.T,6403.0,6405.0,6400.0,6400.0,2200
2026-10-01 13:24:00,1790828640,6645.T,6402.0,6402.0,6399.0,6399.0,1600
2026-10-01 13:25:00,1790828700,6645.T,6401.0,6401.0,6398.0,6400.0,2300
2026-10-01 13:26:00,1790828760,6645.T,6401.0,6411.0,6401.0,6407.0,4600
2026-10-01 13:27:00,1790828820,6645.T,6408.0,6412.0,6408.0,6409.0,4800
2026-10-01 13:28:00,1790828880,6645.T,6409.0,6409.0,6407.0,6407.0,800
2026-10-01 13:29:00,1790828940,6645.T,6405.0,6409.0,6405.0,6409.0,800
2026-10-01 13:30:00,1790829000,6645.T,6408.0,6408.0,6400.0,6403.0,3300
2026-10-01 13:31:00,1790829060,6645.T,6402.0,6411.0,6402.0,6410.0,3200
2026-10-01 13:32:00,1790829120,6645.T,6411.0,6411.0,6407.0,6408.0,1200
2026-10-01 13:33:00,1790829180,6645.T,6408.0,6408.0,6405.0,6408.0,1800
2026-10-01 13:34:00,1790829240,6645.T,6409.0,6416.0,6408.0,6416.0,5100
2026-10-01 13:35:00,1790829300,6645.T,6415.0,6418.0,6412.0,6418.0,5200
2026-10-01 13:36:00,1790829360,6645.T,6417.0,6419.0,6417.0,6419.0,2300
2026-10-01 13:37:00,1790829420,6645.T,6416.0,6417.0,6415.0,6416.0,1000
2026-10-01 13:38:00,1790829480,6645.T,6415.0,6418.0,6415.0,6417.0,1300
2026-10-01 13:39:00,1790829540,6645.T,6416.0,6416.0,6415.0,6415.0,400
2026-10-01 13:40:00,1790829600,6645.T,6415.0,6419.0,6415.0,6419.0,1500
2026-10-01 13:41:00,1790829660,6645.T,6419.0,6422.0,6419.0,6420.0,1300
2026-10-01 13:42:00,1790829720,6645.T,6419.0,6419.0,6414.0,6414.0,1700
2026-10-01 13:43:00,1790829780,6645.T,6414.0,6419.0,6414.0,6414.0,2500
2026-10-01 13:44:00,1790829840,6645.T,6414.0,6416.0,6412.0,6416.0,1500
2026-10-01 13:45:00,1790829900,6645.T,6417.0,6420.0,6414.0,6414.0,1800
2026-10-01 13:46:00,1790829960,6645.T,6415.0,6417.0,6413.0,6417.0,1700
2026-10-01 13:47:00,1790830020,6645.T,6417.0,6422.0,6417.0,6419.0,2200
2026-10-01 13:48:00,1790830080,6645.T,6419.0,6420.0,6417.0,6420.0,1100
2026-10-01 13:49:00,1790830140,6645.T,6421.0,6421.0,6419.0,6420.0,1600
2026-10-01 13:50:00,1790830200,6645.T,6420.0,6421.0,6415.0,6415.0,1700
2026-10-01 13:51:00,1790830260,6645.T,6414.0,6416.0,6414.0,6415.0,1000
2026-10-01 13:52:00,1790830320,6645.T,6416.0,6416.0,6414.0,6416.0,700
2026-10-01 13:53:00,1790830380,6645.T,6416.0,6418.0,6415.0,6415.0,1700
2026-10-01 13:54:00,1790830440,6645.T,6414.0,6415.0,6414.0,6415.0,1100
2026-10-01 13:55:00,1790830500,6645.T,6415.0,6417.0,6415.0,6415.0,1100
2026-10-01 13:56:00,1790830560,6645.T,6414.0,6418.0,6414.0,6418.0,1300
2026-10-01 13:57:00,1790830620,6645.T,6419.0,6419.0,6416.0,6417.0,1000
2026-10-01 13:58:00,1790830680,6645.T,6419.0,6419.0,6413.0,6413.0,1100
2026-10-01 13:59:00,1790830740,6645.T,6415.0,6415.0,6411.0,6413.0,3200
2026-10-01 14:00:00,1790830800,6645.T,6415.0,6425.0,6415.0,6425.0,3500
2026-10-01 14:01:00,1790830860,6645.T,6428.0,6428.0,6427.0,6427.0,1400
2026-10-01 14:02:00,1790830920,6645.T,6426.0,6427.0,6424.0,6424.0,3400
2026-10-01 14:03:00,1790830980,6645.T,6424.0,6428.0,6424.0,6428.0,2600
2026-10-01 14:04:00,1790831040,6645.T,6429.0,6431.0,6428.0,6428.0,2500
2026-10-01 14:05:00,1790831100,6645.T,6429.0,6429.0,6427.0,6428.0,2200
2026-10-01 14:06:00,1790831160,6645.T,6425.0,6430.0,6425.0,6429.0,2000
2026-10-01 14:07:00,1790831220,6645.T,6428.0,6429.0,6425.0,6429.0,2300
2026-10-01 14:08:00,1790831280,6645.T,6429.0,6431.0,6428.0,6428.0,2100
2026-10-01 14:09:00,1790831340,6645.T,6427.0,6429.0,6426.0,6429.0,1500
2026-10-01 14:10:00,1790831400,6645.T,6428.0,6428.0,6424.0,6424.0,1300
2026-10-01 14:11:00,1790831460,6645.T,6425.0,6425.0,6420.0,6420.0,1300
2026-10-01 14:12:00,1790831520,6645.T,6419.0,6423.0,6418.0,6423.0,3000
2026-10-01 14:13:00,1790831580,6645.T,6421.0,6424.0,6421.0,6424.0,2000
2026-10-01 14:14:00,1790831640,6645.T,6424.0,6427.0,6423.0,6424.0,2100
2026-10-01 14:15:00,1790831700,6645.T,6424.0,6424.0,6421.0,6421.0,1000
2026-10-01 14:16:00,1790831760,6645.T,6422.0,6428.0,6422.0,6425.0,4000
2026-10-01 14:17:00,1790831820,6645.T,6426.0,6426.0,6424.0,6425.0,1600
2026-10-01 14:18:00,1790831880,6645.T,6426.0,6427.0,6426.0,6427.0,1500
2026-10-01 14:19:00,1790831940,6645.T,6428.0,6432.0,6427.0,6430.0,2400
2026-10-01 14:20:00,1790832000,6645.T,6429.0,6433.0,6429.0,6432.0,5100
2026-10-01 14:21:00,1790832060,6645.T,6432.0,6433.0,6432.0,6432.0,1500
2026-10-01 14:22:00,1790832120,6645.T,6431.0,6434.0,6431.0,6432.0,1300
2026-10-01 14:23:00,1790832180,6645.T,6433.0,6433.0,6426.0,6426.0,1800
2026-10-01 14:24:00,1790832240,6645.T,6425.0,6426.0,6424.0,6426.0,1300
2026-10-01 14:25:00,1790832300,6645.T,6422.0,6425.0,6422.0,6425.0,3600
2026-10-01 14:26:00,1790832360,6645.T,6426.0,6429.0,6426.0,6429.0,2200
2026-10-01 14:27:00,1790832420,6645.T,6430.0,6431.0,6428.0,6428.0,2000
2026-10-01 14:28:00,1790832480,6645.T,6429.0,6430.0,6428.0,6429.0,1900
2026-10-01 14:29:00,1790832540,6645.T,6431.0,6434.0,6431.0,6433.0,3900
2026-10-01 14:30:00,1790832600,6645.T,6432.0,6435.0,6429.0,6434.0,5900
2026-10-01 14:31:00,1790832660,6645.T,6435.0,6437.0,6434.0,6435.0,2400
2026-10-01 14:32:00,1790832720,6645.T,6437.0,6441.0,6437.0,6439.0,5700
2026-10-01 14:33:00,1790832780,6645.T,6436.0,6437.0,6435.0,6437.0,2500
2026-10-01 14:34:00,1790832840,6645.T,6438.0,6442.0,6438.0,6440.0,2800
2026-10-01 14:35:00,1790832900,6645.T,6440.0,6441.0,6440.0,6441.0,300
2026-10-01 14:36:00,1790832960,6645.T,6442.0,6445.0,6441.0,6441.0,4100
2026-10-01 14:37:00,1790833020,6645.T,6441.0,6448.0,6441.0,6446.0,3400
2026-10-01 14:38:00,1790833080,6645.T,6445.0,6446.0,6443.0,6446.0,1600
2026-10-01 14:39:00,1790833140,6645.T,6445.0,6445.0,6444.0,6444.0,1400
2026-10-01 14:40:00,1790833200,6645.T,6444.0,6447.0,6443.0,6446.0,3100
2026-10-01 14:41:00,1790833260,6645.T,6445.0,6445.0,6442.0,6443.0,1800
2026-10-01 14:42:00,1790833320,6645.T,6442.0,6446.0,6442.0,6443.0,2900
2026-10-01 14:43:00,1790833380,6645.T,6445.0,6445.0,6439.0,6439.0,1500
2026-10-01 14:44:00,1790833440,6645.T,6440.0,6447.0,6439.0,6447.0,3000
2026-10-01 14:45:00,1790833500,6645.T,6448.0,6448.0,6445.0,6445.0,1100
2026-10-01 14:46:00,1790833560,6645.T,6443.0,6444.0,6442.0,6444.0,800
2026-10-01 14:47:00,1790833620,6645.T,6442.0,6446.0,6441.0,6446.0,2000
2026-10-01 14:48:00,1790833680,6645.T,6447.0,6447.0,6443.0,6445.0,3200
2026-10-01 14:49:00,1790833740,6645.T,6443.0,6446.0,6443.0,6445.0,1600
2026-10-01 14:50:00,1790833800,6645.T,6444.0,6446.0,6441.0,6444.0,4700
2026-10-01 14:51:00,1790833860,6645.T,6445.0,6449.0,6445.0,6449.0,2200
2026-10-01 14:52:00,1790833920,6645.T,6448.0,6448.0,6442.0,6442.0,1600
2026-10-01 14:53:00,1790833980,6645.T,6441.0,6444.0,6440.0,6444.0,3600
2026-10-01 14:54:00,1790834040,6645.T,6445.0,6446.0,6444.0,6444.0,2200
2026-10-01 14:55:00,1790834100,6645.T,6445.0,6445.0,6441.0,6441.0,1200
2026-10-01 14:56:00,1790834160,6645.T,6440.0,6440.0,6436.0,6436.0,2100
2026-10-01 14:57:00,1790834220,6645.T,6437.0,6440.0,6436.0,6440.0,3600
2026-10-01 14:58:00,1790834280,6645.T,6440.0,6440.0,6438.0,6439.0,1500
2026-10-01 14:59:00,1790834340,6645.T,6438.0,6448.0,6438.0,6448.0,6400
2026-10-01 15:00:00,1790834400,6645.T,6448.0,6466.0,6448.0,6466.0,10800
2026-10-01 15:01:00,1790834460,6645.T,6466.0,6469.0,6465.0,6469.0,2300
2026-10-01 15:02:00,1790834520,6645.T,6469.0,6471.0,6461.0,6461.0,4100
2026-10-01 15:03:00,1790834580,6645.T,6459.0,6460.0,6457.0,6457.0,1400
2026-10-01 15:04:00,1790834640,6645.T,6458.0,6458.0,6453.0,6453.0,3000
2026-10-01 15:05:00,1790834700,6645.T,6452.0,6456.0,6452.0,6455.0,2400
2026-10-01 15:06:00,1790834760,6645.T,6455.0,6457.0,6454.0,6457.0,3600
2026-10-01 15:07:00,1790834820,6645.T,6457.0,6459.0,6457.0,6457.0,1500
2026-10-01 15:08:00,1790834880,6645.T,6457.0,6457.0,6451.0,6453.0,5000
2026-10-01 15:09:00,1790834940,6645.T,6452.0,6454.0,6452.0,6454.0,900
2026-10-01 15:10:00,1790835000,6645.T,6452.0,6455.0,6451.0,6455.0,6400
2026-10-01 15:11:00,1790835060,6645.T,6455.0,6455.0,6450.0,6450.0,2500
2026-10-01 15:12:00,1790835120,6645.T,6450.0,6454.0,6450.0,6454.0,4000
2026-10-01 15:13:00,1790835180,6645.T,6455.0,6457.0,6455.0,6456.0,2200
2026-10-01 15:14:00,1790835240,6645.T,6455.0,6461.0,6455.0,6458.0,5700
2026-10-01 15:15:00,1790835300,6645.T,6457.0,6457.0,6453.0,6454.0,2700
2026-10-01 15:16:00,1790835360,6645.T,6453.0,6454.0,6451.0,6451.0,2500
2026-10-01 15:17:00,1790835420,6645.T,6451.0,6451.0,6447.0,6449.0,4000
2026-10-01 15:18:00,1790835480,6645.T,6451.0,6451.0,6447.0,6451.0,2600
2026-10-01 15:19:00,1790835540,6645.T,6450.0,6452.0,6449.0,6450.0,3000
2026-10-01 15:20:00,1790835600,6645.T,6449.0,6451.0,6448.0,6451.0,4000
2026-10-01 15:21:00,1790835660,6645.T,6449.0,6452.0,6447.0,6447.0,3600
2026-10-01 15:22:00,1790835720,6645.T,6446.0,6450.0,6443.0,6449.0,8600
2026-10-01 15:23:00,1790835780,6645.T,6450.0,6451.0,6444.0,6445.0,7100
2026-10-01 15:24:00,1790835840,6645.T,6444.0,6448.0,6435.0,6439.0,7900
2026-10-01 15:30:00,1790836200,6645.T,6425.0,6425.0,6425.0,6425.0,0
2026-10-02 09:05:00,1790899500,6645.T,6365.0,6368.0,6354.0,6357.0,0
2026-10-02 09:06:00,1790899560,6645.T,6359.0,6359.0,6330.0,6330.0,4500
2026-10-02 09:07:00,1790899620,6645.T,6341.0,6345.0,6335.0,6344.0,3900
2026-10-02 09:08:00,1790899680,6645.T,6344.0,6344.0,6328.0,6331.0,4200
2026-10-02 09:09:00,1790899740,6645.T,6329.0,6338.0,6325.0,6338.0,6200
2026-10-02 09:10:00,1790899800,6645.T,6334.0,6355.0,6334.0,6353.0,8000
2026-10-02 09:11:00,1790899860,6645.T,6352.0,6377.0,6349.0,6362.0,4600
2026-10-02 09:12:00,1790899920,6645.T,6360.0,6361.0,6348.0,6355.0,3800
2026-10-02 09:13:00,1790899980,6645.T,6358.0,6366.0,6358.0,6360.0,1300
2026-10-02 09:14:00,1790900040,6645.T,6364.0,6378.0,6364.0,6371.0,5500
2026-10-02 09:15:00,1790900100,6645.T,6374.0,6377.0,6367.0,6374.0,8900
2026-10-02 09:16:00,1790900160,6645.T,6373.0,6383.0,6373.0,6379.0,3700
2026-10-02 09:17:00,1790900220,6645.T,6378.0,6393.0,6376.0,6391.0,4200
2026-10-02 09:18:00,1790900280,6645.T,6393.0,6394.0,6383.0,6391.0,4200
2026-10-02 09:19:00,1790900340,6645.T,6395.0,6399.0,6391.0,6394.0,4300
2026-10-02 09:20:00,1790900400,6645.T,6393.0,6401.0,6393.0,6400.0,2700
2026-10-02 09:21:00,1790900460,6645.T,6406.0,6421.0,6406.0,6421.0,5300
2026-10-02 09:22:00,1790900520,6645.T,6418.0,6426.0,6415.0,6422.0,5100
2026-10-02 09:23:00,1790900580,6645.T,6418.0,6429.0,6416.0,6423.0,4800
2026-10-02 09:24:00,1790900640,6645.T,6424.0,6430.0,6421.0,6429.0,2800
2026-10-02 09:25:00,1790900700,6645.T,6428.0,6428.0,6415.0,6417.0,3900
2026-10-02 09:26:00,1790900760,6645.T,6417.0,6419.0,6407.0,6409.0,2500
2026-10-02 09:27:00,1790900820,6645.T,6410.0,6411.0,6394.0,6398.0,2900
2026-10-02 09:28:00,1790900880,6645.T,6396.0,6396.0,6389.0,6394.0,1100
2026-10-02 09:29:00,1790900940,6645.T,6391.0,6391.0,6364.0,6366.0,4400
2026-10-02 09:30:00,1790901000,6645.T,6366.0,6377.0,6363.0,6377.0,8600
2026-10-02 09:31:00,1790901060,6645.T,6373.0,6378.0,6370.0,6372.0,3900
2026-10-02 09:32:00,1790901120,6645.T,6370.0,6373.0,6365.0,6370.0,2400
2026-10-02 09:33:00,1790901180,6645.T,6371.0,6373.0,6367.0,6373.0,2000
2026-10-02 09:34:00,1790901240,6645.T,6371.0,6377.0,6369.0,6377.0,1900
2026-10-02 09:35:00,1790901300,6645.T,6378.0,6385.0,6376.0,6382.0,4500
2026-10-02 09:36:00,1790901360,6645.T,6381.0,6384.0,6370.0,6370.0,1400
2026-10-02 09:37:00,1790901420,6645.T,6366.0,6371.0,6366.0,6367.0,2500
2026-10-02 09:38:00,1790901480,6645.T,6364.0,6364.0,6360.0,6362.0,700
2026-10-02 09:39:00,1790901540,6645.T,6361.0,6366.0,6358.0,6364.0,1600
2026-10-02 09:40:00,1790901600,6645.T,6362.0,6362.0,6349.0,6359.0,6400
2026-10-02 09:41:00,1790901660,6645.T,6359.0,6364.0,6357.0,6359.0,3900
2026-10-02 09:42:00,1790901720,6645.T,6356.0,6357.0,6349.0,6349.0,600
2026-10-02 09:43:00,1790901780,6645.T,6352.0,6369.0,6350.0,6367.0,6800
2026-10-02 09:44:00,1790901840,6645.T,6365.0,6365.0,6358.0,6358.0,4700
2026-10-02 09:45:00,1790901900,6645.T,6357.0,6360.0,6357.0,6360.0,900
2026-10-02 09:46:00,1790901960,6645.T,6360.0,6360.0,6352.0,6354.0,5500
2026-10-02 09:47:00,1790902020,6645.T,6355.0,6359.0,6353.0,6357.0,3700
2026-10-02 09:48:00,1790902080,6645.T,6355.0,6359.0,6351.0,6358.0,4700
2026-10-02 09:49:00,1790902140,6645.T,6360.0,6360.0,6355.0,6356.0,2000
2026-10-02 09:50:00,1790902200,6645.T,6359.0,6359.0,6352.0,6352.0,1500
2026-10-02 09:51:00,1790902260,6645.T,6348.0,6353.0,6346.0,6352.0,3700
2026-10-02 09:52:00,1790902320,6645.T,6349.0,6356.0,6349.0,6352.0,2800
2026-10-02 09:53:00,1790902380,6645.T,6354.0,6354.0,6349.0,6353.0,900
2026-10-02 09:54:00,1790902440,6645.T,6350.0,6350.0,6346.0,6346.0,500
2026-10-02 09:55:00,1790902500,6645.T,6345.0,6347.0,6338.0,6340.0,2400
2026-10-02 09:56:00,1790902560,6645.T,6340.0,6343.0,6337.0,6339.0,3000
2026-10-02 09:57:00,1790902620,6645.T,6340.0,6341.0,6336.0,6341.0,2100
2026-10-02 09:58:00,1790902680,6645.T,6339.0,6343.0,6330.0,6339.0,11700
2026-10-02 09:59:00,1790902740,6645.T,6338.0,6338.0,6333.0,6333.0,900
2026-10-02 10:00:00,1790902800,6645.T,6327.0,6328.0,6323.0,6326.0,3000
2026-10-02 10:01:00,1790902860,6645.T,6325.0,6333.0,6322.0,6324.0,5200
2026-10-02 10:02:00,1790902920,6645.T,6322.0,6323.0,6317.0,6318.0,1100
2026-10-02 10:03:00,1790902980,6645.T,6316.0,6316.0,6313.0,6316.0,1300
2026-10-02 10:04:00,1790903040,6645.T,6316.0,6321.0,6315.0,6315.0,1700
2026-10-02 10:05:00,1790903100,6645.T,6314.0,6320.0,6312.0,6318.0,4100
2026-10-02 10:06:00,1790903160,6645.T,6322.0,6331.0,6322.0,6330.0,4500
2026-10-02 10:07:00,1790903220,6645.T,6330.0,6333.0,6326.0,6326.0,3200
2026-10-02 10:08:00,1790903280,6645.T,6327.0,6335.0,6325.0,6335.0,2600
2026-10-02 10:09:00,1790903340,6645.T,6334.0,6334.0,6331.0,6334.0,2100
2026-10-02 10:10:00,1790903400,6645.T,6332.0,6333.0,6329.0,6333.0,1700
2026-10-02 10:11:00,1790903460,6645.T,6334.0,6337.0,6332.0,6335.0,4400
2026-10-02 10:12:00,1790903520,6645.T,6335.0,6341.0,6335.0,6339.0,2500
2026-10-02 10:13:00,1790903580,6645.T,6335.0,6335.0,6330.0,6330.0,2600
2026-10-02 10:14:00,1790903640,6645.T,6329.0,6329.0,6322.0,6322.0,2000
2026-10-02 10:15:00,1790903700,6645.T,6322.0,6322.0,6313.0,6319.0,18500
2026-10-02 10:16:00,1790903760,6645.T,6318.0,6334.0,6318.0,6334.0,4100
2026-10-02 10:17:00,1790903820,6645.T,6338.0,6353.0,6338.0,6353.0,4200
2026-10-02 10:18:00,1790903880,6645.T,6351.0,6351.0,6349.0,6351.0,1500
2026-10-02 10:19:00,1790903940,6645.T,6349.0,6355.0,6347.0,6350.0,3900
2026-10-02 10:20:00,1790904000,6645.T,6349.0,6349.0,6345.0,6345.0,1800
2026-10-02 10:21:00,1790904060,6645.T,6343.0,6348.0,6342.0,6345.0,1100
2026-10-02 10:22:00,1790904120,6645.T,6344.0,6353.0,6344.0,6353.0,1800
2026-10-02 10:23:00,1790904180,6645.T,6352.0,6356.0,6347.0,6348.0,5500
2026-10-02 10:24:00,1790904240,6645.T,6347.0,6351.0,6343.0,6348.0,3000
2026-10-02 10:25:00,1790904300,6645.T,6350.0,6352.0,6346.0,6347.0,2700
2026-10-02 10:26:00,1790904360,6645.T,6343.0,6343.0,6337.0,6337.0,1800
2026-10-02 10:27:00,1790904420,6645.T,6335.0,6338.0,6335.0,6337.0,1200
2026-10-02 10:28:00,1790904480,6645.T,6338.0,6338.0,6334.0,6334.0,1700
2026-10-02 10:29:00,1790904540,6645.T,6335.0,6342.0,6334.0,6341.0,1900
2026-10-02 10:30:00,1790904600,6645.T,6343.0,6345.0,6340.0,6344.0,2600
2026-10-02 10:31:00,1790904660,6645.T,6345.0,6345.0,6342.0,6342.0,1200
2026-10-02 10:32:00,1790904720,6645.T,6344.0,6344.0,6341.0,6344.0,2400
2026-10-02 10:33:00,1790904780,6645.T,6346.0,6353.0,6345.0,6353.0,1700
2026-10-02 10:34:00,1790904840,6645.T,6353.0,6362.0,6349.0,6361.0,4000
2026-10-02 10:35:00,1790904900,6645.T,6359.0,6362.0,6357.0,6358.0,2600
2026-10-02 10:36:00,1790904960,6645.T,6354.0,6354.0,6354.0,6354.0,100
2026-10-02 10:37:00,1790905020,6645.T,6351.0,6351.0,6343.0,6347.0,4600
2026-10-02 10:38:00,1790905080,6645.T,6343.0,6346.0,6335.0,6345.0,9400
2026-10-02 10:39:00,1790905140,6645.T,6350.0,6355.0,6348.0,6353.0,1600
2026-10-02 10:40:00,1790905200,6645.T,6352.0,6358.0,6352.0,6358.0,2400
2026-10-02 10:41:00,1790905260,6645.T,6358.0,6364.0,6358.0,6359.0,1800
2026-10-02 10:42:00,1790905320,6645.T,6362.0,6365.0,6362.0,6365.0,500
2026-10-02 10:43:00,1790905380,6645.T,6364.0,6380.0,6364.0,6378.0,3700
2026-10-02 10:44:00,1790905440,6645.T,6380.0,6380.0,6377.0,6379.0,1300
2026-10-02 10:45:00,1790905500,6645.T,6379.0,6379.0,6372.0,6375.0,2400
2026-10-02 10:46:00,1790905560,6645.T,6374.0,6376.0,6373.0,6375.0,800
2026-10-02 10:47:00,1790905620,6645.T,6374.0,6379.0,6374.0,6378.0,800
2026-10-02 10:48:00,1790905680,6645.T,6377.0,6380.0,6374.0,6380.0,1400
2026-10-02 10:49:00,1790905740,6645.T,6380.0,6383.0,6380.0,6383.0,800
2026-10-02 10:50:00,1790905800,6645.T,6384.0,6393.0,6382.0,6392.0,3600
2026-10-02 10:51:00,1790905860,6645.T,6390.0,6390.0,6386.0,6389.0,1500
2026-10-02 10:52:00,1790905920,6645.T,6386.0,6391.0,6386.0,6388.0,1400
2026-10-02 10:53:00,1790905980,6645.T,6389.0,6391.0,6386.0,6391.0,1700
2026-10-02 10:54:00,1790906040,6645.T,6389.0,6389.0,6387.0,6387.0,700
2026-10-02 10:55:00,1790906100,6645.T,6387.0,6390.0,6381.0,6390.0,3800
2026-10-02 10:56:00,1790906160,6645.T,6392.0,6394.0,6391.0,6392.0,1700
2026-10-02 10:57:00,1790906220,6645.T,6395.0,6396.0,6391.0,6391.0,1200
2026-10-02 10:58:00,1790906280,6645.T,6392.0,6393.0,6390.0,6390.0,700
2026-10-02 10:59:00,1790906340,6645.T,6394.0,6407.0,6394.0,6407.0,2600
2026-10-02 11:00:00,1790906400,6645.T,6408.0,6409.0,6406.0,6409.0,1500
2026-10-02 11:01:00,1790906460,6645.T,6413.0,6415.0,6402.0,6402.0,1100
2026-10-02 11:02:00,1790906520,6645.T,6401.0,6412.0,6401.0,6412.0,1000
2026-10-02 11:03:00,1790906580,6645.T,6411.0,6414.0,6411.0,6413.0,800
2026-10-02 11:04:00,1790906640,6645.T,6415.0,6421.0,6415.0,6421.0,500
2026-10-02 11:05:00,1790906700,6645.T,6420.0,6421.0,6414.0,6414.0,1000
2026-10-02 11:06:00,1790906760,6645.T,6413.0,6413.0,6407.0,6407.0,1200
2026-10-02 11:07:00,1790906820,6645.T,6407.0,6413.0,6406.0,6406.0,1300
2026-10-02 11:08:00,1790906880,6645.T,6404.0,6410.0,6404.0,6410.0,2300
2026-10-02 11:09:00,1790906940,6645.T,6408.0,6408.0,6404.0,6404.0,1400
2026-10-02 11:10:00,1790907000,6645.T,6405.0,6405.0,6402.0,6403.0,500
2026-10-02 11:11:00,1790907060,6645.T,6403.0,6403.0,6397.0,6397.0,1100
2026-10-02 11:12:00,1790907120,6645.T,6398.0,6404.0,6396.0,6402.0,1300
2026-10-02 11:13:00,1790907180,6645.T,6402.0,6408.0,6402.0,6408.0,600
2026-10-02 11:14:00,1790907240,6645.T,6406.0,6409.0,6406.0,6409.0,400
2026-10-02 11:15:00,1790907300,6645.T,6407.0,6420.0,6407.0,6416.0,4800
2026-10-02 11:16:00,1790907360,6645.T,6416.0,6421.0,6416.0,6421.0,1800
2026-10-02 11:17:00,1790907420,6645.T,6419.0,6425.0,6415.0,6425.0,3100
2026-10-02 11:18:00,1790907480,6645.T,6423.0,6423.0,6420.0,6420.0,900
2026-10-02 11:19:00,1790907540,6645.T,6417.0,6419.0,6417.0,6419.0,200
2026-10-02 11:20:00,1790907600,6645.T,6417.0,6419.0,6414.0,6414.0,3600
2026-10-02 11:21:00,1790907660,6645.T,6414.0,6417.0,6411.0,6411.0,2700
2026-10-02 11:22:00,1790907720,6645.T,6410.0,6412.0,6409.0,6411.0,1500
2026-10-02 11:23:00,1790907780,6645.T,6411.0,6412.0,6411.0,6411.0,700
2026-10-02 11:24:00,1790907840,6645.T,6410.0,6414.0,6408.0,6411.0,2500
2026-10-02 11:25:00,1790907900,6645.T,6410.0,6410.0,6402.0,6402.0,4800
2026-10-02 11:26:00,1790907960,6645.T,6404.0,6410.0,6404.0,6409.0,2000
2026-10-02 11:27:00,1790908020,6645.T,6406.0,6411.0,6405.0,6410.0,1400
2026-10-02 11:28:00,1790908080,6645.T,6409.0,6411.0,6409.0,6410.0,1800
2026-10-02 11:29:00,1790908140,6645.T,6409.0,6410.0,6406.0,6408.0,900
2026-10-02 11:30:00,1790908200,6645.T,6406.0,6406.0,6406.0,6406.0,700
2026-10-02 12:30:00,1790911800,6645.T,6390.0,6413.0,6390.0,6404.0,16800
2026-10-02 12:31:00,1790911860,6645.T,6407.0,6414.0,6403.0,6413.0,6200
2026-10-02 12:32:00,1790911920,6645.T,6414.0,6415.0,6412.0,6414.0,1100
2026-10-02 12:33:00,1790911980,6645.T,6415.0,6415.0,6411.0,6413.0,2200
2026-10-02 12:34:00,1790912040,6645.T,6416.0,6420.0,6413.0,6419.0,2400
2026-10-02 12:35:00,1790912100,6645.T,6419.0,6422.0,6414.0,6422.0,3200
2026-10-02 12:36:00,1790912160,6645.T,6422.0,6422.0,6418.0,6418.0,800
2026-10-02 12:37:00,1790912220,6645.T,6420.0,6420.0,6414.0,6414.0,3000
2026-10-02 12:38:00,1790912280,6645.T,6417.0,6418.0,6405.0,6407.0,3500
2026-10-02 12:39:00,1790912340,6645.T,6405.0,6406.0,6398.0,6400.0,4500
2026-10-02 12:40:00,1790912400,6645.T,6400.0,6400.0,6395.0,6395.0,2300
2026-10-02 12:41:00,1790912460,6645.T,6396.0,6402.0,6396.0,6398.0,2700
2026-10-02 12:42:00,1790912520,6645.T,6399.0,6402.0,6396.0,6399.0,1700
2026-10-02 12:43:00,1790912580,6645.T,6398.0,6399.0,6397.0,6397.0,400
2026-10-02 12:44:00,1790912640,6645.T,6399.0,6401.0,6399.0,6399.0,700
2026-10-02 12:45:00,1790912700,6645.T,6396.0,6402.0,6396.0,6401.0,1700
2026-10-02 12:46:00,1790912760,6645.T,6401.0,6401.0,6396.0,6396.0,1100
2026-10-02 12:47:00,1790912820,6645.T,6395.0,6395.0,6388.0,6388.0,1400
2026-10-02 12:48:00,1790912880,6645.T,6388.0,6389.0,6386.0,6387.0,1400
2026-10-02 12:49:00,1790912940,6645.T,6386.0,6390.0,6386.0,6389.0,2300
2026-10-02 12:50:00,1790913000,6645.T,6387.0,6389.0,6386.0,6388.0,1700
2026-10-02 12:51:00,1790913060,6645.T,6386.0,6388.0,6384.0,6387.0,1700
2026-10-02 12:52:00,1790913120,6645.T,6388.0,6394.0,6387.0,6394.0,2400
2026-10-02 12:53:00,1790913180,6645.T,6397.0,6401.0,6397.0,6397.0,2100
2026-10-02 12:54:00,1790913240,6645.T,6398.0,6398.0,6395.0,6395.0,1200
2026-10-02 12:55:00,1790913300,6645.T,6395.0,6399.0,6393.0,6399.0,900
2026-10-02 12:56:00,1790913360,6645.T,6400.0,6402.0,6398.0,6398.0,800
2026-10-02 12:57:00,1790913420,6645.T,6397.0,6397.0,6397.0,6397.0,300
2026-10-02 12:58:00,1790913480,6645.T,6395.0,6403.0,6395.0,6401.0,2800
2026-10-02 12:59:00,1790913540,6645.T,6403.0,6407.0,6403.0,6407.0,500
2026-10-02 13:00:00,1790913600,6645.T,6408.0,6412.0,6408.0,6412.0,1300
2026-10-02 13:01:00,1790913660,6645.T,6413.0,6416.0,6413.0,6414.0,1400
2026-10-02 13:02:00,1790913720,6645.T,6415.0,6421.0,6414.0,6421.0,2000
2026-10-02 13:03:00,1790913780,6645.T,6421.0,6423.0,6418.0,6421.0,4600
2026-10-02 13:04:00,1790913840,6645.T,6419.0,6419.0,6415.0,6417.0,4800
2026-10-02 13:05:00,1790913900,6645.T,6419.0,6423.0,6418.0,6422.0,3400
2026-10-02 13:06:00,1790913960,6645.T,6421.0,6421.0,6412.0,6412.0,1800
2026-10-02 13:07:00,1790914020,6645.T,6410.0,6410.0,6407.0,6409.0,800
2026-10-02 13:08:00,1790914080,6645.T,6407.0,6413.0,6404.0,6413.0,3400
2026-10-02 13:09:00,1790914140,6645.T,6413.0,6414.0,6410.0,6411.0,1700
2026-10-02 13:10:00,1790914200,6645.T,6411.0,6411.0,6406.0,6410.0,1300
2026-10-02 13:11:00,1790914260,6645.T,6413.0,6413.0,6411.0,6411.0,300
2026-10-02 13:12:00,1790914320,6645.T,6403.0,6407.0,6403.0,6407.0,1500
2026-10-02 13:13:00,1790914380,6645.T,6405.0,6407.0,6399.0,6402.0,3500
2026-10-02 13:14:00,1790914440,6645.T,6402.0,6404.0,6399.0,6403.0,2700
2026-10-02 13:15:00,1790914500,6645.T,6402.0,6403.0,6400.0,6402.0,1100
2026-10-02 13:16:00,1790914560,6645.T,6404.0,6406.0,6402.0,6406.0,1000
2026-10-02 13:17:00,1790914620,6645.T,6407.0,6410.0,6407.0,6410.0,1500
2026-10-02 13:18:00,1790914680,6645.T,6407.0,6410.0,6407.0,6408.0,1700
2026-10-02 13:19:00,1790914740,6645.T,6410.0,6412.0,6410.0,6412.0,800
2026-10-02 13:20:00,1790914800,6645.T,6410.0,6411.0,6408.0,6410.0,700
2026-10-02 13:21:00,1790914860,6645.T,6411.0,6412.0,6407.0,6412.0,1700
2026-10-02 13:22:00,1790914920,6645.T,6410.0,6411.0,6410.0,6411.0,300
2026-10-02 13:23:00,1790914980,6645.T,6410.0,6412.0,6410.0,6412.0,1500
2026-10-02 13:24:00,1790915040,6645.T,6412.0,6415.0,6411.0,6413.0,1500
2026-10-02 13:25:00,1790915100,6645.T,6416.0,6418.0,6414.0,6417.0,2200
2026-10-02 13:26:00,1790915160,6645.T,6418.0,6421.0,6418.0,6420.0,2400
2026-10-02 13:27:00,1790915220,6645.T,6420.0,6420.0,6418.0,6418.0,500
2026-10-02 13:28:00,1790915280,6645.T,6417.0,6420.0,6412.0,6413.0,5800
2026-10-02 13:29:00,1790915340,6645.T,6413.0,6413.0,6409.0,6409.0,1000
2026-10-02 13:30:00,1790915400,6645.T,6411.0,6414.0,6411.0,6414.0,1600
2026-10-02 13:31:00,1790915460,6645.T,6416.0,6420.0,6416.0,6420.0,900
2026-10-02 13:32:00,1790915520,6645.T,6420.0,6425.0,6415.0,6422.0,6600
2026-10-02 13:33:00,1790915580,6645.T,6421.0,6421.0,6416.0,6416.0,2800
2026-10-02 13:34:00,1790915640,6645.T,6419.0,6424.0,6419.0,6421.0,1300
2026-10-02 13:35:00,1790915700,6645.T,6421.0,6422.0,6418.0,6419.0,2500
2026-10-02 13:36:00,1790915760,6645.T,6419.0,6425.0,6419.0,6424.0,4200
2026-10-02 13:37:00,1790915820,6645.T,6424.0,6425.0,6424.0,6424.0,1300
2026-10-02 13:38:00,1790915880,6645.T,6422.0,6422.0,6417.0,6420.0,1800
2026-10-02 13:39:00,1790915940,6645.T,6420.0,6420.0,6419.0,6420.0,500
2026-10-02 13:40:00,1790916000,6645.T,6419.0,6422.0,6418.0,6419.0,1500
2026-10-02 13:41:00,1790916060,6645.T,6419.0,6422.0,6419.0,6422.0,1000
2026-10-02 13:42:00,1790916120,6645.T,6421.0,6421.0,6418.0,6418.0,600
2026-10-02 13:43:00,1790916180,6645.T,6418.0,6418.0,6417.0,6417.0,700
2026-10-02 13:44:00,1790916240,6645.T,6419.0,6428.0,6419.0,6427.0,3700
2026-10-02 13:45:00,1790916300,6645.T,6427.0,6431.0,6426.0,6426.0,2000
2026-10-02 13:46:00,1790916360,6645.T,6428.0,6429.0,6427.0,6427.0,800
2026-10-02 13:47:00,1790916420,6645.T,6426.0,6426.0,6422.0,6422.0,1200
2026-10-02 13:48:00,1790916480,6645.T,6424.0,6433.0,6424.0,6433.0,2800
2026-10-02 13:49:00,1790916540,6645.T,6433.0,6435.0,6433.0,6435.0,600
2026-10-02 13:50:00,1790916600,6645.T,6434.0,6437.0,6433.0,6437.0,800
2026-10-02 13:51:00,1790916660,6645.T,6436.0,6437.0,6434.0,6436.0,1300
2026-10-02 13:52:00,1790916720,6645.T,6436.0,6437.0,6436.0,6436.0,300
2026-10-02 13:54:00,1790916840,6645.T,6439.0,6443.0,6436.0,6441.0,14000
2026-10-02 13:55:00,1790916900,6645.T,6440.0,6444.0,6437.0,6437.0,5200
2026-10-02 13:56:00,1790916960,6645.T,6437.0,6437.0,6434.0,6436.0,1400
2026-10-02 13:57:00,1790917020,6645.T,6436.0,6440.0,6435.0,6440.0,1100
2026-10-02 13:58:00,1790917080,6645.T,6439.0,6439.0,6438.0,6438.0,400
2026-10-02 13:59:00,1790917140,6645.T,6438.0,6442.0,6438.0,6442.0,1200
2026-10-02 14:00:00,1790917200,6645.T,6442.0,6442.0,6439.0,6441.0,1300
2026-10-02 14:01:00,1790917260,6645.T,6440.0,6441.0,6437.0,6437.0,1300
2026-10-02 14:02:00,1790917320,6645.T,6440.0,6440.0,6436.0,6439.0,1700
2026-10-02 14:03:00,1790917380,6645.T,6439.0,6440.0,6436.0,6436.0,1400
2026-10-02 14:04:00,1790917440,6645.T,6436.0,6436.0,6432.0,6432.0,1200
2026-10-02 14:05:00,1790917500,6645.T,6431.0,6432.0,6431.0,6432.0,1000
2026-10-02 14:06:00,1790917560,6645.T,6431.0,6434.0,6430.0,6430.0,4100
2026-10-02 14:07:00,1790917620,6645.T,6430.0,6432.0,6426.0,6430.0,3600
2026-10-02 14:08:00,1790917680,6645.T,6432.0,6438.0,6432.0,6438.0,1600
2026-10-02 14:09:00,1790917740,6645.T,6438.0,6439.0,6434.0,6434.0,1700
2026-10-02 14:10:00,1790917800,6645.T,6436.0,6438.0,6434.0,6438.0,1100
2026-10-02 14:11:00,1790917860,6645.T,6438.0,6438.0,6436.0,6436.0,1700
2026-10-02 14:12:00,1790917920,6645.T,6435.0,6435.0,6435.0,6435.0,600
2026-10-02 14:13:00,1790917980,6645.T,6436.0,6436.0,6434.0,6434.0,1300
2026-10-02 14:14:00,1790918040,6645.T,6434.0,6436.0,6433.0,6433.0,2600
2026-10-02 14:15:00,1790918100,6645.T,6434.0,6436.0,6433.0,6435.0,2700
2026-10-02 14:16:00,1790918160,6645.T,6434.0,6434.0,6434.0,6434.0,300
2026-10-02 14:17:00,1790918220,6645.T,6433.0,6435.0,6433.0,6434.0,2500
2026-10-02 14:18:00,1790918280,6645.T,6433.0,6438.0,6433.0,6438.0,2200
2026-10-02 14:19:00,1790918340,6645.T,6439.0,6449.0,6438.0,6443.0,4400
2026-10-02 14:20:00,1790918400,6645.T,6445.0,6445.0,6438.0,6439.0,6700
2026-10-02 14:21:00,1790918460,6645.T,6439.0,6439.0,6436.0,6436.0,800
2026-10-02 14:22:00,1790918520,6645.T,6436.0,6446.0,6435.0,6446.0,1900
2026-10-02 14:23:00,1790918580,6645.T,6443.0,6447.0,6443.0,6445.0,1500
2026-10-02 14:24:00,1790918640,6645.T,6448.0,6449.0,6447.0,6447.0,800
2026-10-02 14:25:00,1790918700,6645.T,6447.0,6447.0,6440.0,6441.0,4000
2026-10-02 14:26:00,1790918760,6645.T,6439.0,6439.0,6436.0,6436.0,2200
2026-10-02 14:27:00,1790918820,6645.T,6437.0,6439.0,6437.0,6437.0,2200
2026-10-02 14:28:00,1790918880,6645.T,6437.0,6440.0,6437.0,6439.0,2100
2026-10-02 14:29:00,1790918940,6645.T,6439.0,6440.0,6438.0,6440.0,2100
2026-10-02 14:30:00,1790919000,6645.T,6440.0,6441.0,6438.0,6440.0,1700
2026-10-02 14:31:00,1790919060,6645.T,6441.0,6441.0,6438.0,6439.0,800
2026-10-02 14:32:00,1790919120,6645.T,6439.0,6439.0,6435.0,6435.0,1900
2026-10-02 14:33:00,1790919180,6645.T,6434.0,6443.0,6434.0,6441.0,4200
2026-10-02 14:34:00,1790919240,6645.T,6441.0,6442.0,6438.0,6441.0,3200
2026-10-02 14:35:00,1790919300,6645.T,6440.0,6441.0,6439.0,6441.0,1400
2026-10-02 14:36:00,1790919360,6645.T,6440.0,6440.0,6438.0,6438.0,2100
2026-10-02 14:37:00,1790919420,6645.T,6437.0,6439.0,6437.0,6437.0,1600
2026-10-02 14:38:00,1790919480,6645.T,6438.0,6442.0,6438.0,6441.0,3100
2026-10-02 14:39:00,1790919540,6645.T,6440.0,6440.0,6437.0,6437.0,1300
2026-10-02 14:40:00,1790919600,6645.T,6438.0,6438.0,6433.0,6433.0,1200
2026-10-02 14:41:00,1790919660,6645.T,6435.0,6437.0,6432.0,6434.0,6500
2026-10-02 14:42:00,1790919720,6645.T,6433.0,6436.0,6433.0,6436.0,1900
2026-10-02 14:43:00,1790919780,6645.T,6434.0,6435.0,6434.0,6435.0,300
2026-10-02 14:44:00,1790919840,6645.T,6433.0,6436.0,6433.0,6435.0,2600
2026-10-02 14:45:00,1790919900,6645.T,6433.0,6433.0,6429.0,6429.0,1400
2026-10-02 14:46:00,1790919960,6645.T,6427.0,6433.0,6426.0,6431.0,2400
2026-10-02 14:47:00,1790920020,6645.T,6433.0,6433.0,6427.0,6427.0,1500
2026-10-02 14:48:00,1790920080,6645.T,6426.0,6427.0,6424.0,6425.0,1900
2026-10-02 14:49:00,1790920140,6645.T,6425.0,6425.0,6425.0,6425.0,300
2026-10-02 14:50:00,1790920200,6645.T,6425.0,6430.0,6425.0,6427.0,3600
2026-10-02 14:51:00,1790920260,6645.T,6429.0,6429.0,6428.0,6428.0,900
2026-10-02 14:52:00,1790920320,6645.T,6429.0,6431.0,6429.0,6429.0,2500
2026-10-02 14:53:00,1790920380,6645.T,6431.0,6433.0,6430.0,6430.0,2000
2026-10-02 14:54:00,1790920440,6645.T,6432.0,6434.0,6431.0,6432.0,3400
2026-10-02 14:55:00,1790920500,6645.T,6431.0,6431.0,6428.0,6428.0,1900
2026-10-02 14:56:00,1790920560,6645.T,6428.0,6430.0,6426.0,6426.0,2300
2026-10-02 14:57:00,1790920620,6645.T,6425.0,6430.0,6425.0,6429.0,2300
2026-10-02 14:58:00,1790920680,6645.T,6430.0,6433.0,6430.0,6433.0,1600
2026-10-02 14:59:00,1790920740,6645.T,6432.0,6444.0,6432.0,6440.0,7800
2026-10-02 15:00:00,1790920800,6645.T,6440.0,6440.0,6435.0,6436.0,2400
2026-10-02 15:01:00,1790920860,6645.T,6438.0,6439.0,6437.0,6438.0,1800
2026-10-02 15:02:00,1790920920,6645.T,6438.0,6438.0,6435.0,6435.0,2400
2026-10-02 15:03:00,1790920980,6645.T,6435.0,6435.0,6432.0,6433.0,2400
2026-10-02 15:04:00,1790921040,6645.T,6432.0,6436.0,6431.0,6436.0,1900
2026-10-02 15:05:00,1790921100,6645.T,6436.0,6438.0,6436.0,6437.0,1900
2026-10-02 15:06:00,1790921160,6645.T,6439.0,6440.0,6437.0,6438.0,2300
2026-10-02 15:07:00,1790921220,6645.T,6439.0,6444.0,6439.0,6443.0,3000
2026-10-02 15:08:00,1790921280,6645.T,6442.0,6443.0,6441.0,6443.0,1700
2026-10-02 15:09:00,1790921340,6645.T,6442.0,6442.0,6441.0,6441.0,1100
2026-10-02 15:10:00,1790921400,6645.T,6441.0,6442.0,6438.0,6439.0,1800
2026-10-02 15:11:00,1790921460,6645.T,6440.0,6440.0,6433.0,6434.0,2100
2026-10-02 15:12:00,1790921520,6645.T,6434.0,6435.0,6431.0,6431.0,1800
2026-10-02 15:13:00,1790921580,6645.T,6432.0,6435.0,6430.0,6431.0,3300
2026-10-02 15:14:00,1790921640,6645.T,6430.0,6432.0,6430.0,6431.0,800
2026-10-02 15:15:00,1790921700,6645.T,6431.0,6431.0,6427.0,6427.0,2200
2026-10-02 15:16:00,1790921760,6645.T,6426.0,6431.0,6424.0,6424.0,5500
2026-10-02 15:17:00,1790921820,6645.T,6426.0,6426.0,6422.0,6424.0,5100
2026-10-02 15:18:00,1790921880,6645.T,6424.0,6426.0,6423.0,6425.0,3700
2026-10-02 15:19:00,1790921940,6645.T,6423.0,6425.0,6423.0,6425.0,1300
2026-10-02 15:20:00,1790922000,6645.T,6426.0,6428.0,6410.0,6413.0,11600
2026-10-02 15:21:00,1790922060,6645.T,6414.0,6418.0,6414.0,6414.0,4900
2026-10-02 15:22:00,1790922120,6645.T,6413.0,6414.0,6411.0,6413.0,1700
2026-10-02 15:23:00,1790922180,6645.T,6414.0,6414.0,6409.0,6409.0,5600
2026-10-02 15:24:00,1790922240,6645.T,6411.0,6416.0,6402.0,6410.0,9900
2026-10-02 15:30:00,1790922600,6645.T,6396.0,6396.0,6396.0,6396.0,0
2026-10-05 09:03:00,1791158580,6645.T,6533.0,6553.0,6507.0,6519.0,54200
2026-10-05 09:04:00,1791158640,6645.T,6518.0,6541.0,6487.0,6489.0,14700
2026-10-05 09:05:00,1791158700,6645.T,6489.0,6503.0,6477.0,6502.0,0
2026-10-05 09:06:00,1791158760,6645.T,6504.0,6511.0,6491.0,6499.0,3800
2026-10-05 09:07:00,1791158820,6645.T,6492.0,6505.0,6490.0,6502.0,2900
2026-10-05 09:08:00,1791158880,6645.T,6501.0,6509.0,6500.0,6506.0,2400
2026-10-05 09:09:00,1791158940,6645.T,6504.0,6513.0,6501.0,6513.0,2500
2026-10-05 09:10:00,1791159000,6645.T,6514.0,6519.0,6505.0,6512.0,2000
2026-10-05 09:11:00,1791159060,6645.T,6509.0,6513.0,6504.0,6511.0,3500
2026-10-05 09:12:00,1791159120,6645.T,6501.0,6508.0,6499.0,6508.0,2000
2026-10-05 09:13:00,1791159180,6645.T,6507.0,6508.0,6504.0,6507.0,800
2026-10-05 09:14:00,1791159240,6645.T,6512.0,6521.0,6512.0,6521.0,1900
2026-10-05 09:15:00,1791159300,6645.T,6520.0,6540.0,6520.0,6534.0,6400
2026-10-05 09:16:00,1791159360,6645.T,6534.0,6538.0,6523.0,6525.0,1900
2026-10-05 09:17:00,1791159420,6645.T,6527.0,6540.0,6527.0,6534.0,1500
2026-10-05 09:18:00,1791159480,6645.T,6533.0,6538.0,6532.0,6532.0,1100
2026-10-05 09:19:00,1791159540,6645.T,6529.0,6535.0,6529.0,6535.0,400
2026-10-05 09:20:00,1791159600,6645.T,6534.0,6540.0,6533.0,6536.0,2800
2026-10-05 09:21:00,1791159660,6645.T,6537.0,6543.0,6537.0,6543.0,800
2026-10-05 09:22:00,1791159720,6645.T,6545.0,6559.0,6545.0,6559.0,4400
2026-10-05 09:23:00,1791159780,6645.T,6560.0,6563.0,6554.0,6555.0,2900
2026-10-05 09:24:00,1791159840,6645.T,6557.0,6558.0,6552.0,6555.0,1400
2026-10-05 09:25:00,1791159900,6645.T,6550.0,6550.0,6543.0,6547.0,2700
2026-10-05 09:26:00,1791159960,6645.T,6543.0,6544.0,6543.0,6544.0,300
2026-10-05 09:27:00,1791160020,6645.T,6543.0,6550.0,6542.0,6550.0,1200
2026-10-05 09:28:00,1791160080,6645.T,6550.0,6550.0,6542.0,6548.0,1300
2026-10-05 09:29:00,1791160140,6645.T,6544.0,6545.0,6535.0,6537.0,1300
2026-10-05 09:30:00,1791160200,6645.T,6541.0,6544.0,6539.0,6543.0,2200
2026-10-05 09:31:00,1791160260,6645.T,6541.0,6544.0,6537.0,6539.0,1200
2026-10-05 09:32:00,1791160320,6645.T,6535.0,6541.0,6534.0,6541.0,1000
2026-10-05 09:33:00,1791160380,6645.T,6534.0,6534.0,6529.0,6533.0,500
2026-10-05 09:34:00,1791160440,6645.T,6532.0,6540.0,6529.0,6540.0,3000
2026-10-05 09:35:00,1791160500,6645.T,6540.0,6541.0,6533.0,6537.0,2000
2026-10-05 09:36:00,1791160560,6645.T,6538.0,6541.0,6535.0,6537.0,15400
2026-10-05 09:37:00,1791160620,6645.T,6537.0,6540.0,6533.0,6538.0,2600
2026-10-05 09:38:00,1791160680,6645.T,6534.0,6536.0,6532.0,6532.0,300
2026-10-05 09:39:00,1791160740,6645.T,6530.0,6531.0,6529.0,6531.0,1100
2026-10-05 09:40:00,1791160800,6645.T,6534.0,6535.0,6529.0,6529.0,1300
2026-10-05 09:41:00,1791160860,6645.T,6531.0,6531.0,6524.0,6524.0,800
2026-10-05 09:42:00,1791160920,6645.T,6522.0,6522.0,6516.0,6520.0,1400
2026-10-05 09:43:00,1791160980,6645.T,6523.0,6523.0,6518.0,6519.0,900
2026-10-05 09:44:00,1791161040,6645.T,6519.0,6519.0,6511.0,6511.0,1300
2026-10-05 09:45:00,1791161100,6645.T,6513.0,6516.0,6512.0,6512.0,1400
2026-10-05 09:46:00,1791161160,6645.T,6512.0,6513.0,6510.0,6510.0,1200
2026-10-05 09:47:00,1791161220,6645.T,6511.0,6513.0,6506.0,6510.0,1200
2026-10-05 09:48:00,1791161280,6645.T,6510.0,6514.0,6509.0,6509.0,1100
2026-10-05 09:49:00,1791161340,6645.T,6508.0,6508.0,6508.0,6508.0,200
2026-10-05 09:50:00,1791161400,6645.T,6510.0,6514.0,6508.0,6514.0,2000
2026-10-05 09:51:00,1791161460,6645.T,6515.0,6519.0,6513.0,6519.0,1400
2026-10-05 09:52:00,1791161520,6645.T,6520.0,6522.0,6516.0,6516.0,1100
2026-10-05 09:53:00,1791161580,6645.T,6513.0,6515.0,6513.0,6513.0,500
2026-10-05 09:54:00,1791161640,6645.T,6513.0,6513.0,6507.0,6511.0,2300
2026-10-05 09:55:00,1791161700,6645.T,6512.0,6514.0,6510.0,6510.0,700
2026-10-05 09:56:00,1791161760,6645.T,6510.0,6510.0,6505.0,6507.0,2100
2026-10-05 09:57:00,1791161820,6645.T,6509.0,6510.0,6495.0,6495.0,1700
2026-10-05 09:58:00,1791161880,6645.T,6492.0,6512.0,6491.0,6512.0,3300
2026-10-05 09:59:00,1791161940,6645.T,6512.0,6528.0,6512.0,6523.0,4200
2026-10-05 10:00:00,1791162000,6645.T,6521.0,6521.0,6517.0,6517.0,600
2026-10-05 10:01:00,1791162060,6645.T,6515.0,6519.0,6513.0,6519.0,1400
2026-10-05 10:02:00,1791162120,6645.T,6517.0,6525.0,6516.0,6525.0,1600
2026-10-05 10:03:00,1791162180,6645.T,6526.0,6526.0,6521.0,6521.0,400
2026-10-05 10:04:00,1791162240,6645.T,6519.0,6522.0,6519.0,6521.0,500
2026-10-05 10:05:00,1791162300,6645.T,6520.0,6520.0,6508.0,6508.0,10700
2026-10-05 10:06:00,1791162360,6645.T,6509.0,6512.0,6509.0,6511.0,1600
2026-10-05 10:07:00,1791162420,6645.T,6509.0,6509.0,6502.0,6502.0,1100
2026-10-05 10:08:00,1791162480,6645.T,6503.0,6509.0,6502.0,6507.0,1200
2026-10-05 10:09:00,1791162540,6645.T,6504.0,6517.0,6504.0,6514.0,5000
2026-10-05 10:10:00,1791162600,6645.T,6514.0,6524.0,6514.0,6524.0,1300
2026-10-05 10:11:00,1791162660,6645.T,6522.0,6535.0,6521.0,6532.0,2100
2026-10-05 10:12:00,1791162720,6645.T,6535.0,6538.0,6533.0,6533.0,1400
2026-10-05 10:13:00,1791162780,6645.T,6533.0,6536.0,6531.0,6532.0,900
2026-10-05 10:14:00,1791162840,6645.T,6528.0,6535.0,6527.0,6535.0,1100
2026-10-05 10:15:00,1791162900,6645.T,6535.0,6535.0,6526.0,6529.0,2000
2026-10-05 10:16:00,1791162960,6645.T,6528.0,6530.0,6527.0,6529.0,900
2026-10-05 10:17:00,1791163020,6645.T,6530.0,6537.0,6528.0,6535.0,1400
2026-10-05 10:18:00,1791163080,6645.T,6536.0,6543.0,6534.0,6539.0,17300
2026-10-05 10:19:00,1791163140,6645.T,6538.0,6540.0,6536.0,6537.0,2000
2026-10-05 10:20:00,1791163200,6645.T,6540.0,6552.0,6537.0,6550.0,15900
2026-10-05 10:21:00,1791163260,6645.T,6548.0,6559.0,6545.0,6549.0,13300
2026-10-05 10:22:00,1791163320,6645.T,6550.0,6552.0,6538.0,6538.0,3300
2026-10-05 10:23:00,1791163380,6645.T,6540.0,6554.0,6538.0,6554.0,3900
2026-10-05 10:24:00,1791163440,6645.T,6553.0,6558.0,6552.0,6556.0,2100
2026-10-05 10:25:00,1791163500,6645.T,6558.0,6563.0,6558.0,6559.0,3500
2026-10-05 10:26:00,1791163560,6645.T,6560.0,6565.0,6559.0,6563.0,1600
2026-10-05 10:27:00,1791163620,6645.T,6563.0,6567.0,6561.0,6566.0,4600
2026-10-05 10:28:00,1791163680,6645.T,6567.0,6569.0,6564.0,6565.0,2900
2026-10-05 10:29:00,1791163740,6645.T,6567.0,6569.0,6566.0,6566.0,1500
2026-10-05 10:30:00,1791163800,6645.T,6567.0,6567.0,6562.0,6565.0,1500
2026-10-05 10:31:00,1791163860,6645.T,6566.0,6567.0,6563.0,6565.0,2900
2026-10-05 10:32:00,1791163920,6645.T,6564.0,6565.0,6559.0,6561.0,2700
2026-10-05 10:33:00,1791163980,6645.T,6561.0,6563.0,6560.0,6563.0,1200
2026-10-05 10:34:00,1791164040,6645.T,6564.0,6564.0,6559.0,6563.0,1100
2026-10-05 10:35:00,1791164100,6645.T,6561.0,6568.0,6561.0,6568.0,3600
2026-10-05 10:36:00,1791164160,6645.T,6570.0,6574.0,6561.0,6571.0,25400
2026-10-05 10:37:00,1791164220,6645.T,6572.0,6582.0,6572.0,6582.0,4900
2026-10-05 10:38:00,1791164280,6645.T,6584.0,6584.0,6573.0,6577.0,25600
2026-10-05 10:39:00,1791164340,6645.T,6577.0,6579.0,6572.0,6579.0,2100
2026-10-05 10:40:00,1791164400,6645.T,6577.0,6585.0,6577.0,6585.0,1800
2026-10-05 10:41:00,1791164460,6645.T,6582.0,6582.0,6577.0,6579.0,2000
2026-10-05 10:42:00,1791164520,6645.T,6579.0,6579.0,6569.0,6569.0,1500
2026-10-05 10:43:00,1791164580,6645.T,6572.0,6581.0,6572.0,6573.0,25200
2026-10-05 10:44:00,1791164640,6645.T,6576.0,6579.0,6576.0,6579.0,900
2026-10-05 10:45:00,1791164700,6645.T,6580.0,6582.0,6580.0,6582.0,700
2026-10-05 10:46:00,1791164760,6645.T,6581.0,6581.0,6575.0,6578.0,9800
2026-10-05 10:47:00,1791164820,6645.T,6576.0,6576.0,6572.0,6572.0,1100
2026-10-05 10:48:00,1791164880,6645.T,6573.0,6576.0,6573.0,6575.0,1100
2026-10-05 10:49:00,1791164940,6645.T,6574.0,6574.0,6565.0,6565.0,1600
2026-10-05 10:50:00,1791165000,6645.T,6561.0,6561.0,6557.0,6559.0,1400
2026-10-05 10:51:00,1791165060,6645.T,6558.0,6558.0,6550.0,6550.0,2400
2026-10-05 10:52:00,1791165120,6645.T,6552.0,6553.0,6547.0,6551.0,1600
2026-10-05 10:53:00,1791165180,6645.T,6552.0,6556.0,6552.0,6552.0,1400
2026-10-05 10:54:00,1791165240,6645.T,6555.0,6558.0,6555.0,6558.0,700
2026-10-05 10:55:00,1791165300,6645.T,6556.0,6558.0,6555.0,6558.0,1200
2026-10-05 10:56:00,1791165360,6645.T,6558.0,6558.0,6554.0,6557.0,1600
2026-10-05 10:57:00,1791165420,6645.T,6559.0,6563.0,6559.0,6563.0,1800
2026-10-05 10:58:00,1791165480,6645.T,6563.0,6563.0,6558.0,6559.0,1200
2026-10-05 10:59:00,1791165540,6645.T,6563.0,6566.0,6563.0,6565.0,800
2026-10-05 11:00:00,1791165600,6645.T,6564.0,6570.0,6564.0,6568.0,1600
2026-10-05 11:01:00,1791165660,6645.T,6568.0,6573.0,6568.0,6573.0,1500
2026-10-05 11:02:00,1791165720,6645.T,6571.0,6571.0,6567.0,6569.0,3000
2026-10-05 11:03:00,1791165780,6645.T,6568.0,6568.0,6564.0,6567.0,1100
2026-10-05 11:04:00,1791165840,6645.T,6569.0,6569.0,6565.0,6567.0,1100
2026-10-05 11:05:00,1791165900,6645.T,6566.0,6568.0,6566.0,6568.0,1100
2026-10-05 11:06:00,1791165960,6645.T,6567.0,6573.0,6566.0,6573.0,2400
2026-10-05 11:07:00,1791166020,6645.T,6570.0,6570.0,6567.0,6568.0,1100
2026-10-05 11:08:00,1791166080,6645.T,6569.0,6569.0,6566.0,6567.0,1200
2026-10-05 11:09:00,1791166140,6645.T,6569.0,6572.0,6569.0,6572.0,700
2026-10-05 11:10:00,1791166200,6645.T,6572.0,6577.0,6572.0,6575.0,2900
2026-10-05 11:11:00,1791166260,6645.T,6571.0,6577.0,6571.0,6573.0,2500
2026-10-05 11:12:00,1791166320,6645.T,6576.0,6576.0,6567.0,6567.0,3300
2026-10-05 11:13:00,1791166380,6645.T,6567.0,6567.0,6563.0,6565.0,1500
2026-10-05 11:14:00,1791166440,6645.T,6565.0,6569.0,6565.0,6569.0,1000
2026-10-05 11:15:00,1791166500,6645.T,6570.0,6571.0,6569.0,6569.0,800
2026-10-05 11:16:00,1791166560,6645.T,6567.0,6567.0,6566.0,6567.0,300
2026-10-05 11:17:00,1791166620,6645.T,6566.0,6566.0,6566.0,6566.0,100
2026-10-05 11:18:00,1791166680,6645.T,6566.0,6566.0,6564.0,6564.0,1000
2026-10-05 11:19:00,1791166740,6645.T,6563.0,6567.0,6563.0,6565.0,1500
2026-10-05 11:20:00,1791166800,6645.T,6564.0,6571.0,6564.0,6571.0,2900
2026-10-05 11:21:00,1791166860,6645.T,6571.0,6572.0,6570.0,6570.0,1100
2026-10-05 11:22:00,1791166920,6645.T,6571.0,6572.0,6570.0,6572.0,1600
2026-10-05 11:23:00,1791166980,6645.T,6572.0,6580.0,6572.0,6578.0,3000
2026-10-05 11:24:00,1791167040,6645.T,6577.0,6584.0,6577.0,6582.0,2100
2026-10-05 11:25:00,1791167100,6645.T,6583.0,6583.0,6579.0,6580.0,1300
2026-10-05 11:26:00,1791167160,6645.T,6579.0,6579.0,6576.0,6576.0,1100
2026-10-05 11:27:00,1791167220,6645.T,6576.0,6580.0,6575.0,6577.0,3800
2026-10-05 11:28:00,1791167280,6645.T,6576.0,6583.0,6576.0,6582.0,3300
2026-10-05 11:29:00,1791167340,6645.T,6582.0,6585.0,6582.0,6585.0,800
2026-10-05 11:30:00,1791167400,6645.T,6581.0,6581.0,6581.0,6581.0,4700
2026-10-05 12:30:00,1791171000,6645.T,6580.0,6582.0,6574.0,6581.0,16600
2026-10-05 12:31:00,1791171060,6645.T,6579.0,6579.0,6573.0,6574.0,3600
2026-10-05 12:32:00,1791171120,6645.T,6574.0,6577.0,6572.0,6573.0,2600
2026-10-05 12:33:00,1791171180,6645.T,6574.0,6577.0,6574.0,6575.0,1700
2026-10-05 12:34:00,1791171240,6645.T,6577.0,6577.0,6568.0,6571.0,2200
2026-10-05 12:35:00,1791171300,6645.T,6569.0,6571.0,6568.0,6570.0,1700
2026-10-05 12:36:00,1791171360,6645.T,6570.0,6572.0,6568.0,6571.0,1600
2026-10-05 12:37:00,1791171420,6645.T,6571.0,6571.0,6570.0,6571.0,300
2026-10-05 12:38:00,1791171480,6645.T,6570.0,6572.0,6567.0,6567.0,1300
2026-10-05 12:39:00,1791171540,6645.T,6564.0,6566.0,6564.0,6565.0,1100
2026-10-05 12:40:00,1791171600,6645.T,6568.0,6570.0,6568.0,6570.0,600
2026-10-05 12:41:00,1791171660,6645.T,6569.0,6569.0,6560.0,6563.0,5900
2026-10-05 12:42:00,1791171720,6645.T,6564.0,6564.0,6562.0,6562.0,900
2026-10-05 12:43:00,1791171780,6645.T,6564.0,6565.0,6558.0,6560.0,1400
2026-10-05 12:44:00,1791171840,6645.T,6561.0,6562.0,6561.0,6562.0,800
2026-10-05 12:45:00,1791171900,6645.T,6562.0,6564.0,6561.0,6564.0,900
2026-10-05 12:46:00,1791171960,6645.T,6565.0,6565.0,6562.0,6562.0,1600
2026-10-05 12:47:00,1791172020,6645.T,6563.0,6565.0,6561.0,6561.0,1400
2026-10-05 12:48:00,1791172080,6645.T,6560.0,6560.0,6556.0,6556.0,400
2026-10-05 12:49:00,1791172140,6645.T,6558.0,6559.0,6557.0,6557.0,800
2026-10-05 12:50:00,1791172200,6645.T,6559.0,6559.0,6550.0,6550.0,1900
2026-10-05 12:51:00,1791172260,6645.T,6550.0,6550.0,6546.0,6546.0,1000
2026-10-05 12:52:00,1791172320,6645.T,6548.0,6552.0,6548.0,6550.0,1800
2026-10-05 12:53:00,1791172380,6645.T,6550.0,6550.0,6545.0,6545.0,1200
2026-10-05 12:54:00,1791172440,6645.T,6545.0,6545.0,6543.0,6545.0,1200
2026-10-05 12:55:00,1791172500,6645.T,6543.0,6550.0,6543.0,6550.0,2000
2026-10-05 12:56:00,1791172560,6645.T,6548.0,6549.0,6548.0,6549.0,600
2026-10-05 12:57:00,1791172620,6645.T,6550.0,6551.0,6547.0,6547.0,1500
2026-10-05 12:58:00,1791172680,6645.T,6548.0,6550.0,6547.0,6547.0,800
2026-10-05 12:59:00,1791172740,6645.T,6548.0,6554.0,6548.0,6554.0,1100
2026-10-05 13:00:00,1791172800,6645.T,6557.0,6557.0,6553.0,6553.0,1700
2026-10-05 13:01:00,1791172860,6645.T,6556.0,6558.0,6556.0,6558.0,800
2026-10-05 13:02:00,1791172920,6645.T,6558.0,6561.0,6558.0,6559.0,1700
2026-10-05 13:03:00,1791172980,6645.T,6560.0,6560.0,6555.0,6555.0,2600
2026-10-05 13:04:00,1791173040,6645.T,6555.0,6559.0,6554.0,6554.0,1700
2026-10-05 13:05:00,1791173100,6645.T,6556.0,6562.0,6556.0,6562.0,1600
2026-10-05 13:06:00,1791173160,6645.T,6562.0,6562.0,6559.0,6561.0,900
2026-10-05 13:07:00,1791173220,6645.T,6561.0,6562.0,6558.0,6558.0,800
2026-10-05 13:08:00,1791173280,6645.T,6559.0,6560.0,6557.0,6560.0,1300
2026-10-05 13:09:00,1791173340,6645.T,6560.0,6560.0,6559.0,6559.0,400
2026-10-05 13:10:00,1791173400,6645.T,6560.0,6562.0,6559.0,6562.0,1700
2026-10-05 13:11:00,1791173460,6645.T,6564.0,6564.0,6560.0,6560.0,500
2026-10-05 13:12:00,1791173520,6645.T,6563.0,6563.0,6558.0,6558.0,1200
2026-10-05 13:13:00,1791173580,6645.T,6560.0,6561.0,6560.0,6560.0,1000
2026-10-05 13:14:00,1791173640,6645.T,6560.0,6565.0,6560.0,6564.0,2100
2026-10-05 13:15:00,1791173700,6645.T,6564.0,6569.0,6564.0,6567.0,2300
2026-10-05 13:16:00,1791173760,6645.T,6566.0,6567.0,6565.0,6567.0,1100
2026-10-05 13:17:00,1791173820,6645.T,6567.0,6568.0,6567.0,6567.0,300
2026-10-05 13:18:00,1791173880,6645.T,6569.0,6570.0,6567.0,6567.0,1200
2026-10-05 13:19:00,1791173940,6645.T,6566.0,6566.0,6565.0,6565.0,600
2026-10-05 13:20:00,1791174000,6645.T,6566.0,6571.0,6566.0,6569.0,1400
2026-10-05 13:21:00,1791174060,6645.T,6568.0,6568.0,6565.0,6565.0,1200
2026-10-05 13:22:00,1791174120,6645.T,6564.0,6567.0,6563.0,6567.0,1200
2026-10-05 13:23:00,1791174180,6645.T,6569.0,6569.0,6566.0,6566.0,600
2026-10-05 13:24:00,1791174240,6645.T,6565.0,6567.0,6563.0,6565.0,1500
2026-10-05 13:25:00,1791174300,6645.T,6567.0,6568.0,6566.0,6567.0,1200
2026-10-05 13:26:00,1791174360,6645.T,6566.0,6566.0,6565.0,6566.0,600
2026-10-05 13:27:00,1791174420,6645.T,6568.0,6572.0,6567.0,6572.0,2700
2026-10-05 13:28:00,1791174480,6645.T,6569.0,6569.0,6569.0,6569.0,100
2026-10-05 13:29:00,1791174540,6645.T,6567.0,6567.0,6564.0,6564.0,2300
2026-10-05 13:30:00,1791174600,6645.T,6566.0,6571.0,6566.0,6571.0,1500
2026-10-05 13:31:00,1791174660,6645.T,6573.0,6574.0,6571.0,6571.0,1900
2026-10-05 13:32:00,1791174720,6645.T,6572.0,6572.0,6570.0,6570.0,200
2026-10-05 13:33:00,1791174780,6645.T,6572.0,6575.0,6572.0,6575.0,900
2026-10-05 13:34:00,1791174840,6645.T,6575.0,6576.0,6570.0,6570.0,2300
2026-10-05 13:35:00,1791174900,6645.T,6572.0,6572.0,6570.0,6570.0,900
2026-10-05 13:36:00,1791174960,6645.T,6572.0,6576.0,6572.0,6576.0,1400
2026-10-05 13:37:00,1791175020,6645.T,6576.0,6579.0,6576.0,6579.0,300
2026-10-05 13:38:00,1791175080,6645.T,6578.0,6579.0,6577.0,6578.0,1300
2026-10-05 13:39:00,1791175140,6645.T,6577.0,6578.0,6573.0,6573.0,2200
2026-10-05 13:40:00,1791175200,6645.T,6573.0,6573.0,6572.0,6572.0,1200
2026-10-05 13:41:00,1791175260,6645.T,6572.0,6575.0,6572.0,6575.0,900
2026-10-05 13:42:00,1791175320,6645.T,6576.0,6579.0,6576.0,6578.0,10700
2026-10-05 13:43:00,1791175380,6645.T,6578.0,6579.0,6576.0,6578.0,1800
2026-10-05 13:44:00,1791175440,6645.T,6578.0,6579.0,6578.0,6578.0,400
2026-10-05 13:45:00,1791175500,6645.T,6577.0,6580.0,6577.0,6580.0,1100
2026-10-05 13:46:00,1791175560,6645.T,6579.0,6583.0,6579.0,6583.0,1800
2026-10-05 13:47:00,1791175620,6645.T,6582.0,6584.0,6582.0,6584.0,2800
2026-10-05 13:48:00,1791175680,6645.T,6584.0,6584.0,6582.0,6584.0,1300
2026-10-05 13:49:00,1791175740,6645.T,6584.0,6584.0,6582.0,6583.0,1600
2026-10-05 13:50:00,1791175800,6645.T,6582.0,6583.0,6582.0,6582.0,1200
2026-10-05 13:51:00,1791175860,6645.T,6583.0,6583.0,6580.0,6582.0,2500
2026-10-05 13:52:00,1791175920,6645.T,6583.0,6584.0,6577.0,6577.0,3100
2026-10-05 13:53:00,1791175980,6645.T,6578.0,6578.0,6576.0,6576.0,2300
2026-10-05 13:54:00,1791176040,6645.T,6576.0,6577.0,6575.0,6576.0,500
2026-10-05 13:55:00,1791176100,6645.T,6577.0,6579.0,6577.0,6577.0,1500
2026-10-05 13:56:00,1791176160,6645.T,6577.0,6577.0,6572.0,6574.0,2000
2026-10-05 13:57:00,1791176220,6645.T,6576.0,6578.0,6576.0,6578.0,700
2026-10-05 13:58:00,1791176280,6645.T,6578.0,6578.0,6576.0,6576.0,800
2026-10-05 13:59:00,1791176340,6645.T,6578.0,6578.0,6577.0,6577.0,300
2026-10-05 14:00:00,1791176400,6645.T,6578.0,6578.0,6577.0,6578.0,1100
2026-10-05 14:01:00,1791176460,6645.T,6578.0,6578.0,6576.0,6578.0,1200
2026-10-05 14:02:00,1791176520,6645.T,6576.0,6579.0,6576.0,6579.0,1800
2026-10-05 14:03:00,1791176580,6645.T,6580.0,6585.0,6579.0,6580.0,3900
2026-10-05 14:04:00,1791176640,6645.T,6580.0,6580.0,6575.0,6575.0,1600
2026-10-05 14:05:00,1791176700,6645.T,6579.0,6580.0,6579.0,6579.0,1000
2026-10-05 14:06:00,1791176760,6645.T,6580.0,6580.0,6576.0,6578.0,1300
2026-10-05 14:07:00,1791176820,6645.T,6579.0,6579.0,6576.0,6576.0,1000
2026-10-05 14:08:00,1791176880,6645.T,6576.0,6577.0,6576.0,6577.0,300
2026-10-05 14:09:00,1791176940,6645.T,6578.0,6579.0,6574.0,6575.0,3800
2026-10-05 14:10:00,1791177000,6645.T,6576.0,6578.0,6576.0,6577.0,1000
2026-10-05 14:11:00,1791177060,6645.T,6578.0,6580.0,6578.0,6579.0,2200
2026-10-05 14:12:00,1791177120,6645.T,6581.0,6581.0,6573.0,6574.0,2800
2026-10-05 14:13:00,1791177180,6645.T,6573.0,6576.0,6573.0,6576.0,1100
2026-10-05 14:14:00,1791177240,6645.T,6578.0,6581.0,6578.0,6580.0,1200
2026-10-05 14:15:00,1791177300,6645.T,6580.0,6580.0,6569.0,6571.0,6000
2026-10-05 14:16:00,1791177360,6645.T,6570.0,6570.0,6570.0,6570.0,100
2026-10-05 14:17:00,1791177420,6645.T,6569.0,6569.0,6565.0,6566.0,2700
2026-10-05 14:18:00,1791177480,6645.T,6565.0,6566.0,6565.0,6565.0,700
2026-10-05 14:19:00,1791177540,6645.T,6564.0,6565.0,6564.0,6565.0,300
2026-10-05 14:20:00,1791177600,6645.T,6565.0,6565.0,6562.0,6564.0,2400
2026-10-05 14:21:00,1791177660,6645.T,6565.0,6565.0,6563.0,6563.0,1000
2026-10-05 14:22:00,1791177720,6645.T,6562.0,6562.0,6559.0,6562.0,2000
2026-10-05 14:23:00,1791177780,6645.T,6562.0,6563.0,6559.0,6559.0,1000
2026-10-05 14:24:00,1791177840,6645.T,6559.0,6562.0,6559.0,6562.0,1700
2026-10-05 14:25:00,1791177900,6645.T,6561.0,6563.0,6561.0,6563.0,500
2026-10-05 14:26:00,1791177960,6645.T,6563.0,6564.0,6562.0,6562.0,1800
2026-10-05 14:27:00,1791178020,6645.T,6562.0,6562.0,6562.0,6562.0,700
2026-10-05 14:28:00,1791178080,6645.T,6562.0,6564.0,6560.0,6564.0,1800
2026-10-05 14:29:00,1791178140,6645.T,6564.0,6566.0,6563.0,6563.0,2200
2026-10-05 14:30:00,1791178200,6645.T,6562.0,6565.0,6562.0,6565.0,2000
2026-10-05 14:31:00,1791178260,6645.T,6566.0,6568.0,6565.0,6568.0,1400
2026-10-05 14:32:00,1791178320,6645.T,6569.0,6570.0,6567.0,6568.0,2200
2026-10-05 14:33:00,1791178380,6645.T,6568.0,6568.0,6565.0,6565.0,900
2026-10-05 14:34:00,1791178440,6645.T,6566.0,6566.0,6565.0,6565.0,1400
2026-10-05 14:35:00,1791178500,6645.T,6564.0,6564.0,6562.0,6562.0,1100
2026-10-05 14:36:00,1791178560,6645.T,6563.0,6565.0,6562.0,6565.0,1100
2026-10-05 14:37:00,1791178620,6645.T,6565.0,6566.0,6565.0,6565.0,800
2026-10-05 14:38:00,1791178680,6645.T,6565.0,6567.0,6565.0,6567.0,800
2026-10-05 14:39:00,1791178740,6645.T,6568.0,6575.0,6568.0,6573.0,4400
2026-10-05 14:40:00,1791178800,6645.T,6574.0,6574.0,6572.0,6572.0,1200
2026-10-05 14:41:00,1791178860,6645.T,6575.0,6575.0,6571.0,6571.0,1000
2026-10-05 14:42:00,1791178920,6645.T,6570.0,6572.0,6569.0,6572.0,800
2026-10-05 14:43:00,1791178980,6645.T,6573.0,6574.0,6573.0,6573.0,2100
2026-10-05 14:44:00,1791179040,6645.T,6573.0,6576.0,6570.0,6572.0,4500
2026-10-05 14:45:00,1791179100,6645.T,6573.0,6574.0,6573.0,6574.0,800
2026-10-05 14:46:00,1791179160,6645.T,6572.0,6573.0,6572.0,6573.0,900
2026-10-05 14:47:00,1791179220,6645.T,6573.0,6573.0,6572.0,6573.0,900
2026-10-05 14:48:00,1791179280,6645.T,6572.0,6574.0,6572.0,6574.0,2100
2026-10-05 14:49:00,1791179340,6645.T,6575.0,6576.0,6574.0,6576.0,2100
2026-10-05 14:50:00,1791179400,6645.T,6577.0,6579.0,6577.0,6579.0,1500
2026-10-05 14:51:00,1791179460,6645.T,6579.0,6588.0,6578.0,6585.0,11400
2026-10-05 14:52:00,1791179520,6645.T,6586.0,6591.0,6586.0,6591.0,5000
2026-10-05 14:53:00,1791179580,6645.T,6592.0,6600.0,6592.0,6596.0,13900
2026-10-05 14:54:00,1791179640,6645.T,6595.0,6599.0,6595.0,6598.0,2800
2026-10-05 14:55:00,1791179700,6645.T,6597.0,6600.0,6597.0,6598.0,2400
2026-10-05 14:56:00,1791179760,6645.T,6598.0,6598.0,6594.0,6594.0,1500
2026-10-05 14:57:00,1791179820,6645.T,6595.0,6595.0,6590.0,6590.0,2500
2026-10-05 14:58:00,1791179880,6645.T,6591.0,6593.0,6590.0,6592.0,2700
2026-10-05 14:59:00,1791179940,6645.T,6591.0,6595.0,6591.0,6595.0,2000
2026-10-05 15:00:00,1791180000,6645.T,6595.0,6596.0,6595.0,6596.0,1500
2026-10-05 15:01:00,1791180060,6645.T,6597.0,6599.0,6597.0,6598.0,1900
2026-10-05 15:02:00,1791180120,6645.T,6599.0,6602.0,6599.0,6602.0,3400
2026-10-05 15:03:00,1791180180,6645.T,6603.0,6604.0,6603.0,6603.0,2000
2026-10-05 15:04:00,1791180240,6645.T,6603.0,6603.0,6601.0,6602.0,1700
2026-10-05 15:05:00,1791180300,6645.T,6603.0,6603.0,6601.0,6602.0,1600
2026-10-05 15:06:00,1791180360,6645.T,6601.0,6604.0,6600.0,6601.0,2300
2026-10-05 15:07:00,1791180420,6645.T,6601.0,6603.0,6601.0,6603.0,800
2026-10-05 15:08:00,1791180480,6645.T,6603.0,6603.0,6599.0,6600.0,3500
2026-10-05 15:09:00,1791180540,6645.T,6601.0,6601.0,6600.0,6601.0,600
2026-10-05 15:10:00,1791180600,6645.T,6600.0,6604.0,6600.0,6602.0,4500
2026-10-05 15:11:00,1791180660,6645.T,6603.0,6606.0,6603.0,6606.0,1500
2026-10-05 15:12:00,1791180720,6645.T,6607.0,6609.0,6606.0,6608.0,1400
2026-10-05 15:13:00,1791180780,6645.T,6608.0,6609.0,6603.0,6603.0,4200
2026-10-05 15:14:00,1791180840,6645.T,6606.0,6609.0,6605.0,6605.0,3300
2026-10-05 15:15:00,1791180900,6645.T,6605.0,6605.0,6603.0,6604.0,3000
2026-10-05 15:16:00,1791180960,6645.T,6603.0,6603.0,6600.0,6601.0,2900
2026-10-05 15:17:00,1791181020,6645.T,6601.0,6602.0,6599.0,6599.0,1400
2026-10-05 15:18:00,1791181080,6645.T,6599.0,6600.0,6596.0,6596.0,2500
2026-10-05 15:19:00,1791181140,6645.T,6596.0,6599.0,6596.0,6598.0,4200
2026-10-05 15:20:00,1791181200,6645.T,6597.0,6598.0,6596.0,6596.0,2600
2026-10-05 15:21:00,1791181260,6645.T,6598.0,6599.0,6595.0,6598.0,4300
2026-10-05 15:22:00,1791181320,6645.T,6597.0,6601.0,6596.0,6598.0,4700
2026-10-05 15:23:00,1791181380,6645.T,6596.0,6602.0,6596.0,6602.0,2700
2026-10-05 15:24:00,1791181440,6645.T,6601.0,6606.0,6595.0,6605.0,8300
2026-10-05 15:30:00,1791181800,6645.T,6597.0,6597.0,6597.0,6597.0,0
2026-10-06 09:05:00,1791245100,6645.T,6497.0,6504.0,6485.0,6494.0,0
2026-10-06 09:06:00,1791245160,6645.T,6495.0,6506.0,6495.0,6506.0,2200
2026-10-06 09:07:00,1791245220,6645.T,6508.0,6522.0,6504.0,6522.0,2400
2026-10-06 09:08:00,1791245280,6645.T,6518.0,6518.0,6505.0,6509.0,1100
2026-10-06 09:09:00,1791245340,6645.T,6510.0,6522.0,6508.0,6520.0,3800
2026-10-06 09:10:00,1791245400,6645.T,6516.0,6518.0,6514.0,6518.0,1600
2026-10-06 09:11:00,1791245460,6645.T,6518.0,6519.0,6515.0,6516.0,1700
2026-10-06 09:12:00,1791245520,6645.T,6517.0,6517.0,6504.0,6514.0,2100
2026-10-06 09:13:00,1791245580,6645.T,6511.0,6513.0,6506.0,6510.0,3100
2026-10-06 09:14:00,1791245640,6645.T,6513.0,6513.0,6501.0,6504.0,5900
2026-10-06 09:15:00,1791245700,6645.T,6504.0,6514.0,6499.0,6514.0,5200
2026-10-06 09:16:00,1791245760,6645.T,6510.0,6518.0,6510.0,6517.0,2600
2026-10-06 09:17:00,1791245820,6645.T,6516.0,6523.0,6516.0,6516.0,1400
2026-10-06 09:18:00,1791245880,6645.T,6517.0,6528.0,6517.0,6525.0,5000
2026-10-06 09:19:00,1791245940,6645.T,6523.0,6524.0,6521.0,6524.0,1100
2026-10-06 09:20:00,1791246000,6645.T,6523.0,6524.0,6519.0,6522.0,1300
2026-10-06 09:21:00,1791246060,6645.T,6518.0,6523.0,6517.0,6522.0,1500
2026-10-06 09:22:00,1791246120,6645.T,6518.0,6521.0,6511.0,6511.0,2600
2026-10-06 09:23:00,1791246180,6645.T,6510.0,6512.0,6509.0,6509.0,1300
2026-10-06 09:24:00,1791246240,6645.T,6506.0,6509.0,6505.0,6505.0,700
2026-10-06 09:25:00,1791246300,6645.T,6500.0,6501.0,6490.0,6493.0,2100
2026-10-06 09:26:00,1791246360,6645.T,6493.0,6493.0,6485.0,6489.0,1500
2026-10-06 09:27:00,1791246420,6645.T,6487.0,6490.0,6486.0,6490.0,1100
2026-10-06 09:28:00,1791246480,6645.T,6492.0,6498.0,6491.0,6496.0,2100
2026-10-06 09:29:00,1791246540,6645.T,6496.0,6500.0,6496.0,6496.0,800
2026-10-06 09:30:00,1791246600,6645.T,6495.0,6500.0,6495.0,6496.0,2100
2026-10-06 09:31:00,1791246660,6645.T,6497.0,6500.0,6488.0,6499.0,6800
2026-10-06 09:32:00,1791246720,6645.T,6498.0,6502.0,6495.0,6497.0,3200
2026-10-06 09:33:00,1791246780,6645.T,6497.0,6497.0,6492.0,6496.0,1200
2026-10-06 09:34:00,1791246840,6645.T,6496.0,6498.0,6490.0,6497.0,2300
2026-10-06 09:35:00,1791246900,6645.T,6498.0,6498.0,6493.0,6493.0,800
2026-10-06 09:36:00,1791246960,6645.T,6493.0,6493.0,6483.0,6483.0,1500
2026-10-06 09:37:00,1791247020,6645.T,6482.0,6487.0,6482.0,6486.0,900
2026-10-06 09:38:00,1791247080,6645.T,6486.0,6490.0,6486.0,6489.0,2200
2026-10-06 09:39:00,1791247140,6645.T,6487.0,6487.0,6482.0,6485.0,3200
2026-10-06 09:40:00,1791247200,6645.T,6486.0,6492.0,6486.0,6492.0,400
2026-10-06 09:41:00,1791247260,6645.T,6491.0,6492.0,6488.0,6492.0,1000
2026-10-06 09:42:00,1791247320,6645.T,6492.0,6495.0,6492.0,6493.0,1800
2026-10-06 09:43:00,1791247380,6645.T,6492.0,6494.0,6490.0,6490.0,1400
2026-10-06 09:44:00,1791247440,6645.T,6488.0,6488.0,6475.0,6476.0,6500
2026-10-06 09:45:00,1791247500,6645.T,6475.0,6477.0,6471.0,6475.0,4600
2026-10-06 09:46:00,1791247560,6645.T,6477.0,6482.0,6476.0,6482.0,1500
2026-10-06 09:47:00,1791247620,6645.T,6482.0,6485.0,6482.0,6482.0,2000
2026-10-06 09:48:00,1791247680,6645.T,6481.0,6487.0,6481.0,6487.0,2200
2026-10-06 09:49:00,1791247740,6645.T,6487.0,6487.0,6484.0,6486.0,1100
2026-10-06 09:50:00,1791247800,6645.T,6484.0,6484.0,6480.0,6484.0,2100
2026-10-06 09:51:00,1791247860,6645.T,6485.0,6490.0,6485.0,6489.0,1200
2026-10-06 09:52:00,1791247920,6645.T,6491.0,6495.0,6491.0,6493.0,1300
2026-10-06 09:53:00,1791247980,6645.T,6492.0,6492.0,6488.0,6489.0,1500
2026-10-06 09:54:00,1791248040,6645.T,6486.0,6487.0,6485.0,6487.0,1800
2026-10-06 09:55:00,1791248100,6645.T,6485.0,6488.0,6483.0,6488.0,1900
2026-10-06 09:56:00,1791248160,6645.T,6485.0,6494.0,6485.0,6494.0,1500
2026-10-06 09:57:00,1791248220,6645.T,6489.0,6489.0,6489.0,6489.0,300
2026-10-06 09:58:00,1791248280,6645.T,6487.0,6488.0,6486.0,6488.0,800
2026-10-06 09:59:00,1791248340,6645.T,6489.0,6494.0,6488.0,6494.0,1100
2026-10-06 10:00:00,1791248400,6645.T,6494.0,6499.0,6493.0,6497.0,7300
2026-10-06 10:01:00,1791248460,6645.T,6498.0,6508.0,6498.0,6507.0,1500
2026-10-06 10:02:00,1791248520,6645.T,6504.0,6504.0,6498.0,6502.0,3700
2026-10-06 10:03:00,1791248580,6645.T,6502.0,6506.0,6501.0,6501.0,4200
2026-10-06 10:04:00,1791248640,6645.T,6501.0,6502.0,6499.0,6502.0,900
2026-10-06 10:05:00,1791248700,6645.T,6500.0,6500.0,6494.0,6499.0,1900
2026-10-06 10:06:00,1791248760,6645.T,6499.0,6503.0,6499.0,6499.0,1100
2026-10-06 10:07:00,1791248820,6645.T,6496.0,6498.0,6493.0,6495.0,2700
2026-10-06 10:08:00,1791248880,6645.T,6496.0,6496.0,6490.0,6492.0,2200
2026-10-06 10:09:00,1791248940,6645.T,6492.0,6499.0,6492.0,6499.0,1100
2026-10-06 10:10:00,1791249000,6645.T,6500.0,6502.0,6499.0,6502.0,1000
2026-10-06 10:11:00,1791249060,6645.T,6500.0,6504.0,6500.0,6504.0,1400
2026-10-06 10:12:00,1791249120,6645.T,6501.0,6501.0,6499.0,6499.0,900
2026-10-06 10:13:00,1791249180,6645.T,6499.0,6510.0,6498.0,6505.0,4800
2026-10-06 10:14:00,1791249240,6645.T,6506.0,6511.0,6506.0,6511.0,800
2026-10-06 10:15:00,1791249300,6645.T,6509.0,6509.0,6503.0,6503.0,300
2026-10-06 10:16:00,1791249360,6645.T,6504.0,6505.0,6502.0,6505.0,1900
2026-10-06 10:17:00,1791249420,6645.T,6506.0,6506.0,6505.0,6505.0,700
2026-10-06 10:18:00,1791249480,6645.T,6506.0,6508.0,6504.0,6506.0,1200
2026-10-06 10:19:00,1791249540,6645.T,6504.0,6504.0,6497.0,6501.0,6100
2026-10-06 10:20:00,1791249600,6645.T,6500.0,6500.0,6497.0,6497.0,600
2026-10-06 10:21:00,1791249660,6645.T,6498.0,6501.0,6498.0,6501.0,900
2026-10-06 10:22:00,1791249720,6645.T,6500.0,6500.0,6494.0,6495.0,1400
2026-10-06 10:23:00,1791249780,6645.T,6495.0,6503.0,6495.0,6503.0,1200
2026-10-06 10:24:00,1791249840,6645.T,6501.0,6503.0,6497.0,6497.0,1400
2026-10-06 10:25:00,1791249900,6645.T,6494.0,6497.0,6493.0,6493.0,1500
2026-10-06 10:26:00,1791249960,6645.T,6493.0,6493.0,6489.0,6489.0,1400
2026-10-06 10:27:00,1791250020,6645.T,6487.0,6487.0,6482.0,6482.0,3900
2026-10-06 10:28:00,1791250080,6645.T,6483.0,6484.0,6482.0,6483.0,800
2026-10-06 10:29:00,1791250140,6645.T,6484.0,6484.0,6481.0,6484.0,400
2026-10-06 10:30:00,1791250200,6645.T,6484.0,6485.0,6482.0,6482.0,800
2026-10-06 10:31:00,1791250260,6645.T,6482.0,6484.0,6478.0,6484.0,8100
2026-10-06 10:32:00,1791250320,6645.T,6485.0,6489.0,6485.0,6485.0,2200
2026-10-06 10:33:00,1791250380,6645.T,6485.0,6485.0,6480.0,6482.0,1700
2026-10-06 10:34:00,1791250440,6645.T,6483.0,6483.0,6481.0,6482.0,800
2026-10-06 10:35:00,1791250500,6645.T,6481.0,6481.0,6479.0,6479.0,1100
2026-10-06 10:36:00,1791250560,6645.T,6479.0,6482.0,6479.0,6482.0,1100
2026-10-06 10:37:00,1791250620,6645.T,6482.0,6488.0,6482.0,6488.0,1800
2026-10-06 10:38:00,1791250680,6645.T,6489.0,6489.0,6483.0,6483.0,1800
2026-10-06 10:39:00,1791250740,6645.T,6482.0,6484.0,6481.0,6482.0,3800
2026-10-06 10:40:00,1791250800,6645.T,6481.0,6481.0,6474.0,6474.0,2600
2026-10-06 10:41:00,1791250860,6645.T,6474.0,6475.0,6472.0,6473.0,1300
2026-10-06 10:42:00,1791250920,6645.T,6475.0,6476.0,6472.0,6476.0,1400
2026-10-06 10:43:00,1791250980,6645.T,6477.0,6477.0,6475.0,6475.0,800
2026-10-06 10:44:00,1791251040,6645.T,6475.0,6475.0,6475.0,6475.0,100
2026-10-06 10:45:00,1791251100,6645.T,6472.0,6472.0,6466.0,6468.0,7700
2026-10-06 10:46:00,1791251160,6645.T,6466.0,6468.0,6460.0,6461.0,25300
2026-10-06 10:47:00,1791251220,6645.T,6464.0,6464.0,6460.0,6460.0,2500
2026-10-06 10:48:00,1791251280,6645.T,6462.0,6463.0,6462.0,6463.0,1500
2026-10-06 10:49:00,1791251340,6645.T,6463.0,6465.0,6463.0,6464.0,800
2026-10-06 10:50:00,1791251400,6645.T,6463.0,6477.0,6463.0,6477.0,3400
2026-10-06 10:51:00,1791251460,6645.T,6476.0,6480.0,6476.0,6480.0,1000
2026-10-06 10:52:00,1791251520,6645.T,6481.0,6481.0,6480.0,6480.0,300
2026-10-06 10:53:00,1791251580,6645.T,6479.0,6483.0,6479.0,6483.0,700
2026-10-06 10:54:00,1791251640,6645.T,6485.0,6493.0,6483.0,6484.0,11600
2026-10-06 10:55:00,1791251700,6645.T,6485.0,6487.0,6482.0,6487.0,900
2026-10-06 10:56:00,1791251760,6645.T,6487.0,6488.0,6487.0,6487.0,1000
2026-10-06 10:57:00,1791251820,6645.T,6490.0,6490.0,6486.0,6486.0,1200
2026-10-06 10:58:00,1791251880,6645.T,6484.0,6486.0,6480.0,6486.0,1600
2026-10-06 10:59:00,1791251940,6645.T,6486.0,6487.0,6486.0,6486.0,600
2026-10-06 11:00:00,1791252000,6645.T,6486.0,6489.0,6486.0,6489.0,700
2026-10-06 11:01:00,1791252060,6645.T,6490.0,6492.0,6490.0,6491.0,800
2026-10-06 11:02:00,1791252120,6645.T,6490.0,6490.0,6487.0,6489.0,1200
2026-10-06 11:03:00,1791252180,6645.T,6490.0,6491.0,6488.0,6491.0,800
2026-10-06 11:04:00,1791252240,6645.T,6491.0,6491.0,6487.0,6489.0,500
2026-10-06 11:05:00,1791252300,6645.T,6484.0,6485.0,6484.0,6485.0,400
2026-10-06 11:06:00,1791252360,6645.T,6485.0,6486.0,6483.0,6486.0,900
2026-10-06 11:07:00,1791252420,6645.T,6484.0,6491.0,6484.0,6489.0,1800
2026-10-06 11:08:00,1791252480,6645.T,6488.0,6489.0,6487.0,6487.0,400
2026-10-06 11:09:00,1791252540,6645.T,6488.0,6491.0,6488.0,6491.0,1500
2026-10-06 11:10:00,1791252600,6645.T,6489.0,6490.0,6489.0,6490.0,600
2026-10-06 11:11:00,1791252660,6645.T,6490.0,6490.0,6490.0,6490.0,100
2026-10-06 11:12:00,1791252720,6645.T,6491.0,6491.0,6491.0,6491.0,300
2026-10-06 11:13:00,1791252780,6645.T,6493.0,6494.0,6492.0,6492.0,700
2026-10-06 11:14:00,1791252840,6645.T,6491.0,6491.0,6485.0,6487.0,3900
2026-10-06 11:15:00,1791252900,6645.T,6488.0,6493.0,6488.0,6493.0,1000
2026-10-06 11:16:00,1791252960,6645.T,6492.0,6492.0,6492.0,6492.0,600
2026-10-06 11:17:00,1791253020,6645.T,6492.0,6492.0,6490.0,6490.0,600
2026-10-06 11:18:00,1791253080,6645.T,6490.0,6490.0,6489.0,6489.0,500
2026-10-06 11:19:00,1791253140,6645.T,6489.0,6489.0,6485.0,6485.0,1500
2026-10-06 11:20:00,1791253200,6645.T,6484.0,6486.0,6484.0,6486.0,1100
2026-10-06 11:21:00,1791253260,6645.T,6486.0,6488.0,6486.0,6488.0,1200
2026-10-06 11:22:00,1791253320,6645.T,6487.0,6489.0,6487.0,6489.0,900
2026-10-06 11:23:00,1791253380,6645.T,6488.0,6489.0,6488.0,6488.0,1100
2026-10-06 11:24:00,1791253440,6645.T,6487.0,6487.0,6486.0,6487.0,900
2026-10-06 11:25:00,1791253500,6645.T,6486.0,6487.0,6486.0,6487.0,200
2026-10-06 11:26:00,1791253560,6645.T,6484.0,6484.0,6479.0,6479.0,800
2026-10-06 11:27:00,1791253620,6645.T,6478.0,6482.0,6478.0,6482.0,1000
2026-10-06 11:28:00,1791253680,6645.T,6483.0,6484.0,6482.0,6483.0,1700
2026-10-06 11:29:00,1791253740,6645.T,6481.0,6481.0,6480.0,6481.0,500
2026-10-06 11:30:00,1791253800,6645.T,6478.0,6478.0,6478.0,6478.0,900
2026-10-06 12:30:00,1791257400,6645.T,6473.0,6486.0,6473.0,6485.0,9600
2026-10-06 12:31:00,1791257460,6645.T,6485.0,6486.0,6480.0,6480.0,1700
2026-10-06 12:32:00,1791257520,6645.T,6483.0,6494.0,6483.0,6492.0,4300
2026-10-06 12:33:00,1791257580,6645.T,6493.0,6494.0,6490.0,6490.0,1700
2026-10-06 12:34:00,1791257640,6645.T,6490.0,6492.0,6488.0,6488.0,800
2026-10-06 12:35:00,1791257700,6645.T,6487.0,6488.0,6486.0,6488.0,1100
2026-10-06 12:36:00,1791257760,6645.T,6489.0,6490.0,6488.0,6489.0,1100
2026-10-06 12:37:00,1791257820,6645.T,6490.0,6491.0,6488.0,6491.0,1500
2026-10-06 12:38:00,1791257880,6645.T,6491.0,6493.0,6491.0,6493.0,1000
2026-10-06 12:39:00,1791257940,6645.T,6491.0,6493.0,6483.0,6483.0,900
2026-10-06 12:40:00,1791258000,6645.T,6483.0,6484.0,6481.0,6484.0,1700
2026-10-06 12:41:00,1791258060,6645.T,6485.0,6488.0,6485.0,6488.0,1200
2026-10-06 12:42:00,1791258120,6645.T,6487.0,6488.0,6483.0,6483.0,3100
2026-10-06 12:43:00,1791258180,6645.T,6484.0,6485.0,6484.0,6485.0,700
2026-10-06 12:44:00,1791258240,6645.T,6486.0,6501.0,6486.0,6499.0,5700
2026-10-06 12:45:00,1791258300,6645.T,6498.0,6498.0,6490.0,6491.0,1500
2026-10-06 12:46:00,1791258360,6645.T,6487.0,6487.0,6487.0,6487.0,600
2026-10-06 12:47:00,1791258420,6645.T,6487.0,6488.0,6487.0,6488.0,500
2026-10-06 12:48:00,1791258480,6645.T,6489.0,6490.0,6488.0,6488.0,800
2026-10-06 12:49:00,1791258540,6645.T,6487.0,6488.0,6487.0,6488.0,500
2026-10-06 12:50:00,1791258600,6645.T,6488.0,6491.0,6487.0,6490.0,2600
2026-10-06 12:51:00,1791258660,6645.T,6489.0,6489.0,6488.0,6489.0,1300
2026-10-06 12:52:00,1791258720,6645.T,6488.0,6490.0,6488.0,6489.0,1300
2026-10-06 12:53:00,1791258780,6645.T,6489.0,6492.0,6488.0,6488.0,4000
2026-10-06 12:54:00,1791258840,6645.T,6488.0,6488.0,6485.0,6487.0,1900
2026-10-06 12:55:00,1791258900,6645.T,6488.0,6489.0,6487.0,6487.0,1300
2026-10-06 12:56:00,1791258960,6645.T,6488.0,6489.0,6487.0,6487.0,1100
2026-10-06 12:57:00,1791259020,6645.T,6488.0,6488.0,6488.0,6488.0,200
2026-10-06 12:58:00,1791259080,6645.T,6488.0,6488.0,6482.0,6483.0,2800
2026-10-06 12:59:00,1791259140,6645.T,6482.0,6482.0,6480.0,6481.0,1500
2026-10-06 13:00:00,1791259200,6645.T,6482.0,6485.0,6482.0,6484.0,1700
2026-10-06 13:01:00,1791259260,6645.T,6484.0,6484.0,6483.0,6483.0,1800
2026-10-06 13:02:00,1791259320,6645.T,6484.0,6487.0,6484.0,6487.0,1800
2026-10-06 13:03:00,1791259380,6645.T,6486.0,6486.0,6484.0,6484.0,600
2026-10-06 13:04:00,1791259440,6645.T,6484.0,6484.0,6482.0,6482.0,700
2026-10-06 13:05:00,1791259500,6645.T,6481.0,6485.0,6481.0,6484.0,2100
2026-10-06 13:06:00,1791259560,6645.T,6485.0,6492.0,6485.0,6491.0,5100
2026-10-06 13:07:00,1791259620,6645.T,6494.0,6498.0,6493.0,6498.0,3000
2026-10-06 13:08:00,1791259680,6645.T,6499.0,6499.0,6498.0,6499.0,1300
2026-10-06 13:09:00,1791259740,6645.T,6499.0,6499.0,6498.0,6498.0,900
2026-10-06 13:10:00,1791259800,6645.T,6499.0,6499.0,6494.0,6495.0,2000
2026-10-06 13:11:00,1791259860,6645.T,6496.0,6496.0,6495.0,6495.0,400
2026-10-06 13:12:00,1791259920,6645.T,6496.0,6499.0,6495.0,6499.0,1500
2026-10-06 13:13:00,1791259980,6645.T,6498.0,6498.0,6494.0,6496.0,2000
2026-10-06 13:14:00,1791260040,6645.T,6495.0,6496.0,6495.0,6496.0,800
2026-10-06 13:15:00,1791260100,6645.T,6494.0,6496.0,6493.0,6493.0,1000
2026-10-06 13:16:00,1791260160,6645.T,6493.0,6493.0,6490.0,6490.0,700
2026-10-06 13:17:00,1791260220,6645.T,6490.0,6490.0,6486.0,6486.0,1100
2026-10-06 13:18:00,1791260280,6645.T,6487.0,6488.0,6483.0,6483.0,1500
2026-10-06 13:19:00,1791260340,6645.T,6481.0,6490.0,6478.0,6490.0,4800
2026-10-06 13:20:00,1791260400,6645.T,6491.0,6491.0,6490.0,6490.0,600
2026-10-06 13:21:00,1791260460,6645.T,6488.0,6493.0,6488.0,6493.0,1200
2026-10-06 13:22:00,1791260520,6645.T,6493.0,6496.0,6493.0,6495.0,1600
2026-10-06 13:23:00,1791260580,6645.T,6496.0,6496.0,6496.0,6496.0,200
2026-10-06 13:24:00,1791260640,6645.T,6495.0,6496.0,6495.0,6496.0,1100
2026-10-06 13:25:00,1791260700,6645.T,6496.0,6498.0,6496.0,6498.0,1400
2026-10-06 13:26:00,1791260760,6645.T,6499.0,6500.0,6499.0,6500.0,1200
2026-10-06 13:27:00,1791260820,6645.T,6499.0,6501.0,6499.0,6500.0,1400
2026-10-06 13:28:00,1791260880,6645.T,6499.0,6500.0,6498.0,6498.0,1000
2026-10-06 13:29:00,1791260940,6645.T,6499.0,6499.0,6497.0,6497.0,1000
2026-10-06 13:30:00,1791261000,6645.T,6498.0,6499.0,6498.0,6499.0,600
2026-10-06 13:31:00,1791261060,6645.T,6498.0,6498.0,6497.0,6497.0,900
2026-10-06 13:32:00,1791261120,6645.T,6497.0,6497.0,6496.0,6496.0,500
2026-10-06 13:33:00,1791261180,6645.T,6495.0,6497.0,6495.0,6495.0,2000
2026-10-06 13:34:00,1791261240,6645.T,6495.0,6499.0,6494.0,6499.0,2000
2026-10-06 13:35:00,1791261300,6645.T,6499.0,6499.0,6498.0,6498.0,700
2026-10-06 13:36:00,1791261360,6645.T,6498.0,6498.0,6497.0,6497.0,600
2026-10-06 13:37:00,1791261420,6645.T,6496.0,6496.0,6496.0,6496.0,200
2026-10-06 13:38:00,1791261480,6645.T,6495.0,6495.0,6491.0,6491.0,1000
2026-10-06 13:39:00,1791261540,6645.T,6491.0,6492.0,6491.0,6492.0,400
2026-10-06 13:40:00,1791261600,6645.T,6492.0,6493.0,6490.0,6492.0,3600
2026-10-06 13:41:00,1791261660,6645.T,6493.0,6494.0,6493.0,6493.0,1000
2026-10-06 13:42:00,1791261720,6645.T,6495.0,6496.0,6495.0,6496.0,1300
2026-10-06 13:43:00,1791261780,6645.T,6495.0,6495.0,6492.0,6493.0,1000
2026-10-06 13:44:00,1791261840,6645.T,6495.0,6498.0,6494.0,6494.0,2200
2026-10-06 13:45:00,1791261900,6645.T,6495.0,6496.0,6495.0,6496.0,400
2026-10-06 13:46:00,1791261960,6645.T,6494.0,6494.0,6492.0,6492.0,700
2026-10-06 13:47:00,1791262020,6645.T,6491.0,6494.0,6491.0,6493.0,1800
2026-10-06 13:48:00,1791262080,6645.T,6494.0,6494.0,6494.0,6494.0,100
2026-10-06 13:49:00,1791262140,6645.T,6494.0,6495.0,6493.0,6493.0,700
2026-10-06 13:50:00,1791262200,6645.T,6493.0,6498.0,6493.0,6498.0,2000
2026-10-06 13:51:00,1791262260,6645.T,6498.0,6499.0,6498.0,6499.0,400
2026-10-06 13:52:00,1791262320,6645.T,6499.0,6499.0,6495.0,6495.0,1800
2026-10-06 13:53:00,1791262380,6645.T,6495.0,6496.0,6492.0,6494.0,3400
2026-10-06 13:54:00,1791262440,6645.T,6497.0,6499.0,6497.0,6498.0,800
2026-10-06 13:55:00,1791262500,6645.T,6498.0,6498.0,6496.0,6496.0,800
2026-10-06 13:56:00,1791262560,6645.T,6495.0,6495.0,6493.0,6494.0,700
2026-10-06 13:57:00,1791262620,6645.T,6494.0,6494.0,6493.0,6493.0,600
2026-10-06 13:58:00,1791262680,6645.T,6494.0,6495.0,6494.0,6495.0,800
2026-10-06 13:59:00,1791262740,6645.T,6494.0,6496.0,6494.0,6496.0,2000
2026-10-06 14:00:00,1791262800,6645.T,6497.0,6504.0,6497.0,6504.0,4300
2026-10-06 14:01:00,1791262860,6645.T,6505.0,6507.0,6505.0,6507.0,700
2026-10-06 14:02:00,1791262920,6645.T,6507.0,6507.0,6504.0,6504.0,1500
2026-10-06 14:03:00,1791262980,6645.T,6505.0,6507.0,6504.0,6507.0,1200
2026-10-06 14:04:00,1791263040,6645.T,6507.0,6510.0,6507.0,6509.0,1700
2026-10-06 14:05:00,1791263100,6645.T,6510.0,6510.0,6507.0,6507.0,500
2026-10-06 14:06:00,1791263160,6645.T,6507.0,6509.0,6507.0,6509.0,1800
2026-10-06 14:07:00,1791263220,6645.T,6509.0,6509.0,6509.0,6509.0,100
2026-10-06 14:08:00,1791263280,6645.T,6509.0,6509.0,6503.0,6504.0,4100
2026-10-06 14:09:00,1791263340,6645.T,6506.0,6508.0,6506.0,6507.0,1800
2026-10-06 14:10:00,1791263400,6645.T,6504.0,6504.0,6503.0,6503.0,300
2026-10-06 14:11:00,1791263460,6645.T,6504.0,6506.0,6504.0,6505.0,1200
2026-10-06 14:12:00,1791263520,6645.T,6504.0,6505.0,6504.0,6505.0,511000
2026-10-06 14:13:00,1791263580,6645.T,6506.0,6506.0,6505.0,6505.0,400
2026-10-06 14:14:00,1791263640,6645.T,6504.0,6504.0,6502.0,6502.0,1000
2026-10-06 14:15:00,1791263700,6645.T,6501.0,6502.0,6500.0,6501.0,2600
2026-10-06 14:16:00,1791263760,6645.T,6500.0,6502.0,6500.0,6502.0,500
2026-10-06 14:17:00,1791263820,6645.T,6501.0,6502.0,6501.0,6502.0,1000
2026-10-06 14:18:00,1791263880,6645.T,6501.0,6501.0,6500.0,6500.0,700
2026-10-06 14:19:00,1791263940,6645.T,6500.0,6500.0,6498.0,6498.0,1300
2026-10-06 14:20:00,1791264000,6645.T,6499.0,6501.0,6499.0,6500.0,1600
2026-10-06 14:21:00,1791264060,6645.T,6500.0,6504.0,6500.0,6503.0,4700
2026-10-06 14:22:00,1791264120,6645.T,6503.0,6503.0,6502.0,6503.0,500
2026-10-06 14:23:00,1791264180,6645.T,6503.0,6503.0,6502.0,6503.0,900
2026-10-06 14:24:00,1791264240,6645.T,6503.0,6503.0,6503.0,6503.0,800
2026-10-06 14:25:00,1791264300,6645.T,6504.0,6505.0,6504.0,6505.0,2300
2026-10-06 14:26:00,1791264360,6645.T,6504.0,6506.0,6504.0,6505.0,1200
2026-10-06 14:27:00,1791264420,6645.T,6504.0,6505.0,6503.0,6503.0,1600
2026-10-06 14:28:00,1791264480,6645.T,6501.0,6503.0,6501.0,6503.0,600
2026-10-06 14:29:00,1791264540,6645.T,6504.0,6506.0,6504.0,6506.0,1500
2026-10-06 14:30:00,1791264600,6645.T,6506.0,6508.0,6506.0,6508.0,1300
2026-10-06 14:31:00,1791264660,6645.T,6509.0,6510.0,6509.0,6509.0,1600
2026-10-06 14:32:00,1791264720,6645.T,6510.0,6510.0,6509.0,6510.0,1900
2026-10-06 14:33:00,1791264780,6645.T,6510.0,6510.0,6509.0,6509.0,1200
2026-10-06 14:34:00,1791264840,6645.T,6509.0,6512.0,6509.0,6512.0,2400
2026-10-06 14:35:00,1791264900,6645.T,6511.0,6511.0,6510.0,6510.0,700
2026-10-06 14:36:00,1791264960,6645.T,6511.0,6512.0,6510.0,6510.0,3000
2026-10-06 14:37:00,1791265020,6645.T,6510.0,6511.0,6509.0,6510.0,1900
2026-10-06 14:38:00,1791265080,6645.T,6511.0,6517.0,6511.0,6517.0,3900
2026-10-06 14:39:00,1791265140,6645.T,6517.0,6517.0,6515.0,6515.0,1400
2026-10-06 14:40:00,1791265200,6645.T,6514.0,6517.0,6514.0,6517.0,3000
2026-10-06 14:41:00,1791265260,6645.T,6517.0,6520.0,6517.0,6520.0,2400
2026-10-06 14:42:00,1791265320,6645.T,6519.0,6523.0,6518.0,6520.0,7700
2026-10-06 14:43:00,1791265380,6645.T,6520.0,6524.0,6520.0,6523.0,1700
2026-10-06 14:44:00,1791265440,6645.T,6523.0,6524.0,6523.0,6523.0,500
2026-10-06 14:45:00,1791265500,6645.T,6523.0,6523.0,6522.0,6522.0,600
2026-10-06 14:46:00,1791265560,6645.T,6522.0,6523.0,6518.0,6523.0,4000
2026-10-06 14:47:00,1791265620,6645.T,6523.0,6524.0,6523.0,6523.0,1600
2026-10-06 14:48:00,1791265680,6645.T,6523.0,6524.0,6523.0,6524.0,1200
2026-10-06 14:49:00,1791265740,6645.T,6524.0,6524.0,6521.0,6521.0,1700
2026-10-06 14:50:00,1791265800,6645.T,6521.0,6521.0,6515.0,6515.0,2700
2026-10-06 14:51:00,1791265860,6645.T,6515.0,6518.0,6513.0,6518.0,2400
2026-10-06 14:52:00,1791265920,6645.T,6519.0,6519.0,6519.0,6519.0,600
2026-10-06 14:53:00,1791265980,6645.T,6520.0,6520.0,6519.0,6519.0,1800
2026-10-06 14:54:00,1791266040,6645.T,6518.0,6518.0,6515.0,6517.0,2300
2026-10-06 14:55:00,1791266100,6645.T,6517.0,6520.0,6517.0,6520.0,2200
2026-10-06 14:56:00,1791266160,6645.T,6520.0,6520.0,6519.0,6520.0,1400
2026-10-06 14:57:00,1791266220,6645.T,6519.0,6521.0,6518.0,6521.0,1100
2026-10-06 14:58:00,1791266280,6645.T,6519.0,6520.0,6518.0,6518.0,1200
2026-10-06 14:59:00,1791266340,6645.T,6518.0,6519.0,6514.0,6514.0,2100
2026-10-06 15:00:00,1791266400,6645.T,6514.0,6517.0,6513.0,6516.0,3600
2026-10-06 15:01:00,1791266460,6645.T,6517.0,6517.0,6510.0,6511.0,3300
2026-10-06 15:02:00,1791266520,6645.T,6511.0,6511.0,6509.0,6511.0,1300
2026-10-06 15:03:00,1791266580,6645.T,6510.0,6512.0,6510.0,6512.0,2000
2026-10-06 15:04:00,1791266640,6645.T,6511.0,6512.0,6511.0,6512.0,900
2026-10-06 15:05:00,1791266700,6645.T,6510.0,6513.0,6508.0,6513.0,4100
2026-10-06 15:06:00,1791266760,6645.T,6512.0,6512.0,6511.0,6512.0,1800
2026-10-06 15:07:00,1791266820,6645.T,6512.0,6512.0,6509.0,6509.0,1200
2026-10-06 15:08:00,1791266880,6645.T,6510.0,6510.0,6505.0,6505.0,1400
2026-10-06 15:09:00,1791266940,6645.T,6504.0,6509.0,6503.0,6509.0,3600
2026-10-06 15:10:00,1791267000,6645.T,6507.0,6507.0,6506.0,6506.0,1300
2026-10-06 15:11:00,1791267060,6645.T,6505.0,6505.0,6499.0,6499.0,6300
2026-10-06 15:12:00,1791267120,6645.T,6498.0,6500.0,6497.0,6498.0,3500
2026-10-06 15:13:00,1791267180,6645.T,6497.0,6499.0,6496.0,6497.0,3000
2026-10-06 15:14:00,1791267240,6645.T,6496.0,6499.0,6493.0,6497.0,4000
2026-10-06 15:15:00,1791267300,6645.T,6497.0,6497.0,6492.0,6493.0,4900
2026-10-06 15:16:00,1791267360,6645.T,6492.0,6499.0,6492.0,6498.0,6400
2026-10-06 15:17:00,1791267420,6645.T,6497.0,6499.0,6497.0,6498.0,1700
2026-10-06 15:18:00,1791267480,6645.T,6498.0,6498.0,6495.0,6495.0,2000
2026-10-06 15:19:00,1791267540,6645.T,6496.0,6501.0,6494.0,6497.0,12000
2026-10-06 15:20:00,1791267600,6645.T,6497.0,6498.0,6490.0,6493.0,5900
2026-10-06 15:21:00,1791267660,6645.T,6494.0,6495.0,6493.0,6494.0,1900
2026-10-06 15:22:00,1791267720,6645.T,6494.0,6495.0,6492.0,6493.0,3400
2026-10-06 15:23:00,1791267780,6645.T,6492.0,6494.0,6489.0,6493.0,9300
2026-10-06 15:24:00,1791267840,6645.T,6491.0,6493.0,6486.0,6488.0,10600
2026-10-06 15:30:00,1791268200,6645.T,6488.0,6488.0,6488.0,6488.0,0
2026-10-07 09:05:00,1791331500,6645.T,6509.0,6511.0,6506.0,6506.0,0
2026-10-07 09:06:00,1791331560,6645.T,6502.0,6506.0,6498.0,6498.0,1900
2026-10-07 09:07:00,1791331620,6645.T,6495.0,6504.0,6495.0,6500.0,1500
2026-10-07 09:08:00,1791331680,6645.T,6499.0,6513.0,6497.0,6513.0,5000
2026-10-07 09:09:00,1791331740,6645.T,6514.0,6522.0,6514.0,6515.0,2400
2026-10-07 09:10:00,1791331800,6645.T,6516.0,6523.0,6513.0,6523.0,7900
2026-10-07 09:11:00,1791331860,6645.T,6525.0,6533.0,6521.0,6527.0,2500
2026-10-07 09:12:00,1791331920,6645.T,6528.0,6533.0,6524.0,6529.0,3700
2026-10-07 09:13:00,1791331980,6645.T,6531.0,6537.0,6524.0,6537.0,6500
2026-10-07 09:14:00,1791332040,6645.T,6535.0,6544.0,6535.0,6535.0,1700
2026-10-07 09:15:00,1791332100,6645.T,6535.0,6535.0,6524.0,6528.0,1600
2026-10-07 09:16:00,1791332160,6645.T,6527.0,6529.0,6524.0,6524.0,1800
2026-10-07 09:17:00,1791332220,6645.T,6523.0,6528.0,6520.0,6526.0,4100
2026-10-07 09:18:00,1791332280,6645.T,6530.0,6530.0,6529.0,6529.0,300
2026-10-07 09:19:00,1791332340,6645.T,6526.0,6529.0,6521.0,6524.0,4400
2026-10-07 09:20:00,1791332400,6645.T,6529.0,6529.0,6529.0,6529.0,300
2026-10-07 09:21:00,1791332460,6645.T,6530.0,6533.0,6526.0,6532.0,2100
2026-10-07 09:22:00,1791332520,6645.T,6532.0,6533.0,6529.0,6533.0,800
2026-10-07 09:23:00,1791332580,6645.T,6535.0,6538.0,6534.0,6536.0,2800
2026-10-07 09:24:00,1791332640,6645.T,6533.0,6540.0,6533.0,6537.0,2100
2026-10-07 09:25:00,1791332700,6645.T,6537.0,6540.0,6536.0,6536.0,800
2026-10-07 09:26:00,1791332760,6645.T,6539.0,6540.0,6532.0,6532.0,1000
2026-10-07 09:27:00,1791332820,6645.T,6533.0,6533.0,6532.0,6532.0,200
2026-10-07 09:28:00,1791332880,6645.T,6529.0,6530.0,6525.0,6529.0,1700
2026-10-07 09:29:00,1791332940,6645.T,6530.0,6532.0,6530.0,6532.0,1100
2026-10-07 09:30:00,1791333000,6645.T,6533.0,6534.0,6533.0,6534.0,300
2026-10-07 09:31:00,1791333060,6645.T,6529.0,6530.0,6527.0,6527.0,700
2026-10-07 09:32:00,1791333120,6645.T,6521.0,6521.0,6513.0,6514.0,1000
2026-10-07 09:33:00,1791333180,6645.T,6510.0,6516.0,6510.0,6516.0,1000
2026-10-07 09:34:00,1791333240,6645.T,6519.0,6520.0,6516.0,6516.0,500
2026-10-07 09:35:00,1791333300,6645.T,6512.0,6518.0,6510.0,6518.0,2700
2026-10-07 09:36:00,1791333360,6645.T,6518.0,6522.0,6514.0,6514.0,1600
2026-10-07 09:37:00,1791333420,6645.T,6522.0,6524.0,6522.0,6523.0,400
2026-10-07 09:38:00,1791333480,6645.T,6523.0,6525.0,6508.0,6508.0,4000
2026-10-07 09:39:00,1791333540,6645.T,6508.0,6508.0,6491.0,6497.0,3600
2026-10-07 09:40:00,1791333600,6645.T,6492.0,6493.0,6488.0,6492.0,2600
2026-10-07 09:41:00,1791333660,6645.T,6492.0,6492.0,6483.0,6483.0,3300
2026-10-07 09:42:00,1791333720,6645.T,6486.0,6491.0,6485.0,6491.0,1100
2026-10-07 09:43:00,1791333780,6645.T,6487.0,6489.0,6485.0,6486.0,2700
2026-10-07 09:44:00,1791333840,6645.T,6485.0,6490.0,6483.0,6488.0,1300
2026-10-07 09:45:00,1791333900,6645.T,6486.0,6489.0,6486.0,6489.0,700
2026-10-07 09:46:00,1791333960,6645.T,6488.0,6489.0,6486.0,6489.0,1300
2026-10-07 09:47:00,1791334020,6645.T,6489.0,6490.0,6472.0,6478.0,9000
2026-10-07 09:48:00,1791334080,6645.T,6472.0,6473.0,6462.0,6465.0,3400
2026-10-07 09:49:00,1791334140,6645.T,6461.0,6462.0,6449.0,6453.0,7900
2026-10-07 09:50:00,1791334200,6645.T,6452.0,6454.0,6443.0,6448.0,48400
2026-10-07 09:51:00,1791334260,6645.T,6446.0,6477.0,6445.0,6476.0,4900
2026-10-07 09:52:00,1791334320,6645.T,6472.0,6481.0,6471.0,6481.0,1300
2026-10-07 09:53:00,1791334380,6645.T,6482.0,6493.0,6482.0,6492.0,2100
2026-10-07 09:54:00,1791334440,6645.T,6495.0,6499.0,6495.0,6499.0,900
2026-10-07 09:55:00,1791334500,6645.T,6498.0,6498.0,6485.0,6489.0,3000
2026-10-07 09:56:00,1791334560,6645.T,6488.0,6488.0,6487.0,6487.0,500
2026-10-07 09:57:00,1791334620,6645.T,6487.0,6487.0,6478.0,6481.0,8300
2026-10-07 09:58:00,1791334680,6645.T,6483.0,6486.0,6483.0,6485.0,1200
2026-10-07 09:59:00,1791334740,6645.T,6484.0,6486.0,6484.0,6486.0,1200
2026-10-07 10:00:00,1791334800,6645.T,6489.0,6494.0,6489.0,6490.0,800
2026-10-07 10:01:00,1791334860,6645.T,6491.0,6502.0,6491.0,6502.0,3400
2026-10-07 10:02:00,1791334920,6645.T,6501.0,6503.0,6495.0,6495.0,1000
2026-10-07 10:03:00,1791334980,6645.T,6491.0,6491.0,6487.0,6491.0,2400
2026-10-07 10:04:00,1791335040,6645.T,6492.0,6496.0,6492.0,6495.0,1400
2026-10-07 10:05:00,1791335100,6645.T,6494.0,6494.0,6476.0,6476.0,2800
2026-10-07 10:06:00,1791335160,6645.T,6478.0,6486.0,6478.0,6486.0,900
2026-10-07 10:07:00,1791335220,6645.T,6491.0,6491.0,6487.0,6490.0,1200
2026-10-07 10:08:00,1791335280,6645.T,6491.0,6499.0,6490.0,6499.0,1100
2026-10-07 10:09:00,1791335340,6645.T,6499.0,6505.0,6499.0,6505.0,1700
2026-10-07 10:10:00,1791335400,6645.T,6501.0,6502.0,6501.0,6501.0,400
2026-10-07 10:11:00,1791335460,6645.T,6496.0,6496.0,6495.0,6495.0,400
2026-10-07 10:12:00,1791335520,6645.T,6496.0,6498.0,6496.0,6498.0,800
2026-10-07 10:13:00,1791335580,6645.T,6500.0,6501.0,6500.0,6500.0,300
2026-10-07 10:15:00,1791335700,6645.T,6495.0,6499.0,6495.0,6499.0,400
2026-10-07 10:16:00,1791335760,6645.T,6497.0,6499.0,6496.0,6497.0,800
2026-10-07 10:17:00,1791335820,6645.T,6499.0,6499.0,6497.0,6498.0,800
2026-10-07 10:18:00,1791335880,6645.T,6500.0,6502.0,6500.0,6501.0,900
2026-10-07 10:19:00,1791335940,6645.T,6501.0,6501.0,6497.0,6497.0,600
2026-10-07 10:20:00,1791336000,6645.T,6500.0,6503.0,6500.0,6500.0,1300
2026-10-07 10:21:00,1791336060,6645.T,6503.0,6504.0,6500.0,6500.0,1700
2026-10-07 10:22:00,1791336120,6645.T,6497.0,6497.0,6491.0,6491.0,1400
2026-10-07 10:23:00,1791336180,6645.T,6490.0,6490.0,6482.0,6482.0,900
