timestamp_jst,epoch,ticker,open,high,low,close,volume
2026-09-03 09:05:00,1788393900,8572.T,483.1000061035156,484.0,483.1000061035156,484.0,0
2026-09-03 09:06:00,1788393960,8572.T,483.79998779296875,483.79998779296875,483.3999938964844,483.3999938964844,2200
2026-09-03 09:07:00,1788394020,8572.T,483.3999938964844,483.6000061035156,482.70001220703125,483.6000061035156,13300
2026-09-03 09:08:00,1788394080,8572.T,483.29998779296875,483.70001220703125,483.29998779296875,483.70001220703125,500
2026-09-03 09:09:00,1788394140,8572.T,483.0,483.3999938964844,483.0,483.3999938964844,2600
2026-09-03 09:10:00,1788394200,8572.T,483.0,483.5,483.0,483.5,5000
2026-09-03 09:11:00,1788394260,8572.T,483.3999938964844,483.79998779296875,483.29998779296875,483.79998779296875,2400
2026-09-03 09:12:00,1788394320,8572.T,483.6000061035156,483.6000061035156,483.6000061035156,483.6000061035156,300
2026-09-03 09:13:00,1788394380,8572.T,483.8999938964844,484.0,483.79998779296875,483.79998779296875,2100
2026-09-03 09:14:00,1788394440,8572.T,483.70001220703125,483.70001220703125,483.70001220703125,483.70001220703125,200
2026-09-03 09:15:00,1788394500,8572.T,483.79998779296875,483.8999938964844,483.0,483.20001220703125,3800
2026-09-03 09:16:00,1788394560,8572.T,483.1000061035156,483.6000061035156,483.1000061035156,483.6000061035156,4700
2026-09-03 09:17:00,1788394620,8572.T,483.6000061035156,483.79998779296875,483.6000061035156,483.79998779296875,600
2026-09-03 09:18:00,1788394680,8572.T,483.8999938964844,484.20001220703125,483.8999938964844,484.1000061035156,5800
2026-09-03 09:19:00,1788394740,8572.T,484.0,484.0,483.3999938964844,483.3999938964844,1700
2026-09-03 09:20:00,1788394800,8572.T,483.5,484.0,483.5,483.8999938964844,1600
2026-09-03 09:21:00,1788394860,8572.T,484.0,484.1000061035156,484.0,484.0,3600
2026-09-03 09:22:00,1788394920,8572.T,484.1000061035156,484.6000061035156,484.1000061035156,484.6000061035156,2500
2026-09-03 09:23:00,1788394980,8572.T,484.3999938964844,484.5,484.3999938964844,484.5,200
2026-09-03 09:24:00,1788395040,8572.T,484.3999938964844,484.70001220703125,484.29998779296875,484.70001220703125,5600
2026-09-03 09:25:00,1788395100,8572.T,484.70001220703125,484.70001220703125,484.3999938964844,484.3999938964844,800
2026-09-03 09:26:00,1788395160,8572.T,484.29998779296875,484.79998779296875,484.29998779296875,484.79998779296875,3500
2026-09-03 09:27:00,1788395220,8572.T,484.8999938964844,485.29998779296875,484.8999938964844,485.0,3500
2026-09-03 09:28:00,1788395280,8572.T,484.8999938964844,485.1000061035156,484.6000061035156,484.8999938964844,1500
2026-09-03 09:29:00,1788395340,8572.T,484.29998779296875,484.29998779296875,484.1000061035156,484.1000061035156,800
2026-09-03 09:30:00,1788395400,8572.T,484.20001220703125,484.29998779296875,484.1000061035156,484.29998779296875,700
2026-09-03 09:31:00,1788395460,8572.T,484.20001220703125,484.20001220703125,483.70001220703125,483.8999938964844,7400
2026-09-03 09:32:00,1788395520,8572.T,483.79998779296875,483.79998779296875,483.6000061035156,483.79998779296875,900
2026-09-03 09:33:00,1788395580,8572.T,483.70001220703125,483.70001220703125,483.29998779296875,483.3999938964844,4800
2026-09-03 09:34:00,1788395640,8572.T,483.29998779296875,483.70001220703125,483.29998779296875,483.3999938964844,11700
2026-09-03 09:35:00,1788395700,8572.T,483.6000061035156,483.6000061035156,483.5,483.6000061035156,3500
2026-09-03 09:36:00,1788395760,8572.T,483.5,483.5,483.5,483.5,600
2026-09-03 09:37:00,1788395820,8572.T,483.3999938964844,483.3999938964844,483.3999938964844,483.3999938964844,800
2026-09-03 09:38:00,1788395880,8572.T,483.29998779296875,483.3999938964844,483.29998779296875,483.29998779296875,1800
2026-09-03 09:39:00,1788395940,8572.T,483.20001220703125,483.29998779296875,483.0,483.0,4000
2026-09-03 09:40:00,1788396000,8572.T,483.1000061035156,483.1000061035156,482.70001220703125,482.70001220703125,4200
2026-09-03 09:41:00,1788396060,8572.T,482.8999938964844,483.1000061035156,482.8999938964844,482.8999938964844,3500
2026-09-03 09:42:00,1788396120,8572.T,483.0,483.1000061035156,483.0,483.1000061035156,900
2026-09-03 09:43:00,1788396180,8572.T,483.20001220703125,483.29998779296875,483.20001220703125,483.29998779296875,1100
2026-09-03 09:44:00,1788396240,8572.T,483.20001220703125,483.3999938964844,483.20001220703125,483.3999938964844,1300
2026-09-03 09:45:00,1788396300,8572.T,483.5,483.6000061035156,483.5,483.6000061035156,1200
2026-09-03 09:46:00,1788396360,8572.T,483.6000061035156,483.8999938964844,483.6000061035156,483.79998779296875,700
2026-09-03 09:48:00,1788396480,8572.T,483.70001220703125,483.70001220703125,483.70001220703125,483.70001220703125,800
2026-09-03 09:49:00,1788396540,8572.T,483.70001220703125,483.79998779296875,483.5,483.5,1900
2026-09-03 09:50:00,1788396600,8572.T,483.3999938964844,483.5,483.29998779296875,483.5,2600
2026-09-03 09:51:00,1788396660,8572.T,483.5,483.8999938964844,483.5,483.8999938964844,2600
2026-09-03 09:52:00,1788396720,8572.T,484.0,484.1000061035156,484.0,484.1000061035156,1000
2026-09-03 09:53:00,1788396780,8572.T,484.1000061035156,484.1000061035156,484.1000061035156,484.1000061035156,200
2026-09-03 09:54:00,1788396840,8572.T,484.0,484.0,484.0,484.0,200
2026-09-03 09:55:00,1788396900,8572.T,484.0,484.0,483.79998779296875,483.79998779296875,800
2026-09-03 09:56:00,1788396960,8572.T,483.70001220703125,483.70001220703125,483.1000061035156,483.3999938964844,13000
2026-09-03 09:57:00,1788397020,8572.T,483.5,483.5,483.29998779296875,483.29998779296875,1800
2026-09-03 09:58:00,1788397080,8572.T,483.29998779296875,483.29998779296875,483.20001220703125,483.20001220703125,1000
2026-09-03 09:59:00,1788397140,8572.T,483.20001220703125,483.20001220703125,483.1000061035156,483.1000061035156,700
2026-09-03 10:00:00,1788397200,8572.T,483.1000061035156,483.20001220703125,483.0,483.1000061035156,3500
2026-09-03 10:01:00,1788397260,8572.T,483.0,483.20001220703125,483.0,483.0,1300
2026-09-03 10:02:00,1788397320,8572.T,482.8999938964844,483.20001220703125,482.79998779296875,483.0,11600
2026-09-03 10:03:00,1788397380,8572.T,482.8999938964844,482.8999938964844,482.8999938964844,482.8999938964844,700
2026-09-03 10:04:00,1788397440,8572.T,482.8999938964844,482.8999938964844,482.5,482.5,1400
2026-09-03 10:05:00,1788397500,8572.T,482.6000061035156,483.0,482.6000061035156,483.0,8400
2026-09-03 10:06:00,1788397560,8572.T,483.0,483.1000061035156,483.0,483.1000061035156,1100
2026-09-03 10:07:00,1788397620,8572.T,483.20001220703125,483.29998779296875,483.20001220703125,483.29998779296875,800
2026-09-03 10:08:00,1788397680,8572.T,483.3999938964844,483.3999938964844,483.3999938964844,483.3999938964844,700
2026-09-03 10:09:00,1788397740,8572.T,483.3999938964844,483.3999938964844,483.29998779296875,483.29998779296875,600
2026-09-03 10:10:00,1788397800,8572.T,483.1000061035156,483.1000061035156,483.1000061035156,483.1000061035156,400
2026-09-03 10:11:00,1788397860,8572.T,483.1000061035156,483.3999938964844,483.1000061035156,483.3999938964844,1900
2026-09-03 10:12:00,1788397920,8572.T,483.3999938964844,483.70001220703125,483.3999938964844,483.70001220703125,4400
2026-09-03 10:13:00,1788397980,8572.T,483.79998779296875,483.8999938964844,483.79998779296875,483.8999938964844,900
2026-09-03 10:14:00,1788398040,8572.T,483.8999938964844,483.8999938964844,483.70001220703125,483.70001220703125,900
2026-09-03 10:15:00,1788398100,8572.T,483.79998779296875,483.8999938964844,483.79998779296875,483.8999938964844,1500
2026-09-03 10:16:00,1788398160,8572.T,483.8999938964844,484.0,483.8999938964844,484.0,1300
2026-09-03 10:17:00,1788398220,8572.T,484.1000061035156,484.1000061035156,484.1000061035156,484.1000061035156,400
2026-09-03 10:18:00,1788398280,8572.T,484.0,484.0,483.79998779296875,483.79998779296875,1200
2026-09-03 10:19:00,1788398340,8572.T,483.8999938964844,484.3999938964844,483.8999938964844,484.3999938964844,3000
2026-09-03 10:20:00,1788398400,8572.T,484.3999938964844,484.5,484.3999938964844,484.5,1000
2026-09-03 10:21:00,1788398460,8572.T,484.6000061035156,484.79998779296875,484.6000061035156,484.6000061035156,4000
2026-09-03 10:22:00,1788398520,8572.T,484.5,484.5,484.29998779296875,484.5,10000
2026-09-03 10:23:00,1788398580,8572.T,484.5,484.5,484.5,484.5,1500
2026-09-03 10:24:00,1788398640,8572.T,484.5,484.70001220703125,484.5,484.70001220703125,4200
2026-09-03 10:25:00,1788398700,8572.T,484.70001220703125,484.70001220703125,484.70001220703125,484.70001220703125,1000
2026-09-03 10:26:00,1788398760,8572.T,484.70001220703125,484.70001220703125,484.6000061035156,484.6000061035156,1000
2026-09-03 10:27:00,1788398820,8572.T,484.6000061035156,484.6000061035156,484.5,484.5,400
2026-09-03 10:28:00,1788398880,8572.T,484.5,484.5,484.29998779296875,484.29998779296875,1600
2026-09-03 10:29:00,1788398940,8572.T,484.29998779296875,484.3999938964844,484.20001220703125,484.3999938964844,1000
2026-09-03 10:30:00,1788399000,8572.T,484.3999938964844,484.5,484.3999938964844,484.5,1000
2026-09-03 10:31:00,1788399060,8572.T,484.6000061035156,484.6000061035156,484.6000061035156,484.6000061035156,700
2026-09-03 10:32:00,1788399120,8572.T,484.70001220703125,484.79998779296875,484.70001220703125,484.70001220703125,4000
2026-09-03 10:33:00,1788399180,8572.T,484.6000061035156,484.70001220703125,484.5,484.5,4000
2026-09-03 10:34:00,1788399240,8572.T,484.3999938964844,484.3999938964844,484.1000061035156,484.1000061035156,500
2026-09-03 10:35:00,1788399300,8572.T,484.20001220703125,484.3999938964844,484.20001220703125,484.3999938964844,2100
2026-09-03 10:37:00,1788399420,8572.T,484.29998779296875,484.29998779296875,484.29998779296875,484.29998779296875,900
2026-09-03 10:38:00,1788399480,8572.T,484.29998779296875,484.3999938964844,484.29998779296875,484.3999938964844,700
2026-09-03 10:39:00,1788399540,8572.T,484.3999938964844,484.5,484.3999938964844,484.5,1100
2026-09-03 10:40:00,1788399600,8572.T,484.5,484.5,484.3999938964844,484.3999938964844,1000
2026-09-03 10:41:00,1788399660,8572.T,484.3999938964844,484.3999938964844,484.29998779296875,484.29998779296875,800
2026-09-03 10:42:00,1788399720,8572.T,484.29998779296875,484.29998779296875,484.0,484.0,1800
2026-09-03 10:43:00,1788399780,8572.T,484.0,484.0,483.8999938964844,483.8999938964844,1000
2026-09-03 10:44:00,1788399840,8572.T,483.8999938964844,484.1000061035156,483.79998779296875,484.0,3000
2026-09-03 10:45:00,1788399900,8572.T,484.1000061035156,484.1000061035156,484.1000061035156,484.1000061035156,800
2026-09-03 10:46:00,1788399960,8572.T,484.0,484.0,483.8999938964844,483.8999938964844,1200
2026-09-03 10:47:00,1788400020,8572.T,483.8999938964844,484.20001220703125,483.8999938964844,484.20001220703125,2700
2026-09-03 10:49:00,1788400140,8572.T,484.20001220703125,484.20001220703125,483.8999938964844,483.8999938964844,3800
2026-09-03 10:50:00,1788400200,8572.T,483.8999938964844,483.8999938964844,483.79998779296875,483.79998779296875,3100
2026-09-03 10:51:00,1788400260,8572.T,483.70001220703125,483.79998779296875,483.70001220703125,483.79998779296875,1100
2026-09-03 10:52:00,1788400320,8572.T,483.8999938964844,483.8999938964844,483.8999938964844,483.8999938964844,300
2026-09-03 10:53:00,1788400380,8572.T,483.8999938964844,484.0,483.8999938964844,484.0,1600
2026-09-03 10:54:00,1788400440,8572.T,483.8999938964844,483.8999938964844,483.8999938964844,483.8999938964844,100
2026-09-03 10:55:00,1788400500,8572.T,483.8999938964844,484.1000061035156,483.8999938964844,483.8999938964844,1400
2026-09-03 10:56:00,1788400560,8572.T,484.0,484.0,484.0,484.0,400
2026-09-03 10:57:00,1788400620,8572.T,484.0,484.0,483.70001220703125,483.70001220703125,1600
2026-09-03 10:58:00,1788400680,8572.T,483.70001220703125,484.1000061035156,483.70001220703125,484.1000061035156,2700
2026-09-03 10:59:00,1788400740,8572.T,484.0,484.1000061035156,484.0,484.1000061035156,900
2026-09-03 11:00:00,1788400800,8572.T,484.1000061035156,484.1000061035156,484.0,484.0,500
2026-09-03 11:01:00,1788400860,8572.T,484.0,484.0,484.0,484.0,1000
2026-09-03 11:02:00,1788400920,8572.T,484.0,484.29998779296875,484.0,484.29998779296875,2800
2026-09-03 11:03:00,1788400980,8572.T,484.29998779296875,484.29998779296875,484.29998779296875,484.29998779296875,200
2026-09-03 11:04:00,1788401040,8572.T,484.29998779296875,484.5,484.29998779296875,484.3999938964844,8000
2026-09-03 11:05:00,1788401100,8572.T,484.3999938964844,484.3999938964844,484.3999938964844,484.3999938964844,2400
2026-09-03 11:06:00,1788401160,8572.T,484.3999938964844,484.3999938964844,484.3999938964844,484.3999938964844,700
2026-09-03 11:07:00,1788401220,8572.T,484.29998779296875,484.29998779296875,484.20001220703125,484.29998779296875,800
2026-09-03 11:08:00,1788401280,8572.T,484.3999938964844,484.3999938964844,484.3999938964844,484.3999938964844,200
2026-09-03 11:09:00,1788401340,8572.T,484.29998779296875,484.3999938964844,484.29998779296875,484.29998779296875,3500
2026-09-03 11:10:00,1788401400,8572.T,484.3999938964844,484.3999938964844,484.3999938964844,484.3999938964844,300
2026-09-03 11:11:00,1788401460,8572.T,484.3999938964844,484.3999938964844,484.29998779296875,484.3999938964844,2800
2026-09-03 11:12:00,1788401520,8572.T,484.3999938964844,484.5,484.3999938964844,484.5,2700
2026-09-03 11:13:00,1788401580,8572.T,484.6000061035156,484.6000061035156,484.29998779296875,484.29998779296875,2900
2026-09-03 11:14:00,1788401640,8572.T,484.29998779296875,484.29998779296875,484.1000061035156,484.1000061035156,600
2026-09-03 11:15:00,1788401700,8572.T,484.29998779296875,484.29998779296875,484.20001220703125,484.20001220703125,1200
2026-09-03 11:16:00,1788401760,8572.T,484.20001220703125,484.20001220703125,484.20001220703125,484.20001220703125,800
2026-09-03 11:17:00,1788401820,8572.T,484.20001220703125,484.20001220703125,484.1000061035156,484.1000061035156,1500
2026-09-03 11:18:00,1788401880,8572.T,484.1000061035156,484.1000061035156,484.1000061035156,484.1000061035156,2200
2026-09-03 11:19:00,1788401940,8572.T,484.1000061035156,484.20001220703125,484.1000061035156,484.20001220703125,1200
2026-09-03 11:20:00,1788402000,8572.T,484.1000061035156,484.29998779296875,484.1000061035156,484.29998779296875,500
2026-09-03 11:21:00,1788402060,8572.T,484.1000061035156,484.20001220703125,483.8999938964844,483.8999938964844,3600
2026-09-03 11:22:00,1788402120,8572.T,483.8999938964844,483.8999938964844,483.70001220703125,483.8999938964844,600
2026-09-03 11:23:00,1788402180,8572.T,483.70001220703125,483.70001220703125,483.0,483.20001220703125,37100
2026-09-03 11:24:00,1788402240,8572.T,483.1000061035156,483.1000061035156,482.8999938964844,482.8999938964844,500
2026-09-03 11:25:00,1788402300,8572.T,482.70001220703125,482.8999938964844,482.70001220703125,482.8999938964844,1700
2026-09-03 11:26:00,1788402360,8572.T,482.79998779296875,482.79998779296875,482.79998779296875,482.79998779296875,900
2026-09-03 11:27:00,1788402420,8572.T,482.8999938964844,482.8999938964844,482.8999938964844,482.8999938964844,200
2026-09-03 11:28:00,1788402480,8572.T,482.79998779296875,482.79998779296875,482.79998779296875,482.79998779296875,200
2026-09-03 11:29:00,1788402540,8572.T,482.79998779296875,482.8999938964844,482.79998779296875,482.8999938964844,600
2026-09-03 11:30:00,1788402600,8572.T,483.0,483.0,483.0,483.0,400
2026-09-03 12:30:00,1788406200,8572.T,483.0,483.5,483.0,483.29998779296875,39700
2026-09-03 12:31:00,1788406260,8572.T,483.0,483.0,482.79998779296875,482.79998779296875,6500
2026-09-03 12:32:00,1788406320,8572.T,482.79998779296875,482.79998779296875,482.70001220703125,482.70001220703125,5900
2026-09-03 12:33:00,1788406380,8572.T,482.6000061035156,482.6000061035156,482.3999938964844,482.5,3800
2026-09-03 12:34:00,1788406440,8572.T,482.3999938964844,482.6000061035156,482.3999938964844,482.3999938964844,2500
2026-09-03 12:35:00,1788406500,8572.T,482.29998779296875,482.29998779296875,482.29998779296875,482.29998779296875,200
2026-09-03 12:36:00,1788406560,8572.T,482.3999938964844,482.3999938964844,482.29998779296875,482.3999938964844,3300
2026-09-03 12:37:00,1788406620,8572.T,482.3999938964844,482.6000061035156,482.29998779296875,482.6000061035156,4700
2026-09-03 12:38:00,1788406680,8572.T,482.6000061035156,482.6000061035156,482.6000061035156,482.6000061035156,300
2026-09-03 12:39:00,1788406740,8572.T,482.5,482.6000061035156,482.5,482.5,1800
2026-09-03 12:40:00,1788406800,8572.T,482.5,482.5,482.20001220703125,482.29998779296875,3600
2026-09-03 12:41:00,1788406860,8572.T,482.3999938964844,482.5,482.3999938964844,482.5,1000
2026-09-03 12:42:00,1788406920,8572.T,482.20001220703125,482.20001220703125,482.1000061035156,482.1000061035156,5100
2026-09-03 12:43:00,1788406980,8572.T,482.1000061035156,482.1000061035156,482.0,482.0,1500
2026-09-03 12:44:00,1788407040,8572.T,482.0,482.0,481.70001220703125,481.79998779296875,13900
2026-09-03 12:45:00,1788407100,8572.T,482.0,482.79998779296875,482.0,482.79998779296875,10300
2026-09-03 12:46:00,1788407160,8572.T,482.70001220703125,483.0,482.6000061035156,482.6000061035156,12600
2026-09-03 12:48:00,1788407280,8572.T,482.5,482.5,482.3999938964844,482.3999938964844,1500
2026-09-03 12:49:00,1788407340,8572.T,482.3999938964844,482.3999938964844,482.20001220703125,482.20001220703125,600
2026-09-03 12:50:00,1788407400,8572.T,482.1000061035156,482.3999938964844,482.1000061035156,482.3999938964844,1700
2026-09-03 12:52:00,1788407520,8572.T,482.20001220703125,482.20001220703125,482.20001220703125,482.20001220703125,300
2026-09-03 12:53:00,1788407580,8572.T,482.29998779296875,482.29998779296875,482.20001220703125,482.20001220703125,1700
2026-09-03 12:54:00,1788407640,8572.T,482.20001220703125,482.20001220703125,482.20001220703125,482.20001220703125,100
2026-09-03 12:55:00,1788407700,8572.T,482.1000061035156,482.1000061035156,482.1000061035156,482.1000061035156,400
2026-09-03 12:56:00,1788407760,8572.T,482.1000061035156,482.20001220703125,482.1000061035156,482.1000061035156,2200
2026-09-03 12:57:00,1788407820,8572.T,482.0,482.0,481.79998779296875,481.79998779296875,900
2026-09-03 12:58:00,1788407880,8572.T,482.0,482.29998779296875,482.0,482.29998779296875,6000
2026-09-03 12:59:00,1788407940,8572.T,482.29998779296875,482.29998779296875,482.29998779296875,482.29998779296875,100
2026-09-03 13:00:00,1788408000,8572.T,482.20001220703125,482.3999938964844,482.20001220703125,482.3999938964844,1100
2026-09-03 13:02:00,1788408120,8572.T,482.20001220703125,482.20001220703125,482.20001220703125,482.20001220703125,400
2026-09-03 13:03:00,1788408180,8572.T,482.20001220703125,482.29998779296875,482.20001220703125,482.29998779296875,2300
2026-09-03 13:04:00,1788408240,8572.T,482.3999938964844,482.3999938964844,482.3999938964844,482.3999938964844,600
2026-09-03 13:05:00,1788408300,8572.T,482.5,482.6000061035156,482.5,482.6000061035156,1600
2026-09-03 13:06:00,1788408360,8572.T,482.5,482.6000061035156,482.3999938964844,482.6000061035156,4200
2026-09-03 13:07:00,1788408420,8572.T,482.29998779296875,482.29998779296875,482.1000061035156,482.20001220703125,2000
2026-09-03 13:08:00,1788408480,8572.T,482.20001220703125,482.20001220703125,482.20001220703125,482.20001220703125,500
2026-09-03 13:09:00,1788408540,8572.T,482.29998779296875,482.5,482.29998779296875,482.5,1200
2026-09-03 13:10:00,1788408600,8572.T,482.6000061035156,482.6000061035156,482.5,482.5,200
2026-09-03 13:11:00,1788408660,8572.T,482.5,482.5,482.3999938964844,482.3999938964844,900
2026-09-03 13:12:00,1788408720,8572.T,482.3999938964844,482.3999938964844,482.29998779296875,482.29998779296875,300
2026-09-03 13:13:00,1788408780,8572.T,482.29998779296875,482.29998779296875,482.29998779296875,482.29998779296875,100
2026-09-03 13:14:00,1788408840,8572.T,482.3999938964844,482.5,482.29998779296875,482.5,1500
2026-09-03 13:15:00,1788408900,8572.T,482.6000061035156,482.79998779296875,482.6000061035156,482.79998779296875,2300
2026-09-03 13:16:00,1788408960,8572.T,482.79998779296875,482.79998779296875,482.79998779296875,482.79998779296875,900
2026-09-03 13:17:00,1788409020,8572.T,482.70001220703125,482.70001220703125,482.70001220703125,482.70001220703125,600
2026-09-03 13:18:00,1788409080,8572.T,482.6000061035156,482.6000061035156,482.5,482.5,300
2026-09-03 13:19:00,1788409140,8572.T,482.3999938964844,482.3999938964844,482.3999938964844,482.3999938964844,400
2026-09-03 13:20:00,1788409200,8572.T,482.3999938964844,482.6000061035156,482.29998779296875,482.6000061035156,8300
2026-09-03 13:21:00,1788409260,8572.T,482.70001220703125,482.70001220703125,482.70001220703125,482.70001220703125,1000
2026-09-03 13:23:00,1788409380,8572.T,482.79998779296875,482.79998779296875,482.79998779296875,482.79998779296875,1200
2026-09-03 13:24:00,1788409440,8572.T,482.70001220703125,482.70001220703125,482.6000061035156,482.6000061035156,900
2026-09-03 13:25:00,1788409500,8572.T,482.6000061035156,482.70001220703125,482.6000061035156,482.70001220703125,600
2026-09-03 13:26:00,1788409560,8572.T,482.70001220703125,482.70001220703125,482.6000061035156,482.6000061035156,700
2026-09-03 13:27:00,1788409620,8572.T,482.5,482.5,482.5,482.5,400
2026-09-03 13:28:00,1788409680,8572.T,482.5,482.5,482.5,482.5,100
2026-09-03 13:29:00,1788409740,8572.T,482.5,482.6000061035156,482.5,482.5,2700
2026-09-03 13:31:00,1788409860,8572.T,482.3999938964844,482.3999938964844,482.3999938964844,482.3999938964844,200
2026-09-03 13:32:00,1788409920,8572.T,482.5,482.5,482.5,482.5,1600
2026-09-03 13:33:00,1788409980,8572.T,482.6000061035156,482.6000061035156,482.6000061035156,482.6000061035156,1400
2026-09-03 13:34:00,1788410040,8572.T,482.6000061035156,482.6000061035156,482.6000061035156,482.6000061035156,100
2026-09-03 13:35:00,1788410100,8572.T,482.6000061035156,482.6000061035156,482.6000061035156,482.6000061035156,100
2026-09-03 13:36:00,1788410160,8572.T,482.6000061035156,482.6000061035156,482.6000061035156,482.6000061035156,400
2026-09-03 13:37:00,1788410220,8572.T,482.6000061035156,482.79998779296875,482.6000061035156,482.79998779296875,2200
2026-09-03 13:39:00,1788410340,8572.T,482.70001220703125,482.70001220703125,482.6000061035156,482.70001220703125,1200
2026-09-03 13:40:00,1788410400,8572.T,482.79998779296875,482.79998779296875,482.79998779296875,482.79998779296875,1600
2026-09-03 13:41:00,1788410460,8572.T,482.79998779296875,482.79998779296875,482.79998779296875,482.79998779296875,1100
2026-09-03 13:42:00,1788410520,8572.T,482.70001220703125,482.70001220703125,482.70001220703125,482.70001220703125,300
2026-09-03 13:43:00,1788410580,8572.T,482.70001220703125,482.70001220703125,482.6000061035156,482.70001220703125,3300
2026-09-03 13:44:00,1788410640,8572.T,482.70001220703125,483.0,482.70001220703125,483.0,7700
2026-09-03 13:45:00,1788410700,8572.T,482.8999938964844,482.8999938964844,482.8999938964844,482.8999938964844,100
2026-09-03 13:46:00,1788410760,8572.T,483.0,483.0,483.0,483.0,400
2026-09-03 13:47:00,1788410820,8572.T,482.8999938964844,482.8999938964844,482.79998779296875,482.79998779296875,2500
2026-09-03 13:48:00,1788410880,8572.T,482.79998779296875,482.79998779296875,482.70001220703125,482.70001220703125,500
2026-09-03 13:49:00,1788410940,8572.T,482.70001220703125,482.70001220703125,482.70001220703125,482.70001220703125,700
2026-09-03 13:50:00,1788411000,8572.T,482.70001220703125,482.70001220703125,482.70001220703125,482.70001220703125,700
2026-09-03 13:51:00,1788411060,8572.T,482.70001220703125,482.79998779296875,482.70001220703125,482.79998779296875,1900
2026-09-03 13:53:00,1788411180,8572.T,482.70001220703125,482.70001220703125,482.70001220703125,482.70001220703125,100
2026-09-03 13:54:00,1788411240,8572.T,482.70001220703125,482.70001220703125,482.70001220703125,482.70001220703125,200
2026-09-03 13:55:00,1788411300,8572.T,482.70001220703125,482.70001220703125,482.5,482.5,2600
2026-09-03 13:56:00,1788411360,8572.T,482.5,482.5,482.5,482.5,200
2026-09-03 13:57:00,1788411420,8572.T,482.5,482.5,482.5,482.5,1200
2026-09-03 13:58:00,1788411480,8572.T,482.5,482.6000061035156,482.5,482.6000061035156,3600
2026-09-03 13:59:00,1788411540,8572.T,482.6000061035156,482.6000061035156,482.6000061035156,482.6000061035156,200
2026-09-03 14:00:00,1788411600,8572.T,482.6000061035156,482.6000061035156,482.5,482.5,600
2026-09-03 14:01:00,1788411660,8572.T,482.5,482.5,482.5,482.5,100
2026-09-03 14:02:00,1788411720,8572.T,482.5,482.5,482.5,482.5,300
2026-09-03 14:03:00,1788411780,8572.T,482.5,482.5,482.5,482.5,400
2026-09-03 14:04:00,1788411840,8572.T,482.5,482.5,482.3999938964844,482.3999938964844,2200
2026-09-03 14:05:00,1788411900,8572.T,482.29998779296875,482.3999938964844,482.20001220703125,482.29998779296875,2200
2026-09-03 14:06:00,1788411960,8572.T,482.20001220703125,482.20001220703125,482.0,482.0,1300
2026-09-03 14:07:00,1788412020,8572.T,482.0,482.1000061035156,482.0,482.0,1600
2026-09-03 14:08:00,1788412080,8572.T,482.1000061035156,482.20001220703125,482.1000061035156,482.20001220703125,1000
2026-09-03 14:09:00,1788412140,8572.T,482.0,482.1000061035156,482.0,482.0,1700
2026-09-03 14:11:00,1788412260,8572.T,482.1000061035156,482.1000061035156,482.0,482.0,1300
2026-09-03 14:12:00,1788412320,8572.T,482.1000061035156,482.1000061035156,481.29998779296875,481.5,32300
2026-09-03 14:13:00,1788412380,8572.T,481.3999938964844,481.3999938964844,481.0,481.3999938964844,14800
2026-09-03 14:14:00,1788412440,8572.T,481.3999938964844,481.3999938964844,481.29998779296875,481.29998779296875,1400
2026-09-03 14:15:00,1788412500,8572.T,481.20001220703125,481.29998779296875,481.1000061035156,481.29998779296875,5900
2026-09-03 14:17:00,1788412620,8572.T,481.20001220703125,481.20001220703125,481.20001220703125,481.20001220703125,300
2026-09-03 14:18:00,1788412680,8572.T,481.1000061035156,481.1000061035156,480.3999938964844,480.70001220703125,51200
2026-09-03 14:19:00,1788412740,8572.T,480.6000061035156,480.70001220703125,480.6000061035156,480.70001220703125,1000
2026-09-03 14:20:00,1788412800,8572.T,480.79998779296875,480.79998779296875,480.70001220703125,480.70001220703125,200
2026-09-03 14:21:00,1788412860,8572.T,480.70001220703125,480.8999938964844,480.6000061035156,480.70001220703125,10900
2026-09-03 14:23:00,1788412980,8572.T,480.6000061035156,480.6000061035156,480.3999938964844,480.3999938964844,1300
2026-09-03 14:24:00,1788413040,8572.T,480.29998779296875,480.29998779296875,479.6000061035156,480.0,79600
2026-09-03 14:25:00,1788413100,8572.T,480.1000061035156,480.20001220703125,480.1000061035156,480.20001220703125,4400
2026-09-03 14:26:00,1788413160,8572.T,480.1000061035156,480.1000061035156,480.1000061035156,480.1000061035156,1500
2026-09-03 14:27:00,1788413220,8572.T,480.0,480.0,479.8999938964844,479.8999938964844,5000
2026-09-03 14:28:00,1788413280,8572.T,480.0,480.1000061035156,480.0,480.1000061035156,3500
2026-09-03 14:29:00,1788413340,8572.T,480.1000061035156,480.29998779296875,480.1000061035156,480.20001220703125,1800
2026-09-03 14:30:00,1788413400,8572.T,480.20001220703125,480.3999938964844,480.20001220703125,480.3999938964844,1700
2026-09-03 14:31:00,1788413460,8572.T,480.3999938964844,480.70001220703125,480.3999938964844,480.70001220703125,2600
2026-09-03 14:32:00,1788413520,8572.T,480.6000061035156,480.6000061035156,480.6000061035156,480.6000061035156,1100
2026-09-03 14:33:00,1788413580,8572.T,480.5,480.5,480.5,480.5,1300
2026-09-03 14:34:00,1788413640,8572.T,480.3999938964844,480.5,480.3999938964844,480.5,2800
2026-09-03 14:35:00,1788413700,8572.T,480.6000061035156,480.6000061035156,480.5,480.5,700
2026-09-03 14:36:00,1788413760,8572.T,480.5,480.5,480.3999938964844,480.3999938964844,1100
2026-09-03 14:37:00,1788413820,8572.T,480.29998779296875,480.29998779296875,480.20001220703125,480.29998779296875,2000
2026-09-03 14:38:00,1788413880,8572.T,480.29998779296875,480.6000061035156,480.29998779296875,480.6000061035156,8800
2026-09-03 14:39:00,1788413940,8572.T,480.29998779296875,480.3999938964844,480.29998779296875,480.3999938964844,700
2026-09-03 14:40:00,1788414000,8572.T,480.20001220703125,480.20001220703125,480.1000061035156,480.20001220703125,2200
2026-09-03 14:41:00,1788414060,8572.T,480.1000061035156,480.1000061035156,479.70001220703125,479.79998779296875,13600
2026-09-03 14:42:00,1788414120,8572.T,479.8999938964844,479.8999938964844,479.79998779296875,479.79998779296875,1700
2026-09-03 14:43:00,1788414180,8572.T,479.8999938964844,479.8999938964844,479.8999938964844,479.8999938964844,300
2026-09-03 14:44:00,1788414240,8572.T,479.8999938964844,479.8999938964844,479.8999938964844,479.8999938964844,900
2026-09-03 14:45:00,1788414300,8572.T,480.0,480.0,479.70001220703125,479.70001220703125,3300
2026-09-03 14:46:00,1788414360,8572.T,479.70001220703125,479.70001220703125,479.5,479.5,4800
2026-09-03 14:47:00,1788414420,8572.T,479.6000061035156,479.70001220703125,479.6000061035156,479.70001220703125,2100
2026-09-03 14:48:00,1788414480,8572.T,479.6000061035156,479.6000061035156,479.6000061035156,479.6000061035156,200
2026-09-03 14:49:00,1788414540,8572.T,479.70001220703125,479.8999938964844,479.70001220703125,479.8999938964844,4200
2026-09-03 14:50:00,1788414600,8572.T,479.79998779296875,479.79998779296875,479.79998779296875,479.79998779296875,100
2026-09-03 14:51:00,1788414660,8572.T,479.70001220703125,479.79998779296875,479.5,479.70001220703125,19700
2026-09-03 14:52:00,1788414720,8572.T,479.79998779296875,479.79998779296875,479.70001220703125,479.70001220703125,1000
2026-09-03 14:53:00,1788414780,8572.T,479.79998779296875,479.79998779296875,479.79998779296875,479.79998779296875,1300
2026-09-03 14:54:00,1788414840,8572.T,479.79998779296875,479.8999938964844,479.79998779296875,479.8999938964844,200
2026-09-03 14:55:00,1788414900,8572.T,479.8999938964844,479.8999938964844,479.70001220703125,479.70001220703125,800
2026-09-03 14:56:00,1788414960,8572.T,479.79998779296875,479.8999938964844,479.79998779296875,479.8999938964844,3100
2026-09-03 14:57:00,1788415020,8572.T,479.8999938964844,479.8999938964844,479.8999938964844,479.8999938964844,100
2026-09-03 14:58:00,1788415080,8572.T,479.8999938964844,480.1000061035156,479.8999938964844,480.0,3900
2026-09-03 14:59:00,1788415140,8572.T,480.0,480.0,480.0,480.0,600
2026-09-03 15:00:00,1788415200,8572.T,480.0,480.0,479.79998779296875,479.8999938964844,3000
2026-09-03 15:01:00,1788415260,8572.T,479.79998779296875,479.8999938964844,479.79998779296875,479.8999938964844,5700
2026-09-03 15:02:00,1788415320,8572.T,479.79998779296875,479.79998779296875,479.79998779296875,479.79998779296875,1300
2026-09-03 15:03:00,1788415380,8572.T,479.70001220703125,479.70001220703125,479.6000061035156,479.70001220703125,2200
2026-09-03 15:04:00,1788415440,8572.T,479.70001220703125,479.70001220703125,479.70001220703125,479.70001220703125,300
2026-09-03 15:05:00,1788415500,8572.T,479.70001220703125,479.8999938964844,479.70001220703125,479.8999938964844,3800
2026-09-03 15:06:00,1788415560,8572.T,479.8999938964844,479.8999938964844,479.8999938964844,479.8999938964844,600
2026-09-03 15:07:00,1788415620,8572.T,479.79998779296875,479.79998779296875,479.5,479.6000061035156,4900
2026-09-03 15:08:00,1788415680,8572.T,479.6000061035156,479.6000061035156,479.6000061035156,479.6000061035156,1300
2026-09-03 15:09:00,1788415740,8572.T,479.70001220703125,479.70001220703125,479.5,479.6000061035156,2800
2026-09-03 15:10:00,1788415800,8572.T,479.70001220703125,479.79998779296875,479.6000061035156,479.70001220703125,4500
2026-09-03 15:11:00,1788415860,8572.T,479.6000061035156,479.70001220703125,479.5,479.70001220703125,2900
2026-09-03 15:12:00,1788415920,8572.T,479.70001220703125,479.70001220703125,479.70001220703125,479.70001220703125,300
2026-09-03 15:13:00,1788415980,8572.T,479.6000061035156,479.70001220703125,479.6000061035156,479.6000061035156,1900
2026-09-03 15:14:00,1788416040,8572.T,479.6000061035156,479.70001220703125,479.5,479.70001220703125,2400
2026-09-03 15:15:00,1788416100,8572.T,479.70001220703125,479.79998779296875,479.70001220703125,479.70001220703125,1100
2026-09-03 15:16:00,1788416160,8572.T,479.6000061035156,479.70001220703125,479.6000061035156,479.6000061035156,600
2026-09-03 15:17:00,1788416220,8572.T,479.6000061035156,479.8999938964844,479.6000061035156,479.8999938964844,7000
2026-09-03 15:18:00,1788416280,8572.T,480.0,480.1000061035156,480.0,480.0,2200
2026-09-03 15:19:00,1788416340,8572.T,480.0,480.1000061035156,479.79998779296875,479.79998779296875,3200
2026-09-03 15:20:00,1788416400,8572.T,479.8999938964844,479.8999938964844,479.70001220703125,479.79998779296875,3200
2026-09-03 15:21:00,1788416460,8572.T,479.79998779296875,479.8999938964844,479.6000061035156,479.6000061035156,1900
2026-09-03 15:22:00,1788416520,8572.T,479.6000061035156,479.70001220703125,479.5,479.6000061035156,1300
2026-09-03 15:23:00,1788416580,8572.T,479.5,479.6000061035156,479.5,479.6000061035156,4600
2026-09-03 15:24:00,1788416640,8572.T,479.6000061035156,479.70001220703125,479.3999938964844,479.3999938964844,6200
2026-09-03 15:30:00,1788417000,8572.T,478.29998779296875,478.29998779296875,478.29998779296875,478.29998779296875,0
2026-09-29 09:05:00,1790640300,8572.T,473.70001220703125,474.0,473.29998779296875,473.29998779296875,0
2026-09-29 09:06:00,1790640360,8572.T,473.1000061035156,473.1000061035156,471.70001220703125,471.70001220703125,39400
2026-09-29 09:07:00,1790640420,8572.T,471.79998779296875,471.79998779296875,471.29998779296875,471.29998779296875,6600
2026-09-29 09:08:00,1790640480,8572.T,471.1000061035156,471.6000061035156,471.0,471.29998779296875,6500
2026-09-29 09:09:00,1790640540,8572.T,471.6000061035156,471.79998779296875,471.20001220703125,471.79998779296875,3400
2026-09-29 09:10:00,1790640600,8572.T,471.3999938964844,471.3999938964844,471.1000061035156,471.1000061035156,6900
2026-09-29 09:11:00,1790640660,8572.T,471.1000061035156,471.29998779296875,470.8999938964844,471.0,8500
2026-09-29 09:12:00,1790640720,8572.T,470.8999938964844,471.0,470.5,470.5,5200
2026-09-29 09:13:00,1790640780,8572.T,470.6000061035156,471.0,470.6000061035156,470.79998779296875,4200
2026-09-29 09:14:00,1790640840,8572.T,470.70001220703125,470.8999938964844,470.5,470.5,3600
2026-09-29 09:15:00,1790640900,8572.T,470.5,470.70001220703125,470.5,470.5,2500
2026-09-29 09:16:00,1790640960,8572.T,470.5,470.5,470.3999938964844,470.3999938964844,1900
2026-09-29 09:17:00,1790641020,8572.T,470.29998779296875,470.5,470.29998779296875,470.5,3000
2026-09-29 09:18:00,1790641080,8572.T,470.6000061035156,470.70001220703125,470.0,470.20001220703125,36100
2026-09-29 09:19:00,1790641140,8572.T,470.20001220703125,470.20001220703125,470.0,470.1000061035156,4900
2026-09-29 09:20:00,1790641200,8572.T,470.0,470.3999938964844,470.0,470.3999938964844,4700
2026-09-29 09:21:00,1790641260,8572.T,470.3999938964844,470.70001220703125,470.3999938964844,470.5,5600
2026-09-29 09:22:00,1790641320,8572.T,470.5,470.5,470.5,470.5,2600
2026-09-29 09:23:00,1790641380,8572.T,470.5,470.5,470.20001220703125,470.29998779296875,2700
2026-09-29 09:24:00,1790641440,8572.T,470.20001220703125,470.20001220703125,469.70001220703125,469.8999938964844,29400
2026-09-29 09:25:00,1790641500,8572.T,469.79998779296875,470.20001220703125,469.70001220703125,470.20001220703125,5300
2026-09-29 09:26:00,1790641560,8572.T,469.8999938964844,470.0,469.79998779296875,470.0,2800
2026-09-29 09:27:00,1790641620,8572.T,469.8999938964844,469.8999938964844,469.79998779296875,469.8999938964844,2700
2026-09-29 09:28:00,1790641680,8572.T,469.8999938964844,470.0,469.6000061035156,469.70001220703125,4500
2026-09-29 09:29:00,1790641740,8572.T,469.79998779296875,470.0,469.70001220703125,470.0,2900
2026-09-29 09:30:00,1790641800,8572.T,470.20001220703125,470.29998779296875,470.20001220703125,470.20001220703125,3400
2026-09-29 09:31:00,1790641860,8572.T,470.1000061035156,470.1000061035156,469.3999938964844,469.3999938964844,13700
2026-09-29 09:32:00,1790641920,8572.T,469.29998779296875,469.29998779296875,469.29998779296875,469.29998779296875,200
2026-09-29 09:33:00,1790641980,8572.T,469.20001220703125,469.29998779296875,469.1000061035156,469.20001220703125,4500
2026-09-29 09:34:00,1790642040,8572.T,469.1000061035156,469.1000061035156,468.79998779296875,468.79998779296875,5600
2026-09-29 09:35:00,1790642100,8572.T,468.8999938964844,469.1000061035156,468.29998779296875,468.29998779296875,12300
2026-09-29 09:36:00,1790642160,8572.T,468.29998779296875,468.8999938964844,468.29998779296875,468.8999938964844,5200
2026-09-29 09:37:00,1790642220,8572.T,468.8999938964844,468.8999938964844,468.6000061035156,468.6000061035156,2000
2026-09-29 09:38:00,1790642280,8572.T,468.6000061035156,468.6000061035156,468.5,468.5,1000
2026-09-29 09:39:00,1790642340,8572.T,468.5,468.79998779296875,468.5,468.79998779296875,4400
2026-09-29 09:40:00,1790642400,8572.T,468.70001220703125,469.20001220703125,468.6000061035156,468.79998779296875,14700
2026-09-29 09:41:00,1790642460,8572.T,468.79998779296875,468.8999938964844,468.5,468.6000061035156,3300
2026-09-29 09:42:00,1790642520,8572.T,468.70001220703125,468.70001220703125,468.70001220703125,468.70001220703125,1500
2026-09-29 09:43:00,1790642580,8572.T,468.70001220703125,468.70001220703125,468.1000061035156,468.6000061035156,33300
2026-09-29 09:44:00,1790642640,8572.T,468.6000061035156,468.79998779296875,468.3999938964844,468.5,5000
2026-09-29 09:45:00,1790642700,8572.T,468.5,468.5,468.5,468.5,300
2026-09-29 09:46:00,1790642760,8572.T,468.6000061035156,468.79998779296875,468.6000061035156,468.79998779296875,2600
2026-09-29 09:47:00,1790642820,8572.T,468.70001220703125,468.79998779296875,468.70001220703125,468.70001220703125,2600
2026-09-29 09:48:00,1790642880,8572.T,468.70001220703125,468.79998779296875,468.70001220703125,468.70001220703125,1800
2026-09-29 09:49:00,1790642940,8572.T,468.79998779296875,468.79998779296875,468.5,468.70001220703125,3400
2026-09-29 09:50:00,1790643000,8572.T,468.70001220703125,469.1000061035156,468.6000061035156,468.79998779296875,5600
2026-09-29 09:51:00,1790643060,8572.T,468.8999938964844,469.0,468.6000061035156,468.8999938964844,3200
2026-09-29 09:52:00,1790643120,8572.T,469.0,469.1000061035156,469.0,469.0,2500
2026-09-29 09:53:00,1790643180,8572.T,469.0,469.20001220703125,469.0,469.20001220703125,1600
2026-09-29 09:54:00,1790643240,8572.T,469.20001220703125,469.20001220703125,469.20001220703125,469.20001220703125,400
2026-09-29 09:55:00,1790643300,8572.T,469.20001220703125,469.29998779296875,469.0,469.1000061035156,2500
2026-09-29 09:56:00,1790643360,8572.T,469.0,469.0,469.0,469.0,1200
2026-09-29 09:57:00,1790643420,8572.T,468.79998779296875,468.79998779296875,468.5,468.6000061035156,13000
2026-09-29 09:59:00,1790643540,8572.T,468.6000061035156,468.70001220703125,468.5,468.70001220703125,2400
2026-09-29 10:00:00,1790643600,8572.T,468.70001220703125,468.70001220703125,468.6000061035156,468.6000061035156,3200
2026-09-29 10:01:00,1790643660,8572.T,468.5,468.5,468.29998779296875,468.29998779296875,2100
2026-09-29 10:02:00,1790643720,8572.T,468.29998779296875,468.29998779296875,468.29998779296875,468.29998779296875,400
2026-09-29 10:03:00,1790643780,8572.T,468.29998779296875,468.29998779296875,468.29998779296875,468.29998779296875,3200
2026-09-29 10:04:00,1790643840,8572.T,468.29998779296875,468.3999938964844,468.29998779296875,468.3999938964844,2800
2026-09-29 10:05:00,1790643900,8572.T,468.29998779296875,468.6000061035156,468.29998779296875,468.6000061035156,2900
2026-09-29 10:06:00,1790643960,8572.T,468.5,468.5,468.20001220703125,468.20001220703125,3900
2026-09-29 10:07:00,1790644020,8572.T,468.20001220703125,468.29998779296875,468.20001220703125,468.29998779296875,800
2026-09-29 10:08:00,1790644080,8572.T,468.29998779296875,468.3999938964844,468.29998779296875,468.29998779296875,1200
2026-09-29 10:09:00,1790644140,8572.T,468.3999938964844,468.6000061035156,468.3999938964844,468.6000061035156,1200
2026-09-29 10:10:00,1790644200,8572.T,468.29998779296875,468.3999938964844,468.29998779296875,468.3999938964844,1600
2026-09-29 10:11:00,1790644260,8572.T,468.3999938964844,468.5,468.29998779296875,468.29998779296875,1300
2026-09-29 10:12:00,1790644320,8572.T,468.5,468.70001220703125,468.3999938964844,468.5,2500
2026-09-29 10:13:00,1790644380,8572.T,468.70001220703125,468.79998779296875,468.70001220703125,468.79998779296875,700
2026-09-29 10:14:00,1790644440,8572.T,468.8999938964844,469.20001220703125,468.70001220703125,468.79998779296875,12200
2026-09-29 10:15:00,1790644500,8572.T,468.79998779296875,469.0,468.79998779296875,469.0,1700
2026-09-29 10:16:00,1790644560,8572.T,469.0,469.0,469.0,469.0,500
2026-09-29 10:17:00,1790644620,8572.T,468.79998779296875,468.79998779296875,468.6000061035156,468.6000061035156,1500
2026-09-29 10:18:00,1790644680,8572.T,468.70001220703125,468.70001220703125,468.70001220703125,468.70001220703125,300
2026-09-29 10:19:00,1790644740,8572.T,468.70001220703125,468.8999938964844,468.6000061035156,468.70001220703125,2900
2026-09-29 10:20:00,1790644800,8572.T,468.70001220703125,468.70001220703125,468.6000061035156,468.6000061035156,1800
2026-09-29 10:21:00,1790644860,8572.T,468.6000061035156,469.0,468.6000061035156,468.70001220703125,4700
2026-09-29 10:22:00,1790644920,8572.T,468.8999938964844,468.8999938964844,468.8999938964844,468.8999938964844,800
2026-09-29 10:23:00,1790644980,8572.T,468.79998779296875,468.79998779296875,468.79998779296875,468.79998779296875,500
2026-09-29 10:24:00,1790645040,8572.T,468.70001220703125,468.70001220703125,468.3999938964844,468.3999938964844,5800
2026-09-29 10:25:00,1790645100,8572.T,468.3999938964844,468.79998779296875,468.20001220703125,468.79998779296875,7400
2026-09-29 10:26:00,1790645160,8572.T,468.79998779296875,468.79998779296875,468.79998779296875,468.79998779296875,300
2026-09-29 10:27:00,1790645220,8572.T,468.79998779296875,468.79998779296875,468.6000061035156,468.6000061035156,1000
2026-09-29 10:28:00,1790645280,8572.T,468.6000061035156,468.79998779296875,468.6000061035156,468.79998779296875,400
2026-09-29 10:29:00,1790645340,8572.T,468.79998779296875,468.79998779296875,468.79998779296875,468.79998779296875,600
2026-09-29 10:30:00,1790645400,8572.T,468.79998779296875,468.8999938964844,468.70001220703125,468.79998779296875,1700
2026-09-29 10:31:00,1790645460,8572.T,468.8999938964844,469.0,468.5,468.5,3800
2026-09-29 10:32:00,1790645520,8572.T,468.5,468.5,468.20001220703125,468.3999938964844,2900
2026-09-29 10:33:00,1790645580,8572.T,468.29998779296875,468.29998779296875,468.20001220703125,468.20001220703125,1700
2026-09-29 10:34:00,1790645640,8572.T,468.29998779296875,468.29998779296875,468.29998779296875,468.29998779296875,100
2026-09-29 10:35:00,1790645700,8572.T,468.3999938964844,468.70001220703125,468.29998779296875,468.70001220703125,6600
2026-09-29 10:36:00,1790645760,8572.T,468.6000061035156,468.70001220703125,468.3999938964844,468.6000061035156,1000
2026-09-29 10:38:00,1790645880,8572.T,468.6000061035156,468.6000061035156,468.3999938964844,468.3999938964844,2900
2026-09-29 10:39:00,1790645940,8572.T,468.3999938964844,468.5,467.79998779296875,467.8999938964844,29100
2026-09-29 10:41:00,1790646060,8572.T,468.20001220703125,468.20001220703125,468.20001220703125,468.20001220703125,1800
2026-09-29 10:42:00,1790646120,8572.T,468.1000061035156,468.1000061035156,468.1000061035156,468.1000061035156,400
2026-09-29 10:43:00,1790646180,8572.T,468.1000061035156,468.1000061035156,468.1000061035156,468.1000061035156,800
2026-09-29 10:44:00,1790646240,8572.T,468.1000061035156,468.1000061035156,468.1000061035156,468.1000061035156,200
2026-09-29 10:46:00,1790646360,8572.T,468.1000061035156,468.20001220703125,467.8999938964844,467.8999938964844,8500
2026-09-29 10:47:00,1790646420,8572.T,467.8999938964844,468.0,467.79998779296875,468.0,3800
2026-09-29 10:49:00,1790646540,8572.T,468.0,468.20001220703125,467.8999938964844,467.8999938964844,6900
2026-09-29 10:50:00,1790646600,8572.T,467.8999938964844,468.1000061035156,467.70001220703125,468.1000061035156,7900
2026-09-29 10:51:00,1790646660,8572.T,468.1000061035156,468.1000061035156,468.1000061035156,468.1000061035156,300
2026-09-29 10:52:00,1790646720,8572.T,468.20001220703125,468.20001220703125,468.1000061035156,468.1000061035156,300
2026-09-29 10:53:00,1790646780,8572.T,468.1000061035156,468.1000061035156,468.1000061035156,468.1000061035156,200
2026-09-29 10:54:00,1790646840,8572.T,468.20001220703125,468.29998779296875,468.20001220703125,468.29998779296875,3200
2026-09-29 10:55:00,1790646900,8572.T,468.29998779296875,468.3999938964844,468.20001220703125,468.3999938964844,3600
2026-09-29 10:56:00,1790646960,8572.T,468.5,468.70001220703125,468.5,468.70001220703125,1800
2026-09-29 10:57:00,1790647020,8572.T,468.79998779296875,468.79998779296875,468.79998779296875,468.79998779296875,300
2026-09-29 10:58:00,1790647080,8572.T,468.79998779296875,468.8999938964844,468.6000061035156,468.6000061035156,1100
2026-09-29 10:59:00,1790647140,8572.T,468.79998779296875,469.1000061035156,468.6000061035156,468.8999938964844,9000
2026-09-29 11:01:00,1790647260,8572.T,468.70001220703125,469.0,468.70001220703125,468.70001220703125,7100
2026-09-29 11:02:00,1790647320,8572.T,468.79998779296875,468.79998779296875,468.79998779296875,468.79998779296875,700
2026-09-29 11:03:00,1790647380,8572.T,469.0,469.1000061035156,469.0,469.1000061035156,600
2026-09-29 11:04:00,1790647440,8572.T,469.20001220703125,469.3999938964844,469.20001220703125,469.20001220703125,3000
2026-09-29 11:05:00,1790647500,8572.T,469.3999938964844,469.5,469.20001220703125,469.20001220703125,800
2026-09-29 11:06:00,1790647560,8572.T,469.20001220703125,469.3999938964844,469.20001220703125,469.3999938964844,1700
2026-09-29 11:07:00,1790647620,8572.T,469.29998779296875,469.29998779296875,469.29998779296875,469.29998779296875,400
2026-09-29 11:08:00,1790647680,8572.T,469.29998779296875,469.3999938964844,469.20001220703125,469.20001220703125,500
2026-09-29 11:09:00,1790647740,8572.T,469.20001220703125,469.20001220703125,469.20001220703125,469.20001220703125,500
2026-09-29 11:10:00,1790647800,8572.T,469.29998779296875,469.3999938964844,469.29998779296875,469.3999938964844,1000
2026-09-29 11:11:00,1790647860,8572.T,469.3999938964844,469.3999938964844,469.3999938964844,469.3999938964844,500
2026-09-29 11:12:00,1790647920,8572.T,469.29998779296875,469.3999938964844,469.29998779296875,469.3999938964844,700
2026-09-29 11:13:00,1790647980,8572.T,469.29998779296875,469.29998779296875,469.1000061035156,469.1000061035156,2500
2026-09-29 11:14:00,1790648040,8572.T,469.1000061035156,469.20001220703125,468.79998779296875,469.0,25900
2026-09-29 11:15:00,1790648100,8572.T,468.79998779296875,468.79998779296875,468.79998779296875,468.79998779296875,200
2026-09-29 11:16:00,1790648160,8572.T,468.79998779296875,468.79998779296875,468.70001220703125,468.70001220703125,300
2026-09-29 11:17:00,1790648220,8572.T,468.79998779296875,469.1000061035156,468.79998779296875,469.1000061035156,6900
2026-09-29 11:18:00,1790648280,8572.T,469.1000061035156,469.1000061035156,469.1000061035156,469.1000061035156,400
2026-09-29 11:19:00,1790648340,8572.T,469.20001220703125,469.29998779296875,469.1000061035156,469.29998779296875,2100
2026-09-29 11:21:00,1790648460,8572.T,469.1000061035156,469.3999938964844,469.0,469.29998779296875,2400
2026-09-29 11:22:00,1790648520,8572.T,469.3999938964844,469.3999938964844,469.3999938964844,469.3999938964844,300
2026-09-29 11:23:00,1790648580,8572.T,469.29998779296875,469.3999938964844,469.20001220703125,469.29998779296875,1700
2026-09-29 11:24:00,1790648640,8572.T,469.20001220703125,469.29998779296875,469.1000061035156,469.20001220703125,1600
2026-09-29 11:25:00,1790648700,8572.T,469.3999938964844,469.3999938964844,469.29998779296875,469.29998779296875,600
2026-09-29 11:26:00,1790648760,8572.T,469.29998779296875,469.29998779296875,469.29998779296875,469.29998779296875,400
2026-09-29 11:27:00,1790648820,8572.T,469.29998779296875,469.3999938964844,469.29998779296875,469.3999938964844,2800
2026-09-29 11:28:00,1790648880,8572.T,469.29998779296875,469.3999938964844,469.29998779296875,469.3999938964844,800
2026-09-29 11:29:00,1790648940,8572.T,469.3999938964844,469.3999938964844,469.20001220703125,469.3999938964844,1500
2026-09-29 11:30:00,1790649000,8572.T,469.5,469.5,469.5,469.5,400
2026-09-29 12:30:00,1790652600,8572.T,468.70001220703125,469.3999938964844,468.70001220703125,469.3999938964844,38000
2026-09-29 12:31:00,1790652660,8572.T,469.3999938964844,469.3999938964844,469.3999938964844,469.3999938964844,100
2026-09-29 12:32:00,1790652720,8572.T,469.1000061035156,469.1000061035156,469.1000061035156,469.1000061035156,200
2026-09-29 12:33:00,1790652780,8572.T,469.0,469.0,468.29998779296875,468.6000061035156,20400
2026-09-29 12:35:00,1790652900,8572.T,468.29998779296875,468.29998779296875,468.20001220703125,468.20001220703125,1600
2026-09-29 12:36:00,1790652960,8572.T,468.29998779296875,468.29998779296875,468.20001220703125,468.20001220703125,12400
2026-09-29 12:37:00,1790653020,8572.T,468.20001220703125,468.5,468.20001220703125,468.5,7600
2026-09-29 12:38:00,1790653080,8572.T,468.5,468.5,468.3999938964844,468.3999938964844,800
2026-09-29 12:39:00,1790653140,8572.T,468.29998779296875,468.5,468.29998779296875,468.5,1200
2026-09-29 12:40:00,1790653200,8572.T,468.29998779296875,468.3999938964844,468.1000061035156,468.1000061035156,1800
2026-09-29 12:41:00,1790653260,8572.T,468.1000061035156,468.20001220703125,468.1000061035156,468.20001220703125,1700
2026-09-29 12:42:00,1790653320,8572.T,468.1000061035156,468.20001220703125,468.1000061035156,468.20001220703125,6000
2026-09-29 12:43:00,1790653380,8572.T,468.29998779296875,468.29998779296875,468.29998779296875,468.29998779296875,2500
2026-09-29 12:45:00,1790653500,8572.T,468.20001220703125,468.20001220703125,468.0,468.20001220703125,4500
2026-09-29 12:46:00,1790653560,8572.T,468.0,468.0,467.6000061035156,467.6000061035156,48200
2026-09-29 12:47:00,1790653620,8572.T,467.70001220703125,467.70001220703125,467.70001220703125,467.70001220703125,5100
2026-09-29 12:48:00,1790653680,8572.T,467.79998779296875,467.79998779296875,467.70001220703125,467.79998779296875,5600
2026-09-29 12:50:00,1790653800,8572.T,467.79998779296875,467.79998779296875,467.6000061035156,467.6000061035156,2200
2026-09-29 12:51:00,1790653860,8572.T,467.6000061035156,467.6000061035156,467.6000061035156,467.6000061035156,2100
2026-09-29 12:52:00,1790653920,8572.T,467.6000061035156,467.6000061035156,467.5,467.5,13700
2026-09-29 12:53:00,1790653980,8572.T,467.3999938964844,467.3999938964844,467.29998779296875,467.29998779296875,1900
2026-09-29 12:54:00,1790654040,8572.T,467.1000061035156,467.3999938964844,467.1000061035156,467.1000061035156,8600
2026-09-29 12:56:00,1790654160,8572.T,467.3999938964844,467.3999938964844,467.29998779296875,467.29998779296875,400
2026-09-29 12:57:00,1790654220,8572.T,467.29998779296875,467.29998779296875,467.1000061035156,467.1000061035156,1400
2026-09-29 12:58:00,1790654280,8572.T,467.0,467.1000061035156,467.0,467.0,4000
2026-09-29 12:59:00,1790654340,8572.T,467.1000061035156,467.1000061035156,467.0,467.0,800
2026-09-29 13:00:00,1790654400,8572.T,467.1000061035156,467.1000061035156,467.1000061035156,467.1000061035156,900
2026-09-29 13:01:00,1790654460,8572.T,467.0,467.0,467.0,467.0,400
2026-09-29 13:02:00,1790654520,8572.T,467.0,467.1000061035156,467.0,467.1000061035156,6300
2026-09-29 13:03:00,1790654580,8572.T,467.0,467.1000061035156,466.6000061035156,466.6000061035156,35300
2026-09-29 13:04:00,1790654640,8572.T,466.70001220703125,466.70001220703125,466.70001220703125,466.70001220703125,100
2026-09-29 13:05:00,1790654700,8572.T,466.6000061035156,466.6000061035156,466.6000061035156,466.6000061035156,1100
2026-09-29 13:06:00,1790654760,8572.T,466.5,466.70001220703125,466.5,466.70001220703125,3800
2026-09-29 13:07:00,1790654820,8572.T,466.3999938964844,466.3999938964844,466.3999938964844,466.3999938964844,100
2026-09-29 13:08:00,1790654880,8572.T,466.5,466.6000061035156,466.5,466.5,2400
2026-09-29 13:09:00,1790654940,8572.T,466.5,466.79998779296875,466.5,466.79998779296875,12000
2026-09-29 13:10:00,1790655000,8572.T,466.8999938964844,467.0,466.8999938964844,467.0,2000
2026-09-29 13:11:00,1790655060,8572.T,466.8999938964844,466.8999938964844,466.8999938964844,466.8999938964844,300
2026-09-29 13:12:00,1790655120,8572.T,466.8999938964844,467.0,466.8999938964844,467.0,3300
2026-09-29 13:13:00,1790655180,8572.T,466.8999938964844,467.0,466.79998779296875,466.8999938964844,5600
2026-09-29 13:14:00,1790655240,8572.T,466.8999938964844,466.8999938964844,466.79998779296875,466.79998779296875,300
2026-09-29 13:15:00,1790655300,8572.T,466.79998779296875,466.79998779296875,466.70001220703125,466.70001220703125,1300
2026-09-29 13:16:00,1790655360,8572.T,466.70001220703125,466.70001220703125,466.70001220703125,466.70001220703125,700
2026-09-29 13:18:00,1790655480,8572.T,466.6000061035156,466.79998779296875,466.6000061035156,466.79998779296875,4600
2026-09-29 13:19:00,1790655540,8572.T,466.79998779296875,467.0,466.70001220703125,467.0,6400
2026-09-29 13:20:00,1790655600,8572.T,466.8999938964844,466.8999938964844,466.8999938964844,466.8999938964844,1200
2026-09-29 13:21:00,1790655660,8572.T,466.8999938964844,466.8999938964844,466.79998779296875,466.79998779296875,1000
2026-09-29 13:22:00,1790655720,8572.T,466.79998779296875,466.79998779296875,466.70001220703125,466.79998779296875,1000
2026-09-29 13:23:00,1790655780,8572.T,466.79998779296875,467.20001220703125,466.70001220703125,466.8999938964844,24800
2026-09-29 13:24:00,1790655840,8572.T,467.0,467.0,467.0,467.0,200
2026-09-29 13:25:00,1790655900,8572.T,467.0,467.20001220703125,467.0,467.20001220703125,6000
2026-09-29 13:27:00,1790656020,8572.T,467.0,467.1000061035156,466.8999938964844,466.8999938964844,3800
2026-09-29 13:29:00,1790656140,8572.T,466.8999938964844,466.8999938964844,466.8999938964844,466.8999938964844,100
2026-09-29 13:30:00,1790656200,8572.T,466.79998779296875,466.79998779296875,466.79998779296875,466.79998779296875,1200
2026-09-29 13:32:00,1790656320,8572.T,466.79998779296875,466.79998779296875,466.79998779296875,466.79998779296875,2100
2026-09-29 13:33:00,1790656380,8572.T,466.79998779296875,467.1000061035156,466.79998779296875,467.0,6600
2026-09-29 13:34:00,1790656440,8572.T,466.8999938964844,466.8999938964844,466.8999938964844,466.8999938964844,500
2026-09-29 13:35:00,1790656500,8572.T,466.8999938964844,466.8999938964844,466.8999938964844,466.8999938964844,800
2026-09-29 13:36:00,1790656560,8572.T,467.0,467.0,466.8999938964844,466.8999938964844,1100
2026-09-29 13:37:00,1790656620,8572.T,467.0,467.0,467.0,467.0,2800
2026-09-29 13:39:00,1790656740,8572.T,467.0,467.0,466.8999938964844,466.8999938964844,300
2026-09-29 13:40:00,1790656800,8572.T,467.0,467.0,467.0,467.0,300
2026-09-29 13:41:00,1790656860,8572.T,466.8999938964844,466.8999938964844,466.8999938964844,466.8999938964844,500
2026-09-29 13:42:00,1790656920,8572.T,466.8999938964844,466.8999938964844,466.8999938964844,466.8999938964844,1000
2026-09-29 13:43:00,1790656980,8572.T,466.79998779296875,467.0,466.79998779296875,467.0,4600
2026-09-29 13:45:00,1790657100,8572.T,467.1000061035156,467.1000061035156,467.1000061035156,467.1000061035156,5000
2026-09-29 13:46:00,1790657160,8572.T,467.1000061035156,467.1000061035156,467.1000061035156,467.1000061035156,600
2026-09-29 13:47:00,1790657220,8572.T,467.1000061035156,467.1000061035156,467.0,467.1000061035156,2000
2026-09-29 13:48:00,1790657280,8572.T,467.20001220703125,467.20001220703125,467.20001220703125,467.20001220703125,100
2026-09-29 13:49:00,1790657340,8572.T,467.20001220703125,467.20001220703125,467.1000061035156,467.20001220703125,2400
2026-09-29 13:50:00,1790657400,8572.T,467.1000061035156,467.1000061035156,467.0,467.0,1300
2026-09-29 13:51:00,1790657460,8572.T,467.20001220703125,467.29998779296875,467.20001220703125,467.29998779296875,7600
2026-09-29 13:52:00,1790657520,8572.T,467.3999938964844,467.3999938964844,467.3999938964844,467.3999938964844,100
2026-09-29 13:54:00,1790657640,8572.T,467.29998779296875,467.29998779296875,467.20001220703125,467.20001220703125,1200
2026-09-29 13:55:00,1790657700,8572.T,467.20001220703125,467.20001220703125,467.20001220703125,467.20001220703125,600
2026-09-29 13:56:00,1790657760,8572.T,467.20001220703125,467.20001220703125,467.0,467.0,2500
2026-09-29 13:57:00,1790657820,8572.T,466.8999938964844,467.0,466.79998779296875,467.0,2500
2026-09-29 13:58:00,1790657880,8572.T,466.79998779296875,466.8999938964844,466.79998779296875,466.8999938964844,2100
2026-09-29 13:59:00,1790657940,8572.T,467.0,467.0,466.8999938964844,466.8999938964844,200
2026-09-29 14:00:00,1790658000,8572.T,466.8999938964844,466.8999938964844,466.79998779296875,466.79998779296875,1100
2026-09-29 14:02:00,1790658120,8572.T,466.79998779296875,466.8999938964844,466.79998779296875,466.79998779296875,3000
2026-09-29 14:03:00,1790658180,8572.T,466.70001220703125,466.70001220703125,466.70001220703125,466.70001220703125,1000
2026-09-29 14:04:00,1790658240,8572.T,466.70001220703125,466.70001220703125,466.70001220703125,466.70001220703125,700
2026-09-29 14:05:00,1790658300,8572.T,466.70001220703125,466.70001220703125,466.6000061035156,466.70001220703125,13200
2026-09-29 14:06:00,1790658360,8572.T,466.70001220703125,466.79998779296875,466.6000061035156,466.6000061035156,3000
2026-09-29 14:07:00,1790658420,8572.T,466.70001220703125,466.70001220703125,466.70001220703125,466.70001220703125,900
2026-09-29 14:08:00,1790658480,8572.T,466.6000061035156,466.6000061035156,466.6000061035156,466.6000061035156,10800
2026-09-29 14:09:00,1790658540,8572.T,466.6000061035156,466.70001220703125,466.6000061035156,466.70001220703125,8600
2026-09-29 14:10:00,1790658600,8572.T,466.6000061035156,466.70001220703125,466.6000061035156,466.70001220703125,1200
2026-09-29 14:11:00,1790658660,8572.T,466.6000061035156,466.6000061035156,466.6000061035156,466.6000061035156,1000
2026-09-29 14:12:00,1790658720,8572.T,466.5,466.5,466.5,466.5,100
2026-09-29 14:13:00,1790658780,8572.T,466.5,466.6000061035156,466.5,466.6000061035156,600
2026-09-29 14:14:00,1790658840,8572.T,466.5,466.5,466.3999938964844,466.3999938964844,8700
2026-09-29 14:15:00,1790658900,8572.T,466.5,466.5,466.5,466.5,2400
2026-09-29 14:16:00,1790658960,8572.T,466.3999938964844,466.3999938964844,466.29998779296875,466.29998779296875,3800
2026-09-29 14:17:00,1790659020,8572.T,466.3999938964844,466.5,466.3999938964844,466.5,11000
2026-09-29 14:18:00,1790659080,8572.T,466.3999938964844,466.3999938964844,466.3999938964844,466.3999938964844,100
2026-09-29 14:20:00,1790659200,8572.T,466.3999938964844,466.3999938964844,466.3999938964844,466.3999938964844,3300
2026-09-29 14:21:00,1790659260,8572.T,466.29998779296875,466.29998779296875,466.29998779296875,466.29998779296875,100
2026-09-29 14:22:00,1790659320,8572.T,466.3999938964844,466.3999938964844,466.29998779296875,466.29998779296875,400
2026-09-29 14:23:00,1790659380,8572.T,466.3999938964844,466.3999938964844,466.3999938964844,466.3999938964844,3300
2026-09-29 14:24:00,1790659440,8572.T,466.3999938964844,466.6000061035156,466.3999938964844,466.5,12200
2026-09-29 14:25:00,1790659500,8572.T,466.6000061035156,466.6000061035156,466.6000061035156,466.6000061035156,400
2026-09-29 14:26:00,1790659560,8572.T,466.5,466.5,466.5,466.5,1000
2026-09-29 14:27:00,1790659620,8572.T,466.5,466.5,466.3999938964844,466.3999938964844,1400
2026-09-29 14:28:00,1790659680,8572.T,466.3999938964844,466.5,466.3999938964844,466.3999938964844,2000
2026-09-29 14:29:00,1790659740,8572.T,466.5,466.5,466.20001220703125,466.20001220703125,10400
2026-09-29 14:30:00,1790659800,8572.T,466.20001220703125,466.20001220703125,466.1000061035156,466.1000061035156,3900
2026-09-29 14:31:00,1790659860,8572.T,466.0,466.0,466.0,466.0,700
2026-09-29 14:32:00,1790659920,8572.T,466.0,466.0,466.0,466.0,600
2026-09-29 14:33:00,1790659980,8572.T,466.1000061035156,466.1000061035156,465.79998779296875,466.0,15800
2026-09-29 14:35:00,1790660100,8572.T,465.70001220703125,465.79998779296875,465.70001220703125,465.79998779296875,4800
2026-09-29 14:36:00,1790660160,8572.T,465.70001220703125,465.70001220703125,465.70001220703125,465.70001220703125,3700
2026-09-29 14:37:00,1790660220,8572.T,465.79998779296875,465.79998779296875,465.70001220703125,465.70001220703125,2000
2026-09-29 14:38:00,1790660280,8572.T,465.70001220703125,465.70001220703125,465.70001220703125,465.70001220703125,100
2026-09-29 14:39:00,1790660340,8572.T,465.70001220703125,465.70001220703125,465.70001220703125,465.70001220703125,100
2026-09-29 14:40:00,1790660400,8572.T,465.79998779296875,465.79998779296875,465.70001220703125,465.70001220703125,1300
2026-09-29 14:41:00,1790660460,8572.T,465.70001220703125,465.79998779296875,465.70001220703125,465.79998779296875,6100
2026-09-29 14:42:00,1790660520,8572.T,465.79998779296875,465.79998779296875,465.70001220703125,465.70001220703125,2900
2026-09-29 14:43:00,1790660580,8572.T,465.70001220703125,465.79998779296875,465.70001220703125,465.70001220703125,10300
2026-09-29 14:44:00,1790660640,8572.T,465.6000061035156,465.6000061035156,465.6000061035156,465.6000061035156,400
2026-09-29 14:45:00,1790660700,8572.T,465.70001220703125,465.70001220703125,465.70001220703125,465.70001220703125,2200
2026-09-29 14:46:00,1790660760,8572.T,465.6000061035156,465.79998779296875,465.6000061035156,465.79998779296875,7800
2026-09-29 14:47:00,1790660820,8572.T,465.6000061035156,465.70001220703125,465.6000061035156,465.70001220703125,5400
2026-09-29 14:48:00,1790660880,8572.T,465.70001220703125,465.70001220703125,465.6000061035156,465.6000061035156,3600
2026-09-29 14:49:00,1790660940,8572.T,465.6000061035156,465.79998779296875,465.6000061035156,465.70001220703125,4300
2026-09-29 14:50:00,1790661000,8572.T,465.6000061035156,465.79998779296875,465.6000061035156,465.79998779296875,2300
2026-09-29 14:51:00,1790661060,8572.T,465.79998779296875,465.79998779296875,465.6000061035156,465.6000061035156,15000
2026-09-29 14:52:00,1790661120,8572.T,465.6000061035156,465.6000061035156,465.6000061035156,465.6000061035156,5200
2026-09-29 14:53:00,1790661180,8572.T,465.5,465.6000061035156,465.5,465.5,3200
2026-09-29 14:54:00,1790661240,8572.T,465.5,465.5,465.5,465.5,100
2026-09-29 14:55:00,1790661300,8572.T,465.6000061035156,465.6000061035156,465.5,465.6000061035156,1900
2026-09-29 14:56:00,1790661360,8572.T,465.5,465.5,465.5,465.5,500
2026-09-29 14:57:00,1790661420,8572.T,465.6000061035156,465.70001220703125,465.6000061035156,465.70001220703125,5800
2026-09-29 14:58:00,1790661480,8572.T,465.70001220703125,465.70001220703125,465.70001220703125,465.70001220703125,300
2026-09-29 14:59:00,1790661540,8572.T,465.6000061035156,465.70001220703125,465.3999938964844,465.3999938964844,11200
2026-09-29 15:00:00,1790661600,8572.T,465.5,465.6000061035156,465.3999938964844,465.6000061035156,10300
2026-09-29 15:01:00,1790661660,8572.T,465.6000061035156,465.70001220703125,465.6000061035156,465.6000061035156,8700
2026-09-29 15:02:00,1790661720,8572.T,465.6000061035156,465.6000061035156,465.6000061035156,465.6000061035156,1300
2026-09-29 15:03:00,1790661780,8572.T,465.6000061035156,466.3999938964844,465.6000061035156,466.29998779296875,39000
2026-09-29 15:04:00,1790661840,8572.T,466.29998779296875,466.5,466.29998779296875,466.3999938964844,8900
2026-09-29 15:05:00,1790661900,8572.T,466.3999938964844,466.5,466.3999938964844,466.5,1800
2026-09-29 15:06:00,1790661960,8572.T,466.5,466.5,466.5,466.5,800
2026-09-29 15:07:00,1790662020,8572.T,466.5,466.5,466.5,466.5,2000
2026-09-29 15:08:00,1790662080,8572.T,466.5,466.6000061035156,466.5,466.6000061035156,1700
2026-09-29 15:09:00,1790662140,8572.T,466.6000061035156,466.6000061035156,466.5,466.5,8100
2026-09-29 15:10:00,1790662200,8572.T,466.5,466.6000061035156,466.5,466.6000061035156,5400
2026-09-29 15:11:00,1790662260,8572.T,466.6000061035156,466.79998779296875,466.6000061035156,466.79998779296875,7800
2026-09-29 15:12:00,1790662320,8572.T,466.70001220703125,466.79998779296875,466.70001220703125,466.79998779296875,2100
2026-09-29 15:13:00,1790662380,8572.T,466.79998779296875,466.8999938964844,466.70001220703125,466.79998779296875,2300
2026-09-29 15:14:00,1790662440,8572.T,466.70001220703125,467.0,466.70001220703125,466.8999938964844,6000
2026-09-29 15:15:00,1790662500,8572.T,466.79998779296875,466.8999938964844,466.70001220703125,466.79998779296875,4800
2026-09-29 15:16:00,1790662560,8572.T,466.6000061035156,466.70001220703125,466.6000061035156,466.70001220703125,900
2026-09-29 15:17:00,1790662620,8572.T,466.6000061035156,466.6000061035156,466.5,466.5,4800
2026-09-29 15:18:00,1790662680,8572.T,466.5,466.5,466.3999938964844,466.5,4400
2026-09-29 15:19:00,1790662740,8572.T,466.5,466.70001220703125,466.5,466.70001220703125,8700
2026-09-29 15:20:00,1790662800,8572.T,466.70001220703125,466.79998779296875,466.70001220703125,466.79998779296875,5000
2026-09-29 15:21:00,1790662860,8572.T,466.79998779296875,467.1000061035156,466.79998779296875,467.1000061035156,14500
2026-09-29 15:22:00,1790662920,8572.T,467.1000061035156,467.1000061035156,466.79998779296875,466.79998779296875,10800
2026-09-29 15:23:00,1790662980,8572.T,466.8999938964844,466.8999938964844,466.5,466.5,9400
2026-09-29 15:24:00,1790663040,8572.T,466.5,466.6000061035156,466.0,466.1000061035156,10000
2026-09-30 09:05:00,1790726700,8572.T,465.6000061035156,466.70001220703125,465.6000061035156,466.70001220703125,0
2026-09-30 09:06:00,1790726760,8572.T,466.70001220703125,467.20001220703125,466.6000061035156,467.0,6800
2026-09-30 09:07:00,1790726820,8572.T,466.70001220703125,467.0,466.20001220703125,466.29998779296875,11800
2026-09-30 09:08:00,1790726880,8572.T,466.20001220703125,466.29998779296875,466.0,466.0,2700
2026-09-30 09:09:00,1790726940,8572.T,466.29998779296875,466.3999938964844,465.8999938964844,465.8999938964844,6600
2026-09-30 09:10:00,1790727000,8572.T,466.20001220703125,466.8999938964844,466.20001220703125,466.8999938964844,1600
2026-09-30 09:11:00,1790727060,8572.T,467.0,467.29998779296875,466.8999938964844,467.20001220703125,3100
2026-09-30 09:12:00,1790727120,8572.T,466.8999938964844,467.20001220703125,466.6000061035156,466.6000061035156,4900
2026-09-30 09:13:00,1790727180,8572.T,466.6000061035156,466.79998779296875,466.3999938964844,466.70001220703125,7900
2026-09-30 09:14:00,1790727240,8572.T,466.79998779296875,466.8999938964844,466.6000061035156,466.6000061035156,700
2026-09-30 09:15:00,1790727300,8572.T,466.5,466.6000061035156,466.5,466.5,3100
2026-09-30 09:16:00,1790727360,8572.T,466.5,467.1000061035156,466.5,466.8999938964844,5800
2026-09-30 09:17:00,1790727420,8572.T,466.79998779296875,467.0,466.3999938964844,466.3999938964844,7100
2026-09-30 09:18:00,1790727480,8572.T,466.6000061035156,467.0,466.6000061035156,466.6000061035156,3800
2026-09-30 09:19:00,1790727540,8572.T,466.8999938964844,467.29998779296875,466.79998779296875,467.20001220703125,14300
2026-09-30 09:20:00,1790727600,8572.T,467.29998779296875,467.29998779296875,467.20001220703125,467.29998779296875,1900
2026-09-30 09:21:00,1790727660,8572.T,467.29998779296875,467.5,467.1000061035156,467.20001220703125,6000
2026-09-30 09:22:00,1790727720,8572.T,467.20001220703125,467.20001220703125,466.79998779296875,466.79998779296875,3700
2026-09-30 09:23:00,1790727780,8572.T,466.79998779296875,466.8999938964844,466.70001220703125,466.70001220703125,2300
2026-09-30 09:24:00,1790727840,8572.T,466.70001220703125,466.8999938964844,466.6000061035156,466.8999938964844,2300
2026-09-30 09:25:00,1790727900,8572.T,466.8999938964844,467.6000061035156,466.79998779296875,466.79998779296875,13100
2026-09-30 09:26:00,1790727960,8572.T,466.70001220703125,466.8999938964844,466.70001220703125,466.8999938964844,2100
2026-09-30 09:27:00,1790728020,8572.T,466.79998779296875,466.8999938964844,466.70001220703125,466.70001220703125,800
2026-09-30 09:28:00,1790728080,8572.T,466.6000061035156,466.6000061035156,466.3999938964844,466.3999938964844,4400
2026-09-30 09:30:00,1790728200,8572.T,466.6000061035156,467.0,466.5,466.6000061035156,6200
2026-09-30 09:31:00,1790728260,8572.T,466.5,466.5,466.20001220703125,466.20001220703125,10800
2026-09-30 09:32:00,1790728320,8572.T,466.1000061035156,466.1000061035156,466.1000061035156,466.1000061035156,1200
2026-09-30 09:33:00,1790728380,8572.T,466.0,466.3999938964844,466.0,466.3999938964844,2700
2026-09-30 09:34:00,1790728440,8572.T,466.29998779296875,466.6000061035156,466.29998779296875,466.6000061035156,2000
2026-09-30 09:35:00,1790728500,8572.T,466.29998779296875,466.3999938964844,466.20001220703125,466.3999938964844,4400
2026-09-30 09:36:00,1790728560,8572.T,466.20001220703125,466.6000061035156,466.20001220703125,466.5,1500
2026-09-30 09:37:00,1790728620,8572.T,466.70001220703125,466.70001220703125,466.3999938964844,466.3999938964844,200
2026-09-30 09:38:00,1790728680,8572.T,466.3999938964844,466.3999938964844,466.3999938964844,466.3999938964844,1200
2026-09-30 09:39:00,1790728740,8572.T,466.29998779296875,466.29998779296875,466.0,466.0,6500
2026-09-30 09:40:00,1790728800,8572.T,466.0,466.0,465.79998779296875,465.79998779296875,3900
2026-09-30 09:41:00,1790728860,8572.T,466.0,466.1000061035156,466.0,466.0,1500
2026-09-30 09:42:00,1790728920,8572.T,465.79998779296875,465.79998779296875,465.6000061035156,465.6000061035156,1600
2026-09-30 09:43:00,1790728980,8572.T,465.5,466.0,465.5,466.0,2900
2026-09-30 09:44:00,1790729040,8572.T,465.70001220703125,466.0,465.70001220703125,465.79998779296875,1900
2026-09-30 09:45:00,1790729100,8572.T,465.79998779296875,466.1000061035156,465.79998779296875,466.1000061035156,1800
2026-09-30 09:46:00,1790729160,8572.T,466.20001220703125,466.20001220703125,466.0,466.0,1600
2026-09-30 09:47:00,1790729220,8572.T,466.20001220703125,466.3999938964844,466.20001220703125,466.20001220703125,3300
2026-09-30 09:48:00,1790729280,8572.T,466.0,466.0,465.79998779296875,465.79998779296875,1900
2026-09-30 09:49:00,1790729340,8572.T,465.70001220703125,465.8999938964844,465.6000061035156,465.6000061035156,2300
2026-09-30 09:50:00,1790729400,8572.T,465.5,465.5,465.5,465.5,500
2026-09-30 09:51:00,1790729460,8572.T,465.6000061035156,465.6000061035156,465.6000061035156,465.6000061035156,100
2026-09-30 09:52:00,1790729520,8572.T,465.6000061035156,465.6000061035156,465.0,465.0,19800
2026-09-30 09:53:00,1790729580,8572.T,465.0,465.0,464.5,464.5,8100
2026-09-30 09:54:00,1790729640,8572.T,464.3999938964844,464.79998779296875,464.3999938964844,464.79998779296875,1700
2026-09-30 09:55:00,1790729700,8572.T,464.5,464.5,464.1000061035156,464.1000061035156,8400
2026-09-30 09:56:00,1790729760,8572.T,464.5,464.70001220703125,464.5,464.70001220703125,900
2026-09-30 09:57:00,1790729820,8572.T,464.20001220703125,464.20001220703125,464.1000061035156,464.1000061035156,1300
2026-09-30 09:58:00,1790729880,8572.T,464.1000061035156,464.20001220703125,463.79998779296875,463.79998779296875,17300
2026-09-30 09:59:00,1790729940,8572.T,463.6000061035156,463.8999938964844,463.5,463.70001220703125,5300
2026-09-30 10:00:00,1790730000,8572.T,463.70001220703125,464.0,463.6000061035156,463.6000061035156,8000
2026-09-30 10:01:00,1790730060,8572.T,463.70001220703125,463.79998779296875,463.3999938964844,463.3999938964844,23000
2026-09-30 10:02:00,1790730120,8572.T,463.29998779296875,463.29998779296875,463.1000061035156,463.1000061035156,2100
2026-09-30 10:03:00,1790730180,8572.T,463.20001220703125,463.20001220703125,463.20001220703125,463.20001220703125,1000
2026-09-30 10:04:00,1790730240,8572.T,463.20001220703125,463.20001220703125,462.79998779296875,462.79998779296875,10400
2026-09-30 10:05:00,1790730300,8572.T,462.79998779296875,463.20001220703125,462.79998779296875,463.20001220703125,3200
2026-09-30 10:06:00,1790730360,8572.T,462.8999938964844,462.8999938964844,462.8999938964844,462.8999938964844,100
2026-09-30 10:07:00,1790730420,8572.T,463.0,463.0,462.8999938964844,463.0,300
2026-09-30 10:08:00,1790730480,8572.T,463.1000061035156,463.1000061035156,462.8999938964844,463.1000061035156,2600
2026-09-30 10:09:00,1790730540,8572.T,463.0,463.6000061035156,463.0,463.29998779296875,18100
2026-09-30 10:10:00,1790730600,8572.T,463.3999938964844,463.3999938964844,463.3999938964844,463.3999938964844,500
2026-09-30 10:11:00,1790730660,8572.T,463.29998779296875,463.3999938964844,463.29998779296875,463.29998779296875,1400
2026-09-30 10:12:00,1790730720,8572.T,463.3999938964844,463.3999938964844,463.29998779296875,463.29998779296875,1100
2026-09-30 10:13:00,1790730780,8572.T,463.3999938964844,463.5,463.3999938964844,463.3999938964844,600
2026-09-30 10:14:00,1790730840,8572.T,463.29998779296875,463.29998779296875,463.29998779296875,463.29998779296875,100
2026-09-30 10:15:00,1790730900,8572.T,463.29998779296875,463.5,462.3999938964844,462.3999938964844,58000
2026-09-30 10:16:00,1790730960,8572.T,462.3999938964844,462.3999938964844,462.1000061035156,462.20001220703125,5400
2026-09-30 10:17:00,1790731020,8572.T,462.5,462.6000061035156,462.3999938964844,462.5,5600
2026-09-30 10:18:00,1790731080,8572.T,462.3999938964844,462.3999938964844,462.20001220703125,462.29998779296875,4500
2026-09-30 10:19:00,1790731140,8572.T,462.29998779296875,462.3999938964844,462.29998779296875,462.29998779296875,3400
2026-09-30 10:20:00,1790731200,8572.T,462.20001220703125,462.20001220703125,462.1000061035156,462.20001220703125,2100
2026-09-30 10:21:00,1790731260,8572.T,462.1000061035156,462.20001220703125,462.1000061035156,462.20001220703125,3000
2026-09-30 10:22:00,1790731320,8572.T,462.20001220703125,462.20001220703125,462.1000061035156,462.1000061035156,3600
2026-09-30 10:23:00,1790731380,8572.T,462.0,462.1000061035156,462.0,462.0,18000
2026-09-30 10:24:00,1790731440,8572.T,461.8999938964844,462.0,461.70001220703125,461.70001220703125,4800
2026-09-30 10:25:00,1790731500,8572.T,461.8999938964844,461.8999938964844,461.70001220703125,461.70001220703125,1100
2026-09-30 10:26:00,1790731560,8572.T,462.0,462.0,461.79998779296875,462.0,4000
2026-09-30 10:27:00,1790731620,8572.T,461.79998779296875,461.79998779296875,461.79998779296875,461.79998779296875,100
2026-09-30 10:28:00,1790731680,8572.T,462.0,462.1000061035156,461.8999938964844,462.1000061035156,7400
2026-09-30 10:29:00,1790731740,8572.T,462.20001220703125,462.20001220703125,462.0,462.0,1700
2026-09-30 10:30:00,1790731800,8572.T,461.8999938964844,462.1000061035156,461.8999938964844,462.1000061035156,300
2026-09-30 10:31:00,1790731860,8572.T,461.8999938964844,461.8999938964844,461.70001220703125,461.70001220703125,6400
2026-09-30 10:32:00,1790731920,8572.T,461.6000061035156,461.79998779296875,461.5,461.5,11500
2026-09-30 10:33:00,1790731980,8572.T,461.70001220703125,461.79998779296875,461.6000061035156,461.79998779296875,4700
2026-09-30 10:35:00,1790732100,8572.T,461.8999938964844,461.8999938964844,461.8999938964844,461.8999938964844,1800
2026-09-30 10:36:00,1790732160,8572.T,462.0,462.29998779296875,462.0,462.1000061035156,5100
2026-09-30 10:37:00,1790732220,8572.T,462.0,462.0,462.0,462.0,600
2026-09-30 10:38:00,1790732280,8572.T,462.0,462.5,462.0,462.5,6700
2026-09-30 10:39:00,1790732340,8572.T,462.29998779296875,462.5,462.29998779296875,462.5,1900
2026-09-30 10:40:00,1790732400,8572.T,462.3999938964844,462.3999938964844,462.29998779296875,462.29998779296875,1100
2026-09-30 10:41:00,1790732460,8572.T,462.29998779296875,462.29998779296875,462.29998779296875,462.29998779296875,900
2026-09-30 10:42:00,1790732520,8572.T,462.29998779296875,462.3999938964844,462.29998779296875,462.3999938964844,300
2026-09-30 10:43:00,1790732580,8572.T,462.29998779296875,462.29998779296875,462.29998779296875,462.29998779296875,100
2026-09-30 10:44:00,1790732640,8572.T,462.29998779296875,462.29998779296875,462.20001220703125,462.29998779296875,1600
2026-09-30 10:45:00,1790732700,8572.T,462.1000061035156,462.1000061035156,461.79998779296875,461.79998779296875,6400
2026-09-30 10:46:00,1790732760,8572.T,461.79998779296875,461.79998779296875,461.70001220703125,461.79998779296875,4300
2026-09-30 10:47:00,1790732820,8572.T,461.70001220703125,461.79998779296875,461.70001220703125,461.70001220703125,1400
2026-09-30 10:48:00,1790732880,8572.T,461.79998779296875,461.8999938964844,461.79998779296875,461.8999938964844,4500
2026-09-30 10:49:00,1790732940,8572.T,461.79998779296875,461.8999938964844,461.79998779296875,461.8999938964844,1500
2026-09-30 10:51:00,1790733060,8572.T,461.79998779296875,461.79998779296875,461.79998779296875,461.79998779296875,200
2026-09-30 10:52:00,1790733120,8572.T,461.79998779296875,461.79998779296875,461.70001220703125,461.70001220703125,1000
2026-09-30 10:53:00,1790733180,8572.T,461.79998779296875,461.79998779296875,461.6000061035156,461.6000061035156,7800
2026-09-30 10:54:00,1790733240,8572.T,461.6000061035156,461.6000061035156,461.5,461.5,7500
2026-09-30 10:55:00,1790733300,8572.T,461.5,461.5,461.5,461.5,1900
2026-09-30 10:56:00,1790733360,8572.T,461.5,461.70001220703125,461.5,461.5,2900
2026-09-30 10:57:00,1790733420,8572.T,461.70001220703125,461.70001220703125,461.70001220703125,461.70001220703125,3400
2026-09-30 10:58:00,1790733480,8572.T,461.70001220703125,461.70001220703125,461.5,461.5,3900
2026-09-30 10:59:00,1790733540,8572.T,461.5,461.5,461.3999938964844,461.3999938964844,2100
2026-09-30 11:00:00,1790733600,8572.T,461.3999938964844,461.3999938964844,461.3999938964844,461.3999938964844,100
2026-09-30 11:01:00,1790733660,8572.T,461.5,462.1000061035156,461.5,462.0,30300
2026-09-30 11:02:00,1790733720,8572.T,462.0,462.0,462.0,462.0,100
2026-09-30 11:03:00,1790733780,8572.T,462.0,462.0,461.79998779296875,461.79998779296875,4300
2026-09-30 11:04:00,1790733840,8572.T,461.79998779296875,461.79998779296875,461.70001220703125,461.70001220703125,900
2026-09-30 11:05:00,1790733900,8572.T,461.79998779296875,461.8999938964844,461.79998779296875,461.8999938964844,1500
2026-09-30 11:06:00,1790733960,8572.T,461.79998779296875,461.79998779296875,461.79998779296875,461.79998779296875,700
2026-09-30 11:07:00,1790734020,8572.T,461.79998779296875,461.8999938964844,461.70001220703125,461.8999938964844,3900
2026-09-30 11:08:00,1790734080,8572.T,461.8999938964844,462.0,461.8999938964844,462.0,5600
2026-09-30 11:09:00,1790734140,8572.T,462.1000061035156,462.1000061035156,462.1000061035156,462.1000061035156,1600
2026-09-30 11:10:00,1790734200,8572.T,462.1000061035156,462.20001220703125,462.1000061035156,462.20001220703125,1100
2026-09-30 11:11:00,1790734260,8572.T,462.1000061035156,462.29998779296875,462.1000061035156,462.20001220703125,5100
2026-09-30 11:12:00,1790734320,8572.T,462.3999938964844,462.5,462.3999938964844,462.5,1800
2026-09-30 11:13:00,1790734380,8572.T,462.5,462.70001220703125,462.5,462.70001220703125,2300
2026-09-30 11:14:00,1790734440,8572.T,462.79998779296875,462.79998779296875,462.79998779296875,462.79998779296875,500
2026-09-30 11:15:00,1790734500,8572.T,462.79998779296875,462.79998779296875,462.5,462.5,5100
2026-09-30 11:16:00,1790734560,8572.T,462.3999938964844,462.3999938964844,462.3999938964844,462.3999938964844,600
2026-09-30 11:17:00,1790734620,8572.T,462.3999938964844,462.3999938964844,462.3999938964844,462.3999938964844,100
2026-09-30 11:18:00,1790734680,8572.T,462.3999938964844,462.3999938964844,462.29998779296875,462.3999938964844,11000
2026-09-30 11:19:00,1790734740,8572.T,462.3999938964844,462.3999938964844,462.3999938964844,462.3999938964844,300
2026-09-30 11:20:00,1790734800,8572.T,462.5,462.5,462.5,462.5,600
2026-09-30 11:21:00,1790734860,8572.T,462.6000061035156,462.79998779296875,462.6000061035156,462.70001220703125,3200
2026-09-30 11:23:00,1790734980,8572.T,462.8999938964844,462.8999938964844,462.70001220703125,462.70001220703125,2600
2026-09-30 11:24:00,1790735040,8572.T,462.79998779296875,462.79998779296875,462.70001220703125,462.70001220703125,200
2026-09-30 11:25:00,1790735100,8572.T,462.8999938964844,462.8999938964844,462.8999938964844,462.8999938964844,500
2026-09-30 11:26:00,1790735160,8572.T,462.70001220703125,462.70001220703125,462.6000061035156,462.6000061035156,3000
2026-09-30 11:27:00,1790735220,8572.T,462.79998779296875,462.79998779296875,462.70001220703125,462.70001220703125,1500
2026-09-30 11:29:00,1790735340,8572.T,462.79998779296875,462.79998779296875,462.79998779296875,462.79998779296875,100
2026-09-30 11:30:00,1790735400,8572.T,462.70001220703125,462.70001220703125,462.70001220703125,462.70001220703125,500
2026-09-30 12:30:00,1790739000,8572.T,464.0,464.8999938964844,463.6000061035156,464.79998779296875,64700
2026-09-30 12:31:00,1790739060,8572.T,465.0,465.79998779296875,464.8999938964844,465.5,36300
2026-09-30 12:32:00,1790739120,8572.T,465.3999938964844,465.6000061035156,465.3999938964844,465.6000061035156,2400
2026-09-30 12:33:00,1790739180,8572.T,465.3999938964844,465.3999938964844,465.20001220703125,465.20001220703125,4700
2026-09-30 12:34:00,1790739240,8572.T,465.5,465.6000061035156,465.20001220703125,465.29998779296875,4600
2026-09-30 12:35:00,1790739300,8572.T,465.5,465.5,465.20001220703125,465.3999938964844,3500
2026-09-30 12:36:00,1790739360,8572.T,465.3999938964844,465.70001220703125,465.29998779296875,465.5,5700
2026-09-30 12:37:00,1790739420,8572.T,465.6000061035156,465.79998779296875,465.5,465.79998779296875,4400
2026-09-30 12:38:00,1790739480,8572.T,465.8999938964844,466.29998779296875,465.8999938964844,466.29998779296875,4600
2026-09-30 12:39:00,1790739540,8572.T,466.29998779296875,466.70001220703125,466.29998779296875,466.6000061035156,3700
2026-09-30 12:40:00,1790739600,8572.T,466.5,467.1000061035156,466.5,466.5,11800
2026-09-30 12:41:00,1790739660,8572.T,466.6000061035156,467.0,466.6000061035156,467.0,1400
2026-09-30 12:42:00,1790739720,8572.T,466.79998779296875,466.79998779296875,466.6000061035156,466.6000061035156,1900
2026-09-30 12:43:00,1790739780,8572.T,466.5,466.6000061035156,466.3999938964844,466.3999938964844,3900
2026-09-30 12:44:00,1790739840,8572.T,466.5,466.6000061035156,466.5,466.6000061035156,500
2026-09-30 12:45:00,1790739900,8572.T,466.70001220703125,466.8999938964844,466.6000061035156,466.70001220703125,7100
2026-09-30 12:46:00,1790739960,8572.T,466.79998779296875,466.79998779296875,466.6000061035156,466.79998779296875,1300
2026-09-30 12:47:00,1790740020,8572.T,466.79998779296875,467.0,466.70001220703125,466.79998779296875,16200
2026-09-30 12:48:00,1790740080,8572.T,466.70001220703125,466.70001220703125,466.5,466.6000061035156,5400
2026-09-30 12:49:00,1790740140,8572.T,466.5,466.6000061035156,466.29998779296875,466.29998779296875,4800
2026-09-30 12:50:00,1790740200,8572.T,466.20001220703125,466.3999938964844,466.20001220703125,466.29998779296875,1300
2026-09-30 12:51:00,1790740260,8572.T,466.5,466.5,466.5,466.5,1100
2026-09-30 12:52:00,1790740320,8572.T,466.5,466.5,466.5,466.5,2100
2026-09-30 12:53:00,1790740380,8572.T,466.3999938964844,466.3999938964844,466.29998779296875,466.29998779296875,2300
2026-09-30 12:54:00,1790740440,8572.T,466.29998779296875,466.29998779296875,466.20001220703125,466.20001220703125,800
2026-09-30 12:55:00,1790740500,8572.T,466.20001220703125,466.20001220703125,466.1000061035156,466.20001220703125,4100
2026-09-30 12:56:00,1790740560,8572.T,466.29998779296875,466.29998779296875,466.20001220703125,466.20001220703125,2100
2026-09-30 12:57:00,1790740620,8572.T,466.20001220703125,466.20001220703125,466.1000061035156,466.20001220703125,2200
2026-09-30 12:58:00,1790740680,8572.T,466.0,466.0,465.6000061035156,465.70001220703125,4700
2026-09-30 12:59:00,1790740740,8572.T,465.6000061035156,465.6000061035156,465.6000061035156,465.6000061035156,2000
2026-09-30 13:00:00,1790740800,8572.T,465.6000061035156,465.6000061035156,465.3999938964844,465.3999938964844,3300
2026-09-30 13:01:00,1790740860,8572.T,465.3999938964844,465.3999938964844,465.3999938964844,465.3999938964844,300
2026-09-30 13:02:00,1790740920,8572.T,465.3999938964844,465.5,465.3999938964844,465.5,1800
2026-09-30 13:03:00,1790740980,8572.T,465.5,465.79998779296875,465.5,465.79998779296875,3200
2026-09-30 13:04:00,1790741040,8572.T,465.6000061035156,465.70001220703125,465.6000061035156,465.6000061035156,1200
2026-09-30 13:05:00,1790741100,8572.T,465.6000061035156,465.6000061035156,465.5,465.5,2800
2026-09-30 13:06:00,1790741160,8572.T,465.5,465.6000061035156,465.3999938964844,465.3999938964844,1900
2026-09-30 13:07:00,1790741220,8572.T,465.5,465.5,465.3999938964844,465.3999938964844,300
2026-09-30 13:08:00,1790741280,8572.T,465.3999938964844,465.3999938964844,465.20001220703125,465.29998779296875,10000
2026-09-30 13:09:00,1790741340,8572.T,465.3999938964844,465.5,465.29998779296875,465.3999938964844,1600
2026-09-30 13:10:00,1790741400,8572.T,465.5,465.5,465.3999938964844,465.5,1700
2026-09-30 13:11:00,1790741460,8572.T,465.5,465.6000061035156,465.5,465.6000061035156,1200
2026-09-30 13:12:00,1790741520,8572.T,465.6000061035156,465.70001220703125,465.5,465.5,2000
2026-09-30 13:13:00,1790741580,8572.T,465.5,465.5,465.5,465.5,1200
2026-09-30 13:14:00,1790741640,8572.T,465.5,465.5,465.5,465.5,300
2026-09-30 13:16:00,1790741760,8572.T,465.6000061035156,465.6000061035156,465.6000061035156,465.6000061035156,1300
2026-09-30 13:17:00,1790741820,8572.T,465.70001220703125,465.79998779296875,465.70001220703125,465.79998779296875,800
2026-09-30 13:18:00,1790741880,8572.T,465.79998779296875,465.79998779296875,465.70001220703125,465.70001220703125,800
2026-09-30 13:19:00,1790741940,8572.T,465.70001220703125,465.70001220703125,465.5,465.6000061035156,4100
2026-09-30 13:20:00,1790742000,8572.T,465.70001220703125,465.79998779296875,465.70001220703125,465.70001220703125,2100
2026-09-30 13:21:00,1790742060,8572.T,465.6000061035156,465.6000061035156,465.5,465.6000061035156,2000
2026-09-30 13:22:00,1790742120,8572.T,465.5,465.5,465.3999938964844,465.3999938964844,4500
2026-09-30 13:23:00,1790742180,8572.T,465.5,465.5,465.20001220703125,465.3999938964844,15300
2026-09-30 13:24:00,1790742240,8572.T,465.5,465.70001220703125,465.5,465.70001220703125,4700
2026-09-30 13:25:00,1790742300,8572.T,465.70001220703125,465.8999938964844,465.70001220703125,465.8999938964844,2600
2026-09-30 13:26:00,1790742360,8572.T,466.0,466.0,466.0,466.0,2400
2026-09-30 13:27:00,1790742420,8572.T,466.1000061035156,466.1000061035156,466.1000061035156,466.1000061035156,500
2026-09-30 13:28:00,1790742480,8572.T,466.0,466.0,466.0,466.0,4500
2026-09-30 13:29:00,1790742540,8572.T,466.0,466.0,465.8999938964844,465.8999938964844,200
2026-09-30 13:30:00,1790742600,8572.T,465.8999938964844,466.0,465.79998779296875,466.0,4100
2026-09-30 13:31:00,1790742660,8572.T,466.1000061035156,466.1000061035156,466.1000061035156,466.1000061035156,800
2026-09-30 13:32:00,1790742720,8572.T,466.20001220703125,466.20001220703125,466.20001220703125,466.20001220703125,100
2026-09-30 13:33:00,1790742780,8572.T,466.20001220703125,466.20001220703125,466.20001220703125,466.20001220703125,2100
2026-09-30 13:34:00,1790742840,8572.T,466.29998779296875,466.29998779296875,466.29998779296875,466.29998779296875,1100
2026-09-30 13:35:00,1790742900,8572.T,466.3999938964844,466.3999938964844,466.3999938964844,466.3999938964844,500
2026-09-30 13:36:00,1790742960,8572.T,466.3999938964844,466.3999938964844,466.3999938964844,466.3999938964844,1200
2026-09-30 13:37:00,1790743020,8572.T,466.3999938964844,466.3999938964844,466.3999938964844,466.3999938964844,2000
2026-09-30 13:38:00,1790743080,8572.T,466.3999938964844,466.5,466.3999938964844,466.5,200
2026-09-30 13:39:00,1790743140,8572.T,466.3999938964844,466.3999938964844,466.29998779296875,466.29998779296875,4800
2026-09-30 13:40:00,1790743200,8572.T,466.20001220703125,466.20001220703125,466.1000061035156,466.1000061035156,2700
2026-09-30 13:41:00,1790743260,8572.T,466.1000061035156,466.1000061035156,466.0,466.0,3500
2026-09-30 13:42:00,1790743320,8572.T,465.8999938964844,466.0,465.8999938964844,465.8999938964844,3700
2026-09-30 13:43:00,1790743380,8572.T,466.0,466.0,466.0,466.0,2700
2026-09-30 13:44:00,1790743440,8572.T,466.0,466.0,466.0,466.0,900
2026-09-30 13:45:00,1790743500,8572.T,466.0,466.0,466.0,466.0,1600
2026-09-30 13:46:00,1790743560,8572.T,465.8999938964844,465.8999938964844,465.79998779296875,465.79998779296875,2100
2026-09-30 13:47:00,1790743620,8572.T,465.79998779296875,465.79998779296875,465.79998779296875,465.79998779296875,500
2026-09-30 13:48:00,1790743680,8572.T,465.8999938964844,466.20001220703125,465.8999938964844,466.20001220703125,7500
2026-09-30 13:49:00,1790743740,8572.T,466.20001220703125,466.29998779296875,466.20001220703125,466.29998779296875,4800
2026-09-30 13:50:00,1790743800,8572.T,466.3999938964844,466.3999938964844,466.3999938964844,466.3999938964844,300
2026-09-30 13:51:00,1790743860,8572.T,466.3999938964844,466.3999938964844,466.3999938964844,466.3999938964844,500
2026-09-30 13:52:00,1790743920,8572.T,466.3999938964844,466.5,466.29998779296875,466.5,3700
2026-09-30 13:53:00,1790743980,8572.T,466.6000061035156,466.6000061035156,466.6000061035156,466.6000061035156,200
2026-09-30 13:54:00,1790744040,8572.T,466.5,466.5,466.5,466.5,200
2026-09-30 13:55:00,1790744100,8572.T,466.5,466.5,466.20001220703125,466.29998779296875,10000
2026-09-30 13:56:00,1790744160,8572.T,466.29998779296875,466.5,466.29998779296875,466.5,3000
2026-09-30 13:57:00,1790744220,8572.T,466.5,466.5,466.29998779296875,466.29998779296875,4200
2026-09-30 13:58:00,1790744280,8572.T,466.20001220703125,466.20001220703125,466.0,466.0,3100
2026-09-30 13:59:00,1790744340,8572.T,465.8999938964844,465.8999938964844,465.79998779296875,465.8999938964844,3100
2026-09-30 14:00:00,1790744400,8572.T,465.79998779296875,465.8999938964844,465.70001220703125,465.79998779296875,5100
2026-09-30 14:01:00,1790744460,8572.T,465.8999938964844,466.0,465.70001220703125,465.79998779296875,5100
2026-09-30 14:02:00,1790744520,8572.T,465.70001220703125,465.70001220703125,465.6000061035156,465.6000061035156,1900
2026-09-30 14:03:00,1790744580,8572.T,465.70001220703125,465.79998779296875,465.3999938964844,465.79998779296875,8300
2026-09-30 14:04:00,1790744640,8572.T,465.6000061035156,465.6000061035156,465.5,465.5,1300
2026-09-30 14:05:00,1790744700,8572.T,465.5,465.5,465.3999938964844,465.3999938964844,200
2026-09-30 14:06:00,1790744760,8572.T,465.3999938964844,465.3999938964844,465.3999938964844,465.3999938964844,1800
2026-09-30 14:07:00,1790744820,8572.T,465.3999938964844,465.3999938964844,465.3999938964844,465.3999938964844,800
2026-09-30 14:08:00,1790744880,8572.T,465.3999938964844,465.3999938964844,465.29998779296875,465.29998779296875,600
2026-09-30 14:09:00,1790744940,8572.T,465.3999938964844,465.3999938964844,465.3999938964844,465.3999938964844,1800
2026-09-30 14:10:00,1790745000,8572.T,465.3999938964844,465.5,465.3999938964844,465.5,300
2026-09-30 14:11:00,1790745060,8572.T,465.3999938964844,465.5,465.3999938964844,465.5,2600
2026-09-30 14:12:00,1790745120,8572.T,465.3999938964844,465.5,465.3999938964844,465.3999938964844,2500
2026-09-30 14:13:00,1790745180,8572.T,465.3999938964844,465.6000061035156,465.3999938964844,465.6000061035156,1200
2026-09-30 14:14:00,1790745240,8572.T,465.3999938964844,465.5,465.29998779296875,465.29998779296875,4700
2026-09-30 14:15:00,1790745300,8572.T,465.3999938964844,465.5,465.3999938964844,465.5,1700
2026-09-30 14:16:00,1790745360,8572.T,465.5,465.6000061035156,465.5,465.6000061035156,1100
2026-09-30 14:17:00,1790745420,8572.T,465.5,465.5,465.5,465.5,200
2026-09-30 14:18:00,1790745480,8572.T,465.5,465.5,465.29998779296875,465.3999938964844,5000
2026-09-30 14:21:00,1790745660,8572.T,465.3999938964844,465.6000061035156,465.3999938964844,465.6000061035156,200
2026-09-30 14:22:00,1790745720,8572.T,465.3999938964844,465.70001220703125,465.3999938964844,465.6000061035156,5400
2026-09-30 14:23:00,1790745780,8572.T,465.70001220703125,465.70001220703125,465.6000061035156,465.6000061035156,1100
2026-09-30 14:24:00,1790745840,8572.T,465.79998779296875,465.79998779296875,465.70001220703125,465.70001220703125,1100
2026-09-30 14:25:00,1790745900,8572.T,465.8999938964844,465.8999938964844,465.8999938964844,465.8999938964844,100
2026-09-30 14:26:00,1790745960,8572.T,465.70001220703125,465.70001220703125,465.70001220703125,465.70001220703125,4200
2026-09-30 14:27:00,1790746020,8572.T,465.79998779296875,465.79998779296875,465.70001220703125,465.70001220703125,200
2026-09-30 14:28:00,1790746080,8572.T,465.79998779296875,465.8999938964844,465.70001220703125,465.8999938964844,4300
2026-09-30 14:29:00,1790746140,8572.T,466.0,466.0,466.0,466.0,1400
2026-09-30 14:30:00,1790746200,8572.T,465.8999938964844,466.1000061035156,465.8999938964844,466.0,2100
2026-09-30 14:31:00,1790746260,8572.T,466.0,466.20001220703125,466.0,466.20001220703125,3400
2026-09-30 14:32:00,1790746320,8572.T,466.29998779296875,466.29998779296875,466.29998779296875,466.29998779296875,2000
2026-09-30 14:33:00,1790746380,8572.T,466.3999938964844,466.3999938964844,466.3999938964844,466.3999938964844,1400
2026-09-30 14:34:00,1790746440,8572.T,466.3999938964844,466.3999938964844,466.3999938964844,466.3999938964844,300
2026-09-30 14:35:00,1790746500,8572.T,466.5,466.6000061035156,466.3999938964844,466.6000061035156,5900
2026-09-30 14:36:00,1790746560,8572.T,466.6000061035156,466.6000061035156,466.6000061035156,466.6000061035156,500
2026-09-30 14:37:00,1790746620,8572.T,466.5,466.5,466.5,466.5,3200
2026-09-30 14:38:00,1790746680,8572.T,466.3999938964844,466.3999938964844,466.20001220703125,466.29998779296875,9500
2026-09-30 14:39:00,1790746740,8572.T,466.5,466.5,466.5,466.5,1700
2026-09-30 14:41:00,1790746860,8572.T,466.3999938964844,466.3999938964844,466.29998779296875,466.29998779296875,2100
2026-09-30 14:42:00,1790746920,8572.T,466.29998779296875,466.29998779296875,466.29998779296875,466.29998779296875,100
2026-09-30 14:43:00,1790746980,8572.T,466.3999938964844,466.5,466.1000061035156,466.20001220703125,11700
2026-09-30 14:44:00,1790747040,8572.T,466.1000061035156,466.1000061035156,466.1000061035156,466.1000061035156,900
2026-09-30 14:45:00,1790747100,8572.T,466.1000061035156,466.20001220703125,466.1000061035156,466.20001220703125,600
2026-09-30 14:46:00,1790747160,8572.T,466.29998779296875,466.29998779296875,466.1000061035156,466.1000061035156,400
2026-09-30 14:47:00,1790747220,8572.T,466.20001220703125,466.3999938964844,466.20001220703125,466.3999938964844,4300
2026-09-30 14:48:00,1790747280,8572.T,466.3999938964844,466.3999938964844,466.3999938964844,466.3999938964844,100
2026-09-30 14:49:00,1790747340,8572.T,466.20001220703125,466.20001220703125,466.1000061035156,466.1000061035156,3500
2026-09-30 14:50:00,1790747400,8572.T,466.1000061035156,466.20001220703125,466.0,466.20001220703125,3900
2026-09-30 14:51:00,1790747460,8572.T,466.20001220703125,466.29998779296875,466.20001220703125,466.20001220703125,5700
2026-09-30 14:52:00,1790747520,8572.T,466.20001220703125,466.20001220703125,466.20001220703125,466.20001220703125,1200
2026-09-30 14:53:00,1790747580,8572.T,466.29998779296875,466.29998779296875,466.29998779296875,466.29998779296875,2100
2026-09-30 14:55:00,1790747700,8572.T,466.20001220703125,466.3999938964844,466.20001220703125,466.3999938964844,2300
2026-09-30 14:56:00,1790747760,8572.T,466.29998779296875,466.29998779296875,466.29998779296875,466.29998779296875,700
2026-09-30 14:57:00,1790747820,8572.T,466.3999938964844,466.3999938964844,466.3999938964844,466.3999938964844,300
2026-09-30 14:58:00,1790747880,8572.T,466.20001220703125,466.5,466.20001220703125,466.5,6200
2026-09-30 15:00:00,1790748000,8572.T,466.29998779296875,466.5,466.29998779296875,466.5,1400
2026-09-30 15:01:00,1790748060,8572.T,466.29998779296875,466.29998779296875,466.20001220703125,466.20001220703125,2700
2026-09-30 15:02:00,1790748120,8572.T,466.20001220703125,466.3999938964844,466.20001220703125,466.3999938964844,1000
2026-09-30 15:03:00,1790748180,8572.T,466.29998779296875,466.29998779296875,466.20001220703125,466.20001220703125,1200
2026-09-30 15:04:00,1790748240,8572.T,466.20001220703125,466.3999938964844,466.20001220703125,466.20001220703125,3500
2026-09-30 15:05:00,1790748300,8572.T,466.29998779296875,466.5,466.29998779296875,466.3999938964844,6800
2026-09-30 15:06:00,1790748360,8572.T,466.5,466.5,466.5,466.5,500
2026-09-30 15:07:00,1790748420,8572.T,466.6000061035156,466.6000061035156,466.5,466.6000061035156,2700
2026-09-30 15:08:00,1790748480,8572.T,466.6000061035156,466.79998779296875,466.6000061035156,466.70001220703125,6500
2026-09-30 15:09:00,1790748540,8572.T,466.70001220703125,466.8999938964844,466.70001220703125,466.79998779296875,5900
2026-09-30 15:10:00,1790748600,8572.T,466.8999938964844,467.0,466.6000061035156,467.0,45800
2026-09-30 15:11:00,1790748660,8572.T,467.0,467.0,467.0,467.0,100
2026-09-30 15:12:00,1790748720,8572.T,466.79998779296875,466.79998779296875,466.70001220703125,466.70001220703125,5300
2026-09-30 15:13:00,1790748780,8572.T,466.6000061035156,466.6000061035156,466.6000061035156,466.6000061035156,1600
2026-09-30 15:14:00,1790748840,8572.T,466.70001220703125,466.70001220703125,466.5,466.5,400
2026-09-30 15:15:00,1790748900,8572.T,466.5,466.5,466.3999938964844,466.3999938964844,4600
2026-09-30 15:16:00,1790748960,8572.T,466.5,466.5,466.5,466.5,400
2026-09-30 15:17:00,1790749020,8572.T,466.29998779296875,466.29998779296875,466.20001220703125,466.20001220703125,6100
2026-09-30 15:18:00,1790749080,8572.T,466.3999938964844,466.6000061035156,466.3999938964844,466.6000061035156,7200
2026-09-30 15:19:00,1790749140,8572.T,466.6000061035156,466.6000061035156,466.3999938964844,466.3999938964844,8700
2026-09-30 15:20:00,1790749200,8572.T,466.3999938964844,466.5,466.20001220703125,466.29998779296875,10000
2026-09-30 15:21:00,1790749260,8572.T,466.29998779296875,466.29998779296875,466.29998779296875,466.29998779296875,500
2026-09-30 15:22:00,1790749320,8572.T,466.29998779296875,466.5,466.20001220703125,466.3999938964844,6800
2026-09-30 15:23:00,1790749380,8572.T,466.3999938964844,466.3999938964844,466.20001220703125,466.20001220703125,5800
2026-09-30 15:24:00,1790749440,8572.T,466.20001220703125,466.70001220703125,466.0,466.70001220703125,17300
2026-10-01 09:04:00,1790813040,8572.T,466.0,466.0,466.0,466.0,0
2026-10-01 09:05:00,1790813100,8572.T,459.6000061035156,459.79998779296875,459.29998779296875,459.79998779296875,278000
2026-10-01 09:06:00,1790813160,8572.T,460.29998779296875,460.6000061035156,460.20001220703125,460.20001220703125,4800
2026-10-01 09:07:00,1790813220,8572.T,460.5,461.5,460.3999938964844,460.3999938964844,15800
2026-10-01 09:08:00,1790813280,8572.T,460.3999938964844,461.5,460.29998779296875,460.5,19100
2026-10-01 09:09:00,1790813340,8572.T,460.5,460.5,459.8999938964844,460.1000061035156,17600
2026-10-01 09:10:00,1790813400,8572.T,460.0,460.70001220703125,460.0,460.70001220703125,1100
2026-10-01 09:11:00,1790813460,8572.T,460.5,460.5,459.79998779296875,460.0,3500
2026-10-01 09:12:00,1790813520,8572.T,459.79998779296875,459.79998779296875,459.1000061035156,459.3999938964844,4100
2026-10-01 09:13:00,1790813580,8572.T,459.1000061035156,459.1000061035156,458.20001220703125,458.70001220703125,15400
2026-10-01 09:14:00,1790813640,8572.T,458.5,458.70001220703125,458.20001220703125,458.3999938964844,3500
2026-10-01 09:15:00,1790813700,8572.T,458.3999938964844,458.3999938964844,458.0,458.3999938964844,16300
2026-10-01 09:16:00,1790813760,8572.T,458.20001220703125,458.6000061035156,458.20001220703125,458.3999938964844,1400
2026-10-01 09:17:00,1790813820,8572.T,458.5,459.1000061035156,458.3999938964844,459.1000061035156,6400
2026-10-01 09:18:00,1790813880,8572.T,458.6000061035156,459.70001220703125,458.5,459.20001220703125,4100
2026-10-01 09:19:00,1790813940,8572.T,459.20001220703125,459.20001220703125,458.20001220703125,458.20001220703125,30200
2026-10-01 09:20:00,1790814000,8572.T,458.1000061035156,458.5,457.6000061035156,458.5,12700
2026-10-01 09:21:00,1790814060,8572.T,458.1000061035156,458.3999938964844,457.79998779296875,458.0,35100
2026-10-01 09:22:00,1790814120,8572.T,458.0,458.6000061035156,457.70001220703125,458.5,11500
2026-10-01 09:23:00,1790814180,8572.T,458.20001220703125,458.20001220703125,457.8999938964844,458.1000061035156,4500
2026-10-01 09:24:00,1790814240,8572.T,458.1000061035156,458.70001220703125,458.0,458.70001220703125,4100
2026-10-01 09:25:00,1790814300,8572.T,458.70001220703125,459.29998779296875,458.5,459.20001220703125,16000
2026-10-01 09:26:00,1790814360,8572.T,459.1000061035156,459.1000061035156,459.1000061035156,459.1000061035156,1000
2026-10-01 09:27:00,1790814420,8572.T,459.20001220703125,459.20001220703125,458.5,458.5,3800
2026-10-01 09:28:00,1790814480,8572.T,458.3999938964844,458.8999938964844,458.3999938964844,458.8999938964844,3300
2026-10-01 09:29:00,1790814540,8572.T,458.70001220703125,459.0,458.70001220703125,459.0,2400
2026-10-01 09:30:00,1790814600,8572.T,459.1000061035156,459.1000061035156,458.79998779296875,458.79998779296875,7500
2026-10-01 09:31:00,1790814660,8572.T,458.8999938964844,458.8999938964844,458.6000061035156,458.6000061035156,1800
2026-10-01 09:32:00,1790814720,8572.T,458.79998779296875,458.79998779296875,458.20001220703125,458.29998779296875,5100
2026-10-01 09:33:00,1790814780,8572.T,458.29998779296875,458.5,458.20001220703125,458.29998779296875,2400
2026-10-01 09:34:00,1790814840,8572.T,458.29998779296875,458.29998779296875,458.0,458.1000061035156,3900
2026-10-01 09:35:00,1790814900,8572.T,458.0,458.20001220703125,458.0,458.1000061035156,3300
2026-10-01 09:36:00,1790814960,8572.T,458.20001220703125,458.3999938964844,458.0,458.3999938964844,14100
2026-10-01 09:37:00,1790815020,8572.T,458.20001220703125,458.5,458.20001220703125,458.20001220703125,2100
2026-10-01 09:38:00,1790815080,8572.T,458.5,458.5,458.3999938964844,458.5,2000
2026-10-01 09:39:00,1790815140,8572.T,458.1000061035156,458.1000061035156,457.3999938964844,457.3999938964844,25400
2026-10-01 09:40:00,1790815200,8572.T,457.6000061035156,457.70001220703125,457.5,457.70001220703125,1300
2026-10-01 09:41:00,1790815260,8572.T,457.5,457.5,457.5,457.5,200
2026-10-01 09:42:00,1790815320,8572.T,457.70001220703125,457.79998779296875,457.5,457.5,3200
2026-10-01 09:43:00,1790815380,8572.T,457.79998779296875,458.1000061035156,457.79998779296875,458.1000061035156,3900
2026-10-01 09:44:00,1790815440,8572.T,458.0,458.1000061035156,457.79998779296875,457.8999938964844,6800
2026-10-01 09:45:00,1790815500,8572.T,458.0,458.0,457.5,457.6000061035156,2200
2026-10-01 09:46:00,1790815560,8572.T,457.6000061035156,457.70001220703125,457.3999938964844,457.5,4200
2026-10-01 09:47:00,1790815620,8572.T,457.5,457.70001220703125,457.1000061035156,457.29998779296875,6500
2026-10-01 09:48:00,1790815680,8572.T,457.29998779296875,457.3999938964844,457.20001220703125,457.20001220703125,800
2026-10-01 09:49:00,1790815740,8572.T,457.20001220703125,457.70001220703125,456.70001220703125,456.79998779296875,13900
2026-10-01 09:50:00,1790815800,8572.T,456.70001220703125,457.0,456.0,457.0,51900
2026-10-01 09:51:00,1790815860,8572.T,457.0,457.20001220703125,454.8999938964844,456.8999938964844,137400
2026-10-01 09:52:00,1790815920,8572.T,456.70001220703125,456.8999938964844,456.70001220703125,456.70001220703125,2900
2026-10-01 09:53:00,1790815980,8572.T,456.79998779296875,456.8999938964844,456.6000061035156,456.79998779296875,3800
2026-10-01 09:54:00,1790816040,8572.T,456.79998779296875,456.8999938964844,456.5,456.70001220703125,9400
2026-10-01 09:55:00,1790816100,8572.T,457.0,457.5,457.0,457.5,13300
2026-10-01 09:56:00,1790816160,8572.T,457.5,457.70001220703125,456.8999938964844,457.20001220703125,7900
2026-10-01 09:57:00,1790816220,8572.T,457.29998779296875,457.3999938964844,457.29998779296875,457.3999938964844,2500
2026-10-01 09:58:00,1790816280,8572.T,457.20001220703125,457.20001220703125,456.79998779296875,457.1000061035156,3600
2026-10-01 09:59:00,1790816340,8572.T,456.79998779296875,457.0,456.70001220703125,456.8999938964844,2800
2026-10-01 10:00:00,1790816400,8572.T,456.8999938964844,457.1000061035156,456.79998779296875,456.79998779296875,6500
2026-10-01 10:01:00,1790816460,8572.T,456.70001220703125,456.79998779296875,456.5,456.79998779296875,4500
2026-10-01 10:02:00,1790816520,8572.T,456.6000061035156,456.6000061035156,456.5,456.6000061035156,700
2026-10-01 10:03:00,1790816580,8572.T,456.79998779296875,457.0,456.5,456.70001220703125,4500
2026-10-01 10:04:00,1790816640,8572.T,456.70001220703125,457.0,456.70001220703125,456.70001220703125,800
2026-10-01 10:05:00,1790816700,8572.T,456.6000061035156,456.8999938964844,456.6000061035156,456.6000061035156,2300
2026-10-01 10:06:00,1790816760,8572.T,456.6000061035156,456.8999938964844,456.5,456.70001220703125,2400
2026-10-01 10:07:00,1790816820,8572.T,456.8999938964844,457.0,456.6000061035156,456.6000061035156,1800
2026-10-01 10:08:00,1790816880,8572.T,456.6000061035156,456.70001220703125,456.6000061035156,456.70001220703125,1000
2026-10-01 10:09:00,1790816940,8572.T,456.70001220703125,456.8999938964844,456.6000061035156,456.6000061035156,2700
2026-10-01 10:10:00,1790817000,8572.T,456.5,456.6000061035156,456.1000061035156,456.1000061035156,7800
2026-10-01 10:11:00,1790817060,8572.T,456.3999938964844,456.3999938964844,456.20001220703125,456.3999938964844,1100
2026-10-01 10:12:00,1790817120,8572.T,456.3999938964844,456.6000061035156,456.20001220703125,456.6000061035156,4200
2026-10-01 10:13:00,1790817180,8572.T,456.6000061035156,456.6000061035156,456.5,456.6000061035156,600
2026-10-01 10:14:00,1790817240,8572.T,456.3999938964844,456.3999938964844,456.20001220703125,456.29998779296875,3500
2026-10-01 10:15:00,1790817300,8572.T,456.3999938964844,456.3999938964844,456.20001220703125,456.20001220703125,1000
2026-10-01 10:16:00,1790817360,8572.T,456.1000061035156,456.1000061035156,455.3999938964844,455.79998779296875,56900
2026-10-01 10:17:00,1790817420,8572.T,456.0,456.29998779296875,455.8999938964844,456.29998779296875,7700
2026-10-01 10:18:00,1790817480,8572.T,456.0,456.3999938964844,456.0,456.3999938964844,4100
2026-10-01 10:19:00,1790817540,8572.T,456.3999938964844,456.3999938964844,456.3999938964844,456.3999938964844,300
2026-10-01 10:20:00,1790817600,8572.T,456.5,456.5,456.29998779296875,456.29998779296875,400
2026-10-01 10:21:00,1790817660,8572.T,456.5,456.6000061035156,456.5,456.5,3100
2026-10-01 10:22:00,1790817720,8572.T,456.70001220703125,456.79998779296875,456.6000061035156,456.6000061035156,4300
2026-10-01 10:23:00,1790817780,8572.T,456.70001220703125,456.8999938964844,456.70001220703125,456.8999938964844,2800
2026-10-01 10:24:00,1790817840,8572.T,456.6000061035156,456.6000061035156,456.3999938964844,456.3999938964844,1500
2026-10-01 10:25:00,1790817900,8572.T,456.20001220703125,456.20001220703125,456.0,456.0,3900
2026-10-01 10:26:00,1790817960,8572.T,456.29998779296875,456.29998779296875,455.8999938964844,456.0,2900
2026-10-01 10:27:00,1790818020,8572.T,455.8999938964844,456.29998779296875,455.8999938964844,455.8999938964844,2300
2026-10-01 10:28:00,1790818080,8572.T,455.8999938964844,456.20001220703125,455.8999938964844,456.20001220703125,4200
2026-10-01 10:29:00,1790818140,8572.T,456.0,456.0,455.79998779296875,455.79998779296875,2900
2026-10-01 10:30:00,1790818200,8572.T,455.79998779296875,456.0,455.29998779296875,456.0,17900
2026-10-01 10:31:00,1790818260,8572.T,456.0,456.3999938964844,456.0,456.29998779296875,11800
2026-10-01 10:32:00,1790818320,8572.T,456.3999938964844,456.5,456.20001220703125,456.5,2800
2026-10-01 10:33:00,1790818380,8572.T,456.20001220703125,456.29998779296875,456.1000061035156,456.29998779296875,1200
2026-10-01 10:34:00,1790818440,8572.T,456.3999938964844,456.5,456.20001220703125,456.20001220703125,2800
2026-10-01 10:36:00,1790818560,8572.T,456.20001220703125,456.20001220703125,456.1000061035156,456.1000061035156,200
2026-10-01 10:37:00,1790818620,8572.T,456.1000061035156,456.1000061035156,455.8999938964844,455.8999938964844,3000
2026-10-01 10:38:00,1790818680,8572.T,455.8999938964844,456.20001220703125,455.79998779296875,456.20001220703125,8000
2026-10-01 10:39:00,1790818740,8572.T,456.0,456.0,455.79998779296875,455.79998779296875,2900
2026-10-01 10:40:00,1790818800,8572.T,455.70001220703125,455.8999938964844,455.6000061035156,455.70001220703125,2800
2026-10-01 10:41:00,1790818860,8572.T,455.70001220703125,455.8999938964844,455.6000061035156,455.8999938964844,1500
2026-10-01 10:42:00,1790818920,8572.T,455.79998779296875,455.8999938964844,455.79998779296875,455.8999938964844,600
2026-10-01 10:43:00,1790818980,8572.T,455.79998779296875,455.79998779296875,455.70001220703125,455.70001220703125,800
2026-10-01 10:44:00,1790819040,8572.T,455.8999938964844,455.8999938964844,455.79998779296875,455.79998779296875,800
2026-10-01 10:45:00,1790819100,8572.T,455.79998779296875,456.0,455.79998779296875,455.79998779296875,1000
2026-10-01 10:46:00,1790819160,8572.T,455.79998779296875,456.0,455.70001220703125,456.0,1400
2026-10-01 10:47:00,1790819220,8572.T,455.8999938964844,455.8999938964844,455.79998779296875,455.79998779296875,1000
2026-10-01 10:48:00,1790819280,8572.T,455.70001220703125,455.70001220703125,455.6000061035156,455.6000061035156,1600
2026-10-01 10:49:00,1790819340,8572.T,455.6000061035156,455.79998779296875,455.5,455.79998779296875,3000
2026-10-01 10:50:00,1790819400,8572.T,455.79998779296875,455.79998779296875,455.6000061035156,455.6000061035156,300
2026-10-01 10:51:00,1790819460,8572.T,455.6000061035156,455.6000061035156,455.29998779296875,455.29998779296875,6000
2026-10-01 10:52:00,1790819520,8572.T,455.20001220703125,455.29998779296875,455.1000061035156,455.20001220703125,1900
2026-10-01 10:53:00,1790819580,8572.T,455.20001220703125,455.29998779296875,455.20001220703125,455.20001220703125,1400
2026-10-01 10:54:00,1790819640,8572.T,455.20001220703125,455.3999938964844,455.0,455.0,3100
2026-10-01 10:55:00,1790819700,8572.T,455.29998779296875,455.29998779296875,455.0,455.29998779296875,4900
2026-10-01 10:56:00,1790819760,8572.T,455.20001220703125,455.5,455.20001220703125,455.5,2400
2026-10-01 10:57:00,1790819820,8572.T,455.3999938964844,455.3999938964844,455.1000061035156,455.1000061035156,1600
2026-10-01 10:58:00,1790819880,8572.T,455.0,455.20001220703125,455.0,455.1000061035156,2600
2026-10-01 10:59:00,1790819940,8572.T,455.0,455.3999938964844,455.0,455.3999938964844,11600
2026-10-01 11:00:00,1790820000,8572.T,455.3999938964844,455.3999938964844,455.20001220703125,455.29998779296875,1800
2026-10-01 11:01:00,1790820060,8572.T,455.20001220703125,455.29998779296875,455.20001220703125,455.29998779296875,2400
2026-10-01 11:02:00,1790820120,8572.T,455.1000061035156,455.20001220703125,455.0,455.0,1400
2026-10-01 11:03:00,1790820180,8572.T,455.0,455.20001220703125,455.0,455.0,1000
2026-10-01 11:04:00,1790820240,8572.T,455.0,455.1000061035156,455.0,455.1000061035156,2000
2026-10-01 11:05:00,1790820300,8572.T,455.0,455.0,455.0,455.0,200
2026-10-01 11:06:00,1790820360,8572.T,455.0,455.20001220703125,455.0,455.0,6900
2026-10-01 11:07:00,1790820420,8572.T,455.1000061035156,455.20001220703125,454.6000061035156,454.79998779296875,29800
2026-10-01 11:08:00,1790820480,8572.T,454.79998779296875,454.8999938964844,454.6000061035156,454.6000061035156,900
2026-10-01 11:09:00,1790820540,8572.T,454.70001220703125,454.8999938964844,454.70001220703125,454.79998779296875,6500
2026-10-01 11:10:00,1790820600,8572.T,454.79998779296875,454.79998779296875,454.6000061035156,454.70001220703125,1600
2026-10-01 11:11:00,1790820660,8572.T,454.70001220703125,454.70001220703125,454.5,454.5,8000
2026-10-01 11:12:00,1790820720,8572.T,454.70001220703125,454.70001220703125,454.5,454.70001220703125,1100
2026-10-01 11:13:00,1790820780,8572.T,454.5,454.5,454.1000061035156,454.1000061035156,7800
2026-10-01 11:14:00,1790820840,8572.T,454.1000061035156,454.6000061035156,454.1000061035156,454.6000061035156,21000
2026-10-01 11:15:00,1790820900,8572.T,454.70001220703125,454.79998779296875,454.70001220703125,454.79998779296875,4500
2026-10-01 11:16:00,1790820960,8572.T,454.79998779296875,454.8999938964844,454.70001220703125,454.70001220703125,1100
2026-10-01 11:17:00,1790821020,8572.T,454.70001220703125,454.70001220703125,454.3999938964844,454.3999938964844,3500
2026-10-01 11:18:00,1790821080,8572.T,454.3999938964844,454.5,454.3999938964844,454.3999938964844,2700
2026-10-01 11:19:00,1790821140,8572.T,454.3999938964844,454.6000061035156,454.3999938964844,454.5,800
2026-10-01 11:20:00,1790821200,8572.T,454.3999938964844,454.70001220703125,454.3999938964844,454.70001220703125,3700
2026-10-01 11:21:00,1790821260,8572.T,454.6000061035156,454.79998779296875,454.6000061035156,454.6000061035156,10600
2026-10-01 11:22:00,1790821320,8572.T,454.6000061035156,454.70001220703125,454.6000061035156,454.70001220703125,1200
2026-10-01 11:23:00,1790821380,8572.T,454.70001220703125,454.70001220703125,454.6000061035156,454.6000061035156,1600
2026-10-01 11:24:00,1790821440,8572.T,454.70001220703125,454.70001220703125,454.6000061035156,454.70001220703125,1700
2026-10-01 11:25:00,1790821500,8572.T,454.70001220703125,455.0,454.3999938964844,454.6000061035156,28900
2026-10-01 11:26:00,1790821560,8572.T,454.6000061035156,454.6000061035156,454.20001220703125,454.29998779296875,2900
2026-10-01 11:27:00,1790821620,8572.T,454.20001220703125,454.70001220703125,454.20001220703125,454.5,10700
2026-10-01 11:28:00,1790821680,8572.T,454.6000061035156,454.6000061035156,454.6000061035156,454.6000061035156,1300
2026-10-01 11:29:00,1790821740,8572.T,454.6000061035156,454.8999938964844,454.6000061035156,454.8999938964844,14300
2026-10-01 11:30:00,1790821800,8572.T,455.1000061035156,455.1000061035156,455.1000061035156,455.1000061035156,400
2026-10-01 12:30:00,1790825400,8572.T,455.0,456.3999938964844,455.0,456.20001220703125,117900
2026-10-01 12:31:00,1790825460,8572.T,456.5,456.70001220703125,456.20001220703125,456.20001220703125,16800
2026-10-01 12:32:00,1790825520,8572.T,456.1000061035156,456.8999938964844,456.1000061035156,456.8999938964844,10100
2026-10-01 12:33:00,1790825580,8572.T,456.8999938964844,457.0,456.8999938964844,456.8999938964844,2300
2026-10-01 12:34:00,1790825640,8572.T,457.0,457.1000061035156,456.8999938964844,457.0,3000
2026-10-01 12:35:00,1790825700,8572.T,456.79998779296875,457.0,456.79998779296875,456.8999938964844,700
2026-10-01 12:36:00,1790825760,8572.T,457.0,457.1000061035156,456.79998779296875,456.79998779296875,5300
2026-10-01 12:37:00,1790825820,8572.T,457.0,457.0,457.0,457.0,600
2026-10-01 12:38:00,1790825880,8572.T,456.79998779296875,457.0,456.79998779296875,456.79998779296875,2600
2026-10-01 12:39:00,1790825940,8572.T,456.79998779296875,456.79998779296875,456.3999938964844,456.3999938964844,5700
2026-10-01 12:40:00,1790826000,8572.T,456.29998779296875,456.3999938964844,456.0,456.0,15400
2026-10-01 12:41:00,1790826060,8572.T,456.29998779296875,457.0,456.29998779296875,457.0,22100
2026-10-01 12:42:00,1790826120,8572.T,457.20001220703125,457.20001220703125,457.1000061035156,457.1000061035156,2000
2026-10-01 12:43:00,1790826180,8572.T,457.1000061035156,457.1000061035156,457.0,457.0,2400
2026-10-01 12:45:00,1790826300,8572.T,457.0,457.0,457.0,457.0,1000
2026-10-01 12:46:00,1790826360,8572.T,457.0,457.0,456.70001220703125,456.70001220703125,3300
2026-10-01 12:47:00,1790826420,8572.T,456.6000061035156,456.6000061035156,456.5,456.5,500
2026-10-01 12:48:00,1790826480,8572.T,456.6000061035156,456.70001220703125,456.6000061035156,456.70001220703125,600
2026-10-01 12:49:00,1790826540,8572.T,456.70001220703125,456.70001220703125,456.5,456.5,900
2026-10-01 12:50:00,1790826600,8572.T,456.70001220703125,456.79998779296875,456.6000061035156,456.6000061035156,5600
2026-10-01 12:51:00,1790826660,8572.T,456.79998779296875,457.0,456.6000061035156,456.6000061035156,18900
2026-10-01 12:52:00,1790826720,8572.T,456.6000061035156,456.79998779296875,456.5,456.6000061035156,2200
2026-10-01 12:53:00,1790826780,8572.T,456.6000061035156,456.70001220703125,456.5,456.70001220703125,600
2026-10-01 12:54:00,1790826840,8572.T,456.79998779296875,456.79998779296875,456.6000061035156,456.6000061035156,1600
2026-10-01 12:55:00,1790826900,8572.T,456.8999938964844,456.8999938964844,456.6000061035156,456.6000061035156,5000
2026-10-01 12:56:00,1790826960,8572.T,456.6000061035156,456.6000061035156,456.6000061035156,456.6000061035156,200
2026-10-01 12:57:00,1790827020,8572.T,456.6000061035156,456.8999938964844,456.6000061035156,456.79998779296875,2400
2026-10-01 12:58:00,1790827080,8572.T,456.6000061035156,457.0,456.6000061035156,457.0,29100
2026-10-01 12:59:00,1790827140,8572.T,456.8999938964844,457.1000061035156,456.8999938964844,457.0,6000
2026-10-01 13:00:00,1790827200,8572.T,457.0,457.0,457.0,457.0,1300
2026-10-01 13:01:00,1790827260,8572.T,457.0,457.0,456.79998779296875,457.0,2000
2026-10-01 13:02:00,1790827320,8572.T,457.0,457.20001220703125,456.8999938964844,456.8999938964844,2500
2026-10-01 13:03:00,1790827380,8572.T,456.8999938964844,457.1000061035156,456.8999938964844,457.1000061035156,3300
2026-10-01 13:04:00,1790827440,8572.T,457.0,457.0,456.70001220703125,456.8999938964844,3900
2026-10-01 13:05:00,1790827500,8572.T,456.8999938964844,457.0,456.70001220703125,457.0,2100
2026-10-01 13:06:00,1790827560,8572.T,456.8999938964844,457.1000061035156,456.79998779296875,456.8999938964844,5600
2026-10-01 13:07:00,1790827620,8572.T,457.0,457.0,456.8999938964844,457.0,800
2026-10-01 13:08:00,1790827680,8572.T,457.0,457.1000061035156,457.0,457.1000061035156,7300
2026-10-01 13:09:00,1790827740,8572.T,457.20001220703125,457.20001220703125,457.20001220703125,457.20001220703125,2000
2026-10-01 13:10:00,1790827800,8572.T,457.29998779296875,457.29998779296875,457.20001220703125,457.20001220703125,500
2026-10-01 13:11:00,1790827860,8572.T,457.20001220703125,457.20001220703125,457.1000061035156,457.20001220703125,1000
2026-10-01 13:12:00,1790827920,8572.T,457.1000061035156,457.3999938964844,457.1000061035156,457.29998779296875,8100
2026-10-01 13:13:00,1790827980,8572.T,457.3999938964844,457.3999938964844,457.3999938964844,457.3999938964844,900
2026-10-01 13:15:00,1790828100,8572.T,457.3999938964844,457.3999938964844,457.20001220703125,457.29998779296875,1700
2026-10-01 13:17:00,1790828220,8572.T,457.1000061035156,457.20001220703125,457.1000061035156,457.20001220703125,1000
2026-10-01 13:18:00,1790828280,8572.T,457.20001220703125,457.29998779296875,457.20001220703125,457.29998779296875,2900
2026-10-01 13:19:00,1790828340,8572.T,457.3999938964844,457.70001220703125,457.3999938964844,457.6000061035156,25700
2026-10-01 13:20:00,1790828400,8572.T,457.70001220703125,457.70001220703125,457.6000061035156,457.6000061035156,1800
2026-10-01 13:21:00,1790828460,8572.T,457.6000061035156,457.6000061035156,457.6000061035156,457.6000061035156,1800
2026-10-01 13:23:00,1790828580,8572.T,457.70001220703125,457.79998779296875,457.70001220703125,457.79998779296875,4200
2026-10-01 13:24:00,1790828640,8572.T,457.8999938964844,458.0,457.8999938964844,457.8999938964844,5200
2026-10-01 13:25:00,1790828700,8572.T,458.0,458.1000061035156,458.0,458.1000061035156,4500
2026-10-01 13:26:00,1790828760,8572.T,458.1000061035156,458.1000061035156,458.0,458.1000061035156,1500
2026-10-01 13:27:00,1790828820,8572.T,458.1000061035156,458.1000061035156,458.1000061035156,458.1000061035156,300
2026-10-01 13:28:00,1790828880,8572.T,458.1000061035156,458.20001220703125,458.1000061035156,458.20001220703125,2200
2026-10-01 13:29:00,1790828940,8572.T,458.29998779296875,458.3999938964844,458.29998779296875,458.3999938964844,2500
2026-10-01 13:30:00,1790829000,8572.T,458.29998779296875,458.5,458.29998779296875,458.29998779296875,2700
2026-10-01 13:31:00,1790829060,8572.T,458.5,458.5,458.5,458.5,1500
2026-10-01 13:32:00,1790829120,8572.T,458.5,458.5,458.0,458.1000061035156,15300
2026-10-01 13:33:00,1790829180,8572.T,458.1000061035156,458.1000061035156,458.1000061035156,458.1000061035156,400
2026-10-01 13:34:00,1790829240,8572.T,458.20001220703125,458.29998779296875,458.1000061035156,458.29998779296875,4300
2026-10-01 13:35:00,1790829300,8572.T,458.29998779296875,458.3999938964844,458.29998779296875,458.3999938964844,7800
2026-10-01 13:36:00,1790829360,8572.T,458.3999938964844,458.5,458.20001220703125,458.3999938964844,3300
2026-10-01 13:37:00,1790829420,8572.T,458.5,458.6000061035156,458.3999938964844,458.6000061035156,19500
2026-10-01 13:38:00,1790829480,8572.T,458.70001220703125,459.0,458.5,459.0,12600
2026-10-01 13:39:00,1790829540,8572.T,459.0,459.0,458.79998779296875,458.8999938964844,8300
2026-10-01 13:40:00,1790829600,8572.T,458.79998779296875,459.0,458.79998779296875,459.0,2600
2026-10-01 13:41:00,1790829660,8572.T,458.8999938964844,458.8999938964844,458.8999938964844,458.8999938964844,200
2026-10-01 13:42:00,1790829720,8572.T,458.79998779296875,458.79998779296875,458.5,458.5,3200
2026-10-01 13:43:00,1790829780,8572.T,458.3999938964844,458.3999938964844,458.3999938964844,458.3999938964844,200
2026-10-01 13:44:00,1790829840,8572.T,458.3999938964844,458.3999938964844,458.29998779296875,458.29998779296875,900
2026-10-01 13:45:00,1790829900,8572.T,458.3999938964844,458.70001220703125,458.3999938964844,458.3999938964844,11200
2026-10-01 13:46:00,1790829960,8572.T,458.5,458.6000061035156,458.5,458.6000061035156,300
2026-10-01 13:47:00,1790830020,8572.T,458.6000061035156,458.70001220703125,458.6000061035156,458.70001220703125,4300
2026-10-01 13:48:00,1790830080,8572.T,458.70001220703125,458.79998779296875,458.6000061035156,458.70001220703125,2500
2026-10-01 13:49:00,1790830140,8572.T,458.70001220703125,458.70001220703125,458.70001220703125,458.70001220703125,700
2026-10-01 13:50:00,1790830200,8572.T,458.6000061035156,458.6000061035156,458.6000061035156,458.6000061035156,1300
2026-10-01 13:51:00,1790830260,8572.T,458.6000061035156,458.6000061035156,458.6000061035156,458.6000061035156,1200
2026-10-01 13:52:00,1790830320,8572.T,458.70001220703125,458.70001220703125,458.6000061035156,458.6000061035156,2000
2026-10-01 13:53:00,1790830380,8572.T,458.70001220703125,458.79998779296875,458.70001220703125,458.79998779296875,1400
2026-10-01 13:55:00,1790830500,8572.T,458.70001220703125,458.79998779296875,458.70001220703125,458.79998779296875,4000
2026-10-01 13:56:00,1790830560,8572.T,458.70001220703125,458.70001220703125,458.6000061035156,458.6000061035156,2600
2026-10-01 13:57:00,1790830620,8572.T,458.6000061035156,458.6000061035156,458.6000061035156,458.6000061035156,1700
2026-10-01 13:58:00,1790830680,8572.T,458.6000061035156,458.79998779296875,458.5,458.70001220703125,6600
2026-10-01 13:59:00,1790830740,8572.T,458.70001220703125,458.70001220703125,458.70001220703125,458.70001220703125,300
2026-10-01 14:00:00,1790830800,8572.T,458.79998779296875,459.0,458.70001220703125,458.8999938964844,3800
2026-10-01 14:01:00,1790830860,8572.T,458.8999938964844,459.0,458.8999938964844,458.8999938964844,1000
2026-10-01 14:02:00,1790830920,8572.T,459.0,459.0,458.8999938964844,458.8999938964844,3900
2026-10-01 14:03:00,1790830980,8572.T,458.8999938964844,458.8999938964844,458.8999938964844,458.8999938964844,4300
2026-10-01 14:04:00,1790831040,8572.T,458.8999938964844,459.0,458.8999938964844,459.0,14600
2026-10-01 14:05:00,1790831100,8572.T,459.0,459.0,459.0,459.0,1300
2026-10-01 14:06:00,1790831160,8572.T,459.0,459.0,459.0,459.0,7800
2026-10-01 14:07:00,1790831220,8572.T,459.0,459.0,459.0,459.0,2100
2026-10-01 14:08:00,1790831280,8572.T,459.0,459.20001220703125,459.0,459.20001220703125,19200
2026-10-01 14:09:00,1790831340,8572.T,459.29998779296875,459.3999938964844,459.29998779296875,459.3999938964844,5200
2026-10-01 14:10:00,1790831400,8572.T,459.29998779296875,459.29998779296875,459.29998779296875,459.29998779296875,2700
2026-10-01 14:11:00,1790831460,8572.T,459.29998779296875,459.29998779296875,459.29998779296875,459.29998779296875,2300
2026-10-01 14:12:00,1790831520,8572.T,459.29998779296875,459.3999938964844,459.29998779296875,459.29998779296875,300
2026-10-01 14:13:00,1790831580,8572.T,459.29998779296875,459.29998779296875,459.1000061035156,459.1000061035156,8300
2026-10-01 14:14:00,1790831640,8572.T,459.0,459.0,458.8999938964844,458.8999938964844,2500
2026-10-01 14:15:00,1790831700,8572.T,458.8999938964844,459.20001220703125,458.8999938964844,459.1000061035156,3000
2026-10-01 14:16:00,1790831760,8572.T,459.1000061035156,459.20001220703125,459.1000061035156,459.20001220703125,900
2026-10-01 14:17:00,1790831820,8572.T,459.20001220703125,459.20001220703125,459.20001220703125,459.20001220703125,300
2026-10-01 14:18:00,1790831880,8572.T,459.29998779296875,459.29998779296875,459.20001220703125,459.20001220703125,9900
2026-10-01 14:19:00,1790831940,8572.T,459.20001220703125,459.29998779296875,459.20001220703125,459.29998779296875,2000
2026-10-01 14:20:00,1790832000,8572.T,459.20001220703125,459.29998779296875,459.20001220703125,459.20001220703125,11300
2026-10-01 14:21:00,1790832060,8572.T,459.29998779296875,459.29998779296875,459.20001220703125,459.29998779296875,2500
2026-10-01 14:22:00,1790832120,8572.T,459.29998779296875,459.3999938964844,459.29998779296875,459.3999938964844,5700
2026-10-01 14:23:00,1790832180,8572.T,459.3999938964844,459.3999938964844,459.3999938964844,459.3999938964844,1600
2026-10-01 14:24:00,1790832240,8572.T,459.3999938964844,459.3999938964844,459.3999938964844,459.3999938964844,500
2026-10-01 14:25:00,1790832300,8572.T,459.3999938964844,459.3999938964844,459.0,459.1000061035156,20400
2026-10-01 14:26:00,1790832360,8572.T,459.29998779296875,459.29998779296875,459.0,459.0,1600
2026-10-01 14:27:00,1790832420,8572.T,459.0,459.1000061035156,458.8999938964844,458.8999938964844,2900
2026-10-01 14:28:00,1790832480,8572.T,459.0,459.20001220703125,458.8999938964844,459.20001220703125,13600
2026-10-01 14:29:00,1790832540,8572.T,459.20001220703125,459.29998779296875,459.1000061035156,459.20001220703125,2900
2026-10-01 14:30:00,1790832600,8572.T,459.29998779296875,459.79998779296875,459.29998779296875,459.79998779296875,34900
2026-10-01 14:31:00,1790832660,8572.T,459.79998779296875,459.8999938964844,459.79998779296875,459.8999938964844,800
2026-10-01 14:32:00,1790832720,8572.T,459.8999938964844,459.8999938964844,459.79998779296875,459.79998779296875,2600
2026-10-01 14:33:00,1790832780,8572.T,459.79998779296875,459.79998779296875,459.79998779296875,459.79998779296875,1000
2026-10-01 14:34:00,1790832840,8572.T,459.70001220703125,459.8999938964844,459.70001220703125,459.70001220703125,13300
2026-10-01 14:35:00,1790832900,8572.T,459.70001220703125,459.8999938964844,459.70001220703125,459.8999938964844,2300
2026-10-01 14:36:00,1790832960,8572.T,459.8999938964844,459.8999938964844,459.8999938964844,459.8999938964844,1000
2026-10-01 14:37:00,1790833020,8572.T,459.8999938964844,460.0,459.8999938964844,460.0,9700
2026-10-01 14:38:00,1790833080,8572.T,460.0,460.0,460.0,460.0,800
2026-10-01 14:39:00,1790833140,8572.T,460.0,460.0,460.0,460.0,1200
2026-10-01 14:40:00,1790833200,8572.T,460.1000061035156,460.1000061035156,460.1000061035156,460.1000061035156,100
2026-10-01 14:41:00,1790833260,8572.T,460.1000061035156,460.1000061035156,460.1000061035156,460.1000061035156,11700
2026-10-01 14:42:00,1790833320,8572.T,460.1000061035156,460.1000061035156,460.1000061035156,460.1000061035156,1300
2026-10-01 14:43:00,1790833380,8572.T,460.1000061035156,460.20001220703125,460.1000061035156,460.20001220703125,2300
2026-10-01 14:44:00,1790833440,8572.T,460.1000061035156,460.20001220703125,460.1000061035156,460.1000061035156,3600
2026-10-01 14:45:00,1790833500,8572.T,460.1000061035156,460.20001220703125,460.1000061035156,460.1000061035156,14400
2026-10-01 14:46:00,1790833560,8572.T,460.0,460.0,459.70001220703125,459.70001220703125,7900
2026-10-01 14:47:00,1790833620,8572.T,459.70001220703125,459.70001220703125,459.3999938964844,459.3999938964844,1900
2026-10-01 14:48:00,1790833680,8572.T,459.3999938964844,459.3999938964844,459.3999938964844,459.3999938964844,200
2026-10-01 14:49:00,1790833740,8572.T,459.3999938964844,459.79998779296875,459.29998779296875,459.70001220703125,34800
2026-10-01 14:50:00,1790833800,8572.T,459.6000061035156,459.6000061035156,459.29998779296875,459.5,13400
2026-10-01 14:51:00,1790833860,8572.T,459.29998779296875,459.29998779296875,459.29998779296875,459.29998779296875,200
2026-10-01 14:52:00,1790833920,8572.T,459.5,459.5,459.5,459.5,300
2026-10-01 14:53:00,1790833980,8572.T,459.5,459.5,459.3999938964844,459.3999938964844,200
2026-10-01 14:54:00,1790834040,8572.T,459.3999938964844,459.3999938964844,459.3999938964844,459.3999938964844,1000
2026-10-01 14:55:00,1790834100,8572.T,459.29998779296875,459.29998779296875,459.0,459.0,7700
2026-10-01 14:56:00,1790834160,8572.T,459.1000061035156,459.1000061035156,458.8999938964844,458.8999938964844,8300
2026-10-01 14:57:00,1790834220,8572.T,459.0,459.1000061035156,458.8999938964844,459.0,14200
2026-10-01 14:58:00,1790834280,8572.T,458.8999938964844,459.0,458.70001220703125,458.8999938964844,2100
2026-10-01 14:59:00,1790834340,8572.T,458.8999938964844,458.8999938964844,458.70001220703125,458.70001220703125,1800
2026-10-01 15:00:00,1790834400,8572.T,458.79998779296875,459.0,458.79998779296875,458.8999938964844,7400
2026-10-01 15:01:00,1790834460,8572.T,459.0,459.5,459.0,459.3999938964844,63400
2026-10-01 15:02:00,1790834520,8572.T,459.3999938964844,459.3999938964844,459.3999938964844,459.3999938964844,100
2026-10-01 15:03:00,1790834580,8572.T,459.3999938964844,459.70001220703125,459.3999938964844,459.5,9100
2026-10-01 15:04:00,1790834640,8572.T,459.5,459.70001220703125,459.5,459.6000061035156,5600
2026-10-01 15:05:00,1790834700,8572.T,459.5,459.70001220703125,459.5,459.70001220703125,2000
2026-10-01 15:06:00,1790834760,8572.T,459.6000061035156,459.6000061035156,459.0,459.5,33900
2026-10-01 15:07:00,1790834820,8572.T,459.6000061035156,459.6000061035156,459.29998779296875,459.5,10300
2026-10-01 15:08:00,1790834880,8572.T,459.3999938964844,459.5,459.29998779296875,459.5,6500
2026-10-01 15:09:00,1790834940,8572.T,459.20001220703125,459.29998779296875,459.0,459.29998779296875,10600
2026-10-01 15:10:00,1790835000,8572.T,459.29998779296875,459.3999938964844,459.29998779296875,459.29998779296875,3700
2026-10-01 15:11:00,1790835060,8572.T,459.20001220703125,459.20001220703125,459.20001220703125,459.20001220703125,100
2026-10-01 15:12:00,1790835120,8572.T,459.20001220703125,459.29998779296875,459.20001220703125,459.29998779296875,400
2026-10-01 15:13:00,1790835180,8572.T,459.29998779296875,459.29998779296875,459.0,459.0,4600
2026-10-01 15:14:00,1790835240,8572.T,459.0,459.0,459.0,459.0,1200
2026-10-01 15:15:00,1790835300,8572.T,459.0,459.0,458.5,458.5,40400
2026-10-01 15:16:00,1790835360,8572.T,458.6000061035156,458.6000061035156,458.3999938964844,458.3999938964844,5400
2026-10-01 15:17:00,1790835420,8572.T,458.3999938964844,458.70001220703125,458.29998779296875,458.5,23900
2026-10-01 15:18:00,1790835480,8572.T,458.70001220703125,458.79998779296875,458.6000061035156,458.79998779296875,5700
2026-10-01 15:19:00,1790835540,8572.T,458.8999938964844,458.8999938964844,458.70001220703125,458.79998779296875,7200
2026-10-01 15:20:00,1790835600,8572.T,458.70001220703125,458.79998779296875,458.6000061035156,458.6000061035156,8200
2026-10-01 15:21:00,1790835660,8572.T,458.70001220703125,458.70001220703125,458.3999938964844,458.3999938964844,7500
2026-10-01 15:22:00,1790835720,8572.T,458.3999938964844,458.6000061035156,458.29998779296875,458.6000061035156,10500
2026-10-01 15:23:00,1790835780,8572.T,458.3999938964844,458.70001220703125,458.3999938964844,458.3999938964844,9000
2026-10-01 15:24:00,1790835840,8572.T,458.3999938964844,458.70001220703125,458.29998779296875,458.3999938964844,11800
2026-10-02 09:05:00,1790899500,8572.T,453.8999938964844,454.20001220703125,453.5,453.70001220703125,0
2026-10-02 09:06:00,1790899560,8572.T,453.70001220703125,454.20001220703125,453.6000061035156,454.1000061035156,3200
2026-10-02 09:07:00,1790899620,8572.T,454.70001220703125,455.0,454.70001220703125,455.0,900
2026-10-02 09:08:00,1790899680,8572.T,455.0,455.29998779296875,455.0,455.29998779296875,1700
2026-10-02 09:09:00,1790899740,8572.T,455.79998779296875,456.1000061035156,453.8999938964844,454.20001220703125,27000
2026-10-02 09:10:00,1790899800,8572.T,454.3999938964844,454.8999938964844,454.1000061035156,454.8999938964844,6600
2026-10-02 09:11:00,1790899860,8572.T,454.8999938964844,455.6000061035156,454.8999938964844,455.29998779296875,4800
2026-10-02 09:12:00,1790899920,8572.T,455.3999938964844,455.3999938964844,455.0,455.20001220703125,5200
2026-10-02 09:13:00,1790899980,8572.T,455.5,455.5,455.1000061035156,455.20001220703125,1100
2026-10-02 09:14:00,1790900040,8572.T,455.20001220703125,455.20001220703125,454.8999938964844,454.8999938964844,4400
2026-10-02 09:15:00,1790900100,8572.T,454.79998779296875,454.79998779296875,454.20001220703125,454.70001220703125,8500
2026-10-02 09:16:00,1790900160,8572.T,454.70001220703125,455.1000061035156,454.6000061035156,455.1000061035156,1700
2026-10-02 09:17:00,1790900220,8572.T,455.29998779296875,455.29998779296875,455.1000061035156,455.1000061035156,2200
2026-10-02 09:18:00,1790900280,8572.T,455.0,455.0,454.3999938964844,454.3999938964844,4000
2026-10-02 09:19:00,1790900340,8572.T,454.79998779296875,455.0,454.6000061035156,455.0,1800
2026-10-02 09:20:00,1790900400,8572.T,455.1000061035156,455.1000061035156,454.79998779296875,455.0,1400
2026-10-02 09:21:00,1790900460,8572.T,455.1000061035156,455.29998779296875,454.3999938964844,454.5,4300
2026-10-02 09:22:00,1790900520,8572.T,454.5,454.6000061035156,454.29998779296875,454.3999938964844,2400
2026-10-02 09:23:00,1790900580,8572.T,454.20001220703125,454.79998779296875,453.5,454.29998779296875,29200
2026-10-02 09:24:00,1790900640,8572.T,454.3999938964844,454.6000061035156,454.20001220703125,454.3999938964844,27200
2026-10-02 09:25:00,1790900700,8572.T,454.3999938964844,454.5,454.20001220703125,454.29998779296875,2900
2026-10-02 09:26:00,1790900760,8572.T,454.1000061035156,454.3999938964844,454.1000061035156,454.3999938964844,3700
2026-10-02 09:27:00,1790900820,8572.T,454.20001220703125,454.20001220703125,453.79998779296875,453.79998779296875,1900
2026-10-02 09:28:00,1790900880,8572.T,453.79998779296875,454.0,453.6000061035156,454.0,4200
2026-10-02 09:29:00,1790900940,8572.T,453.79998779296875,453.79998779296875,453.79998779296875,453.79998779296875,400
2026-10-02 09:30:00,1790901000,8572.T,453.79998779296875,453.79998779296875,453.70001220703125,453.79998779296875,1800
2026-10-02 09:31:00,1790901060,8572.T,453.79998779296875,453.79998779296875,453.0,453.5,44100
2026-10-02 09:32:00,1790901120,8572.T,453.6000061035156,454.6000061035156,453.6000061035156,454.5,11700
2026-10-02 09:33:00,1790901180,8572.T,454.5,454.5,453.79998779296875,453.79998779296875,7900
2026-10-02 09:34:00,1790901240,8572.T,454.0,454.3999938964844,453.79998779296875,453.79998779296875,11600
2026-10-02 09:35:00,1790901300,8572.T,453.79998779296875,454.1000061035156,453.6000061035156,454.0,7000
2026-10-02 09:36:00,1790901360,8572.T,454.0,454.0,453.79998779296875,453.8999938964844,1800
2026-10-02 09:37:00,1790901420,8572.T,453.70001220703125,453.8999938964844,453.70001220703125,453.8999938964844,2000
2026-10-02 09:38:00,1790901480,8572.T,453.8999938964844,453.8999938964844,453.79998779296875,453.79998779296875,1600
2026-10-02 09:39:00,1790901540,8572.T,453.6000061035156,453.6000061035156,453.29998779296875,453.29998779296875,3300
2026-10-02 09:40:00,1790901600,8572.T,453.5,453.79998779296875,453.3999938964844,453.79998779296875,4100
2026-10-02 09:41:00,1790901660,8572.T,454.0,454.20001220703125,453.70001220703125,453.79998779296875,37300
2026-10-02 09:42:00,1790901720,8572.T,453.70001220703125,454.5,453.6000061035156,454.5,14300
2026-10-02 09:43:00,1790901780,8572.T,454.5,455.1000061035156,454.3999938964844,455.1000061035156,9100
2026-10-02 09:44:00,1790901840,8572.T,455.0,455.29998779296875,454.3999938964844,454.3999938964844,22200
2026-10-02 09:45:00,1790901900,8572.T,454.3999938964844,454.79998779296875,454.1000061035156,454.6000061035156,18500
2026-10-02 09:46:00,1790901960,8572.T,454.6000061035156,454.6000061035156,454.6000061035156,454.6000061035156,500
2026-10-02 09:47:00,1790902020,8572.T,454.6000061035156,454.8999938964844,454.5,454.79998779296875,4700
2026-10-02 09:48:00,1790902080,8572.T,454.70001220703125,454.70001220703125,454.70001220703125,454.70001220703125,700
2026-10-02 09:49:00,1790902140,8572.T,454.6000061035156,454.6000061035156,454.1000061035156,454.29998779296875,3400
2026-10-02 09:50:00,1790902200,8572.T,454.0,454.0,454.0,454.0,200
2026-10-02 09:51:00,1790902260,8572.T,454.0,454.29998779296875,453.8999938964844,454.0,6200
2026-10-02 09:52:00,1790902320,8572.T,454.0,454.0,453.5,453.6000061035156,5100
2026-10-02 09:53:00,1790902380,8572.T,453.6000061035156,454.1000061035156,453.6000061035156,454.0,7200
2026-10-02 09:54:00,1790902440,8572.T,454.20001220703125,454.20001220703125,453.79998779296875,454.0,7200
2026-10-02 09:55:00,1790902500,8572.T,454.20001220703125,454.79998779296875,454.1000061035156,454.6000061035156,10200
2026-10-02 09:56:00,1790902560,8572.T,454.6000061035156,454.6000061035156,454.5,454.5,1000
2026-10-02 09:57:00,1790902620,8572.T,454.29998779296875,454.5,454.0,454.29998779296875,3900
2026-10-02 09:58:00,1790902680,8572.T,454.5,454.79998779296875,454.29998779296875,454.79998779296875,13300
2026-10-02 09:59:00,1790902740,8572.T,454.8999938964844,455.1000061035156,454.8999938964844,454.8999938964844,4500
2026-10-02 10:00:00,1790902800,8572.T,455.1000061035156,455.29998779296875,454.79998779296875,454.79998779296875,5000
2026-10-02 10:01:00,1790902860,8572.T,454.79998779296875,455.1000061035156,454.6000061035156,454.8999938964844,3200
2026-10-02 10:02:00,1790902920,8572.T,454.8999938964844,455.0,454.8999938964844,454.8999938964844,1700
2026-10-02 10:03:00,1790902980,8572.T,455.0,455.29998779296875,455.0,455.29998779296875,4400
2026-10-02 10:04:00,1790903040,8572.T,455.29998779296875,455.6000061035156,455.29998779296875,455.6000061035156,3200
2026-10-02 10:05:00,1790903100,8572.T,455.5,455.6000061035156,455.3999938964844,455.3999938964844,2200
2026-10-02 10:06:00,1790903160,8572.T,455.20001220703125,455.29998779296875,455.1000061035156,455.29998779296875,1500
2026-10-02 10:07:00,1790903220,8572.T,455.1000061035156,455.29998779296875,455.0,455.29998779296875,5000
2026-10-02 10:08:00,1790903280,8572.T,455.20001220703125,455.20001220703125,454.70001220703125,454.79998779296875,6000
2026-10-02 10:09:00,1790903340,8572.T,454.79998779296875,455.0,454.6000061035156,454.79998779296875,3000
2026-10-02 10:10:00,1790903400,8572.T,454.6000061035156,454.79998779296875,454.6000061035156,454.6000061035156,1900
2026-10-02 10:11:00,1790903460,8572.T,454.6000061035156,454.6000061035156,454.6000061035156,454.6000061035156,200
2026-10-02 10:12:00,1790903520,8572.T,454.79998779296875,454.79998779296875,454.6000061035156,454.70001220703125,400
2026-10-02 10:13:00,1790903580,8572.T,454.70001220703125,454.70001220703125,454.3999938964844,454.6000061035156,2700
2026-10-02 10:14:00,1790903640,8572.T,454.6000061035156,454.6000061035156,453.8999938964844,454.20001220703125,22400
2026-10-02 10:15:00,1790903700,8572.T,454.5,454.5,454.20001220703125,454.20001220703125,5700
2026-10-02 10:16:00,1790903760,8572.T,454.1000061035156,454.20001220703125,454.1000061035156,454.20001220703125,3500
2026-10-02 10:17:00,1790903820,8572.T,454.20001220703125,454.3999938964844,454.1000061035156,454.3999938964844,3600
2026-10-02 10:18:00,1790903880,8572.T,454.3999938964844,454.3999938964844,454.3999938964844,454.3999938964844,1500
2026-10-02 10:19:00,1790903940,8572.T,454.3999938964844,454.5,454.29998779296875,454.3999938964844,1900
2026-10-02 10:20:00,1790904000,8572.T,454.20001220703125,454.29998779296875,454.20001220703125,454.29998779296875,1600
2026-10-02 10:21:00,1790904060,8572.T,454.1000061035156,454.29998779296875,454.0,454.0,3800
2026-10-02 10:22:00,1790904120,8572.T,454.0,454.1000061035156,453.70001220703125,453.79998779296875,2500
2026-10-02 10:23:00,1790904180,8572.T,453.6000061035156,453.6000061035156,453.6000061035156,453.6000061035156,500
2026-10-02 10:24:00,1790904240,8572.T,453.79998779296875,453.8999938964844,453.70001220703125,453.8999938964844,4300
2026-10-02 10:25:00,1790904300,8572.T,453.79998779296875,453.79998779296875,453.70001220703125,453.70001220703125,600
2026-10-02 10:26:00,1790904360,8572.T,453.70001220703125,453.70001220703125,453.70001220703125,453.70001220703125,1400
2026-10-02 10:27:00,1790904420,8572.T,453.6000061035156,453.70001220703125,453.5,453.6000061035156,9800
2026-10-02 10:28:00,1790904480,8572.T,453.6000061035156,453.8999938964844,453.6000061035156,453.8999938964844,5000
2026-10-02 10:29:00,1790904540,8572.T,453.79998779296875,453.79998779296875,453.6000061035156,453.6000061035156,2300
2026-10-02 10:30:00,1790904600,8572.T,453.70001220703125,453.70001220703125,453.6000061035156,453.6000061035156,900
2026-10-02 10:31:00,1790904660,8572.T,453.5,454.1000061035156,453.5,453.6000061035156,20000
2026-10-02 10:32:00,1790904720,8572.T,453.70001220703125,453.70001220703125,453.3999938964844,453.3999938964844,1900
2026-10-02 10:33:00,1790904780,8572.T,453.3999938964844,454.3999938964844,453.3999938964844,454.0,34400
2026-10-02 10:34:00,1790904840,8572.T,454.0,454.29998779296875,453.8999938964844,454.20001220703125,4200
2026-10-02 10:35:00,1790904900,8572.T,454.20001220703125,454.20001220703125,453.79998779296875,453.79998779296875,1800
2026-10-02 10:36:00,1790904960,8572.T,453.8999938964844,454.1000061035156,453.8999938964844,454.1000061035156,5400
2026-10-02 10:37:00,1790905020,8572.T,454.0,454.20001220703125,454.0,454.20001220703125,5400
2026-10-02 10:38:00,1790905080,8572.T,454.20001220703125,454.29998779296875,454.1000061035156,454.1000061035156,3100
2026-10-02 10:39:00,1790905140,8572.T,454.0,454.0,453.5,453.5,13900
2026-10-02 10:40:00,1790905200,8572.T,453.70001220703125,453.70001220703125,453.5,453.70001220703125,2300
2026-10-02 10:41:00,1790905260,8572.T,453.79998779296875,454.0,453.79998779296875,453.8999938964844,5400
2026-10-02 10:42:00,1790905320,8572.T,453.8999938964844,454.0,453.8999938964844,454.0,400
2026-10-02 10:43:00,1790905380,8572.T,454.0,454.1000061035156,454.0,454.1000061035156,7100
2026-10-02 10:44:00,1790905440,8572.T,454.1000061035156,454.1000061035156,453.8999938964844,453.8999938964844,4800
2026-10-02 10:45:00,1790905500,8572.T,453.8999938964844,453.8999938964844,453.5,453.5,16000
2026-10-02 10:46:00,1790905560,8572.T,453.6000061035156,453.8999938964844,453.5,453.8999938964844,7700
2026-10-02 10:47:00,1790905620,8572.T,453.70001220703125,453.8999938964844,453.6000061035156,453.6000061035156,1300
2026-10-02 10:48:00,1790905680,8572.T,453.6000061035156,453.79998779296875,453.5,453.6000061035156,5100
2026-10-02 10:49:00,1790905740,8572.T,453.6000061035156,453.6000061035156,453.6000061035156,453.6000061035156,1500
2026-10-02 10:50:00,1790905800,8572.T,453.6000061035156,453.6000061035156,453.3999938964844,453.6000061035156,8100
2026-10-02 10:51:00,1790905860,8572.T,453.70001220703125,453.70001220703125,453.70001220703125,453.70001220703125,400
2026-10-02 10:52:00,1790905920,8572.T,453.79998779296875,453.79998779296875,453.5,453.70001220703125,4000
2026-10-02 10:53:00,1790905980,8572.T,453.3999938964844,453.3999938964844,453.3999938964844,453.3999938964844,800
2026-10-02 10:54:00,1790906040,8572.T,453.6000061035156,453.70001220703125,453.5,453.5,3800
2026-10-02 10:55:00,1790906100,8572.T,453.70001220703125,453.70001220703125,453.5,453.5,200
2026-10-02 10:56:00,1790906160,8572.T,453.5,453.70001220703125,453.5,453.70001220703125,1100
2026-10-02 10:57:00,1790906220,8572.T,453.6000061035156,453.79998779296875,453.6000061035156,453.6000061035156,6500
2026-10-02 10:59:00,1790906340,8572.T,453.6000061035156,453.6000061035156,453.3999938964844,453.3999938964844,1900
2026-10-02 11:00:00,1790906400,8572.T,453.3999938964844,453.3999938964844,453.3999938964844,453.3999938964844,300
2026-10-02 11:01:00,1790906460,8572.T,453.3999938964844,453.3999938964844,453.29998779296875,453.3999938964844,2100
2026-10-02 11:02:00,1790906520,8572.T,453.3999938964844,453.6000061035156,453.3999938964844,453.6000061035156,6500
2026-10-02 11:04:00,1790906640,8572.T,453.5,453.5,453.20001220703125,453.3999938964844,13500
2026-10-02 11:05:00,1790906700,8572.T,453.3999938964844,453.5,453.29998779296875,453.5,4800
2026-10-02 11:06:00,1790906760,8572.T,453.5,453.6000061035156,453.3999938964844,453.3999938964844,1300
2026-10-02 11:07:00,1790906820,8572.T,453.29998779296875,453.3999938964844,453.29998779296875,453.29998779296875,7900
2026-10-02 11:08:00,1790906880,8572.T,453.20001220703125,453.29998779296875,453.1000061035156,453.29998779296875,2100
2026-10-02 11:09:00,1790906940,8572.T,453.20001220703125,453.5,452.6000061035156,453.20001220703125,144000
2026-10-02 11:10:00,1790907000,8572.T,453.29998779296875,453.29998779296875,453.20001220703125,453.20001220703125,3700
2026-10-02 11:11:00,1790907060,8572.T,453.20001220703125,453.20001220703125,453.1000061035156,453.20001220703125,3700
2026-10-02 11:12:00,1790907120,8572.T,453.29998779296875,454.0,453.29998779296875,453.8999938964844,16800
2026-10-02 11:13:00,1790907180,8572.T,453.79998779296875,454.0,453.70001220703125,453.8999938964844,4000
2026-10-02 11:14:00,1790907240,8572.T,454.0,454.5,454.0,454.5,7500
2026-10-02 11:15:00,1790907300,8572.T,454.29998779296875,454.29998779296875,454.20001220703125,454.20001220703125,1500
2026-10-02 11:16:00,1790907360,8572.T,454.1000061035156,454.20001220703125,454.0,454.0,2800
2026-10-02 11:17:00,1790907420,8572.T,454.0,454.0,453.5,453.5,6300
2026-10-02 11:18:00,1790907480,8572.T,453.5,454.0,453.5,453.79998779296875,9400
2026-10-02 11:19:00,1790907540,8572.T,453.8999938964844,453.8999938964844,453.5,453.5,1000
2026-10-02 11:20:00,1790907600,8572.T,453.5,453.79998779296875,453.3999938964844,453.79998779296875,2700
2026-10-02 11:21:00,1790907660,8572.T,453.6000061035156,453.70001220703125,453.3999938964844,453.6000061035156,5900
2026-10-02 11:22:00,1790907720,8572.T,453.29998779296875,453.29998779296875,453.0,453.1000061035156,4900
2026-10-02 11:23:00,1790907780,8572.T,453.1000061035156,453.20001220703125,453.0,453.0,2200
2026-10-02 11:24:00,1790907840,8572.T,453.1000061035156,453.1000061035156,453.0,453.0,1800
2026-10-02 11:25:00,1790907900,8572.T,453.0,453.6000061035156,452.79998779296875,453.20001220703125,21000
2026-10-02 11:26:00,1790907960,8572.T,453.20001220703125,453.29998779296875,452.8999938964844,453.29998779296875,32300
2026-10-02 11:27:00,1790908020,8572.T,453.1000061035156,453.5,453.1000061035156,453.29998779296875,10100
2026-10-02 11:28:00,1790908080,8572.T,453.29998779296875,453.3999938964844,453.1000061035156,453.20001220703125,12800
2026-10-02 11:29:00,1790908140,8572.T,453.20001220703125,453.29998779296875,451.8999938964844,452.5,197400
2026-10-02 11:30:00,1790908200,8572.T,452.3999938964844,452.8999938964844,452.20001220703125,452.20001220703125,228200
2026-10-02 12:30:00,1790911800,8572.T,452.70001220703125,453.5,452.70001220703125,453.3999938964844,79000
2026-10-02 12:31:00,1790911860,8572.T,453.1000061035156,454.29998779296875,453.1000061035156,454.0,15500
2026-10-02 12:32:00,1790911920,8572.T,454.29998779296875,454.70001220703125,454.1000061035156,454.5,20900
2026-10-02 12:33:00,1790911980,8572.T,454.29998779296875,454.29998779296875,453.70001220703125,454.1000061035156,9000
2026-10-02 12:34:00,1790912040,8572.T,454.1000061035156,454.1000061035156,454.1000061035156,454.1000061035156,600
2026-10-02 12:35:00,1790912100,8572.T,454.0,454.5,453.8999938964844,454.5,6100
2026-10-02 12:36:00,1790912160,8572.T,454.5,454.5,454.20001220703125,454.20001220703125,2500
2026-10-02 12:37:00,1790912220,8572.T,454.0,454.0,453.8999938964844,453.8999938964844,900
2026-10-02 12:38:00,1790912280,8572.T,453.79998779296875,453.79998779296875,453.3999938964844,453.3999938964844,8100
2026-10-02 12:39:00,1790912340,8572.T,453.5,453.5,453.20001220703125,453.5,12700
2026-10-02 12:40:00,1790912400,8572.T,453.5,453.5,453.29998779296875,453.29998779296875,1100
2026-10-02 12:41:00,1790912460,8572.T,453.3999938964844,453.6000061035156,453.3999938964844,453.5,3200
2026-10-02 12:42:00,1790912520,8572.T,453.3999938964844,454.0,453.3999938964844,453.8999938964844,5600
2026-10-02 12:43:00,1790912580,8572.T,453.70001220703125,453.79998779296875,453.70001220703125,453.79998779296875,1300
2026-10-02 12:44:00,1790912640,8572.T,453.79998779296875,453.79998779296875,453.6000061035156,453.6000061035156,2000
2026-10-02 12:45:00,1790912700,8572.T,453.6000061035156,453.79998779296875,453.6000061035156,453.70001220703125,2300
2026-10-02 12:46:00,1790912760,8572.T,453.79998779296875,454.1000061035156,453.79998779296875,454.1000061035156,4200
2026-10-02 12:47:00,1790912820,8572.T,454.1000061035156,454.70001220703125,454.1000061035156,454.29998779296875,14800
2026-10-02 12:48:00,1790912880,8572.T,454.29998779296875,454.79998779296875,454.29998779296875,454.29998779296875,12500
2026-10-02 12:49:00,1790912940,8572.T,454.20001220703125,454.20001220703125,454.1000061035156,454.1000061035156,1000
2026-10-02 12:50:00,1790913000,8572.T,454.1000061035156,454.3999938964844,454.1000061035156,454.3999938964844,1200
2026-10-02 12:51:00,1790913060,8572.T,454.20001220703125,454.29998779296875,454.1000061035156,454.29998779296875,3300
2026-10-02 12:52:00,1790913120,8572.T,454.20001220703125,454.5,453.6000061035156,454.3999938964844,60800
2026-10-02 12:53:00,1790913180,8572.T,454.20001220703125,454.20001220703125,454.20001220703125,454.20001220703125,200
2026-10-02 12:54:00,1790913240,8572.T,454.3999938964844,454.70001220703125,454.3999938964844,454.5,11200
2026-10-02 12:55:00,1790913300,8572.T,454.5,454.6000061035156,454.3999938964844,454.3999938964844,4200
2026-10-02 12:56:00,1790913360,8572.T,454.3999938964844,454.3999938964844,454.3999938964844,454.3999938964844,400
2026-10-02 12:57:00,1790913420,8572.T,454.29998779296875,454.70001220703125,454.29998779296875,454.70001220703125,11100
2026-10-02 12:58:00,1790913480,8572.T,454.5,454.6000061035156,454.3999938964844,454.6000061035156,2400
2026-10-02 12:59:00,1790913540,8572.T,454.6000061035156,454.70001220703125,454.6000061035156,454.6000061035156,5200
2026-10-02 13:00:00,1790913600,8572.T,454.5,455.8999938964844,454.5,455.5,80000
2026-10-02 13:01:00,1790913660,8572.T,455.29998779296875,455.29998779296875,455.29998779296875,455.29998779296875,1600
2026-10-02 13:02:00,1790913720,8572.T,455.3999938964844,455.3999938964844,455.3999938964844,455.3999938964844,900
2026-10-02 13:03:00,1790913780,8572.T,455.29998779296875,455.3999938964844,455.20001220703125,455.20001220703125,2900
2026-10-02 13:04:00,1790913840,8572.T,455.29998779296875,455.29998779296875,455.20001220703125,455.20001220703125,1800
2026-10-02 13:05:00,1790913900,8572.T,455.3999938964844,455.3999938964844,455.0,455.0,2200
2026-10-02 13:06:00,1790913960,8572.T,455.0,455.0,454.79998779296875,454.79998779296875,1300
2026-10-02 13:07:00,1790914020,8572.T,454.79998779296875,455.0,454.79998779296875,455.0,200
2026-10-02 13:08:00,1790914080,8572.T,454.79998779296875,455.20001220703125,454.79998779296875,454.8999938964844,9500
2026-10-02 13:09:00,1790914140,8572.T,454.79998779296875,454.79998779296875,454.79998779296875,454.79998779296875,900
2026-10-02 13:10:00,1790914200,8572.T,454.8999938964844,455.0,451.8999938964844,452.29998779296875,102700
2026-10-02 13:11:00,1790914260,8572.T,452.29998779296875,452.29998779296875,451.6000061035156,451.70001220703125,9900
2026-10-02 13:12:00,1790914320,8572.T,451.79998779296875,451.79998779296875,451.70001220703125,451.70001220703125,900
2026-10-02 13:13:00,1790914380,8572.T,451.79998779296875,451.79998779296875,451.20001220703125,451.3999938964844,9700
2026-10-02 13:14:00,1790914440,8572.T,451.3999938964844,451.3999938964844,451.29998779296875,451.29998779296875,1800
2026-10-02 13:15:00,1790914500,8572.T,451.5,451.79998779296875,451.3999938964844,451.70001220703125,10500
2026-10-02 13:16:00,1790914560,8572.T,451.70001220703125,451.70001220703125,451.6000061035156,451.6000061035156,1900
2026-10-02 13:17:00,1790914620,8572.T,451.8999938964844,452.0,451.8999938964844,452.0,1700
2026-10-02 13:18:00,1790914680,8572.T,451.79998779296875,451.79998779296875,451.79998779296875,451.79998779296875,900
2026-10-02 13:19:00,1790914740,8572.T,451.79998779296875,451.79998779296875,451.6000061035156,451.6000061035156,1600
2026-10-02 13:20:00,1790914800,8572.T,451.6000061035156,451.70001220703125,451.6000061035156,451.70001220703125,2800
2026-10-02 13:21:00,1790914860,8572.T,451.70001220703125,451.79998779296875,451.70001220703125,451.79998779296875,2800
2026-10-02 13:22:00,1790914920,8572.T,451.8999938964844,451.8999938964844,451.8999938964844,451.8999938964844,300
2026-10-02 13:23:00,1790914980,8572.T,451.8999938964844,452.0,451.8999938964844,451.8999938964844,1600
2026-10-02 13:24:00,1790915040,8572.T,452.1000061035156,452.1000061035156,451.79998779296875,452.0,1600
2026-10-02 13:25:00,1790915100,8572.T,452.0,452.1000061035156,452.0,452.1000061035156,1000
2026-10-02 13:26:00,1790915160,8572.T,452.0,452.0,451.79998779296875,452.0,2700
2026-10-02 13:27:00,1790915220,8572.T,452.0,452.29998779296875,452.0,452.29998779296875,6100
2026-10-02 13:28:00,1790915280,8572.T,452.20001220703125,452.29998779296875,452.20001220703125,452.29998779296875,1300
2026-10-02 13:29:00,1790915340,8572.T,452.20001220703125,452.29998779296875,452.20001220703125,452.29998779296875,1100
2026-10-02 13:30:00,1790915400,8572.T,452.29998779296875,453.20001220703125,452.29998779296875,452.5,28100
2026-10-02 13:31:00,1790915460,8572.T,452.5,452.5,451.8999938964844,451.8999938964844,9800
2026-10-02 13:32:00,1790915520,8572.T,452.0,452.0,451.79998779296875,451.8999938964844,5500
2026-10-02 13:33:00,1790915580,8572.T,451.8999938964844,452.0,451.79998779296875,452.0,4400
2026-10-02 13:34:00,1790915640,8572.T,452.0,454.0,451.8999938964844,453.79998779296875,47700
2026-10-02 13:35:00,1790915700,8572.T,453.79998779296875,455.6000061035156,453.6000061035156,453.79998779296875,137400
2026-10-02 13:36:00,1790915760,8572.T,453.70001220703125,454.70001220703125,453.6000061035156,454.5,10100
2026-10-02 13:37:00,1790915820,8572.T,454.5,454.5,454.29998779296875,454.29998779296875,1200
2026-10-02 13:38:00,1790915880,8572.T,454.29998779296875,454.6000061035156,454.29998779296875,454.3999938964844,4200
2026-10-02 13:39:00,1790915940,8572.T,454.29998779296875,454.5,454.29998779296875,454.29998779296875,2600
2026-10-02 13:40:00,1790916000,8572.T,454.29998779296875,454.29998779296875,454.20001220703125,454.20001220703125,3400
2026-10-02 13:41:00,1790916060,8572.T,454.1000061035156,454.29998779296875,454.1000061035156,454.29998779296875,1900
2026-10-02 13:42:00,1790916120,8572.T,454.1000061035156,454.29998779296875,454.1000061035156,454.29998779296875,400
2026-10-02 13:43:00,1790916180,8572.T,454.1000061035156,454.8999938964844,454.1000061035156,454.29998779296875,21200
2026-10-02 13:44:00,1790916240,8572.T,454.3999938964844,454.5,454.3999938964844,454.3999938964844,2900
2026-10-02 13:45:00,1790916300,8572.T,454.5,454.5,454.3999938964844,454.3999938964844,600
2026-10-02 13:46:00,1790916360,8572.T,454.3999938964844,454.3999938964844,454.3999938964844,454.3999938964844,500
2026-10-02 13:47:00,1790916420,8572.T,454.5,454.5,454.20001220703125,454.5,6200
2026-10-02 13:48:00,1790916480,8572.T,454.5,454.6000061035156,454.3999938964844,454.6000061035156,4500
2026-10-02 13:49:00,1790916540,8572.T,454.6000061035156,454.70001220703125,454.6000061035156,454.70001220703125,300
2026-10-02 13:50:00,1790916600,8572.T,454.70001220703125,454.79998779296875,454.3999938964844,454.79998779296875,4500
2026-10-02 13:51:00,1790916660,8572.T,454.8999938964844,455.5,454.29998779296875,454.79998779296875,131100
2026-10-02 13:52:00,1790916720,8572.T,454.6000061035156,455.1000061035156,454.6000061035156,454.79998779296875,17300
2026-10-02 13:53:00,1790916780,8572.T,455.0,455.1000061035156,455.0,455.1000061035156,1600
2026-10-02 13:54:00,1790916840,8572.T,455.20001220703125,455.3999938964844,455.20001220703125,455.3999938964844,4400
2026-10-02 13:55:00,1790916900,8572.T,455.3999938964844,455.70001220703125,455.3999938964844,455.70001220703125,15200
2026-10-02 13:56:00,1790916960,8572.T,455.5,455.6000061035156,455.3999938964844,455.5,7200
2026-10-02 13:57:00,1790917020,8572.T,455.5,455.5,455.29998779296875,455.5,2600
2026-10-02 13:58:00,1790917080,8572.T,455.5,455.5,455.3999938964844,455.5,600
2026-10-02 13:59:00,1790917140,8572.T,455.5,455.6000061035156,455.3999938964844,455.6000061035156,2400
2026-10-02 14:00:00,1790917200,8572.T,455.6000061035156,455.70001220703125,455.3999938964844,455.70001220703125,3100
2026-10-02 14:01:00,1790917260,8572.T,455.79998779296875,455.79998779296875,455.3999938964844,455.3999938964844,4000
2026-10-02 14:02:00,1790917320,8572.T,455.6000061035156,455.6000061035156,455.1000061035156,455.20001220703125,9000
2026-10-02 14:03:00,1790917380,8572.T,455.20001220703125,455.20001220703125,455.20001220703125,455.20001220703125,200
2026-10-02 14:04:00,1790917440,8572.T,455.20001220703125,455.29998779296875,455.1000061035156,455.1000061035156,4100
2026-10-02 14:05:00,1790917500,8572.T,455.20001220703125,455.3999938964844,455.20001220703125,455.29998779296875,6300
2026-10-02 14:06:00,1790917560,8572.T,455.1000061035156,455.29998779296875,455.1000061035156,455.29998779296875,5600
2026-10-02 14:07:00,1790917620,8572.T,455.3999938964844,455.3999938964844,455.29998779296875,455.3999938964844,2500
2026-10-02 14:08:00,1790917680,8572.T,455.29998779296875,455.5,455.29998779296875,455.5,2200
2026-10-02 14:09:00,1790917740,8572.T,455.5,455.6000061035156,455.3999938964844,455.6000061035156,1700
2026-10-02 14:10:00,1790917800,8572.T,455.6000061035156,455.79998779296875,455.5,455.6000061035156,12200
2026-10-02 14:11:00,1790917860,8572.T,455.5,455.5,455.3999938964844,455.5,7100
2026-10-02 14:12:00,1790917920,8572.T,455.3999938964844,455.5,455.29998779296875,455.3999938964844,6400
2026-10-02 14:13:00,1790917980,8572.T,455.20001220703125,455.29998779296875,455.1000061035156,455.29998779296875,1800
2026-10-02 14:14:00,1790918040,8572.T,455.29998779296875,455.29998779296875,455.0,455.1000061035156,6100
2026-10-02 14:15:00,1790918100,8572.T,454.8999938964844,455.29998779296875,454.8999938964844,455.20001220703125,8900
2026-10-02 14:16:00,1790918160,8572.T,455.20001220703125,455.20001220703125,455.20001220703125,455.20001220703125,1700
2026-10-02 14:17:00,1790918220,8572.T,455.20001220703125,455.20001220703125,455.0,455.20001220703125,2000
2026-10-02 14:18:00,1790918280,8572.T,455.1000061035156,455.1000061035156,454.8999938964844,455.1000061035156,1500
2026-10-02 14:19:00,1790918340,8572.T,455.1000061035156,455.1000061035156,454.70001220703125,454.8999938964844,8100
2026-10-02 14:20:00,1790918400,8572.T,454.70001220703125,454.70001220703125,454.5,454.5,2400
2026-10-02 14:21:00,1790918460,8572.T,454.70001220703125,454.70001220703125,454.3999938964844,454.6000061035156,5300
2026-10-02 14:22:00,1790918520,8572.T,454.5,454.6000061035156,454.29998779296875,454.3999938964844,5500
2026-10-02 14:23:00,1790918580,8572.T,454.5,454.5,454.29998779296875,454.5,2100
2026-10-02 14:24:00,1790918640,8572.T,454.5,454.5,454.29998779296875,454.3999938964844,4300
2026-10-02 14:25:00,1790918700,8572.T,454.5,454.79998779296875,453.8999938964844,453.8999938964844,23900
2026-10-02 14:26:00,1790918760,8572.T,454.1000061035156,454.3999938964844,454.1000061035156,454.3999938964844,9400
2026-10-02 14:27:00,1790918820,8572.T,454.3999938964844,454.5,454.3999938964844,454.5,9600
2026-10-02 14:28:00,1790918880,8572.T,454.5,454.5,454.5,454.5,1000
2026-10-02 14:29:00,1790918940,8572.T,454.5,454.5,454.29998779296875,454.3999938964844,2400
2026-10-02 14:30:00,1790919000,8572.T,454.20001220703125,454.29998779296875,454.20001220703125,454.29998779296875,1000
2026-10-02 14:31:00,1790919060,8572.T,454.20001220703125,454.29998779296875,454.20001220703125,454.29998779296875,5100
2026-10-02 14:32:00,1790919120,8572.T,454.3999938964844,454.5,454.3999938964844,454.3999938964844,3400
2026-10-02 14:33:00,1790919180,8572.T,454.5,454.79998779296875,454.3999938964844,454.3999938964844,33200
2026-10-02 14:34:00,1790919240,8572.T,454.3999938964844,454.6000061035156,454.29998779296875,454.3999938964844,1500
2026-10-02 14:35:00,1790919300,8572.T,454.5,454.5,454.3999938964844,454.3999938964844,3100
2026-10-02 14:36:00,1790919360,8572.T,454.3999938964844,454.3999938964844,454.3999938964844,454.3999938964844,1500
2026-10-02 14:37:00,1790919420,8572.T,454.5,455.0,454.3999938964844,455.0,10600
2026-10-02 14:38:00,1790919480,8572.T,455.0,455.0,454.79998779296875,454.8999938964844,2800
2026-10-02 14:39:00,1790919540,8572.T,454.79998779296875,455.0,454.79998779296875,455.0,3900
2026-10-02 14:40:00,1790919600,8572.T,455.0,455.1000061035156,454.8999938964844,455.1000061035156,3100
2026-10-02 14:42:00,1790919720,8572.T,455.20001220703125,455.29998779296875,455.1000061035156,455.29998779296875,3600
2026-10-02 14:43:00,1790919780,8572.T,455.1000061035156,455.29998779296875,455.1000061035156,455.20001220703125,4100
2026-10-02 14:44:00,1790919840,8572.T,455.20001220703125,455.3999938964844,455.20001220703125,455.3999938964844,1500
2026-10-02 14:45:00,1790919900,8572.T,455.3999938964844,455.3999938964844,455.20001220703125,455.20001220703125,2300
2026-10-02 14:46:00,1790919960,8572.T,455.20001220703125,455.20001220703125,455.20001220703125,455.20001220703125,200
2026-10-02 14:47:00,1790920020,8572.T,455.20001220703125,455.5,455.20001220703125,455.5,4700
2026-10-02 14:48:00,1790920080,8572.T,455.5,455.5,455.5,455.5,900
2026-10-02 14:49:00,1790920140,8572.T,455.5,455.5,455.0,455.3999938964844,11000
2026-10-02 14:50:00,1790920200,8572.T,455.3999938964844,455.3999938964844,455.3999938964844,455.3999938964844,1000
2026-10-02 14:51:00,1790920260,8572.T,455.5,455.6000061035156,455.3999938964844,455.5,4000
2026-10-02 14:52:00,1790920320,8572.T,455.5,455.5,455.0,455.0,4900
2026-10-02 14:53:00,1790920380,8572.T,455.1000061035156,455.1000061035156,454.79998779296875,455.1000061035156,2800
2026-10-02 14:54:00,1790920440,8572.T,455.1000061035156,455.1000061035156,455.1000061035156,455.1000061035156,1700
2026-10-02 14:55:00,1790920500,8572.T,455.1000061035156,455.1000061035156,454.8999938964844,454.8999938964844,2300
2026-10-02 14:56:00,1790920560,8572.T,454.8999938964844,455.0,454.6000061035156,454.79998779296875,3900
2026-10-02 14:57:00,1790920620,8572.T,454.79998779296875,455.0,454.79998779296875,455.0,5100
2026-10-02 14:58:00,1790920680,8572.T,455.0,455.0,454.79998779296875,455.0,1400
2026-10-02 14:59:00,1790920740,8572.T,454.79998779296875,455.0,454.5,454.5,5900
2026-10-02 15:00:00,1790920800,8572.T,454.5,454.5,454.29998779296875,454.3999938964844,3700
2026-10-02 15:01:00,1790920860,8572.T,454.29998779296875,454.29998779296875,454.0,454.0,8500
2026-10-02 15:02:00,1790920920,8572.T,454.1000061035156,454.29998779296875,454.0,454.0,8800
2026-10-02 15:03:00,1790920980,8572.T,453.8999938964844,453.8999938964844,453.29998779296875,453.79998779296875,31800
2026-10-02 15:04:00,1790921040,8572.T,453.5,453.5,453.5,453.5,600
2026-10-02 15:05:00,1790921100,8572.T,453.6000061035156,453.79998779296875,453.6000061035156,453.79998779296875,5600
2026-10-02 15:07:00,1790921220,8572.T,453.79998779296875,454.20001220703125,453.79998779296875,454.1000061035156,9700
2026-10-02 15:08:00,1790921280,8572.T,454.1000061035156,454.1000061035156,454.1000061035156,454.1000061035156,100
2026-10-02 15:09:00,1790921340,8572.T,454.0,454.20001220703125,454.0,454.20001220703125,1000
2026-10-02 15:10:00,1790921400,8572.T,454.0,454.29998779296875,453.8999938964844,454.20001220703125,11100
2026-10-02 15:11:00,1790921460,8572.T,454.20001220703125,454.20001220703125,454.20001220703125,454.20001220703125,900
2026-10-02 15:12:00,1790921520,8572.T,454.1000061035156,454.1000061035156,453.79998779296875,453.79998779296875,12600
2026-10-02 15:13:00,1790921580,8572.T,453.79998779296875,453.79998779296875,453.3999938964844,453.70001220703125,9800
2026-10-02 15:14:00,1790921640,8572.T,453.70001220703125,453.8999938964844,453.6000061035156,453.70001220703125,4400
2026-10-02 15:15:00,1790921700,8572.T,453.8999938964844,453.8999938964844,453.8999938964844,453.8999938964844,100
2026-10-02 15:16:00,1790921760,8572.T,453.79998779296875,454.1000061035156,453.79998779296875,454.0,8900
2026-10-02 15:17:00,1790921820,8572.T,453.79998779296875,453.8999938964844,453.79998779296875,453.79998779296875,1900
2026-10-02 15:18:00,1790921880,8572.T,453.8999938964844,454.0,453.79998779296875,453.79998779296875,3200
2026-10-02 15:19:00,1790921940,8572.T,453.8999938964844,453.8999938964844,453.70001220703125,453.79998779296875,4400
2026-10-02 15:20:00,1790922000,8572.T,453.6000061035156,453.79998779296875,452.8999938964844,453.5,48000
2026-10-02 15:21:00,1790922060,8572.T,453.5,453.6000061035156,453.20001220703125,453.20001220703125,5400
2026-10-02 15:22:00,1790922120,8572.T,453.1000061035156,453.3999938964844,453.0,453.3999938964844,10200
2026-10-02 15:23:00,1790922180,8572.T,453.3999938964844,454.29998779296875,453.20001220703125,453.79998779296875,35300
2026-10-02 15:24:00,1790922240,8572.T,453.8999938964844,453.8999938964844,453.29998779296875,453.8999938964844,8700
2026-10-02 15:30:00,1790922600,8572.T,452.6000061035156,452.6000061035156,452.6000061035156,452.6000061035156,0
2026-10-05 09:00:00,1791158400,8572.T,455.5,456.1000061035156,454.70001220703125,454.70001220703125,134000
2026-10-05 09:01:00,1791158460,8572.T,454.5,454.5,453.20001220703125,453.8999938964844,5100
2026-10-05 09:02:00,1791158520,8572.T,453.1000061035156,453.5,451.1000061035156,451.6000061035156,18300
2026-10-05 09:03:00,1791158580,8572.T,451.29998779296875,452.0,451.0,451.5,12700
2026-10-05 09:04:00,1791158640,8572.T,451.6000061035156,451.70001220703125,451.3999938964844,451.70001220703125,2400
2026-10-05 09:05:00,1791158700,8572.T,451.79998779296875,452.3999938964844,451.70001220703125,452.3999938964844,0
2026-10-05 09:06:00,1791158760,8572.T,452.3999938964844,452.6000061035156,451.8999938964844,452.20001220703125,39800
2026-10-05 09:07:00,1791158820,8572.T,452.6000061035156,452.6000061035156,451.79998779296875,451.79998779296875,2200
2026-10-05 09:08:00,1791158880,8572.T,451.79998779296875,452.0,451.6000061035156,451.70001220703125,6000
2026-10-05 09:09:00,1791158940,8572.T,451.8999938964844,452.29998779296875,451.79998779296875,452.29998779296875,3200
2026-10-05 09:10:00,1791159000,8572.T,452.29998779296875,452.6000061035156,452.20001220703125,452.20001220703125,5200
2026-10-05 09:11:00,1791159060,8572.T,452.3999938964844,452.3999938964844,452.1000061035156,452.1000061035156,3800
2026-10-05 09:12:00,1791159120,8572.T,452.3999938964844,452.79998779296875,452.29998779296875,452.79998779296875,4600
2026-10-05 09:13:00,1791159180,8572.T,452.79998779296875,452.8999938964844,452.5,452.8999938964844,5800
2026-10-05 09:14:00,1791159240,8572.T,452.70001220703125,452.70001220703125,452.3999938964844,452.6000061035156,3300
2026-10-05 09:15:00,1791159300,8572.T,452.6000061035156,453.1000061035156,452.6000061035156,452.8999938964844,9600
2026-10-05 09:16:00,1791159360,8572.T,453.1000061035156,453.3999938964844,453.1000061035156,453.29998779296875,6100
2026-10-05 09:17:00,1791159420,8572.T,453.20001220703125,453.70001220703125,453.1000061035156,453.29998779296875,7500
2026-10-05 09:18:00,1791159480,8572.T,453.3999938964844,453.79998779296875,453.29998779296875,453.70001220703125,13400
2026-10-05 09:19:00,1791159540,8572.T,453.3999938964844,453.3999938964844,452.79998779296875,453.20001220703125,10500
2026-10-05 09:20:00,1791159600,8572.T,453.0,453.1000061035156,452.79998779296875,452.79998779296875,3000
2026-10-05 09:21:00,1791159660,8572.T,452.79998779296875,453.0,452.29998779296875,452.3999938964844,6900
2026-10-05 09:22:00,1791159720,8572.T,452.3999938964844,452.70001220703125,452.20001220703125,452.70001220703125,8800
2026-10-05 09:23:00,1791159780,8572.T,452.70001220703125,453.1000061035156,452.29998779296875,452.29998779296875,10700
2026-10-05 09:24:00,1791159840,8572.T,452.5,452.5,452.3999938964844,452.3999938964844,1700
2026-10-05 09:25:00,1791159900,8572.T,452.3999938964844,452.5,452.3999938964844,452.5,4200
2026-10-05 09:26:00,1791159960,8572.T,452.3999938964844,452.6000061035156,452.3999938964844,452.6000061035156,4300
2026-10-05 09:27:00,1791160020,8572.T,452.6000061035156,452.8999938964844,452.6000061035156,452.79998779296875,4700
2026-10-05 09:28:00,1791160080,8572.T,452.79998779296875,453.0,452.3999938964844,453.0,9600
2026-10-05 09:29:00,1791160140,8572.T,453.1000061035156,453.20001220703125,452.8999938964844,453.20001220703125,4600
2026-10-05 09:30:00,1791160200,8572.T,453.20001220703125,453.29998779296875,453.0,453.29998779296875,4300
2026-10-05 09:31:00,1791160260,8572.T,453.1000061035156,453.70001220703125,452.8999938964844,453.70001220703125,10100
2026-10-05 09:32:00,1791160320,8572.T,453.6000061035156,453.6000061035156,453.29998779296875,453.29998779296875,1200
2026-10-05 09:33:00,1791160380,8572.T,453.20001220703125,453.29998779296875,453.0,453.29998779296875,9600
2026-10-05 09:34:00,1791160440,8572.T,453.3999938964844,453.5,453.20001220703125,453.29998779296875,4500
2026-10-05 09:35:00,1791160500,8572.T,453.20001220703125,453.20001220703125,453.0,453.0,6000
2026-10-05 09:36:00,1791160560,8572.T,453.0,453.1000061035156,453.0,453.1000061035156,1400
2026-10-05 09:37:00,1791160620,8572.T,452.8999938964844,453.0,452.8999938964844,452.8999938964844,3000
2026-10-05 09:38:00,1791160680,8572.T,452.8999938964844,453.0,452.70001220703125,452.70001220703125,2700
2026-10-05 09:39:00,1791160740,8572.T,452.8999938964844,452.8999938964844,452.5,452.5,1900
2026-10-05 09:40:00,1791160800,8572.T,452.5,452.6000061035156,452.5,452.5,1500
2026-10-05 09:41:00,1791160860,8572.T,452.6000061035156,452.6000061035156,452.6000061035156,452.6000061035156,100
2026-10-05 09:42:00,1791160920,8572.T,452.5,452.6000061035156,452.29998779296875,452.29998779296875,2800
2026-10-05 09:43:00,1791160980,8572.T,452.29998779296875,452.29998779296875,452.20001220703125,452.20001220703125,300
2026-10-05 09:44:00,1791161040,8572.T,452.29998779296875,453.1000061035156,452.29998779296875,453.1000061035156,9700
2026-10-05 09:46:00,1791161160,8572.T,452.79998779296875,453.0,452.5,452.5,5000
2026-10-05 09:47:00,1791161220,8572.T,452.79998779296875,452.79998779296875,452.5,452.5,1800
2026-10-05 09:48:00,1791161280,8572.T,452.79998779296875,452.79998779296875,452.5,452.6000061035156,800
2026-10-05 09:50:00,1791161400,8572.T,452.5,452.5,452.0,452.0,7000
2026-10-05 09:51:00,1791161460,8572.T,452.29998779296875,452.29998779296875,451.6000061035156,451.79998779296875,46100
2026-10-05 09:52:00,1791161520,8572.T,452.1000061035156,452.1000061035156,451.70001220703125,451.70001220703125,900
2026-10-05 09:53:00,1791161580,8572.T,451.79998779296875,452.1000061035156,451.6000061035156,452.0,9500
2026-10-05 09:54:00,1791161640,8572.T,452.0,452.1000061035156,451.70001220703125,451.79998779296875,8000
2026-10-05 09:55:00,1791161700,8572.T,452.1000061035156,452.1000061035156,451.70001220703125,451.8999938964844,7400
2026-10-05 09:56:00,1791161760,8572.T,452.0,452.0,451.8999938964844,451.8999938964844,1200
2026-10-05 09:58:00,1791161880,8572.T,452.0,452.1000061035156,451.8999938964844,452.1000061035156,1200
2026-10-05 09:59:00,1791161940,8572.T,451.8999938964844,451.8999938964844,451.6000061035156,451.6000061035156,4300
2026-10-05 10:01:00,1791162060,8572.T,451.6000061035156,451.70001220703125,451.5,451.5,4700
2026-10-05 10:02:00,1791162120,8572.T,451.70001220703125,451.8999938964844,451.70001220703125,451.8999938964844,2300
2026-10-05 10:03:00,1791162180,8572.T,451.79998779296875,451.8999938964844,451.70001220703125,451.79998779296875,2500
2026-10-05 10:04:00,1791162240,8572.T,451.79998779296875,451.79998779296875,451.70001220703125,451.70001220703125,1800
2026-10-05 10:05:00,1791162300,8572.T,451.70001220703125,452.1000061035156,451.70001220703125,452.1000061035156,3600
2026-10-05 10:06:00,1791162360,8572.T,452.20001220703125,452.29998779296875,452.1000061035156,452.20001220703125,1900
2026-10-05 10:07:00,1791162420,8572.T,452.20001220703125,452.3999938964844,452.20001220703125,452.20001220703125,2100
2026-10-05 10:08:00,1791162480,8572.T,452.3999938964844,452.3999938964844,452.1000061035156,452.1000061035156,2300
2026-10-05 10:09:00,1791162540,8572.T,452.29998779296875,452.5,452.29998779296875,452.3999938964844,3300
2026-10-05 10:10:00,1791162600,8572.T,452.3999938964844,452.5,452.20001220703125,452.20001220703125,3700
2026-10-05 10:11:00,1791162660,8572.T,452.20001220703125,452.20001220703125,452.1000061035156,452.1000061035156,900
2026-10-05 10:12:00,1791162720,8572.T,452.29998779296875,452.3999938964844,452.0,452.20001220703125,2800
2026-10-05 10:14:00,1791162840,8572.T,452.1000061035156,452.1000061035156,452.1000061035156,452.1000061035156,700
2026-10-05 10:15:00,1791162900,8572.T,452.1000061035156,452.6000061035156,452.0,452.6000061035156,20900
2026-10-05 10:16:00,1791162960,8572.T,452.6000061035156,452.70001220703125,452.5,452.70001220703125,4300
2026-10-05 10:17:00,1791163020,8572.T,452.70001220703125,452.8999938964844,452.6000061035156,452.70001220703125,3200
2026-10-05 10:18:00,1791163080,8572.T,452.70001220703125,452.79998779296875,452.6000061035156,452.6000061035156,2100
2026-10-05 10:19:00,1791163140,8572.T,452.70001220703125,452.70001220703125,452.6000061035156,452.70001220703125,1400
2026-10-05 10:20:00,1791163200,8572.T,452.79998779296875,452.79998779296875,452.79998779296875,452.79998779296875,400
2026-10-05 10:21:00,1791163260,8572.T,452.79998779296875,453.0,452.70001220703125,453.0,10500
2026-10-05 10:22:00,1791163320,8572.T,453.0,453.20001220703125,452.8999938964844,453.20001220703125,6600
2026-10-05 10:23:00,1791163380,8572.T,453.20001220703125,453.6000061035156,453.1000061035156,453.3999938964844,12300
2026-10-05 10:24:00,1791163440,8572.T,453.29998779296875,453.3999938964844,453.29998779296875,453.3999938964844,2600
2026-10-05 10:25:00,1791163500,8572.T,453.29998779296875,453.29998779296875,453.20001220703125,453.20001220703125,2200
2026-10-05 10:26:00,1791163560,8572.T,453.29998779296875,453.3999938964844,453.20001220703125,453.3999938964844,2200
2026-10-05 10:27:00,1791163620,8572.T,453.3999938964844,453.5,453.20001220703125,453.20001220703125,2800
2026-10-05 10:28:00,1791163680,8572.T,453.20001220703125,453.20001220703125,453.1000061035156,453.1000061035156,900
2026-10-05 10:29:00,1791163740,8572.T,453.1000061035156,453.1000061035156,452.8999938964844,452.8999938964844,2300
2026-10-05 10:30:00,1791163800,8572.T,452.79998779296875,453.20001220703125,452.70001220703125,453.20001220703125,7800
2026-10-05 10:31:00,1791163860,8572.T,453.20001220703125,453.20001220703125,453.1000061035156,453.1000061035156,1100
2026-10-05 10:32:00,1791163920,8572.T,453.0,453.20001220703125,452.8999938964844,452.8999938964844,6800
2026-10-05 10:33:00,1791163980,8572.T,453.1000061035156,453.1000061035156,453.0,453.0,1500
2026-10-05 10:34:00,1791164040,8572.T,453.0,453.20001220703125,453.0,453.20001220703125,1300
2026-10-05 10:35:00,1791164100,8572.T,453.20001220703125,453.3999938964844,453.20001220703125,453.3999938964844,2000
2026-10-05 10:36:00,1791164160,8572.T,453.3999938964844,453.3999938964844,453.3999938964844,453.3999938964844,700
2026-10-05 10:37:00,1791164220,8572.T,453.20001220703125,453.20001220703125,453.1000061035156,453.1000061035156,2000
2026-10-05 10:38:00,1791164280,8572.T,453.20001220703125,453.20001220703125,453.20001220703125,453.20001220703125,900
2026-10-05 10:39:00,1791164340,8572.T,453.1000061035156,453.1000061035156,453.1000061035156,453.1000061035156,200
2026-10-05 10:40:00,1791164400,8572.T,453.1000061035156,453.1000061035156,453.0,453.1000061035156,1700
2026-10-05 10:41:00,1791164460,8572.T,453.20001220703125,453.3999938964844,453.0,453.3999938964844,3700
2026-10-05 10:42:00,1791164520,8572.T,453.3999938964844,453.70001220703125,453.3999938964844,453.70001220703125,2700
2026-10-05 10:43:00,1791164580,8572.T,453.70001220703125,453.70001220703125,453.70001220703125,453.70001220703125,100
2026-10-05 10:44:00,1791164640,8572.T,453.70001220703125,453.70001220703125,453.5,453.70001220703125,700
2026-10-05 10:45:00,1791164700,8572.T,453.5,453.5,453.29998779296875,453.29998779296875,3800
2026-10-05 10:46:00,1791164760,8572.T,453.29998779296875,453.29998779296875,453.29998779296875,453.29998779296875,500
2026-10-05 10:47:00,1791164820,8572.T,453.29998779296875,453.3999938964844,453.29998779296875,453.3999938964844,500
2026-10-05 10:48:00,1791164880,8572.T,453.20001220703125,453.20001220703125,453.1000061035156,453.20001220703125,4200
2026-10-05 10:49:00,1791164940,8572.T,453.20001220703125,453.5,453.20001220703125,453.5,8900
2026-10-05 10:50:00,1791165000,8572.T,453.29998779296875,453.3999938964844,453.29998779296875,453.3999938964844,200
2026-10-05 10:52:00,1791165120,8572.T,453.3999938964844,453.3999938964844,453.3999938964844,453.3999938964844,400
2026-10-05 10:53:00,1791165180,8572.T,453.20001220703125,453.20001220703125,452.70001220703125,452.70001220703125,11800
2026-10-05 10:54:00,1791165240,8572.T,453.0,453.20001220703125,452.70001220703125,453.20001220703125,10400
2026-10-05 10:55:00,1791165300,8572.T,452.8999938964844,452.8999938964844,452.29998779296875,452.6000061035156,28500
2026-10-05 10:56:00,1791165360,8572.T,452.5,452.6000061035156,452.20001220703125,452.6000061035156,8500
2026-10-05 10:57:00,1791165420,8572.T,452.3999938964844,452.3999938964844,452.29998779296875,452.3999938964844,600
2026-10-05 10:58:00,1791165480,8572.T,452.29998779296875,452.29998779296875,452.29998779296875,452.29998779296875,200
2026-10-05 10:59:00,1791165540,8572.T,452.29998779296875,452.6000061035156,452.20001220703125,452.3999938964844,10100
2026-10-05 11:01:00,1791165660,8572.T,452.3999938964844,452.6000061035156,452.3999938964844,452.5,2200
2026-10-05 11:02:00,1791165720,8572.T,452.29998779296875,452.29998779296875,452.1000061035156,452.29998779296875,2000
2026-10-05 11:03:00,1791165780,8572.T,452.20001220703125,452.20001220703125,452.20001220703125,452.20001220703125,500
2026-10-05 11:04:00,1791165840,8572.T,452.1000061035156,452.20001220703125,452.1000061035156,452.1000061035156,1600
2026-10-05 11:05:00,1791165900,8572.T,452.29998779296875,452.29998779296875,452.20001220703125,452.20001220703125,1300
2026-10-05 11:06:00,1791165960,8572.T,452.3999938964844,452.5,452.29998779296875,452.5,2100
2026-10-05 11:07:00,1791166020,8572.T,452.6000061035156,452.70001220703125,452.3999938964844,452.6000061035156,5700
2026-10-05 11:08:00,1791166080,8572.T,452.5,453.1000061035156,452.3999938964844,452.79998779296875,16200
2026-10-05 11:09:00,1791166140,8572.T,452.79998779296875,453.0,452.6000061035156,453.0,13800
2026-10-05 11:10:00,1791166200,8572.T,453.0,453.0,452.70001220703125,453.0,7500
2026-10-05 11:11:00,1791166260,8572.T,452.8999938964844,452.8999938964844,452.8999938964844,452.8999938964844,200
2026-10-05 11:12:00,1791166320,8572.T,452.79998779296875,452.79998779296875,452.6000061035156,452.70001220703125,6400
2026-10-05 11:13:00,1791166380,8572.T,452.70001220703125,453.0,452.70001220703125,452.8999938964844,7200
2026-10-05 11:14:00,1791166440,8572.T,452.8999938964844,453.1000061035156,452.79998779296875,452.8999938964844,3600
2026-10-05 11:15:00,1791166500,8572.T,453.1000061035156,453.29998779296875,453.0,453.20001220703125,3100
2026-10-05 11:17:00,1791166620,8572.T,453.20001220703125,453.5,453.1000061035156,453.20001220703125,5800
2026-10-05 11:18:00,1791166680,8572.T,453.20001220703125,453.3999938964844,453.1000061035156,453.3999938964844,11200
2026-10-05 11:19:00,1791166740,8572.T,453.20001220703125,453.20001220703125,453.1000061035156,453.1000061035156,500
2026-10-05 11:20:00,1791166800,8572.T,453.20001220703125,453.6000061035156,453.1000061035156,453.6000061035156,4500
2026-10-05 11:21:00,1791166860,8572.T,453.6000061035156,453.6000061035156,453.6000061035156,453.6000061035156,200
2026-10-05 11:22:00,1791166920,8572.T,453.5,453.70001220703125,453.5,453.70001220703125,1200
2026-10-05 11:23:00,1791166980,8572.T,453.70001220703125,453.8999938964844,453.6000061035156,453.6000061035156,3900
2026-10-05 11:24:00,1791167040,8572.T,453.79998779296875,453.79998779296875,453.6000061035156,453.70001220703125,1300
2026-10-05 11:25:00,1791167100,8572.T,453.70001220703125,453.79998779296875,453.70001220703125,453.70001220703125,1600
2026-10-05 11:26:00,1791167160,8572.T,453.79998779296875,454.29998779296875,453.70001220703125,453.79998779296875,36000
2026-10-05 11:27:00,1791167220,8572.T,453.70001220703125,453.79998779296875,453.6000061035156,453.70001220703125,3000
2026-10-05 11:28:00,1791167280,8572.T,453.6000061035156,453.70001220703125,453.6000061035156,453.70001220703125,1300
2026-10-05 11:29:00,1791167340,8572.T,453.6000061035156,454.0,453.6000061035156,454.0,3700
2026-10-05 11:30:00,1791167400,8572.T,454.1000061035156,454.20001220703125,454.0,454.20001220703125,3300
2026-10-05 12:30:00,1791171000,8572.T,453.5,453.8999938964844,453.1000061035156,453.8999938964844,31600
2026-10-05 12:31:00,1791171060,8572.T,454.0,454.5,453.6000061035156,454.5,12000
2026-10-05 12:32:00,1791171120,8572.T,454.29998779296875,454.5,453.79998779296875,454.3999938964844,25700
2026-10-05 12:33:00,1791171180,8572.T,454.1000061035156,454.29998779296875,453.8999938964844,454.20001220703125,3000
2026-10-05 12:34:00,1791171240,8572.T,454.1000061035156,454.20001220703125,453.6000061035156,453.8999938964844,9000
2026-10-05 12:35:00,1791171300,8572.T,453.8999938964844,454.0,453.70001220703125,454.0,2400
2026-10-05 12:36:00,1791171360,8572.T,453.70001220703125,453.79998779296875,453.5,453.70001220703125,4600
2026-10-05 12:37:00,1791171420,8572.T,453.70001220703125,453.8999938964844,453.6000061035156,453.6000061035156,1000
2026-10-05 12:38:00,1791171480,8572.T,453.70001220703125,453.79998779296875,453.5,453.5,1500
2026-10-05 12:39:00,1791171540,8572.T,453.5,453.70001220703125,453.5,453.70001220703125,1100
2026-10-05 12:40:00,1791171600,8572.T,453.70001220703125,453.79998779296875,453.5,453.79998779296875,8400
2026-10-05 12:41:00,1791171660,8572.T,453.79998779296875,454.1000061035156,453.6000061035156,454.1000061035156,10100
2026-10-05 12:42:00,1791171720,8572.T,454.1000061035156,454.29998779296875,454.0,454.20001220703125,6600
2026-10-05 12:43:00,1791171780,8572.T,454.29998779296875,454.70001220703125,454.29998779296875,454.6000061035156,4400
2026-10-05 12:44:00,1791171840,8572.T,454.6000061035156,454.8999938964844,454.6000061035156,454.8999938964844,6600
2026-10-05 12:45:00,1791171900,8572.T,454.8999938964844,455.0,454.6000061035156,454.70001220703125,12200
2026-10-05 12:46:00,1791171960,8572.T,454.8999938964844,454.8999938964844,454.20001220703125,454.20001220703125,12900
2026-10-05 12:47:00,1791172020,8572.T,454.5,454.6000061035156,454.20001220703125,454.29998779296875,3800
2026-10-05 12:48:00,1791172080,8572.T,454.6000061035156,454.79998779296875,454.3999938964844,454.6000061035156,5900
2026-10-05 12:49:00,1791172140,8572.T,454.70001220703125,454.70001220703125,454.70001220703125,454.70001220703125,100
2026-10-05 12:50:00,1791172200,8572.T,454.70001220703125,455.70001220703125,454.70001220703125,455.29998779296875,39300
2026-10-05 12:51:00,1791172260,8572.T,455.1000061035156,455.3999938964844,455.0,455.29998779296875,5600
2026-10-05 12:52:00,1791172320,8572.T,455.29998779296875,455.29998779296875,454.8999938964844,454.8999938964844,2200
2026-10-05 12:53:00,1791172380,8572.T,454.79998779296875,455.20001220703125,454.6000061035156,455.20001220703125,4400
2026-10-05 12:55:00,1791172500,8572.T,454.8999938964844,455.20001220703125,454.8999938964844,455.0,4000
2026-10-05 12:56:00,1791172560,8572.T,455.0,455.0,454.79998779296875,455.0,5600
2026-10-05 12:57:00,1791172620,8572.T,454.8999938964844,455.1000061035156,454.70001220703125,455.1000061035156,4400
2026-10-05 12:58:00,1791172680,8572.T,454.79998779296875,454.8999938964844,454.70001220703125,454.8999938964844,6400
2026-10-05 12:59:00,1791172740,8572.T,454.6000061035156,454.79998779296875,454.5,454.5,10500
2026-10-05 13:00:00,1791172800,8572.T,454.5,454.79998779296875,454.5,454.79998779296875,1500
2026-10-05 13:01:00,1791172860,8572.T,454.6000061035156,454.6000061035156,454.5,454.5,1000
2026-10-05 13:02:00,1791172920,8572.T,454.5,454.6000061035156,454.3999938964844,454.3999938964844,2000
2026-10-05 13:03:00,1791172980,8572.T,454.3999938964844,454.6000061035156,454.3999938964844,454.6000061035156,9600
2026-10-05 13:04:00,1791173040,8572.T,454.3999938964844,454.3999938964844,454.3999938964844,454.3999938964844,1200
2026-10-05 13:05:00,1791173100,8572.T,454.29998779296875,454.29998779296875,454.29998779296875,454.29998779296875,400
2026-10-05 13:06:00,1791173160,8572.T,454.29998779296875,454.29998779296875,454.0,454.0,2800
2026-10-05 13:07:00,1791173220,8572.T,454.1000061035156,454.3999938964844,454.1000061035156,454.1000061035156,6600
2026-10-05 13:08:00,1791173280,8572.T,454.20001220703125,454.20001220703125,454.1000061035156,454.1000061035156,700
2026-10-05 13:09:00,1791173340,8572.T,454.1000061035156,454.3999938964844,454.1000061035156,454.20001220703125,2800
2026-10-05 13:10:00,1791173400,8572.T,454.1000061035156,454.1000061035156,454.1000061035156,454.1000061035156,100
2026-10-05 13:11:00,1791173460,8572.T,454.20001220703125,454.20001220703125,454.20001220703125,454.20001220703125,300
2026-10-05 13:12:00,1791173520,8572.T,454.20001220703125,454.20001220703125,454.1000061035156,454.1000061035156,300
2026-10-05 13:13:00,1791173580,8572.T,454.20001220703125,454.20001220703125,454.1000061035156,454.1000061035156,3200
2026-10-05 13:14:00,1791173640,8572.T,454.20001220703125,454.20001220703125,454.1000061035156,454.1000061035156,200
2026-10-05 13:15:00,1791173700,8572.T,454.20001220703125,454.29998779296875,454.20001220703125,454.29998779296875,1000
2026-10-05 13:16:00,1791173760,8572.T,454.1000061035156,454.1000061035156,454.1000061035156,454.1000061035156,100
2026-10-05 13:17:00,1791173820,8572.T,454.1000061035156,454.1000061035156,454.0,454.0,2600
2026-10-05 13:18:00,1791173880,8572.T,454.0,454.20001220703125,453.8999938964844,454.1000061035156,12800
2026-10-05 13:20:00,1791174000,8572.T,453.8999938964844,453.8999938964844,453.8999938964844,453.8999938964844,400
2026-10-05 13:21:00,1791174060,8572.T,453.8999938964844,453.8999938964844,453.8999938964844,453.8999938964844,500
2026-10-05 13:22:00,1791174120,8572.T,454.0,454.1000061035156,453.8999938964844,454.0,2600
2026-10-05 13:23:00,1791174180,8572.T,454.1000061035156,454.3999938964844,454.1000061035156,454.20001220703125,9000
2026-10-05 13:24:00,1791174240,8572.T,454.29998779296875,454.29998779296875,454.29998779296875,454.29998779296875,300
2026-10-05 13:25:00,1791174300,8572.T,454.3999938964844,454.5,454.29998779296875,454.5,2100
2026-10-05 13:26:00,1791174360,8572.T,454.29998779296875,454.3999938964844,454.29998779296875,454.3999938964844,500
2026-10-05 13:27:00,1791174420,8572.T,454.29998779296875,454.29998779296875,454.29998779296875,454.29998779296875,200
2026-10-05 13:29:00,1791174540,8572.T,454.29998779296875,454.3999938964844,454.29998779296875,454.29998779296875,3300
2026-10-05 13:30:00,1791174600,8572.T,454.29998779296875,454.29998779296875,454.20001220703125,454.20001220703125,1900
2026-10-05 13:31:00,1791174660,8572.T,454.20001220703125,454.20001220703125,454.20001220703125,454.20001220703125,100
2026-10-05 13:32:00,1791174720,8572.T,454.20001220703125,454.20001220703125,454.20001220703125,454.20001220703125,200
2026-10-05 13:33:00,1791174780,8572.T,454.20001220703125,454.3999938964844,454.20001220703125,454.3999938964844,5400
2026-10-05 13:35:00,1791174900,8572.T,454.29998779296875,454.29998779296875,454.29998779296875,454.29998779296875,200
2026-10-05 13:36:00,1791174960,8572.T,454.20001220703125,454.3999938964844,454.1000061035156,454.29998779296875,3800
2026-10-05 13:37:00,1791175020,8572.T,454.29998779296875,454.29998779296875,454.20001220703125,454.20001220703125,200
2026-10-05 13:38:00,1791175080,8572.T,454.29998779296875,454.3999938964844,454.29998779296875,454.3999938964844,2200
2026-10-05 13:39:00,1791175140,8572.T,454.3999938964844,454.3999938964844,454.29998779296875,454.29998779296875,800
2026-10-05 13:40:00,1791175200,8572.T,454.29998779296875,454.29998779296875,454.29998779296875,454.29998779296875,100
2026-10-05 13:41:00,1791175260,8572.T,454.29998779296875,454.3999938964844,454.29998779296875,454.3999938964844,3100
2026-10-05 13:42:00,1791175320,8572.T,454.29998779296875,454.3999938964844,454.29998779296875,454.29998779296875,2100
2026-10-05 13:44:00,1791175440,8572.T,454.29998779296875,454.29998779296875,454.20001220703125,454.29998779296875,3100
2026-10-05 13:45:00,1791175500,8572.T,454.20001220703125,454.29998779296875,454.20001220703125,454.20001220703125,700
2026-10-05 13:46:00,1791175560,8572.T,454.20001220703125,454.29998779296875,454.20001220703125,454.29998779296875,1200
2026-10-05 13:47:00,1791175620,8572.T,454.29998779296875,454.6000061035156,454.20001220703125,454.3999938964844,8100
2026-10-05 13:48:00,1791175680,8572.T,454.5,454.6000061035156,454.5,454.6000061035156,700
2026-10-05 13:49:00,1791175740,8572.T,454.5,454.5,454.5,454.5,400
2026-10-05 13:50:00,1791175800,8572.T,454.3999938964844,454.5,454.20001220703125,454.20001220703125,3700
2026-10-05 13:51:00,1791175860,8572.T,454.29998779296875,454.29998779296875,454.20001220703125,454.20001220703125,1700
2026-10-05 13:52:00,1791175920,8572.T,454.20001220703125,454.29998779296875,454.1000061035156,454.20001220703125,3500
2026-10-05 13:53:00,1791175980,8572.T,454.29998779296875,454.29998779296875,453.8999938964844,454.1000061035156,12900
2026-10-05 13:54:00,1791176040,8572.T,454.0,454.1000061035156,454.0,454.0,1000
2026-10-05 13:55:00,1791176100,8572.T,454.0,454.1000061035156,453.8999938964844,454.1000061035156,3700
2026-10-05 13:58:00,1791176280,8572.T,453.8999938964844,454.0,453.8999938964844,453.8999938964844,400
2026-10-05 13:59:00,1791176340,8572.T,453.8999938964844,454.0,453.8999938964844,453.8999938964844,300
2026-10-05 14:00:00,1791176400,8572.T,453.8999938964844,453.8999938964844,453.8999938964844,453.8999938964844,100
2026-10-05 14:01:00,1791176460,8572.T,453.8999938964844,454.20001220703125,453.70001220703125,454.1000061035156,21600
2026-10-05 14:02:00,1791176520,8572.T,453.8999938964844,453.8999938964844,453.8999938964844,453.8999938964844,100
2026-10-05 14:03:00,1791176580,8572.T,454.0,454.20001220703125,454.0,454.20001220703125,2600
2026-10-05 14:04:00,1791176640,8572.T,454.1000061035156,454.1000061035156,454.1000061035156,454.1000061035156,400
2026-10-05 14:05:00,1791176700,8572.T,454.0,454.20001220703125,454.0,454.1000061035156,4500
2026-10-05 14:06:00,1791176760,8572.T,454.1000061035156,454.20001220703125,454.1000061035156,454.1000061035156,500
2026-10-05 14:07:00,1791176820,8572.T,454.1000061035156,454.20001220703125,453.70001220703125,454.0,18300
2026-10-05 14:09:00,1791176940,8572.T,454.0,454.0,453.70001220703125,453.8999938964844,11500
2026-10-05 14:10:00,1791177000,8572.T,453.8999938964844,454.70001220703125,453.70001220703125,454.6000061035156,63800
2026-10-05 14:11:00,1791177060,8572.T,454.6000061035156,454.8999938964844,454.5,454.79998779296875,9100
2026-10-05 14:12:00,1791177120,8572.T,454.79998779296875,454.79998779296875,454.79998779296875,454.79998779296875,200
2026-10-05 14:13:00,1791177180,8572.T,454.79998779296875,455.29998779296875,454.79998779296875,455.29998779296875,15000
2026-10-05 14:14:00,1791177240,8572.T,455.29998779296875,455.3999938964844,455.20001220703125,455.3999938964844,4900
2026-10-05 14:15:00,1791177300,8572.T,455.3999938964844,455.5,455.29998779296875,455.3999938964844,3600
2026-10-05 14:16:00,1791177360,8572.T,455.29998779296875,455.29998779296875,455.1000061035156,455.1000061035156,8700
2026-10-05 14:17:00,1791177420,8572.T,455.20001220703125,455.20001220703125,454.8999938964844,454.8999938964844,8400
2026-10-05 14:18:00,1791177480,8572.T,454.8999938964844,455.0,454.8999938964844,455.0,500
2026-10-05 14:19:00,1791177540,8572.T,455.0,455.0,454.8999938964844,454.8999938964844,1900
2026-10-05 14:20:00,1791177600,8572.T,454.8999938964844,454.8999938964844,454.79998779296875,454.79998779296875,1400
2026-10-05 14:21:00,1791177660,8572.T,454.70001220703125,454.8999938964844,454.6000061035156,454.70001220703125,6900
2026-10-05 14:22:00,1791177720,8572.T,454.70001220703125,454.79998779296875,454.70001220703125,454.70001220703125,1300
2026-10-05 14:23:00,1791177780,8572.T,454.70001220703125,455.0,454.70001220703125,455.0,5700
2026-10-05 14:25:00,1791177900,8572.T,454.8999938964844,455.0,454.79998779296875,454.8999938964844,2800
2026-10-05 14:26:00,1791177960,8572.T,454.79998779296875,455.0,454.70001220703125,454.70001220703125,7300
2026-10-05 14:27:00,1791178020,8572.T,454.70001220703125,455.5,454.70001220703125,455.20001220703125,42000
2026-10-05 14:28:00,1791178080,8572.T,455.3999938964844,455.5,455.1000061035156,455.1000061035156,12800
2026-10-05 14:29:00,1791178140,8572.T,455.20001220703125,455.29998779296875,455.1000061035156,455.29998779296875,3800
2026-10-05 14:30:00,1791178200,8572.T,455.3999938964844,455.3999938964844,455.29998779296875,455.3999938964844,2000
2026-10-05 14:31:00,1791178260,8572.T,455.5,455.5,455.5,455.5,2000
2026-10-05 14:32:00,1791178320,8572.T,455.5,455.70001220703125,455.3999938964844,455.3999938964844,9700
2026-10-05 14:33:00,1791178380,8572.T,455.6000061035156,455.6000061035156,455.5,455.5,600
2026-10-05 14:34:00,1791178440,8572.T,455.5,455.5,455.20001220703125,455.20001220703125,3700
2026-10-05 14:35:00,1791178500,8572.T,455.1000061035156,455.1000061035156,455.1000061035156,455.1000061035156,400
2026-10-05 14:36:00,1791178560,8572.T,455.1000061035156,455.20001220703125,454.6000061035156,454.8999938964844,13400
2026-10-05 14:37:00,1791178620,8572.T,454.8999938964844,454.8999938964844,454.6000061035156,454.6000061035156,4600
2026-10-05 14:38:00,1791178680,8572.T,454.6000061035156,454.6000061035156,454.29998779296875,454.6000061035156,17100
2026-10-05 14:39:00,1791178740,8572.T,454.6000061035156,454.79998779296875,454.3999938964844,454.79998779296875,19100
2026-10-05 14:40:00,1791178800,8572.T,454.6000061035156,454.6000061035156,454.5,454.5,1800
2026-10-05 14:41:00,1791178860,8572.T,454.3999938964844,454.6000061035156,454.29998779296875,454.29998779296875,4300
2026-10-05 14:42:00,1791178920,8572.T,454.29998779296875,454.29998779296875,454.29998779296875,454.29998779296875,100
2026-10-05 14:43:00,1791178980,8572.T,454.29998779296875,454.29998779296875,454.29998779296875,454.29998779296875,1100
2026-10-05 14:44:00,1791179040,8572.T,454.20001220703125,454.70001220703125,454.20001220703125,454.70001220703125,10200
2026-10-05 14:45:00,1791179100,8572.T,454.5,454.5,454.5,454.5,100
2026-10-05 14:46:00,1791179160,8572.T,454.5,454.6000061035156,454.3999938964844,454.6000061035156,3100
2026-10-05 14:47:00,1791179220,8572.T,454.5,454.5,454.3999938964844,454.5,2700
2026-10-05 14:48:00,1791179280,8572.T,454.3999938964844,454.5,454.3999938964844,454.5,1100
2026-10-05 14:49:00,1791179340,8572.T,454.5,454.70001220703125,454.3999938964844,454.6000061035156,10600
2026-10-05 14:50:00,1791179400,8572.T,454.70001220703125,454.79998779296875,454.6000061035156,454.70001220703125,1500
2026-10-05 14:51:00,1791179460,8572.T,454.6000061035156,454.70001220703125,454.5,454.5,2400
2026-10-05 14:52:00,1791179520,8572.T,454.6000061035156,454.6000061035156,454.6000061035156,454.6000061035156,800
2026-10-05 14:53:00,1791179580,8572.T,454.5,454.70001220703125,454.5,454.6000061035156,3000
2026-10-05 14:55:00,1791179700,8572.T,454.70001220703125,454.8999938964844,454.6000061035156,454.6000061035156,11100
2026-10-05 14:56:00,1791179760,8572.T,454.70001220703125,454.8999938964844,454.6000061035156,454.70001220703125,4900
2026-10-05 14:57:00,1791179820,8572.T,454.79998779296875,454.8999938964844,454.70001220703125,454.70001220703125,1500
2026-10-05 14:58:00,1791179880,8572.T,454.8999938964844,455.0,454.6000061035156,454.6000061035156,6400
2026-10-05 14:59:00,1791179940,8572.T,454.6000061035156,454.8999938964844,454.6000061035156,454.8999938964844,8800
2026-10-05 15:00:00,1791180000,8572.T,454.70001220703125,454.79998779296875,454.70001220703125,454.79998779296875,4000
2026-10-05 15:01:00,1791180060,8572.T,454.79998779296875,454.79998779296875,454.70001220703125,454.79998779296875,1500
2026-10-05 15:02:00,1791180120,8572.T,454.70001220703125,454.8999938964844,454.5,454.70001220703125,9100
2026-10-05 15:03:00,1791180180,8572.T,454.70001220703125,454.8999938964844,454.6000061035156,454.8999938964844,4200
2026-10-05 15:04:00,1791180240,8572.T,454.8999938964844,455.1000061035156,454.79998779296875,455.1000061035156,7400
2026-10-05 15:05:00,1791180300,8572.T,454.8999938964844,455.1000061035156,454.8999938964844,455.0,1600
2026-10-05 15:06:00,1791180360,8572.T,455.0,455.29998779296875,454.8999938964844,455.0,10300
2026-10-05 15:07:00,1791180420,8572.T,455.20001220703125,455.20001220703125,455.0,455.20001220703125,1900
2026-10-05 15:08:00,1791180480,8572.T,455.20001220703125,455.29998779296875,455.0,455.29998779296875,8400
2026-10-05 15:09:00,1791180540,8572.T,455.1000061035156,455.3999938964844,455.1000061035156,455.3999938964844,5900
2026-10-05 15:10:00,1791180600,8572.T,455.3999938964844,455.5,455.0,455.20001220703125,22700
2026-10-05 15:11:00,1791180660,8572.T,455.3999938964844,455.3999938964844,455.29998779296875,455.3999938964844,1000
2026-10-05 15:12:00,1791180720,8572.T,455.3999938964844,455.5,455.29998779296875,455.5,3900
2026-10-05 15:13:00,1791180780,8572.T,455.5,455.6000061035156,455.5,455.6000061035156,900
2026-10-05 15:14:00,1791180840,8572.T,455.5,455.79998779296875,455.29998779296875,455.29998779296875,13000
2026-10-05 15:15:00,1791180900,8572.T,455.29998779296875,455.5,455.0,455.29998779296875,24300
2026-10-05 15:16:00,1791180960,8572.T,455.1000061035156,455.29998779296875,455.0,455.29998779296875,11100
2026-10-05 15:17:00,1791181020,8572.T,455.20001220703125,455.29998779296875,455.1000061035156,455.29998779296875,2900
2026-10-05 15:18:00,1791181080,8572.T,455.20001220703125,455.3999938964844,455.1000061035156,455.3999938964844,8700
2026-10-05 15:19:00,1791181140,8572.T,455.3999938964844,455.5,455.20001220703125,455.3999938964844,4600
2026-10-05 15:20:00,1791181200,8572.T,455.3999938964844,455.6000061035156,454.70001220703125,455.1000061035156,39100
2026-10-05 15:21:00,1791181260,8572.T,455.1000061035156,455.1000061035156,454.70001220703125,455.0,11700
2026-10-05 15:22:00,1791181320,8572.T,455.1000061035156,455.3999938964844,454.8999938964844,455.3999938964844,11500
2026-10-05 15:23:00,1791181380,8572.T,455.3999938964844,455.3999938964844,455.20001220703125,455.3999938964844,3800
2026-10-05 15:24:00,1791181440,8572.T,455.29998779296875,455.5,455.1000061035156,455.3999938964844,7200
2026-10-05 15:30:00,1791181800,8572.T,454.20001220703125,454.20001220703125,454.20001220703125,454.20001220703125,0
2026-10-06 09:05:00,1791245100,8572.T,454.79998779296875,454.79998779296875,454.6000061035156,454.6000061035156,0
2026-10-06 09:06:00,1791245160,8572.T,454.79998779296875,455.0,454.79998779296875,454.79998779296875,4600
2026-10-06 09:07:00,1791245220,8572.T,454.79998779296875,454.79998779296875,454.70001220703125,454.70001220703125,2700
2026-10-06 09:08:00,1791245280,8572.T,454.6000061035156,455.3999938964844,454.6000061035156,455.3999938964844,6700
2026-10-06 09:09:00,1791245340,8572.T,455.5,456.0,455.5,456.0,1400
2026-10-06 09:10:00,1791245400,8572.T,456.0,456.20001220703125,456.0,456.20001220703125,1800
2026-10-06 09:11:00,1791245460,8572.T,456.29998779296875,456.70001220703125,456.29998779296875,456.5,3700
2026-10-06 09:12:00,1791245520,8572.T,456.6000061035156,456.6000061035156,456.3999938964844,456.3999938964844,1000
2026-10-06 09:13:00,1791245580,8572.T,456.3999938964844,456.5,455.8999938964844,456.20001220703125,10500
2026-10-06 09:14:00,1791245640,8572.T,455.79998779296875,455.79998779296875,455.70001220703125,455.70001220703125,400
2026-10-06 09:16:00,1791245760,8572.T,455.79998779296875,456.1000061035156,455.70001220703125,456.0,5800
2026-10-06 09:17:00,1791245820,8572.T,456.0,456.5,456.0,456.5,4600
2026-10-06 09:18:00,1791245880,8572.T,456.5,456.6000061035156,456.5,456.5,3100
2026-10-06 09:19:00,1791245940,8572.T,456.6000061035156,456.6000061035156,456.5,456.6000061035156,2100
2026-10-06 09:20:00,1791246000,8572.T,456.5,456.5,456.20001220703125,456.20001220703125,3800
2026-10-06 09:21:00,1791246060,8572.T,456.20001220703125,456.8999938964844,456.1000061035156,456.79998779296875,15000
2026-10-06 09:22:00,1791246120,8572.T,456.8999938964844,457.29998779296875,456.70001220703125,456.79998779296875,8100
2026-10-06 09:23:00,1791246180,8572.T,456.6000061035156,456.70001220703125,456.6000061035156,456.70001220703125,1000
2026-10-06 09:24:00,1791246240,8572.T,456.70001220703125,456.70001220703125,456.5,456.5,1900
2026-10-06 09:25:00,1791246300,8572.T,456.6000061035156,456.79998779296875,456.6000061035156,456.70001220703125,4600
2026-10-06 09:26:00,1791246360,8572.T,456.6000061035156,456.6000061035156,456.3999938964844,456.3999938964844,2100
2026-10-06 09:27:00,1791246420,8572.T,456.3999938964844,456.70001220703125,456.29998779296875,456.70001220703125,2400
2026-10-06 09:28:00,1791246480,8572.T,456.79998779296875,457.0,456.79998779296875,456.8999938964844,2200
2026-10-06 09:29:00,1791246540,8572.T,456.8999938964844,457.0,456.8999938964844,456.8999938964844,500
2026-10-06 09:30:00,1791246600,8572.T,456.8999938964844,457.29998779296875,456.8999938964844,457.29998779296875,3100
2026-10-06 09:31:00,1791246660,8572.T,457.3999938964844,457.3999938964844,457.29998779296875,457.29998779296875,2100
2026-10-06 09:32:00,1791246720,8572.T,457.29998779296875,457.3999938964844,457.29998779296875,457.3999938964844,500
2026-10-06 09:33:00,1791246780,8572.T,457.29998779296875,457.29998779296875,457.20001220703125,457.20001220703125,1700
2026-10-06 09:34:00,1791246840,8572.T,457.1000061035156,457.20001220703125,457.1000061035156,457.20001220703125,2100
2026-10-06 09:35:00,1791246900,8572.T,457.20001220703125,457.29998779296875,457.1000061035156,457.1000061035156,1500
2026-10-06 09:36:00,1791246960,8572.T,457.0,457.0,456.79998779296875,456.79998779296875,2600
2026-10-06 09:37:00,1791247020,8572.T,456.70001220703125,456.70001220703125,456.70001220703125,456.70001220703125,400
2026-10-06 09:38:00,1791247080,8572.T,456.6000061035156,456.6000061035156,456.6000061035156,456.6000061035156,200
2026-10-06 09:39:00,1791247140,8572.T,456.6000061035156,456.6000061035156,456.6000061035156,456.6000061035156,700
2026-10-06 09:40:00,1791247200,8572.T,456.70001220703125,457.1000061035156,456.3999938964844,456.5,14000
2026-10-06 09:41:00,1791247260,8572.T,456.3999938964844,456.3999938964844,456.29998779296875,456.3999938964844,1100
2026-10-06 09:42:00,1791247320,8572.T,456.3999938964844,456.6000061035156,456.3999938964844,456.6000061035156,4400
2026-10-06 09:43:00,1791247380,8572.T,456.70001220703125,457.29998779296875,456.70001220703125,457.1000061035156,6900
2026-10-06 09:44:00,1791247440,8572.T,457.1000061035156,457.1000061035156,456.8999938964844,456.8999938964844,2600
2026-10-06 09:45:00,1791247500,8572.T,457.20001220703125,457.20001220703125,457.20001220703125,457.20001220703125,400
2026-10-06 09:46:00,1791247560,8572.T,457.20001220703125,457.5,457.20001220703125,457.3999938964844,5200
2026-10-06 09:47:00,1791247620,8572.T,457.29998779296875,457.29998779296875,457.29998779296875,457.29998779296875,300
2026-10-06 09:48:00,1791247680,8572.T,457.29998779296875,458.8999938964844,457.29998779296875,458.8999938964844,43700
2026-10-06 09:49:00,1791247740,8572.T,458.8999938964844,459.29998779296875,458.5,458.8999938964844,29300
2026-10-06 09:50:00,1791247800,8572.T,458.8999938964844,459.1000061035156,458.3999938964844,458.3999938964844,4300
2026-10-06 09:51:00,1791247860,8572.T,458.3999938964844,458.70001220703125,458.20001220703125,458.3999938964844,15700
2026-10-06 09:52:00,1791247920,8572.T,458.1000061035156,458.79998779296875,458.1000061035156,458.79998779296875,5800
2026-10-06 09:53:00,1791247980,8572.T,458.6000061035156,458.6000061035156,458.6000061035156,458.6000061035156,300
2026-10-06 09:54:00,1791248040,8572.T,458.5,458.5,458.1000061035156,458.1000061035156,2500
2026-10-06 09:55:00,1791248100,8572.T,458.0,458.0,457.8999938964844,457.8999938964844,4100
2026-10-06 09:57:00,1791248220,8572.T,457.8999938964844,457.8999938964844,457.6000061035156,457.79998779296875,5800
2026-10-06 09:58:00,1791248280,8572.T,457.79998779296875,457.79998779296875,457.79998779296875,457.79998779296875,400
2026-10-06 09:59:00,1791248340,8572.T,457.79998779296875,457.8999938964844,457.79998779296875,457.79998779296875,2800
2026-10-06 10:00:00,1791248400,8572.T,457.8999938964844,458.29998779296875,457.8999938964844,458.29998779296875,4600
2026-10-06 10:01:00,1791248460,8572.T,458.20001220703125,458.3999938964844,458.20001220703125,458.3999938964844,1800
2026-10-06 10:02:00,1791248520,8572.T,458.20001220703125,458.20001220703125,458.1000061035156,458.1000061035156,1400
2026-10-06 10:03:00,1791248580,8572.T,458.20001220703125,458.6000061035156,458.20001220703125,458.6000061035156,3400
2026-10-06 10:05:00,1791248700,8572.T,458.6000061035156,458.79998779296875,458.29998779296875,458.29998779296875,6600
2026-10-06 10:06:00,1791248760,8572.T,458.29998779296875,458.29998779296875,458.29998779296875,458.29998779296875,300
2026-10-06 10:08:00,1791248880,8572.T,458.29998779296875,458.5,458.20001220703125,458.5,6900
2026-10-06 10:09:00,1791248940,8572.T,458.6000061035156,458.6000061035156,458.6000061035156,458.6000061035156,1800
2026-10-06 10:10:00,1791249000,8572.T,458.6000061035156,458.6000061035156,458.6000061035156,458.6000061035156,100
2026-10-06 10:11:00,1791249060,8572.T,458.6000061035156,458.79998779296875,458.6000061035156,458.70001220703125,1200
2026-10-06 10:12:00,1791249120,8572.T,458.79998779296875,458.8999938964844,458.70001220703125,458.79998779296875,2200
2026-10-06 10:13:00,1791249180,8572.T,458.8999938964844,458.8999938964844,458.6000061035156,458.6000061035156,3000
2026-10-06 10:14:00,1791249240,8572.T,458.70001220703125,458.79998779296875,458.70001220703125,458.79998779296875,3800
2026-10-06 10:15:00,1791249300,8572.T,458.70001220703125,458.70001220703125,458.6000061035156,458.6000061035156,2000
2026-10-06 10:16:00,1791249360,8572.T,458.70001220703125,458.70001220703125,458.6000061035156,458.6000061035156,500
2026-10-06 10:17:00,1791249420,8572.T,458.70001220703125,458.8999938964844,458.70001220703125,458.8999938964844,3400
2026-10-06 10:18:00,1791249480,8572.T,458.70001220703125,458.70001220703125,458.70001220703125,458.70001220703125,600
2026-10-06 10:19:00,1791249540,8572.T,458.70001220703125,458.70001220703125,458.70001220703125,458.70001220703125,600
2026-10-06 10:20:00,1791249600,8572.T,458.70001220703125,458.70001220703125,458.6000061035156,458.6000061035156,1700
2026-10-06 10:21:00,1791249660,8572.T,458.79998779296875,458.79998779296875,458.6000061035156,458.6000061035156,3800
2026-10-06 10:22:00,1791249720,8572.T,458.5,458.5,458.5,458.5,1100
2026-10-06 10:23:00,1791249780,8572.T,458.3999938964844,458.3999938964844,458.3999938964844,458.3999938964844,1000
2026-10-06 10:24:00,1791249840,8572.T,458.3999938964844,458.5,458.29998779296875,458.5,7500
2026-10-06 10:25:00,1791249900,8572.T,458.6000061035156,458.70001220703125,458.5,458.70001220703125,1300
2026-10-06 10:26:00,1791249960,8572.T,458.6000061035156,458.6000061035156,458.6000061035156,458.6000061035156,400
2026-10-06 10:27:00,1791250020,8572.T,458.70001220703125,458.70001220703125,458.70001220703125,458.70001220703125,2300
2026-10-06 10:28:00,1791250080,8572.T,458.70001220703125,458.79998779296875,458.70001220703125,458.70001220703125,300
2026-10-06 10:29:00,1791250140,8572.T,458.70001220703125,459.20001220703125,458.70001220703125,459.20001220703125,9700
2026-10-06 10:30:00,1791250200,8572.T,459.0,459.20001220703125,459.0,459.0,1500
2026-10-06 10:31:00,1791250260,8572.T,459.0,459.0,459.0,459.0,700
2026-10-06 10:32:00,1791250320,8572.T,459.0,459.3999938964844,458.8999938964844,459.3999938964844,23300
2026-10-06 10:33:00,1791250380,8572.T,459.3999938964844,459.5,459.3999938964844,459.5,3000
2026-10-06 10:34:00,1791250440,8572.T,459.3999938964844,459.5,459.3999938964844,459.5,1300
2026-10-06 10:35:00,1791250500,8572.T,459.3999938964844,459.3999938964844,459.29998779296875,459.29998779296875,600
2026-10-06 10:36:00,1791250560,8572.T,459.20001220703125,459.20001220703125,459.20001220703125,459.20001220703125,1300
2026-10-06 10:37:00,1791250620,8572.T,459.29998779296875,459.29998779296875,459.1000061035156,459.1000061035156,2800
2026-10-06 10:38:00,1791250680,8572.T,459.1000061035156,459.20001220703125,459.1000061035156,459.20001220703125,2900
2026-10-06 10:40:00,1791250800,8572.T,459.29998779296875,459.29998779296875,459.29998779296875,459.29998779296875,2500
2026-10-06 10:41:00,1791250860,8572.T,459.3999938964844,459.3999938964844,459.3999938964844,459.3999938964844,2600
2026-10-06 10:42:00,1791250920,8572.T,459.5,459.70001220703125,459.3999938964844,459.6000061035156,5900
2026-10-06 10:43:00,1791250980,8572.T,459.6000061035156,459.70001220703125,459.6000061035156,459.70001220703125,400
2026-10-06 10:44:00,1791251040,8572.T,459.6000061035156,459.6000061035156,459.6000061035156,459.6000061035156,800
2026-10-06 10:45:00,1791251100,8572.T,459.6000061035156,459.79998779296875,459.6000061035156,459.79998779296875,4900
2026-10-06 10:46:00,1791251160,8572.T,459.79998779296875,459.79998779296875,459.79998779296875,459.79998779296875,100
2026-10-06 10:47:00,1791251220,8572.T,459.79998779296875,460.6000061035156,459.79998779296875,460.20001220703125,59600
2026-10-06 10:48:00,1791251280,8572.T,460.29998779296875,460.29998779296875,460.0,460.0,4000
2026-10-06 10:49:00,1791251340,8572.T,460.0,460.20001220703125,459.8999938964844,460.1000061035156,7900
2026-10-06 10:50:00,1791251400,8572.T,460.20001220703125,460.5,460.0,460.3999938964844,24900
2026-10-06 10:51:00,1791251460,8572.T,460.3999938964844,460.70001220703125,460.3999938964844,460.70001220703125,6200
2026-10-06 10:52:00,1791251520,8572.T,460.5,460.5,460.5,460.5,100
2026-10-06 10:53:00,1791251580,8572.T,460.3999938964844,460.3999938964844,460.29998779296875,460.29998779296875,2100
2026-10-06 10:54:00,1791251640,8572.T,460.20001220703125,460.29998779296875,460.1000061035156,460.29998779296875,1700
2026-10-06 10:55:00,1791251700,8572.T,460.20001220703125,460.20001220703125,460.1000061035156,460.20001220703125,1200
2026-10-06 10:56:00,1791251760,8572.T,460.0,460.0,459.8999938964844,459.8999938964844,2000
2026-10-06 10:57:00,1791251820,8572.T,460.0,460.20001220703125,460.0,460.20001220703125,4300
2026-10-06 10:58:00,1791251880,8572.T,460.20001220703125,460.20001220703125,460.1000061035156,460.1000061035156,2800
2026-10-06 10:59:00,1791251940,8572.T,460.1000061035156,460.29998779296875,460.1000061035156,460.20001220703125,1200
2026-10-06 11:00:00,1791252000,8572.T,460.1000061035156,460.20001220703125,460.0,460.20001220703125,3400
2026-10-06 11:01:00,1791252060,8572.T,460.1000061035156,460.1000061035156,460.1000061035156,460.1000061035156,400
2026-10-06 11:02:00,1791252120,8572.T,460.1000061035156,460.29998779296875,460.1000061035156,460.29998779296875,3900
2026-10-06 11:03:00,1791252180,8572.T,460.20001220703125,460.20001220703125,460.20001220703125,460.20001220703125,600
2026-10-06 11:04:00,1791252240,8572.T,460.20001220703125,460.20001220703125,460.20001220703125,460.20001220703125,1200
2026-10-06 11:05:00,1791252300,8572.T,460.20001220703125,460.20001220703125,460.20001220703125,460.20001220703125,600
2026-10-06 11:06:00,1791252360,8572.T,460.29998779296875,460.3999938964844,460.20001220703125,460.20001220703125,4100
2026-10-06 11:07:00,1791252420,8572.T,460.3999938964844,460.3999938964844,460.29998779296875,460.29998779296875,200
2026-10-06 11:08:00,1791252480,8572.T,460.29998779296875,460.29998779296875,460.20001220703125,460.20001220703125,900
2026-10-06 11:09:00,1791252540,8572.T,460.20001220703125,460.20001220703125,460.20001220703125,460.20001220703125,3600
2026-10-06 11:10:00,1791252600,8572.T,460.1000061035156,460.1000061035156,460.1000061035156,460.1000061035156,700
2026-10-06 11:11:00,1791252660,8572.T,460.20001220703125,460.20001220703125,460.1000061035156,460.1000061035156,3100
2026-10-06 11:14:00,1791252840,8572.T,460.20001220703125,460.29998779296875,460.20001220703125,460.29998779296875,2700
2026-10-06 11:15:00,1791252900,8572.T,460.3999938964844,460.6000061035156,460.3999938964844,460.6000061035156,4700
2026-10-06 11:16:00,1791252960,8572.T,460.5,460.5,460.5,460.5,300
2026-10-06 11:17:00,1791253020,8572.T,460.5,460.5,460.5,460.5,800
2026-10-06 11:18:00,1791253080,8572.T,460.5,462.1000061035156,459.1000061035156,459.1000061035156,287400
2026-10-06 11:19:00,1791253140,8572.T,459.20001220703125,459.3999938964844,459.20001220703125,459.29998779296875,11000
2026-10-06 11:20:00,1791253200,8572.T,459.3999938964844,460.1000061035156,459.20001220703125,459.6000061035156,82000
2026-10-06 11:21:00,1791253260,8572.T,459.5,459.79998779296875,459.5,459.79998779296875,4100
2026-10-06 11:23:00,1791253380,8572.T,459.8999938964844,460.29998779296875,459.8999938964844,460.20001220703125,3400
2026-10-06 11:24:00,1791253440,8572.T,460.5,460.70001220703125,460.5,460.5,6300
2026-10-06 11:25:00,1791253500,8572.T,460.5,460.5,460.0,460.1000061035156,7700
2026-10-06 11:26:00,1791253560,8572.T,460.0,460.0,459.70001220703125,459.70001220703125,4100
2026-10-06 11:27:00,1791253620,8572.T,459.70001220703125,459.70001220703125,459.5,459.6000061035156,3400
2026-10-06 11:28:00,1791253680,8572.T,459.5,459.5,459.20001220703125,459.20001220703125,1800
2026-10-06 11:30:00,1791253800,8572.T,459.20001220703125,459.20001220703125,459.20001220703125,459.20001220703125,200
2026-10-06 12:30:00,1791257400,8572.T,458.8999938964844,459.0,458.29998779296875,458.29998779296875,46100
2026-10-06 12:31:00,1791257460,8572.T,458.29998779296875,458.29998779296875,458.20001220703125,458.29998779296875,1800
2026-10-06 12:32:00,1791257520,8572.T,458.29998779296875,458.3999938964844,458.20001220703125,458.29998779296875,7900
2026-10-06 12:33:00,1791257580,8572.T,458.29998779296875,458.29998779296875,458.29998779296875,458.29998779296875,600
2026-10-06 12:34:00,1791257640,8572.T,458.20001220703125,458.20001220703125,457.70001220703125,457.70001220703125,12500
2026-10-06 12:35:00,1791257700,8572.T,457.79998779296875,458.0,457.79998779296875,458.0,2500
2026-10-06 12:36:00,1791257760,8572.T,457.8999938964844,457.8999938964844,457.8999938964844,457.8999938964844,500
2026-10-06 12:37:00,1791257820,8572.T,457.8999938964844,457.8999938964844,457.8999938964844,457.8999938964844,300
2026-10-06 12:38:00,1791257880,8572.T,457.8999938964844,457.8999938964844,457.6000061035156,457.6000061035156,2200
2026-10-06 12:39:00,1791257940,8572.T,457.6000061035156,457.70001220703125,457.6000061035156,457.70001220703125,3000
2026-10-06 12:40:00,1791258000,8572.T,457.79998779296875,457.79998779296875,457.6000061035156,457.6000061035156,1600
2026-10-06 12:41:00,1791258060,8572.T,457.70001220703125,458.0,457.70001220703125,457.8999938964844,11400
2026-10-06 12:42:00,1791258120,8572.T,458.0,458.0,458.0,458.0,200
2026-10-06 12:44:00,1791258240,8572.T,457.8999938964844,458.0,457.8999938964844,458.0,4300
2026-10-06 12:45:00,1791258300,8572.T,457.8999938964844,457.8999938964844,457.8999938964844,457.8999938964844,100
2026-10-06 12:46:00,1791258360,8572.T,457.8999938964844,458.0,457.8999938964844,458.0,1000
2026-10-06 12:47:00,1791258420,8572.T,457.8999938964844,458.0,457.8999938964844,458.0,2100
2026-10-06 12:48:00,1791258480,8572.T,457.79998779296875,457.79998779296875,457.70001220703125,457.70001220703125,900
2026-10-06 12:49:00,1791258540,8572.T,457.70001220703125,458.0,457.70001220703125,458.0,5300
2026-10-06 12:50:00,1791258600,8572.T,458.1000061035156,458.20001220703125,458.1000061035156,458.20001220703125,2300
2026-10-06 12:51:00,1791258660,8572.T,458.20001220703125,458.20001220703125,458.20001220703125,458.20001220703125,400
2026-10-06 12:52:00,1791258720,8572.T,458.20001220703125,458.20001220703125,458.20001220703125,458.20001220703125,100
2026-10-06 12:53:00,1791258780,8572.T,458.20001220703125,458.20001220703125,458.0,458.20001220703125,2400
2026-10-06 12:54:00,1791258840,8572.T,458.0,458.0,458.0,458.0,1500
2026-10-06 12:55:00,1791258900,8572.T,458.1000061035156,458.1000061035156,458.1000061035156,458.1000061035156,5200
2026-10-06 12:56:00,1791258960,8572.T,458.20001220703125,458.20001220703125,458.20001220703125,458.20001220703125,4100
2026-10-06 12:57:00,1791259020,8572.T,458.20001220703125,458.20001220703125,458.20001220703125,458.20001220703125,1000
2026-10-06 12:58:00,1791259080,8572.T,458.20001220703125,458.20001220703125,458.20001220703125,458.20001220703125,1300
2026-10-06 12:59:00,1791259140,8572.T,458.20001220703125,458.20001220703125,458.20001220703125,458.20001220703125,700
2026-10-06 13:00:00,1791259200,8572.T,458.1000061035156,458.20001220703125,457.79998779296875,457.79998779296875,4200
2026-10-06 13:02:00,1791259320,8572.T,457.79998779296875,457.79998779296875,457.79998779296875,457.79998779296875,1000
2026-10-06 13:03:00,1791259380,8572.T,457.8999938964844,458.0,457.8999938964844,457.8999938964844,4400
2026-10-06 13:05:00,1791259500,8572.T,458.0,458.0,458.0,458.0,2500
2026-10-06 13:06:00,1791259560,8572.T,458.0,458.0,458.0,458.0,900
2026-10-06 13:07:00,1791259620,8572.T,457.79998779296875,457.8999938964844,457.70001220703125,457.8999938964844,5300
2026-10-06 13:08:00,1791259680,8572.T,457.8999938964844,457.8999938964844,457.79998779296875,457.8999938964844,1400
2026-10-06 13:10:00,1791259800,8572.T,457.79998779296875,457.8999938964844,457.79998779296875,457.8999938964844,600
2026-10-06 13:11:00,1791259860,8572.T,457.8999938964844,457.8999938964844,457.6000061035156,457.6000061035156,4000
2026-10-06 13:12:00,1791259920,8572.T,457.6000061035156,457.6000061035156,457.6000061035156,457.6000061035156,300
2026-10-06 13:13:00,1791259980,8572.T,457.6000061035156,457.70001220703125,457.6000061035156,457.6000061035156,1600
2026-10-06 13:14:00,1791260040,8572.T,457.5,457.5,457.3999938964844,457.3999938964844,5800
2026-10-06 13:15:00,1791260100,8572.T,457.6000061035156,457.6000061035156,457.6000061035156,457.6000061035156,2900
2026-10-06 13:16:00,1791260160,8572.T,457.6000061035156,457.6000061035156,457.6000061035156,457.6000061035156,900
2026-10-06 13:17:00,1791260220,8572.T,457.70001220703125,457.79998779296875,457.70001220703125,457.70001220703125,4800
2026-10-06 13:18:00,1791260280,8572.T,457.8999938964844,458.1000061035156,457.8999938964844,458.1000061035156,30000
2026-10-06 13:19:00,1791260340,8572.T,458.1000061035156,458.1000061035156,458.1000061035156,458.1000061035156,1200
2026-10-06 13:20:00,1791260400,8572.T,458.20001220703125,458.3999938964844,458.20001220703125,458.3999938964844,8600
2026-10-06 13:21:00,1791260460,8572.T,458.3999938964844,458.6000061035156,458.3999938964844,458.6000061035156,3600
2026-10-06 13:22:00,1791260520,8572.T,458.6000061035156,458.70001220703125,458.6000061035156,458.70001220703125,1600
2026-10-06 13:23:00,1791260580,8572.T,458.5,458.5,458.5,458.5,300
2026-10-06 13:24:00,1791260640,8572.T,458.70001220703125,458.70001220703125,458.70001220703125,458.70001220703125,1300
2026-10-06 13:25:00,1791260700,8572.T,458.70001220703125,458.8999938964844,458.5,458.5,10500
2026-10-06 13:26:00,1791260760,8572.T,458.3999938964844,458.3999938964844,458.3999938964844,458.3999938964844,500
2026-10-06 13:27:00,1791260820,8572.T,458.5,458.79998779296875,458.5,458.6000061035156,21500
2026-10-06 13:29:00,1791260940,8572.T,458.6000061035156,458.6000061035156,458.6000061035156,458.6000061035156,100
2026-10-06 13:30:00,1791261000,8572.T,458.6000061035156,458.6000061035156,458.6000061035156,458.6000061035156,200
2026-10-06 13:31:00,1791261060,8572.T,458.6000061035156,458.6000061035156,458.6000061035156,458.6000061035156,1100
2026-10-06 13:32:00,1791261120,8572.T,458.5,458.5,458.29998779296875,458.29998779296875,1600
2026-10-06 13:33:00,1791261180,8572.T,458.29998779296875,458.3999938964844,458.20001220703125,458.20001220703125,9900
2026-10-06 13:34:00,1791261240,8572.T,458.29998779296875,458.29998779296875,458.29998779296875,458.29998779296875,1900
2026-10-06 13:35:00,1791261300,8572.T,458.20001220703125,458.20001220703125,458.20001220703125,458.20001220703125,100
2026-10-06 13:37:00,1791261420,8572.T,458.29998779296875,458.29998779296875,458.20001220703125,458.20001220703125,800
2026-10-06 13:38:00,1791261480,8572.T,458.20001220703125,458.29998779296875,458.20001220703125,458.29998779296875,2300
2026-10-06 13:39:00,1791261540,8572.T,458.20001220703125,458.29998779296875,458.20001220703125,458.29998779296875,600
2026-10-06 13:40:00,1791261600,8572.T,458.29998779296875,458.29998779296875,458.20001220703125,458.29998779296875,1600
2026-10-06 13:41:00,1791261660,8572.T,458.20001220703125,458.29998779296875,458.20001220703125,458.29998779296875,600
2026-10-06 13:42:00,1791261720,8572.T,458.20001220703125,458.29998779296875,458.20001220703125,458.29998779296875,800
2026-10-06 13:43:00,1791261780,8572.T,458.29998779296875,458.3999938964844,458.29998779296875,458.3999938964844,4400
2026-10-06 13:44:00,1791261840,8572.T,458.29998779296875,458.29998779296875,458.29998779296875,458.29998779296875,400
2026-10-06 13:45:00,1791261900,8572.T,458.20001220703125,458.20001220703125,458.0,458.0,9600
2026-10-06 13:46:00,1791261960,8572.T,458.0,458.20001220703125,458.0,458.1000061035156,6100
2026-10-06 13:49:00,1791262140,8572.T,458.1000061035156,458.1000061035156,458.1000061035156,458.1000061035156,200
2026-10-06 13:50:00,1791262200,8572.T,458.0,458.0,458.0,458.0,700
2026-10-06 13:51:00,1791262260,8572.T,458.0,458.1000061035156,458.0,458.0,1100
2026-10-06 13:52:00,1791262320,8572.T,458.0,458.1000061035156,457.8999938964844,457.8999938964844,6500
2026-10-06 13:53:00,1791262380,8572.T,457.8999938964844,457.8999938964844,457.79998779296875,457.8999938964844,1100
2026-10-06 13:54:00,1791262440,8572.T,457.79998779296875,458.0,457.79998779296875,458.0,3300
2026-10-06 13:55:00,1791262500,8572.T,457.79998779296875,458.0,457.79998779296875,457.79998779296875,2100
2026-10-06 13:56:00,1791262560,8572.T,457.8999938964844,458.20001220703125,457.8999938964844,458.20001220703125,6300
2026-10-06 13:57:00,1791262620,8572.T,458.1000061035156,458.20001220703125,458.1000061035156,458.20001220703125,1300
2026-10-06 13:58:00,1791262680,8572.T,458.0,458.29998779296875,457.8999938964844,458.29998779296875,5900
2026-10-06 13:59:00,1791262740,8572.T,458.29998779296875,458.3999938964844,458.29998779296875,458.3999938964844,1900
2026-10-06 14:00:00,1791262800,8572.T,458.3999938964844,459.0,458.3999938964844,458.70001220703125,21200
2026-10-06 14:01:00,1791262860,8572.T,458.5,458.70001220703125,458.5,458.70001220703125,500
2026-10-06 14:02:00,1791262920,8572.T,458.6000061035156,458.70001220703125,458.6000061035156,458.70001220703125,1900
2026-10-06 14:03:00,1791262980,8572.T,458.70001220703125,458.70001220703125,458.70001220703125,458.70001220703125,100
2026-10-06 14:04:00,1791263040,8572.T,458.79998779296875,458.79998779296875,458.79998779296875,458.79998779296875,200
2026-10-06 14:05:00,1791263100,8572.T,458.79998779296875,458.79998779296875,458.70001220703125,458.79998779296875,3900
2026-10-06 14:06:00,1791263160,8572.T,458.70001220703125,458.70001220703125,458.70001220703125,458.70001220703125,100
2026-10-06 14:07:00,1791263220,8572.T,458.70001220703125,458.70001220703125,458.70001220703125,458.70001220703125,300
2026-10-06 14:08:00,1791263280,8572.T,458.70001220703125,458.70001220703125,458.70001220703125,458.70001220703125,500
2026-10-06 14:09:00,1791263340,8572.T,458.70001220703125,458.70001220703125,458.5,458.5,5200
2026-10-06 14:10:00,1791263400,8572.T,458.5,458.5,458.3999938964844,458.3999938964844,2400
2026-10-06 14:12:00,1791263520,8572.T,458.3999938964844,458.5,458.3999938964844,458.3999938964844,1100
2026-10-06 14:13:00,1791263580,8572.T,458.3999938964844,458.6000061035156,458.3999938964844,458.6000061035156,4200
2026-10-06 14:15:00,1791263700,8572.T,458.5,458.6000061035156,458.5,458.5,800
2026-10-06 14:16:00,1791263760,8572.T,458.5,458.5,458.5,458.5,600
2026-10-06 14:17:00,1791263820,8572.T,458.5,458.70001220703125,458.5,458.70001220703125,7500
2026-10-06 14:18:00,1791263880,8572.T,458.70001220703125,458.70001220703125,458.70001220703125,458.70001220703125,200
2026-10-06 14:19:00,1791263940,8572.T,458.5,458.5,458.5,458.5,600
2026-10-06 14:20:00,1791264000,8572.T,458.6000061035156,458.6000061035156,458.6000061035156,458.6000061035156,2900
2026-10-06 14:21:00,1791264060,8572.T,458.6000061035156,458.6000061035156,458.3999938964844,458.3999938964844,5000
2026-10-06 14:22:00,1791264120,8572.T,458.5,458.6000061035156,458.5,458.6000061035156,5600
2026-10-06 14:24:00,1791264240,8572.T,458.70001220703125,458.70001220703125,458.5,458.6000061035156,3600
2026-10-06 14:25:00,1791264300,8572.T,458.6000061035156,458.6000061035156,458.3999938964844,458.6000061035156,8600
2026-10-06 14:26:00,1791264360,8572.T,458.6000061035156,458.70001220703125,458.6000061035156,458.70001220703125,4800
2026-10-06 14:27:00,1791264420,8572.T,458.70001220703125,458.70001220703125,458.70001220703125,458.70001220703125,2800
2026-10-06 14:28:00,1791264480,8572.T,458.70001220703125,458.70001220703125,458.6000061035156,458.6000061035156,300
2026-10-06 14:29:00,1791264540,8572.T,458.70001220703125,459.20001220703125,458.70001220703125,459.20001220703125,10100
2026-10-06 14:30:00,1791264600,8572.T,459.1000061035156,459.20001220703125,459.1000061035156,459.20001220703125,1700
2026-10-06 14:31:00,1791264660,8572.T,459.20001220703125,459.20001220703125,459.20001220703125,459.20001220703125,200
2026-10-06 14:32:00,1791264720,8572.T,459.20001220703125,459.29998779296875,459.1000061035156,459.20001220703125,8000
2026-10-06 14:33:00,1791264780,8572.T,459.20001220703125,459.20001220703125,459.20001220703125,459.20001220703125,300
2026-10-06 14:34:00,1791264840,8572.T,459.1000061035156,459.1000061035156,459.0,459.0,3900
2026-10-06 14:35:00,1791264900,8572.T,459.0,459.1000061035156,459.0,459.1000061035156,900
2026-10-06 14:36:00,1791264960,8572.T,459.0,459.0,458.8999938964844,458.8999938964844,1600
2026-10-06 14:37:00,1791265020,8572.T,458.79998779296875,458.79998779296875,458.70001220703125,458.79998779296875,4900
2026-10-06 14:38:00,1791265080,8572.T,458.8999938964844,458.8999938964844,458.8999938964844,458.8999938964844,800
2026-10-06 14:39:00,1791265140,8572.T,458.8999938964844,458.8999938964844,458.79998779296875,458.79998779296875,600
2026-10-06 14:40:00,1791265200,8572.T,458.8999938964844,459.0,458.79998779296875,459.0,6100
2026-10-06 14:42:00,1791265320,8572.T,459.0,459.0,458.8999938964844,458.8999938964844,500
2026-10-06 14:43:00,1791265380,8572.T,458.8999938964844,458.8999938964844,458.8999938964844,458.8999938964844,3000
2026-10-06 14:44:00,1791265440,8572.T,459.0,459.29998779296875,459.0,459.20001220703125,9100
2026-10-06 14:45:00,1791265500,8572.T,459.20001220703125,459.29998779296875,459.20001220703125,459.29998779296875,1100
2026-10-06 14:46:00,1791265560,8572.T,459.1000061035156,459.1000061035156,459.1000061035156,459.1000061035156,1500
2026-10-06 14:47:00,1791265620,8572.T,459.0,459.0,459.0,459.0,1200
2026-10-06 14:48:00,1791265680,8572.T,459.0,459.1000061035156,459.0,459.1000061035156,700
2026-10-06 14:49:00,1791265740,8572.T,459.0,459.0,459.0,459.0,1000
2026-10-06 14:50:00,1791265800,8572.T,459.0,459.1000061035156,459.0,459.1000061035156,1400
2026-10-06 14:51:00,1791265860,8572.T,459.1000061035156,459.1000061035156,459.0,459.0,800
2026-10-06 14:52:00,1791265920,8572.T,459.0,459.0,459.0,459.0,700
2026-10-06 14:53:00,1791265980,8572.T,459.1000061035156,459.20001220703125,459.1000061035156,459.20001220703125,4500
2026-10-06 14:54:00,1791266040,8572.T,459.20001220703125,459.20001220703125,459.20001220703125,459.20001220703125,300
2026-10-06 14:55:00,1791266100,8572.T,459.1000061035156,459.1000061035156,459.0,459.1000061035156,1000
2026-10-06 14:56:00,1791266160,8572.T,459.1000061035156,459.1000061035156,459.0,459.0,500
2026-10-06 14:57:00,1791266220,8572.T,459.0,459.0,459.0,459.0,700
2026-10-06 14:58:00,1791266280,8572.T,459.0,459.0,459.0,459.0,700
2026-10-06 14:59:00,1791266340,8572.T,459.0,459.0,459.0,459.0,400
2026-10-06 15:00:00,1791266400,8572.T,459.0,459.0,458.8999938964844,459.0,6100
2026-10-06 15:01:00,1791266460,8572.T,459.0,459.1000061035156,459.0,459.1000061035156,3100
2026-10-06 15:02:00,1791266520,8572.T,459.1000061035156,459.1000061035156,459.0,459.0,800
2026-10-06 15:03:00,1791266580,8572.T,459.0,459.1000061035156,459.0,459.0,1000
2026-10-06 15:04:00,1791266640,8572.T,459.0,459.20001220703125,459.0,459.0,12700
2026-10-06 15:05:00,1791266700,8572.T,458.8999938964844,459.0,458.79998779296875,458.79998779296875,2500
2026-10-06 15:06:00,1791266760,8572.T,458.8999938964844,458.8999938964844,458.8999938964844,458.8999938964844,800
2026-10-06 15:07:00,1791266820,8572.T,458.8999938964844,459.1000061035156,458.8999938964844,459.0,9600
2026-10-06 15:08:00,1791266880,8572.T,459.0,459.1000061035156,459.0,459.1000061035156,2900
2026-10-06 15:09:00,1791266940,8572.T,459.0,459.5,459.0,459.20001220703125,13500
2026-10-06 15:10:00,1791267000,8572.T,459.3999938964844,459.3999938964844,459.3999938964844,459.3999938964844,2500
2026-10-06 15:11:00,1791267060,8572.T,459.29998779296875,459.29998779296875,459.29998779296875,459.29998779296875,3500
2026-10-06 15:12:00,1791267120,8572.T,459.29998779296875,459.29998779296875,459.29998779296875,459.29998779296875,1400
2026-10-06 15:13:00,1791267180,8572.T,459.3999938964844,459.3999938964844,459.3999938964844,459.3999938964844,300
2026-10-06 15:14:00,1791267240,8572.T,459.29998779296875,459.29998779296875,459.20001220703125,459.29998779296875,1400
2026-10-06 15:15:00,1791267300,8572.T,459.20001220703125,459.29998779296875,459.1000061035156,459.1000061035156,13000
2026-10-06 15:16:00,1791267360,8572.T,459.20001220703125,459.29998779296875,459.20001220703125,459.29998779296875,6100
2026-10-06 15:17:00,1791267420,8572.T,459.29998779296875,459.29998779296875,459.29998779296875,459.29998779296875,700
2026-10-06 15:18:00,1791267480,8572.T,459.29998779296875,459.3999938964844,459.20001220703125,459.3999938964844,5200
2026-10-06 15:19:00,1791267540,8572.T,459.29998779296875,459.70001220703125,459.29998779296875,459.5,13700
2026-10-06 15:20:00,1791267600,8572.T,459.6000061035156,460.0,459.6000061035156,459.79998779296875,11300
2026-10-06 15:21:00,1791267660,8572.T,459.79998779296875,459.8999938964844,459.70001220703125,459.70001220703125,5900
2026-10-06 15:22:00,1791267720,8572.T,459.8999938964844,459.8999938964844,459.6000061035156,459.8999938964844,10000
2026-10-06 15:23:00,1791267780,8572.T,460.0,460.0,459.70001220703125,459.79998779296875,6900
2026-10-06 15:24:00,1791267840,8572.T,460.0,460.0,459.6000061035156,459.8999938964844,10800
2026-10-06 15:30:00,1791268200,8572.T,459.5,459.5,459.5,459.5,0
