timestamp_jst,epoch,ticker,open,high,low,close,volume
2026-09-02 09:05:00,1788307500,9706.T,5810.0,5812.0,5799.0,5802.0,0
2026-09-02 09:06:00,1788307560,9706.T,5807.0,5815.0,5800.0,5808.0,3700
2026-09-02 09:07:00,1788307620,9706.T,5800.0,5814.0,5800.0,5807.0,3100
2026-09-02 09:08:00,1788307680,9706.T,5806.0,5813.0,5804.0,5813.0,1500
2026-09-02 09:09:00,1788307740,9706.T,5813.0,5813.0,5797.0,5803.0,2500
2026-09-02 09:10:00,1788307800,9706.T,5808.0,5808.0,5791.0,5791.0,3100
2026-09-02 09:11:00,1788307860,9706.T,5797.0,5800.0,5787.0,5787.0,1400
2026-09-02 09:12:00,1788307920,9706.T,5786.0,5796.0,5785.0,5785.0,2800
2026-09-02 09:13:00,1788307980,9706.T,5789.0,5789.0,5782.0,5788.0,1200
2026-09-02 09:14:00,1788308040,9706.T,5789.0,5789.0,5765.0,5765.0,5000
2026-09-02 09:15:00,1788308100,9706.T,5768.0,5777.0,5764.0,5774.0,7600
2026-09-02 09:16:00,1788308160,9706.T,5777.0,5782.0,5775.0,5779.0,2600
2026-09-02 09:17:00,1788308220,9706.T,5779.0,5782.0,5766.0,5766.0,1100
2026-09-02 09:18:00,1788308280,9706.T,5768.0,5769.0,5764.0,5764.0,1400
2026-09-02 09:19:00,1788308340,9706.T,5767.0,5777.0,5767.0,5769.0,1100
2026-09-02 09:20:00,1788308400,9706.T,5772.0,5779.0,5769.0,5779.0,1300
2026-09-02 09:21:00,1788308460,9706.T,5780.0,5785.0,5776.0,5776.0,1700
2026-09-02 09:22:00,1788308520,9706.T,5776.0,5782.0,5774.0,5775.0,1700
2026-09-02 09:23:00,1788308580,9706.T,5777.0,5780.0,5775.0,5775.0,900
2026-09-02 09:24:00,1788308640,9706.T,5778.0,5783.0,5768.0,5768.0,2600
2026-09-02 09:25:00,1788308700,9706.T,5769.0,5772.0,5764.0,5764.0,1800
2026-09-02 09:26:00,1788308760,9706.T,5762.0,5762.0,5747.0,5751.0,7300
2026-09-02 09:27:00,1788308820,9706.T,5750.0,5752.0,5750.0,5752.0,400
2026-09-02 09:28:00,1788308880,9706.T,5748.0,5758.0,5748.0,5749.0,1000
2026-09-02 09:29:00,1788308940,9706.T,5745.0,5756.0,5744.0,5748.0,3100
2026-09-02 09:30:00,1788309000,9706.T,5749.0,5749.0,5740.0,5749.0,6100
2026-09-02 09:31:00,1788309060,9706.T,5749.0,5755.0,5748.0,5755.0,2100
2026-09-02 09:32:00,1788309120,9706.T,5748.0,5764.0,5748.0,5756.0,2300
2026-09-02 09:33:00,1788309180,9706.T,5756.0,5764.0,5756.0,5764.0,1300
2026-09-02 09:34:00,1788309240,9706.T,5765.0,5766.0,5764.0,5766.0,800
2026-09-02 09:35:00,1788309300,9706.T,5764.0,5770.0,5763.0,5763.0,1100
2026-09-02 09:36:00,1788309360,9706.T,5762.0,5764.0,5760.0,5764.0,1400
2026-09-02 09:37:00,1788309420,9706.T,5760.0,5769.0,5754.0,5765.0,2300
2026-09-02 09:39:00,1788309540,9706.T,5761.0,5767.0,5754.0,5754.0,3800
2026-09-02 09:40:00,1788309600,9706.T,5752.0,5770.0,5747.0,5762.0,10300
2026-09-02 09:41:00,1788309660,9706.T,5762.0,5781.0,5762.0,5778.0,5600
2026-09-02 09:42:00,1788309720,9706.T,5775.0,5797.0,5775.0,5786.0,4200
2026-09-02 09:43:00,1788309780,9706.T,5790.0,5808.0,5790.0,5808.0,8200
2026-09-02 09:44:00,1788309840,9706.T,5804.0,5808.0,5800.0,5800.0,3000
2026-09-02 09:45:00,1788309900,9706.T,5799.0,5804.0,5797.0,5797.0,1200
2026-09-02 09:46:00,1788309960,9706.T,5796.0,5797.0,5787.0,5795.0,4500
2026-09-02 09:47:00,1788310020,9706.T,5798.0,5798.0,5792.0,5792.0,600
2026-09-02 09:48:00,1788310080,9706.T,5794.0,5803.0,5794.0,5799.0,3500
2026-09-02 09:49:00,1788310140,9706.T,5797.0,5800.0,5794.0,5798.0,900
2026-09-02 09:50:00,1788310200,9706.T,5799.0,5800.0,5796.0,5797.0,700
2026-09-02 09:51:00,1788310260,9706.T,5800.0,5800.0,5797.0,5797.0,1200
2026-09-02 09:52:00,1788310320,9706.T,5796.0,5796.0,5787.0,5787.0,900
2026-09-02 09:53:00,1788310380,9706.T,5787.0,5795.0,5787.0,5787.0,1200
2026-09-02 09:55:00,1788310500,9706.T,5785.0,5785.0,5782.0,5782.0,300
2026-09-02 09:56:00,1788310560,9706.T,5781.0,5785.0,5777.0,5781.0,2700
2026-09-02 09:57:00,1788310620,9706.T,5781.0,5781.0,5778.0,5778.0,400
2026-09-02 09:58:00,1788310680,9706.T,5779.0,5787.0,5779.0,5785.0,1300
2026-09-02 09:59:00,1788310740,9706.T,5787.0,5787.0,5780.0,5780.0,1100
2026-09-02 10:00:00,1788310800,9706.T,5782.0,5784.0,5782.0,5784.0,900
2026-09-02 10:01:00,1788310860,9706.T,5786.0,5796.0,5786.0,5789.0,1700
2026-09-02 10:02:00,1788310920,9706.T,5790.0,5792.0,5790.0,5790.0,700
2026-09-02 10:04:00,1788311040,9706.T,5788.0,5788.0,5788.0,5788.0,100
2026-09-02 10:06:00,1788311160,9706.T,5787.0,5787.0,5786.0,5786.0,400
2026-09-02 10:07:00,1788311220,9706.T,5786.0,5786.0,5786.0,5786.0,100
2026-09-02 10:08:00,1788311280,9706.T,5786.0,5791.0,5785.0,5786.0,1400
2026-09-02 10:09:00,1788311340,9706.T,5785.0,5785.0,5783.0,5784.0,400
2026-09-02 10:10:00,1788311400,9706.T,5788.0,5794.0,5788.0,5794.0,1000
2026-09-02 10:11:00,1788311460,9706.T,5794.0,5795.0,5788.0,5788.0,2000
2026-09-02 10:12:00,1788311520,9706.T,5784.0,5784.0,5784.0,5784.0,300
2026-09-02 10:13:00,1788311580,9706.T,5780.0,5782.0,5777.0,5782.0,700
2026-09-02 10:14:00,1788311640,9706.T,5783.0,5783.0,5783.0,5783.0,200
2026-09-02 10:15:00,1788311700,9706.T,5778.0,5780.0,5770.0,5777.0,3600
2026-09-02 10:16:00,1788311760,9706.T,5777.0,5777.0,5777.0,5777.0,100
2026-09-02 10:17:00,1788311820,9706.T,5775.0,5775.0,5775.0,5775.0,100
2026-09-02 10:18:00,1788311880,9706.T,5774.0,5774.0,5773.0,5773.0,800
2026-09-02 10:19:00,1788311940,9706.T,5774.0,5780.0,5774.0,5777.0,1400
2026-09-02 10:20:00,1788312000,9706.T,5775.0,5778.0,5770.0,5776.0,1400
2026-09-02 10:22:00,1788312120,9706.T,5772.0,5772.0,5767.0,5768.0,2400
2026-09-02 10:24:00,1788312240,9706.T,5768.0,5771.0,5767.0,5769.0,1600
2026-09-02 10:25:00,1788312300,9706.T,5766.0,5766.0,5764.0,5766.0,800
2026-09-02 10:26:00,1788312360,9706.T,5762.0,5766.0,5762.0,5765.0,800
2026-09-02 10:27:00,1788312420,9706.T,5763.0,5766.0,5763.0,5765.0,800
2026-09-02 10:28:00,1788312480,9706.T,5763.0,5770.0,5763.0,5768.0,3700
2026-09-02 10:29:00,1788312540,9706.T,5766.0,5766.0,5763.0,5766.0,500
2026-09-02 10:30:00,1788312600,9706.T,5766.0,5770.0,5766.0,5767.0,1000
2026-09-02 10:34:00,1788312840,9706.T,5768.0,5771.0,5768.0,5771.0,2600
2026-09-02 10:35:00,1788312900,9706.T,5772.0,5772.0,5760.0,5760.0,7100
2026-09-02 10:36:00,1788312960,9706.T,5762.0,5771.0,5756.0,5768.0,6000
2026-09-02 10:37:00,1788313020,9706.T,5766.0,5767.0,5766.0,5767.0,1100
2026-09-02 10:38:00,1788313080,9706.T,5769.0,5780.0,5769.0,5779.0,7000
2026-09-02 10:39:00,1788313140,9706.T,5778.0,5779.0,5773.0,5777.0,2800
2026-09-02 10:42:00,1788313320,9706.T,5775.0,5776.0,5774.0,5776.0,1100
2026-09-02 10:43:00,1788313380,9706.T,5774.0,5774.0,5771.0,5773.0,1100
2026-09-02 10:44:00,1788313440,9706.T,5770.0,5773.0,5768.0,5772.0,1400
2026-09-02 10:45:00,1788313500,9706.T,5769.0,5772.0,5768.0,5770.0,800
2026-09-02 10:46:00,1788313560,9706.T,5766.0,5766.0,5763.0,5763.0,700
2026-09-02 10:47:00,1788313620,9706.T,5763.0,5766.0,5763.0,5764.0,600
2026-09-02 10:48:00,1788313680,9706.T,5763.0,5765.0,5762.0,5765.0,1300
2026-09-02 10:49:00,1788313740,9706.T,5762.0,5762.0,5762.0,5762.0,200
2026-09-02 10:50:00,1788313800,9706.T,5760.0,5762.0,5758.0,5762.0,1500
2026-09-02 10:51:00,1788313860,9706.T,5760.0,5764.0,5759.0,5761.0,2700
2026-09-02 10:52:00,1788313920,9706.T,5760.0,5761.0,5760.0,5760.0,600
2026-09-02 10:53:00,1788313980,9706.T,5759.0,5761.0,5758.0,5759.0,2200
2026-09-02 10:56:00,1788314160,9706.T,5760.0,5766.0,5759.0,5762.0,3700
2026-09-02 10:57:00,1788314220,9706.T,5762.0,5762.0,5760.0,5761.0,1000
2026-09-02 10:58:00,1788314280,9706.T,5760.0,5762.0,5759.0,5759.0,1200
2026-09-02 10:59:00,1788314340,9706.T,5759.0,5760.0,5756.0,5759.0,3300
2026-09-02 11:00:00,1788314400,9706.T,5756.0,5758.0,5753.0,5753.0,2000
2026-09-02 11:01:00,1788314460,9706.T,5752.0,5753.0,5739.0,5749.0,15200
2026-09-02 11:02:00,1788314520,9706.T,5745.0,5745.0,5742.0,5742.0,1500
2026-09-02 11:03:00,1788314580,9706.T,5742.0,5743.0,5738.0,5742.0,3700
2026-09-02 11:04:00,1788314640,9706.T,5740.0,5740.0,5739.0,5739.0,200
2026-09-02 11:05:00,1788314700,9706.T,5738.0,5740.0,5736.0,5737.0,3800
2026-09-02 11:06:00,1788314760,9706.T,5739.0,5741.0,5739.0,5740.0,1600
2026-09-02 11:08:00,1788314880,9706.T,5737.0,5740.0,5736.0,5740.0,3400
2026-09-02 11:09:00,1788314940,9706.T,5739.0,5740.0,5738.0,5738.0,600
2026-09-02 11:10:00,1788315000,9706.T,5740.0,5741.0,5739.0,5739.0,800
2026-09-02 11:11:00,1788315060,9706.T,5738.0,5739.0,5736.0,5737.0,1800
2026-09-02 11:12:00,1788315120,9706.T,5736.0,5738.0,5736.0,5736.0,900
2026-09-02 11:13:00,1788315180,9706.T,5736.0,5737.0,5736.0,5737.0,200
2026-09-02 11:15:00,1788315300,9706.T,5735.0,5738.0,5734.0,5738.0,3100
2026-09-02 11:16:00,1788315360,9706.T,5737.0,5737.0,5734.0,5734.0,900
2026-09-02 11:17:00,1788315420,9706.T,5733.0,5739.0,5733.0,5737.0,2100
2026-09-02 11:18:00,1788315480,9706.T,5735.0,5735.0,5735.0,5735.0,200
2026-09-02 11:19:00,1788315540,9706.T,5734.0,5735.0,5733.0,5735.0,1300
2026-09-02 11:20:00,1788315600,9706.T,5734.0,5737.0,5734.0,5736.0,1300
2026-09-02 11:21:00,1788315660,9706.T,5735.0,5737.0,5735.0,5737.0,300
2026-09-02 11:22:00,1788315720,9706.T,5733.0,5735.0,5733.0,5735.0,400
2026-09-02 11:23:00,1788315780,9706.T,5732.0,5735.0,5732.0,5734.0,2200
2026-09-02 11:24:00,1788315840,9706.T,5734.0,5752.0,5734.0,5749.0,15900
2026-09-02 11:25:00,1788315900,9706.T,5746.0,5753.0,5744.0,5749.0,7800
2026-09-02 11:26:00,1788315960,9706.T,5747.0,5747.0,5741.0,5744.0,2300
2026-09-02 11:27:00,1788316020,9706.T,5740.0,5745.0,5740.0,5741.0,2400
2026-09-02 11:28:00,1788316080,9706.T,5742.0,5745.0,5738.0,5742.0,4000
2026-09-02 11:29:00,1788316140,9706.T,5739.0,5759.0,5739.0,5750.0,14700
2026-09-02 11:30:00,1788316200,9706.T,5741.0,5741.0,5741.0,5741.0,9200
2026-09-02 12:30:00,1788319800,9706.T,5755.0,5773.0,5712.0,5756.0,75300
2026-09-02 12:31:00,1788319860,9706.T,5751.0,5762.0,5743.0,5754.0,12900
2026-09-02 12:32:00,1788319920,9706.T,5750.0,5756.0,5749.0,5750.0,2800
2026-09-02 12:33:00,1788319980,9706.T,5747.0,5756.0,5744.0,5747.0,6600
2026-09-02 12:34:00,1788320040,9706.T,5746.0,5751.0,5742.0,5746.0,8800
2026-09-02 12:35:00,1788320100,9706.T,5743.0,5745.0,5737.0,5744.0,6200
2026-09-02 12:36:00,1788320160,9706.T,5740.0,5743.0,5739.0,5740.0,2100
2026-09-02 12:37:00,1788320220,9706.T,5741.0,5748.0,5739.0,5742.0,3400
2026-09-02 12:38:00,1788320280,9706.T,5741.0,5741.0,5734.0,5734.0,2600
2026-09-02 12:39:00,1788320340,9706.T,5733.0,5736.0,5731.0,5734.0,2900
2026-09-02 12:40:00,1788320400,9706.T,5731.0,5734.0,5730.0,5732.0,2700
2026-09-02 12:41:00,1788320460,9706.T,5732.0,5749.0,5732.0,5747.0,19800
2026-09-02 12:42:00,1788320520,9706.T,5744.0,5752.0,5743.0,5748.0,12100
2026-09-02 12:43:00,1788320580,9706.T,5749.0,5751.0,5749.0,5751.0,900
2026-09-02 12:44:00,1788320640,9706.T,5750.0,5753.0,5748.0,5752.0,2100
2026-09-02 12:45:00,1788320700,9706.T,5752.0,5763.0,5751.0,5757.0,12800
2026-09-02 12:46:00,1788320760,9706.T,5755.0,5756.0,5754.0,5754.0,1500
2026-09-02 12:47:00,1788320820,9706.T,5754.0,5762.0,5753.0,5760.0,4200
2026-09-02 12:48:00,1788320880,9706.T,5761.0,5772.0,5761.0,5766.0,8500
2026-09-02 12:49:00,1788320940,9706.T,5765.0,5766.0,5760.0,5764.0,2900
2026-09-02 12:50:00,1788321000,9706.T,5763.0,5768.0,5761.0,5765.0,3000
2026-09-02 12:51:00,1788321060,9706.T,5766.0,5766.0,5763.0,5764.0,1600
2026-09-02 12:52:00,1788321120,9706.T,5764.0,5767.0,5761.0,5763.0,13300
2026-09-02 12:53:00,1788321180,9706.T,5764.0,5764.0,5759.0,5759.0,2400
2026-09-02 12:54:00,1788321240,9706.T,5758.0,5759.0,5757.0,5757.0,600
2026-09-02 12:55:00,1788321300,9706.T,5757.0,5757.0,5755.0,5755.0,1700
2026-09-02 12:56:00,1788321360,9706.T,5755.0,5761.0,5754.0,5756.0,1800
2026-09-02 12:57:00,1788321420,9706.T,5755.0,5766.0,5750.0,5761.0,12600
2026-09-02 12:58:00,1788321480,9706.T,5764.0,5765.0,5759.0,5759.0,2600
2026-09-02 12:59:00,1788321540,9706.T,5759.0,5772.0,5759.0,5765.0,9900
2026-09-02 13:00:00,1788321600,9706.T,5765.0,5769.0,5757.0,5757.0,2900
2026-09-02 13:01:00,1788321660,9706.T,5757.0,5766.0,5743.0,5759.0,30200
2026-09-02 13:02:00,1788321720,9706.T,5760.0,5764.0,5755.0,5759.0,5200
2026-09-02 13:03:00,1788321780,9706.T,5756.0,5758.0,5753.0,5757.0,1500
2026-09-02 13:04:00,1788321840,9706.T,5756.0,5760.0,5756.0,5758.0,1300
2026-09-02 13:05:00,1788321900,9706.T,5757.0,5763.0,5757.0,5763.0,2700
2026-09-02 13:06:00,1788321960,9706.T,5763.0,5765.0,5759.0,5759.0,2100
2026-09-02 13:07:00,1788322020,9706.T,5759.0,5767.0,5759.0,5767.0,1900
2026-09-02 13:08:00,1788322080,9706.T,5764.0,5764.0,5762.0,5763.0,2300
2026-09-02 13:09:00,1788322140,9706.T,5766.0,5769.0,5760.0,5760.0,10000
2026-09-02 13:10:00,1788322200,9706.T,5761.0,5767.0,5761.0,5767.0,2600
2026-09-02 13:11:00,1788322260,9706.T,5766.0,5768.0,5765.0,5768.0,1200
2026-09-02 13:12:00,1788322320,9706.T,5765.0,5768.0,5765.0,5768.0,1000
2026-09-02 13:13:00,1788322380,9706.T,5768.0,5772.0,5765.0,5765.0,8900
2026-09-02 13:14:00,1788322440,9706.T,5764.0,5766.0,5764.0,5766.0,2300
2026-09-02 13:15:00,1788322500,9706.T,5765.0,5767.0,5764.0,5764.0,1700
2026-09-02 13:16:00,1788322560,9706.T,5765.0,5765.0,5765.0,5765.0,100
2026-09-02 13:17:00,1788322620,9706.T,5765.0,5772.0,5765.0,5772.0,1800
2026-09-02 13:18:00,1788322680,9706.T,5770.0,5771.0,5768.0,5771.0,1800
2026-09-02 13:19:00,1788322740,9706.T,5771.0,5773.0,5770.0,5771.0,2400
2026-09-02 13:20:00,1788322800,9706.T,5770.0,5772.0,5767.0,5769.0,3400
2026-09-02 13:21:00,1788322860,9706.T,5768.0,5768.0,5767.0,5768.0,1000
2026-09-02 13:23:00,1788322980,9706.T,5766.0,5767.0,5766.0,5767.0,200
2026-09-02 13:24:00,1788323040,9706.T,5767.0,5767.0,5767.0,5767.0,300
2026-09-02 13:25:00,1788323100,9706.T,5767.0,5779.0,5767.0,5779.0,11200
2026-09-02 13:26:00,1788323160,9706.T,5777.0,5780.0,5776.0,5778.0,3700
2026-09-02 13:27:00,1788323220,9706.T,5778.0,5778.0,5776.0,5776.0,1100
2026-09-02 13:28:00,1788323280,9706.T,5775.0,5777.0,5774.0,5774.0,1600
2026-09-02 13:29:00,1788323340,9706.T,5772.0,5773.0,5771.0,5771.0,1500
2026-09-02 13:30:00,1788323400,9706.T,5771.0,5773.0,5769.0,5771.0,800
2026-09-02 13:32:00,1788323520,9706.T,5772.0,5772.0,5772.0,5772.0,200
2026-09-02 13:33:00,1788323580,9706.T,5772.0,5774.0,5763.0,5765.0,3200
2026-09-02 13:34:00,1788323640,9706.T,5767.0,5770.0,5767.0,5767.0,1000
2026-09-02 13:35:00,1788323700,9706.T,5766.0,5766.0,5759.0,5762.0,6200
2026-09-02 13:36:00,1788323760,9706.T,5759.0,5767.0,5759.0,5764.0,5200
2026-09-02 13:37:00,1788323820,9706.T,5762.0,5762.0,5762.0,5762.0,200
2026-09-02 13:38:00,1788323880,9706.T,5761.0,5761.0,5761.0,5761.0,600
2026-09-02 13:39:00,1788323940,9706.T,5760.0,5760.0,5758.0,5760.0,1000
2026-09-02 13:40:00,1788324000,9706.T,5758.0,5758.0,5754.0,5754.0,600
2026-09-02 13:41:00,1788324060,9706.T,5754.0,5756.0,5754.0,5754.0,900
2026-09-02 13:42:00,1788324120,9706.T,5756.0,5763.0,5756.0,5757.0,6600
2026-09-02 13:43:00,1788324180,9706.T,5756.0,5759.0,5755.0,5759.0,1300
2026-09-02 13:44:00,1788324240,9706.T,5758.0,5759.0,5758.0,5759.0,400
2026-09-02 13:45:00,1788324300,9706.T,5758.0,5762.0,5758.0,5761.0,1000
2026-09-02 13:46:00,1788324360,9706.T,5758.0,5759.0,5757.0,5758.0,800
2026-09-02 13:47:00,1788324420,9706.T,5757.0,5760.0,5757.0,5760.0,700
2026-09-02 13:48:00,1788324480,9706.T,5758.0,5758.0,5758.0,5758.0,100
2026-09-02 13:49:00,1788324540,9706.T,5759.0,5759.0,5759.0,5759.0,100
2026-09-02 13:50:00,1788324600,9706.T,5758.0,5761.0,5758.0,5760.0,2000
2026-09-02 13:51:00,1788324660,9706.T,5759.0,5761.0,5759.0,5760.0,1900
2026-09-02 13:52:00,1788324720,9706.T,5759.0,5762.0,5759.0,5762.0,300
2026-09-02 13:53:00,1788324780,9706.T,5762.0,5770.0,5760.0,5770.0,8300
2026-09-02 13:54:00,1788324840,9706.T,5769.0,5770.0,5768.0,5768.0,1500
2026-09-02 13:55:00,1788324900,9706.T,5769.0,5770.0,5769.0,5770.0,1600
2026-09-02 13:56:00,1788324960,9706.T,5770.0,5770.0,5763.0,5765.0,6400
2026-09-02 13:57:00,1788325020,9706.T,5763.0,5763.0,5762.0,5762.0,1200
2026-09-02 13:58:00,1788325080,9706.T,5762.0,5764.0,5754.0,5757.0,12500
2026-09-02 13:59:00,1788325140,9706.T,5757.0,5763.0,5754.0,5755.0,6600
2026-09-02 14:00:00,1788325200,9706.T,5757.0,5759.0,5754.0,5755.0,2600
2026-09-02 14:01:00,1788325260,9706.T,5754.0,5757.0,5751.0,5753.0,5400
2026-09-02 14:02:00,1788325320,9706.T,5752.0,5755.0,5752.0,5752.0,1500
2026-09-02 14:03:00,1788325380,9706.T,5751.0,5751.0,5751.0,5751.0,200
2026-09-02 14:04:00,1788325440,9706.T,5754.0,5761.0,5753.0,5754.0,7700
2026-09-02 14:05:00,1788325500,9706.T,5753.0,5755.0,5752.0,5752.0,1100
2026-09-02 14:06:00,1788325560,9706.T,5751.0,5757.0,5751.0,5754.0,3200
2026-09-02 14:07:00,1788325620,9706.T,5752.0,5754.0,5752.0,5754.0,500
2026-09-02 14:08:00,1788325680,9706.T,5751.0,5757.0,5749.0,5757.0,6200
2026-09-02 14:09:00,1788325740,9706.T,5754.0,5754.0,5750.0,5754.0,1400
2026-09-02 14:10:00,1788325800,9706.T,5752.0,5755.0,5751.0,5752.0,2700
2026-09-02 14:11:00,1788325860,9706.T,5752.0,5756.0,5751.0,5755.0,2200
2026-09-02 14:12:00,1788325920,9706.T,5754.0,5756.0,5753.0,5753.0,1200
2026-09-02 14:13:00,1788325980,9706.T,5751.0,5754.0,5749.0,5753.0,2300
2026-09-02 14:14:00,1788326040,9706.T,5749.0,5751.0,5749.0,5751.0,1100
2026-09-02 14:15:00,1788326100,9706.T,5750.0,5752.0,5749.0,5751.0,2700
2026-09-02 14:16:00,1788326160,9706.T,5752.0,5752.0,5749.0,5751.0,1400
2026-09-02 14:17:00,1788326220,9706.T,5751.0,5751.0,5750.0,5750.0,200
2026-09-02 14:18:00,1788326280,9706.T,5750.0,5758.0,5748.0,5757.0,23400
2026-09-02 14:19:00,1788326340,9706.T,5757.0,5758.0,5753.0,5758.0,2700
2026-09-02 14:20:00,1788326400,9706.T,5754.0,5758.0,5749.0,5753.0,5700
2026-09-02 14:21:00,1788326460,9706.T,5751.0,5751.0,5751.0,5751.0,400
2026-09-02 14:22:00,1788326520,9706.T,5750.0,5751.0,5748.0,5750.0,1800
2026-09-02 14:23:00,1788326580,9706.T,5748.0,5750.0,5741.0,5744.0,19700
2026-09-02 14:24:00,1788326640,9706.T,5742.0,5744.0,5738.0,5740.0,4100
2026-09-02 14:25:00,1788326700,9706.T,5737.0,5747.0,5737.0,5746.0,5800
2026-09-02 14:26:00,1788326760,9706.T,5746.0,5753.0,5742.0,5749.0,20400
2026-09-02 14:27:00,1788326820,9706.T,5748.0,5750.0,5746.0,5747.0,2200
2026-09-02 14:28:00,1788326880,9706.T,5749.0,5753.0,5749.0,5751.0,2500
2026-09-02 14:29:00,1788326940,9706.T,5753.0,5753.0,5750.0,5752.0,1500
2026-09-02 14:30:00,1788327000,9706.T,5751.0,5752.0,5747.0,5750.0,3400
2026-09-02 14:31:00,1788327060,9706.T,5751.0,5752.0,5751.0,5752.0,400
2026-09-02 14:32:00,1788327120,9706.T,5752.0,5758.0,5752.0,5758.0,5800
2026-09-02 14:33:00,1788327180,9706.T,5758.0,5768.0,5758.0,5767.0,12200
2026-09-02 14:34:00,1788327240,9706.T,5765.0,5770.0,5764.0,5770.0,6300
2026-09-02 14:35:00,1788327300,9706.T,5769.0,5770.0,5768.0,5770.0,2000
2026-09-02 14:36:00,1788327360,9706.T,5768.0,5770.0,5767.0,5770.0,1300
2026-09-02 14:37:00,1788327420,9706.T,5768.0,5768.0,5767.0,5767.0,800
2026-09-02 14:38:00,1788327480,9706.T,5767.0,5767.0,5763.0,5763.0,1600
2026-09-02 14:39:00,1788327540,9706.T,5763.0,5763.0,5761.0,5761.0,1200
2026-09-02 14:40:00,1788327600,9706.T,5760.0,5760.0,5755.0,5755.0,2500
2026-09-02 14:41:00,1788327660,9706.T,5755.0,5758.0,5753.0,5755.0,4400
2026-09-02 14:42:00,1788327720,9706.T,5753.0,5757.0,5752.0,5757.0,5100
2026-09-02 14:43:00,1788327780,9706.T,5755.0,5755.0,5752.0,5752.0,1000
2026-09-02 14:44:00,1788327840,9706.T,5754.0,5767.0,5754.0,5767.0,14200
2026-09-02 14:45:00,1788327900,9706.T,5764.0,5766.0,5761.0,5763.0,3300
2026-09-02 14:46:00,1788327960,9706.T,5762.0,5762.0,5762.0,5762.0,200
2026-09-02 14:47:00,1788328020,9706.T,5761.0,5763.0,5759.0,5761.0,1400
2026-09-02 14:48:00,1788328080,9706.T,5759.0,5761.0,5758.0,5758.0,900
2026-09-02 14:49:00,1788328140,9706.T,5757.0,5764.0,5756.0,5763.0,2700
2026-09-02 14:50:00,1788328200,9706.T,5760.0,5761.0,5757.0,5760.0,3100
2026-09-02 14:51:00,1788328260,9706.T,5758.0,5762.0,5758.0,5762.0,4900
2026-09-02 14:52:00,1788328320,9706.T,5762.0,5767.0,5761.0,5764.0,7100
2026-09-02 14:53:00,1788328380,9706.T,5764.0,5767.0,5763.0,5767.0,2400
2026-09-02 14:54:00,1788328440,9706.T,5765.0,5766.0,5762.0,5764.0,1400
2026-09-02 14:55:00,1788328500,9706.T,5762.0,5769.0,5762.0,5766.0,4400
2026-09-02 14:56:00,1788328560,9706.T,5767.0,5770.0,5767.0,5769.0,2800
2026-09-02 14:57:00,1788328620,9706.T,5769.0,5776.0,5767.0,5776.0,10200
2026-09-02 14:58:00,1788328680,9706.T,5776.0,5780.0,5774.0,5777.0,11600
2026-09-02 14:59:00,1788328740,9706.T,5777.0,5780.0,5771.0,5773.0,6500
2026-09-02 15:00:00,1788328800,9706.T,5770.0,5772.0,5767.0,5772.0,1600
2026-09-02 15:01:00,1788328860,9706.T,5770.0,5770.0,5770.0,5770.0,300
2026-09-02 15:02:00,1788328920,9706.T,5769.0,5773.0,5769.0,5773.0,4100
2026-09-02 15:03:00,1788328980,9706.T,5772.0,5772.0,5766.0,5768.0,2500
2026-09-02 15:04:00,1788329040,9706.T,5767.0,5778.0,5767.0,5778.0,7800
2026-09-02 15:05:00,1788329100,9706.T,5776.0,5777.0,5771.0,5777.0,4200
2026-09-02 15:06:00,1788329160,9706.T,5774.0,5774.0,5772.0,5772.0,600
2026-09-02 15:07:00,1788329220,9706.T,5772.0,5775.0,5770.0,5774.0,5800
2026-09-02 15:08:00,1788329280,9706.T,5775.0,5775.0,5771.0,5771.0,2000
2026-09-02 15:09:00,1788329340,9706.T,5771.0,5773.0,5768.0,5769.0,6200
2026-09-02 15:10:00,1788329400,9706.T,5770.0,5773.0,5769.0,5773.0,8600
2026-09-02 15:11:00,1788329460,9706.T,5772.0,5774.0,5765.0,5770.0,19100
2026-09-02 15:12:00,1788329520,9706.T,5767.0,5770.0,5765.0,5767.0,5900
2026-09-02 15:13:00,1788329580,9706.T,5766.0,5767.0,5764.0,5766.0,3300
2026-09-02 15:14:00,1788329640,9706.T,5765.0,5767.0,5761.0,5767.0,10500
2026-09-02 15:15:00,1788329700,9706.T,5767.0,5768.0,5764.0,5766.0,5200
2026-09-02 15:16:00,1788329760,9706.T,5766.0,5768.0,5765.0,5767.0,3300
2026-09-02 15:17:00,1788329820,9706.T,5767.0,5792.0,5766.0,5777.0,29100
2026-09-02 15:18:00,1788329880,9706.T,5775.0,5785.0,5775.0,5782.0,17600
2026-09-02 15:19:00,1788329940,9706.T,5783.0,5783.0,5779.0,5782.0,10400
2026-09-02 15:20:00,1788330000,9706.T,5782.0,5783.0,5772.0,5781.0,10900
2026-09-02 15:21:00,1788330060,9706.T,5781.0,5785.0,5771.0,5777.0,15500
2026-09-02 15:22:00,1788330120,9706.T,5777.0,5780.0,5774.0,5778.0,12900
2026-09-02 15:23:00,1788330180,9706.T,5774.0,5779.0,5773.0,5774.0,16100
2026-09-02 15:24:00,1788330240,9706.T,5772.0,5775.0,5770.0,5771.0,14200
2026-09-02 15:30:00,1788330600,9706.T,5750.0,5750.0,5750.0,5750.0,0
2026-09-03 09:05:00,1788393900,9706.T,5633.0,5635.0,5629.0,5629.0,0
2026-09-03 09:06:00,1788393960,9706.T,5631.0,5634.0,5627.0,5627.0,16200
2026-09-03 09:07:00,1788394020,9706.T,5627.0,5631.0,5625.0,5630.0,15700
2026-09-03 09:08:00,1788394080,9706.T,5629.0,5634.0,5628.0,5629.0,24200
2026-09-03 09:09:00,1788394140,9706.T,5630.0,5631.0,5628.0,5629.0,10300
2026-09-03 09:10:00,1788394200,9706.T,5629.0,5637.0,5628.0,5635.0,37200
2026-09-03 09:11:00,1788394260,9706.T,5635.0,5649.0,5635.0,5638.0,37700
2026-09-03 09:12:00,1788394320,9706.T,5636.0,5645.0,5635.0,5643.0,18300
2026-09-03 09:13:00,1788394380,9706.T,5643.0,5646.0,5641.0,5644.0,18900
2026-09-03 09:14:00,1788394440,9706.T,5644.0,5660.0,5641.0,5656.0,82700
2026-09-03 09:15:00,1788394500,9706.T,5657.0,5674.0,5655.0,5674.0,48000
2026-09-03 09:16:00,1788394560,9706.T,5670.0,5690.0,5670.0,5681.0,31800
2026-09-03 09:17:00,1788394620,9706.T,5684.0,5690.0,5684.0,5685.0,14900
2026-09-03 09:18:00,1788394680,9706.T,5685.0,5692.0,5675.0,5692.0,36500
2026-09-03 09:19:00,1788394740,9706.T,5690.0,5690.0,5679.0,5684.0,13400
2026-09-03 09:20:00,1788394800,9706.T,5683.0,5687.0,5676.0,5687.0,10400
2026-09-03 09:21:00,1788394860,9706.T,5686.0,5690.0,5680.0,5688.0,12200
2026-09-03 09:22:00,1788394920,9706.T,5687.0,5695.0,5680.0,5688.0,71000
2026-09-03 09:23:00,1788394980,9706.T,5688.0,5690.0,5676.0,5686.0,11300
2026-09-03 09:24:00,1788395040,9706.T,5683.0,5687.0,5675.0,5680.0,7300
2026-09-03 09:25:00,1788395100,9706.T,5679.0,5686.0,5677.0,5677.0,12000
2026-09-03 09:26:00,1788395160,9706.T,5676.0,5678.0,5660.0,5669.0,13600
2026-09-03 09:27:00,1788395220,9706.T,5669.0,5678.0,5669.0,5676.0,5600
2026-09-03 09:28:00,1788395280,9706.T,5674.0,5677.0,5672.0,5676.0,3500
2026-09-03 09:29:00,1788395340,9706.T,5672.0,5679.0,5670.0,5677.0,8200
2026-09-03 09:30:00,1788395400,9706.T,5675.0,5677.0,5672.0,5672.0,5700
2026-09-03 09:31:00,1788395460,9706.T,5672.0,5677.0,5672.0,5674.0,6900
2026-09-03 09:32:00,1788395520,9706.T,5673.0,5674.0,5662.0,5662.0,8500
2026-09-03 09:33:00,1788395580,9706.T,5663.0,5676.0,5663.0,5676.0,19200
2026-09-03 09:34:00,1788395640,9706.T,5676.0,5683.0,5676.0,5682.0,9400
2026-09-03 09:35:00,1788395700,9706.T,5680.0,5693.0,5680.0,5686.0,32000
2026-09-03 09:36:00,1788395760,9706.T,5689.0,5690.0,5685.0,5685.0,6700
2026-09-03 09:37:00,1788395820,9706.T,5686.0,5688.0,5685.0,5686.0,3700
2026-09-03 09:38:00,1788395880,9706.T,5685.0,5686.0,5681.0,5683.0,3600
2026-09-03 09:39:00,1788395940,9706.T,5682.0,5685.0,5677.0,5678.0,4400
2026-09-03 09:40:00,1788396000,9706.T,5678.0,5683.0,5677.0,5681.0,4900
2026-09-03 09:41:00,1788396060,9706.T,5682.0,5684.0,5680.0,5683.0,3700
2026-09-03 09:42:00,1788396120,9706.T,5684.0,5686.0,5682.0,5685.0,3100
2026-09-03 09:43:00,1788396180,9706.T,5685.0,5688.0,5684.0,5684.0,5100
2026-09-03 09:44:00,1788396240,9706.T,5686.0,5687.0,5685.0,5687.0,2600
2026-09-03 09:45:00,1788396300,9706.T,5687.0,5688.0,5679.0,5685.0,5900
2026-09-03 09:46:00,1788396360,9706.T,5686.0,5690.0,5682.0,5684.0,15800
2026-09-03 09:47:00,1788396420,9706.T,5682.0,5682.0,5679.0,5679.0,2300
2026-09-03 09:48:00,1788396480,9706.T,5678.0,5684.0,5678.0,5682.0,3100
2026-09-03 09:49:00,1788396540,9706.T,5683.0,5687.0,5681.0,5687.0,5800
2026-09-03 09:50:00,1788396600,9706.T,5684.0,5688.0,5684.0,5687.0,10500
2026-09-03 09:51:00,1788396660,9706.T,5687.0,5693.0,5686.0,5689.0,29300
2026-09-03 09:52:00,1788396720,9706.T,5690.0,5692.0,5688.0,5688.0,4000
2026-09-03 09:53:00,1788396780,9706.T,5687.0,5691.0,5687.0,5687.0,5900
2026-09-03 09:54:00,1788396840,9706.T,5688.0,5690.0,5688.0,5688.0,6600
2026-09-03 09:55:00,1788396900,9706.T,5688.0,5688.0,5685.0,5686.0,4400
2026-09-03 09:56:00,1788396960,9706.T,5686.0,5687.0,5685.0,5687.0,1300
2026-09-03 09:57:00,1788397020,9706.T,5687.0,5688.0,5685.0,5688.0,6000
2026-09-03 09:58:00,1788397080,9706.T,5686.0,5688.0,5682.0,5687.0,13700
2026-09-03 09:59:00,1788397140,9706.T,5687.0,5688.0,5684.0,5686.0,3100
2026-09-03 10:00:00,1788397200,9706.T,5685.0,5688.0,5684.0,5685.0,5000
2026-09-03 10:01:00,1788397260,9706.T,5686.0,5688.0,5684.0,5684.0,4300
2026-09-03 10:02:00,1788397320,9706.T,5684.0,5685.0,5682.0,5685.0,1900
2026-09-03 10:03:00,1788397380,9706.T,5684.0,5685.0,5683.0,5685.0,1600
2026-09-03 10:04:00,1788397440,9706.T,5684.0,5686.0,5684.0,5685.0,3200
2026-09-03 10:05:00,1788397500,9706.T,5684.0,5690.0,5684.0,5687.0,25700
2026-09-03 10:06:00,1788397560,9706.T,5688.0,5693.0,5682.0,5691.0,43200
2026-09-03 10:07:00,1788397620,9706.T,5690.0,5693.0,5685.0,5689.0,7000
2026-09-03 10:08:00,1788397680,9706.T,5688.0,5690.0,5684.0,5686.0,4200
2026-09-03 10:09:00,1788397740,9706.T,5687.0,5693.0,5686.0,5693.0,27100
2026-09-03 10:10:00,1788397800,9706.T,5692.0,5693.0,5691.0,5693.0,3000
2026-09-03 10:11:00,1788397860,9706.T,5693.0,5693.0,5690.0,5692.0,11100
2026-09-03 10:12:00,1788397920,9706.T,5691.0,5698.0,5691.0,5693.0,45200
2026-09-03 10:13:00,1788397980,9706.T,5693.0,5699.0,5693.0,5696.0,18400
2026-09-03 10:14:00,1788398040,9706.T,5698.0,5698.0,5686.0,5688.0,6800
2026-09-03 10:15:00,1788398100,9706.T,5689.0,5689.0,5684.0,5686.0,10200
2026-09-03 10:16:00,1788398160,9706.T,5687.0,5689.0,5687.0,5689.0,700
2026-09-03 10:17:00,1788398220,9706.T,5688.0,5688.0,5685.0,5687.0,3300
2026-09-03 10:18:00,1788398280,9706.T,5686.0,5687.0,5686.0,5687.0,900
2026-09-03 10:19:00,1788398340,9706.T,5687.0,5689.0,5686.0,5688.0,2900
2026-09-03 10:20:00,1788398400,9706.T,5688.0,5688.0,5687.0,5688.0,3500
2026-09-03 10:21:00,1788398460,9706.T,5687.0,5689.0,5684.0,5689.0,8400
2026-09-03 10:22:00,1788398520,9706.T,5689.0,5689.0,5688.0,5689.0,1800
2026-09-03 10:23:00,1788398580,9706.T,5689.0,5689.0,5687.0,5687.0,3700
2026-09-03 10:24:00,1788398640,9706.T,5689.0,5689.0,5686.0,5686.0,8400
2026-09-03 10:25:00,1788398700,9706.T,5689.0,5689.0,5685.0,5687.0,3900
2026-09-03 10:26:00,1788398760,9706.T,5686.0,5687.0,5680.0,5682.0,14700
2026-09-03 10:27:00,1788398820,9706.T,5683.0,5683.0,5679.0,5679.0,1600
2026-09-03 10:28:00,1788398880,9706.T,5680.0,5680.0,5677.0,5677.0,2600
2026-09-03 10:29:00,1788398940,9706.T,5677.0,5677.0,5670.0,5672.0,3400
2026-09-03 10:30:00,1788399000,9706.T,5670.0,5673.0,5670.0,5671.0,2300
2026-09-03 10:31:00,1788399060,9706.T,5670.0,5676.0,5670.0,5676.0,3000
2026-09-03 10:32:00,1788399120,9706.T,5675.0,5676.0,5674.0,5675.0,2000
2026-09-03 10:33:00,1788399180,9706.T,5674.0,5674.0,5672.0,5672.0,1500
2026-09-03 10:34:00,1788399240,9706.T,5671.0,5674.0,5671.0,5674.0,2100
2026-09-03 10:35:00,1788399300,9706.T,5675.0,5676.0,5672.0,5672.0,2900
2026-09-03 10:36:00,1788399360,9706.T,5674.0,5674.0,5672.0,5673.0,2400
2026-09-03 10:37:00,1788399420,9706.T,5675.0,5678.0,5674.0,5678.0,7800
2026-09-03 10:38:00,1788399480,9706.T,5679.0,5682.0,5676.0,5682.0,3300
2026-09-03 10:39:00,1788399540,9706.T,5682.0,5685.0,5682.0,5684.0,3000
2026-09-03 10:40:00,1788399600,9706.T,5685.0,5685.0,5682.0,5683.0,2500
2026-09-03 10:41:00,1788399660,9706.T,5683.0,5683.0,5680.0,5680.0,1400
2026-09-03 10:42:00,1788399720,9706.T,5680.0,5680.0,5677.0,5678.0,1700
2026-09-03 10:43:00,1788399780,9706.T,5677.0,5678.0,5677.0,5678.0,900
2026-09-03 10:44:00,1788399840,9706.T,5678.0,5679.0,5678.0,5679.0,1600
2026-09-03 10:45:00,1788399900,9706.T,5679.0,5679.0,5675.0,5675.0,2600
2026-09-03 10:46:00,1788399960,9706.T,5675.0,5675.0,5673.0,5674.0,2100
2026-09-03 10:47:00,1788400020,9706.T,5675.0,5680.0,5675.0,5680.0,2900
2026-09-03 10:48:00,1788400080,9706.T,5680.0,5683.0,5676.0,5681.0,4400
2026-09-03 10:49:00,1788400140,9706.T,5679.0,5681.0,5674.0,5679.0,6400
2026-09-03 10:50:00,1788400200,9706.T,5679.0,5683.0,5679.0,5682.0,3400
2026-09-03 10:51:00,1788400260,9706.T,5683.0,5685.0,5673.0,5683.0,7000
2026-09-03 10:52:00,1788400320,9706.T,5682.0,5686.0,5682.0,5686.0,6100
2026-09-03 10:53:00,1788400380,9706.T,5683.0,5683.0,5675.0,5675.0,5500
2026-09-03 10:54:00,1788400440,9706.T,5676.0,5680.0,5671.0,5675.0,7300
2026-09-03 10:55:00,1788400500,9706.T,5674.0,5680.0,5673.0,5677.0,4200
2026-09-03 10:56:00,1788400560,9706.T,5675.0,5679.0,5670.0,5674.0,6600
2026-09-03 10:57:00,1788400620,9706.T,5676.0,5681.0,5674.0,5677.0,5700
2026-09-03 10:58:00,1788400680,9706.T,5678.0,5684.0,5678.0,5684.0,3100
2026-09-03 10:59:00,1788400740,9706.T,5684.0,5686.0,5682.0,5685.0,4500
2026-09-03 11:00:00,1788400800,9706.T,5684.0,5686.0,5683.0,5686.0,4400
2026-09-03 11:01:00,1788400860,9706.T,5686.0,5688.0,5682.0,5682.0,5400
2026-09-03 11:02:00,1788400920,9706.T,5684.0,5689.0,5684.0,5686.0,6100
2026-09-03 11:03:00,1788400980,9706.T,5686.0,5688.0,5686.0,5687.0,4100
2026-09-03 11:04:00,1788401040,9706.T,5686.0,5686.0,5683.0,5683.0,2300
2026-09-03 11:05:00,1788401100,9706.T,5685.0,5689.0,5685.0,5689.0,3100
2026-09-03 11:06:00,1788401160,9706.T,5690.0,5690.0,5688.0,5690.0,3000
2026-09-03 11:07:00,1788401220,9706.T,5690.0,5693.0,5690.0,5691.0,3400
2026-09-03 11:08:00,1788401280,9706.T,5691.0,5693.0,5689.0,5691.0,8000
2026-09-03 11:09:00,1788401340,9706.T,5691.0,5691.0,5687.0,5688.0,1700
2026-09-03 11:10:00,1788401400,9706.T,5688.0,5689.0,5687.0,5689.0,2600
2026-09-03 11:11:00,1788401460,9706.T,5689.0,5692.0,5689.0,5689.0,3200
2026-09-03 11:12:00,1788401520,9706.T,5689.0,5692.0,5688.0,5689.0,3800
2026-09-03 11:13:00,1788401580,9706.T,5689.0,5693.0,5688.0,5693.0,6400
2026-09-03 11:14:00,1788401640,9706.T,5690.0,5693.0,5690.0,5693.0,2300
2026-09-03 11:15:00,1788401700,9706.T,5693.0,5693.0,5688.0,5689.0,5000
2026-09-03 11:16:00,1788401760,9706.T,5690.0,5693.0,5690.0,5692.0,5500
2026-09-03 11:17:00,1788401820,9706.T,5691.0,5692.0,5690.0,5692.0,1700
2026-09-03 11:18:00,1788401880,9706.T,5693.0,5693.0,5691.0,5691.0,3700
2026-09-03 11:19:00,1788401940,9706.T,5691.0,5693.0,5691.0,5691.0,4000
2026-09-03 11:20:00,1788402000,9706.T,5692.0,5692.0,5692.0,5692.0,3400
2026-09-03 11:21:00,1788402060,9706.T,5692.0,5693.0,5689.0,5690.0,4000
2026-09-03 11:22:00,1788402120,9706.T,5690.0,5692.0,5685.0,5685.0,4500
2026-09-03 11:23:00,1788402180,9706.T,5683.0,5684.0,5681.0,5684.0,1800
2026-09-03 11:24:00,1788402240,9706.T,5685.0,5686.0,5683.0,5683.0,3200
2026-09-03 11:25:00,1788402300,9706.T,5687.0,5687.0,5681.0,5681.0,900
2026-09-03 11:26:00,1788402360,9706.T,5681.0,5685.0,5680.0,5685.0,2900
2026-09-03 11:27:00,1788402420,9706.T,5685.0,5685.0,5680.0,5684.0,2100
2026-09-03 11:28:00,1788402480,9706.T,5684.0,5684.0,5683.0,5684.0,800
2026-09-03 11:29:00,1788402540,9706.T,5682.0,5684.0,5676.0,5679.0,2800
2026-09-03 11:30:00,1788402600,9706.T,5675.0,5675.0,5675.0,5675.0,42700
2026-09-03 12:30:00,1788406200,9706.T,5687.0,5687.0,5679.0,5679.0,128300
2026-09-03 12:31:00,1788406260,9706.T,5679.0,5687.0,5675.0,5683.0,9200
2026-09-03 12:32:00,1788406320,9706.T,5681.0,5683.0,5678.0,5683.0,2500
2026-09-03 12:33:00,1788406380,9706.T,5685.0,5688.0,5684.0,5686.0,3100
2026-09-03 12:34:00,1788406440,9706.T,5686.0,5688.0,5686.0,5688.0,3600
2026-09-03 12:35:00,1788406500,9706.T,5687.0,5687.0,5686.0,5686.0,1200
2026-09-03 12:36:00,1788406560,9706.T,5686.0,5686.0,5685.0,5686.0,3200
2026-09-03 12:37:00,1788406620,9706.T,5687.0,5687.0,5683.0,5683.0,1700
2026-09-03 12:38:00,1788406680,9706.T,5682.0,5682.0,5680.0,5680.0,900
2026-09-03 12:39:00,1788406740,9706.T,5680.0,5680.0,5678.0,5678.0,1700
2026-09-03 12:40:00,1788406800,9706.T,5677.0,5677.0,5676.0,5676.0,900
2026-09-03 12:41:00,1788406860,9706.T,5676.0,5678.0,5676.0,5677.0,3900
2026-09-03 12:42:00,1788406920,9706.T,5677.0,5678.0,5677.0,5678.0,400
2026-09-03 12:43:00,1788406980,9706.T,5679.0,5684.0,5679.0,5683.0,2500
2026-09-03 12:44:00,1788407040,9706.T,5683.0,5684.0,5682.0,5682.0,1500
2026-09-03 12:45:00,1788407100,9706.T,5682.0,5682.0,5675.0,5680.0,3400
2026-09-03 12:46:00,1788407160,9706.T,5682.0,5684.0,5681.0,5682.0,3600
2026-09-03 12:47:00,1788407220,9706.T,5682.0,5683.0,5681.0,5682.0,900
2026-09-03 12:48:00,1788407280,9706.T,5681.0,5682.0,5681.0,5681.0,500
2026-09-03 12:49:00,1788407340,9706.T,5680.0,5681.0,5679.0,5679.0,700
2026-09-03 12:50:00,1788407400,9706.T,5680.0,5680.0,5675.0,5675.0,2600
2026-09-03 12:51:00,1788407460,9706.T,5675.0,5679.0,5673.0,5675.0,4300
2026-09-03 12:52:00,1788407520,9706.T,5675.0,5676.0,5674.0,5674.0,900
2026-09-03 12:53:00,1788407580,9706.T,5675.0,5676.0,5673.0,5673.0,3200
2026-09-03 12:54:00,1788407640,9706.T,5674.0,5675.0,5673.0,5675.0,800
2026-09-03 12:55:00,1788407700,9706.T,5674.0,5682.0,5674.0,5681.0,8300
2026-09-03 12:56:00,1788407760,9706.T,5681.0,5682.0,5679.0,5679.0,2000
2026-09-03 12:57:00,1788407820,9706.T,5680.0,5682.0,5680.0,5680.0,2700
2026-09-03 12:58:00,1788407880,9706.T,5679.0,5681.0,5678.0,5679.0,700
2026-09-03 12:59:00,1788407940,9706.T,5680.0,5681.0,5677.0,5677.0,1800
2026-09-03 13:00:00,1788408000,9706.T,5676.0,5676.0,5675.0,5675.0,500
2026-09-03 13:01:00,1788408060,9706.T,5675.0,5676.0,5673.0,5673.0,800
2026-09-03 13:02:00,1788408120,9706.T,5675.0,5676.0,5673.0,5673.0,900
2026-09-03 13:03:00,1788408180,9706.T,5674.0,5674.0,5672.0,5673.0,800
2026-09-03 13:04:00,1788408240,9706.T,5674.0,5677.0,5673.0,5677.0,2600
2026-09-03 13:05:00,1788408300,9706.T,5677.0,5678.0,5675.0,5675.0,900
2026-09-03 13:06:00,1788408360,9706.T,5676.0,5676.0,5674.0,5675.0,1300
2026-09-03 13:07:00,1788408420,9706.T,5673.0,5674.0,5673.0,5673.0,1400
2026-09-03 13:08:00,1788408480,9706.T,5672.0,5672.0,5671.0,5671.0,1200
2026-09-03 13:09:00,1788408540,9706.T,5672.0,5672.0,5670.0,5670.0,2000
2026-09-03 13:10:00,1788408600,9706.T,5671.0,5671.0,5670.0,5670.0,1200
2026-09-03 13:11:00,1788408660,9706.T,5669.0,5670.0,5666.0,5669.0,1900
2026-09-03 13:12:00,1788408720,9706.T,5670.0,5671.0,5668.0,5668.0,1600
2026-09-03 13:13:00,1788408780,9706.T,5668.0,5668.0,5667.0,5667.0,700
2026-09-03 13:14:00,1788408840,9706.T,5666.0,5669.0,5666.0,5668.0,2100
2026-09-03 13:15:00,1788408900,9706.T,5667.0,5667.0,5667.0,5667.0,400
2026-09-03 13:16:00,1788408960,9706.T,5668.0,5668.0,5667.0,5667.0,900
2026-09-03 13:17:00,1788409020,9706.T,5667.0,5667.0,5666.0,5666.0,1000
2026-09-03 13:18:00,1788409080,9706.T,5667.0,5667.0,5664.0,5664.0,1700
2026-09-03 13:19:00,1788409140,9706.T,5664.0,5665.0,5664.0,5664.0,900
2026-09-03 13:20:00,1788409200,9706.T,5665.0,5669.0,5665.0,5669.0,4100
2026-09-03 13:21:00,1788409260,9706.T,5670.0,5672.0,5670.0,5672.0,1300
2026-09-03 13:22:00,1788409320,9706.T,5672.0,5673.0,5671.0,5673.0,800
2026-09-03 13:23:00,1788409380,9706.T,5671.0,5671.0,5671.0,5671.0,800
2026-09-03 13:24:00,1788409440,9706.T,5672.0,5672.0,5669.0,5671.0,2300
2026-09-03 13:25:00,1788409500,9706.T,5671.0,5672.0,5671.0,5671.0,3500
2026-09-03 13:26:00,1788409560,9706.T,5671.0,5671.0,5668.0,5668.0,1900
2026-09-03 13:27:00,1788409620,9706.T,5668.0,5668.0,5665.0,5666.0,1200
2026-09-03 13:28:00,1788409680,9706.T,5667.0,5667.0,5666.0,5666.0,800
2026-09-03 13:29:00,1788409740,9706.T,5665.0,5666.0,5663.0,5663.0,4800
2026-09-03 13:30:00,1788409800,9706.T,5664.0,5664.0,5663.0,5663.0,200
2026-09-03 13:31:00,1788409860,9706.T,5663.0,5664.0,5659.0,5659.0,7600
2026-09-03 13:32:00,1788409920,9706.T,5661.0,5664.0,5661.0,5662.0,4100
2026-09-03 13:33:00,1788409980,9706.T,5661.0,5665.0,5660.0,5662.0,4400
2026-09-03 13:34:00,1788410040,9706.T,5663.0,5665.0,5656.0,5665.0,3800
2026-09-03 13:35:00,1788410100,9706.T,5666.0,5670.0,5666.0,5670.0,4500
2026-09-03 13:36:00,1788410160,9706.T,5669.0,5669.0,5668.0,5669.0,900
2026-09-03 13:37:00,1788410220,9706.T,5670.0,5672.0,5670.0,5672.0,1900
2026-09-03 13:38:00,1788410280,9706.T,5672.0,5673.0,5672.0,5672.0,1100
2026-09-03 13:39:00,1788410340,9706.T,5673.0,5673.0,5671.0,5673.0,1800
2026-09-03 13:40:00,1788410400,9706.T,5672.0,5672.0,5672.0,5672.0,200
2026-09-03 13:41:00,1788410460,9706.T,5673.0,5674.0,5673.0,5674.0,500
2026-09-03 13:42:00,1788410520,9706.T,5673.0,5677.0,5673.0,5677.0,2700
2026-09-03 13:43:00,1788410580,9706.T,5676.0,5679.0,5676.0,5678.0,2000
2026-09-03 13:44:00,1788410640,9706.T,5678.0,5679.0,5678.0,5678.0,600
2026-09-03 13:45:00,1788410700,9706.T,5678.0,5678.0,5677.0,5677.0,1300
2026-09-03 13:46:00,1788410760,9706.T,5678.0,5683.0,5678.0,5681.0,5800
2026-09-03 13:47:00,1788410820,9706.T,5680.0,5680.0,5679.0,5680.0,2000
2026-09-03 13:48:00,1788410880,9706.T,5679.0,5681.0,5679.0,5680.0,400
2026-09-03 13:49:00,1788410940,9706.T,5680.0,5681.0,5680.0,5681.0,1100
2026-09-03 13:50:00,1788411000,9706.T,5680.0,5680.0,5679.0,5679.0,1000
2026-09-03 13:51:00,1788411060,9706.T,5679.0,5680.0,5679.0,5679.0,400
2026-09-03 13:52:00,1788411120,9706.T,5680.0,5681.0,5680.0,5680.0,1100
2026-09-03 13:53:00,1788411180,9706.T,5680.0,5680.0,5679.0,5679.0,500
2026-09-03 13:54:00,1788411240,9706.T,5680.0,5680.0,5679.0,5679.0,800
2026-09-03 13:55:00,1788411300,9706.T,5679.0,5680.0,5679.0,5679.0,800
2026-09-03 13:56:00,1788411360,9706.T,5680.0,5680.0,5680.0,5680.0,2300
2026-09-03 13:57:00,1788411420,9706.T,5680.0,5680.0,5678.0,5678.0,1500
2026-09-03 13:58:00,1788411480,9706.T,5679.0,5679.0,5679.0,5679.0,300
2026-09-03 13:59:00,1788411540,9706.T,5679.0,5682.0,5679.0,5682.0,2100
2026-09-03 14:00:00,1788411600,9706.T,5680.0,5680.0,5677.0,5677.0,3500
2026-09-03 14:01:00,1788411660,9706.T,5678.0,5678.0,5678.0,5678.0,100
2026-09-03 14:02:00,1788411720,9706.T,5677.0,5678.0,5676.0,5678.0,1600
2026-09-03 14:03:00,1788411780,9706.T,5679.0,5679.0,5677.0,5678.0,1500
2026-09-03 14:04:00,1788411840,9706.T,5677.0,5677.0,5675.0,5675.0,1800
2026-09-03 14:05:00,1788411900,9706.T,5675.0,5676.0,5674.0,5674.0,1000
2026-09-03 14:06:00,1788411960,9706.T,5675.0,5676.0,5675.0,5676.0,200
2026-09-03 14:07:00,1788412020,9706.T,5675.0,5675.0,5674.0,5674.0,800
2026-09-03 14:08:00,1788412080,9706.T,5675.0,5675.0,5674.0,5674.0,800
2026-09-03 14:09:00,1788412140,9706.T,5673.0,5674.0,5665.0,5672.0,4900
2026-09-03 14:10:00,1788412200,9706.T,5671.0,5673.0,5671.0,5671.0,500
2026-09-03 14:11:00,1788412260,9706.T,5672.0,5675.0,5672.0,5674.0,4400
2026-09-03 14:12:00,1788412320,9706.T,5673.0,5676.0,5673.0,5675.0,1500
2026-09-03 14:13:00,1788412380,9706.T,5676.0,5676.0,5674.0,5675.0,1500
2026-09-03 14:14:00,1788412440,9706.T,5674.0,5674.0,5673.0,5674.0,900
2026-09-03 14:15:00,1788412500,9706.T,5673.0,5673.0,5672.0,5672.0,700
2026-09-03 14:16:00,1788412560,9706.T,5672.0,5672.0,5670.0,5670.0,1200
2026-09-03 14:17:00,1788412620,9706.T,5672.0,5672.0,5671.0,5671.0,900
2026-09-03 14:18:00,1788412680,9706.T,5672.0,5672.0,5670.0,5672.0,1500
2026-09-03 14:19:00,1788412740,9706.T,5671.0,5672.0,5670.0,5671.0,700
2026-09-03 14:20:00,1788412800,9706.T,5670.0,5670.0,5669.0,5669.0,900
2026-09-03 14:21:00,1788412860,9706.T,5670.0,5670.0,5667.0,5667.0,1300
2026-09-03 14:22:00,1788412920,9706.T,5667.0,5670.0,5667.0,5669.0,4100
2026-09-03 14:23:00,1788412980,9706.T,5668.0,5668.0,5667.0,5667.0,1000
2026-09-03 14:24:00,1788413040,9706.T,5667.0,5667.0,5662.0,5662.0,3000
2026-09-03 14:25:00,1788413100,9706.T,5662.0,5662.0,5660.0,5661.0,5800
2026-09-03 14:26:00,1788413160,9706.T,5660.0,5660.0,5651.0,5658.0,5500
2026-09-03 14:27:00,1788413220,9706.T,5658.0,5659.0,5657.0,5657.0,1300
2026-09-03 14:28:00,1788413280,9706.T,5658.0,5661.0,5658.0,5660.0,3700
2026-09-03 14:29:00,1788413340,9706.T,5661.0,5663.0,5661.0,5663.0,900
2026-09-03 14:30:00,1788413400,9706.T,5663.0,5664.0,5662.0,5662.0,1700
2026-09-03 14:31:00,1788413460,9706.T,5661.0,5664.0,5661.0,5664.0,1600
2026-09-03 14:32:00,1788413520,9706.T,5664.0,5665.0,5660.0,5660.0,7000
2026-09-03 14:33:00,1788413580,9706.T,5660.0,5661.0,5660.0,5661.0,2400
2026-09-03 14:34:00,1788413640,9706.T,5660.0,5660.0,5659.0,5659.0,1600
2026-09-03 14:35:00,1788413700,9706.T,5659.0,5659.0,5659.0,5659.0,500
2026-09-03 14:36:00,1788413760,9706.T,5659.0,5659.0,5657.0,5657.0,2400
2026-09-03 14:37:00,1788413820,9706.T,5657.0,5657.0,5656.0,5656.0,1100
2026-09-03 14:38:00,1788413880,9706.T,5655.0,5657.0,5655.0,5657.0,200
2026-09-03 14:39:00,1788413940,9706.T,5656.0,5657.0,5655.0,5655.0,2500
2026-09-03 14:40:00,1788414000,9706.T,5654.0,5658.0,5654.0,5657.0,2400
2026-09-03 14:41:00,1788414060,9706.T,5656.0,5656.0,5654.0,5655.0,700
2026-09-03 14:42:00,1788414120,9706.T,5655.0,5656.0,5653.0,5653.0,2000
2026-09-03 14:43:00,1788414180,9706.T,5652.0,5656.0,5652.0,5655.0,4800
2026-09-03 14:44:00,1788414240,9706.T,5655.0,5656.0,5654.0,5655.0,1200
2026-09-03 14:45:00,1788414300,9706.T,5656.0,5658.0,5656.0,5657.0,2600
2026-09-03 14:46:00,1788414360,9706.T,5657.0,5657.0,5656.0,5656.0,700
2026-09-03 14:47:00,1788414420,9706.T,5657.0,5660.0,5657.0,5660.0,1200
2026-09-03 14:48:00,1788414480,9706.T,5660.0,5660.0,5657.0,5657.0,2500
2026-09-03 14:49:00,1788414540,9706.T,5657.0,5658.0,5654.0,5654.0,1900
2026-09-03 14:50:00,1788414600,9706.T,5654.0,5654.0,5653.0,5653.0,800
2026-09-03 14:51:00,1788414660,9706.T,5653.0,5654.0,5652.0,5653.0,2500
2026-09-03 14:52:00,1788414720,9706.T,5653.0,5654.0,5653.0,5653.0,700
2026-09-03 14:53:00,1788414780,9706.T,5654.0,5654.0,5653.0,5653.0,700
2026-09-03 14:54:00,1788414840,9706.T,5654.0,5656.0,5650.0,5654.0,11100
2026-09-03 14:55:00,1788414900,9706.T,5654.0,5654.0,5652.0,5653.0,1600
2026-09-03 14:56:00,1788414960,9706.T,5653.0,5653.0,5650.0,5650.0,2600
2026-09-03 14:57:00,1788415020,9706.T,5653.0,5655.0,5653.0,5653.0,3700
2026-09-03 14:58:00,1788415080,9706.T,5653.0,5653.0,5650.0,5650.0,2900
2026-09-03 14:59:00,1788415140,9706.T,5650.0,5650.0,5647.0,5647.0,4000
2026-09-03 15:00:00,1788415200,9706.T,5647.0,5648.0,5647.0,5647.0,500
2026-09-03 15:01:00,1788415260,9706.T,5649.0,5649.0,5643.0,5644.0,10200
2026-09-03 15:02:00,1788415320,9706.T,5645.0,5645.0,5644.0,5644.0,600
2026-09-03 15:03:00,1788415380,9706.T,5645.0,5645.0,5644.0,5644.0,1400
2026-09-03 15:04:00,1788415440,9706.T,5643.0,5644.0,5642.0,5643.0,1700
2026-09-03 15:05:00,1788415500,9706.T,5642.0,5644.0,5642.0,5643.0,4000
2026-09-03 15:06:00,1788415560,9706.T,5642.0,5644.0,5640.0,5643.0,7500
2026-09-03 15:07:00,1788415620,9706.T,5644.0,5645.0,5644.0,5644.0,1100
2026-09-03 15:08:00,1788415680,9706.T,5643.0,5643.0,5641.0,5641.0,2400
2026-09-03 15:09:00,1788415740,9706.T,5640.0,5640.0,5635.0,5637.0,6300
2026-09-03 15:10:00,1788415800,9706.T,5637.0,5642.0,5635.0,5642.0,13600
2026-09-03 15:11:00,1788415860,9706.T,5642.0,5643.0,5641.0,5641.0,1200
2026-09-03 15:12:00,1788415920,9706.T,5641.0,5644.0,5641.0,5644.0,6200
2026-09-03 15:13:00,1788415980,9706.T,5643.0,5645.0,5643.0,5645.0,1900
2026-09-03 15:14:00,1788416040,9706.T,5644.0,5645.0,5642.0,5642.0,2800
2026-09-03 15:15:00,1788416100,9706.T,5643.0,5647.0,5643.0,5646.0,7300
2026-09-03 15:16:00,1788416160,9706.T,5647.0,5647.0,5644.0,5645.0,1900
2026-09-03 15:17:00,1788416220,9706.T,5646.0,5646.0,5643.0,5644.0,2800
2026-09-03 15:18:00,1788416280,9706.T,5644.0,5646.0,5644.0,5644.0,2100
2026-09-03 15:19:00,1788416340,9706.T,5644.0,5647.0,5640.0,5644.0,6700
2026-09-03 15:20:00,1788416400,9706.T,5644.0,5650.0,5643.0,5650.0,5500
2026-09-03 15:21:00,1788416460,9706.T,5650.0,5650.0,5648.0,5648.0,1500
2026-09-03 15:22:00,1788416520,9706.T,5648.0,5649.0,5644.0,5648.0,5800
2026-09-03 15:23:00,1788416580,9706.T,5648.0,5649.0,5643.0,5649.0,6400
2026-09-03 15:24:00,1788416640,9706.T,5650.0,5658.0,5645.0,5651.0,25900
2026-09-03 15:30:00,1788417000,9706.T,5631.0,5631.0,5631.0,5631.0,0
2026-09-29 09:05:00,1790640300,9706.T,5515.0,5519.0,5509.0,5517.0,0
2026-09-29 09:06:00,1790640360,9706.T,5517.0,5519.0,5507.0,5507.0,2400
2026-09-29 09:07:00,1790640420,9706.T,5504.0,5510.0,5504.0,5504.0,1200
2026-09-29 09:08:00,1790640480,9706.T,5497.0,5497.0,5491.0,5493.0,800
2026-09-29 09:09:00,1790640540,9706.T,5491.0,5491.0,5484.0,5489.0,700
2026-09-29 09:10:00,1790640600,9706.T,5490.0,5491.0,5486.0,5486.0,500
2026-09-29 09:11:00,1790640660,9706.T,5483.0,5486.0,5482.0,5484.0,1400
2026-09-29 09:12:00,1790640720,9706.T,5487.0,5494.0,5485.0,5489.0,1300
2026-09-29 09:13:00,1790640780,9706.T,5492.0,5495.0,5492.0,5492.0,400
2026-09-29 09:14:00,1790640840,9706.T,5495.0,5495.0,5490.0,5493.0,1700
2026-09-29 09:15:00,1790640900,9706.T,5493.0,5497.0,5493.0,5495.0,700
2026-09-29 09:16:00,1790640960,9706.T,5496.0,5515.0,5496.0,5515.0,3800
2026-09-29 09:17:00,1790641020,9706.T,5517.0,5520.0,5516.0,5517.0,2600
2026-09-29 09:18:00,1790641080,9706.T,5519.0,5520.0,5507.0,5510.0,6600
2026-09-29 09:19:00,1790641140,9706.T,5510.0,5511.0,5506.0,5506.0,1000
2026-09-29 09:20:00,1790641200,9706.T,5508.0,5511.0,5507.0,5511.0,1100
2026-09-29 09:21:00,1790641260,9706.T,5514.0,5514.0,5504.0,5508.0,800
2026-09-29 09:22:00,1790641320,9706.T,5505.0,5510.0,5505.0,5508.0,500
2026-09-29 09:23:00,1790641380,9706.T,5507.0,5507.0,5498.0,5502.0,900
2026-09-29 09:24:00,1790641440,9706.T,5504.0,5508.0,5503.0,5503.0,600
2026-09-29 09:25:00,1790641500,9706.T,5504.0,5511.0,5501.0,5511.0,800
2026-09-29 09:26:00,1790641560,9706.T,5509.0,5509.0,5509.0,5509.0,100
2026-09-29 09:28:00,1790641680,9706.T,5508.0,5517.0,5508.0,5515.0,1600
2026-09-29 09:29:00,1790641740,9706.T,5516.0,5517.0,5513.0,5517.0,600
2026-09-29 09:30:00,1790641800,9706.T,5517.0,5522.0,5514.0,5518.0,1400
2026-09-29 09:31:00,1790641860,9706.T,5519.0,5519.0,5514.0,5514.0,700
2026-09-29 09:32:00,1790641920,9706.T,5514.0,5528.0,5514.0,5528.0,1600
2026-09-29 09:33:00,1790641980,9706.T,5527.0,5530.0,5527.0,5530.0,300
2026-09-29 09:34:00,1790642040,9706.T,5528.0,5530.0,5524.0,5528.0,1500
2026-09-29 09:35:00,1790642100,9706.T,5528.0,5529.0,5528.0,5528.0,300
2026-09-29 09:36:00,1790642160,9706.T,5532.0,5535.0,5529.0,5535.0,1600
2026-09-29 09:37:00,1790642220,9706.T,5530.0,5530.0,5530.0,5530.0,100
2026-09-29 09:38:00,1790642280,9706.T,5532.0,5535.0,5531.0,5535.0,900
2026-09-29 09:39:00,1790642340,9706.T,5532.0,5538.0,5532.0,5538.0,1300
2026-09-29 09:40:00,1790642400,9706.T,5540.0,5541.0,5537.0,5539.0,1700
2026-09-29 09:41:00,1790642460,9706.T,5541.0,5541.0,5526.0,5532.0,1900
2026-09-29 09:42:00,1790642520,9706.T,5531.0,5532.0,5524.0,5527.0,1400
2026-09-29 09:43:00,1790642580,9706.T,5529.0,5531.0,5526.0,5531.0,800
2026-09-29 09:44:00,1790642640,9706.T,5532.0,5534.0,5528.0,5528.0,2200
2026-09-29 09:45:00,1790642700,9706.T,5528.0,5532.0,5527.0,5532.0,500
2026-09-29 09:46:00,1790642760,9706.T,5531.0,5537.0,5531.0,5533.0,2700
2026-09-29 09:47:00,1790642820,9706.T,5531.0,5540.0,5530.0,5539.0,1600
2026-09-29 09:48:00,1790642880,9706.T,5539.0,5541.0,5539.0,5539.0,400
2026-09-29 09:49:00,1790642940,9706.T,5536.0,5539.0,5535.0,5539.0,800
2026-09-29 09:50:00,1790643000,9706.T,5542.0,5542.0,5542.0,5542.0,100
2026-09-29 09:51:00,1790643060,9706.T,5543.0,5543.0,5536.0,5540.0,1700
2026-09-29 09:52:00,1790643120,9706.T,5539.0,5546.0,5539.0,5544.0,800
2026-09-29 09:53:00,1790643180,9706.T,5543.0,5543.0,5539.0,5539.0,500
2026-09-29 09:54:00,1790643240,9706.T,5541.0,5542.0,5535.0,5535.0,1900
2026-09-29 09:55:00,1790643300,9706.T,5537.0,5537.0,5531.0,5531.0,700
2026-09-29 09:57:00,1790643420,9706.T,5529.0,5529.0,5527.0,5529.0,500
2026-09-29 09:59:00,1790643540,9706.T,5531.0,5539.0,5527.0,5535.0,4800
2026-09-29 10:00:00,1790643600,9706.T,5537.0,5538.0,5536.0,5537.0,1000
2026-09-29 10:01:00,1790643660,9706.T,5537.0,5537.0,5535.0,5535.0,200
2026-09-29 10:02:00,1790643720,9706.T,5534.0,5536.0,5529.0,5532.0,1800
2026-09-29 10:03:00,1790643780,9706.T,5535.0,5535.0,5532.0,5534.0,500
2026-09-29 10:04:00,1790643840,9706.T,5530.0,5536.0,5529.0,5535.0,800
2026-09-29 10:06:00,1790643960,9706.T,5535.0,5539.0,5534.0,5535.0,700
2026-09-29 10:07:00,1790644020,9706.T,5537.0,5537.0,5529.0,5529.0,1000
2026-09-29 10:08:00,1790644080,9706.T,5528.0,5528.0,5528.0,5528.0,100
2026-09-29 10:09:00,1790644140,9706.T,5529.0,5529.0,5529.0,5529.0,100
2026-09-29 10:10:00,1790644200,9706.T,5527.0,5533.0,5527.0,5533.0,1000
2026-09-29 10:12:00,1790644320,9706.T,5538.0,5540.0,5535.0,5540.0,1200
2026-09-29 10:13:00,1790644380,9706.T,5539.0,5539.0,5536.0,5536.0,400
2026-09-29 10:14:00,1790644440,9706.T,5536.0,5539.0,5536.0,5538.0,400
2026-09-29 10:15:00,1790644500,9706.T,5541.0,5545.0,5539.0,5545.0,1900
2026-09-29 10:16:00,1790644560,9706.T,5544.0,5544.0,5544.0,5544.0,100
2026-09-29 10:17:00,1790644620,9706.T,5542.0,5542.0,5537.0,5537.0,500
2026-09-29 10:18:00,1790644680,9706.T,5540.0,5542.0,5538.0,5540.0,500
2026-09-29 10:20:00,1790644800,9706.T,5536.0,5537.0,5532.0,5537.0,1500
2026-09-29 10:21:00,1790644860,9706.T,5537.0,5539.0,5537.0,5539.0,500
2026-09-29 10:22:00,1790644920,9706.T,5536.0,5538.0,5534.0,5537.0,1000
2026-09-29 10:23:00,1790644980,9706.T,5538.0,5538.0,5533.0,5533.0,500
2026-09-29 10:24:00,1790645040,9706.T,5530.0,5530.0,5525.0,5525.0,600
2026-09-29 10:25:00,1790645100,9706.T,5524.0,5525.0,5520.0,5520.0,800
2026-09-29 10:26:00,1790645160,9706.T,5519.0,5523.0,5519.0,5522.0,1600
2026-09-29 10:28:00,1790645280,9706.T,5523.0,5530.0,5522.0,5530.0,1900
2026-09-29 10:29:00,1790645340,9706.T,5527.0,5527.0,5527.0,5527.0,100
2026-09-29 10:31:00,1790645460,9706.T,5525.0,5525.0,5522.0,5525.0,600
2026-09-29 10:32:00,1790645520,9706.T,5524.0,5524.0,5522.0,5522.0,400
2026-09-29 10:33:00,1790645580,9706.T,5522.0,5524.0,5522.0,5522.0,500
2026-09-29 10:36:00,1790645760,9706.T,5523.0,5523.0,5523.0,5523.0,100
2026-09-29 10:37:00,1790645820,9706.T,5522.0,5524.0,5519.0,5519.0,900
2026-09-29 10:38:00,1790645880,9706.T,5521.0,5521.0,5519.0,5520.0,500
2026-09-29 10:40:00,1790646000,9706.T,5519.0,5519.0,5519.0,5519.0,100
2026-09-29 10:41:00,1790646060,9706.T,5522.0,5523.0,5519.0,5523.0,1000
2026-09-29 10:42:00,1790646120,9706.T,5524.0,5528.0,5524.0,5527.0,1900
2026-09-29 10:43:00,1790646180,9706.T,5524.0,5527.0,5523.0,5527.0,500
2026-09-29 10:44:00,1790646240,9706.T,5529.0,5530.0,5524.0,5524.0,2000
2026-09-29 10:45:00,1790646300,9706.T,5523.0,5523.0,5523.0,5523.0,100
2026-09-29 10:46:00,1790646360,9706.T,5520.0,5520.0,5520.0,5520.0,200
2026-09-29 10:49:00,1790646540,9706.T,5522.0,5526.0,5522.0,5523.0,2000
2026-09-29 10:51:00,1790646660,9706.T,5523.0,5523.0,5519.0,5519.0,700
2026-09-29 10:52:00,1790646720,9706.T,5517.0,5517.0,5515.0,5516.0,500
2026-09-29 10:54:00,1790646840,9706.T,5518.0,5520.0,5518.0,5520.0,300
2026-09-29 10:55:00,1790646900,9706.T,5521.0,5521.0,5517.0,5517.0,500
2026-09-29 10:56:00,1790646960,9706.T,5519.0,5519.0,5519.0,5519.0,300
2026-09-29 10:58:00,1790647080,9706.T,5518.0,5518.0,5517.0,5517.0,500
2026-09-29 10:59:00,1790647140,9706.T,5518.0,5519.0,5511.0,5517.0,12800
2026-09-29 11:02:00,1790647320,9706.T,5515.0,5516.0,5515.0,5516.0,200
2026-09-29 11:03:00,1790647380,9706.T,5515.0,5517.0,5514.0,5517.0,1200
2026-09-29 11:04:00,1790647440,9706.T,5518.0,5519.0,5518.0,5519.0,200
2026-09-29 11:05:00,1790647500,9706.T,5520.0,5521.0,5517.0,5520.0,1600
2026-09-29 11:07:00,1790647620,9706.T,5518.0,5518.0,5510.0,5512.0,7800
2026-09-29 11:08:00,1790647680,9706.T,5510.0,5512.0,5509.0,5510.0,900
2026-09-29 11:09:00,1790647740,9706.T,5507.0,5507.0,5507.0,5507.0,400
2026-09-29 11:10:00,1790647800,9706.T,5506.0,5506.0,5504.0,5504.0,700
2026-09-29 11:11:00,1790647860,9706.T,5504.0,5505.0,5504.0,5504.0,700
2026-09-29 11:13:00,1790647980,9706.T,5502.0,5502.0,5497.0,5497.0,900
2026-09-29 11:14:00,1790648040,9706.T,5498.0,5499.0,5498.0,5498.0,500
2026-09-29 11:15:00,1790648100,9706.T,5499.0,5500.0,5496.0,5500.0,1000
2026-09-29 11:17:00,1790648220,9706.T,5500.0,5507.0,5500.0,5507.0,1500
2026-09-29 11:18:00,1790648280,9706.T,5506.0,5506.0,5506.0,5506.0,100
2026-09-29 11:21:00,1790648460,9706.T,5509.0,5510.0,5507.0,5510.0,500
2026-09-29 11:22:00,1790648520,9706.T,5509.0,5509.0,5500.0,5506.0,9500
2026-09-29 11:23:00,1790648580,9706.T,5506.0,5507.0,5506.0,5507.0,400
2026-09-29 11:24:00,1790648640,9706.T,5504.0,5507.0,5502.0,5507.0,1100
2026-09-29 11:25:00,1790648700,9706.T,5502.0,5506.0,5500.0,5504.0,1200
2026-09-29 11:26:00,1790648760,9706.T,5501.0,5506.0,5500.0,5506.0,2100
2026-09-29 11:28:00,1790648880,9706.T,5504.0,5508.0,5503.0,5505.0,1100
2026-09-29 11:29:00,1790648940,9706.T,5509.0,5509.0,5509.0,5509.0,100
2026-09-29 11:30:00,1790649000,9706.T,5509.0,5509.0,5509.0,5509.0,100
2026-09-29 12:30:00,1790652600,9706.T,5509.0,5510.0,5502.0,5505.0,8800
2026-09-29 12:31:00,1790652660,9706.T,5506.0,5506.0,5506.0,5506.0,100
2026-09-29 12:32:00,1790652720,9706.T,5505.0,5506.0,5503.0,5503.0,700
2026-09-29 12:33:00,1790652780,9706.T,5504.0,5508.0,5503.0,5508.0,1100
2026-09-29 12:34:00,1790652840,9706.T,5509.0,5511.0,5507.0,5511.0,1100
2026-09-29 12:35:00,1790652900,9706.T,5512.0,5516.0,5512.0,5516.0,600
2026-09-29 12:37:00,1790653020,9706.T,5517.0,5518.0,5517.0,5518.0,300
2026-09-29 12:38:00,1790653080,9706.T,5516.0,5516.0,5514.0,5516.0,700
2026-09-29 12:39:00,1790653140,9706.T,5514.0,5516.0,5514.0,5515.0,300
2026-09-29 12:40:00,1790653200,9706.T,5512.0,5513.0,5511.0,5512.0,900
2026-09-29 12:42:00,1790653320,9706.T,5514.0,5514.0,5514.0,5514.0,200
2026-09-29 12:44:00,1790653440,9706.T,5512.0,5512.0,5510.0,5511.0,900
2026-09-29 12:45:00,1790653500,9706.T,5512.0,5512.0,5512.0,5512.0,100
2026-09-29 12:46:00,1790653560,9706.T,5510.0,5511.0,5510.0,5510.0,700
2026-09-29 12:47:00,1790653620,9706.T,5511.0,5511.0,5511.0,5511.0,100
2026-09-29 12:49:00,1790653740,9706.T,5510.0,5510.0,5510.0,5510.0,100
2026-09-29 12:50:00,1790653800,9706.T,5508.0,5512.0,5507.0,5512.0,2400
2026-09-29 12:53:00,1790653980,9706.T,5509.0,5511.0,5508.0,5511.0,1200
2026-09-29 12:55:00,1790654100,9706.T,5511.0,5514.0,5509.0,5509.0,1300
2026-09-29 12:56:00,1790654160,9706.T,5510.0,5510.0,5507.0,5508.0,700
2026-09-29 12:57:00,1790654220,9706.T,5505.0,5509.0,5505.0,5509.0,1100
2026-09-29 12:58:00,1790654280,9706.T,5507.0,5509.0,5506.0,5509.0,1700
2026-09-29 12:59:00,1790654340,9706.T,5509.0,5509.0,5508.0,5508.0,400
2026-09-29 13:00:00,1790654400,9706.T,5508.0,5508.0,5505.0,5505.0,400
2026-09-29 13:01:00,1790654460,9706.T,5507.0,5507.0,5504.0,5504.0,400
2026-09-29 13:03:00,1790654580,9706.T,5506.0,5510.0,5506.0,5509.0,2000
2026-09-29 13:04:00,1790654640,9706.T,5508.0,5510.0,5507.0,5507.0,800
2026-09-29 13:06:00,1790654760,9706.T,5506.0,5506.0,5506.0,5506.0,200
2026-09-29 13:07:00,1790654820,9706.T,5505.0,5505.0,5503.0,5503.0,600
2026-09-29 13:08:00,1790654880,9706.T,5502.0,5507.0,5501.0,5507.0,1500
2026-09-29 13:09:00,1790654940,9706.T,5506.0,5506.0,5503.0,5503.0,400
2026-09-29 13:10:00,1790655000,9706.T,5502.0,5503.0,5499.0,5501.0,2600
2026-09-29 13:11:00,1790655060,9706.T,5501.0,5503.0,5500.0,5502.0,700
2026-09-29 13:12:00,1790655120,9706.T,5503.0,5503.0,5503.0,5503.0,200
2026-09-29 13:13:00,1790655180,9706.T,5499.0,5500.0,5498.0,5500.0,500
2026-09-29 13:14:00,1790655240,9706.T,5497.0,5497.0,5497.0,5497.0,300
2026-09-29 13:15:00,1790655300,9706.T,5496.0,5496.0,5493.0,5493.0,1000
2026-09-29 13:16:00,1790655360,9706.T,5496.0,5496.0,5496.0,5496.0,100
2026-09-29 13:17:00,1790655420,9706.T,5493.0,5494.0,5492.0,5493.0,500
2026-09-29 13:18:00,1790655480,9706.T,5494.0,5496.0,5494.0,5496.0,300
2026-09-29 13:19:00,1790655540,9706.T,5497.0,5499.0,5497.0,5499.0,200
2026-09-29 13:21:00,1790655660,9706.T,5497.0,5498.0,5495.0,5498.0,600
2026-09-29 13:22:00,1790655720,9706.T,5498.0,5498.0,5495.0,5497.0,800
2026-09-29 13:23:00,1790655780,9706.T,5494.0,5494.0,5493.0,5493.0,400
2026-09-29 13:24:00,1790655840,9706.T,5495.0,5495.0,5491.0,5491.0,400
2026-09-29 13:25:00,1790655900,9706.T,5491.0,5495.0,5491.0,5492.0,1000
2026-09-29 13:26:00,1790655960,9706.T,5492.0,5495.0,5492.0,5495.0,300
2026-09-29 13:28:00,1790656080,9706.T,5493.0,5493.0,5492.0,5492.0,300
2026-09-29 13:30:00,1790656200,9706.T,5492.0,5492.0,5490.0,5490.0,500
2026-09-29 13:31:00,1790656260,9706.T,5491.0,5491.0,5491.0,5491.0,100
2026-09-29 13:33:00,1790656380,9706.T,5490.0,5494.0,5489.0,5493.0,2600
2026-09-29 13:34:00,1790656440,9706.T,5492.0,5493.0,5491.0,5491.0,700
2026-09-29 13:35:00,1790656500,9706.T,5490.0,5492.0,5490.0,5492.0,200
2026-09-29 13:36:00,1790656560,9706.T,5489.0,5492.0,5487.0,5492.0,1200
2026-09-29 13:39:00,1790656740,9706.T,5493.0,5493.0,5491.0,5492.0,700
2026-09-29 13:40:00,1790656800,9706.T,5494.0,5501.0,5494.0,5497.0,2700
2026-09-29 13:41:00,1790656860,9706.T,5497.0,5497.0,5497.0,5497.0,200
2026-09-29 13:42:00,1790656920,9706.T,5498.0,5498.0,5494.0,5497.0,4700
2026-09-29 13:43:00,1790656980,9706.T,5497.0,5498.0,5497.0,5497.0,1000
2026-09-29 13:44:00,1790657040,9706.T,5494.0,5497.0,5493.0,5493.0,1700
2026-09-29 13:45:00,1790657100,9706.T,5496.0,5497.0,5493.0,5493.0,700
2026-09-29 13:46:00,1790657160,9706.T,5496.0,5496.0,5496.0,5496.0,100
2026-09-29 13:47:00,1790657220,9706.T,5496.0,5496.0,5496.0,5496.0,200
2026-09-29 13:48:00,1790657280,9706.T,5497.0,5499.0,5497.0,5497.0,800
2026-09-29 13:49:00,1790657340,9706.T,5495.0,5499.0,5494.0,5499.0,700
2026-09-29 13:50:00,1790657400,9706.T,5496.0,5498.0,5496.0,5498.0,800
2026-09-29 13:51:00,1790657460,9706.T,5498.0,5501.0,5498.0,5500.0,700
2026-09-29 13:52:00,1790657520,9706.T,5499.0,5499.0,5499.0,5499.0,200
2026-09-29 13:53:00,1790657580,9706.T,5500.0,5503.0,5498.0,5503.0,2100
2026-09-29 13:54:00,1790657640,9706.T,5504.0,5504.0,5504.0,5504.0,100
2026-09-29 13:55:00,1790657700,9706.T,5503.0,5503.0,5503.0,5503.0,100
2026-09-29 13:56:00,1790657760,9706.T,5505.0,5505.0,5505.0,5505.0,100
2026-09-29 13:57:00,1790657820,9706.T,5503.0,5504.0,5503.0,5503.0,400
2026-09-29 13:58:00,1790657880,9706.T,5501.0,5501.0,5501.0,5501.0,100
2026-09-29 13:59:00,1790657940,9706.T,5500.0,5502.0,5500.0,5502.0,800
2026-09-29 14:00:00,1790658000,9706.T,5499.0,5501.0,5497.0,5501.0,1000
2026-09-29 14:01:00,1790658060,9706.T,5498.0,5498.0,5495.0,5496.0,400
2026-09-29 14:02:00,1790658120,9706.T,5494.0,5494.0,5494.0,5494.0,200
2026-09-29 14:03:00,1790658180,9706.T,5493.0,5493.0,5493.0,5493.0,200
2026-09-29 14:04:00,1790658240,9706.T,5492.0,5492.0,5492.0,5492.0,200
2026-09-29 14:05:00,1790658300,9706.T,5490.0,5490.0,5488.0,5490.0,600
2026-09-29 14:06:00,1790658360,9706.T,5489.0,5489.0,5485.0,5487.0,1100
2026-09-29 14:07:00,1790658420,9706.T,5487.0,5489.0,5487.0,5489.0,1200
2026-09-29 14:08:00,1790658480,9706.T,5488.0,5488.0,5488.0,5488.0,200
2026-09-29 14:09:00,1790658540,9706.T,5489.0,5489.0,5488.0,5488.0,200
2026-09-29 14:10:00,1790658600,9706.T,5490.0,5490.0,5490.0,5490.0,100
2026-09-29 14:11:00,1790658660,9706.T,5489.0,5491.0,5488.0,5489.0,1800
2026-09-29 14:13:00,1790658780,9706.T,5488.0,5490.0,5488.0,5490.0,700
2026-09-29 14:14:00,1790658840,9706.T,5489.0,5491.0,5487.0,5491.0,600
2026-09-29 14:15:00,1790658900,9706.T,5490.0,5491.0,5489.0,5489.0,1000
2026-09-29 14:16:00,1790658960,9706.T,5489.0,5489.0,5487.0,5488.0,900
2026-09-29 14:18:00,1790659080,9706.T,5489.0,5491.0,5486.0,5489.0,2100
2026-09-29 14:19:00,1790659140,9706.T,5487.0,5487.0,5483.0,5483.0,600
2026-09-29 14:20:00,1790659200,9706.T,5482.0,5482.0,5477.0,5481.0,1700
2026-09-29 14:21:00,1790659260,9706.T,5483.0,5483.0,5482.0,5482.0,200
2026-09-29 14:22:00,1790659320,9706.T,5479.0,5479.0,5478.0,5478.0,200
2026-09-29 14:23:00,1790659380,9706.T,5477.0,5480.0,5476.0,5479.0,1700
2026-09-29 14:24:00,1790659440,9706.T,5479.0,5479.0,5476.0,5476.0,300
2026-09-29 14:25:00,1790659500,9706.T,5478.0,5483.0,5477.0,5480.0,2400
2026-09-29 14:26:00,1790659560,9706.T,5480.0,5480.0,5480.0,5480.0,200
2026-09-29 14:27:00,1790659620,9706.T,5481.0,5481.0,5480.0,5480.0,400
2026-09-29 14:28:00,1790659680,9706.T,5477.0,5479.0,5477.0,5479.0,200
2026-09-29 14:29:00,1790659740,9706.T,5475.0,5475.0,5475.0,5475.0,100
2026-09-29 14:30:00,1790659800,9706.T,5475.0,5475.0,5473.0,5475.0,400
2026-09-29 14:31:00,1790659860,9706.T,5472.0,5472.0,5470.0,5471.0,1500
2026-09-29 14:32:00,1790659920,9706.T,5468.0,5470.0,5466.0,5470.0,1600
2026-09-29 14:34:00,1790660040,9706.T,5465.0,5465.0,5465.0,5465.0,200
2026-09-29 14:35:00,1790660100,9706.T,5463.0,5463.0,5461.0,5461.0,800
2026-09-29 14:36:00,1790660160,9706.T,5463.0,5463.0,5460.0,5460.0,900
2026-09-29 14:37:00,1790660220,9706.T,5461.0,5462.0,5461.0,5462.0,300
2026-09-29 14:39:00,1790660340,9706.T,5463.0,5464.0,5461.0,5462.0,1400
2026-09-29 14:41:00,1790660460,9706.T,5459.0,5459.0,5458.0,5459.0,600
2026-09-29 14:42:00,1790660520,9706.T,5459.0,5459.0,5456.0,5456.0,500
2026-09-29 14:43:00,1790660580,9706.T,5454.0,5456.0,5453.0,5453.0,900
2026-09-29 14:44:00,1790660640,9706.T,5455.0,5455.0,5455.0,5455.0,600
2026-09-29 14:45:00,1790660700,9706.T,5453.0,5458.0,5452.0,5456.0,1500
2026-09-29 14:46:00,1790660760,9706.T,5454.0,5454.0,5454.0,5454.0,200
2026-09-29 14:47:00,1790660820,9706.T,5456.0,5456.0,5456.0,5456.0,100
2026-09-29 14:49:00,1790660940,9706.T,5454.0,5454.0,5454.0,5454.0,100
2026-09-29 14:50:00,1790661000,9706.T,5455.0,5455.0,5453.0,5454.0,300
2026-09-29 14:51:00,1790661060,9706.T,5453.0,5454.0,5452.0,5453.0,500
2026-09-29 14:53:00,1790661180,9706.T,5454.0,5457.0,5453.0,5454.0,1100
2026-09-29 14:54:00,1790661240,9706.T,5455.0,5455.0,5453.0,5454.0,500
2026-09-29 14:55:00,1790661300,9706.T,5454.0,5454.0,5454.0,5454.0,200
2026-09-29 14:57:00,1790661420,9706.T,5452.0,5456.0,5452.0,5456.0,1100
2026-09-29 14:58:00,1790661480,9706.T,5457.0,5457.0,5454.0,5455.0,600
2026-09-29 14:59:00,1790661540,9706.T,5454.0,5454.0,5454.0,5454.0,300
2026-09-29 15:00:00,1790661600,9706.T,5455.0,5456.0,5444.0,5447.0,4400
2026-09-29 15:01:00,1790661660,9706.T,5443.0,5443.0,5443.0,5443.0,100
2026-09-29 15:02:00,1790661720,9706.T,5442.0,5445.0,5442.0,5443.0,1500
2026-09-29 15:03:00,1790661780,9706.T,5443.0,5444.0,5443.0,5444.0,400
2026-09-29 15:04:00,1790661840,9706.T,5442.0,5445.0,5442.0,5444.0,1600
2026-09-29 15:05:00,1790661900,9706.T,5443.0,5443.0,5441.0,5442.0,900
2026-09-29 15:06:00,1790661960,9706.T,5441.0,5444.0,5439.0,5440.0,5800
2026-09-29 15:07:00,1790662020,9706.T,5440.0,5440.0,5439.0,5439.0,600
2026-09-29 15:08:00,1790662080,9706.T,5439.0,5445.0,5439.0,5444.0,3800
2026-09-29 15:09:00,1790662140,9706.T,5443.0,5447.0,5443.0,5447.0,600
2026-09-29 15:11:00,1790662260,9706.T,5450.0,5454.0,5450.0,5452.0,4100
2026-09-29 15:12:00,1790662320,9706.T,5453.0,5454.0,5453.0,5453.0,1100
2026-09-29 15:13:00,1790662380,9706.T,5454.0,5455.0,5453.0,5453.0,1200
2026-09-29 15:14:00,1790662440,9706.T,5453.0,5453.0,5452.0,5453.0,300
2026-09-29 15:15:00,1790662500,9706.T,5454.0,5455.0,5453.0,5453.0,1500
2026-09-29 15:16:00,1790662560,9706.T,5452.0,5452.0,5447.0,5447.0,1400
2026-09-29 15:17:00,1790662620,9706.T,5445.0,5449.0,5442.0,5449.0,2700
2026-09-29 15:18:00,1790662680,9706.T,5448.0,5450.0,5447.0,5450.0,600
2026-09-29 15:19:00,1790662740,9706.T,5450.0,5452.0,5449.0,5452.0,800
2026-09-29 15:20:00,1790662800,9706.T,5451.0,5451.0,5445.0,5449.0,4000
2026-09-29 15:21:00,1790662860,9706.T,5447.0,5450.0,5443.0,5448.0,3300
2026-09-29 15:22:00,1790662920,9706.T,5449.0,5454.0,5447.0,5453.0,3200
2026-09-29 15:23:00,1790662980,9706.T,5450.0,5454.0,5450.0,5452.0,600
2026-09-29 15:24:00,1790663040,9706.T,5450.0,5456.0,5444.0,5445.0,12300
2026-09-30 09:05:00,1790726700,9706.T,5472.0,5481.0,5472.0,5479.0,0
2026-09-30 09:06:00,1790726760,9706.T,5475.0,5482.0,5473.0,5482.0,3400
2026-09-30 09:07:00,1790726820,9706.T,5479.0,5479.0,5472.0,5472.0,1000
2026-09-30 09:08:00,1790726880,9706.T,5467.0,5470.0,5465.0,5465.0,1600
2026-09-30 09:09:00,1790726940,9706.T,5464.0,5464.0,5458.0,5461.0,3900
2026-09-30 09:10:00,1790727000,9706.T,5460.0,5465.0,5458.0,5458.0,1200
2026-09-30 09:11:00,1790727060,9706.T,5461.0,5464.0,5461.0,5463.0,700
2026-09-30 09:12:00,1790727120,9706.T,5460.0,5470.0,5454.0,5469.0,9900
2026-09-30 09:13:00,1790727180,9706.T,5470.0,5480.0,5465.0,5480.0,2900
2026-09-30 09:14:00,1790727240,9706.T,5478.0,5478.0,5477.0,5478.0,400
2026-09-30 09:15:00,1790727300,9706.T,5477.0,5477.0,5469.0,5471.0,3600
2026-09-30 09:16:00,1790727360,9706.T,5472.0,5479.0,5472.0,5477.0,1400
2026-09-30 09:18:00,1790727480,9706.T,5474.0,5476.0,5471.0,5474.0,2100
2026-09-30 09:19:00,1790727540,9706.T,5474.0,5476.0,5474.0,5476.0,400
2026-09-30 09:20:00,1790727600,9706.T,5478.0,5478.0,5465.0,5469.0,2400
2026-09-30 09:21:00,1790727660,9706.T,5463.0,5468.0,5459.0,5465.0,4000
2026-09-30 09:22:00,1790727720,9706.T,5466.0,5466.0,5453.0,5455.0,1000
2026-09-30 09:23:00,1790727780,9706.T,5454.0,5456.0,5450.0,5452.0,1100
2026-09-30 09:24:00,1790727840,9706.T,5450.0,5451.0,5446.0,5451.0,2100
2026-09-30 09:25:00,1790727900,9706.T,5448.0,5451.0,5445.0,5445.0,500
2026-09-30 09:26:00,1790727960,9706.T,5444.0,5445.0,5442.0,5442.0,800
2026-09-30 09:27:00,1790728020,9706.T,5440.0,5440.0,5440.0,5440.0,200
2026-09-30 09:28:00,1790728080,9706.T,5437.0,5437.0,5430.0,5430.0,800
2026-09-30 09:29:00,1790728140,9706.T,5429.0,5429.0,5426.0,5426.0,200
2026-09-30 09:30:00,1790728200,9706.T,5425.0,5430.0,5421.0,5429.0,2800
2026-09-30 09:31:00,1790728260,9706.T,5429.0,5429.0,5427.0,5428.0,600
2026-09-30 09:32:00,1790728320,9706.T,5431.0,5438.0,5414.0,5414.0,5400
2026-09-30 09:33:00,1790728380,9706.T,5412.0,5415.0,5409.0,5415.0,1100
2026-09-30 09:34:00,1790728440,9706.T,5416.0,5416.0,5416.0,5416.0,100
2026-09-30 09:35:00,1790728500,9706.T,5415.0,5415.0,5412.0,5412.0,1500
2026-09-30 09:36:00,1790728560,9706.T,5413.0,5417.0,5412.0,5417.0,1600
2026-09-30 09:37:00,1790728620,9706.T,5419.0,5424.0,5419.0,5424.0,500
2026-09-30 09:38:00,1790728680,9706.T,5428.0,5428.0,5426.0,5427.0,300
2026-09-30 09:39:00,1790728740,9706.T,5428.0,5432.0,5428.0,5429.0,600
2026-09-30 09:40:00,1790728800,9706.T,5427.0,5428.0,5424.0,5427.0,1300
2026-09-30 09:42:00,1790728920,9706.T,5423.0,5423.0,5423.0,5423.0,100
2026-09-30 09:43:00,1790728980,9706.T,5424.0,5439.0,5424.0,5439.0,2000
2026-09-30 09:44:00,1790729040,9706.T,5440.0,5440.0,5440.0,5440.0,100
2026-09-30 09:45:00,1790729100,9706.T,5442.0,5455.0,5441.0,5453.0,2800
2026-09-30 09:46:00,1790729160,9706.T,5453.0,5453.0,5453.0,5453.0,400
2026-09-30 09:47:00,1790729220,9706.T,5454.0,5457.0,5453.0,5457.0,500
2026-09-30 09:48:00,1790729280,9706.T,5462.0,5462.0,5459.0,5459.0,700
2026-09-30 09:49:00,1790729340,9706.T,5458.0,5462.0,5453.0,5461.0,4600
2026-09-30 09:51:00,1790729460,9706.T,5459.0,5462.0,5456.0,5456.0,500
2026-09-30 09:52:00,1790729520,9706.T,5458.0,5459.0,5458.0,5459.0,200
2026-09-30 09:53:00,1790729580,9706.T,5455.0,5458.0,5454.0,5457.0,800
2026-09-30 09:54:00,1790729640,9706.T,5456.0,5456.0,5453.0,5453.0,500
2026-09-30 09:55:00,1790729700,9706.T,5452.0,5452.0,5448.0,5450.0,1800
2026-09-30 09:56:00,1790729760,9706.T,5450.0,5452.0,5448.0,5448.0,1200
2026-09-30 09:57:00,1790729820,9706.T,5445.0,5449.0,5445.0,5449.0,500
2026-09-30 09:58:00,1790729880,9706.T,5451.0,5452.0,5451.0,5451.0,300
2026-09-30 09:59:00,1790729940,9706.T,5452.0,5452.0,5452.0,5452.0,100
2026-09-30 10:00:00,1790730000,9706.T,5452.0,5455.0,5451.0,5452.0,1500
2026-09-30 10:02:00,1790730120,9706.T,5448.0,5448.0,5441.0,5443.0,1900
2026-09-30 10:03:00,1790730180,9706.T,5440.0,5443.0,5439.0,5442.0,1000
2026-09-30 10:04:00,1790730240,9706.T,5444.0,5444.0,5442.0,5444.0,400
2026-09-30 10:05:00,1790730300,9706.T,5449.0,5452.0,5449.0,5452.0,300
2026-09-30 10:07:00,1790730420,9706.T,5455.0,5458.0,5452.0,5454.0,1500
2026-09-30 10:08:00,1790730480,9706.T,5452.0,5452.0,5452.0,5452.0,300
2026-09-30 10:09:00,1790730540,9706.T,5449.0,5451.0,5449.0,5449.0,1100
2026-09-30 10:11:00,1790730660,9706.T,5449.0,5452.0,5448.0,5448.0,500
2026-09-30 10:12:00,1790730720,9706.T,5448.0,5448.0,5445.0,5445.0,900
2026-09-30 10:13:00,1790730780,9706.T,5444.0,5447.0,5444.0,5445.0,700
2026-09-30 10:15:00,1790730900,9706.T,5445.0,5445.0,5444.0,5444.0,500
2026-09-30 10:16:00,1790730960,9706.T,5443.0,5445.0,5441.0,5441.0,600
2026-09-30 10:17:00,1790731020,9706.T,5442.0,5443.0,5442.0,5443.0,400
2026-09-30 10:18:00,1790731080,9706.T,5442.0,5443.0,5439.0,5443.0,1400
2026-09-30 10:21:00,1790731260,9706.T,5440.0,5440.0,5440.0,5440.0,100
2026-09-30 10:23:00,1790731380,9706.T,5440.0,5441.0,5440.0,5440.0,400
2026-09-30 10:24:00,1790731440,9706.T,5440.0,5441.0,5434.0,5439.0,2000
2026-09-30 10:26:00,1790731560,9706.T,5438.0,5444.0,5438.0,5444.0,1400
2026-09-30 10:27:00,1790731620,9706.T,5441.0,5442.0,5438.0,5442.0,1000
2026-09-30 10:28:00,1790731680,9706.T,5443.0,5443.0,5443.0,5443.0,100
2026-09-30 10:29:00,1790731740,9706.T,5445.0,5447.0,5445.0,5445.0,600
2026-09-30 10:30:00,1790731800,9706.T,5444.0,5446.0,5442.0,5446.0,1200
2026-09-30 10:31:00,1790731860,9706.T,5445.0,5447.0,5445.0,5447.0,300
2026-09-30 10:32:00,1790731920,9706.T,5450.0,5450.0,5448.0,5448.0,500
2026-09-30 10:33:00,1790731980,9706.T,5447.0,5449.0,5447.0,5449.0,500
2026-09-30 10:34:00,1790732040,9706.T,5452.0,5453.0,5449.0,5449.0,500
2026-09-30 10:35:00,1790732100,9706.T,5448.0,5450.0,5447.0,5450.0,900
2026-09-30 10:37:00,1790732220,9706.T,5448.0,5448.0,5448.0,5448.0,100
2026-09-30 10:38:00,1790732280,9706.T,5449.0,5449.0,5447.0,5447.0,500
2026-09-30 10:39:00,1790732340,9706.T,5447.0,5450.0,5447.0,5448.0,600
2026-09-30 10:40:00,1790732400,9706.T,5451.0,5451.0,5450.0,5451.0,300
2026-09-30 10:41:00,1790732460,9706.T,5450.0,5450.0,5450.0,5450.0,100
2026-09-30 10:43:00,1790732580,9706.T,5449.0,5451.0,5449.0,5451.0,200
2026-09-30 10:44:00,1790732640,9706.T,5449.0,5449.0,5448.0,5448.0,300
2026-09-30 10:45:00,1790732700,9706.T,5447.0,5449.0,5446.0,5449.0,1300
2026-09-30 10:46:00,1790732760,9706.T,5449.0,5449.0,5446.0,5448.0,900
2026-09-30 10:47:00,1790732820,9706.T,5446.0,5446.0,5446.0,5446.0,100
2026-09-30 10:48:00,1790732880,9706.T,5448.0,5448.0,5446.0,5446.0,200
2026-09-30 10:50:00,1790733000,9706.T,5448.0,5449.0,5447.0,5448.0,800
2026-09-30 10:52:00,1790733120,9706.T,5448.0,5449.0,5447.0,5448.0,900
2026-09-30 10:53:00,1790733180,9706.T,5449.0,5449.0,5448.0,5448.0,600
2026-09-30 10:54:00,1790733240,9706.T,5447.0,5447.0,5444.0,5445.0,1000
2026-09-30 10:55:00,1790733300,9706.T,5446.0,5449.0,5446.0,5449.0,500
2026-09-30 10:56:00,1790733360,9706.T,5448.0,5451.0,5448.0,5451.0,200
2026-09-30 10:57:00,1790733420,9706.T,5452.0,5453.0,5450.0,5450.0,400
2026-09-30 10:58:00,1790733480,9706.T,5450.0,5451.0,5449.0,5450.0,1000
2026-09-30 10:59:00,1790733540,9706.T,5449.0,5450.0,5447.0,5450.0,800
2026-09-30 11:00:00,1790733600,9706.T,5451.0,5451.0,5451.0,5451.0,200
2026-09-30 11:01:00,1790733660,9706.T,5454.0,5458.0,5454.0,5456.0,1200
2026-09-30 11:02:00,1790733720,9706.T,5457.0,5457.0,5455.0,5456.0,400
2026-09-30 11:04:00,1790733840,9706.T,5454.0,5457.0,5453.0,5454.0,1600
2026-09-30 11:05:00,1790733900,9706.T,5456.0,5456.0,5452.0,5456.0,800
2026-09-30 11:06:00,1790733960,9706.T,5450.0,5450.0,5448.0,5448.0,400
2026-09-30 11:07:00,1790734020,9706.T,5448.0,5450.0,5445.0,5449.0,1400
2026-09-30 11:08:00,1790734080,9706.T,5449.0,5449.0,5447.0,5448.0,1000
2026-09-30 11:09:00,1790734140,9706.T,5448.0,5448.0,5448.0,5448.0,200
2026-09-30 11:10:00,1790734200,9706.T,5448.0,5448.0,5448.0,5448.0,100
2026-09-30 11:11:00,1790734260,9706.T,5447.0,5447.0,5442.0,5442.0,1000
2026-09-30 11:12:00,1790734320,9706.T,5444.0,5447.0,5444.0,5445.0,1400
2026-09-30 11:13:00,1790734380,9706.T,5445.0,5448.0,5445.0,5448.0,1100
2026-09-30 11:14:00,1790734440,9706.T,5449.0,5450.0,5446.0,5446.0,500
2026-09-30 11:15:00,1790734500,9706.T,5448.0,5449.0,5447.0,5448.0,500
2026-09-30 11:16:00,1790734560,9706.T,5447.0,5449.0,5446.0,5449.0,900
2026-09-30 11:17:00,1790734620,9706.T,5450.0,5450.0,5448.0,5448.0,400
2026-09-30 11:18:00,1790734680,9706.T,5447.0,5447.0,5444.0,5444.0,1000
2026-09-30 11:20:00,1790734800,9706.T,5441.0,5441.0,5439.0,5440.0,400
2026-09-30 11:21:00,1790734860,9706.T,5439.0,5439.0,5439.0,5439.0,200
2026-09-30 11:22:00,1790734920,9706.T,5439.0,5439.0,5437.0,5438.0,800
2026-09-30 11:23:00,1790734980,9706.T,5437.0,5437.0,5437.0,5437.0,200
2026-09-30 11:24:00,1790735040,9706.T,5437.0,5439.0,5434.0,5437.0,1200
2026-09-30 11:25:00,1790735100,9706.T,5436.0,5439.0,5435.0,5438.0,2300
2026-09-30 11:26:00,1790735160,9706.T,5440.0,5440.0,5440.0,5440.0,100
2026-09-30 11:27:00,1790735220,9706.T,5440.0,5440.0,5436.0,5438.0,1800
2026-09-30 11:28:00,1790735280,9706.T,5437.0,5441.0,5437.0,5439.0,700
2026-09-30 11:29:00,1790735340,9706.T,5440.0,5441.0,5440.0,5441.0,200
2026-09-30 11:30:00,1790735400,9706.T,5447.0,5447.0,5447.0,5447.0,800
2026-09-30 12:30:00,1790739000,9706.T,5454.0,5454.0,5442.0,5445.0,16300
2026-09-30 12:31:00,1790739060,9706.T,5447.0,5456.0,5447.0,5454.0,2500
2026-09-30 12:32:00,1790739120,9706.T,5454.0,5454.0,5454.0,5454.0,200
2026-09-30 12:33:00,1790739180,9706.T,5456.0,5456.0,5451.0,5454.0,1000
2026-09-30 12:34:00,1790739240,9706.T,5454.0,5456.0,5446.0,5450.0,1400
2026-09-30 12:35:00,1790739300,9706.T,5451.0,5451.0,5446.0,5446.0,1800
2026-09-30 12:36:00,1790739360,9706.T,5448.0,5448.0,5443.0,5445.0,1100
2026-09-30 12:37:00,1790739420,9706.T,5445.0,5445.0,5445.0,5445.0,100
2026-09-30 12:38:00,1790739480,9706.T,5444.0,5446.0,5431.0,5434.0,9100
2026-09-30 12:39:00,1790739540,9706.T,5438.0,5441.0,5437.0,5439.0,1800
2026-09-30 12:40:00,1790739600,9706.T,5440.0,5444.0,5440.0,5444.0,2200
2026-09-30 12:41:00,1790739660,9706.T,5446.0,5446.0,5440.0,5444.0,3400
2026-09-30 12:42:00,1790739720,9706.T,5445.0,5451.0,5443.0,5443.0,4600
2026-09-30 12:43:00,1790739780,9706.T,5441.0,5443.0,5439.0,5439.0,2600
2026-09-30 12:44:00,1790739840,9706.T,5438.0,5438.0,5413.0,5430.0,7900
2026-09-30 12:45:00,1790739900,9706.T,5429.0,5430.0,5426.0,5427.0,900
2026-09-30 12:46:00,1790739960,9706.T,5426.0,5435.0,5422.0,5427.0,4400
2026-09-30 12:47:00,1790740020,9706.T,5426.0,5427.0,5425.0,5426.0,1000
2026-09-30 12:48:00,1790740080,9706.T,5427.0,5430.0,5426.0,5430.0,900
2026-09-30 12:49:00,1790740140,9706.T,5428.0,5429.0,5428.0,5428.0,800
2026-09-30 12:50:00,1790740200,9706.T,5428.0,5432.0,5427.0,5432.0,1000
2026-09-30 12:51:00,1790740260,9706.T,5433.0,5433.0,5431.0,5432.0,1100
2026-09-30 12:52:00,1790740320,9706.T,5432.0,5433.0,5432.0,5432.0,300
2026-09-30 12:53:00,1790740380,9706.T,5432.0,5432.0,5429.0,5429.0,1300
2026-09-30 12:54:00,1790740440,9706.T,5430.0,5430.0,5430.0,5430.0,200
2026-09-30 12:55:00,1790740500,9706.T,5429.0,5429.0,5429.0,5429.0,300
2026-09-30 12:56:00,1790740560,9706.T,5429.0,5429.0,5424.0,5426.0,2600
2026-09-30 12:57:00,1790740620,9706.T,5426.0,5426.0,5426.0,5426.0,200
2026-09-30 12:58:00,1790740680,9706.T,5426.0,5426.0,5423.0,5425.0,1000
2026-09-30 13:00:00,1790740800,9706.T,5424.0,5431.0,5424.0,5429.0,2800
2026-09-30 13:01:00,1790740860,9706.T,5430.0,5434.0,5429.0,5434.0,700
2026-09-30 13:02:00,1790740920,9706.T,5431.0,5443.0,5430.0,5442.0,1900
2026-09-30 13:03:00,1790740980,9706.T,5439.0,5447.0,5439.0,5444.0,2300
2026-09-30 13:04:00,1790741040,9706.T,5442.0,5442.0,5442.0,5442.0,200
2026-09-30 13:05:00,1790741100,9706.T,5440.0,5440.0,5440.0,5440.0,100
2026-09-30 13:06:00,1790741160,9706.T,5440.0,5442.0,5439.0,5440.0,800
2026-09-30 13:07:00,1790741220,9706.T,5439.0,5439.0,5439.0,5439.0,100
2026-09-30 13:08:00,1790741280,9706.T,5438.0,5442.0,5438.0,5442.0,1300
2026-09-30 13:10:00,1790741400,9706.T,5440.0,5444.0,5439.0,5444.0,1000
2026-09-30 13:11:00,1790741460,9706.T,5444.0,5444.0,5444.0,5444.0,100
2026-09-30 13:12:00,1790741520,9706.T,5445.0,5450.0,5445.0,5446.0,2400
2026-09-30 13:13:00,1790741580,9706.T,5445.0,5445.0,5441.0,5442.0,1200
2026-09-30 13:14:00,1790741640,9706.T,5442.0,5444.0,5442.0,5443.0,600
2026-09-30 13:15:00,1790741700,9706.T,5443.0,5444.0,5443.0,5444.0,300
2026-09-30 13:17:00,1790741820,9706.T,5444.0,5448.0,5444.0,5448.0,1200
2026-09-30 13:18:00,1790741880,9706.T,5447.0,5449.0,5445.0,5449.0,700
2026-09-30 13:19:00,1790741940,9706.T,5449.0,5453.0,5449.0,5452.0,500
2026-09-30 13:20:00,1790742000,9706.T,5451.0,5451.0,5451.0,5451.0,100
2026-09-30 13:21:00,1790742060,9706.T,5453.0,5454.0,5453.0,5454.0,300
2026-09-30 13:22:00,1790742120,9706.T,5451.0,5453.0,5449.0,5453.0,1200
2026-09-30 13:24:00,1790742240,9706.T,5453.0,5458.0,5452.0,5456.0,4500
2026-09-30 13:25:00,1790742300,9706.T,5455.0,5455.0,5454.0,5454.0,600
2026-09-30 13:26:00,1790742360,9706.T,5456.0,5459.0,5455.0,5459.0,1500
2026-09-30 13:27:00,1790742420,9706.T,5460.0,5466.0,5460.0,5465.0,1900
2026-09-30 13:28:00,1790742480,9706.T,5464.0,5469.0,5463.0,5468.0,1200
2026-09-30 13:29:00,1790742540,9706.T,5465.0,5465.0,5463.0,5464.0,1300
2026-09-30 13:30:00,1790742600,9706.T,5461.0,5461.0,5456.0,5456.0,3100
2026-09-30 13:31:00,1790742660,9706.T,5457.0,5457.0,5453.0,5453.0,800
2026-09-30 13:32:00,1790742720,9706.T,5458.0,5458.0,5453.0,5453.0,300
2026-09-30 13:33:00,1790742780,9706.T,5453.0,5453.0,5451.0,5451.0,600
2026-09-30 13:34:00,1790742840,9706.T,5451.0,5458.0,5451.0,5458.0,2700
2026-09-30 13:35:00,1790742900,9706.T,5457.0,5458.0,5456.0,5456.0,1000
2026-09-30 13:36:00,1790742960,9706.T,5458.0,5458.0,5456.0,5457.0,600
2026-09-30 13:37:00,1790743020,9706.T,5456.0,5456.0,5453.0,5454.0,800
2026-09-30 13:38:00,1790743080,9706.T,5452.0,5452.0,5447.0,5448.0,1100
2026-09-30 13:39:00,1790743140,9706.T,5448.0,5448.0,5443.0,5443.0,1000
2026-09-30 13:40:00,1790743200,9706.T,5444.0,5444.0,5444.0,5444.0,200
2026-09-30 13:41:00,1790743260,9706.T,5442.0,5444.0,5441.0,5444.0,700
2026-09-30 13:42:00,1790743320,9706.T,5442.0,5444.0,5441.0,5444.0,1600
2026-09-30 13:43:00,1790743380,9706.T,5443.0,5446.0,5443.0,5446.0,700
2026-09-30 13:44:00,1790743440,9706.T,5447.0,5452.0,5447.0,5452.0,800
2026-09-30 13:45:00,1790743500,9706.T,5450.0,5450.0,5448.0,5448.0,900
2026-09-30 13:46:00,1790743560,9706.T,5448.0,5455.0,5448.0,5454.0,1700
2026-09-30 13:48:00,1790743680,9706.T,5454.0,5455.0,5453.0,5455.0,700
2026-09-30 13:49:00,1790743740,9706.T,5456.0,5456.0,5453.0,5454.0,600
2026-09-30 13:50:00,1790743800,9706.T,5455.0,5460.0,5454.0,5459.0,2200
2026-09-30 13:51:00,1790743860,9706.T,5460.0,5460.0,5460.0,5460.0,100
2026-09-30 13:52:00,1790743920,9706.T,5460.0,5465.0,5460.0,5465.0,400
2026-09-30 13:53:00,1790743980,9706.T,5466.0,5467.0,5464.0,5464.0,1000
2026-09-30 13:55:00,1790744100,9706.T,5462.0,5462.0,5450.0,5452.0,4200
2026-09-30 13:56:00,1790744160,9706.T,5451.0,5453.0,5444.0,5444.0,3600
2026-09-30 13:57:00,1790744220,9706.T,5445.0,5447.0,5442.0,5442.0,900
2026-09-30 13:58:00,1790744280,9706.T,5444.0,5444.0,5444.0,5444.0,200
2026-09-30 13:59:00,1790744340,9706.T,5443.0,5444.0,5441.0,5443.0,1000
2026-09-30 14:00:00,1790744400,9706.T,5440.0,5442.0,5437.0,5437.0,1900
2026-09-30 14:01:00,1790744460,9706.T,5435.0,5436.0,5433.0,5433.0,1700
2026-09-30 14:02:00,1790744520,9706.T,5436.0,5437.0,5434.0,5436.0,1600
2026-09-30 14:03:00,1790744580,9706.T,5432.0,5437.0,5432.0,5436.0,2200
2026-09-30 14:04:00,1790744640,9706.T,5436.0,5436.0,5436.0,5436.0,200
2026-09-30 14:05:00,1790744700,9706.T,5432.0,5432.0,5432.0,5432.0,100
2026-09-30 14:07:00,1790744820,9706.T,5434.0,5435.0,5431.0,5434.0,1800
2026-09-30 14:08:00,1790744880,9706.T,5432.0,5436.0,5431.0,5436.0,1900
2026-09-30 14:09:00,1790744940,9706.T,5437.0,5440.0,5436.0,5439.0,1800
2026-09-30 14:10:00,1790745000,9706.T,5439.0,5443.0,5439.0,5443.0,1800
2026-09-30 14:11:00,1790745060,9706.T,5442.0,5449.0,5442.0,5449.0,1400
2026-09-30 14:12:00,1790745120,9706.T,5448.0,5448.0,5446.0,5446.0,300
2026-09-30 14:13:00,1790745180,9706.T,5448.0,5448.0,5443.0,5446.0,2100
2026-09-30 14:14:00,1790745240,9706.T,5447.0,5447.0,5441.0,5441.0,1400
2026-09-30 14:15:00,1790745300,9706.T,5440.0,5440.0,5432.0,5433.0,900
2026-09-30 14:16:00,1790745360,9706.T,5434.0,5436.0,5432.0,5435.0,1600
2026-09-30 14:18:00,1790745480,9706.T,5434.0,5434.0,5431.0,5433.0,1300
2026-09-30 14:19:00,1790745540,9706.T,5432.0,5434.0,5431.0,5434.0,1700
2026-09-30 14:20:00,1790745600,9706.T,5434.0,5438.0,5434.0,5438.0,2000
2026-09-30 14:21:00,1790745660,9706.T,5437.0,5438.0,5437.0,5437.0,400
2026-09-30 14:22:00,1790745720,9706.T,5437.0,5438.0,5436.0,5436.0,2100
2026-09-30 14:23:00,1790745780,9706.T,5436.0,5436.0,5434.0,5434.0,500
2026-09-30 14:24:00,1790745840,9706.T,5433.0,5433.0,5432.0,5433.0,1000
2026-09-30 14:25:00,1790745900,9706.T,5431.0,5437.0,5431.0,5436.0,1800
2026-09-30 14:26:00,1790745960,9706.T,5434.0,5436.0,5433.0,5433.0,1800
2026-09-30 14:27:00,1790746020,9706.T,5436.0,5436.0,5434.0,5434.0,1000
2026-09-30 14:28:00,1790746080,9706.T,5435.0,5436.0,5435.0,5436.0,300
2026-09-30 14:29:00,1790746140,9706.T,5438.0,5443.0,5437.0,5443.0,5500
2026-09-30 14:30:00,1790746200,9706.T,5441.0,5443.0,5440.0,5442.0,600
2026-09-30 14:31:00,1790746260,9706.T,5442.0,5445.0,5441.0,5445.0,1400
2026-09-30 14:32:00,1790746320,9706.T,5447.0,5453.0,5447.0,5453.0,3400
2026-09-30 14:33:00,1790746380,9706.T,5453.0,5455.0,5453.0,5455.0,500
2026-09-30 14:34:00,1790746440,9706.T,5453.0,5453.0,5453.0,5453.0,200
2026-09-30 14:35:00,1790746500,9706.T,5453.0,5453.0,5452.0,5452.0,400
2026-09-30 14:36:00,1790746560,9706.T,5451.0,5451.0,5451.0,5451.0,100
2026-09-30 14:37:00,1790746620,9706.T,5451.0,5452.0,5449.0,5452.0,1500
2026-09-30 14:38:00,1790746680,9706.T,5450.0,5452.0,5448.0,5450.0,3000
2026-09-30 14:39:00,1790746740,9706.T,5449.0,5450.0,5448.0,5448.0,500
2026-09-30 14:40:00,1790746800,9706.T,5448.0,5449.0,5446.0,5447.0,1400
2026-09-30 14:41:00,1790746860,9706.T,5447.0,5450.0,5445.0,5449.0,2600
2026-09-30 14:42:00,1790746920,9706.T,5449.0,5449.0,5446.0,5448.0,1100
2026-09-30 14:43:00,1790746980,9706.T,5448.0,5449.0,5448.0,5448.0,900
2026-09-30 14:44:00,1790747040,9706.T,5447.0,5448.0,5441.0,5442.0,2100
2026-09-30 14:45:00,1790747100,9706.T,5443.0,5445.0,5440.0,5445.0,3000
2026-09-30 14:46:00,1790747160,9706.T,5445.0,5448.0,5444.0,5447.0,1400
2026-09-30 14:47:00,1790747220,9706.T,5448.0,5449.0,5445.0,5449.0,1800
2026-09-30 14:48:00,1790747280,9706.T,5450.0,5451.0,5446.0,5451.0,1200
2026-09-30 14:49:00,1790747340,9706.T,5448.0,5450.0,5447.0,5450.0,1600
2026-09-30 14:50:00,1790747400,9706.T,5451.0,5451.0,5450.0,5450.0,300
2026-09-30 14:51:00,1790747460,9706.T,5450.0,5451.0,5449.0,5451.0,900
2026-09-30 14:52:00,1790747520,9706.T,5450.0,5451.0,5448.0,5451.0,1000
2026-09-30 14:53:00,1790747580,9706.T,5451.0,5453.0,5451.0,5451.0,1000
2026-09-30 14:54:00,1790747640,9706.T,5451.0,5451.0,5450.0,5450.0,200
2026-09-30 14:55:00,1790747700,9706.T,5449.0,5453.0,5449.0,5452.0,2200
2026-09-30 14:56:00,1790747760,9706.T,5452.0,5454.0,5450.0,5453.0,2500
2026-09-30 14:57:00,1790747820,9706.T,5453.0,5454.0,5453.0,5454.0,300
2026-09-30 14:58:00,1790747880,9706.T,5454.0,5454.0,5451.0,5451.0,1300
2026-09-30 14:59:00,1790747940,9706.T,5452.0,5454.0,5451.0,5452.0,2100
2026-09-30 15:00:00,1790748000,9706.T,5453.0,5455.0,5452.0,5452.0,1600
2026-09-30 15:01:00,1790748060,9706.T,5455.0,5457.0,5453.0,5456.0,1600
2026-09-30 15:02:00,1790748120,9706.T,5455.0,5462.0,5455.0,5462.0,1200
2026-09-30 15:03:00,1790748180,9706.T,5461.0,5463.0,5460.0,5460.0,600
2026-09-30 15:04:00,1790748240,9706.T,5461.0,5465.0,5461.0,5465.0,900
2026-09-30 15:05:00,1790748300,9706.T,5465.0,5466.0,5465.0,5466.0,200
2026-09-30 15:06:00,1790748360,9706.T,5464.0,5469.0,5462.0,5469.0,2900
2026-09-30 15:07:00,1790748420,9706.T,5470.0,5470.0,5468.0,5470.0,1900
2026-09-30 15:08:00,1790748480,9706.T,5468.0,5472.0,5468.0,5469.0,3000
2026-09-30 15:09:00,1790748540,9706.T,5468.0,5470.0,5468.0,5468.0,1200
2026-09-30 15:10:00,1790748600,9706.T,5469.0,5475.0,5468.0,5475.0,4000
2026-09-30 15:11:00,1790748660,9706.T,5474.0,5474.0,5472.0,5473.0,1400
2026-09-30 15:12:00,1790748720,9706.T,5471.0,5476.0,5471.0,5472.0,2600
2026-09-30 15:13:00,1790748780,9706.T,5473.0,5476.0,5472.0,5472.0,2300
2026-09-30 15:14:00,1790748840,9706.T,5473.0,5474.0,5472.0,5473.0,1100
2026-09-30 15:15:00,1790748900,9706.T,5473.0,5473.0,5470.0,5473.0,2400
2026-09-30 15:16:00,1790748960,9706.T,5470.0,5471.0,5470.0,5471.0,500
2026-09-30 15:17:00,1790749020,9706.T,5471.0,5471.0,5467.0,5469.0,1700
2026-09-30 15:18:00,1790749080,9706.T,5469.0,5471.0,5468.0,5469.0,3400
2026-09-30 15:19:00,1790749140,9706.T,5469.0,5469.0,5466.0,5469.0,1100
2026-09-30 15:20:00,1790749200,9706.T,5467.0,5469.0,5464.0,5469.0,2800
2026-09-30 15:21:00,1790749260,9706.T,5469.0,5473.0,5467.0,5469.0,4200
2026-09-30 15:22:00,1790749320,9706.T,5468.0,5472.0,5467.0,5472.0,1900
2026-09-30 15:23:00,1790749380,9706.T,5471.0,5475.0,5469.0,5473.0,2000
2026-09-30 15:24:00,1790749440,9706.T,5474.0,5474.0,5468.0,5471.0,3800
2026-10-01 09:04:00,1790813040,9706.T,5448.0,5448.0,5448.0,5448.0,0
2026-10-01 09:05:00,1790813100,9706.T,5422.0,5422.0,5410.0,5410.0,44100
2026-10-01 09:06:00,1790813160,9706.T,5410.0,5418.0,5390.0,5408.0,8800
2026-10-01 09:07:00,1790813220,9706.T,5409.0,5410.0,5401.0,5409.0,2700
2026-10-01 09:08:00,1790813280,9706.T,5404.0,5413.0,5402.0,5407.0,2000
2026-10-01 09:09:00,1790813340,9706.T,5406.0,5427.0,5406.0,5427.0,5000
2026-10-01 09:10:00,1790813400,9706.T,5420.0,5430.0,5420.0,5425.0,2000
2026-10-01 09:11:00,1790813460,9706.T,5426.0,5426.0,5424.0,5424.0,700
2026-10-01 09:12:00,1790813520,9706.T,5422.0,5424.0,5422.0,5424.0,400
2026-10-01 09:13:00,1790813580,9706.T,5422.0,5424.0,5415.0,5415.0,1700
2026-10-01 09:14:00,1790813640,9706.T,5416.0,5426.0,5414.0,5424.0,1500
2026-10-01 09:15:00,1790813700,9706.T,5427.0,5427.0,5415.0,5419.0,2300
2026-10-01 09:16:00,1790813760,9706.T,5416.0,5425.0,5414.0,5424.0,1400
2026-10-01 09:17:00,1790813820,9706.T,5421.0,5425.0,5419.0,5424.0,2600
2026-10-01 09:18:00,1790813880,9706.T,5429.0,5431.0,5429.0,5431.0,300
2026-10-01 09:19:00,1790813940,9706.T,5429.0,5432.0,5424.0,5424.0,2200
2026-10-01 09:20:00,1790814000,9706.T,5426.0,5430.0,5426.0,5427.0,400
2026-10-01 09:21:00,1790814060,9706.T,5431.0,5431.0,5428.0,5431.0,1200
2026-10-01 09:22:00,1790814120,9706.T,5427.0,5430.0,5423.0,5424.0,900
2026-10-01 09:23:00,1790814180,9706.T,5425.0,5428.0,5425.0,5428.0,800
2026-10-01 09:24:00,1790814240,9706.T,5427.0,5430.0,5423.0,5423.0,1600
2026-10-01 09:25:00,1790814300,9706.T,5425.0,5425.0,5414.0,5414.0,1100
2026-10-01 09:26:00,1790814360,9706.T,5410.0,5417.0,5407.0,5415.0,1600
2026-10-01 09:27:00,1790814420,9706.T,5420.0,5421.0,5420.0,5421.0,200
2026-10-01 09:28:00,1790814480,9706.T,5418.0,5418.0,5410.0,5412.0,5200
2026-10-01 09:29:00,1790814540,9706.T,5411.0,5411.0,5409.0,5409.0,1000
2026-10-01 09:30:00,1790814600,9706.T,5407.0,5410.0,5392.0,5406.0,9000
2026-10-01 09:31:00,1790814660,9706.T,5407.0,5408.0,5398.0,5399.0,1200
2026-10-01 09:32:00,1790814720,9706.T,5402.0,5408.0,5400.0,5408.0,2300
2026-10-01 09:33:00,1790814780,9706.T,5408.0,5411.0,5408.0,5410.0,900
2026-10-01 09:34:00,1790814840,9706.T,5412.0,5412.0,5407.0,5410.0,1400
2026-10-01 09:35:00,1790814900,9706.T,5411.0,5413.0,5409.0,5413.0,700
2026-10-01 09:36:00,1790814960,9706.T,5409.0,5409.0,5403.0,5408.0,1600
2026-10-01 09:37:00,1790815020,9706.T,5406.0,5409.0,5405.0,5409.0,500
2026-10-01 09:38:00,1790815080,9706.T,5410.0,5421.0,5410.0,5421.0,3500
2026-10-01 09:39:00,1790815140,9706.T,5419.0,5425.0,5418.0,5422.0,2000
2026-10-01 09:40:00,1790815200,9706.T,5421.0,5438.0,5419.0,5429.0,3400
2026-10-01 09:42:00,1790815320,9706.T,5435.0,5438.0,5430.0,5437.0,4400
2026-10-01 09:43:00,1790815380,9706.T,5438.0,5440.0,5437.0,5437.0,4500
2026-10-01 09:44:00,1790815440,9706.T,5437.0,5448.0,5437.0,5448.0,2100
2026-10-01 09:45:00,1790815500,9706.T,5445.0,5445.0,5441.0,5443.0,1900
2026-10-01 09:46:00,1790815560,9706.T,5441.0,5446.0,5441.0,5445.0,600
2026-10-01 09:47:00,1790815620,9706.T,5441.0,5441.0,5439.0,5439.0,600
2026-10-01 09:48:00,1790815680,9706.T,5437.0,5438.0,5437.0,5438.0,400
2026-10-01 09:49:00,1790815740,9706.T,5437.0,5438.0,5435.0,5437.0,2000
2026-10-01 09:50:00,1790815800,9706.T,5438.0,5438.0,5427.0,5427.0,1600
2026-10-01 09:51:00,1790815860,9706.T,5429.0,5434.0,5429.0,5433.0,1100
2026-10-01 09:52:00,1790815920,9706.T,5431.0,5431.0,5430.0,5430.0,200
2026-10-01 09:53:00,1790815980,9706.T,5431.0,5435.0,5431.0,5435.0,600
2026-10-01 09:54:00,1790816040,9706.T,5434.0,5438.0,5432.0,5438.0,1600
2026-10-01 09:55:00,1790816100,9706.T,5439.0,5441.0,5439.0,5441.0,400
2026-10-01 09:56:00,1790816160,9706.T,5445.0,5453.0,5445.0,5452.0,2500
2026-10-01 09:57:00,1790816220,9706.T,5451.0,5456.0,5450.0,5456.0,2100
2026-10-01 09:58:00,1790816280,9706.T,5457.0,5458.0,5455.0,5458.0,1700
2026-10-01 09:59:00,1790816340,9706.T,5457.0,5458.0,5454.0,5458.0,1100
2026-10-01 10:00:00,1790816400,9706.T,5458.0,5462.0,5458.0,5461.0,1400
2026-10-01 10:01:00,1790816460,9706.T,5459.0,5459.0,5454.0,5455.0,2500
2026-10-01 10:02:00,1790816520,9706.T,5456.0,5458.0,5445.0,5451.0,2600
2026-10-01 10:03:00,1790816580,9706.T,5453.0,5453.0,5453.0,5453.0,200
2026-10-01 10:04:00,1790816640,9706.T,5451.0,5452.0,5447.0,5451.0,2100
2026-10-01 10:05:00,1790816700,9706.T,5452.0,5452.0,5451.0,5451.0,400
2026-10-01 10:06:00,1790816760,9706.T,5452.0,5453.0,5452.0,5452.0,400
2026-10-01 10:07:00,1790816820,9706.T,5451.0,5451.0,5445.0,5447.0,2100
2026-10-01 10:08:00,1790816880,9706.T,5447.0,5449.0,5444.0,5449.0,2500
2026-10-01 10:09:00,1790816940,9706.T,5449.0,5451.0,5449.0,5451.0,900
2026-10-01 10:10:00,1790817000,9706.T,5451.0,5454.0,5451.0,5453.0,1000
2026-10-01 10:11:00,1790817060,9706.T,5454.0,5455.0,5454.0,5455.0,600
2026-10-01 10:12:00,1790817120,9706.T,5455.0,5458.0,5455.0,5457.0,800
2026-10-01 10:13:00,1790817180,9706.T,5457.0,5461.0,5457.0,5461.0,900
2026-10-01 10:14:00,1790817240,9706.T,5460.0,5464.0,5460.0,5464.0,500
2026-10-01 10:15:00,1790817300,9706.T,5463.0,5463.0,5457.0,5457.0,1600
2026-10-01 10:16:00,1790817360,9706.T,5456.0,5456.0,5449.0,5450.0,400
2026-10-01 10:17:00,1790817420,9706.T,5450.0,5460.0,5450.0,5460.0,1500
2026-10-01 10:18:00,1790817480,9706.T,5460.0,5460.0,5453.0,5453.0,1500
2026-10-01 10:19:00,1790817540,9706.T,5453.0,5456.0,5453.0,5456.0,700
2026-10-01 10:20:00,1790817600,9706.T,5458.0,5470.0,5458.0,5467.0,4400
2026-10-01 10:21:00,1790817660,9706.T,5467.0,5470.0,5467.0,5470.0,500
2026-10-01 10:22:00,1790817720,9706.T,5469.0,5470.0,5468.0,5470.0,400
2026-10-01 10:23:00,1790817780,9706.T,5473.0,5473.0,5468.0,5469.0,700
2026-10-01 10:24:00,1790817840,9706.T,5468.0,5468.0,5465.0,5465.0,1100
2026-10-01 10:26:00,1790817960,9706.T,5465.0,5470.0,5464.0,5470.0,1400
2026-10-01 10:27:00,1790818020,9706.T,5469.0,5469.0,5464.0,5464.0,1000
2026-10-01 10:28:00,1790818080,9706.T,5464.0,5465.0,5464.0,5465.0,300
2026-10-01 10:29:00,1790818140,9706.T,5464.0,5464.0,5462.0,5462.0,400
2026-10-01 10:30:00,1790818200,9706.T,5465.0,5465.0,5461.0,5463.0,5100
2026-10-01 10:31:00,1790818260,9706.T,5458.0,5458.0,5453.0,5458.0,1100
2026-10-01 10:32:00,1790818320,9706.T,5459.0,5460.0,5456.0,5459.0,1600
2026-10-01 10:33:00,1790818380,9706.T,5455.0,5459.0,5454.0,5459.0,1800
2026-10-01 10:34:00,1790818440,9706.T,5461.0,5461.0,5459.0,5459.0,800
2026-10-01 10:35:00,1790818500,9706.T,5461.0,5467.0,5461.0,5467.0,2500
2026-10-01 10:36:00,1790818560,9706.T,5464.0,5466.0,5462.0,5464.0,1200
2026-10-01 10:37:00,1790818620,9706.T,5466.0,5466.0,5460.0,5462.0,1500
2026-10-01 10:38:00,1790818680,9706.T,5463.0,5467.0,5463.0,5467.0,1700
2026-10-01 10:39:00,1790818740,9706.T,5465.0,5465.0,5463.0,5465.0,1500
2026-10-01 10:40:00,1790818800,9706.T,5466.0,5466.0,5464.0,5464.0,800
2026-10-01 10:41:00,1790818860,9706.T,5465.0,5470.0,5465.0,5470.0,1600
2026-10-01 10:42:00,1790818920,9706.T,5471.0,5473.0,5470.0,5470.0,1100
2026-10-01 10:43:00,1790818980,9706.T,5471.0,5471.0,5466.0,5467.0,1000
2026-10-01 10:44:00,1790819040,9706.T,5469.0,5469.0,5468.0,5469.0,400
2026-10-01 10:45:00,1790819100,9706.T,5470.0,5470.0,5469.0,5469.0,700
2026-10-01 10:46:00,1790819160,9706.T,5469.0,5469.0,5465.0,5469.0,800
2026-10-01 10:47:00,1790819220,9706.T,5470.0,5471.0,5470.0,5471.0,700
2026-10-01 10:48:00,1790819280,9706.T,5472.0,5472.0,5468.0,5468.0,1500
2026-10-01 10:49:00,1790819340,9706.T,5470.0,5470.0,5470.0,5470.0,200
2026-10-01 10:50:00,1790819400,9706.T,5469.0,5469.0,5469.0,5469.0,700
2026-10-01 10:51:00,1790819460,9706.T,5466.0,5468.0,5465.0,5467.0,800
2026-10-01 10:52:00,1790819520,9706.T,5465.0,5465.0,5462.0,5464.0,1300
2026-10-01 10:53:00,1790819580,9706.T,5464.0,5465.0,5464.0,5465.0,600
2026-10-01 10:54:00,1790819640,9706.T,5466.0,5467.0,5461.0,5462.0,2000
2026-10-01 10:55:00,1790819700,9706.T,5463.0,5463.0,5461.0,5461.0,800
2026-10-01 10:56:00,1790819760,9706.T,5462.0,5462.0,5461.0,5462.0,900
2026-10-01 10:57:00,1790819820,9706.T,5463.0,5464.0,5459.0,5461.0,2200
2026-10-01 10:58:00,1790819880,9706.T,5458.0,5460.0,5456.0,5458.0,1000
2026-10-01 10:59:00,1790819940,9706.T,5460.0,5461.0,5457.0,5460.0,2400
2026-10-01 11:00:00,1790820000,9706.T,5461.0,5462.0,5456.0,5457.0,3900
2026-10-01 11:01:00,1790820060,9706.T,5455.0,5457.0,5449.0,5454.0,5000
2026-10-01 11:02:00,1790820120,9706.T,5454.0,5468.0,5454.0,5468.0,5100
2026-10-01 11:03:00,1790820180,9706.T,5468.0,5470.0,5459.0,5459.0,2900
2026-10-01 11:04:00,1790820240,9706.T,5463.0,5464.0,5462.0,5463.0,500
2026-10-01 11:05:00,1790820300,9706.T,5463.0,5464.0,5462.0,5464.0,900
2026-10-01 11:06:00,1790820360,9706.T,5463.0,5465.0,5461.0,5461.0,900
2026-10-01 11:07:00,1790820420,9706.T,5465.0,5465.0,5462.0,5464.0,600
2026-10-01 11:08:00,1790820480,9706.T,5463.0,5465.0,5463.0,5465.0,200
2026-10-01 11:09:00,1790820540,9706.T,5464.0,5464.0,5456.0,5458.0,1900
2026-10-01 11:10:00,1790820600,9706.T,5458.0,5458.0,5452.0,5458.0,6800
2026-10-01 11:11:00,1790820660,9706.T,5455.0,5460.0,5452.0,5460.0,2000
2026-10-01 11:12:00,1790820720,9706.T,5461.0,5463.0,5459.0,5459.0,400
2026-10-01 11:14:00,1790820840,9706.T,5451.0,5452.0,5444.0,5448.0,2900
2026-10-01 11:15:00,1790820900,9706.T,5450.0,5451.0,5448.0,5450.0,600
2026-10-01 11:16:00,1790820960,9706.T,5448.0,5450.0,5448.0,5450.0,700
2026-10-01 11:17:00,1790821020,9706.T,5447.0,5449.0,5447.0,5449.0,300
2026-10-01 11:18:00,1790821080,9706.T,5449.0,5449.0,5445.0,5448.0,1400
2026-10-01 11:19:00,1790821140,9706.T,5447.0,5452.0,5446.0,5452.0,1500
2026-10-01 11:20:00,1790821200,9706.T,5452.0,5455.0,5446.0,5454.0,5300
2026-10-01 11:21:00,1790821260,9706.T,5452.0,5452.0,5449.0,5452.0,600
2026-10-01 11:22:00,1790821320,9706.T,5453.0,5458.0,5453.0,5458.0,1300
2026-10-01 11:23:00,1790821380,9706.T,5458.0,5458.0,5452.0,5455.0,5000
2026-10-01 11:24:00,1790821440,9706.T,5455.0,5456.0,5453.0,5455.0,1100
2026-10-01 11:25:00,1790821500,9706.T,5452.0,5452.0,5446.0,5451.0,4800
2026-10-01 11:26:00,1790821560,9706.T,5447.0,5447.0,5446.0,5446.0,400
2026-10-01 11:27:00,1790821620,9706.T,5449.0,5451.0,5449.0,5451.0,400
2026-10-01 11:28:00,1790821680,9706.T,5447.0,5447.0,5441.0,5442.0,1000
2026-10-01 11:29:00,1790821740,9706.T,5445.0,5448.0,5445.0,5448.0,1000
2026-10-01 11:30:00,1790821800,9706.T,5453.0,5453.0,5453.0,5453.0,1800
2026-10-01 12:30:00,1790825400,9706.T,5447.0,5447.0,5434.0,5440.0,13000
2026-10-01 12:31:00,1790825460,9706.T,5441.0,5447.0,5441.0,5442.0,1400
2026-10-01 12:32:00,1790825520,9706.T,5439.0,5443.0,5439.0,5441.0,1100
2026-10-01 12:33:00,1790825580,9706.T,5444.0,5445.0,5444.0,5445.0,300
2026-10-01 12:34:00,1790825640,9706.T,5441.0,5442.0,5438.0,5442.0,4100
2026-10-01 12:35:00,1790825700,9706.T,5443.0,5445.0,5441.0,5445.0,700
2026-10-01 12:36:00,1790825760,9706.T,5443.0,5443.0,5443.0,5443.0,100
2026-10-01 12:37:00,1790825820,9706.T,5444.0,5444.0,5439.0,5439.0,1300
2026-10-01 12:38:00,1790825880,9706.T,5440.0,5444.0,5440.0,5444.0,600
2026-10-01 12:39:00,1790825940,9706.T,5442.0,5443.0,5439.0,5440.0,700
2026-10-01 12:40:00,1790826000,9706.T,5441.0,5444.0,5441.0,5444.0,1500
2026-10-01 12:41:00,1790826060,9706.T,5444.0,5445.0,5444.0,5445.0,500
2026-10-01 12:42:00,1790826120,9706.T,5445.0,5452.0,5445.0,5449.0,1600
2026-10-01 12:44:00,1790826240,9706.T,5451.0,5451.0,5448.0,5449.0,500
2026-10-01 12:45:00,1790826300,9706.T,5446.0,5446.0,5446.0,5446.0,200
2026-10-01 12:46:00,1790826360,9706.T,5444.0,5444.0,5442.0,5442.0,200
2026-10-01 12:47:00,1790826420,9706.T,5441.0,5441.0,5434.0,5438.0,5000
2026-10-01 12:48:00,1790826480,9706.T,5434.0,5434.0,5434.0,5434.0,200
2026-10-01 12:49:00,1790826540,9706.T,5438.0,5439.0,5436.0,5439.0,800
2026-10-01 12:50:00,1790826600,9706.T,5437.0,5439.0,5437.0,5439.0,300
2026-10-01 12:52:00,1790826720,9706.T,5440.0,5442.0,5440.0,5441.0,1000
2026-10-01 12:53:00,1790826780,9706.T,5440.0,5440.0,5435.0,5435.0,1000
2026-10-01 12:54:00,1790826840,9706.T,5438.0,5438.0,5438.0,5438.0,100
2026-10-01 12:55:00,1790826900,9706.T,5437.0,5438.0,5437.0,5438.0,200
2026-10-01 12:56:00,1790826960,9706.T,5437.0,5438.0,5436.0,5436.0,400
2026-10-01 12:58:00,1790827080,9706.T,5433.0,5433.0,5432.0,5432.0,200
2026-10-01 12:59:00,1790827140,9706.T,5433.0,5438.0,5431.0,5436.0,1300
2026-10-01 13:00:00,1790827200,9706.T,5434.0,5435.0,5432.0,5432.0,400
2026-10-01 13:01:00,1790827260,9706.T,5430.0,5430.0,5430.0,5430.0,200
2026-10-01 13:02:00,1790827320,9706.T,5432.0,5436.0,5432.0,5434.0,1300
2026-10-01 13:04:00,1790827440,9706.T,5435.0,5437.0,5431.0,5435.0,18600
2026-10-01 13:05:00,1790827500,9706.T,5436.0,5436.0,5432.0,5433.0,4000
2026-10-01 13:06:00,1790827560,9706.T,5432.0,5432.0,5427.0,5427.0,700
2026-10-01 13:07:00,1790827620,9706.T,5423.0,5423.0,5423.0,5423.0,200
2026-10-01 13:10:00,1790827800,9706.T,5421.0,5428.0,5420.0,5425.0,2600
2026-10-01 13:11:00,1790827860,9706.T,5427.0,5429.0,5427.0,5429.0,1100
2026-10-01 13:12:00,1790827920,9706.T,5430.0,5431.0,5430.0,5431.0,400
2026-10-01 13:14:00,1790828040,9706.T,5431.0,5431.0,5431.0,5431.0,200
2026-10-01 13:15:00,1790828100,9706.T,5431.0,5437.0,5429.0,5433.0,9400
2026-10-01 13:16:00,1790828160,9706.T,5431.0,5432.0,5428.0,5430.0,1500
2026-10-01 13:17:00,1790828220,9706.T,5428.0,5430.0,5426.0,5429.0,1600
2026-10-01 13:18:00,1790828280,9706.T,5430.0,5430.0,5430.0,5430.0,100
2026-10-01 13:19:00,1790828340,9706.T,5430.0,5433.0,5429.0,5432.0,900
2026-10-01 13:20:00,1790828400,9706.T,5431.0,5432.0,5430.0,5430.0,700
2026-10-01 13:21:00,1790828460,9706.T,5432.0,5437.0,5432.0,5437.0,1200
2026-10-01 13:22:00,1790828520,9706.T,5435.0,5437.0,5435.0,5437.0,800
2026-10-01 13:23:00,1790828580,9706.T,5438.0,5440.0,5438.0,5440.0,500
2026-10-01 13:24:00,1790828640,9706.T,5440.0,5442.0,5440.0,5442.0,400
2026-10-01 13:25:00,1790828700,9706.T,5441.0,5442.0,5439.0,5441.0,1300
2026-10-01 13:26:00,1790828760,9706.T,5441.0,5443.0,5441.0,5443.0,300
2026-10-01 13:27:00,1790828820,9706.T,5443.0,5445.0,5443.0,5445.0,500
2026-10-01 13:28:00,1790828880,9706.T,5446.0,5448.0,5446.0,5448.0,400
2026-10-01 13:29:00,1790828940,9706.T,5448.0,5449.0,5447.0,5447.0,1300
2026-10-01 13:30:00,1790829000,9706.T,5446.0,5446.0,5439.0,5441.0,700
2026-10-01 13:31:00,1790829060,9706.T,5441.0,5443.0,5441.0,5442.0,1300
2026-10-01 13:32:00,1790829120,9706.T,5442.0,5443.0,5440.0,5440.0,400
2026-10-01 13:33:00,1790829180,9706.T,5441.0,5441.0,5441.0,5441.0,100
2026-10-01 13:34:00,1790829240,9706.T,5441.0,5443.0,5441.0,5441.0,1200
2026-10-01 13:35:00,1790829300,9706.T,5444.0,5444.0,5443.0,5443.0,400
2026-10-01 13:36:00,1790829360,9706.T,5443.0,5444.0,5441.0,5443.0,600
2026-10-01 13:39:00,1790829540,9706.T,5441.0,5441.0,5440.0,5440.0,600
2026-10-01 13:40:00,1790829600,9706.T,5438.0,5439.0,5434.0,5436.0,3600
2026-10-01 13:42:00,1790829720,9706.T,5433.0,5434.0,5432.0,5434.0,800
2026-10-01 13:43:00,1790829780,9706.T,5432.0,5432.0,5431.0,5431.0,400
2026-10-01 13:44:00,1790829840,9706.T,5431.0,5431.0,5428.0,5428.0,400
2026-10-01 13:45:00,1790829900,9706.T,5428.0,5429.0,5426.0,5426.0,400
2026-10-01 13:47:00,1790830020,9706.T,5428.0,5436.0,5428.0,5435.0,3400
2026-10-01 13:49:00,1790830140,9706.T,5432.0,5432.0,5432.0,5432.0,200
2026-10-01 13:50:00,1790830200,9706.T,5431.0,5432.0,5431.0,5432.0,400
2026-10-01 13:51:00,1790830260,9706.T,5430.0,5431.0,5430.0,5431.0,300
2026-10-01 13:52:00,1790830320,9706.T,5431.0,5431.0,5428.0,5430.0,500
2026-10-01 13:56:00,1790830560,9706.T,5428.0,5432.0,5426.0,5432.0,2600
2026-10-01 13:57:00,1790830620,9706.T,5430.0,5430.0,5429.0,5429.0,400
2026-10-01 13:58:00,1790830680,9706.T,5427.0,5430.0,5422.0,5430.0,3600
2026-10-01 14:01:00,1790830860,9706.T,5431.0,5433.0,5431.0,5433.0,1800
2026-10-01 14:02:00,1790830920,9706.T,5432.0,5432.0,5426.0,5426.0,1600
2026-10-01 14:03:00,1790830980,9706.T,5430.0,5430.0,5430.0,5430.0,100
2026-10-01 14:04:00,1790831040,9706.T,5431.0,5437.0,5431.0,5437.0,1500
2026-10-01 14:05:00,1790831100,9706.T,5436.0,5440.0,5436.0,5438.0,1500
2026-10-01 14:06:00,1790831160,9706.T,5437.0,5439.0,5436.0,5439.0,700
2026-10-01 14:07:00,1790831220,9706.T,5439.0,5444.0,5439.0,5440.0,1300
2026-10-01 14:08:00,1790831280,9706.T,5438.0,5441.0,5438.0,5440.0,1300
2026-10-01 14:09:00,1790831340,9706.T,5439.0,5440.0,5437.0,5439.0,800
2026-10-01 14:10:00,1790831400,9706.T,5439.0,5439.0,5435.0,5435.0,500
2026-10-01 14:11:00,1790831460,9706.T,5436.0,5441.0,5436.0,5439.0,1100
2026-10-01 14:12:00,1790831520,9706.T,5441.0,5446.0,5441.0,5446.0,1900
2026-10-01 14:13:00,1790831580,9706.T,5444.0,5445.0,5444.0,5445.0,500
2026-10-01 14:14:00,1790831640,9706.T,5443.0,5444.0,5443.0,5443.0,300
2026-10-01 14:15:00,1790831700,9706.T,5442.0,5443.0,5433.0,5440.0,3700
2026-10-01 14:16:00,1790831760,9706.T,5440.0,5441.0,5440.0,5441.0,600
2026-10-01 14:17:00,1790831820,9706.T,5442.0,5442.0,5442.0,5442.0,500
2026-10-01 14:18:00,1790831880,9706.T,5441.0,5442.0,5440.0,5442.0,800
2026-10-01 14:19:00,1790831940,9706.T,5439.0,5439.0,5439.0,5439.0,100
2026-10-01 14:20:00,1790832000,9706.T,5439.0,5439.0,5439.0,5439.0,300
2026-10-01 14:21:00,1790832060,9706.T,5439.0,5442.0,5439.0,5440.0,1600
2026-10-01 14:22:00,1790832120,9706.T,5441.0,5442.0,5441.0,5442.0,500
2026-10-01 14:23:00,1790832180,9706.T,5441.0,5442.0,5440.0,5442.0,500
2026-10-01 14:25:00,1790832300,9706.T,5440.0,5440.0,5440.0,5440.0,400
2026-10-01 14:26:00,1790832360,9706.T,5438.0,5443.0,5438.0,5440.0,2300
2026-10-01 14:27:00,1790832420,9706.T,5439.0,5440.0,5439.0,5440.0,200
2026-10-01 14:28:00,1790832480,9706.T,5439.0,5441.0,5439.0,5441.0,500
2026-10-01 14:29:00,1790832540,9706.T,5442.0,5444.0,5442.0,5444.0,1300
2026-10-01 14:30:00,1790832600,9706.T,5444.0,5456.0,5444.0,5454.0,5800
2026-10-01 14:31:00,1790832660,9706.T,5455.0,5457.0,5445.0,5445.0,4500
2026-10-01 14:32:00,1790832720,9706.T,5446.0,5449.0,5446.0,5448.0,700
2026-10-01 14:33:00,1790832780,9706.T,5445.0,5449.0,5442.0,5449.0,5900
2026-10-01 14:34:00,1790832840,9706.T,5447.0,5447.0,5446.0,5446.0,800
2026-10-01 14:35:00,1790832900,9706.T,5449.0,5449.0,5444.0,5444.0,300
2026-10-01 14:36:00,1790832960,9706.T,5442.0,5442.0,5441.0,5441.0,300
2026-10-01 14:37:00,1790833020,9706.T,5442.0,5446.0,5442.0,5445.0,1200
2026-10-01 14:38:00,1790833080,9706.T,5445.0,5447.0,5445.0,5447.0,1400
2026-10-01 14:40:00,1790833200,9706.T,5444.0,5444.0,5444.0,5444.0,500
2026-10-01 14:41:00,1790833260,9706.T,5443.0,5447.0,5440.0,5443.0,5300
2026-10-01 14:42:00,1790833320,9706.T,5444.0,5447.0,5443.0,5445.0,1700
2026-10-01 14:43:00,1790833380,9706.T,5445.0,5445.0,5443.0,5443.0,400
2026-10-01 14:44:00,1790833440,9706.T,5444.0,5446.0,5444.0,5446.0,500
2026-10-01 14:45:00,1790833500,9706.T,5445.0,5445.0,5442.0,5442.0,800
2026-10-01 14:46:00,1790833560,9706.T,5440.0,5440.0,5433.0,5435.0,800
2026-10-01 14:47:00,1790833620,9706.T,5432.0,5432.0,5432.0,5432.0,300
2026-10-01 14:48:00,1790833680,9706.T,5433.0,5442.0,5433.0,5440.0,2700
2026-10-01 14:49:00,1790833740,9706.T,5439.0,5443.0,5439.0,5441.0,1000
2026-10-01 14:50:00,1790833800,9706.T,5439.0,5440.0,5437.0,5439.0,1000
2026-10-01 14:51:00,1790833860,9706.T,5436.0,5436.0,5435.0,5435.0,600
2026-10-01 14:52:00,1790833920,9706.T,5432.0,5433.0,5431.0,5432.0,700
2026-10-01 14:53:00,1790833980,9706.T,5431.0,5431.0,5431.0,5431.0,200
2026-10-01 14:54:00,1790834040,9706.T,5432.0,5432.0,5430.0,5430.0,500
2026-10-01 14:55:00,1790834100,9706.T,5430.0,5433.0,5430.0,5430.0,2700
2026-10-01 14:56:00,1790834160,9706.T,5430.0,5430.0,5428.0,5428.0,200
2026-10-01 14:57:00,1790834220,9706.T,5430.0,5430.0,5430.0,5430.0,400
2026-10-01 14:58:00,1790834280,9706.T,5429.0,5435.0,5429.0,5430.0,2500
2026-10-01 14:59:00,1790834340,9706.T,5429.0,5429.0,5428.0,5429.0,300
2026-10-01 15:00:00,1790834400,9706.T,5427.0,5429.0,5427.0,5427.0,1800
2026-10-01 15:01:00,1790834460,9706.T,5429.0,5430.0,5429.0,5429.0,900
2026-10-01 15:02:00,1790834520,9706.T,5430.0,5430.0,5429.0,5430.0,700
2026-10-01 15:03:00,1790834580,9706.T,5428.0,5430.0,5428.0,5430.0,600
2026-10-01 15:04:00,1790834640,9706.T,5428.0,5428.0,5426.0,5427.0,700
2026-10-01 15:05:00,1790834700,9706.T,5427.0,5427.0,5426.0,5426.0,800
2026-10-01 15:06:00,1790834760,9706.T,5427.0,5427.0,5425.0,5425.0,900
2026-10-01 15:07:00,1790834820,9706.T,5424.0,5425.0,5423.0,5425.0,1800
2026-10-01 15:08:00,1790834880,9706.T,5425.0,5425.0,5425.0,5425.0,100
2026-10-01 15:10:00,1790835000,9706.T,5425.0,5425.0,5417.0,5417.0,5100
2026-10-01 15:11:00,1790835060,9706.T,5418.0,5418.0,5409.0,5409.0,1800
2026-10-01 15:12:00,1790835120,9706.T,5409.0,5409.0,5408.0,5408.0,300
2026-10-01 15:13:00,1790835180,9706.T,5410.0,5414.0,5409.0,5409.0,3400
2026-10-01 15:15:00,1790835300,9706.T,5408.0,5412.0,5408.0,5409.0,2100
2026-10-01 15:16:00,1790835360,9706.T,5411.0,5414.0,5410.0,5411.0,3200
2026-10-01 15:18:00,1790835480,9706.T,5412.0,5412.0,5410.0,5410.0,1300
2026-10-01 15:19:00,1790835540,9706.T,5410.0,5410.0,5406.0,5406.0,1800
2026-10-01 15:20:00,1790835600,9706.T,5406.0,5409.0,5401.0,5409.0,5100
2026-10-01 15:21:00,1790835660,9706.T,5408.0,5410.0,5405.0,5406.0,3300
2026-10-01 15:22:00,1790835720,9706.T,5405.0,5408.0,5403.0,5407.0,4600
2026-10-01 15:23:00,1790835780,9706.T,5405.0,5409.0,5402.0,5409.0,3100
2026-10-01 15:24:00,1790835840,9706.T,5409.0,5409.0,5403.0,5409.0,5400
2026-10-02 09:05:00,1790899500,9706.T,5366.0,5373.0,5363.0,5369.0,0
2026-10-02 09:06:00,1790899560,9706.T,5368.0,5375.0,5368.0,5375.0,900
2026-10-02 09:07:00,1790899620,9706.T,5381.0,5391.0,5379.0,5389.0,5100
2026-10-02 09:08:00,1790899680,9706.T,5395.0,5398.0,5390.0,5397.0,3500
2026-10-02 09:09:00,1790899740,9706.T,5398.0,5404.0,5391.0,5391.0,2400
2026-10-02 09:10:00,1790899800,9706.T,5396.0,5399.0,5395.0,5399.0,500
2026-10-02 09:11:00,1790899860,9706.T,5397.0,5397.0,5385.0,5390.0,1900
2026-10-02 09:12:00,1790899920,9706.T,5388.0,5388.0,5384.0,5384.0,800
2026-10-02 09:13:00,1790899980,9706.T,5386.0,5387.0,5383.0,5383.0,1900
2026-10-02 09:14:00,1790900040,9706.T,5384.0,5385.0,5380.0,5385.0,800
2026-10-02 09:15:00,1790900100,9706.T,5387.0,5389.0,5381.0,5384.0,2000
2026-10-02 09:16:00,1790900160,9706.T,5389.0,5392.0,5386.0,5390.0,2800
2026-10-02 09:17:00,1790900220,9706.T,5391.0,5397.0,5391.0,5394.0,1200
2026-10-02 09:18:00,1790900280,9706.T,5392.0,5393.0,5385.0,5385.0,4700
2026-10-02 09:19:00,1790900340,9706.T,5383.0,5383.0,5380.0,5382.0,1000
2026-10-02 09:20:00,1790900400,9706.T,5384.0,5386.0,5381.0,5382.0,1400
2026-10-02 09:21:00,1790900460,9706.T,5381.0,5382.0,5377.0,5382.0,1400
2026-10-02 09:22:00,1790900520,9706.T,5380.0,5385.0,5378.0,5380.0,1500
2026-10-02 09:23:00,1790900580,9706.T,5386.0,5386.0,5382.0,5384.0,500
2026-10-02 09:24:00,1790900640,9706.T,5385.0,5387.0,5382.0,5382.0,1000
2026-10-02 09:25:00,1790900700,9706.T,5381.0,5381.0,5368.0,5368.0,2500
2026-10-02 09:26:00,1790900760,9706.T,5370.0,5379.0,5369.0,5379.0,600
2026-10-02 09:27:00,1790900820,9706.T,5377.0,5377.0,5372.0,5374.0,1400
2026-10-02 09:28:00,1790900880,9706.T,5372.0,5377.0,5372.0,5375.0,600
2026-10-02 09:29:00,1790900940,9706.T,5377.0,5386.0,5377.0,5384.0,1100
2026-10-02 09:30:00,1790901000,9706.T,5380.0,5382.0,5377.0,5382.0,1500
2026-10-02 09:31:00,1790901060,9706.T,5382.0,5382.0,5379.0,5380.0,900
2026-10-02 09:32:00,1790901120,9706.T,5381.0,5387.0,5381.0,5385.0,1000
2026-10-02 09:33:00,1790901180,9706.T,5385.0,5393.0,5385.0,5393.0,800
2026-10-02 09:34:00,1790901240,9706.T,5393.0,5396.0,5391.0,5396.0,700
2026-10-02 09:35:00,1790901300,9706.T,5396.0,5396.0,5392.0,5393.0,1800
2026-10-02 09:36:00,1790901360,9706.T,5387.0,5391.0,5387.0,5389.0,700
2026-10-02 09:37:00,1790901420,9706.T,5384.0,5387.0,5384.0,5387.0,400
2026-10-02 09:38:00,1790901480,9706.T,5386.0,5386.0,5382.0,5383.0,1300
2026-10-02 09:39:00,1790901540,9706.T,5384.0,5384.0,5377.0,5379.0,600
2026-10-02 09:40:00,1790901600,9706.T,5379.0,5379.0,5374.0,5376.0,1200
2026-10-02 09:41:00,1790901660,9706.T,5379.0,5381.0,5379.0,5380.0,600
2026-10-02 09:42:00,1790901720,9706.T,5380.0,5385.0,5380.0,5384.0,800
2026-10-02 09:43:00,1790901780,9706.T,5383.0,5383.0,5376.0,5377.0,1600
2026-10-02 09:44:00,1790901840,9706.T,5376.0,5378.0,5359.0,5365.0,10300
2026-10-02 09:45:00,1790901900,9706.T,5363.0,5365.0,5363.0,5365.0,500
2026-10-02 09:46:00,1790901960,9706.T,5367.0,5373.0,5366.0,5370.0,1600
2026-10-02 09:47:00,1790902020,9706.T,5370.0,5370.0,5369.0,5369.0,200
2026-10-02 09:48:00,1790902080,9706.T,5370.0,5372.0,5370.0,5372.0,300
2026-10-02 09:49:00,1790902140,9706.T,5369.0,5369.0,5360.0,5364.0,2000
2026-10-02 09:51:00,1790902260,9706.T,5367.0,5374.0,5366.0,5370.0,1700
2026-10-02 09:52:00,1790902320,9706.T,5369.0,5370.0,5367.0,5368.0,800
2026-10-02 09:53:00,1790902380,9706.T,5367.0,5367.0,5367.0,5367.0,200
2026-10-02 09:54:00,1790902440,9706.T,5368.0,5369.0,5367.0,5369.0,900
2026-10-02 09:55:00,1790902500,9706.T,5370.0,5370.0,5366.0,5368.0,1500
2026-10-02 09:57:00,1790902620,9706.T,5368.0,5369.0,5365.0,5368.0,2000
2026-10-02 09:58:00,1790902680,9706.T,5367.0,5372.0,5365.0,5367.0,1600
2026-10-02 09:59:00,1790902740,9706.T,5371.0,5371.0,5369.0,5369.0,200
2026-10-02 10:00:00,1790902800,9706.T,5371.0,5379.0,5360.0,5378.0,12200
2026-10-02 10:01:00,1790902860,9706.T,5378.0,5378.0,5377.0,5377.0,500
2026-10-02 10:02:00,1790902920,9706.T,5376.0,5378.0,5372.0,5377.0,1100
2026-10-02 10:03:00,1790902980,9706.T,5377.0,5379.0,5373.0,5373.0,3900
2026-10-02 10:05:00,1790903100,9706.T,5378.0,5378.0,5377.0,5377.0,600
2026-10-02 10:06:00,1790903160,9706.T,5379.0,5382.0,5377.0,5381.0,900
2026-10-02 10:07:00,1790903220,9706.T,5379.0,5382.0,5374.0,5382.0,2100
2026-10-02 10:08:00,1790903280,9706.T,5380.0,5382.0,5377.0,5378.0,4800
2026-10-02 10:09:00,1790903340,9706.T,5378.0,5381.0,5377.0,5377.0,900
2026-10-02 10:10:00,1790903400,9706.T,5375.0,5375.0,5375.0,5375.0,200
2026-10-02 10:11:00,1790903460,9706.T,5374.0,5380.0,5374.0,5380.0,800
2026-10-02 10:12:00,1790903520,9706.T,5379.0,5379.0,5375.0,5375.0,1400
2026-10-02 10:13:00,1790903580,9706.T,5376.0,5376.0,5372.0,5372.0,300
2026-10-02 10:14:00,1790903640,9706.T,5370.0,5371.0,5366.0,5366.0,1400
2026-10-02 10:15:00,1790903700,9706.T,5366.0,5366.0,5366.0,5366.0,300
2026-10-02 10:16:00,1790903760,9706.T,5365.0,5365.0,5365.0,5365.0,300
2026-10-02 10:17:00,1790903820,9706.T,5364.0,5366.0,5363.0,5366.0,1100
2026-10-02 10:18:00,1790903880,9706.T,5366.0,5368.0,5366.0,5367.0,1100
2026-10-02 10:19:00,1790903940,9706.T,5367.0,5367.0,5365.0,5365.0,800
2026-10-02 10:20:00,1790904000,9706.T,5363.0,5364.0,5361.0,5361.0,1200
2026-10-02 10:21:00,1790904060,9706.T,5363.0,5364.0,5363.0,5363.0,1100
2026-10-02 10:22:00,1790904120,9706.T,5362.0,5364.0,5361.0,5363.0,1100
2026-10-02 10:23:00,1790904180,9706.T,5362.0,5362.0,5361.0,5361.0,600
2026-10-02 10:24:00,1790904240,9706.T,5360.0,5364.0,5360.0,5364.0,600
2026-10-02 10:25:00,1790904300,9706.T,5364.0,5365.0,5364.0,5365.0,400
2026-10-02 10:26:00,1790904360,9706.T,5363.0,5365.0,5362.0,5365.0,600
2026-10-02 10:27:00,1790904420,9706.T,5365.0,5371.0,5365.0,5371.0,700
2026-10-02 10:28:00,1790904480,9706.T,5373.0,5377.0,5373.0,5377.0,700
2026-10-02 10:29:00,1790904540,9706.T,5375.0,5376.0,5374.0,5376.0,1300
2026-10-02 10:30:00,1790904600,9706.T,5374.0,5374.0,5371.0,5371.0,3800
2026-10-02 10:31:00,1790904660,9706.T,5374.0,5375.0,5373.0,5373.0,700
2026-10-02 10:32:00,1790904720,9706.T,5372.0,5372.0,5371.0,5371.0,500
2026-10-02 10:33:00,1790904780,9706.T,5370.0,5372.0,5370.0,5372.0,500
2026-10-02 10:34:00,1790904840,9706.T,5369.0,5370.0,5369.0,5369.0,600
2026-10-02 10:35:00,1790904900,9706.T,5368.0,5370.0,5361.0,5365.0,2900
2026-10-02 10:36:00,1790904960,9706.T,5365.0,5365.0,5361.0,5365.0,1300
2026-10-02 10:37:00,1790905020,9706.T,5363.0,5366.0,5361.0,5364.0,1800
2026-10-02 10:38:00,1790905080,9706.T,5362.0,5365.0,5362.0,5365.0,600
2026-10-02 10:39:00,1790905140,9706.T,5365.0,5365.0,5363.0,5363.0,1100
2026-10-02 10:40:00,1790905200,9706.T,5365.0,5367.0,5363.0,5366.0,2200
2026-10-02 10:41:00,1790905260,9706.T,5364.0,5365.0,5363.0,5365.0,500
2026-10-02 10:43:00,1790905380,9706.T,5363.0,5365.0,5363.0,5364.0,1100
2026-10-02 10:44:00,1790905440,9706.T,5365.0,5365.0,5360.0,5360.0,1200
2026-10-02 10:45:00,1790905500,9706.T,5359.0,5359.0,5359.0,5359.0,400
2026-10-02 10:46:00,1790905560,9706.T,5358.0,5359.0,5358.0,5358.0,400
2026-10-02 10:47:00,1790905620,9706.T,5357.0,5357.0,5357.0,5357.0,600
2026-10-02 10:48:00,1790905680,9706.T,5357.0,5358.0,5356.0,5356.0,1100
2026-10-02 10:49:00,1790905740,9706.T,5356.0,5358.0,5355.0,5358.0,400
2026-10-02 10:50:00,1790905800,9706.T,5357.0,5358.0,5357.0,5358.0,600
2026-10-02 10:51:00,1790905860,9706.T,5357.0,5360.0,5356.0,5359.0,1300
2026-10-02 10:52:00,1790905920,9706.T,5360.0,5360.0,5355.0,5355.0,800
2026-10-02 10:53:00,1790905980,9706.T,5357.0,5359.0,5350.0,5358.0,3900
2026-10-02 10:54:00,1790906040,9706.T,5359.0,5360.0,5359.0,5360.0,500
2026-10-02 10:55:00,1790906100,9706.T,5360.0,5360.0,5359.0,5359.0,800
2026-10-02 10:56:00,1790906160,9706.T,5360.0,5360.0,5360.0,5360.0,500
2026-10-02 10:57:00,1790906220,9706.T,5360.0,5363.0,5360.0,5362.0,500
2026-10-02 10:58:00,1790906280,9706.T,5361.0,5361.0,5361.0,5361.0,100
2026-10-02 10:59:00,1790906340,9706.T,5361.0,5361.0,5359.0,5359.0,1300
2026-10-02 11:00:00,1790906400,9706.T,5358.0,5361.0,5357.0,5360.0,1500
2026-10-02 11:01:00,1790906460,9706.T,5355.0,5356.0,5353.0,5356.0,700
2026-10-02 11:02:00,1790906520,9706.T,5352.0,5352.0,5352.0,5352.0,100
2026-10-02 11:03:00,1790906580,9706.T,5349.0,5349.0,5349.0,5349.0,200
2026-10-02 11:04:00,1790906640,9706.T,5350.0,5350.0,5348.0,5348.0,300
2026-10-02 11:05:00,1790906700,9706.T,5346.0,5348.0,5346.0,5348.0,300
2026-10-02 11:06:00,1790906760,9706.T,5347.0,5347.0,5347.0,5347.0,200
2026-10-02 11:08:00,1790906880,9706.T,5346.0,5349.0,5346.0,5347.0,1000
2026-10-02 11:09:00,1790906940,9706.T,5347.0,5348.0,5347.0,5348.0,300
2026-10-02 11:10:00,1790907000,9706.T,5347.0,5353.0,5347.0,5352.0,1600
2026-10-02 11:11:00,1790907060,9706.T,5350.0,5350.0,5349.0,5350.0,600
2026-10-02 11:12:00,1790907120,9706.T,5352.0,5356.0,5352.0,5356.0,1400
2026-10-02 11:13:00,1790907180,9706.T,5352.0,5360.0,5351.0,5356.0,1600
2026-10-02 11:14:00,1790907240,9706.T,5357.0,5362.0,5357.0,5360.0,1900
2026-10-02 11:15:00,1790907300,9706.T,5361.0,5361.0,5361.0,5361.0,100
2026-10-02 11:16:00,1790907360,9706.T,5360.0,5365.0,5360.0,5363.0,900
2026-10-02 11:18:00,1790907480,9706.T,5364.0,5367.0,5359.0,5364.0,6400
2026-10-02 11:19:00,1790907540,9706.T,5363.0,5364.0,5362.0,5364.0,400
2026-10-02 11:20:00,1790907600,9706.T,5362.0,5362.0,5362.0,5362.0,200
2026-10-02 11:21:00,1790907660,9706.T,5362.0,5364.0,5362.0,5362.0,1100
2026-10-02 11:22:00,1790907720,9706.T,5362.0,5365.0,5362.0,5363.0,500
2026-10-02 11:23:00,1790907780,9706.T,5365.0,5365.0,5364.0,5364.0,200
2026-10-02 11:24:00,1790907840,9706.T,5362.0,5362.0,5360.0,5361.0,1200
2026-10-02 11:25:00,1790907900,9706.T,5360.0,5360.0,5358.0,5360.0,300
2026-10-02 11:26:00,1790907960,9706.T,5357.0,5362.0,5350.0,5358.0,3600
2026-10-02 11:27:00,1790908020,9706.T,5358.0,5362.0,5358.0,5359.0,3400
2026-10-02 11:28:00,1790908080,9706.T,5361.0,5367.0,5361.0,5364.0,4000
2026-10-02 11:29:00,1790908140,9706.T,5365.0,5365.0,5363.0,5364.0,600
2026-10-02 11:30:00,1790908200,9706.T,5364.0,5364.0,5364.0,5364.0,500
2026-10-02 12:30:00,1790911800,9706.T,5363.0,5373.0,5352.0,5373.0,39000
2026-10-02 12:31:00,1790911860,9706.T,5374.0,5376.0,5343.0,5347.0,6200
2026-10-02 12:32:00,1790911920,9706.T,5349.0,5349.0,5347.0,5347.0,500
2026-10-02 12:33:00,1790911980,9706.T,5343.0,5344.0,5328.0,5328.0,3900
2026-10-02 12:34:00,1790912040,9706.T,5325.0,5330.0,5324.0,5329.0,1700
2026-10-02 12:35:00,1790912100,9706.T,5329.0,5332.0,5328.0,5332.0,700
2026-10-02 12:36:00,1790912160,9706.T,5331.0,5334.0,5331.0,5332.0,500
2026-10-02 12:37:00,1790912220,9706.T,5331.0,5341.0,5330.0,5338.0,2800
2026-10-02 12:38:00,1790912280,9706.T,5340.0,5340.0,5338.0,5338.0,400
2026-10-02 12:39:00,1790912340,9706.T,5337.0,5338.0,5332.0,5333.0,2300
2026-10-02 12:40:00,1790912400,9706.T,5335.0,5335.0,5330.0,5330.0,1000
2026-10-02 12:41:00,1790912460,9706.T,5330.0,5330.0,5330.0,5330.0,300
2026-10-02 12:42:00,1790912520,9706.T,5332.0,5332.0,5326.0,5326.0,1300
2026-10-02 12:44:00,1790912640,9706.T,5328.0,5331.0,5328.0,5329.0,1500
2026-10-02 12:45:00,1790912700,9706.T,5330.0,5332.0,5330.0,5332.0,1800
2026-10-02 12:46:00,1790912760,9706.T,5332.0,5332.0,5330.0,5330.0,200
2026-10-02 12:47:00,1790912820,9706.T,5330.0,5331.0,5330.0,5331.0,900
2026-10-02 12:48:00,1790912880,9706.T,5329.0,5332.0,5327.0,5328.0,1900
2026-10-02 12:49:00,1790912940,9706.T,5326.0,5326.0,5322.0,5323.0,1000
2026-10-02 12:50:00,1790913000,9706.T,5324.0,5325.0,5324.0,5325.0,200
2026-10-02 12:51:00,1790913060,9706.T,5324.0,5324.0,5322.0,5322.0,200
2026-10-02 12:52:00,1790913120,9706.T,5319.0,5322.0,5319.0,5322.0,800
2026-10-02 12:53:00,1790913180,9706.T,5320.0,5323.0,5320.0,5323.0,300
2026-10-02 12:55:00,1790913300,9706.T,5323.0,5323.0,5321.0,5322.0,400
2026-10-02 12:56:00,1790913360,9706.T,5322.0,5322.0,5322.0,5322.0,100
2026-10-02 12:57:00,1790913420,9706.T,5322.0,5322.0,5322.0,5322.0,100
2026-10-02 12:58:00,1790913480,9706.T,5323.0,5328.0,5323.0,5326.0,1400
2026-10-02 12:59:00,1790913540,9706.T,5325.0,5325.0,5322.0,5322.0,700
2026-10-02 13:00:00,1790913600,9706.T,5323.0,5323.0,5321.0,5321.0,500
2026-10-02 13:01:00,1790913660,9706.T,5322.0,5325.0,5319.0,5324.0,2200
2026-10-02 13:02:00,1790913720,9706.T,5325.0,5325.0,5325.0,5325.0,100
2026-10-02 13:03:00,1790913780,9706.T,5321.0,5321.0,5318.0,5318.0,800
2026-10-02 13:04:00,1790913840,9706.T,5316.0,5316.0,5314.0,5316.0,400
2026-10-02 13:05:00,1790913900,9706.T,5316.0,5316.0,5304.0,5314.0,7300
2026-10-02 13:06:00,1790913960,9706.T,5315.0,5317.0,5312.0,5312.0,800
2026-10-02 13:08:00,1790914080,9706.T,5319.0,5320.0,5319.0,5319.0,500
2026-10-02 13:09:00,1790914140,9706.T,5319.0,5323.0,5319.0,5320.0,900
2026-10-02 13:10:00,1790914200,9706.T,5320.0,5320.0,5318.0,5318.0,1200
2026-10-02 13:11:00,1790914260,9706.T,5320.0,5320.0,5317.0,5317.0,700
2026-10-02 13:12:00,1790914320,9706.T,5316.0,5316.0,5316.0,5316.0,200
2026-10-02 13:13:00,1790914380,9706.T,5317.0,5318.0,5317.0,5318.0,700
2026-10-02 13:14:00,1790914440,9706.T,5319.0,5323.0,5315.0,5319.0,1700
2026-10-02 13:15:00,1790914500,9706.T,5317.0,5321.0,5317.0,5320.0,700
2026-10-02 13:16:00,1790914560,9706.T,5321.0,5321.0,5320.0,5321.0,400
2026-10-02 13:17:00,1790914620,9706.T,5321.0,5321.0,5321.0,5321.0,100
2026-10-02 13:18:00,1790914680,9706.T,5321.0,5324.0,5320.0,5324.0,1200
2026-10-02 13:19:00,1790914740,9706.T,5324.0,5327.0,5324.0,5327.0,1700
2026-10-02 13:20:00,1790914800,9706.T,5328.0,5329.0,5328.0,5329.0,300
2026-10-02 13:21:00,1790914860,9706.T,5328.0,5331.0,5327.0,5331.0,1300
2026-10-02 13:22:00,1790914920,9706.T,5330.0,5330.0,5327.0,5327.0,800
2026-10-02 13:23:00,1790914980,9706.T,5327.0,5327.0,5327.0,5327.0,100
2026-10-02 13:24:00,1790915040,9706.T,5328.0,5333.0,5328.0,5333.0,500
2026-10-02 13:25:00,1790915100,9706.T,5334.0,5337.0,5334.0,5335.0,1800
2026-10-02 13:26:00,1790915160,9706.T,5336.0,5337.0,5334.0,5337.0,400
2026-10-02 13:28:00,1790915280,9706.T,5338.0,5339.0,5338.0,5339.0,300
2026-10-02 13:29:00,1790915340,9706.T,5339.0,5339.0,5337.0,5338.0,800
2026-10-02 13:30:00,1790915400,9706.T,5339.0,5340.0,5337.0,5337.0,1600
2026-10-02 13:31:00,1790915460,9706.T,5337.0,5337.0,5337.0,5337.0,300
2026-10-02 13:32:00,1790915520,9706.T,5337.0,5337.0,5331.0,5331.0,1100
2026-10-02 13:33:00,1790915580,9706.T,5331.0,5331.0,5331.0,5331.0,100
2026-10-02 13:34:00,1790915640,9706.T,5332.0,5335.0,5331.0,5335.0,800
2026-10-02 13:35:00,1790915700,9706.T,5337.0,5337.0,5336.0,5336.0,300
2026-10-02 13:36:00,1790915760,9706.T,5335.0,5335.0,5333.0,5333.0,700
2026-10-02 13:37:00,1790915820,9706.T,5332.0,5335.0,5332.0,5335.0,500
2026-10-02 13:38:00,1790915880,9706.T,5334.0,5334.0,5334.0,5334.0,600
2026-10-02 13:39:00,1790915940,9706.T,5335.0,5335.0,5335.0,5335.0,100
2026-10-02 13:40:00,1790916000,9706.T,5336.0,5338.0,5335.0,5338.0,1100
2026-10-02 13:42:00,1790916120,9706.T,5337.0,5338.0,5337.0,5338.0,700
2026-10-02 13:43:00,1790916180,9706.T,5339.0,5340.0,5339.0,5340.0,300
2026-10-02 13:44:00,1790916240,9706.T,5340.0,5340.0,5339.0,5340.0,1000
2026-10-02 13:45:00,1790916300,9706.T,5339.0,5344.0,5337.0,5344.0,4800
2026-10-02 13:46:00,1790916360,9706.T,5345.0,5350.0,5345.0,5350.0,700
2026-10-02 13:47:00,1790916420,9706.T,5346.0,5351.0,5346.0,5349.0,700
2026-10-02 13:48:00,1790916480,9706.T,5349.0,5350.0,5349.0,5349.0,300
2026-10-02 13:49:00,1790916540,9706.T,5352.0,5355.0,5352.0,5352.0,600
2026-10-02 13:50:00,1790916600,9706.T,5354.0,5356.0,5354.0,5355.0,400
2026-10-02 13:51:00,1790916660,9706.T,5357.0,5359.0,5356.0,5358.0,1800
2026-10-02 13:52:00,1790916720,9706.T,5357.0,5357.0,5357.0,5357.0,100
2026-10-02 13:53:00,1790916780,9706.T,5356.0,5356.0,5355.0,5356.0,800
2026-10-02 13:54:00,1790916840,9706.T,5356.0,5360.0,5356.0,5360.0,600
2026-10-02 13:55:00,1790916900,9706.T,5359.0,5359.0,5357.0,5358.0,1900
2026-10-02 13:56:00,1790916960,9706.T,5355.0,5355.0,5354.0,5354.0,200
2026-10-02 13:58:00,1790917080,9706.T,5354.0,5356.0,5353.0,5356.0,900
2026-10-02 13:59:00,1790917140,9706.T,5356.0,5356.0,5356.0,5356.0,100
2026-10-02 14:00:00,1790917200,9706.T,5355.0,5355.0,5354.0,5354.0,1000
2026-10-02 14:01:00,1790917260,9706.T,5355.0,5358.0,5354.0,5355.0,900
2026-10-02 14:02:00,1790917320,9706.T,5356.0,5356.0,5356.0,5356.0,200
2026-10-02 14:03:00,1790917380,9706.T,5357.0,5357.0,5355.0,5356.0,1500
2026-10-02 14:04:00,1790917440,9706.T,5355.0,5355.0,5355.0,5355.0,100
2026-10-02 14:05:00,1790917500,9706.T,5355.0,5355.0,5355.0,5355.0,100
2026-10-02 14:06:00,1790917560,9706.T,5354.0,5354.0,5352.0,5352.0,300
2026-10-02 14:07:00,1790917620,9706.T,5354.0,5355.0,5352.0,5352.0,800
2026-10-02 14:08:00,1790917680,9706.T,5354.0,5354.0,5354.0,5354.0,200
2026-10-02 14:09:00,1790917740,9706.T,5353.0,5353.0,5343.0,5343.0,2000
2026-10-02 14:10:00,1790917800,9706.T,5340.0,5340.0,5338.0,5340.0,400
2026-10-02 14:11:00,1790917860,9706.T,5337.0,5340.0,5334.0,5336.0,2700
2026-10-02 14:12:00,1790917920,9706.T,5338.0,5341.0,5338.0,5341.0,700
2026-10-02 14:13:00,1790917980,9706.T,5341.0,5341.0,5341.0,5341.0,100
2026-10-02 14:14:00,1790918040,9706.T,5340.0,5341.0,5339.0,5339.0,1100
2026-10-02 14:15:00,1790918100,9706.T,5339.0,5339.0,5338.0,5338.0,400
2026-10-02 14:16:00,1790918160,9706.T,5337.0,5338.0,5337.0,5337.0,500
2026-10-02 14:17:00,1790918220,9706.T,5339.0,5340.0,5338.0,5338.0,700
2026-10-02 14:18:00,1790918280,9706.T,5339.0,5339.0,5339.0,5339.0,100
2026-10-02 14:19:00,1790918340,9706.T,5341.0,5345.0,5341.0,5342.0,1400
2026-10-02 14:20:00,1790918400,9706.T,5342.0,5342.0,5340.0,5342.0,800
2026-10-02 14:21:00,1790918460,9706.T,5343.0,5343.0,5342.0,5343.0,400
2026-10-02 14:22:00,1790918520,9706.T,5343.0,5344.0,5343.0,5344.0,200
2026-10-02 14:23:00,1790918580,9706.T,5343.0,5343.0,5340.0,5343.0,3700
2026-10-02 14:24:00,1790918640,9706.T,5344.0,5345.0,5342.0,5344.0,1000
2026-10-02 14:25:00,1790918700,9706.T,5346.0,5346.0,5346.0,5346.0,600
2026-10-02 14:26:00,1790918760,9706.T,5346.0,5348.0,5346.0,5346.0,1500
2026-10-02 14:27:00,1790918820,9706.T,5346.0,5346.0,5346.0,5346.0,600
2026-10-02 14:28:00,1790918880,9706.T,5347.0,5348.0,5346.0,5348.0,400
2026-10-02 14:29:00,1790918940,9706.T,5346.0,5350.0,5346.0,5349.0,1200
2026-10-02 14:30:00,1790919000,9706.T,5349.0,5349.0,5349.0,5349.0,300
2026-10-02 14:32:00,1790919120,9706.T,5350.0,5352.0,5350.0,5352.0,1200
2026-10-02 14:33:00,1790919180,9706.T,5352.0,5352.0,5352.0,5352.0,700
2026-10-02 14:34:00,1790919240,9706.T,5352.0,5353.0,5351.0,5353.0,1500
2026-10-02 14:35:00,1790919300,9706.T,5354.0,5354.0,5354.0,5354.0,900
2026-10-02 14:36:00,1790919360,9706.T,5354.0,5354.0,5353.0,5353.0,200
2026-10-02 14:37:00,1790919420,9706.T,5352.0,5353.0,5352.0,5353.0,1000
2026-10-02 14:38:00,1790919480,9706.T,5353.0,5354.0,5352.0,5354.0,1300
2026-10-02 14:39:00,1790919540,9706.T,5354.0,5354.0,5353.0,5353.0,400
2026-10-02 14:40:00,1790919600,9706.T,5355.0,5359.0,5354.0,5359.0,3800
2026-10-02 14:41:00,1790919660,9706.T,5357.0,5357.0,5356.0,5356.0,1100
2026-10-02 14:42:00,1790919720,9706.T,5356.0,5356.0,5352.0,5352.0,1600
2026-10-02 14:43:00,1790919780,9706.T,5351.0,5352.0,5350.0,5350.0,700
2026-10-02 14:44:00,1790919840,9706.T,5351.0,5353.0,5351.0,5353.0,600
2026-10-02 14:45:00,1790919900,9706.T,5354.0,5354.0,5349.0,5351.0,1900
2026-10-02 14:46:00,1790919960,9706.T,5351.0,5352.0,5351.0,5352.0,200
2026-10-02 14:47:00,1790920020,9706.T,5353.0,5353.0,5352.0,5352.0,300
2026-10-02 14:48:00,1790920080,9706.T,5353.0,5353.0,5351.0,5351.0,1000
2026-10-02 14:49:00,1790920140,9706.T,5350.0,5351.0,5350.0,5351.0,600
2026-10-02 14:50:00,1790920200,9706.T,5351.0,5352.0,5351.0,5351.0,500
2026-10-02 14:51:00,1790920260,9706.T,5350.0,5351.0,5350.0,5351.0,700
2026-10-02 14:52:00,1790920320,9706.T,5350.0,5350.0,5346.0,5347.0,3500
2026-10-02 14:54:00,1790920440,9706.T,5345.0,5347.0,5345.0,5347.0,700
2026-10-02 14:55:00,1790920500,9706.T,5347.0,5347.0,5347.0,5347.0,100
2026-10-02 14:56:00,1790920560,9706.T,5346.0,5347.0,5345.0,5347.0,1400
2026-10-02 14:57:00,1790920620,9706.T,5347.0,5351.0,5344.0,5350.0,10300
2026-10-02 14:58:00,1790920680,9706.T,5351.0,5352.0,5351.0,5351.0,700
2026-10-02 14:59:00,1790920740,9706.T,5351.0,5351.0,5351.0,5351.0,100
2026-10-02 15:00:00,1790920800,9706.T,5350.0,5351.0,5349.0,5350.0,1800
2026-10-02 15:01:00,1790920860,9706.T,5350.0,5350.0,5347.0,5347.0,1100
2026-10-02 15:02:00,1790920920,9706.T,5346.0,5348.0,5345.0,5348.0,1800
2026-10-02 15:03:00,1790920980,9706.T,5348.0,5348.0,5348.0,5348.0,200
2026-10-02 15:04:00,1790921040,9706.T,5348.0,5348.0,5348.0,5348.0,300
2026-10-02 15:05:00,1790921100,9706.T,5347.0,5348.0,5346.0,5348.0,3100
2026-10-02 15:06:00,1790921160,9706.T,5350.0,5351.0,5349.0,5351.0,1100
2026-10-02 15:07:00,1790921220,9706.T,5351.0,5351.0,5349.0,5351.0,1200
2026-10-02 15:08:00,1790921280,9706.T,5350.0,5352.0,5350.0,5352.0,1000
2026-10-02 15:09:00,1790921340,9706.T,5351.0,5352.0,5350.0,5351.0,1600
2026-10-02 15:10:00,1790921400,9706.T,5349.0,5351.0,5349.0,5351.0,1200
2026-10-02 15:11:00,1790921460,9706.T,5351.0,5352.0,5350.0,5350.0,1000
2026-10-02 15:12:00,1790921520,9706.T,5351.0,5351.0,5351.0,5351.0,100
2026-10-02 15:13:00,1790921580,9706.T,5352.0,5352.0,5349.0,5351.0,2000
2026-10-02 15:14:00,1790921640,9706.T,5351.0,5352.0,5351.0,5351.0,1100
2026-10-02 15:15:00,1790921700,9706.T,5350.0,5354.0,5350.0,5354.0,2500
2026-10-02 15:16:00,1790921760,9706.T,5355.0,5357.0,5355.0,5357.0,2100
2026-10-02 15:17:00,1790921820,9706.T,5357.0,5357.0,5353.0,5355.0,5900
2026-10-02 15:18:00,1790921880,9706.T,5352.0,5353.0,5351.0,5352.0,3000
2026-10-02 15:19:00,1790921940,9706.T,5351.0,5351.0,5350.0,5350.0,600
2026-10-02 15:20:00,1790922000,9706.T,5351.0,5351.0,5348.0,5349.0,3000
2026-10-02 15:21:00,1790922060,9706.T,5350.0,5351.0,5349.0,5349.0,4200
2026-10-02 15:22:00,1790922120,9706.T,5348.0,5350.0,5347.0,5349.0,1200
2026-10-02 15:23:00,1790922180,9706.T,5350.0,5353.0,5350.0,5351.0,1100
2026-10-02 15:24:00,1790922240,9706.T,5354.0,5355.0,5347.0,5351.0,4100
2026-10-02 15:30:00,1790922600,9706.T,5337.0,5337.0,5337.0,5337.0,0
2026-10-05 09:00:00,1791158400,9706.T,5320.0,5337.0,5302.0,5318.0,0
2026-10-05 09:01:00,1791158460,9706.T,5320.0,5323.0,5316.0,5317.0,1100
2026-10-05 09:02:00,1791158520,9706.T,5320.0,5321.0,5313.0,5313.0,900
2026-10-05 09:03:00,1791158580,9706.T,5315.0,5322.0,5315.0,5322.0,600
2026-10-05 09:05:00,1791158700,9706.T,5325.0,5332.0,5324.0,5326.0,0
2026-10-05 09:06:00,1791158760,9706.T,5328.0,5331.0,5321.0,5325.0,1100
2026-10-05 09:07:00,1791158820,9706.T,5327.0,5327.0,5316.0,5316.0,1400
2026-10-05 09:08:00,1791158880,9706.T,5314.0,5316.0,5314.0,5316.0,200
2026-10-05 09:09:00,1791158940,9706.T,5318.0,5318.0,5316.0,5316.0,400
2026-10-05 09:10:00,1791159000,9706.T,5311.0,5315.0,5307.0,5313.0,2800
2026-10-05 09:11:00,1791159060,9706.T,5316.0,5322.0,5309.0,5319.0,7600
2026-10-05 09:12:00,1791159120,9706.T,5312.0,5322.0,5312.0,5316.0,900
2026-10-05 09:13:00,1791159180,9706.T,5316.0,5317.0,5316.0,5317.0,400
2026-10-05 09:14:00,1791159240,9706.T,5306.0,5308.0,5305.0,5308.0,800
2026-10-05 09:15:00,1791159300,9706.T,5309.0,5317.0,5309.0,5317.0,900
2026-10-05 09:16:00,1791159360,9706.T,5313.0,5315.0,5309.0,5309.0,1100
2026-10-05 09:17:00,1791159420,9706.T,5316.0,5323.0,5316.0,5320.0,600
2026-10-05 09:18:00,1791159480,9706.T,5322.0,5324.0,5319.0,5319.0,700
2026-10-05 09:19:00,1791159540,9706.T,5319.0,5323.0,5319.0,5323.0,600
2026-10-05 09:20:00,1791159600,9706.T,5319.0,5319.0,5313.0,5313.0,600
2026-10-05 09:21:00,1791159660,9706.T,5313.0,5319.0,5313.0,5316.0,800
2026-10-05 09:22:00,1791159720,9706.T,5314.0,5314.0,5309.0,5309.0,1200
2026-10-05 09:23:00,1791159780,9706.T,5308.0,5308.0,5308.0,5308.0,200
2026-10-05 09:24:00,1791159840,9706.T,5310.0,5310.0,5300.0,5302.0,1300
2026-10-05 09:25:00,1791159900,9706.T,5300.0,5300.0,5296.0,5297.0,1000
2026-10-05 09:26:00,1791159960,9706.T,5298.0,5299.0,5295.0,5299.0,2000
2026-10-05 09:27:00,1791160020,9706.T,5301.0,5301.0,5297.0,5298.0,1500
2026-10-05 09:28:00,1791160080,9706.T,5296.0,5296.0,5290.0,5296.0,2200
2026-10-05 09:29:00,1791160140,9706.T,5299.0,5306.0,5299.0,5305.0,1100
2026-10-05 09:30:00,1791160200,9706.T,5304.0,5304.0,5301.0,5301.0,600
2026-10-05 09:31:00,1791160260,9706.T,5303.0,5307.0,5303.0,5307.0,600
2026-10-05 09:32:00,1791160320,9706.T,5303.0,5303.0,5302.0,5303.0,300
2026-10-05 09:33:00,1791160380,9706.T,5300.0,5303.0,5300.0,5303.0,200
2026-10-05 09:35:00,1791160500,9706.T,5305.0,5305.0,5304.0,5305.0,300
2026-10-05 09:37:00,1791160620,9706.T,5303.0,5306.0,5303.0,5306.0,700
2026-10-05 09:39:00,1791160740,9706.T,5304.0,5305.0,5300.0,5304.0,1200
2026-10-05 09:40:00,1791160800,9706.T,5305.0,5305.0,5300.0,5304.0,300
2026-10-05 09:41:00,1791160860,9706.T,5302.0,5302.0,5301.0,5301.0,400
2026-10-05 09:42:00,1791160920,9706.T,5300.0,5303.0,5300.0,5303.0,300
2026-10-05 09:43:00,1791160980,9706.T,5304.0,5304.0,5304.0,5304.0,100
2026-10-05 09:44:00,1791161040,9706.T,5305.0,5312.0,5304.0,5312.0,1100
2026-10-05 09:45:00,1791161100,9706.T,5311.0,5317.0,5307.0,5315.0,6500
2026-10-05 09:46:00,1791161160,9706.T,5316.0,5316.0,5313.0,5314.0,900
2026-10-05 09:48:00,1791161280,9706.T,5314.0,5314.0,5310.0,5310.0,400
2026-10-05 09:50:00,1791161400,9706.T,5310.0,5310.0,5310.0,5310.0,100
2026-10-05 09:51:00,1791161460,9706.T,5310.0,5311.0,5310.0,5311.0,200
2026-10-05 09:53:00,1791161580,9706.T,5309.0,5310.0,5305.0,5305.0,500
2026-10-05 09:55:00,1791161700,9706.T,5302.0,5307.0,5301.0,5307.0,500
2026-10-05 09:57:00,1791161820,9706.T,5304.0,5305.0,5304.0,5304.0,400
2026-10-05 09:58:00,1791161880,9706.T,5303.0,5306.0,5300.0,5302.0,2100
2026-10-05 09:59:00,1791161940,9706.T,5301.0,5301.0,5301.0,5301.0,100
2026-10-05 10:00:00,1791162000,9706.T,5303.0,5304.0,5300.0,5300.0,300
2026-10-05 10:02:00,1791162120,9706.T,5302.0,5305.0,5302.0,5302.0,900
2026-10-05 10:03:00,1791162180,9706.T,5304.0,5307.0,5304.0,5307.0,300
2026-10-05 10:04:00,1791162240,9706.T,5308.0,5312.0,5308.0,5312.0,700
2026-10-05 10:05:00,1791162300,9706.T,5311.0,5314.0,5309.0,5313.0,1100
2026-10-05 10:06:00,1791162360,9706.T,5314.0,5314.0,5310.0,5310.0,400
2026-10-05 10:07:00,1791162420,9706.T,5310.0,5313.0,5310.0,5310.0,400
2026-10-05 10:08:00,1791162480,9706.T,5310.0,5310.0,5310.0,5310.0,200
2026-10-05 10:10:00,1791162600,9706.T,5310.0,5310.0,5310.0,5310.0,100
2026-10-05 10:11:00,1791162660,9706.T,5307.0,5307.0,5307.0,5307.0,200
2026-10-05 10:12:00,1791162720,9706.T,5304.0,5304.0,5303.0,5303.0,200
2026-10-05 10:13:00,1791162780,9706.T,5302.0,5302.0,5300.0,5300.0,300
2026-10-05 10:14:00,1791162840,9706.T,5300.0,5300.0,5300.0,5300.0,100
2026-10-05 10:15:00,1791162900,9706.T,5297.0,5297.0,5296.0,5296.0,200
2026-10-05 10:16:00,1791162960,9706.T,5295.0,5295.0,5292.0,5292.0,800
2026-10-05 10:17:00,1791163020,9706.T,5292.0,5297.0,5292.0,5297.0,1500
2026-10-05 10:18:00,1791163080,9706.T,5298.0,5298.0,5298.0,5298.0,100
2026-10-05 10:19:00,1791163140,9706.T,5297.0,5303.0,5296.0,5302.0,3900
2026-10-05 10:20:00,1791163200,9706.T,5307.0,5307.0,5307.0,5307.0,100
2026-10-05 10:21:00,1791163260,9706.T,5311.0,5311.0,5307.0,5310.0,900
2026-10-05 10:22:00,1791163320,9706.T,5311.0,5311.0,5311.0,5311.0,100
2026-10-05 10:23:00,1791163380,9706.T,5310.0,5311.0,5309.0,5309.0,600
2026-10-05 10:24:00,1791163440,9706.T,5307.0,5307.0,5307.0,5307.0,200
2026-10-05 10:25:00,1791163500,9706.T,5305.0,5305.0,5284.0,5291.0,5000
2026-10-05 10:26:00,1791163560,9706.T,5290.0,5292.0,5288.0,5292.0,500
2026-10-05 10:29:00,1791163740,9706.T,5289.0,5289.0,5288.0,5289.0,300
2026-10-05 10:30:00,1791163800,9706.T,5291.0,5296.0,5291.0,5296.0,1400
2026-10-05 10:31:00,1791163860,9706.T,5296.0,5296.0,5293.0,5294.0,800
2026-10-05 10:32:00,1791163920,9706.T,5293.0,5293.0,5289.0,5289.0,300
2026-10-05 10:33:00,1791163980,9706.T,5289.0,5290.0,5289.0,5290.0,400
2026-10-05 10:34:00,1791164040,9706.T,5288.0,5293.0,5288.0,5293.0,500
2026-10-05 10:35:00,1791164100,9706.T,5291.0,5291.0,5291.0,5291.0,100
2026-10-05 10:36:00,1791164160,9706.T,5290.0,5291.0,5290.0,5291.0,300
2026-10-05 10:37:00,1791164220,9706.T,5293.0,5294.0,5293.0,5293.0,700
2026-10-05 10:39:00,1791164340,9706.T,5291.0,5295.0,5289.0,5291.0,4900
2026-10-05 10:40:00,1791164400,9706.T,5292.0,5292.0,5291.0,5291.0,300
2026-10-05 10:41:00,1791164460,9706.T,5291.0,5291.0,5291.0,5291.0,100
2026-10-05 10:42:00,1791164520,9706.T,5292.0,5292.0,5292.0,5292.0,200
2026-10-05 10:43:00,1791164580,9706.T,5292.0,5294.0,5292.0,5293.0,600
2026-10-05 10:44:00,1791164640,9706.T,5293.0,5294.0,5293.0,5294.0,300
2026-10-05 10:46:00,1791164760,9706.T,5295.0,5295.0,5295.0,5295.0,100
2026-10-05 10:47:00,1791164820,9706.T,5295.0,5305.0,5295.0,5302.0,3500
2026-10-05 10:48:00,1791164880,9706.T,5299.0,5300.0,5299.0,5300.0,400
2026-10-05 10:49:00,1791164940,9706.T,5296.0,5303.0,5296.0,5303.0,900
2026-10-05 10:50:00,1791165000,9706.T,5302.0,5302.0,5299.0,5300.0,400
2026-10-05 10:51:00,1791165060,9706.T,5302.0,5302.0,5302.0,5302.0,100
2026-10-05 10:52:00,1791165120,9706.T,5301.0,5301.0,5301.0,5301.0,100
2026-10-05 10:53:00,1791165180,9706.T,5300.0,5300.0,5297.0,5297.0,1000
2026-10-05 10:55:00,1791165300,9706.T,5294.0,5295.0,5294.0,5295.0,400
2026-10-05 10:57:00,1791165420,9706.T,5295.0,5299.0,5295.0,5299.0,1200
2026-10-05 10:58:00,1791165480,9706.T,5297.0,5297.0,5297.0,5297.0,400
2026-10-05 11:01:00,1791165660,9706.T,5293.0,5294.0,5293.0,5294.0,600
2026-10-05 11:02:00,1791165720,9706.T,5293.0,5295.0,5293.0,5295.0,500
2026-10-05 11:03:00,1791165780,9706.T,5296.0,5297.0,5296.0,5297.0,200
2026-10-05 11:05:00,1791165900,9706.T,5297.0,5297.0,5297.0,5297.0,100
2026-10-05 11:06:00,1791165960,9706.T,5297.0,5300.0,5297.0,5298.0,1200
2026-10-05 11:09:00,1791166140,9706.T,5301.0,5302.0,5301.0,5302.0,500
2026-10-05 11:10:00,1791166200,9706.T,5303.0,5303.0,5302.0,5303.0,300
2026-10-05 11:11:00,1791166260,9706.T,5301.0,5302.0,5301.0,5302.0,700
2026-10-05 11:12:00,1791166320,9706.T,5303.0,5303.0,5303.0,5303.0,100
2026-10-05 11:13:00,1791166380,9706.T,5305.0,5305.0,5303.0,5303.0,700
2026-10-05 11:14:00,1791166440,9706.T,5302.0,5302.0,5301.0,5301.0,3000
2026-10-05 11:15:00,1791166500,9706.T,5299.0,5301.0,5299.0,5301.0,700
2026-10-05 11:17:00,1791166620,9706.T,5301.0,5306.0,5301.0,5306.0,1500
2026-10-05 11:18:00,1791166680,9706.T,5305.0,5305.0,5305.0,5305.0,200
2026-10-05 11:20:00,1791166800,9706.T,5308.0,5308.0,5308.0,5308.0,100
2026-10-05 11:21:00,1791166860,9706.T,5307.0,5307.0,5305.0,5305.0,900
2026-10-05 11:22:00,1791166920,9706.T,5306.0,5308.0,5306.0,5308.0,200
2026-10-05 11:24:00,1791167040,9706.T,5310.0,5311.0,5310.0,5310.0,2000
2026-10-05 11:25:00,1791167100,9706.T,5307.0,5307.0,5307.0,5307.0,100
2026-10-05 11:27:00,1791167220,9706.T,5309.0,5310.0,5309.0,5310.0,200
2026-10-05 11:28:00,1791167280,9706.T,5310.0,5310.0,5303.0,5303.0,800
2026-10-05 11:30:00,1791167400,9706.T,5302.0,5302.0,5300.0,5300.0,800
2026-10-05 12:30:00,1791171000,9706.T,5300.0,5302.0,5288.0,5293.0,19200
2026-10-05 12:31:00,1791171060,9706.T,5294.0,5298.0,5293.0,5295.0,2100
2026-10-05 12:32:00,1791171120,9706.T,5294.0,5297.0,5291.0,5297.0,1900
2026-10-05 12:33:00,1791171180,9706.T,5297.0,5297.0,5292.0,5297.0,1700
2026-10-05 12:34:00,1791171240,9706.T,5298.0,5298.0,5293.0,5293.0,1400
2026-10-05 12:35:00,1791171300,9706.T,5295.0,5295.0,5290.0,5290.0,300
2026-10-05 12:36:00,1791171360,9706.T,5291.0,5292.0,5290.0,5290.0,800
2026-10-05 12:37:00,1791171420,9706.T,5292.0,5293.0,5292.0,5293.0,200
2026-10-05 12:38:00,1791171480,9706.T,5291.0,5291.0,5291.0,5291.0,400
2026-10-05 12:39:00,1791171540,9706.T,5293.0,5294.0,5293.0,5294.0,200
2026-10-05 12:40:00,1791171600,9706.T,5295.0,5296.0,5295.0,5296.0,200
2026-10-05 12:44:00,1791171840,9706.T,5298.0,5301.0,5298.0,5300.0,1400
2026-10-05 12:45:00,1791171900,9706.T,5300.0,5300.0,5298.0,5298.0,400
2026-10-05 12:46:00,1791171960,9706.T,5299.0,5300.0,5296.0,5296.0,700
2026-10-05 12:47:00,1791172020,9706.T,5296.0,5296.0,5296.0,5296.0,100
2026-10-05 12:48:00,1791172080,9706.T,5296.0,5296.0,5296.0,5296.0,100
2026-10-05 12:49:00,1791172140,9706.T,5297.0,5299.0,5294.0,5299.0,6100
2026-10-05 12:53:00,1791172380,9706.T,5299.0,5301.0,5299.0,5301.0,200
2026-10-05 12:54:00,1791172440,9706.T,5301.0,5301.0,5301.0,5301.0,100
2026-10-05 12:56:00,1791172560,9706.T,5303.0,5303.0,5302.0,5302.0,900
2026-10-05 12:57:00,1791172620,9706.T,5301.0,5301.0,5300.0,5301.0,1100
2026-10-05 12:59:00,1791172740,9706.T,5298.0,5298.0,5298.0,5298.0,100
2026-10-05 13:00:00,1791172800,9706.T,5298.0,5299.0,5298.0,5299.0,500
2026-10-05 13:01:00,1791172860,9706.T,5300.0,5301.0,5300.0,5301.0,400
2026-10-05 13:02:00,1791172920,9706.T,5301.0,5301.0,5301.0,5301.0,200
2026-10-05 13:05:00,1791173100,9706.T,5302.0,5302.0,5301.0,5301.0,400
2026-10-05 13:06:00,1791173160,9706.T,5300.0,5301.0,5300.0,5301.0,400
2026-10-05 13:08:00,1791173280,9706.T,5303.0,5303.0,5303.0,5303.0,100
2026-10-05 13:09:00,1791173340,9706.T,5303.0,5304.0,5302.0,5302.0,900
2026-10-05 13:11:00,1791173460,9706.T,5302.0,5302.0,5301.0,5301.0,500
2026-10-05 13:13:00,1791173580,9706.T,5302.0,5302.0,5301.0,5301.0,600
2026-10-05 13:15:00,1791173700,9706.T,5301.0,5304.0,5301.0,5303.0,600
2026-10-05 13:17:00,1791173820,9706.T,5304.0,5304.0,5304.0,5304.0,200
2026-10-05 13:18:00,1791173880,9706.T,5304.0,5304.0,5304.0,5304.0,100
2026-10-05 13:19:00,1791173940,9706.T,5304.0,5304.0,5304.0,5304.0,100
2026-10-05 13:20:00,1791174000,9706.T,5305.0,5309.0,5305.0,5309.0,1400
2026-10-05 13:21:00,1791174060,9706.T,5310.0,5310.0,5310.0,5310.0,100
2026-10-05 13:22:00,1791174120,9706.T,5311.0,5311.0,5311.0,5311.0,100
2026-10-05 13:23:00,1791174180,9706.T,5312.0,5318.0,5312.0,5318.0,3300
2026-10-05 13:24:00,1791174240,9706.T,5319.0,5323.0,5319.0,5321.0,600
2026-10-05 13:25:00,1791174300,9706.T,5321.0,5321.0,5317.0,5317.0,1000
2026-10-05 13:27:00,1791174420,9706.T,5318.0,5318.0,5318.0,5318.0,100
2026-10-05 13:29:00,1791174540,9706.T,5318.0,5318.0,5316.0,5316.0,1000
2026-10-05 13:30:00,1791174600,9706.T,5316.0,5317.0,5316.0,5317.0,500
2026-10-05 13:31:00,1791174660,9706.T,5319.0,5321.0,5318.0,5318.0,1200
2026-10-05 13:32:00,1791174720,9706.T,5316.0,5317.0,5304.0,5314.0,14700
2026-10-05 13:33:00,1791174780,9706.T,5313.0,5317.0,5313.0,5317.0,1000
2026-10-05 13:34:00,1791174840,9706.T,5315.0,5316.0,5314.0,5316.0,4400
2026-10-05 13:35:00,1791174900,9706.T,5316.0,5316.0,5316.0,5316.0,100
2026-10-05 13:36:00,1791174960,9706.T,5316.0,5318.0,5316.0,5318.0,600
2026-10-05 13:38:00,1791175080,9706.T,5318.0,5319.0,5318.0,5319.0,900
2026-10-05 13:39:00,1791175140,9706.T,5319.0,5320.0,5318.0,5320.0,400
2026-10-05 13:40:00,1791175200,9706.T,5320.0,5320.0,5320.0,5320.0,100
2026-10-05 13:41:00,1791175260,9706.T,5321.0,5322.0,5321.0,5322.0,300
2026-10-05 13:42:00,1791175320,9706.T,5323.0,5323.0,5323.0,5323.0,100
2026-10-05 13:43:00,1791175380,9706.T,5323.0,5323.0,5319.0,5321.0,4600
2026-10-05 13:44:00,1791175440,9706.T,5320.0,5320.0,5320.0,5320.0,100
2026-10-05 13:45:00,1791175500,9706.T,5320.0,5323.0,5320.0,5323.0,900
2026-10-05 13:46:00,1791175560,9706.T,5322.0,5324.0,5322.0,5324.0,400
2026-10-05 13:47:00,1791175620,9706.T,5324.0,5325.0,5323.0,5324.0,1100
2026-10-05 13:48:00,1791175680,9706.T,5324.0,5330.0,5324.0,5330.0,1000
2026-10-05 13:49:00,1791175740,9706.T,5329.0,5332.0,5329.0,5330.0,1200
2026-10-05 13:50:00,1791175800,9706.T,5330.0,5330.0,5328.0,5330.0,700
2026-10-05 13:52:00,1791175920,9706.T,5331.0,5331.0,5331.0,5331.0,100
2026-10-05 13:53:00,1791175980,9706.T,5330.0,5331.0,5327.0,5328.0,800
2026-10-05 13:54:00,1791176040,9706.T,5328.0,5331.0,5328.0,5330.0,700
2026-10-05 13:55:00,1791176100,9706.T,5330.0,5330.0,5330.0,5330.0,800
2026-10-05 13:56:00,1791176160,9706.T,5329.0,5330.0,5326.0,5328.0,800
2026-10-05 13:58:00,1791176280,9706.T,5329.0,5330.0,5326.0,5329.0,1100
2026-10-05 13:59:00,1791176340,9706.T,5327.0,5329.0,5327.0,5327.0,700
2026-10-05 14:01:00,1791176460,9706.T,5327.0,5327.0,5326.0,5326.0,300
2026-10-05 14:02:00,1791176520,9706.T,5325.0,5325.0,5325.0,5325.0,100
2026-10-05 14:04:00,1791176640,9706.T,5326.0,5326.0,5325.0,5325.0,500
2026-10-05 14:06:00,1791176760,9706.T,5326.0,5326.0,5326.0,5326.0,100
2026-10-05 14:07:00,1791176820,9706.T,5325.0,5325.0,5321.0,5322.0,1600
2026-10-05 14:09:00,1791176940,9706.T,5322.0,5322.0,5322.0,5322.0,300
2026-10-05 14:11:00,1791177060,9706.T,5323.0,5325.0,5323.0,5325.0,600
2026-10-05 14:12:00,1791177120,9706.T,5325.0,5325.0,5324.0,5324.0,700
2026-10-05 14:15:00,1791177300,9706.T,5326.0,5327.0,5326.0,5327.0,700
2026-10-05 14:17:00,1791177420,9706.T,5328.0,5330.0,5327.0,5327.0,1500
2026-10-05 14:18:00,1791177480,9706.T,5327.0,5330.0,5327.0,5328.0,1200
2026-10-05 14:19:00,1791177540,9706.T,5326.0,5327.0,5325.0,5327.0,400
2026-10-05 14:23:00,1791177780,9706.T,5325.0,5325.0,5324.0,5324.0,700
2026-10-05 14:24:00,1791177840,9706.T,5323.0,5323.0,5323.0,5323.0,200
2026-10-05 14:25:00,1791177900,9706.T,5324.0,5324.0,5324.0,5324.0,200
2026-10-05 14:26:00,1791177960,9706.T,5325.0,5325.0,5325.0,5325.0,500
2026-10-05 14:28:00,1791178080,9706.T,5325.0,5325.0,5325.0,5325.0,400
2026-10-05 14:30:00,1791178200,9706.T,5326.0,5332.0,5326.0,5332.0,3200
2026-10-05 14:31:00,1791178260,9706.T,5333.0,5335.0,5333.0,5335.0,400
2026-10-05 14:32:00,1791178320,9706.T,5335.0,5335.0,5334.0,5335.0,300
2026-10-05 14:33:00,1791178380,9706.T,5334.0,5336.0,5331.0,5335.0,2000
2026-10-05 14:34:00,1791178440,9706.T,5336.0,5339.0,5336.0,5339.0,800
2026-10-05 14:36:00,1791178560,9706.T,5338.0,5339.0,5338.0,5338.0,700
2026-10-05 14:37:00,1791178620,9706.T,5338.0,5339.0,5338.0,5339.0,600
2026-10-05 14:38:00,1791178680,9706.T,5338.0,5338.0,5338.0,5338.0,100
2026-10-05 14:40:00,1791178800,9706.T,5339.0,5339.0,5339.0,5339.0,100
2026-10-05 14:41:00,1791178860,9706.T,5337.0,5338.0,5334.0,5334.0,1400
2026-10-05 14:44:00,1791179040,9706.T,5332.0,5337.0,5329.0,5337.0,2900
2026-10-05 14:45:00,1791179100,9706.T,5337.0,5337.0,5337.0,5337.0,100
2026-10-05 14:47:00,1791179220,9706.T,5337.0,5337.0,5336.0,5336.0,1500
2026-10-05 14:49:00,1791179340,9706.T,5337.0,5339.0,5337.0,5339.0,400
2026-10-05 14:50:00,1791179400,9706.T,5339.0,5341.0,5338.0,5339.0,2400
2026-10-05 14:51:00,1791179460,9706.T,5339.0,5341.0,5339.0,5341.0,1200
2026-10-05 14:52:00,1791179520,9706.T,5341.0,5341.0,5338.0,5338.0,1000
2026-10-05 14:53:00,1791179580,9706.T,5337.0,5337.0,5336.0,5336.0,400
2026-10-05 14:54:00,1791179640,9706.T,5337.0,5347.0,5337.0,5346.0,3700
2026-10-05 14:55:00,1791179700,9706.T,5346.0,5346.0,5345.0,5345.0,400
2026-10-05 14:56:00,1791179760,9706.T,5346.0,5346.0,5338.0,5345.0,4200
2026-10-05 14:57:00,1791179820,9706.T,5344.0,5344.0,5342.0,5342.0,300
2026-10-05 14:58:00,1791179880,9706.T,5343.0,5348.0,5338.0,5347.0,7500
2026-10-05 14:59:00,1791179940,9706.T,5346.0,5349.0,5346.0,5349.0,1900
2026-10-05 15:00:00,1791180000,9706.T,5350.0,5352.0,5347.0,5347.0,2000
2026-10-05 15:01:00,1791180060,9706.T,5345.0,5347.0,5345.0,5346.0,1500
2026-10-05 15:02:00,1791180120,9706.T,5346.0,5348.0,5344.0,5345.0,2000
2026-10-05 15:03:00,1791180180,9706.T,5345.0,5347.0,5345.0,5347.0,500
2026-10-05 15:04:00,1791180240,9706.T,5346.0,5347.0,5344.0,5346.0,1800
2026-10-05 15:05:00,1791180300,9706.T,5347.0,5347.0,5344.0,5346.0,600
2026-10-05 15:06:00,1791180360,9706.T,5345.0,5345.0,5345.0,5345.0,200
2026-10-05 15:07:00,1791180420,9706.T,5345.0,5346.0,5345.0,5345.0,800
2026-10-05 15:08:00,1791180480,9706.T,5344.0,5347.0,5344.0,5347.0,2500
2026-10-05 15:09:00,1791180540,9706.T,5346.0,5347.0,5346.0,5347.0,300
2026-10-05 15:10:00,1791180600,9706.T,5346.0,5347.0,5346.0,5346.0,900
2026-10-05 15:11:00,1791180660,9706.T,5347.0,5347.0,5346.0,5347.0,700
2026-10-05 15:12:00,1791180720,9706.T,5346.0,5347.0,5344.0,5344.0,1800
2026-10-05 15:13:00,1791180780,9706.T,5345.0,5347.0,5345.0,5347.0,1600
2026-10-05 15:14:00,1791180840,9706.T,5347.0,5350.0,5347.0,5350.0,1700
2026-10-05 15:15:00,1791180900,9706.T,5349.0,5349.0,5347.0,5348.0,1800
2026-10-05 15:17:00,1791181020,9706.T,5348.0,5348.0,5345.0,5346.0,2000
2026-10-05 15:18:00,1791181080,9706.T,5345.0,5345.0,5344.0,5345.0,1400
2026-10-05 15:19:00,1791181140,9706.T,5345.0,5347.0,5345.0,5347.0,2500
2026-10-05 15:20:00,1791181200,9706.T,5346.0,5352.0,5345.0,5351.0,4900
2026-10-05 15:21:00,1791181260,9706.T,5350.0,5356.0,5350.0,5350.0,5200
2026-10-05 15:22:00,1791181320,9706.T,5348.0,5351.0,5348.0,5351.0,3200
2026-10-05 15:23:00,1791181380,9706.T,5350.0,5352.0,5348.0,5348.0,2000
2026-10-05 15:24:00,1791181440,9706.T,5348.0,5349.0,5343.0,5347.0,2000
2026-10-05 15:30:00,1791181800,9706.T,5345.0,5345.0,5345.0,5345.0,0
2026-10-06 09:05:00,1791245100,9706.T,5339.0,5341.0,5332.0,5333.0,0
2026-10-06 09:06:00,1791245160,9706.T,5330.0,5330.0,5328.0,5328.0,500
2026-10-06 09:07:00,1791245220,9706.T,5329.0,5335.0,5328.0,5328.0,1200
2026-10-06 09:08:00,1791245280,9706.T,5322.0,5327.0,5320.0,5326.0,1200
2026-10-06 09:10:00,1791245400,9706.T,5327.0,5339.0,5327.0,5338.0,3500
2026-10-06 09:11:00,1791245460,9706.T,5336.0,5339.0,5336.0,5337.0,600
2026-10-06 09:12:00,1791245520,9706.T,5337.0,5338.0,5337.0,5337.0,400
2026-10-06 09:13:00,1791245580,9706.T,5340.0,5345.0,5340.0,5341.0,900
2026-10-06 09:14:00,1791245640,9706.T,5342.0,5342.0,5336.0,5337.0,1000
2026-10-06 09:15:00,1791245700,9706.T,5335.0,5336.0,5331.0,5336.0,900
2026-10-06 09:16:00,1791245760,9706.T,5343.0,5343.0,5340.0,5341.0,1000
2026-10-06 09:17:00,1791245820,9706.T,5331.0,5332.0,5331.0,5332.0,200
2026-10-06 09:18:00,1791245880,9706.T,5335.0,5341.0,5335.0,5340.0,1600
2026-10-06 09:19:00,1791245940,9706.T,5342.0,5345.0,5342.0,5344.0,800
2026-10-06 09:20:00,1791246000,9706.T,5340.0,5341.0,5339.0,5339.0,500
2026-10-06 09:21:00,1791246060,9706.T,5339.0,5339.0,5336.0,5336.0,200
2026-10-06 09:22:00,1791246120,9706.T,5336.0,5337.0,5335.0,5335.0,500
2026-10-06 09:23:00,1791246180,9706.T,5334.0,5337.0,5334.0,5336.0,700
2026-10-06 09:24:00,1791246240,9706.T,5335.0,5337.0,5335.0,5337.0,200
2026-10-06 09:25:00,1791246300,9706.T,5339.0,5340.0,5337.0,5337.0,700
2026-10-06 09:26:00,1791246360,9706.T,5339.0,5339.0,5338.0,5338.0,300
2026-10-06 09:27:00,1791246420,9706.T,5340.0,5341.0,5340.0,5341.0,400
2026-10-06 09:28:00,1791246480,9706.T,5344.0,5346.0,5343.0,5343.0,1100
2026-10-06 09:29:00,1791246540,9706.T,5339.0,5340.0,5334.0,5338.0,2200
2026-10-06 09:30:00,1791246600,9706.T,5336.0,5348.0,5336.0,5346.0,1300
2026-10-06 09:31:00,1791246660,9706.T,5347.0,5348.0,5345.0,5346.0,1300
2026-10-06 09:32:00,1791246720,9706.T,5348.0,5349.0,5348.0,5349.0,200
2026-10-06 09:33:00,1791246780,9706.T,5350.0,5352.0,5348.0,5348.0,1100
2026-10-06 09:34:00,1791246840,9706.T,5349.0,5350.0,5349.0,5349.0,400
2026-10-06 09:36:00,1791246960,9706.T,5349.0,5351.0,5349.0,5351.0,400
2026-10-06 09:37:00,1791247020,9706.T,5351.0,5356.0,5351.0,5356.0,900
2026-10-06 09:38:00,1791247080,9706.T,5353.0,5353.0,5349.0,5349.0,8600
2026-10-06 09:40:00,1791247200,9706.T,5350.0,5352.0,5348.0,5348.0,3600
2026-10-06 09:41:00,1791247260,9706.T,5350.0,5354.0,5350.0,5351.0,1000
2026-10-06 09:42:00,1791247320,9706.T,5352.0,5355.0,5351.0,5354.0,800
2026-10-06 09:43:00,1791247380,9706.T,5355.0,5355.0,5353.0,5353.0,700
2026-10-06 09:44:00,1791247440,9706.T,5352.0,5356.0,5352.0,5355.0,900
2026-10-06 09:45:00,1791247500,9706.T,5357.0,5358.0,5357.0,5358.0,200
2026-10-06 09:46:00,1791247560,9706.T,5360.0,5362.0,5360.0,5361.0,1400
2026-10-06 09:47:00,1791247620,9706.T,5361.0,5373.0,5359.0,5372.0,3400
2026-10-06 09:48:00,1791247680,9706.T,5372.0,5377.0,5371.0,5377.0,400
2026-10-06 09:49:00,1791247740,9706.T,5377.0,5377.0,5373.0,5375.0,600
2026-10-06 09:50:00,1791247800,9706.T,5374.0,5374.0,5369.0,5372.0,500
2026-10-06 09:51:00,1791247860,9706.T,5373.0,5373.0,5367.0,5367.0,600
2026-10-06 09:52:00,1791247920,9706.T,5366.0,5369.0,5366.0,5369.0,600
2026-10-06 09:53:00,1791247980,9706.T,5370.0,5370.0,5370.0,5370.0,400
2026-10-06 09:54:00,1791248040,9706.T,5369.0,5373.0,5365.0,5369.0,3300
2026-10-06 09:55:00,1791248100,9706.T,5370.0,5373.0,5367.0,5373.0,1100
2026-10-06 09:56:00,1791248160,9706.T,5371.0,5371.0,5371.0,5371.0,100
2026-10-06 09:57:00,1791248220,9706.T,5370.0,5370.0,5364.0,5366.0,3100
2026-10-06 09:58:00,1791248280,9706.T,5366.0,5370.0,5366.0,5370.0,700
2026-10-06 09:59:00,1791248340,9706.T,5372.0,5374.0,5372.0,5374.0,500
2026-10-06 10:00:00,1791248400,9706.T,5375.0,5380.0,5371.0,5373.0,5800
2026-10-06 10:01:00,1791248460,9706.T,5377.0,5377.0,5375.0,5375.0,600
2026-10-06 10:02:00,1791248520,9706.T,5376.0,5381.0,5376.0,5379.0,800
2026-10-06 10:03:00,1791248580,9706.T,5380.0,5387.0,5379.0,5387.0,1400
2026-10-06 10:05:00,1791248700,9706.T,5384.0,5384.0,5381.0,5384.0,4300
2026-10-06 10:06:00,1791248760,9706.T,5382.0,5384.0,5382.0,5383.0,900
2026-10-06 10:07:00,1791248820,9706.T,5382.0,5383.0,5382.0,5383.0,400
2026-10-06 10:08:00,1791248880,9706.T,5385.0,5387.0,5384.0,5384.0,600
2026-10-06 10:09:00,1791248940,9706.T,5383.0,5383.0,5383.0,5383.0,500
2026-10-06 10:10:00,1791249000,9706.T,5381.0,5385.0,5379.0,5384.0,1200
2026-10-06 10:11:00,1791249060,9706.T,5386.0,5387.0,5386.0,5387.0,200
2026-10-06 10:12:00,1791249120,9706.T,5388.0,5390.0,5388.0,5389.0,900
2026-10-06 10:13:00,1791249180,9706.T,5390.0,5394.0,5390.0,5393.0,400
2026-10-06 10:14:00,1791249240,9706.T,5393.0,5395.0,5385.0,5390.0,6700
2026-10-06 10:16:00,1791249360,9706.T,5387.0,5388.0,5387.0,5387.0,600
2026-10-06 10:17:00,1791249420,9706.T,5388.0,5390.0,5386.0,5389.0,1200
2026-10-06 10:18:00,1791249480,9706.T,5391.0,5391.0,5391.0,5391.0,100
2026-10-06 10:19:00,1791249540,9706.T,5390.0,5391.0,5390.0,5390.0,700
2026-10-06 10:21:00,1791249660,9706.T,5392.0,5394.0,5392.0,5392.0,800
2026-10-06 10:22:00,1791249720,9706.T,5392.0,5393.0,5392.0,5393.0,200
2026-10-06 10:23:00,1791249780,9706.T,5395.0,5396.0,5393.0,5393.0,800
2026-10-06 10:24:00,1791249840,9706.T,5393.0,5393.0,5391.0,5392.0,900
2026-10-06 10:25:00,1791249900,9706.T,5392.0,5392.0,5391.0,5391.0,500
2026-10-06 10:26:00,1791249960,9706.T,5391.0,5392.0,5391.0,5392.0,600
2026-10-06 10:27:00,1791250020,9706.T,5394.0,5394.0,5390.0,5391.0,600
2026-10-06 10:28:00,1791250080,9706.T,5392.0,5394.0,5392.0,5392.0,400
2026-10-06 10:29:00,1791250140,9706.T,5391.0,5395.0,5391.0,5395.0,600
2026-10-06 10:30:00,1791250200,9706.T,5395.0,5396.0,5391.0,5391.0,1100
2026-10-06 10:32:00,1791250320,9706.T,5394.0,5402.0,5394.0,5399.0,4500
2026-10-06 10:33:00,1791250380,9706.T,5398.0,5400.0,5398.0,5400.0,700
2026-10-06 10:34:00,1791250440,9706.T,5400.0,5400.0,5398.0,5399.0,500
2026-10-06 10:35:00,1791250500,9706.T,5400.0,5404.0,5400.0,5403.0,1100
2026-10-06 10:37:00,1791250620,9706.T,5403.0,5407.0,5402.0,5402.0,900
2026-10-06 10:38:00,1791250680,9706.T,5402.0,5405.0,5401.0,5405.0,800
2026-10-06 10:39:00,1791250740,9706.T,5403.0,5404.0,5403.0,5403.0,600
2026-10-06 10:40:00,1791250800,9706.T,5404.0,5404.0,5400.0,5403.0,700
2026-10-06 10:42:00,1791250920,9706.T,5403.0,5403.0,5403.0,5403.0,100
2026-10-06 10:43:00,1791250980,9706.T,5404.0,5405.0,5404.0,5405.0,400
2026-10-06 10:44:00,1791251040,9706.T,5406.0,5406.0,5406.0,5406.0,200
2026-10-06 10:45:00,1791251100,9706.T,5406.0,5406.0,5402.0,5405.0,3500
2026-10-06 10:46:00,1791251160,9706.T,5406.0,5406.0,5401.0,5403.0,700
2026-10-06 10:47:00,1791251220,9706.T,5403.0,5403.0,5403.0,5403.0,200
2026-10-06 10:48:00,1791251280,9706.T,5402.0,5403.0,5402.0,5403.0,900
2026-10-06 10:49:00,1791251340,9706.T,5402.0,5402.0,5402.0,5402.0,200
2026-10-06 10:50:00,1791251400,9706.T,5402.0,5405.0,5402.0,5405.0,800
2026-10-06 10:51:00,1791251460,9706.T,5405.0,5405.0,5405.0,5405.0,200
2026-10-06 10:52:00,1791251520,9706.T,5408.0,5409.0,5408.0,5409.0,500
2026-10-06 10:53:00,1791251580,9706.T,5407.0,5408.0,5407.0,5408.0,700
2026-10-06 10:54:00,1791251640,9706.T,5409.0,5409.0,5408.0,5408.0,400
2026-10-06 10:55:00,1791251700,9706.T,5410.0,5410.0,5410.0,5410.0,200
2026-10-06 10:56:00,1791251760,9706.T,5411.0,5411.0,5411.0,5411.0,200
2026-10-06 10:57:00,1791251820,9706.T,5412.0,5416.0,5412.0,5416.0,1500
2026-10-06 10:58:00,1791251880,9706.T,5417.0,5417.0,5415.0,5417.0,1700
2026-10-06 10:59:00,1791251940,9706.T,5417.0,5417.0,5417.0,5417.0,100
2026-10-06 11:00:00,1791252000,9706.T,5416.0,5416.0,5416.0,5416.0,200
2026-10-06 11:01:00,1791252060,9706.T,5417.0,5418.0,5417.0,5418.0,300
2026-10-06 11:02:00,1791252120,9706.T,5417.0,5420.0,5417.0,5420.0,600
2026-10-06 11:03:00,1791252180,9706.T,5419.0,5420.0,5419.0,5420.0,300
2026-10-06 11:04:00,1791252240,9706.T,5420.0,5422.0,5420.0,5421.0,700
2026-10-06 11:06:00,1791252360,9706.T,5421.0,5421.0,5419.0,5419.0,900
2026-10-06 11:08:00,1791252480,9706.T,5418.0,5420.0,5418.0,5420.0,1100
2026-10-06 11:09:00,1791252540,9706.T,5419.0,5419.0,5417.0,5418.0,800
2026-10-06 11:11:00,1791252660,9706.T,5420.0,5428.0,5420.0,5427.0,2300
2026-10-06 11:13:00,1791252780,9706.T,5422.0,5422.0,5422.0,5422.0,200
2026-10-06 11:14:00,1791252840,9706.T,5421.0,5426.0,5420.0,5426.0,1800
2026-10-06 11:15:00,1791252900,9706.T,5426.0,5426.0,5425.0,5425.0,300
2026-10-06 11:16:00,1791252960,9706.T,5428.0,5428.0,5428.0,5428.0,100
2026-10-06 11:18:00,1791253080,9706.T,5424.0,5424.0,5420.0,5421.0,2100
2026-10-06 11:19:00,1791253140,9706.T,5420.0,5420.0,5418.0,5420.0,800
2026-10-06 11:20:00,1791253200,9706.T,5421.0,5421.0,5420.0,5420.0,600
2026-10-06 11:21:00,1791253260,9706.T,5419.0,5419.0,5419.0,5419.0,100
2026-10-06 11:22:00,1791253320,9706.T,5420.0,5422.0,5420.0,5422.0,500
2026-10-06 11:23:00,1791253380,9706.T,5422.0,5422.0,5411.0,5413.0,3200
2026-10-06 11:24:00,1791253440,9706.T,5412.0,5412.0,5412.0,5412.0,200
2026-10-06 11:25:00,1791253500,9706.T,5418.0,5418.0,5415.0,5416.0,1100
2026-10-06 11:26:00,1791253560,9706.T,5414.0,5415.0,5409.0,5414.0,1400
2026-10-06 11:27:00,1791253620,9706.T,5411.0,5411.0,5410.0,5410.0,200
2026-10-06 11:28:00,1791253680,9706.T,5411.0,5411.0,5407.0,5409.0,1000
2026-10-06 11:29:00,1791253740,9706.T,5411.0,5411.0,5409.0,5409.0,300
2026-10-06 11:30:00,1791253800,9706.T,5412.0,5412.0,5412.0,5412.0,200
2026-10-06 12:30:00,1791257400,9706.T,5412.0,5418.0,5408.0,5417.0,9800
2026-10-06 12:31:00,1791257460,9706.T,5415.0,5415.0,5414.0,5414.0,800
2026-10-06 12:32:00,1791257520,9706.T,5410.0,5416.0,5408.0,5416.0,1100
2026-10-06 12:33:00,1791257580,9706.T,5416.0,5416.0,5414.0,5414.0,700
2026-10-06 12:34:00,1791257640,9706.T,5412.0,5412.0,5406.0,5409.0,1900
2026-10-06 12:35:00,1791257700,9706.T,5410.0,5410.0,5403.0,5405.0,2000
2026-10-06 12:36:00,1791257760,9706.T,5405.0,5405.0,5405.0,5405.0,300
2026-10-06 12:37:00,1791257820,9706.T,5407.0,5407.0,5407.0,5407.0,200
2026-10-06 12:38:00,1791257880,9706.T,5410.0,5410.0,5410.0,5410.0,100
2026-10-06 12:39:00,1791257940,9706.T,5413.0,5416.0,5413.0,5414.0,300
2026-10-06 12:40:00,1791258000,9706.T,5414.0,5414.0,5413.0,5413.0,200
2026-10-06 12:41:00,1791258060,9706.T,5414.0,5414.0,5412.0,5412.0,800
2026-10-06 12:42:00,1791258120,9706.T,5413.0,5413.0,5413.0,5413.0,100
2026-10-06 12:43:00,1791258180,9706.T,5412.0,5416.0,5410.0,5416.0,3900
2026-10-06 12:44:00,1791258240,9706.T,5417.0,5417.0,5416.0,5417.0,600
2026-10-06 12:45:00,1791258300,9706.T,5417.0,5417.0,5417.0,5417.0,100
2026-10-06 12:46:00,1791258360,9706.T,5416.0,5417.0,5416.0,5416.0,300
2026-10-06 12:47:00,1791258420,9706.T,5415.0,5418.0,5415.0,5418.0,500
2026-10-06 12:48:00,1791258480,9706.T,5416.0,5419.0,5415.0,5419.0,400
2026-10-06 12:49:00,1791258540,9706.T,5417.0,5417.0,5414.0,5414.0,1700
2026-10-06 12:51:00,1791258660,9706.T,5412.0,5412.0,5409.0,5412.0,1500
2026-10-06 12:52:00,1791258720,9706.T,5410.0,5410.0,5410.0,5410.0,100
2026-10-06 12:53:00,1791258780,9706.T,5410.0,5411.0,5409.0,5411.0,700
2026-10-06 12:55:00,1791258900,9706.T,5410.0,5410.0,5407.0,5407.0,1400
2026-10-06 12:56:00,1791258960,9706.T,5406.0,5406.0,5406.0,5406.0,100
2026-10-06 12:57:00,1791259020,9706.T,5406.0,5406.0,5406.0,5406.0,100
2026-10-06 12:58:00,1791259080,9706.T,5404.0,5404.0,5402.0,5402.0,1300
2026-10-06 12:59:00,1791259140,9706.T,5403.0,5403.0,5403.0,5403.0,200
2026-10-06 13:00:00,1791259200,9706.T,5402.0,5403.0,5402.0,5403.0,700
2026-10-06 13:01:00,1791259260,9706.T,5401.0,5403.0,5400.0,5403.0,1300
2026-10-06 13:02:00,1791259320,9706.T,5403.0,5405.0,5403.0,5405.0,500
2026-10-06 13:03:00,1791259380,9706.T,5404.0,5405.0,5404.0,5404.0,500
2026-10-06 13:04:00,1791259440,9706.T,5402.0,5403.0,5402.0,5403.0,400
2026-10-06 13:05:00,1791259500,9706.T,5402.0,5402.0,5402.0,5402.0,100
2026-10-06 13:06:00,1791259560,9706.T,5403.0,5405.0,5403.0,5405.0,600
2026-10-06 13:07:00,1791259620,9706.T,5402.0,5403.0,5399.0,5402.0,2100
2026-10-06 13:08:00,1791259680,9706.T,5404.0,5406.0,5403.0,5404.0,900
2026-10-06 13:09:00,1791259740,9706.T,5404.0,5405.0,5404.0,5405.0,600
2026-10-06 13:10:00,1791259800,9706.T,5406.0,5407.0,5406.0,5406.0,400
2026-10-06 13:11:00,1791259860,9706.T,5407.0,5411.0,5405.0,5411.0,1800
2026-10-06 13:12:00,1791259920,9706.T,5410.0,5413.0,5410.0,5413.0,700
2026-10-06 13:14:00,1791260040,9706.T,5413.0,5413.0,5413.0,5413.0,100
2026-10-06 13:15:00,1791260100,9706.T,5414.0,5415.0,5414.0,5415.0,500
2026-10-06 13:16:00,1791260160,9706.T,5414.0,5417.0,5413.0,5417.0,1000
2026-10-06 13:17:00,1791260220,9706.T,5417.0,5418.0,5416.0,5418.0,400
2026-10-06 13:18:00,1791260280,9706.T,5417.0,5417.0,5417.0,5417.0,100
2026-10-06 13:19:00,1791260340,9706.T,5418.0,5418.0,5418.0,5418.0,200
2026-10-06 13:20:00,1791260400,9706.T,5418.0,5418.0,5418.0,5418.0,100
2026-10-06 13:21:00,1791260460,9706.T,5417.0,5420.0,5417.0,5420.0,1000
2026-10-06 13:22:00,1791260520,9706.T,5420.0,5422.0,5420.0,5422.0,400
2026-10-06 13:23:00,1791260580,9706.T,5422.0,5424.0,5422.0,5422.0,300
2026-10-06 13:24:00,1791260640,9706.T,5422.0,5422.0,5421.0,5422.0,800
2026-10-06 13:25:00,1791260700,9706.T,5423.0,5425.0,5423.0,5425.0,500
2026-10-06 13:26:00,1791260760,9706.T,5424.0,5424.0,5421.0,5424.0,700
2026-10-06 13:27:00,1791260820,9706.T,5423.0,5424.0,5423.0,5424.0,400
2026-10-06 13:28:00,1791260880,9706.T,5423.0,5423.0,5421.0,5421.0,900
2026-10-06 13:29:00,1791260940,9706.T,5423.0,5426.0,5422.0,5424.0,800
2026-10-06 13:30:00,1791261000,9706.T,5424.0,5424.0,5423.0,5423.0,400
2026-10-06 13:31:00,1791261060,9706.T,5422.0,5425.0,5422.0,5425.0,800
2026-10-06 13:32:00,1791261120,9706.T,5426.0,5426.0,5426.0,5426.0,100
2026-10-06 13:33:00,1791261180,9706.T,5425.0,5426.0,5424.0,5426.0,1600
2026-10-06 13:34:00,1791261240,9706.T,5424.0,5427.0,5422.0,5427.0,2200
2026-10-06 13:35:00,1791261300,9706.T,5428.0,5428.0,5425.0,5425.0,1500
2026-10-06 13:36:00,1791261360,9706.T,5425.0,5426.0,5419.0,5420.0,8400
2026-10-06 13:37:00,1791261420,9706.T,5418.0,5418.0,5418.0,5418.0,200
2026-10-06 13:38:00,1791261480,9706.T,5416.0,5420.0,5416.0,5419.0,600
2026-10-06 13:39:00,1791261540,9706.T,5419.0,5419.0,5419.0,5419.0,300
2026-10-06 13:40:00,1791261600,9706.T,5421.0,5421.0,5421.0,5421.0,200
2026-10-06 13:41:00,1791261660,9706.T,5422.0,5423.0,5422.0,5423.0,500
2026-10-06 13:42:00,1791261720,9706.T,5423.0,5423.0,5423.0,5423.0,300
2026-10-06 13:44:00,1791261840,9706.T,5423.0,5427.0,5423.0,5425.0,1600
2026-10-06 13:45:00,1791261900,9706.T,5425.0,5425.0,5425.0,5425.0,100
2026-10-06 13:46:00,1791261960,9706.T,5426.0,5426.0,5426.0,5426.0,300
2026-10-06 13:47:00,1791262020,9706.T,5427.0,5427.0,5426.0,5426.0,600
2026-10-06 13:48:00,1791262080,9706.T,5427.0,5427.0,5427.0,5427.0,100
2026-10-06 13:49:00,1791262140,9706.T,5426.0,5427.0,5423.0,5423.0,2300
2026-10-06 13:50:00,1791262200,9706.T,5425.0,5425.0,5425.0,5425.0,200
2026-10-06 13:51:00,1791262260,9706.T,5424.0,5426.0,5423.0,5425.0,1000
2026-10-06 13:52:00,1791262320,9706.T,5423.0,5423.0,5423.0,5423.0,100
2026-10-06 13:53:00,1791262380,9706.T,5425.0,5426.0,5425.0,5426.0,300
2026-10-06 13:54:00,1791262440,9706.T,5425.0,5426.0,5424.0,5426.0,1500
2026-10-06 13:56:00,1791262560,9706.T,5426.0,5428.0,5426.0,5427.0,600
2026-10-06 13:58:00,1791262680,9706.T,5425.0,5427.0,5425.0,5427.0,300
2026-10-06 13:59:00,1791262740,9706.T,5428.0,5431.0,5425.0,5426.0,4200
2026-10-06 14:00:00,1791262800,9706.T,5425.0,5428.0,5425.0,5428.0,800
2026-10-06 14:02:00,1791262920,9706.T,5427.0,5428.0,5426.0,5428.0,1200
2026-10-06 14:03:00,1791262980,9706.T,5428.0,5428.0,5428.0,5428.0,100
2026-10-06 14:04:00,1791263040,9706.T,5429.0,5430.0,5429.0,5430.0,400
2026-10-06 14:05:00,1791263100,9706.T,5429.0,5430.0,5428.0,5429.0,1300
2026-10-06 14:06:00,1791263160,9706.T,5428.0,5431.0,5423.0,5430.0,4500
2026-10-06 14:07:00,1791263220,9706.T,5431.0,5432.0,5431.0,5432.0,600
2026-10-06 14:08:00,1791263280,9706.T,5432.0,5433.0,5431.0,5431.0,1200
2026-10-06 14:09:00,1791263340,9706.T,5430.0,5430.0,5427.0,5428.0,800
2026-10-06 14:10:00,1791263400,9706.T,5428.0,5431.0,5428.0,5431.0,600
2026-10-06 14:11:00,1791263460,9706.T,5430.0,5431.0,5430.0,5430.0,400
2026-10-06 14:13:00,1791263580,9706.T,5431.0,5431.0,5429.0,5429.0,1900
2026-10-06 14:14:00,1791263640,9706.T,5428.0,5428.0,5426.0,5427.0,1100
2026-10-06 14:15:00,1791263700,9706.T,5429.0,5429.0,5429.0,5429.0,100
2026-10-06 14:16:00,1791263760,9706.T,5430.0,5431.0,5430.0,5431.0,400
2026-10-06 14:17:00,1791263820,9706.T,5430.0,5432.0,5429.0,5432.0,1000
2026-10-06 14:18:00,1791263880,9706.T,5432.0,5432.0,5432.0,5432.0,100
2026-10-06 14:19:00,1791263940,9706.T,5432.0,5434.0,5431.0,5434.0,800
2026-10-06 14:20:00,1791264000,9706.T,5435.0,5435.0,5435.0,5435.0,100
2026-10-06 14:21:00,1791264060,9706.T,5437.0,5439.0,5437.0,5437.0,500
2026-10-06 14:22:00,1791264120,9706.T,5436.0,5437.0,5435.0,5437.0,1400
2026-10-06 14:23:00,1791264180,9706.T,5436.0,5437.0,5436.0,5437.0,400
2026-10-06 14:24:00,1791264240,9706.T,5436.0,5437.0,5436.0,5437.0,200
2026-10-06 14:25:00,1791264300,9706.T,5436.0,5437.0,5433.0,5437.0,2600
2026-10-06 14:26:00,1791264360,9706.T,5437.0,5438.0,5437.0,5438.0,500
2026-10-06 14:27:00,1791264420,9706.T,5438.0,5438.0,5434.0,5438.0,1100
2026-10-06 14:28:00,1791264480,9706.T,5435.0,5437.0,5435.0,5437.0,500
2026-10-06 14:29:00,1791264540,9706.T,5439.0,5439.0,5439.0,5439.0,100
2026-10-06 14:30:00,1791264600,9706.T,5440.0,5442.0,5440.0,5442.0,2000
2026-10-06 14:31:00,1791264660,9706.T,5441.0,5443.0,5441.0,5443.0,200
2026-10-06 14:32:00,1791264720,9706.T,5443.0,5444.0,5442.0,5443.0,400
2026-10-06 14:33:00,1791264780,9706.T,5443.0,5444.0,5442.0,5444.0,1600
2026-10-06 14:34:00,1791264840,9706.T,5442.0,5444.0,5440.0,5442.0,1500
2026-10-06 14:35:00,1791264900,9706.T,5441.0,5441.0,5440.0,5440.0,200
2026-10-06 14:36:00,1791264960,9706.T,5441.0,5441.0,5441.0,5441.0,100
2026-10-06 14:37:00,1791265020,9706.T,5440.0,5442.0,5440.0,5440.0,1500
2026-10-06 14:38:00,1791265080,9706.T,5441.0,5443.0,5441.0,5443.0,400
2026-10-06 14:39:00,1791265140,9706.T,5443.0,5444.0,5440.0,5441.0,2300
2026-10-06 14:40:00,1791265200,9706.T,5441.0,5442.0,5440.0,5442.0,1000
2026-10-06 14:41:00,1791265260,9706.T,5442.0,5442.0,5442.0,5442.0,100
2026-10-06 14:42:00,1791265320,9706.T,5443.0,5443.0,5439.0,5441.0,3600
2026-10-06 14:43:00,1791265380,9706.T,5441.0,5441.0,5440.0,5441.0,900
2026-10-06 14:44:00,1791265440,9706.T,5442.0,5445.0,5442.0,5444.0,1100
2026-10-06 14:45:00,1791265500,9706.T,5443.0,5445.0,5443.0,5445.0,500
2026-10-06 14:46:00,1791265560,9706.T,5443.0,5444.0,5443.0,5444.0,300
2026-10-06 14:47:00,1791265620,9706.T,5444.0,5445.0,5442.0,5443.0,1600
2026-10-06 14:48:00,1791265680,9706.T,5443.0,5445.0,5443.0,5444.0,1200
2026-10-06 14:49:00,1791265740,9706.T,5444.0,5444.0,5444.0,5444.0,200
2026-10-06 14:50:00,1791265800,9706.T,5444.0,5445.0,5442.0,5443.0,2900
2026-10-06 14:51:00,1791265860,9706.T,5443.0,5443.0,5440.0,5443.0,1500
2026-10-06 14:52:00,1791265920,9706.T,5444.0,5445.0,5442.0,5445.0,1000
2026-10-06 14:53:00,1791265980,9706.T,5445.0,5445.0,5444.0,5445.0,300
2026-10-06 14:54:00,1791266040,9706.T,5445.0,5446.0,5445.0,5446.0,200
2026-10-06 14:55:00,1791266100,9706.T,5445.0,5445.0,5444.0,5444.0,200
2026-10-06 14:56:00,1791266160,9706.T,5445.0,5447.0,5445.0,5447.0,2100
2026-10-06 14:57:00,1791266220,9706.T,5446.0,5447.0,5446.0,5446.0,800
2026-10-06 14:58:00,1791266280,9706.T,5447.0,5448.0,5447.0,5448.0,500
2026-10-06 14:59:00,1791266340,9706.T,5446.0,5448.0,5446.0,5448.0,1300
2026-10-06 15:00:00,1791266400,9706.T,5448.0,5450.0,5447.0,5447.0,4100
2026-10-06 15:01:00,1791266460,9706.T,5446.0,5448.0,5444.0,5447.0,2300
2026-10-06 15:02:00,1791266520,9706.T,5448.0,5449.0,5448.0,5448.0,900
2026-10-06 15:03:00,1791266580,9706.T,5447.0,5447.0,5446.0,5447.0,700
2026-10-06 15:04:00,1791266640,9706.T,5446.0,5446.0,5446.0,5446.0,100
2026-10-06 15:05:00,1791266700,9706.T,5446.0,5448.0,5444.0,5446.0,2900
2026-10-06 15:06:00,1791266760,9706.T,5449.0,5449.0,5447.0,5448.0,1700
2026-10-06 15:07:00,1791266820,9706.T,5447.0,5449.0,5446.0,5446.0,2100
2026-10-06 15:08:00,1791266880,9706.T,5448.0,5450.0,5448.0,5449.0,2100
2026-10-06 15:09:00,1791266940,9706.T,5449.0,5449.0,5441.0,5442.0,4700
2026-10-06 15:10:00,1791267000,9706.T,5441.0,5443.0,5440.0,5443.0,2000
2026-10-06 15:11:00,1791267060,9706.T,5442.0,5444.0,5439.0,5440.0,3500
2026-10-06 15:12:00,1791267120,9706.T,5441.0,5441.0,5439.0,5440.0,900
2026-10-06 15:13:00,1791267180,9706.T,5441.0,5442.0,5438.0,5438.0,1500
2026-10-06 15:14:00,1791267240,9706.T,5439.0,5441.0,5437.0,5437.0,1600
2026-10-06 15:15:00,1791267300,9706.T,5438.0,5439.0,5436.0,5437.0,1100
2026-10-06 15:16:00,1791267360,9706.T,5439.0,5441.0,5438.0,5440.0,2300
2026-10-06 15:17:00,1791267420,9706.T,5439.0,5443.0,5438.0,5442.0,1900
2026-10-06 15:18:00,1791267480,9706.T,5441.0,5444.0,5439.0,5444.0,2600
2026-10-06 15:19:00,1791267540,9706.T,5445.0,5445.0,5444.0,5444.0,500
2026-10-06 15:20:00,1791267600,9706.T,5445.0,5448.0,5445.0,5448.0,3100
2026-10-06 15:21:00,1791267660,9706.T,5447.0,5449.0,5446.0,5447.0,2700
2026-10-06 15:22:00,1791267720,9706.T,5448.0,5448.0,5444.0,5445.0,5000
2026-10-06 15:23:00,1791267780,9706.T,5446.0,5450.0,5446.0,5447.0,4900
2026-10-06 15:24:00,1791267840,9706.T,5447.0,5462.0,5447.0,5453.0,18000
2026-10-06 15:30:00,1791268200,9706.T,5434.0,5434.0,5434.0,5434.0,0
