timestamp_et,epoch,ticker,open,high,low,close,volume
2026-10-01 09:30:00,1790861400,CDNS,339.3599853515625,344.17498779296875,337.8500061035156,340.9601135253906,81280
2026-10-01 09:31:00,1790861460,CDNS,341.989990234375,345.8999938964844,341.0,345.05999755859375,15012
2026-10-01 09:32:00,1790861520,CDNS,345.2799987792969,348.83990478515625,345.2799987792969,347.5799865722656,21174
2026-10-01 09:33:00,1790861580,CDNS,347.4049987792969,349.43499755859375,347.4049987792969,347.8399963378906,12133
2026-10-01 09:34:00,1790861640,CDNS,347.110107421875,347.7900085449219,345.70001220703125,345.70001220703125,8463
2026-10-01 09:35:00,1790861700,CDNS,345.4700012207031,345.8999938964844,344.2701110839844,345.260009765625,8929
2026-10-01 09:36:00,1790861760,CDNS,345.44000244140625,346.42999267578125,344.19000244140625,344.19000244140625,5836
2026-10-01 09:37:00,1790861820,CDNS,343.8299865722656,344.28399658203125,342.69000244140625,343.614990234375,5080
2026-10-01 09:38:00,1790861880,CDNS,343.82000732421875,345.2850036621094,343.6050109863281,345.0400085449219,5496
2026-10-01 09:39:00,1790861940,CDNS,345.0899963378906,345.96990966796875,344.3599853515625,344.8999938964844,7011
2026-10-01 09:40:00,1790862000,CDNS,344.8328857421875,347.0899963378906,344.8328857421875,347.0899963378906,7140
2026-10-01 09:41:00,1790862060,CDNS,346.69000244140625,348.4700012207031,346.0799865722656,346.7900085449219,13943
2026-10-01 09:42:00,1790862120,CDNS,346.7799987792969,346.7799987792969,345.75,346.489990234375,3440
2026-10-01 09:43:00,1790862180,CDNS,346.17999267578125,346.7699890136719,345.739990234375,346.56500244140625,7402
2026-10-01 09:44:00,1790862240,CDNS,346.15008544921875,347.9849853515625,345.6400146484375,347.6700134277344,17703
2026-10-01 09:45:00,1790862300,CDNS,347.5450134277344,348.7300109863281,346.4700012207031,346.57501220703125,10652
2026-10-01 09:46:00,1790862360,CDNS,346.57501220703125,346.739990234375,345.93499755859375,346.0950012207031,6775
2026-10-01 09:47:00,1790862420,CDNS,345.8800048828125,347.7449951171875,345.54998779296875,346.8500061035156,10739
2026-10-01 09:48:00,1790862480,CDNS,346.8699951171875,347.45001220703125,346.5299987792969,347.3550109863281,6122
2026-10-01 09:49:00,1790862540,CDNS,347.4750061035156,348.19000244140625,346.9649963378906,347.4700927734375,11548
2026-10-01 09:50:00,1790862600,CDNS,347.7099914550781,348.5849914550781,347.0050048828125,347.9750061035156,14105
2026-10-01 09:51:00,1790862660,CDNS,348.0299987792969,349.1549987792969,347.75,349.1549987792969,5285
2026-10-01 09:52:00,1790862720,CDNS,349.32000732421875,350.1000061035156,349.32000732421875,349.82501220703125,31058
2026-10-01 09:53:00,1790862780,CDNS,349.8919982910156,351.3399963378906,349.5,351.3399963378906,10829
2026-10-01 09:54:00,1790862840,CDNS,351.20001220703125,352.3915100097656,351.20001220703125,351.45001220703125,15545
2026-10-01 09:55:00,1790862900,CDNS,351.1300048828125,351.45458984375,350.5199890136719,350.9949951171875,13268
2026-10-01 09:56:00,1790862960,CDNS,351.010009765625,351.56988525390625,350.80999755859375,351.20001220703125,8488
2026-10-01 09:57:00,1790863020,CDNS,351.20001220703125,351.8450012207031,351.20001220703125,351.79998779296875,6701
2026-10-01 09:58:00,1790863080,CDNS,351.82000732421875,353.2799987792969,351.2699890136719,353.07501220703125,13595
2026-10-01 09:59:00,1790863140,CDNS,353.1600036621094,353.92999267578125,352.9800109863281,353.32501220703125,12107
2026-10-01 10:00:00,1790863200,CDNS,353.57000732421875,353.57000732421875,352.3710021972656,352.56500244140625,11343
2026-10-01 10:01:00,1790863260,CDNS,352.5625,353.510009765625,352.5625,353.4700012207031,7059
2026-10-01 10:02:00,1790863320,CDNS,353.3699951171875,353.375,352.07000732421875,352.614990234375,18283
2026-10-01 10:03:00,1790863380,CDNS,353.1000061035156,353.7300109863281,353.0400085449219,353.0400085449219,6973
2026-10-01 10:04:00,1790863440,CDNS,353.20001220703125,353.69000244140625,353.17999267578125,353.56500244140625,5358
2026-10-01 10:05:00,1790863500,CDNS,353.3900146484375,354.430908203125,353.3500061035156,353.4599914550781,14958
2026-10-01 10:06:00,1790863560,CDNS,354.2370910644531,354.42999267578125,353.67999267578125,354.1499938964844,8570
2026-10-01 10:07:00,1790863620,CDNS,354.0199890136719,354.510009765625,353.2799987792969,354.510009765625,7081
2026-10-01 10:08:00,1790863680,CDNS,354.0799865722656,354.5899963378906,354.04010009765625,354.4700012207031,7683
2026-10-01 10:09:00,1790863740,CDNS,354.739990234375,355.0299987792969,354.1700134277344,354.1700134277344,9682
2026-10-01 10:10:00,1790863800,CDNS,354.4049987792969,354.94000244140625,353.75,353.760009765625,17789
2026-10-01 10:11:00,1790863860,CDNS,353.4049987792969,353.4700012207031,352.92999267578125,353.0050048828125,16653
2026-10-01 10:12:00,1790863920,CDNS,352.6499938964844,352.989990234375,352.0,352.0050048828125,9104
2026-10-01 10:13:00,1790863980,CDNS,352.1700134277344,352.760009765625,351.8599853515625,352.20001220703125,8178
2026-10-01 10:14:00,1790864040,CDNS,352.4200134277344,353.1650085449219,352.3500061035156,352.739990234375,4690
2026-10-01 10:15:00,1790864100,CDNS,352.81500244140625,353.3699951171875,352.67999267578125,352.8349914550781,7946
2026-10-01 10:16:00,1790864160,CDNS,352.9200134277344,353.2650146484375,352.6900939941406,353.2200012207031,3907
2026-10-01 10:17:00,1790864220,CDNS,353.2200012207031,353.489990234375,352.94000244140625,352.9800109863281,6665
2026-10-01 10:18:00,1790864280,CDNS,352.7200012207031,352.7200012207031,351.75,351.9549865722656,10338
2026-10-01 10:19:00,1790864340,CDNS,351.8800048828125,352.29998779296875,351.0918884277344,352.29998779296875,5428
2026-10-01 10:20:00,1790864400,CDNS,352.25,352.29998779296875,351.5799865722656,351.6600036621094,11332
2026-10-01 10:21:00,1790864460,CDNS,351.5950012207031,351.75,350.1099853515625,350.3500061035156,9314
2026-10-01 10:22:00,1790864520,CDNS,350.3450012207031,350.3900146484375,349.35211181640625,350.31500244140625,11199
2026-10-01 10:23:00,1790864580,CDNS,350.32501220703125,350.6499938964844,348.9100036621094,349.2699890136719,16149
2026-10-01 10:24:00,1790864640,CDNS,349.3175048828125,349.364990234375,348.57000732421875,348.8475036621094,6719
2026-10-01 10:25:00,1790864700,CDNS,348.8999938964844,349.260009765625,348.6000061035156,348.67999267578125,10288
2026-10-01 10:26:00,1790864760,CDNS,348.8599853515625,349.5,348.590087890625,349.3599853515625,7591
2026-10-01 10:27:00,1790864820,CDNS,349.3900146484375,349.8299865722656,349.1400146484375,349.5,6519
2026-10-01 10:28:00,1790864880,CDNS,349.57000732421875,349.8599853515625,349.3900146484375,349.3901062011719,5531
2026-10-01 10:29:00,1790864940,CDNS,349.6400146484375,350.239990234375,349.07000732421875,349.07000732421875,9114
2026-10-01 10:30:00,1790865000,CDNS,349.07000732421875,349.07000732421875,346.78338623046875,346.78338623046875,11490
2026-10-01 10:31:00,1790865060,CDNS,347.3399963378906,347.5899963378906,346.7799987792969,346.7799987792969,8681
2026-10-01 10:32:00,1790865120,CDNS,346.69000244140625,347.0899963378906,346.6700134277344,346.8550109863281,2867
2026-10-01 10:33:00,1790865180,CDNS,346.8550109863281,347.0899963378906,346.2536926269531,346.5400085449219,7137
2026-10-01 10:34:00,1790865240,CDNS,346.32000732421875,346.92999267578125,345.9200134277344,346.6300048828125,13273
2026-10-01 10:35:00,1790865300,CDNS,346.7051086425781,347.1400146484375,346.677490234375,346.9549865722656,5084
2026-10-01 10:36:00,1790865360,CDNS,347.1300048828125,348.0299987792969,347.1300048828125,347.8399963378906,5801
2026-10-01 10:37:00,1790865420,CDNS,347.95001220703125,347.9700012207031,346.7699890136719,346.8399963378906,3479
2026-10-01 10:38:00,1790865480,CDNS,346.4049987792969,346.7149963378906,346.07000732421875,346.7099914550781,11668
2026-10-01 10:39:00,1790865540,CDNS,346.95001220703125,346.9599914550781,345.9200134277344,346.2699890136719,18848
2026-10-01 10:40:00,1790865600,CDNS,346.3800048828125,346.6300048828125,346.24578857421875,346.54998779296875,2893
2026-10-01 10:41:00,1790865660,CDNS,346.7699890136719,346.8699951171875,346.010009765625,346.42999267578125,9753
2026-10-01 10:42:00,1790865720,CDNS,346.57000732421875,346.9700012207031,346.4801025390625,346.7900085449219,3175
2026-10-01 10:43:00,1790865780,CDNS,346.5,347.09991455078125,346.489990234375,346.7200012207031,2253
2026-10-01 10:44:00,1790865840,CDNS,346.8900146484375,347.1000061035156,346.6700134277344,347.0400085449219,7879
2026-10-01 10:45:00,1790865900,CDNS,346.8399963378906,347.1000061035156,346.6415100097656,347.1000061035156,7178
2026-10-01 10:46:00,1790865960,CDNS,347.2900085449219,347.3999938964844,346.92999267578125,347.1300048828125,3322
2026-10-01 10:47:00,1790866020,CDNS,347.32000732421875,347.32000732421875,346.32000732421875,346.32000732421875,5950
2026-10-01 10:48:00,1790866080,CDNS,346.2449951171875,346.2799987792969,344.75,344.989990234375,43453
2026-10-01 10:49:00,1790866140,CDNS,344.989990234375,345.0299987792969,344.6700134277344,344.7650146484375,8058
2026-10-01 10:50:00,1790866200,CDNS,344.54998779296875,344.8599853515625,344.2550048828125,344.6199951171875,10422
2026-10-01 10:51:00,1790866260,CDNS,344.55999755859375,344.8699951171875,344.0400085449219,344.6600036621094,9002
2026-10-01 10:52:00,1790866320,CDNS,344.6549987792969,345.2099914550781,344.6499938964844,345.1050109863281,5680
2026-10-01 10:53:00,1790866380,CDNS,345.1099853515625,345.1099853515625,344.4800109863281,344.760009765625,15519
2026-10-01 10:54:00,1790866440,CDNS,344.7300109863281,345.3599853515625,344.7200012207031,344.7200012207031,10746
2026-10-01 10:55:00,1790866500,CDNS,344.7799987792969,344.80999755859375,344.45001220703125,344.6099853515625,2236
2026-10-01 10:56:00,1790866560,CDNS,344.5299987792969,344.7300109863281,344.2900085449219,344.48291015625,4902
2026-10-01 10:57:00,1790866620,CDNS,344.1199951171875,344.44000244140625,343.70001220703125,344.44000244140625,2712
2026-10-01 10:58:00,1790866680,CDNS,344.6499938964844,345.4800109863281,344.3699951171875,344.375,5319
2026-10-01 10:59:00,1790866740,CDNS,344.6700134277344,345.385009765625,344.6700134277344,345.3800048828125,12708
2026-10-01 11:00:00,1790866800,CDNS,345.3800048828125,345.6600036621094,345.0899963378906,345.2699890136719,6493
2026-10-01 11:01:00,1790866860,CDNS,345.32000732421875,345.45001220703125,344.9200134277344,344.9200134277344,4279
2026-10-01 11:02:00,1790866920,CDNS,344.9750061035156,345.05999755859375,344.70001220703125,344.70001220703125,3457
2026-10-01 11:03:00,1790866980,CDNS,344.67999267578125,344.8500061035156,344.6400146484375,344.7749938964844,3328
2026-10-01 11:04:00,1790867040,CDNS,344.63250732421875,346.0,344.63250732421875,346.0,4351
2026-10-01 11:05:00,1790867100,CDNS,346.1700134277344,346.1700134277344,345.9750061035156,345.9750061035156,1287
2026-10-01 11:06:00,1790867160,CDNS,345.9849853515625,346.5199890136719,345.9100036621094,346.5199890136719,5604
2026-10-01 11:07:00,1790867220,CDNS,346.6050109863281,347.0199890136719,346.54998779296875,347.0199890136719,1587
2026-10-01 11:08:00,1790867280,CDNS,346.489990234375,346.489990234375,345.9100036621094,346.239990234375,8009
2026-10-01 11:09:00,1790867340,CDNS,346.2349853515625,346.3999938964844,346.07000732421875,346.2300109863281,3821
2026-10-01 11:10:00,1790867400,CDNS,346.1499938964844,346.1499938964844,345.69000244140625,345.8599853515625,3953
2026-10-01 11:11:00,1790867460,CDNS,345.8599853515625,345.8599853515625,345.6050109863281,345.75,3123
2026-10-01 11:12:00,1790867520,CDNS,345.4200134277344,345.6000061035156,345.2550048828125,345.31500244140625,2214
2026-10-01 11:13:00,1790867580,CDNS,345.17999267578125,345.489990234375,345.1400146484375,345.1400146484375,2353
2026-10-01 11:14:00,1790867640,CDNS,345.0400085449219,345.29998779296875,344.93499755859375,344.93499755859375,4648
2026-10-01 11:15:00,1790867700,CDNS,345.0150146484375,345.0150146484375,344.6300048828125,344.6300048828125,939
2026-10-01 11:16:00,1790867760,CDNS,345.15521240234375,345.2799987792969,344.9049987792969,345.0400085449219,3766
2026-10-01 11:17:00,1790867820,CDNS,345.0450134277344,345.0450134277344,344.7200012207031,344.9150085449219,1943
2026-10-01 11:18:00,1790867880,CDNS,345.1199951171875,345.1199951171875,344.3599853515625,344.45001220703125,4600
2026-10-01 11:19:00,1790867940,CDNS,344.6000061035156,344.6000061035156,344.1000061035156,344.1000061035156,1076
2026-10-01 11:20:00,1790868000,CDNS,344.4150085449219,345.5299987792969,344.4150085449219,345.30999755859375,12367
2026-10-01 11:21:00,1790868060,CDNS,345.0,345.5,344.6099853515625,345.4549865722656,14122
2026-10-01 11:22:00,1790868120,CDNS,345.5199890136719,345.5199890136719,345.1099853515625,345.1099853515625,1865
2026-10-01 11:23:00,1790868180,CDNS,345.1650085449219,345.3900146484375,344.7900085449219,344.7900085449219,3425
2026-10-01 11:24:00,1790868240,CDNS,344.2900085449219,344.4700012207031,344.04998779296875,344.1700134277344,5586
2026-10-01 11:25:00,1790868300,CDNS,344.0400085449219,344.4700012207031,344.0400085449219,344.4700012207031,2642
2026-10-01 11:26:00,1790868360,CDNS,344.6098937988281,344.6098937988281,344.3764953613281,344.3764953613281,1110
2026-10-01 11:27:00,1790868420,CDNS,344.4599914550781,344.4599914550781,343.92999267578125,344.07000732421875,8075
2026-10-01 11:28:00,1790868480,CDNS,344.2149963378906,344.69000244140625,344.0799865722656,344.0799865722656,3434
2026-10-01 11:29:00,1790868540,CDNS,344.25,344.3399963378906,344.2099914550781,344.3399963378906,1659
2026-10-01 11:30:00,1790868600,CDNS,343.989990234375,344.6099853515625,343.989990234375,344.4150085449219,8148
2026-10-01 11:31:00,1790868660,CDNS,344.3800048828125,344.3800048828125,344.1400146484375,344.2650146484375,3972
2026-10-01 11:32:00,1790868720,CDNS,344.2650146484375,344.2650146484375,343.8699951171875,344.1400146484375,6677
2026-10-01 11:33:00,1790868780,CDNS,344.1600036621094,344.1600036621094,343.95001220703125,344.0249938964844,2022
2026-10-01 11:34:00,1790868840,CDNS,343.8699951171875,343.9750061035156,343.6600036621094,343.6700134277344,2501
2026-10-01 11:35:00,1790868900,CDNS,343.5400085449219,343.6650085449219,343.2900085449219,343.2900085449219,3425
2026-10-01 11:36:00,1790868960,CDNS,343.2900085449219,343.5,343.1099853515625,343.5,3057
2026-10-01 11:37:00,1790869020,CDNS,343.6499938964844,343.6499938964844,343.2900085449219,343.489990234375,2449
2026-10-01 11:38:00,1790869080,CDNS,343.75,343.75,343.5299987792969,343.5299987792969,1227
2026-10-01 11:39:00,1790869140,CDNS,343.7699890136719,344.0,342.7799987792969,343.010009765625,7991
2026-10-01 11:40:00,1790869200,CDNS,342.94500732421875,342.989990234375,342.75,342.75,1937
2026-10-01 11:41:00,1790869260,CDNS,342.9100036621094,342.9599914550781,342.32000732421875,342.32000732421875,2816
2026-10-01 11:42:00,1790869320,CDNS,342.489990234375,342.6700134277344,342.4849853515625,342.6300048828125,1352
2026-10-01 11:43:00,1790869380,CDNS,342.3699951171875,342.4549865722656,341.599609375,341.6499938964844,2785
2026-10-01 11:44:00,1790869440,CDNS,341.5050048828125,341.8599853515625,339.3900146484375,339.5286865234375,15909
2026-10-01 11:45:00,1790869500,CDNS,339.52020263671875,340.0,338.5802917480469,339.1499938964844,7433
2026-10-01 11:46:00,1790869560,CDNS,339.20001220703125,339.635009765625,339.20001220703125,339.32000732421875,4533
2026-10-01 11:47:00,1790869620,CDNS,339.8399963378906,339.8399963378906,339.6700134277344,339.6700134277344,1295
2026-10-01 11:48:00,1790869680,CDNS,339.6650085449219,339.92999267578125,338.92999267578125,339.4750061035156,5773
2026-10-01 11:49:00,1790869740,CDNS,339.4750061035156,340.07000732421875,339.4750061035156,340.0299987792969,3918
2026-10-01 11:50:00,1790869800,CDNS,340.1050109863281,341.0400085449219,340.0,341.0400085449219,8717
2026-10-01 11:51:00,1790869860,CDNS,340.9750061035156,341.0,340.760009765625,340.8900146484375,5161
2026-10-01 11:52:00,1790869920,CDNS,340.94500732421875,341.0899963378906,340.6499938964844,340.75,2695
2026-10-01 11:53:00,1790869980,CDNS,340.739990234375,340.9549865722656,340.6099853515625,340.7650146484375,3679
2026-10-01 11:54:00,1790870040,CDNS,340.7650146484375,340.7650146484375,340.3599853515625,340.57000732421875,4760
2026-10-01 11:55:00,1790870100,CDNS,340.4599914550781,340.8299865722656,340.2701110839844,340.8299865722656,3492
2026-10-01 11:56:00,1790870160,CDNS,340.9599914550781,341.1499938964844,340.70001220703125,340.70001220703125,4411
2026-10-01 11:57:00,1790870220,CDNS,340.8999938964844,341.1400146484375,340.79998779296875,340.79998779296875,1334
2026-10-01 11:58:00,1790870280,CDNS,340.80999755859375,341.12579345703125,340.0,340.17498779296875,5828
2026-10-01 11:59:00,1790870340,CDNS,340.1700134277344,340.2200012207031,339.6199951171875,340.2200012207031,3980
2026-10-01 12:00:00,1790870400,CDNS,340.0050048828125,340.2099914550781,339.79998779296875,340.05999755859375,3008
2026-10-01 12:01:00,1790870460,CDNS,340.260009765625,340.7774963378906,340.260009765625,340.7774963378906,1978
2026-10-01 12:02:00,1790870520,CDNS,340.8951110839844,340.8951110839844,340.5400085449219,340.5400085449219,989
2026-10-01 12:03:00,1790870580,CDNS,340.67999267578125,340.8900146484375,340.44000244140625,340.44000244140625,3631
2026-10-01 12:04:00,1790870640,CDNS,340.6400146484375,341.2099914550781,340.6400146484375,341.05999755859375,3278
2026-10-01 12:05:00,1790870700,CDNS,340.82000732421875,340.92999267578125,340.7699890136719,340.7699890136719,789
2026-10-01 12:06:00,1790870760,CDNS,340.7650146484375,341.0,340.4599914550781,340.760009765625,4138
2026-10-01 12:07:00,1790870820,CDNS,340.739990234375,340.94000244140625,340.69000244140625,340.92999267578125,3024
2026-10-01 12:08:00,1790870880,CDNS,340.8699951171875,340.94000244140625,340.3399963378906,340.4100036621094,6211
2026-10-01 12:09:00,1790870940,CDNS,340.2950134277344,340.8599853515625,340.2950134277344,340.7799987792969,3412
2026-10-01 12:10:00,1790871000,CDNS,340.82000732421875,341.1199951171875,340.7850036621094,341.1199951171875,1037
2026-10-01 12:11:00,1790871060,CDNS,340.885009765625,341.1300048828125,340.885009765625,341.01959228515625,1782
2026-10-01 12:12:00,1790871120,CDNS,340.864990234375,341.7099914550781,340.8599853515625,341.57000732421875,17187
2026-10-01 12:13:00,1790871180,CDNS,341.4049987792969,341.7900085449219,341.29998779296875,341.6099853515625,5747
2026-10-01 12:14:00,1790871240,CDNS,341.3900146484375,342.010009765625,341.3900146484375,341.6806945800781,3258
2026-10-01 12:15:00,1790871300,CDNS,341.8900146484375,341.95001220703125,341.7900085449219,341.7900085449219,2101
2026-10-01 12:16:00,1790871360,CDNS,341.7900085449219,341.92999267578125,341.67999267578125,341.8349914550781,2157
2026-10-01 12:17:00,1790871420,CDNS,341.760009765625,342.4649963378906,341.760009765625,342.3800048828125,3730
2026-10-01 12:18:00,1790871480,CDNS,342.70001220703125,342.9949951171875,342.510009765625,342.7900085449219,3578
2026-10-01 12:19:00,1790871540,CDNS,342.9049987792969,342.9049987792969,342.25,342.4150085449219,3676
2026-10-01 12:20:00,1790871600,CDNS,342.239990234375,342.3299865722656,341.05999755859375,341.7049865722656,11601
2026-10-01 12:21:00,1790871660,CDNS,341.7300109863281,341.8550109863281,341.70001220703125,341.80999755859375,1370
2026-10-01 12:22:00,1790871720,CDNS,341.6700134277344,341.68499755859375,340.9800109863281,340.989990234375,10141
2026-10-01 12:23:00,1790871780,CDNS,341.0299987792969,341.2950134277344,341.0299987792969,341.0400085449219,3156
2026-10-01 12:24:00,1790871840,CDNS,341.260009765625,341.5899963378906,341.1400146484375,341.32501220703125,6538
2026-10-01 12:25:00,1790871900,CDNS,341.32501220703125,341.4599914550781,340.80999755859375,340.80999755859375,3475
2026-10-01 12:26:00,1790871960,CDNS,340.7799987792969,341.2300109863281,340.5199890136719,340.9949951171875,8148
2026-10-01 12:27:00,1790872020,CDNS,341.0050048828125,341.2900085449219,340.7300109863281,341.2449951171875,10365
2026-10-01 12:28:00,1790872080,CDNS,341.54998779296875,341.7300109863281,341.3900146484375,341.7149963378906,3624
2026-10-01 12:29:00,1790872140,CDNS,341.54998779296875,341.7149963378906,341.42999267578125,341.625,3460
2026-10-01 12:30:00,1790872200,CDNS,341.6449890136719,342.9599914550781,341.6449890136719,342.7349853515625,7643
2026-10-01 12:31:00,1790872260,CDNS,342.739990234375,343.30999755859375,342.6099853515625,343.30999755859375,5818
2026-10-01 12:32:00,1790872320,CDNS,343.0400085449219,343.8399963378906,343.0400085449219,343.7900085449219,4642
2026-10-01 12:33:00,1790872380,CDNS,343.6449890136719,343.989990234375,343.6449890136719,343.989990234375,4550
2026-10-01 12:34:00,1790872440,CDNS,343.9700012207031,344.5799865722656,343.3900146484375,343.6474914550781,16051
2026-10-01 12:35:00,1790872500,CDNS,343.635009765625,343.94000244140625,343.6199951171875,343.94000244140625,2206
2026-10-01 12:36:00,1790872560,CDNS,343.7699890136719,344.1600036621094,343.7650146484375,343.9949951171875,5058
2026-10-01 12:37:00,1790872620,CDNS,343.9949951171875,344.1400146484375,343.70001220703125,343.8299865722656,6819
2026-10-01 12:38:00,1790872680,CDNS,343.8299865722656,343.8299865722656,343.5899963378906,343.7149963378906,3497
2026-10-01 12:39:00,1790872740,CDNS,343.7149963378906,344.0400085449219,343.7149963378906,343.9100036621094,3312
2026-10-01 12:40:00,1790872800,CDNS,344.1199951171875,344.1400146484375,344.07501220703125,344.07501220703125,2035
2026-10-01 12:41:00,1790872860,CDNS,344.05499267578125,344.1000061035156,343.78009033203125,343.78009033203125,2398
2026-10-01 12:42:00,1790872920,CDNS,344.0299987792969,344.468994140625,344.0299987792969,344.1499938964844,3463
2026-10-01 12:43:00,1790872980,CDNS,344.1499938964844,344.639892578125,344.1499938964844,344.42999267578125,4810
2026-10-01 12:44:00,1790873040,CDNS,344.5350036621094,344.5625,344.489990234375,344.5299987792969,2172
2026-10-01 12:45:00,1790873100,CDNS,344.5350036621094,345.0,344.5350036621094,345.0,3115
2026-10-01 12:46:00,1790873160,CDNS,344.9649963378906,345.07000732421875,344.7300109863281,344.8999938964844,3037
2026-10-01 12:47:00,1790873220,CDNS,344.9049987792969,345.1099853515625,344.739990234375,344.8450012207031,3732
2026-10-01 12:48:00,1790873280,CDNS,344.8450012207031,344.8900146484375,344.4200134277344,344.5350036621094,14396
2026-10-01 12:49:00,1790873340,CDNS,344.5299987792969,344.5350036621094,344.19000244140625,344.2950134277344,5265
2026-10-01 12:50:00,1790873400,CDNS,344.2950134277344,344.4599914550781,344.2950134277344,344.3999938964844,5700
2026-10-01 12:51:00,1790873460,CDNS,344.5799865722656,344.5799865722656,344.07000732421875,344.1199951171875,4392
2026-10-01 12:52:00,1790873520,CDNS,344.05340576171875,344.2099914550781,343.7900085449219,343.93499755859375,5286
2026-10-01 12:53:00,1790873580,CDNS,344.07000732421875,344.3800048828125,344.07000732421875,344.2300109863281,3986
2026-10-01 12:54:00,1790873640,CDNS,344.18499755859375,344.18499755859375,343.8399963378906,344.0299987792969,3254
2026-10-01 12:55:00,1790873700,CDNS,343.93499755859375,344.17999267578125,343.93499755859375,344.0050048828125,1747
2026-10-01 12:56:00,1790873760,CDNS,344.0050048828125,344.010009765625,343.8399963378906,344.010009765625,2863
2026-10-01 12:57:00,1790873820,CDNS,343.9049987792969,344.3500061035156,343.9049987792969,344.3500061035156,3407
2026-10-01 12:58:00,1790873880,CDNS,344.3500061035156,344.489990234375,344.2200012207031,344.2200012207031,3208
2026-10-01 12:59:00,1790873940,CDNS,344.2300109863281,344.5,344.2200012207031,344.3599853515625,4343
2026-10-01 13:00:00,1790874000,CDNS,344.5,344.5,343.95001220703125,343.95001220703125,3134
2026-10-01 13:01:00,1790874060,CDNS,344.1199951171875,344.2699890136719,344.0899963378906,344.0899963378906,1935
2026-10-01 13:02:00,1790874120,CDNS,344.1600036621094,344.3299865722656,344.1600036621094,344.2799987792969,3025
2026-10-01 13:03:00,1790874180,CDNS,344.2300109863281,344.5299987792969,344.2300109863281,344.4649963378906,6210
2026-10-01 13:04:00,1790874240,CDNS,344.5299987792969,344.95001220703125,344.31500244140625,344.95001220703125,6759
2026-10-01 13:05:00,1790874300,CDNS,344.80499267578125,344.92999267578125,344.7925109863281,344.8399963378906,1074
2026-10-01 13:06:00,1790874360,CDNS,344.8399963378906,344.9100036621094,344.6700134277344,344.8500061035156,2291
2026-10-01 13:07:00,1790874420,CDNS,344.8999938964844,344.8999938964844,344.56500244140625,344.6499938964844,5103
2026-10-01 13:08:00,1790874480,CDNS,344.56500244140625,344.7099914550781,344.56500244140625,344.6400146484375,737
2026-10-01 13:09:00,1790874540,CDNS,344.7699890136719,344.8999938964844,344.7699890136719,344.8598937988281,3918
2026-10-01 13:10:00,1790874600,CDNS,344.8599853515625,345.3699951171875,344.8500061035156,345.3599853515625,5249
2026-10-01 13:11:00,1790874660,CDNS,345.3800048828125,345.7998962402344,345.2200012207031,345.7998962402344,6404
2026-10-01 13:12:00,1790874720,CDNS,345.69000244140625,346.54998779296875,345.635009765625,346.510009765625,7425
2026-10-01 13:13:00,1790874780,CDNS,346.4049987792969,346.760009765625,346.25,346.760009765625,3762
2026-10-01 13:14:00,1790874840,CDNS,346.67498779296875,346.9800109863281,346.0950012207031,346.30499267578125,12591
2026-10-01 13:15:00,1790874900,CDNS,346.30499267578125,346.3299865722656,346.0400085449219,346.30999755859375,4854
2026-10-01 13:16:00,1790874960,CDNS,346.4100036621094,346.55999755859375,346.4100036621094,346.4100036621094,855
2026-10-01 13:17:00,1790875020,CDNS,346.57000732421875,346.57000732421875,346.3999938964844,346.5400085449219,1989
2026-10-01 13:18:00,1790875080,CDNS,346.54998779296875,346.8399963378906,346.3900146484375,346.3900146484375,18763
2026-10-01 13:19:00,1790875140,CDNS,346.45001220703125,346.82000732421875,346.3900146484375,346.75,7086
2026-10-01 13:20:00,1790875200,CDNS,346.6549987792969,347.010009765625,346.6549987792969,346.989990234375,7891
2026-10-01 13:21:00,1790875260,CDNS,347.1700134277344,347.3800048828125,347.0299987792969,347.1099853515625,2814
2026-10-01 13:22:00,1790875320,CDNS,347.010009765625,347.3299865722656,346.7900085449219,346.94000244140625,6428
2026-10-01 13:23:00,1790875380,CDNS,347.2699890136719,348.0400085449219,347.2699890136719,348.0150146484375,4428
2026-10-01 13:24:00,1790875440,CDNS,348.17999267578125,348.44000244140625,347.90850830078125,348.44000244140625,3651
2026-10-01 13:25:00,1790875500,CDNS,348.82501220703125,349.0,348.3999938964844,348.6499938964844,13015
2026-10-01 13:26:00,1790875560,CDNS,348.739990234375,348.75,348.2799987792969,348.6499938964844,3405
2026-10-01 13:27:00,1790875620,CDNS,348.5299987792969,348.6199951171875,348.3500061035156,348.5150146484375,9285
2026-10-01 13:28:00,1790875680,CDNS,348.6700134277344,348.79998779296875,348.4599914550781,348.4599914550781,6244
2026-10-01 13:29:00,1790875740,CDNS,348.7799987792969,350.0,348.7799987792969,349.8299865722656,10250
2026-10-01 13:30:00,1790875800,CDNS,350.0,350.5199890136719,349.92999267578125,350.1600036621094,17680
2026-10-01 13:31:00,1790875860,CDNS,350.4800109863281,351.80999755859375,350.45001220703125,351.80999755859375,16704
2026-10-01 13:32:00,1790875920,CDNS,351.6650085449219,351.8699951171875,351.30999755859375,351.6700134277344,8008
2026-10-01 13:33:00,1790875980,CDNS,351.6449890136719,352.0,351.54998779296875,352.0,10736
2026-10-01 13:34:00,1790876040,CDNS,351.989990234375,351.989990234375,351.125,351.6449890136719,40187
2026-10-01 13:35:00,1790876100,CDNS,351.6449890136719,352.0,350.8599853515625,350.8599853515625,11818
2026-10-01 13:36:00,1790876160,CDNS,350.3200988769531,351.0199890136719,350.3200988769531,350.7900085449219,5880
2026-10-01 13:37:00,1790876220,CDNS,350.70001220703125,350.8399963378906,350.1400146484375,350.1400146484375,4409
2026-10-01 13:38:00,1790876280,CDNS,350.3900146484375,350.3900146484375,349.7300109863281,349.885009765625,8708
2026-10-01 13:39:00,1790876340,CDNS,350.0199890136719,350.489990234375,349.9800109863281,350.2699890136719,4755
2026-10-01 13:40:00,1790876400,CDNS,350.375,350.375,349.9599914550781,350.1400146484375,4681
2026-10-01 13:41:00,1790876460,CDNS,350.1650085449219,350.4800109863281,349.95001220703125,350.4700012207031,4403
2026-10-01 13:42:00,1790876520,CDNS,350.4549865722656,350.6199951171875,350.32000732421875,350.489990234375,2589
2026-10-01 13:43:00,1790876580,CDNS,350.6300048828125,350.7200012207031,350.29998779296875,350.4599914550781,3281
2026-10-01 13:44:00,1790876640,CDNS,350.29998779296875,350.45001220703125,350.1099853515625,350.3599853515625,7460
2026-10-01 13:45:00,1790876700,CDNS,350.364990234375,350.364990234375,350.20001220703125,350.2900085449219,2885
2026-10-01 13:46:00,1790876760,CDNS,350.30499267578125,350.3999938964844,349.9599914550781,349.9599914550781,7766
2026-10-01 13:47:00,1790876820,CDNS,350.0849914550781,350.0849914550781,349.8299865722656,350.0299987792969,3125
2026-10-01 13:48:00,1790876880,CDNS,350.0199890136719,350.6099853515625,350.0199890136719,350.364990234375,3459
2026-10-01 13:49:00,1790876940,CDNS,350.3699951171875,350.55999755859375,350.0400085449219,350.2900085449219,16777
2026-10-01 13:50:00,1790877000,CDNS,350.32000732421875,350.42999267578125,350.2300109863281,350.3900146484375,1818
2026-10-01 13:51:00,1790877060,CDNS,350.2550048828125,350.4200134277344,349.1499938964844,349.1499938964844,10986
2026-10-01 13:52:00,1790877120,CDNS,349.1499938964844,349.9649963378906,349.1499938964844,349.9649963378906,5566
2026-10-01 13:53:00,1790877180,CDNS,349.9599914550781,350.32000732421875,349.80999755859375,349.8949890136719,5307
2026-10-01 13:54:00,1790877240,CDNS,349.7900085449219,350.05999755859375,349.69000244140625,349.7300109863281,3607
2026-10-01 13:55:00,1790877300,CDNS,349.7200012207031,349.92999267578125,349.239990234375,349.3949890136719,3005
2026-10-01 13:56:00,1790877360,CDNS,349.55999755859375,349.7200012207031,349.2300109863281,349.2300109863281,4656
2026-10-01 13:57:00,1790877420,CDNS,349.3599853515625,349.42999267578125,349.1000061035156,349.1000061035156,1417
2026-10-01 13:58:00,1790877480,CDNS,349.29638671875,349.29638671875,348.8699951171875,349.010009765625,3106
2026-10-01 13:59:00,1790877540,CDNS,349.0249938964844,349.5299987792969,349.0249938964844,349.4800109863281,2475
2026-10-01 14:00:00,1790877600,CDNS,349.510009765625,349.510009765625,348.6300048828125,348.6300048828125,4086
2026-10-01 14:01:00,1790877660,CDNS,348.489990234375,349.102294921875,348.489990234375,349.102294921875,6720
2026-10-01 14:02:00,1790877720,CDNS,349.07000732421875,349.07000732421875,348.7300109863281,348.7799987792969,1533
2026-10-01 14:03:00,1790877780,CDNS,348.95001220703125,348.95001220703125,348.54998779296875,348.54998779296875,2047
2026-10-01 14:04:00,1790877840,CDNS,348.760009765625,348.82000732421875,348.510009765625,348.6449890136719,5780
2026-10-01 14:05:00,1790877900,CDNS,348.45001220703125,348.4750061035156,347.9200134277344,347.9200134277344,2075
2026-10-01 14:06:00,1790877960,CDNS,347.739990234375,347.8900146484375,347.69000244140625,347.8900146484375,2426
2026-10-01 14:07:00,1790878020,CDNS,347.92999267578125,347.92999267578125,347.4100036621094,347.4100036621094,4003
2026-10-01 14:08:00,1790878080,CDNS,347.5899963378906,347.7799987792969,347.5,347.6000061035156,2259
2026-10-01 14:09:00,1790878140,CDNS,347.7900085449219,348.4800109863281,347.739990234375,348.3299865722656,2643
2026-10-01 14:10:00,1790878200,CDNS,348.3800048828125,348.3800048828125,348.2250061035156,348.2250061035156,566
2026-10-01 14:11:00,1790878260,CDNS,348.2250061035156,348.5299987792969,348.0899963378906,348.5299987792969,3146
2026-10-01 14:12:00,1790878320,CDNS,348.3500061035156,348.7099914550781,348.3500061035156,348.7099914550781,4146
2026-10-01 14:13:00,1790878380,CDNS,348.6499938964844,348.7099914550781,348.17999267578125,348.4700012207031,11430
2026-10-01 14:14:00,1790878440,CDNS,348.45001220703125,348.45001220703125,347.82000732421875,348.1700134277344,6203
2026-10-01 14:15:00,1790878500,CDNS,348.0899963378906,348.17999267578125,347.8999938964844,347.92999267578125,7729
2026-10-01 14:16:00,1790878560,CDNS,347.989990234375,348.010009765625,347.67999267578125,347.75,4422
2026-10-01 14:17:00,1790878620,CDNS,347.8299865722656,347.8299865722656,347.0299987792969,347.0299987792969,4921
2026-10-01 14:18:00,1790878680,CDNS,347.2349853515625,347.3800048828125,347.1709899902344,347.17999267578125,4036
2026-10-01 14:19:00,1790878740,CDNS,347.1474914550781,347.30999755859375,346.86199951171875,346.86199951171875,2450
2026-10-01 14:20:00,1790878800,CDNS,346.8399963378906,347.2200012207031,346.7900085449219,347.2200012207031,3702
2026-10-01 14:21:00,1790878860,CDNS,347.135009765625,347.92999267578125,347.125,347.92999267578125,2947
2026-10-01 14:22:00,1790878920,CDNS,347.7349853515625,347.8299865722656,347.67498779296875,347.67498779296875,1328
2026-10-01 14:23:00,1790878980,CDNS,347.67498779296875,347.92498779296875,347.1099853515625,347.1099853515625,6512
2026-10-01 14:24:00,1790879040,CDNS,347.3999938964844,347.3999938964844,346.9700012207031,347.05499267578125,11623
2026-10-01 14:25:00,1790879100,CDNS,346.9700012207031,347.42999267578125,346.6400146484375,347.42999267578125,4992
2026-10-01 14:26:00,1790879160,CDNS,347.2900085449219,347.3949890136719,347.1400146484375,347.2300109863281,3210
2026-10-01 14:27:00,1790879220,CDNS,347.4200134277344,347.7699890136719,347.4200134277344,347.7699890136719,5649
2026-10-01 14:28:00,1790879280,CDNS,347.6099853515625,347.989990234375,347.5775146484375,347.5775146484375,7178
2026-10-01 14:29:00,1790879340,CDNS,347.56500244140625,347.69000244140625,347.56500244140625,347.6700134277344,2326
2026-10-01 14:30:00,1790879400,CDNS,347.6499938964844,347.6499938964844,347.489990234375,347.5400085449219,2917
2026-10-01 14:31:00,1790879460,CDNS,347.6300048828125,347.70001220703125,347.4804992675781,347.6600036621094,2680
2026-10-01 14:32:00,1790879520,CDNS,347.82000732421875,348.30999755859375,347.7300109863281,348.2099914550781,3833
2026-10-01 14:33:00,1790879580,CDNS,348.3999938964844,348.6600036621094,348.3299865722656,348.5400085449219,2654
2026-10-01 14:34:00,1790879640,CDNS,348.6600036621094,348.7699890136719,348.25,348.6000061035156,6568
2026-10-01 14:35:00,1790879700,CDNS,348.45001220703125,349.1289978027344,348.45001220703125,349.1000061035156,2656
2026-10-01 14:36:00,1790879760,CDNS,348.9800109863281,349.42999267578125,348.9800109863281,349.2325134277344,3343
2026-10-01 14:37:00,1790879820,CDNS,349.2325134277344,349.2650146484375,348.8599853515625,349.2650146484375,6490
2026-10-01 14:38:00,1790879880,CDNS,349.2850036621094,349.29998779296875,348.82000732421875,348.82000732421875,8328
2026-10-01 14:39:00,1790879940,CDNS,348.82000732421875,348.92498779296875,348.739990234375,348.739990234375,2946
2026-10-01 14:40:00,1790880000,CDNS,349.1300048828125,349.164794921875,348.95001220703125,348.9750061035156,1655
2026-10-01 14:41:00,1790880060,CDNS,348.9800109863281,349.3999938964844,348.80010986328125,349.2699890136719,6445
2026-10-01 14:42:00,1790880120,CDNS,349.1700134277344,349.2300109863281,349.0,349.0299987792969,4418
2026-10-01 14:43:00,1790880180,CDNS,349.0050048828125,349.3299865722656,349.0050048828125,349.3299865722656,4850
2026-10-01 14:44:00,1790880240,CDNS,349.42999267578125,349.45001220703125,349.260009765625,349.3349914550781,994
2026-10-01 14:45:00,1790880300,CDNS,349.44000244140625,349.69000244140625,349.42999267578125,349.56500244140625,9198
2026-10-01 14:46:00,1790880360,CDNS,349.70001220703125,349.7200012207031,349.40008544921875,349.510009765625,3081
2026-10-01 14:47:00,1790880420,CDNS,349.67498779296875,349.8500061035156,349.63800048828125,349.7749938964844,1976
2026-10-01 14:48:00,1790880480,CDNS,349.8599853515625,349.95001220703125,349.80999755859375,349.82000732421875,2540
2026-10-01 14:49:00,1790880540,CDNS,349.9200134277344,349.9200134277344,349.6600036621094,349.82000732421875,3826
2026-10-01 14:50:00,1790880600,CDNS,349.6499938964844,349.6499938964844,349.3299865722656,349.4100036621094,5554
2026-10-01 14:51:00,1790880660,CDNS,349.1405944824219,349.2300109863281,348.8500061035156,348.9849853515625,2173
2026-10-01 14:52:00,1790880720,CDNS,349.1199951171875,349.1199951171875,348.7799987792969,348.7799987792969,2968
2026-10-01 14:53:00,1790880780,CDNS,348.79998779296875,348.8299865722656,348.7300109863281,348.8299865722656,922
2026-10-01 14:54:00,1790880840,CDNS,348.8800048828125,348.8800048828125,348.7225036621094,348.8699951171875,2844
2026-10-01 14:55:00,1790880900,CDNS,348.75,348.75,348.5350036621094,348.6499938964844,5412
2026-10-01 14:56:00,1790880960,CDNS,348.739990234375,348.8599853515625,348.55999755859375,348.7049865722656,7016
2026-10-01 14:57:00,1790881020,CDNS,348.7049865722656,349.2025146484375,348.7049865722656,348.9599914550781,6850
2026-10-01 14:58:00,1790881080,CDNS,348.95001220703125,349.0400085449219,348.8500061035156,348.92999267578125,4673
2026-10-01 14:59:00,1790881140,CDNS,348.92999267578125,349.2749938964844,348.92498779296875,349.25,3628
2026-10-01 15:00:00,1790881200,CDNS,349.29998779296875,349.3699951171875,349.0400085449219,349.3699951171875,5664
2026-10-01 15:01:00,1790881260,CDNS,349.20001220703125,349.42999267578125,349.1400146484375,349.1400146484375,7024
2026-10-01 15:02:00,1790881320,CDNS,349.0849914550781,349.3599853515625,349.0400085449219,349.3599853515625,5940
2026-10-01 15:03:00,1790881380,CDNS,349.2149963378906,349.25,348.739990234375,349.25,14279
2026-10-01 15:04:00,1790881440,CDNS,349.32000732421875,349.7799987792969,349.0899963378906,349.6000061035156,5435
2026-10-01 15:05:00,1790881500,CDNS,349.510009765625,349.8500061035156,349.5,349.6300048828125,3012
2026-10-01 15:06:00,1790881560,CDNS,349.6300048828125,349.8399963378906,349.5,349.6199951171875,5402
2026-10-01 15:07:00,1790881620,CDNS,349.6199951171875,350.42999267578125,349.5,350.385009765625,9872
2026-10-01 15:08:00,1790881680,CDNS,350.4700012207031,350.5400085449219,350.3599853515625,350.42498779296875,4879
2026-10-01 15:09:00,1790881740,CDNS,350.42498779296875,350.5199890136719,350.32000732421875,350.32000732421875,3704
2026-10-01 15:10:00,1790881800,CDNS,350.5299987792969,350.5299987792969,350.0400085449219,350.07501220703125,10601
2026-10-01 15:11:00,1790881860,CDNS,350.07501220703125,350.3299865722656,350.07501220703125,350.32989501953125,4731
2026-10-01 15:12:00,1790881920,CDNS,350.42999267578125,350.4700012207031,350.2449951171875,350.4700012207031,3068
2026-10-01 15:13:00,1790881980,CDNS,350.3900146484375,350.3900146484375,349.7900085449219,350.1549987792969,7596
2026-10-01 15:14:00,1790882040,CDNS,350.1549987792969,350.1549987792969,349.4150085449219,349.635009765625,15669
2026-10-01 15:15:00,1790882100,CDNS,349.635009765625,349.82000732421875,349.4700012207031,349.69000244140625,7429
2026-10-01 15:16:00,1790882160,CDNS,349.82000732421875,349.82000732421875,349.19500732421875,349.32000732421875,6866
2026-10-01 15:17:00,1790882220,CDNS,349.3301086425781,349.3301086425781,348.9700012207031,349.1050109863281,5279
2026-10-01 15:18:00,1790882280,CDNS,349.1050109863281,349.4599914550781,349.1050109863281,349.2550048828125,5491
2026-10-01 15:19:00,1790882340,CDNS,349.1400146484375,349.6099853515625,349.1400146484375,349.54998779296875,1671
2026-10-01 15:20:00,1790882400,CDNS,349.57000732421875,349.6700134277344,349.3599853515625,349.5450134277344,11815
2026-10-01 15:21:00,1790882460,CDNS,349.42999267578125,350.239990234375,349.42999267578125,350.1499938964844,7294
2026-10-01 15:22:00,1790882520,CDNS,349.9800109863281,350.1499938964844,349.875,350.1499938964844,3205
2026-10-01 15:23:00,1790882580,CDNS,350.1600036621094,350.20001220703125,349.8800048828125,349.8800048828125,7211
2026-10-01 15:24:00,1790882640,CDNS,349.8500061035156,350.04998779296875,349.5899963378906,350.0400085449219,9327
2026-10-01 15:25:00,1790882700,CDNS,350.04998779296875,350.1700134277344,349.9599914550781,349.9700012207031,7163
2026-10-01 15:26:00,1790882760,CDNS,350.2099914550781,350.5,350.2099914550781,350.5,4473
2026-10-01 15:27:00,1790882820,CDNS,350.510009765625,350.6000061035156,350.260009765625,350.260009765625,8472
2026-10-01 15:28:00,1790882880,CDNS,350.2300109863281,350.4200134277344,350.2300109863281,350.25,6067
2026-10-01 15:29:00,1790882940,CDNS,350.2349853515625,350.2349853515625,350.0299987792969,350.0299987792969,8644
2026-10-01 15:30:00,1790883000,CDNS,350.30999755859375,350.4200134277344,349.989990234375,350.1300048828125,8688
2026-10-01 15:31:00,1790883060,CDNS,350.44000244140625,350.5,350.2900085449219,350.5,5646
2026-10-01 15:32:00,1790883120,CDNS,350.5299987792969,350.5299987792969,350.260009765625,350.4750061035156,8715
2026-10-01 15:33:00,1790883180,CDNS,350.4150085449219,350.82000732421875,350.19000244140625,350.55999755859375,9904
2026-10-01 15:34:00,1790883240,CDNS,350.4700012207031,350.7099914550781,350.4700012207031,350.7099914550781,6547
2026-10-01 15:35:00,1790883300,CDNS,350.6499938964844,350.7349853515625,350.29998779296875,350.4200134277344,9427
2026-10-01 15:36:00,1790883360,CDNS,350.4049987792969,350.67999267578125,350.2900085449219,350.4800109863281,9895
2026-10-01 15:37:00,1790883420,CDNS,350.56500244140625,350.739990234375,350.45001220703125,350.6449890136719,9136
2026-10-01 15:38:00,1790883480,CDNS,350.7699890136719,351.20001220703125,350.7699890136719,351.114990234375,7363
2026-10-01 15:39:00,1790883540,CDNS,351.260009765625,351.3500061035156,351.04998779296875,351.3399963378906,4994
2026-10-01 15:40:00,1790883600,CDNS,351.2699890136719,351.5299987792969,351.2099914550781,351.44500732421875,6548
2026-10-01 15:41:00,1790883660,CDNS,351.5799865722656,351.92999267578125,351.5799865722656,351.79998779296875,16677
2026-10-01 15:42:00,1790883720,CDNS,351.7099914550781,351.75,351.2099914550781,351.4700012207031,9833
2026-10-01 15:43:00,1790883780,CDNS,351.4800109863281,351.5,351.1400146484375,351.1400146484375,8199
2026-10-01 15:44:00,1790883840,CDNS,351.2300109863281,351.2900085449219,351.0799865722656,351.0899963378906,5213
2026-10-01 15:45:00,1790883900,CDNS,351.2799987792969,351.3399963378906,350.67999267578125,351.20001220703125,8128
2026-10-01 15:46:00,1790883960,CDNS,351.2149963378906,351.2300109863281,350.55999755859375,350.95001220703125,8462
2026-10-01 15:47:00,1790884020,CDNS,350.95001220703125,351.0799865722656,349.5,349.510009765625,7303
2026-10-01 15:48:00,1790884080,CDNS,349.67498779296875,350.29998779296875,349.25,350.2449951171875,8107
2026-10-01 15:49:00,1790884140,CDNS,350.3299865722656,350.5199890136719,350.2200012207031,350.44000244140625,10501
2026-10-01 15:50:00,1790884200,CDNS,350.5899963378906,351.1300048828125,350.4849853515625,351.010009765625,12604
2026-10-01 15:51:00,1790884260,CDNS,351.0249938964844,351.1400146484375,350.80999755859375,350.989990234375,22253
2026-10-01 15:52:00,1790884320,CDNS,351.0899963378906,351.375,350.8800048828125,350.94000244140625,17911
2026-10-01 15:53:00,1790884380,CDNS,351.06500244140625,351.239990234375,350.8599853515625,350.885009765625,14027
2026-10-01 15:54:00,1790884440,CDNS,350.94000244140625,351.09991455078125,350.5299987792969,350.5799865722656,27194
2026-10-01 15:55:00,1790884500,CDNS,350.510009765625,350.6600036621094,350.3349914550781,350.5249938964844,22898
2026-10-01 15:56:00,1790884560,CDNS,350.510009765625,351.0199890136719,350.45001220703125,350.9100036621094,33408
2026-10-01 15:57:00,1790884620,CDNS,350.9049987792969,351.2699890136719,350.80999755859375,351.0199890136719,51434
2026-10-01 15:58:00,1790884680,CDNS,351.0299987792969,351.1000061035156,350.92999267578125,351.0,46592
2026-10-01 15:59:00,1790884740,CDNS,350.9599914550781,350.9750061035156,350.6600036621094,350.7099914550781,84388
2026-10-01 16:00:00,1790884800,CDNS,350.7300109863281,350.7300109863281,350.7300109863281,350.7300109863281,0
2026-10-02 09:30:00,1790947800,CDNS,356.5,356.5,353.1387939453125,354.0899963378906,56212
2026-10-02 09:31:00,1790947860,CDNS,353.95001220703125,353.95001220703125,351.3299865722656,352.01800537109375,7834
2026-10-02 09:32:00,1790947920,CDNS,352.13751220703125,353.8399963378906,351.2699890136719,353.8399963378906,2491
2026-10-02 09:33:00,1790947980,CDNS,353.19500732421875,354.7200012207031,352.5299987792969,353.2250061035156,4015
2026-10-02 09:34:00,1790948040,CDNS,351.54998779296875,354.1300048828125,351.54998779296875,353.82000732421875,1510
2026-10-02 09:35:00,1790948100,CDNS,354.3949890136719,354.3949890136719,352.90008544921875,354.1180114746094,4123
2026-10-02 09:36:00,1790948160,CDNS,354.5050048828125,354.5050048828125,353.1099853515625,353.45001220703125,5712
2026-10-02 09:37:00,1790948220,CDNS,353.6579895019531,353.81500244140625,352.9100036621094,353.81500244140625,2534
2026-10-02 09:38:00,1790948280,CDNS,353.81500244140625,353.81500244140625,352.4330139160156,352.9200134277344,4244
2026-10-02 09:39:00,1790948340,CDNS,352.57000732421875,353.32000732421875,352.4700012207031,353.260009765625,4687
2026-10-02 09:40:00,1790948400,CDNS,353.3114013671875,354.69500732421875,353.3114013671875,353.4800109863281,7352
2026-10-02 09:41:00,1790948460,CDNS,353.52801513671875,353.52801513671875,351.9049987792969,352.4200134277344,5503
2026-10-02 09:42:00,1790948520,CDNS,353.07000732421875,353.80999755859375,352.35321044921875,353.5199890136719,4702
2026-10-02 09:43:00,1790948580,CDNS,353.5899963378906,353.5899963378906,352.94000244140625,352.94000244140625,2195
2026-10-02 09:44:00,1790948640,CDNS,352.6300048828125,353.260009765625,352.6000061035156,352.70001220703125,3005
2026-10-02 09:45:00,1790948700,CDNS,352.9100036621094,353.8399963378906,352.67999267578125,352.7799987792969,9843
2026-10-02 09:46:00,1790948760,CDNS,352.7749938964844,353.44000244140625,352.6600036621094,353.3800048828125,2458
2026-10-02 09:47:00,1790948820,CDNS,353.364990234375,353.3699951171875,352.3500061035156,352.3699951171875,9112
2026-10-02 09:48:00,1790948880,CDNS,352.3500061035156,352.760009765625,352.0400085449219,352.760009765625,5134
2026-10-02 09:49:00,1790948940,CDNS,352.7900085449219,353.0299987792969,351.70001220703125,351.8575134277344,5507
2026-10-02 09:50:00,1790949000,CDNS,351.8349914550781,351.8599853515625,351.25,351.67999267578125,3290
2026-10-02 09:51:00,1790949060,CDNS,351.5,351.5,350.44000244140625,350.4800109863281,3519
2026-10-02 09:52:00,1790949120,CDNS,350.7850036621094,351.1000061035156,350.6600036621094,351.01031494140625,4474
2026-10-02 09:53:00,1790949180,CDNS,350.80999755859375,350.9949951171875,350.7300109863281,350.9150085449219,4257
2026-10-02 09:54:00,1790949240,CDNS,350.9200134277344,351.4800109863281,350.9200134277344,351.42999267578125,4422
2026-10-02 09:55:00,1790949300,CDNS,351.5,351.5899963378906,351.05999755859375,351.5799865722656,7382
2026-10-02 09:56:00,1790949360,CDNS,351.4100036621094,352.0,351.239990234375,351.3500061035156,7182
2026-10-02 09:57:00,1790949420,CDNS,351.5050048828125,351.5050048828125,350.760009765625,350.8599853515625,7427
2026-10-02 09:58:00,1790949480,CDNS,351.0799865722656,351.0799865722656,350.17999267578125,350.55499267578125,6259
2026-10-02 09:59:00,1790949540,CDNS,350.30999755859375,350.5199890136719,350.0199890136719,350.04010009765625,6051
2026-10-02 10:00:00,1790949600,CDNS,350.2200012207031,350.6199951171875,349.9700012207031,350.2349853515625,6327
2026-10-02 10:01:00,1790949660,CDNS,350.2349853515625,350.26251220703125,349.3299865722656,349.3299865722656,5712
2026-10-02 10:02:00,1790949720,CDNS,349.44500732421875,349.92999267578125,349.3399963378906,349.6199951171875,5556
2026-10-02 10:03:00,1790949780,CDNS,349.625,349.9798889160156,349.4200134277344,349.5400085449219,4094
2026-10-02 10:04:00,1790949840,CDNS,349.7051086425781,350.7900085449219,349.54998779296875,350.7900085449219,5261
2026-10-02 10:05:00,1790949900,CDNS,350.4599914550781,351.31549072265625,350.4599914550781,351.260009765625,2403
2026-10-02 10:06:00,1790949960,CDNS,351.1199951171875,351.1199951171875,350.25,350.3900146484375,9669
2026-10-02 10:07:00,1790950020,CDNS,350.6499938964844,350.6499938964844,350.3800048828125,350.6499938964844,2691
2026-10-02 10:08:00,1790950080,CDNS,350.4800109863281,350.8949890136719,350.07000732421875,350.8949890136719,4831
2026-10-02 10:09:00,1790950140,CDNS,350.9599914550781,351.04998779296875,350.80999755859375,350.80999755859375,2608
2026-10-02 10:10:00,1790950200,CDNS,350.9100036621094,351.1000061035156,350.2699890136719,350.6499938964844,5506
2026-10-02 10:11:00,1790950260,CDNS,350.80499267578125,350.80499267578125,349.739990234375,349.739990234375,6992
2026-10-02 10:12:00,1790950320,CDNS,349.510009765625,349.7099914550781,349.1099853515625,349.1099853515625,6976
2026-10-02 10:13:00,1790950380,CDNS,348.9200134277344,349.010009765625,348.5799865722656,348.79998779296875,9831
2026-10-02 10:14:00,1790950440,CDNS,348.9700012207031,348.9800109863281,347.0899963378906,347.1300048828125,10614
2026-10-02 10:15:00,1790950500,CDNS,347.0,347.1000061035156,346.3599853515625,346.4549865722656,5287
2026-10-02 10:16:00,1790950560,CDNS,346.4599914550781,347.0899963378906,346.4599914550781,346.9949951171875,5687
2026-10-02 10:17:00,1790950620,CDNS,346.8399963378906,347.7300109863281,346.79998779296875,347.0600891113281,5083
2026-10-02 10:18:00,1790950680,CDNS,347.2250061035156,347.260009765625,346.25,346.25,7273
2026-10-02 10:19:00,1790950740,CDNS,346.260009765625,346.260009765625,345.6099853515625,346.0199890136719,7719
2026-10-02 10:20:00,1790950800,CDNS,345.7900085449219,345.8399963378906,344.239990234375,345.2799987792969,9794
2026-10-02 10:21:00,1790950860,CDNS,345.45001220703125,345.614990234375,344.82000732421875,344.82000732421875,5031
2026-10-02 10:22:00,1790950920,CDNS,344.6600036621094,344.9200134277344,343.989990234375,344.510009765625,8896
2026-10-02 10:23:00,1790950980,CDNS,344.30999755859375,344.6199951171875,343.9599914550781,344.4700012207031,5056
2026-10-02 10:24:00,1790951040,CDNS,344.7200012207031,345.2149963378906,344.6099853515625,345.2049865722656,2169
2026-10-02 10:25:00,1790951100,CDNS,344.9100036621094,345.19000244140625,344.4700012207031,344.4700012207031,3203
2026-10-02 10:26:00,1790951160,CDNS,344.4700012207031,344.885009765625,344.4700012207031,344.885009765625,3875
2026-10-02 10:27:00,1790951220,CDNS,344.9049987792969,345.0799865722656,344.0299987792969,344.0299987792969,8064
2026-10-02 10:28:00,1790951280,CDNS,344.20001220703125,344.20001220703125,342.3599853515625,342.5150146484375,20949
2026-10-02 10:29:00,1790951340,CDNS,342.5199890136719,342.7699890136719,342.04998779296875,342.6449890136719,5783
2026-10-02 10:30:00,1790951400,CDNS,342.56500244140625,342.56500244140625,341.760009765625,342.4750061035156,6848
2026-10-02 10:31:00,1790951460,CDNS,342.2900085449219,343.2099914550781,342.0799865722656,343.2099914550781,4582
2026-10-02 10:32:00,1790951520,CDNS,343.2250061035156,343.5198974609375,342.9700012207031,343.0849914550781,4083
2026-10-02 10:33:00,1790951580,CDNS,343.0799865722656,343.7250061035156,343.0799865722656,343.3500061035156,8650
2026-10-02 10:34:00,1790951640,CDNS,343.4100036621094,343.54998779296875,343.25,343.4700012207031,6945
2026-10-02 10:35:00,1790951700,CDNS,343.4849853515625,343.7699890136719,343.4849853515625,343.74249267578125,5526
2026-10-02 10:36:00,1790951760,CDNS,343.6400146484375,343.7550048828125,343.5400085449219,343.739990234375,3853
2026-10-02 10:37:00,1790951820,CDNS,344.0199890136719,344.3500061035156,343.6300048828125,344.07501220703125,6140
2026-10-02 10:38:00,1790951880,CDNS,343.9599914550781,343.9599914550781,343.5899963378906,343.739990234375,2916
2026-10-02 10:39:00,1790951940,CDNS,343.9100036621094,344.06500244140625,343.8299865722656,343.8299865722656,5726
2026-10-02 10:40:00,1790952000,CDNS,343.93499755859375,343.93499755859375,343.3599853515625,343.6449890136719,4481
2026-10-02 10:41:00,1790952060,CDNS,343.61749267578125,343.61749267578125,343.0199890136719,343.3999938964844,6644
2026-10-02 10:42:00,1790952120,CDNS,343.3999938964844,343.6300048828125,343.3999938964844,343.510009765625,2416
2026-10-02 10:43:00,1790952180,CDNS,343.54998779296875,343.54998779296875,343.3699951171875,343.5199890136719,4051
2026-10-02 10:44:00,1790952240,CDNS,343.6499938964844,343.75,343.55499267578125,343.75,2469
2026-10-02 10:45:00,1790952300,CDNS,344.1300048828125,344.1400146484375,343.8699951171875,343.9800109863281,5273
2026-10-02 10:46:00,1790952360,CDNS,344.04998779296875,344.1199951171875,343.79998779296875,343.79998779296875,6147
2026-10-02 10:47:00,1790952420,CDNS,343.8599853515625,343.95001220703125,343.57000732421875,343.8399963378906,3312
2026-10-02 10:48:00,1790952480,CDNS,343.82000732421875,344.27508544921875,343.82000732421875,344.2650146484375,11993
2026-10-02 10:49:00,1790952540,CDNS,343.8999938964844,344.06500244140625,343.260009765625,343.7449951171875,3897
2026-10-02 10:50:00,1790952600,CDNS,343.635009765625,343.7699890136719,343.4800109863281,343.67999267578125,1508
2026-10-02 10:51:00,1790952660,CDNS,343.489990234375,343.8999938964844,343.4800109863281,343.8999938964844,4736
2026-10-02 10:52:00,1790952720,CDNS,343.7200012207031,343.8800048828125,343.3900146484375,343.8800048828125,5026
2026-10-02 10:53:00,1790952780,CDNS,343.6400146484375,343.6853942871094,343.5799865722656,343.5799865722656,1103
2026-10-02 10:54:00,1790952840,CDNS,343.6300048828125,343.6700134277344,343.3900146484375,343.4700012207031,6727
2026-10-02 10:55:00,1790952900,CDNS,343.54998779296875,345.2699890136719,343.54998779296875,345.0498962402344,10777
2026-10-02 10:56:00,1790952960,CDNS,345.0299987792969,345.32000732421875,344.8900146484375,345.135009765625,10200
2026-10-02 10:57:00,1790953020,CDNS,345.135009765625,345.2349853515625,345.0400085449219,345.0400085449219,2621
2026-10-02 10:58:00,1790953080,CDNS,344.95001220703125,344.9599914550781,344.3399963378906,344.3399963378906,4266
2026-10-02 10:59:00,1790953140,CDNS,344.510009765625,344.8999938964844,344.3399963378906,344.69000244140625,2771
2026-10-02 11:00:00,1790953200,CDNS,344.6600036621094,345.2699890136719,344.6300048828125,345.0,4112
2026-10-02 11:01:00,1790953260,CDNS,344.8900146484375,345.4700012207031,344.8900146484375,345.3299865722656,4309
2026-10-02 11:02:00,1790953320,CDNS,345.3999938964844,345.7449951171875,345.19500732421875,345.7449951171875,6203
2026-10-02 11:03:00,1790953380,CDNS,345.70001220703125,345.70001220703125,345.3999938964844,345.5299987792969,791
2026-10-02 11:04:00,1790953440,CDNS,345.5299987792969,345.5299987792969,345.0299987792969,345.0299987792969,3403
2026-10-02 11:05:00,1790953500,CDNS,345.0299987792969,345.239990234375,345.0299987792969,345.2049865722656,2601
2026-10-02 11:06:00,1790953560,CDNS,345.0799865722656,345.30499267578125,345.0299987792969,345.25,3105
2026-10-02 11:07:00,1790953620,CDNS,345.2749938964844,345.5,345.04998779296875,345.04998779296875,4413
2026-10-02 11:08:00,1790953680,CDNS,345.0199890136719,345.42999267578125,344.8949890136719,345.260009765625,4932
2026-10-02 11:09:00,1790953740,CDNS,345.2449951171875,345.3999938964844,345.2200012207031,345.239990234375,2694
2026-10-02 11:10:00,1790953800,CDNS,345.2149963378906,345.7699890136719,345.2149963378906,345.4949951171875,5315
2026-10-02 11:11:00,1790953860,CDNS,345.4949951171875,345.57000732421875,345.3500061035156,345.57000732421875,2809
2026-10-02 11:12:00,1790953920,CDNS,345.5199890136719,345.5350036621094,345.2799987792969,345.4200134277344,5580
2026-10-02 11:13:00,1790953980,CDNS,345.6700134277344,346.6400146484375,345.5249938964844,346.6400146484375,2223
2026-10-02 11:14:00,1790954040,CDNS,346.6700134277344,346.7300109863281,346.239990234375,346.7300109863281,4473
2026-10-02 11:15:00,1790954100,CDNS,346.82000732421875,346.8900146484375,346.3699951171875,346.44000244140625,7069
2026-10-02 11:16:00,1790954160,CDNS,346.510009765625,346.5899963378906,346.05999755859375,346.3052978515625,5473
2026-10-02 11:17:00,1790954220,CDNS,346.45001220703125,346.45001220703125,346.14019775390625,346.29998779296875,1646
2026-10-02 11:18:00,1790954280,CDNS,346.0400085449219,346.7200012207031,346.0400085449219,346.7200012207031,1888
2026-10-02 11:19:00,1790954340,CDNS,346.5050048828125,346.7699890136719,346.3299865722656,346.5199890136719,4857
2026-10-02 11:20:00,1790954400,CDNS,346.5299987792969,346.5400085449219,346.3299865722656,346.44000244140625,2101
2026-10-02 11:21:00,1790954460,CDNS,346.44000244140625,347.12750244140625,346.44000244140625,347.07000732421875,3106
2026-10-02 11:22:00,1790954520,CDNS,347.0,347.510009765625,347.0,347.510009765625,2066
2026-10-02 11:23:00,1790954580,CDNS,347.4100036621094,347.55999755859375,347.3299865722656,347.5,4300
2026-10-02 11:24:00,1790954640,CDNS,347.4599914550781,347.4599914550781,347.2099914550781,347.3900146484375,4063
2026-10-02 11:25:00,1790954700,CDNS,347.1499938964844,347.989990234375,347.1400146484375,347.9630126953125,3478
2026-10-02 11:26:00,1790954760,CDNS,347.7974853515625,348.49749755859375,347.7749938964844,348.4775085449219,3633
2026-10-02 11:27:00,1790954820,CDNS,348.7598876953125,349.0400085449219,348.55999755859375,348.92999267578125,2471
2026-10-02 11:28:00,1790954880,CDNS,349.04998779296875,349.2200012207031,348.8900146484375,349.0,4777
2026-10-02 11:29:00,1790954940,CDNS,349.1199951171875,349.8500061035156,349.1199951171875,349.82000732421875,3439
2026-10-02 11:30:00,1790955000,CDNS,349.85650634765625,350.2300109863281,349.6600036621094,349.7300109863281,10196
2026-10-02 11:31:00,1790955060,CDNS,349.6600036621094,349.81500244140625,349.3287048339844,349.67999267578125,6364
2026-10-02 11:32:00,1790955120,CDNS,349.5050048828125,349.5050048828125,348.8699951171875,349.0224914550781,3163
2026-10-02 11:33:00,1790955180,CDNS,349.2200012207031,349.3949890136719,349.2200012207031,349.3949890136719,1138
2026-10-02 11:34:00,1790955240,CDNS,349.3550109863281,349.5400085449219,349.3500061035156,349.3500061035156,3320
2026-10-02 11:35:00,1790955300,CDNS,349.3500061035156,349.6300048828125,349.2850036621094,349.6300048828125,2968
2026-10-02 11:36:00,1790955360,CDNS,349.69000244140625,349.69000244140625,349.1600036621094,349.20001220703125,4380
2026-10-02 11:37:00,1790955420,CDNS,349.2950134277344,349.44000244140625,349.1499938964844,349.2774963378906,1938
2026-10-02 11:38:00,1790955480,CDNS,349.30999755859375,349.6700134277344,349.30999755859375,349.6700134277344,2098
2026-10-02 11:39:00,1790955540,CDNS,349.6700134277344,349.6700134277344,349.3299865722656,349.3299865722656,3262
2026-10-02 11:40:00,1790955600,CDNS,349.42999267578125,349.42999267578125,349.0899963378906,349.0899963378906,2909
2026-10-02 11:41:00,1790955660,CDNS,349.1449890136719,349.2550048828125,349.0899963378906,349.1700134277344,3514
2026-10-02 11:42:00,1790955720,CDNS,349.17498779296875,349.17498779296875,349.0799865722656,349.0799865722656,410
2026-10-02 11:43:00,1790955780,CDNS,349.0899963378906,349.32000732421875,349.0799865722656,349.2550048828125,3788
2026-10-02 11:44:00,1790955840,CDNS,349.4200134277344,349.4949951171875,349.2699890136719,349.2699890136719,2865
2026-10-02 11:45:00,1790955900,CDNS,349.1099853515625,349.50299072265625,349.1000061035156,349.4049987792969,2833
2026-10-02 11:46:00,1790955960,CDNS,349.4049987792969,349.4049987792969,349.20001220703125,349.2200012207031,2193
2026-10-02 11:47:00,1790956020,CDNS,349.20001220703125,349.2200012207031,349.19000244140625,349.19000244140625,1833
2026-10-02 11:48:00,1790956080,CDNS,349.18499755859375,349.18499755859375,348.7900085449219,348.7900085449219,4532
2026-10-02 11:49:00,1790956140,CDNS,348.7950134277344,348.8299865722656,348.739990234375,348.82000732421875,1046
2026-10-02 11:50:00,1790956200,CDNS,348.75,348.75,348.4750061035156,348.4800109863281,3172
2026-10-02 11:51:00,1790956260,CDNS,348.6400146484375,348.70001220703125,348.4750061035156,348.6549987792969,4328
2026-10-02 11:52:00,1790956320,CDNS,348.6400146484375,349.0799865722656,348.6000061035156,348.92999267578125,4812
2026-10-02 11:53:00,1790956380,CDNS,349.1199951171875,349.25,349.1000061035156,349.1000061035156,1323
2026-10-02 11:54:00,1790956440,CDNS,348.8500061035156,348.9849853515625,348.739990234375,348.739990234375,4231
2026-10-02 11:55:00,1790956500,CDNS,348.7900085449219,348.7900085449219,348.4800109863281,348.7699890136719,1740
2026-10-02 11:56:00,1790956560,CDNS,348.7799987792969,348.7799987792969,348.7074890136719,348.7074890136719,687
2026-10-02 11:57:00,1790956620,CDNS,348.5899963378906,348.68499755859375,348.5899963378906,348.5899963378906,2879
2026-10-02 11:58:00,1790956680,CDNS,348.6000061035156,348.8599853515625,348.5899963378906,348.760009765625,3808
2026-10-02 11:59:00,1790956740,CDNS,348.7275085449219,349.05999755859375,348.7275085449219,349.05999755859375,1133
2026-10-02 12:00:00,1790956800,CDNS,349.1300048828125,349.1650085449219,349.0199890136719,349.0199890136719,2061
2026-10-02 12:01:00,1790956860,CDNS,349.0199890136719,349.1099853515625,348.8599853515625,349.0299987792969,5165
2026-10-02 12:02:00,1790956920,CDNS,348.9700012207031,349.0400085449219,348.7900085449219,348.82000732421875,2365
2026-10-02 12:03:00,1790956980,CDNS,348.80999755859375,349.0199890136719,348.7149963378906,348.7149963378906,1280
2026-10-02 12:04:00,1790957040,CDNS,348.57000732421875,348.80999755859375,348.5249938964844,348.6300048828125,3479
2026-10-02 12:05:00,1790957100,CDNS,348.6449890136719,348.6499938964844,348.510009765625,348.510009765625,568
2026-10-02 12:06:00,1790957160,CDNS,348.6875,348.6875,348.510009765625,348.510009765625,1853
2026-10-02 12:07:00,1790957220,CDNS,348.5,348.5,348.3500061035156,348.3500061035156,2337
2026-10-02 12:08:00,1790957280,CDNS,348.3699951171875,348.6499938964844,348.3599853515625,348.6000061035156,1745
2026-10-02 12:09:00,1790957340,CDNS,348.5899963378906,348.5899963378906,348.3500061035156,348.5199890136719,3229
2026-10-02 12:10:00,1790957400,CDNS,348.5899963378906,348.8214111328125,348.5899963378906,348.7799987792969,1438
2026-10-02 12:11:00,1790957460,CDNS,348.739990234375,348.9425048828125,348.6499938964844,348.6899108886719,5456
2026-10-02 12:12:00,1790957520,CDNS,348.4800109863281,348.4800109863281,348.4800109863281,348.4800109863281,729
2026-10-02 12:13:00,1790957580,CDNS,348.5,348.7099914550781,348.45001220703125,348.7099914550781,1128
2026-10-02 12:14:00,1790957640,CDNS,348.7799987792969,348.7799987792969,348.2099914550781,348.2099914550781,4056
2026-10-02 12:15:00,1790957700,CDNS,348.2799987792969,348.3381042480469,348.17999267578125,348.3381042480469,6101
2026-10-02 12:16:00,1790957760,CDNS,348.25,348.6000061035156,348.25,348.5950012207031,1642
2026-10-02 12:17:00,1790957820,CDNS,348.2900085449219,348.3550109863281,347.8999938964844,347.8999938964844,3529
2026-10-02 12:18:00,1790957880,CDNS,347.9375,347.989990234375,347.9150085449219,347.989990234375,1012
2026-10-02 12:19:00,1790957940,CDNS,347.8399963378906,348.0299987792969,347.8399963378906,348.0299987792969,707
2026-10-02 12:20:00,1790958000,CDNS,348.0299987792969,348.0299987792969,347.80999755859375,347.875,1415
2026-10-02 12:21:00,1790958060,CDNS,347.95001220703125,347.989990234375,347.79998779296875,347.79998779296875,1635
2026-10-02 12:22:00,1790958120,CDNS,347.875,347.875,347.5,347.5400085449219,2331
2026-10-02 12:23:00,1790958180,CDNS,347.625,347.625,347.447509765625,347.5350036621094,1783
2026-10-02 12:24:00,1790958240,CDNS,347.4949951171875,347.4949951171875,347.2200012207031,347.25,1825
2026-10-02 12:25:00,1790958300,CDNS,347.3550109863281,347.4800109863281,347.3550109863281,347.4800109863281,825
2026-10-02 12:26:00,1790958360,CDNS,347.42999267578125,347.760009765625,347.3900146484375,347.6099853515625,2276
2026-10-02 12:27:00,1790958420,CDNS,347.6099853515625,347.6099853515625,347.25,347.32000732421875,2612
2026-10-02 12:28:00,1790958480,CDNS,347.42999267578125,347.42999267578125,347.30999755859375,347.30999755859375,222
2026-10-02 12:29:00,1790958540,CDNS,347.3299865722656,347.4224853515625,347.29998779296875,347.3299865722656,4878
2026-10-02 12:30:00,1790958600,CDNS,347.3949890136719,347.55999755859375,347.3949890136719,347.5201110839844,3767
2026-10-02 12:31:00,1790958660,CDNS,347.5199890136719,347.95001220703125,347.45001220703125,347.8450012207031,2646
2026-10-02 12:32:00,1790958720,CDNS,347.8500061035156,347.8500061035156,347.69000244140625,347.82000732421875,2279
2026-10-02 12:33:00,1790958780,CDNS,347.69000244140625,347.69000244140625,347.69000244140625,347.69000244140625,103
2026-10-02 12:34:00,1790958840,CDNS,347.80499267578125,347.80499267578125,347.6619873046875,347.6619873046875,1957
2026-10-02 12:35:00,1790958900,CDNS,347.74749755859375,347.8900146484375,347.6700134277344,347.6700134277344,1516
2026-10-02 12:36:00,1790958960,CDNS,347.6300048828125,347.7449951171875,347.5400085449219,347.6075134277344,4433
2026-10-02 12:37:00,1790959020,CDNS,347.6050109863281,347.69000244140625,347.6000061035156,347.6099853515625,1638
2026-10-02 12:38:00,1790959080,CDNS,347.6700134277344,347.9200134277344,347.6700134277344,347.8999938964844,1530
2026-10-02 12:39:00,1790959140,CDNS,348.07000732421875,348.25,348.07000732421875,348.25,826
2026-10-02 12:40:00,1790959200,CDNS,348.2900085449219,348.2900085449219,347.80999755859375,347.80999755859375,3993
2026-10-02 12:41:00,1790959260,CDNS,347.739990234375,347.739990234375,347.260009765625,347.260009765625,3869
2026-10-02 12:42:00,1790959320,CDNS,347.46990966796875,347.46990966796875,347.1499938964844,347.3500061035156,1675
2026-10-02 12:43:00,1790959380,CDNS,347.5400085449219,347.5400085449219,347.1400146484375,347.1400146484375,2270
2026-10-02 12:44:00,1790959440,CDNS,347.31500244140625,347.3475036621094,347.2900085449219,347.2900085449219,938
2026-10-02 12:45:00,1790959500,CDNS,347.3699951171875,347.3699951171875,346.94000244140625,346.9700012207031,2891
2026-10-02 12:46:00,1790959560,CDNS,347.0350036621094,347.1199951171875,346.95001220703125,346.95001220703125,1807
2026-10-02 12:47:00,1790959620,CDNS,347.1300048828125,347.1400146484375,346.96868896484375,347.1199951171875,1943
2026-10-02 12:48:00,1790959680,CDNS,347.0950012207031,347.2900085449219,347.0780029296875,347.2900085449219,1919
2026-10-02 12:49:00,1790959740,CDNS,347.30999755859375,347.4200134277344,347.2200012207031,347.3699951171875,1548
2026-10-02 12:50:00,1790959800,CDNS,347.2950134277344,347.4599914550781,347.2950134277344,347.4599914550781,4958
2026-10-02 12:51:00,1790959860,CDNS,347.4800109863281,347.67999267578125,347.4800109863281,347.55999755859375,5100
2026-10-02 12:52:00,1790959920,CDNS,347.69000244140625,347.69500732421875,347.625,347.625,1251
2026-10-02 12:53:00,1790959980,CDNS,347.67999267578125,347.92999267578125,347.67999267578125,347.92999267578125,1424
2026-10-02 12:54:00,1790960040,CDNS,348.1499938964844,348.2099914550781,348.1499938964844,348.2099914550781,5576
2026-10-02 12:55:00,1790960100,CDNS,348.2799987792969,348.2799987792969,348.1400146484375,348.1499938964844,2867
2026-10-02 12:56:00,1790960160,CDNS,348.239990234375,348.25,348.1400146484375,348.1400146484375,4756
2026-10-02 12:57:00,1790960220,CDNS,348.1400146484375,348.2300109863281,347.69000244140625,348.2300109863281,7782
2026-10-02 12:58:00,1790960280,CDNS,348.43499755859375,348.43499755859375,348.1700134277344,348.1700134277344,1523
2026-10-02 12:59:00,1790960340,CDNS,348.17999267578125,348.3999938964844,348.1700134277344,348.2099914550781,2066
2026-10-02 13:00:00,1790960400,CDNS,348.19000244140625,348.67498779296875,348.1499938964844,348.67498779296875,2934
2026-10-02 13:01:00,1790960460,CDNS,348.625,348.625,348.2699890136719,348.2699890136719,3832
2026-10-02 13:02:00,1790960520,CDNS,348.260009765625,348.3599853515625,348.0199890136719,348.05499267578125,2707
2026-10-02 13:03:00,1790960580,CDNS,348.05499267578125,348.05499267578125,347.87750244140625,347.87750244140625,1439
2026-10-02 13:04:00,1790960640,CDNS,347.8800048828125,347.8800048828125,347.7099914550781,347.7099914550781,1054
2026-10-02 13:05:00,1790960700,CDNS,347.8599853515625,347.9100036621094,347.8450012207031,347.9100036621094,1972
2026-10-02 13:06:00,1790960760,CDNS,347.94000244140625,348.20001220703125,347.739990234375,347.7900085449219,3681
2026-10-02 13:07:00,1790960820,CDNS,347.7799987792969,347.7799987792969,347.69000244140625,347.760009765625,2749
2026-10-02 13:08:00,1790960880,CDNS,347.739990234375,347.739990234375,347.69000244140625,347.7200012207031,1309
2026-10-02 13:09:00,1790960940,CDNS,347.7900085449219,348.010009765625,347.7200012207031,347.7200012207031,2797
2026-10-02 13:10:00,1790961000,CDNS,347.9649963378906,348.0050048828125,347.79998779296875,347.79998779296875,1869
2026-10-02 13:11:00,1790961060,CDNS,347.8800048828125,347.935302734375,347.7200012207031,347.7200012207031,4309
2026-10-02 13:12:00,1790961120,CDNS,347.7200012207031,347.760009765625,347.67999267578125,347.760009765625,2586
2026-10-02 13:13:00,1790961180,CDNS,347.7650146484375,347.8399963378906,347.7650146484375,347.8399963378906,636
2026-10-02 13:14:00,1790961240,CDNS,347.7300109863281,347.7699890136719,347.6000061035156,347.739990234375,5347
2026-10-02 13:15:00,1790961300,CDNS,347.6499938964844,347.6600036621094,347.57000732421875,347.6099853515625,1711
2026-10-02 13:16:00,1790961360,CDNS,347.614990234375,347.75,347.55999755859375,347.70001220703125,2766
2026-10-02 13:17:00,1790961420,CDNS,347.7650146484375,347.8500061035156,347.7650146484375,347.8500061035156,1598
2026-10-02 13:18:00,1790961480,CDNS,347.8699951171875,347.9599914550781,347.7799987792969,347.82501220703125,3553
2026-10-02 13:19:00,1790961540,CDNS,347.82501220703125,348.159912109375,347.82501220703125,348.159912109375,3428
2026-10-02 13:20:00,1790961600,CDNS,348.05499267578125,348.05499267578125,347.6300048828125,347.75,4290
2026-10-02 13:21:00,1790961660,CDNS,347.6300048828125,347.6300048828125,347.1400146484375,347.1400146484375,3455
2026-10-02 13:22:00,1790961720,CDNS,347.1400146484375,347.3500061035156,347.010009765625,347.260009765625,5193
2026-10-02 13:23:00,1790961780,CDNS,347.45001220703125,347.69000244140625,347.260009765625,347.54998779296875,1655
2026-10-02 13:24:00,1790961840,CDNS,347.44500732421875,347.5799865722656,347.44500732421875,347.4700012207031,1481
2026-10-02 13:25:00,1790961900,CDNS,347.4599914550781,347.760009765625,347.3500061035156,347.739990234375,4925
2026-10-02 13:26:00,1790961960,CDNS,347.8699951171875,347.8699951171875,347.5400085449219,347.6099853515625,2472
2026-10-02 13:27:00,1790962020,CDNS,347.67999267578125,347.9800109863281,347.67999267578125,347.80499267578125,1598
2026-10-02 13:28:00,1790962080,CDNS,347.9700012207031,347.9700012207031,347.79998779296875,347.80499267578125,1718
2026-10-02 13:29:00,1790962140,CDNS,347.75,347.7799987792969,347.54998779296875,347.7799987792969,5725
2026-10-02 13:30:00,1790962200,CDNS,348.0,348.0,347.6400146484375,347.6400146484375,5186
2026-10-02 13:31:00,1790962260,CDNS,347.54998779296875,347.8550109863281,347.54998779296875,347.8550109863281,1637
2026-10-02 13:32:00,1790962320,CDNS,347.8999938964844,348.30499267578125,347.8999938964844,348.1199951171875,3006
2026-10-02 13:33:00,1790962380,CDNS,348.125,348.510009765625,348.125,348.510009765625,2248
2026-10-02 13:34:00,1790962440,CDNS,348.4100036621094,348.5799865722656,348.3999938964844,348.4100036621094,1284
2026-10-02 13:35:00,1790962500,CDNS,348.4100036621094,348.489990234375,348.2699890136719,348.2799987792969,4671
2026-10-02 13:36:00,1790962560,CDNS,348.25,348.2799987792969,347.95001220703125,348.010009765625,4466
2026-10-02 13:37:00,1790962620,CDNS,347.67999267578125,347.80999755859375,347.67999267578125,347.80999755859375,1926
2026-10-02 13:38:00,1790962680,CDNS,348.1099853515625,348.2373962402344,348.0899963378906,348.135009765625,3400
2026-10-02 13:39:00,1790962740,CDNS,348.17999267578125,348.2799987792969,348.1700134277344,348.2349853515625,1294
2026-10-02 13:40:00,1790962800,CDNS,348.32000732421875,348.4200134277344,348.17999267578125,348.4200134277344,3032
2026-10-02 13:41:00,1790962860,CDNS,348.5,348.5899963378906,348.45001220703125,348.55999755859375,2553
2026-10-02 13:42:00,1790962920,CDNS,348.67999267578125,348.67999267578125,348.4200134277344,348.4700012207031,2999
2026-10-02 13:43:00,1790962980,CDNS,348.45001220703125,348.48748779296875,348.135009765625,348.135009765625,4482
2026-10-02 13:44:00,1790963040,CDNS,348.135009765625,348.32000732421875,348.0899963378906,348.32000732421875,3455
2026-10-02 13:45:00,1790963100,CDNS,348.30499267578125,348.4599914550781,348.30499267578125,348.4599914550781,823
2026-10-02 13:46:00,1790963160,CDNS,348.32000732421875,348.4898986816406,348.2900085449219,348.4898986816406,4153
2026-10-02 13:47:00,1790963220,CDNS,348.364990234375,348.364990234375,348.364990234375,348.364990234375,736
2026-10-02 13:48:00,1790963280,CDNS,348.3550109863281,348.45001220703125,348.2699890136719,348.2699890136719,1399
2026-10-02 13:49:00,1790963340,CDNS,348.260009765625,348.3399963378906,348.25,348.3399963378906,1713
2026-10-02 13:50:00,1790963400,CDNS,348.3299865722656,348.4200134277344,348.1199951171875,348.30499267578125,4842
2026-10-02 13:51:00,1790963460,CDNS,348.4100036621094,348.45001220703125,348.3349914550781,348.3999938964844,1679
2026-10-02 13:52:00,1790963520,CDNS,348.3999938964844,348.45001220703125,348.17999267578125,348.2900085449219,4194
2026-10-02 13:53:00,1790963580,CDNS,348.07000732421875,348.20001220703125,347.95001220703125,347.95001220703125,2031
2026-10-02 13:54:00,1790963640,CDNS,347.9949951171875,347.9949951171875,347.78009033203125,347.78009033203125,371
2026-10-02 13:55:00,1790963700,CDNS,348.1299133300781,348.1299133300781,347.7799987792969,347.8974914550781,1425
2026-10-02 13:56:00,1790963760,CDNS,347.885009765625,347.885009765625,347.7799987792969,347.8599853515625,1469
2026-10-02 13:57:00,1790963820,CDNS,347.8599853515625,347.8699951171875,347.6300048828125,347.6300048828125,4795
2026-10-02 13:58:00,1790963880,CDNS,347.6300048828125,347.7200012207031,347.6199951171875,347.6549987792969,2781
2026-10-02 13:59:00,1790963940,CDNS,347.75,347.8500061035156,347.6600036621094,347.8500061035156,1556
2026-10-02 14:00:00,1790964000,CDNS,347.864990234375,347.864990234375,347.7699890136719,347.7950134277344,2694
2026-10-02 14:01:00,1790964060,CDNS,347.7099914550781,348.0,347.7099914550781,347.92999267578125,1209
2026-10-02 14:02:00,1790964120,CDNS,347.8800048828125,348.04998779296875,347.80999755859375,348.04998779296875,2501
2026-10-02 14:03:00,1790964180,CDNS,348.114990234375,348.2099914550781,348.0199890136719,348.0199890136719,1879
2026-10-02 14:04:00,1790964240,CDNS,348.2099914550781,348.3299865722656,348.0899963378906,348.1400146484375,1240
2026-10-02 14:05:00,1790964300,CDNS,348.1400146484375,348.30999755859375,348.0199890136719,348.30999755859375,2826
2026-10-02 14:06:00,1790964360,CDNS,348.3299865722656,348.45001220703125,348.20001220703125,348.45001220703125,5949
2026-10-02 14:07:00,1790964420,CDNS,348.4599914550781,348.4750061035156,348.30999755859375,348.3999938964844,3268
2026-10-02 14:08:00,1790964480,CDNS,348.30999755859375,348.4700012207031,348.29998779296875,348.3399963378906,2521
2026-10-02 14:09:00,1790964540,CDNS,348.3349914550781,348.6199951171875,348.2099914550781,348.4700012207031,4313
2026-10-02 14:10:00,1790964600,CDNS,348.4700012207031,348.5150146484375,348.3500061035156,348.510009765625,6070
2026-10-02 14:11:00,1790964660,CDNS,348.510009765625,348.510009765625,348.42999267578125,348.5,893
2026-10-02 14:12:00,1790964720,CDNS,348.4949951171875,348.4949951171875,348.3349914550781,348.3424987792969,4539
2026-10-02 14:13:00,1790964780,CDNS,348.3349914550781,348.6239013671875,348.3349914550781,348.510009765625,1397
2026-10-02 14:14:00,1790964840,CDNS,348.4949951171875,348.6099853515625,348.4200134277344,348.489990234375,2805
2026-10-02 14:15:00,1790964900,CDNS,348.4549865722656,348.4549865722656,348.239990234375,348.239990234375,4409
2026-10-02 14:16:00,1790964960,CDNS,348.2300109863281,348.30999755859375,348.0450134277344,348.0450134277344,8613
2026-10-02 14:17:00,1790965020,CDNS,348.0199890136719,348.2275085449219,348.0150146484375,348.2250061035156,4251
2026-10-02 14:18:00,1790965080,CDNS,348.2099914550781,348.2099914550781,348.2099914550781,348.2099914550781,212
2026-10-02 14:19:00,1790965140,CDNS,348.0899963378906,348.31500244140625,347.9200134277344,348.31500244140625,4303
2026-10-02 14:20:00,1790965200,CDNS,348.29998779296875,348.3900146484375,348.25,348.3900146484375,787
2026-10-02 14:21:00,1790965260,CDNS,348.30999755859375,348.5299987792969,348.2699890136719,348.5299987792969,3442
2026-10-02 14:22:00,1790965320,CDNS,348.4649963378906,348.67999267578125,348.4599914550781,348.67999267578125,1678
2026-10-02 14:23:00,1790965380,CDNS,348.67999267578125,348.760009765625,348.6700134277344,348.7449951171875,3037
2026-10-02 14:24:00,1790965440,CDNS,348.8399963378906,349.1300048828125,348.760009765625,348.9599914550781,3865
2026-10-02 14:25:00,1790965500,CDNS,349.0899963378906,349.32501220703125,349.0899963378906,349.2550048828125,1455
2026-10-02 14:26:00,1790965560,CDNS,349.2550048828125,349.25640869140625,349.0400085449219,349.0400085449219,1543
2026-10-02 14:27:00,1790965620,CDNS,349.010009765625,349.010009765625,348.70001220703125,348.93499755859375,14428
2026-10-02 14:28:00,1790965680,CDNS,348.92999267578125,349.1499938964844,348.8900146484375,349.1499938964844,2666
2026-10-02 14:29:00,1790965740,CDNS,349.2099914550781,349.2099914550781,349.0799865722656,349.1499938964844,2805
2026-10-02 14:30:00,1790965800,CDNS,349.1203918457031,349.19000244140625,349.04998779296875,349.19000244140625,1673
2026-10-02 14:31:00,1790965860,CDNS,349.04998779296875,349.1650085449219,348.9800109863281,349.0199890136719,3210
2026-10-02 14:32:00,1790965920,CDNS,349.0400085449219,349.4549865722656,348.95001220703125,349.4549865722656,3069
2026-10-02 14:33:00,1790965980,CDNS,349.4599914550781,349.4649963378906,349.3299865722656,349.3349914550781,2625
2026-10-02 14:34:00,1790966040,CDNS,349.2699890136719,349.2699890136719,349.0150146484375,349.0150146484375,2511
2026-10-02 14:35:00,1790966100,CDNS,349.0150146484375,349.1099853515625,348.92999267578125,349.05999755859375,3461
2026-10-02 14:36:00,1790966160,CDNS,349.2099914550781,349.3599853515625,349.135009765625,349.3599853515625,1531
2026-10-02 14:37:00,1790966220,CDNS,349.31500244140625,349.31500244140625,349.29998779296875,349.29998779296875,1492
2026-10-02 14:38:00,1790966280,CDNS,349.3999938964844,349.3999938964844,349.1300048828125,349.2300109863281,5963
2026-10-02 14:39:00,1790966340,CDNS,349.2749938964844,349.2749938964844,349.1700134277344,349.2349853515625,2380
2026-10-02 14:40:00,1790966400,CDNS,349.29998779296875,349.4700012207031,349.29998779296875,349.375,2447
2026-10-02 14:41:00,1790966460,CDNS,349.3800048828125,349.3800048828125,349.3800048828125,349.3800048828125,166
2026-10-02 14:42:00,1790966520,CDNS,349.4700012207031,349.6549987792969,349.30999755859375,349.6549987792969,2885
2026-10-02 14:43:00,1790966580,CDNS,349.6400146484375,349.6400146484375,349.5199890136719,349.5899963378906,2564
2026-10-02 14:44:00,1790966640,CDNS,349.6199951171875,349.6199951171875,349.5,349.6199951171875,5398
2026-10-02 14:45:00,1790966700,CDNS,349.8299865722656,349.8500061035156,349.7099914550781,349.8299865722656,2024
2026-10-02 14:46:00,1790966760,CDNS,349.8349914550781,349.8599853515625,349.739990234375,349.8599853515625,1515
2026-10-02 14:47:00,1790966820,CDNS,349.7900085449219,349.7900085449219,349.6000061035156,349.67498779296875,6630
2026-10-02 14:48:00,1790966880,CDNS,349.739990234375,349.739990234375,349.5899963378906,349.5899963378906,1913
2026-10-02 14:49:00,1790966940,CDNS,349.635009765625,349.635009765625,349.19000244140625,349.19000244140625,6615
2026-10-02 14:50:00,1790967000,CDNS,349.2099914550781,349.2099914550781,348.9599914550781,349.1184997558594,2059
2026-10-02 14:51:00,1790967060,CDNS,349.0450134277344,349.20001220703125,349.0450134277344,349.20001220703125,1460
2026-10-02 14:52:00,1790967120,CDNS,349.114990234375,349.3299865722656,349.114990234375,349.2200012207031,792
2026-10-02 14:53:00,1790967180,CDNS,349.3399963378906,349.3900146484375,349.2149963378906,349.3900146484375,1513
2026-10-02 14:54:00,1790967240,CDNS,349.2650146484375,349.44000244140625,349.2650146484375,349.44000244140625,2594
2026-10-02 14:55:00,1790967300,CDNS,349.4700012207031,349.6300048828125,349.3999938964844,349.4700012207031,3132
2026-10-02 14:56:00,1790967360,CDNS,349.3800048828125,349.5,349.3800048828125,349.465087890625,1528
2026-10-02 14:57:00,1790967420,CDNS,349.3399963378906,349.3500061035156,349.19000244140625,349.19000244140625,2670
2026-10-02 14:58:00,1790967480,CDNS,349.19000244140625,349.35809326171875,349.19000244140625,349.2099914550781,1793
2026-10-02 14:59:00,1790967540,CDNS,349.2699890136719,349.3598937988281,349.20001220703125,349.3500061035156,3345
2026-10-02 15:00:00,1790967600,CDNS,349.19000244140625,349.6099853515625,349.19000244140625,349.6099853515625,6237
2026-10-02 15:01:00,1790967660,CDNS,349.6300048828125,349.7099914550781,349.5799865722656,349.7099914550781,2194
2026-10-02 15:02:00,1790967720,CDNS,349.6000061035156,349.6300048828125,349.4599914550781,349.55999755859375,4829
2026-10-02 15:03:00,1790967780,CDNS,349.489990234375,349.55999755859375,349.4200134277344,349.4700012207031,3664
2026-10-02 15:04:00,1790967840,CDNS,349.4549865722656,349.4700012207031,349.3500061035156,349.4049987792969,1975
2026-10-02 15:05:00,1790967900,CDNS,349.3599853515625,349.489990234375,349.3599853515625,349.42999267578125,1551
2026-10-02 15:06:00,1790967960,CDNS,349.42999267578125,349.45001220703125,349.3299865722656,349.3500061035156,3166
2026-10-02 15:07:00,1790968020,CDNS,349.29998779296875,349.29998779296875,349.1600036621094,349.260009765625,3327
2026-10-02 15:08:00,1790968080,CDNS,349.2550048828125,349.2550048828125,349.0899963378906,349.0899963378906,2313
2026-10-02 15:09:00,1790968140,CDNS,349.1549987792969,349.260009765625,349.1549987792969,349.18499755859375,3099
2026-10-02 15:10:00,1790968200,CDNS,349.2049865722656,349.2149963378906,349.2049865722656,349.2149963378906,1798
2026-10-02 15:11:00,1790968260,CDNS,349.2174987792969,349.30999755859375,349.17999267578125,349.17999267578125,2456
2026-10-02 15:12:00,1790968320,CDNS,349.20001220703125,349.25,348.95001220703125,348.9750061035156,8601
2026-10-02 15:13:00,1790968380,CDNS,349.0950012207031,349.2099914550781,349.0950012207031,349.1401062011719,897
2026-10-02 15:14:00,1790968440,CDNS,349.0199890136719,349.1099853515625,349.0199890136719,349.0950012207031,1722
2026-10-02 15:15:00,1790968500,CDNS,349.0950012207031,349.0950012207031,348.760009765625,348.7799987792969,4567
2026-10-02 15:16:00,1790968560,CDNS,348.8900146484375,349.114990234375,348.8900146484375,349.114990234375,3538
2026-10-02 15:17:00,1790968620,CDNS,349.1199951171875,349.3800048828125,349.1199951171875,349.3399963378906,860
2026-10-02 15:18:00,1790968680,CDNS,349.3399963378906,349.3500061035156,349.20001220703125,349.2749938964844,3672
2026-10-02 15:19:00,1790968740,CDNS,349.20001220703125,349.30999755859375,349.20001220703125,349.20001220703125,1544
2026-10-02 15:20:00,1790968800,CDNS,349.20001220703125,349.32000732421875,349.17999267578125,349.32000732421875,3555
2026-10-02 15:21:00,1790968860,CDNS,349.3349914550781,349.6099853515625,349.30999755859375,349.6099853515625,4492
2026-10-02 15:22:00,1790968920,CDNS,349.7099914550781,349.75,349.6099853515625,349.6099853515625,4171
2026-10-02 15:23:00,1790968980,CDNS,349.5,349.5199890136719,349.2699890136719,349.30999755859375,4042
2026-10-02 15:24:00,1790969040,CDNS,349.322509765625,349.4849853515625,349.322509765625,349.4849853515625,1869
2026-10-02 15:25:00,1790969100,CDNS,349.6099853515625,349.7900085449219,349.6099853515625,349.7900085449219,1137
2026-10-02 15:26:00,1790969160,CDNS,349.739990234375,349.8500061035156,349.7099914550781,349.7449951171875,6012
2026-10-02 15:27:00,1790969220,CDNS,349.6700134277344,349.75,349.6700134277344,349.7349853515625,2505
2026-10-02 15:28:00,1790969280,CDNS,349.7160949707031,349.74249267578125,349.6700134277344,349.7300109863281,4888
2026-10-02 15:29:00,1790969340,CDNS,349.7900085449219,349.79998779296875,349.7449951171875,349.7449951171875,2117
2026-10-02 15:30:00,1790969400,CDNS,349.75,349.79998779296875,349.5199890136719,349.6600036621094,7841
2026-10-02 15:31:00,1790969460,CDNS,349.57000732421875,349.6549987792969,349.57000732421875,349.57000732421875,1979
2026-10-02 15:32:00,1790969520,CDNS,349.6099853515625,349.8299865722656,349.5799865722656,349.8299865722656,4209
2026-10-02 15:33:00,1790969580,CDNS,349.7049865722656,349.9175109863281,349.6400146484375,349.8399963378906,4565
2026-10-02 15:34:00,1790969640,CDNS,349.94000244140625,350.0899963378906,349.8500061035156,350.0899963378906,3913
2026-10-02 15:35:00,1790969700,CDNS,350.04998779296875,350.1600036621094,349.9800109863281,350.0799865722656,4907
2026-10-02 15:36:00,1790969760,CDNS,350.1099853515625,350.1600036621094,349.9200134277344,349.92999267578125,5950
2026-10-02 15:37:00,1790969820,CDNS,349.9100036621094,350.0899963378906,349.8999938964844,350.0400085449219,2241
2026-10-02 15:38:00,1790969880,CDNS,350.1000061035156,350.1300048828125,350.05499267578125,350.0799865722656,1401
2026-10-02 15:39:00,1790969940,CDNS,350.1600036621094,350.2300109863281,350.1000061035156,350.2300109863281,4022
2026-10-02 15:40:00,1790970000,CDNS,350.1300048828125,350.2900085449219,350.1099853515625,350.2699890136719,8258
2026-10-02 15:41:00,1790970060,CDNS,350.31500244140625,350.6400146484375,350.31500244140625,350.6400146484375,2829
2026-10-02 15:42:00,1790970120,CDNS,350.54998779296875,350.6400146484375,350.4200134277344,350.510009765625,7893
2026-10-02 15:43:00,1790970180,CDNS,350.510009765625,350.5400085449219,350.4200134277344,350.44500732421875,3315
2026-10-02 15:44:00,1790970240,CDNS,350.3900146484375,350.55999755859375,350.3900146484375,350.55999755859375,4526
2026-10-02 15:45:00,1790970300,CDNS,350.5199890136719,350.6400146484375,350.44000244140625,350.4800109863281,7798
2026-10-02 15:46:00,1790970360,CDNS,350.5199890136719,350.6499938964844,350.5,350.55999755859375,4576
2026-10-02 15:47:00,1790970420,CDNS,350.5849914550781,350.69000244140625,350.3599853515625,350.3999938964844,6606
2026-10-02 15:48:00,1790970480,CDNS,350.3299865722656,350.3900146484375,350.20001220703125,350.3299865722656,3965
2026-10-02 15:49:00,1790970540,CDNS,350.32000732421875,350.4078063964844,350.07000732421875,350.1499938964844,6247
2026-10-02 15:50:00,1790970600,CDNS,350.239990234375,350.54998779296875,350.20001220703125,350.3299865722656,8922
2026-10-02 15:51:00,1790970660,CDNS,350.3299865722656,350.42999267578125,350.1300048828125,350.29998779296875,9591
2026-10-02 15:52:00,1790970720,CDNS,350.2900085449219,350.3599853515625,350.0299987792969,350.1099853515625,6400
2026-10-02 15:53:00,1790970780,CDNS,350.04998779296875,350.25,349.9599914550781,350.1950988769531,8135
2026-10-02 15:54:00,1790970840,CDNS,350.2799987792969,350.3900146484375,349.8999938964844,350.3110046386719,21119
2026-10-02 15:55:00,1790970900,CDNS,350.5199890136719,351.1400146484375,350.4800109863281,350.8699951171875,9870
2026-10-02 15:56:00,1790970960,CDNS,350.8599853515625,351.32000732421875,350.8599853515625,351.25,11263
2026-10-02 15:57:00,1790971020,CDNS,351.2300109863281,351.510009765625,351.0199890136719,351.2650146484375,24509
2026-10-02 15:58:00,1790971080,CDNS,351.25,351.55999755859375,351.25,351.5249938964844,28113
2026-10-02 15:59:00,1790971140,CDNS,351.489990234375,351.54998779296875,351.2850036621094,351.489990234375,44336
2026-10-02 16:00:00,1790971200,CDNS,351.3500061035156,351.3500061035156,351.3500061035156,351.3500061035156,0
2026-10-05 09:30:00,1791207000,CDNS,354.7200012207031,355.0,353.4049987792969,353.4049987792969,42074
2026-10-05 09:31:00,1791207060,CDNS,353.260009765625,353.4049987792969,353.25,353.25,1130
2026-10-05 09:32:00,1791207120,CDNS,353.19500732421875,354.5799865722656,352.94000244140625,354.5799865722656,2048
2026-10-05 09:33:00,1791207180,CDNS,354.57501220703125,354.94000244140625,354.57000732421875,354.57000732421875,899
2026-10-05 09:34:00,1791207240,CDNS,354.5799865722656,356.0,352.92999267578125,355.4800109863281,8393
2026-10-05 09:35:00,1791207300,CDNS,355.4849853515625,357.25,355.2699890136719,357.0050048828125,5918
2026-10-05 09:36:00,1791207360,CDNS,357.4049987792969,357.5,356.9800109863281,356.9800109863281,4317
2026-10-05 09:37:00,1791207420,CDNS,357.5899963378906,358.07501220703125,357.5299987792969,357.6199951171875,2721
2026-10-05 09:38:00,1791207480,CDNS,358.1300048828125,358.48748779296875,357.4200134277344,357.4200134277344,5624
2026-10-05 09:39:00,1791207540,CDNS,357.3999938964844,357.3999938964844,356.25,356.4800109863281,5054
2026-10-05 09:40:00,1791207600,CDNS,356.81500244140625,357.30999755859375,356.81500244140625,357.07000732421875,1971
2026-10-05 09:41:00,1791207660,CDNS,357.0799865722656,357.8799133300781,356.9100036621094,357.86199951171875,2851
2026-10-05 09:42:00,1791207720,CDNS,357.8299865722656,358.2799987792969,357.6600036621094,357.92498779296875,3031
2026-10-05 09:43:00,1791207780,CDNS,358.55999755859375,358.9800109863281,357.8399963378906,357.8800048828125,8127
2026-10-05 09:44:00,1791207840,CDNS,357.510009765625,357.69000244140625,356.9599914550781,357.69000244140625,5066
2026-10-05 09:45:00,1791207900,CDNS,357.81500244140625,358.1199951171875,357.489990234375,357.6650085449219,3636
2026-10-05 09:46:00,1791207960,CDNS,357.8299865722656,358.8800048828125,357.69000244140625,358.57000732421875,5290
2026-10-05 09:47:00,1791208020,CDNS,358.57000732421875,358.6600036621094,358.1099853515625,358.1499938964844,3848
2026-10-05 09:48:00,1791208080,CDNS,358.1549987792969,358.8450012207031,357.7669982910156,357.9100036621094,10803
2026-10-05 09:49:00,1791208140,CDNS,357.9049987792969,357.9549865722656,357.3800048828125,357.5350036621094,3376
2026-10-05 09:50:00,1791208200,CDNS,357.5350036621094,357.6000061035156,357.3399963378906,357.54998779296875,1603
2026-10-05 09:51:00,1791208260,CDNS,357.3399963378906,358.1199951171875,357.3399963378906,358.0199890136719,3517
2026-10-05 09:52:00,1791208320,CDNS,358.0899963378906,358.0899963378906,357.57000732421875,358.0400085449219,1554
2026-10-05 09:53:00,1791208380,CDNS,358.05499267578125,359.0,357.7850036621094,359.0,8260
2026-10-05 09:54:00,1791208440,CDNS,359.17999267578125,360.1449890136719,359.17999267578125,359.49749755859375,15290
2026-10-05 09:55:00,1791208500,CDNS,359.5,359.75,359.42730712890625,359.57000732421875,6056
2026-10-05 09:56:00,1791208560,CDNS,359.32000732421875,359.5,358.8655090332031,359.2674865722656,2885
2026-10-05 09:57:00,1791208620,CDNS,359.2699890136719,359.8699951171875,358.989990234375,359.864990234375,5013
2026-10-05 09:58:00,1791208680,CDNS,359.8550109863281,359.9599914550781,359.1700134277344,359.1700134277344,3435
2026-10-05 09:59:00,1791208740,CDNS,359.3500061035156,360.0,359.3500061035156,359.7300109863281,4615
2026-10-05 10:00:00,1791208800,CDNS,359.57000732421875,359.760009765625,359.0,359.0,7374
2026-10-05 10:01:00,1791208860,CDNS,358.5,359.125,358.4100036621094,358.94500732421875,10634
2026-10-05 10:02:00,1791208920,CDNS,359.2799987792969,359.739990234375,358.1600036621094,358.1600036621094,7843
2026-10-05 10:03:00,1791208980,CDNS,357.7799987792969,358.30499267578125,357.7799987792969,357.94000244140625,5076
2026-10-05 10:04:00,1791209040,CDNS,357.9800109863281,358.36859130859375,357.9800109863281,358.3299865722656,2085
2026-10-05 10:05:00,1791209100,CDNS,358.1300048828125,358.1300048828125,357.9949951171875,357.9949951171875,2045
2026-10-05 10:06:00,1791209160,CDNS,358.20001220703125,358.3500061035156,357.260009765625,357.260009765625,2105
2026-10-05 10:07:00,1791209220,CDNS,357.45001220703125,357.45001220703125,356.7388916015625,356.8550109863281,1490
2026-10-05 10:08:00,1791209280,CDNS,356.6265869140625,356.8500061035156,356.5400085449219,356.8500061035156,2313
2026-10-05 10:09:00,1791209340,CDNS,356.760009765625,357.8500061035156,356.7449951171875,357.8500061035156,5624
2026-10-05 10:10:00,1791209400,CDNS,357.8500061035156,358.29998779296875,357.7200012207031,357.8999938964844,4770
2026-10-05 10:11:00,1791209460,CDNS,357.79998779296875,358.07000732421875,357.69000244140625,357.9200134277344,2236
2026-10-05 10:12:00,1791209520,CDNS,357.94000244140625,357.9800109863281,357.760009765625,357.9100036621094,3580
2026-10-05 10:13:00,1791209580,CDNS,357.9700012207031,357.9700012207031,357.20001220703125,357.20001220703125,4107
2026-10-05 10:14:00,1791209640,CDNS,357.3800048828125,357.3800048828125,356.864990234375,356.8999938964844,9669
2026-10-05 10:15:00,1791209700,CDNS,356.3352966308594,356.75,356.3352966308594,356.7099914550781,2268
2026-10-05 10:16:00,1791209760,CDNS,356.9200134277344,357.45001220703125,356.9200134277344,357.45001220703125,2373
2026-10-05 10:17:00,1791209820,CDNS,357.2699890136719,357.67999267578125,357.260009765625,357.42498779296875,2174
2026-10-05 10:18:00,1791209880,CDNS,357.3900146484375,357.69000244140625,357.1499938964844,357.3550109863281,4838
2026-10-05 10:19:00,1791209940,CDNS,357.6000061035156,358.3999938964844,357.3699951171875,357.92999267578125,10002
2026-10-05 10:20:00,1791210000,CDNS,358.3399963378906,358.3399963378906,357.07000732421875,357.42498779296875,3063
2026-10-05 10:21:00,1791210060,CDNS,357.7699890136719,357.94000244140625,357.44000244140625,357.94000244140625,1693
2026-10-05 10:22:00,1791210120,CDNS,358.0400085449219,359.20001220703125,358.0,358.9100036621094,11160
2026-10-05 10:23:00,1791210180,CDNS,358.9678039550781,359.3999938964844,358.739990234375,359.0799865722656,2063
2026-10-05 10:24:00,1791210240,CDNS,359.0799865722656,359.7799987792969,358.8299865722656,359.7799987792969,2479
2026-10-05 10:25:00,1791210300,CDNS,359.6099853515625,359.6300048828125,359.0899963378906,359.6300048828125,7768
2026-10-05 10:26:00,1791210360,CDNS,359.635009765625,359.6600036621094,359.1199951171875,359.1449890136719,6888
2026-10-05 10:27:00,1791210420,CDNS,359.0,359.0,358.6000061035156,358.7950134277344,2448
2026-10-05 10:28:00,1791210480,CDNS,358.9898986816406,358.9898986816406,358.0199890136719,358.0199890136719,8870
2026-10-05 10:29:00,1791210540,CDNS,358.17498779296875,358.5799865722656,358.1600036621094,358.4750061035156,2096
2026-10-05 10:30:00,1791210600,CDNS,359.0,359.0,358.0299987792969,358.0299987792969,10285
2026-10-05 10:31:00,1791210660,CDNS,358.0299987792969,358.0299987792969,357.6199951171875,357.6600036621094,4832
2026-10-05 10:32:00,1791210720,CDNS,357.5899963378906,357.7900085449219,357.4599914550781,357.4599914550781,3001
2026-10-05 10:33:00,1791210780,CDNS,357.2900085449219,357.4800109863281,357.2300109863281,357.2300109863281,2395
2026-10-05 10:34:00,1791210840,CDNS,357.1300048828125,357.4649963378906,357.0400085449219,357.4649963378906,2546
2026-10-05 10:35:00,1791210900,CDNS,357.239990234375,357.2499084472656,356.9700012207031,357.0,3656
2026-10-05 10:36:00,1791210960,CDNS,356.9100036621094,357.25750732421875,356.87890625,357.2349853515625,2006
2026-10-05 10:37:00,1791211020,CDNS,357.0199890136719,357.45001220703125,356.9800109863281,357.0,3287
2026-10-05 10:38:00,1791211080,CDNS,356.9892883300781,357.0050048828125,356.739990234375,356.95001220703125,4155
2026-10-05 10:39:00,1791211140,CDNS,356.7300109863281,356.8800048828125,356.7099914550781,356.79998779296875,2026
2026-10-05 10:40:00,1791211200,CDNS,356.7900085449219,357.1000061035156,356.6600036621094,357.1000061035156,4681
2026-10-05 10:41:00,1791211260,CDNS,357.3599853515625,357.739990234375,357.3500061035156,357.6099853515625,5558
2026-10-05 10:42:00,1791211320,CDNS,357.2300109863281,357.5799865722656,357.2200012207031,357.5799865722656,1494
2026-10-05 10:43:00,1791211380,CDNS,357.6050109863281,357.989990234375,357.6050109863281,357.989990234375,1231
2026-10-05 10:44:00,1791211440,CDNS,357.9200134277344,358.0199890136719,357.6099853515625,357.6099853515625,3217
2026-10-05 10:45:00,1791211500,CDNS,357.70001220703125,357.7950134277344,357.5299987792969,357.5299987792969,951
2026-10-05 10:46:00,1791211560,CDNS,358.0,358.0,358.0,358.0,489
2026-10-05 10:47:00,1791211620,CDNS,358.1700134277344,358.2200012207031,358.0299987792969,358.0299987792969,1574
2026-10-05 10:48:00,1791211680,CDNS,358.1600036621094,358.2099914550781,357.7699890136719,357.875,5348
2026-10-05 10:49:00,1791211740,CDNS,357.7300109863281,357.79998779296875,357.5799865722656,357.67999267578125,3060
2026-10-05 10:50:00,1791211800,CDNS,357.7778015136719,357.82501220703125,357.67498779296875,357.82501220703125,2075
2026-10-05 10:51:00,1791211860,CDNS,357.75,358.0400085449219,357.67999267578125,357.7699890136719,4419
2026-10-05 10:52:00,1791211920,CDNS,357.92498779296875,357.92498779296875,357.7300109863281,357.7550048828125,1136
2026-10-05 10:53:00,1791211980,CDNS,357.8999938964844,358.17999267578125,357.8999938964844,358.17999267578125,1787
2026-10-05 10:54:00,1791212040,CDNS,358.19000244140625,358.2900085449219,357.9700012207031,358.2900085449219,3418
2026-10-05 10:55:00,1791212100,CDNS,358.1199951171875,358.3699951171875,358.1199951171875,358.3699951171875,1886
2026-10-05 10:56:00,1791212160,CDNS,358.5400085449219,358.6700134277344,358.5400085449219,358.6099853515625,6077
2026-10-05 10:57:00,1791212220,CDNS,358.7699890136719,359.3299865722656,358.7699890136719,359.2149963378906,1947
2026-10-05 10:58:00,1791212280,CDNS,359.1600036621094,359.1600036621094,359.1600036621094,359.1600036621094,773
2026-10-05 10:59:00,1791212340,CDNS,359.1549987792969,359.3399963378906,359.1449890136719,359.1449890136719,1457
2026-10-05 11:00:00,1791212400,CDNS,359.0299987792969,359.0299987792969,358.54998779296875,358.7099914550781,5112
2026-10-05 11:01:00,1791212460,CDNS,358.8299865722656,358.9700012207031,358.5199890136719,358.55999755859375,3211
2026-10-05 11:02:00,1791212520,CDNS,358.7300109863281,358.8599853515625,358.5032043457031,358.8599853515625,2494
2026-10-05 11:03:00,1791212580,CDNS,358.8450012207031,358.8450012207031,358.3599853515625,358.7485046386719,3169
2026-10-05 11:04:00,1791212640,CDNS,358.57501220703125,358.8699951171875,358.2699890136719,358.2699890136719,2097
2026-10-05 11:05:00,1791212700,CDNS,358.17999267578125,358.3900146484375,358.17999267578125,358.3900146484375,1356
2026-10-05 11:06:00,1791212760,CDNS,358.260009765625,358.260009765625,358.260009765625,358.260009765625,865
2026-10-05 11:07:00,1791212820,CDNS,358.4599914550781,358.4599914550781,358.239990234375,358.239990234375,1028
2026-10-05 11:08:00,1791212880,CDNS,358.260009765625,358.30999755859375,357.6600036621094,357.6600036621094,6439
2026-10-05 11:09:00,1791212940,CDNS,357.6499938964844,357.7898864746094,357.5249938964844,357.6499938964844,930
2026-10-05 11:10:00,1791213000,CDNS,357.7799987792969,357.8299865722656,357.6499938964844,357.7300109863281,2300
2026-10-05 11:11:00,1791213060,CDNS,357.7699890136719,357.8599853515625,357.68499755859375,357.68499755859375,1461
2026-10-05 11:12:00,1791213120,CDNS,357.82000732421875,357.8399963378906,357.7749938964844,357.8399963378906,2177
2026-10-05 11:13:00,1791213180,CDNS,357.989990234375,358.1199951171875,357.95001220703125,357.95001220703125,1153
2026-10-05 11:14:00,1791213240,CDNS,357.8999938964844,358.1000061035156,357.760009765625,358.1000061035156,3092
2026-10-05 11:15:00,1791213300,CDNS,358.1099853515625,358.17498779296875,357.989990234375,358.1000061035156,1720
2026-10-05 11:16:00,1791213360,CDNS,358.2799987792969,358.3800048828125,358.2799987792969,358.3800048828125,722
2026-10-05 11:17:00,1791213420,CDNS,358.0899963378906,358.57000732421875,358.0899963378906,358.57000732421875,1133
2026-10-05 11:18:00,1791213480,CDNS,358.55499267578125,358.7300109863281,358.42999267578125,358.4649963378906,3513
2026-10-05 11:19:00,1791213540,CDNS,358.6600036621094,358.7200012207031,358.6600036621094,358.7200012207031,708
2026-10-05 11:20:00,1791213600,CDNS,358.6449890136719,358.6449890136719,358.0199890136719,358.0199890136719,4180
2026-10-05 11:21:00,1791213660,CDNS,358.1099853515625,358.1099853515625,358.0299987792969,358.0580139160156,1021
2026-10-05 11:22:00,1791213720,CDNS,358.0299987792969,358.1275939941406,357.9599914550781,358.0199890136719,1711
2026-10-05 11:23:00,1791213780,CDNS,358.0199890136719,358.7200012207031,358.0199890136719,358.1600036621094,4593
2026-10-05 11:24:00,1791213840,CDNS,358.2699890136719,358.42498779296875,358.260009765625,358.375,3815
2026-10-05 11:25:00,1791213900,CDNS,358.3299865722656,358.3699951171875,358.1000061035156,358.1000061035156,2765
2026-10-05 11:26:00,1791213960,CDNS,358.1300048828125,358.2900085449219,358.0400085449219,358.0799865722656,9305
2026-10-05 11:27:00,1791214020,CDNS,358.17999267578125,358.2699890136719,358.1000061035156,358.2699890136719,1761
2026-10-05 11:28:00,1791214080,CDNS,358.2200012207031,358.3299865722656,358.17999267578125,358.2099914550781,2886
2026-10-05 11:29:00,1791214140,CDNS,358.2900085449219,358.29998779296875,358.1300048828125,358.1300048828125,1483
2026-10-05 11:30:00,1791214200,CDNS,358.0799865722656,358.20001220703125,358.05999755859375,358.17999267578125,3148
2026-10-05 11:31:00,1791214260,CDNS,358.17999267578125,358.17999267578125,358.0,358.17498779296875,1652
2026-10-05 11:32:00,1791214320,CDNS,358.0199890136719,358.135009765625,357.3450012207031,357.4150085449219,13702
2026-10-05 11:33:00,1791214380,CDNS,357.4100036621094,357.57000732421875,357.29010009765625,357.5400085449219,3317
2026-10-05 11:34:00,1791214440,CDNS,357.6700134277344,357.6700134277344,357.5150146484375,357.5150146484375,1023
2026-10-05 11:35:00,1791214500,CDNS,357.4552917480469,357.5799865722656,357.44610595703125,357.5799865722656,1002
2026-10-05 11:36:00,1791214560,CDNS,357.5199890136719,357.5199890136719,357.3699951171875,357.3699951171875,1864
2026-10-05 11:37:00,1791214620,CDNS,357.3599853515625,357.3800048828125,356.9501037597656,356.9501037597656,4457
2026-10-05 11:38:00,1791214680,CDNS,357.2900085449219,357.45001220703125,357.1300048828125,357.1700134277344,2819
2026-10-05 11:39:00,1791214740,CDNS,357.04998779296875,357.04998779296875,356.7300109863281,356.95001220703125,3237
2026-10-05 11:40:00,1791214800,CDNS,356.8900146484375,357.6300048828125,356.8900146484375,357.2349853515625,3442
2026-10-05 11:41:00,1791214860,CDNS,357.3800048828125,357.3800048828125,356.989990234375,357.30999755859375,1079
2026-10-05 11:42:00,1791214920,CDNS,357.3299865722656,357.4200134277344,357.29998779296875,357.4200134277344,737
2026-10-05 11:43:00,1791214980,CDNS,357.5299987792969,357.5299987792969,357.2699890136719,357.45001220703125,2964
2026-10-05 11:44:00,1791215040,CDNS,357.6300048828125,357.6400146484375,357.510009765625,357.6400146484375,1855
2026-10-05 11:45:00,1791215100,CDNS,357.635009765625,357.6400146484375,357.2699890136719,357.2699890136719,2388
2026-10-05 11:46:00,1791215160,CDNS,357.57000732421875,357.57000732421875,357.2699890136719,357.57000732421875,2034
2026-10-05 11:47:00,1791215220,CDNS,357.6400146484375,357.7699890136719,357.5150146484375,357.5150146484375,1713
2026-10-05 11:48:00,1791215280,CDNS,357.6700134277344,357.6700134277344,357.3800048828125,357.5199890136719,4926
2026-10-05 11:49:00,1791215340,CDNS,357.54998779296875,357.739990234375,357.5350036621094,357.6600036621094,1552
2026-10-05 11:50:00,1791215400,CDNS,357.6549987792969,357.6549987792969,357.4200134277344,357.55999755859375,3115
2026-10-05 11:51:00,1791215460,CDNS,357.510009765625,357.7200012207031,357.4100036621094,357.7200012207031,2526
2026-10-05 11:52:00,1791215520,CDNS,357.7200012207031,357.7200012207031,357.45001220703125,357.5350036621094,1834
2026-10-05 11:53:00,1791215580,CDNS,357.4100036621094,357.5400085449219,357.2099914550781,357.3399963378906,4679
2026-10-05 11:54:00,1791215640,CDNS,357.32000732421875,357.6700134277344,357.31500244140625,357.6700134277344,2904
2026-10-05 11:55:00,1791215700,CDNS,357.7200012207031,357.7200012207031,357.17999267578125,357.385009765625,19750
2026-10-05 11:56:00,1791215760,CDNS,357.5299987792969,357.8399963378906,357.385009765625,357.80999755859375,1580
2026-10-05 11:57:00,1791215820,CDNS,357.45001220703125,357.79998779296875,357.45001220703125,357.6050109863281,3968
2026-10-05 11:58:00,1791215880,CDNS,357.4100036621094,357.5299987792969,357.3399963378906,357.43499755859375,4871
2026-10-05 11:59:00,1791215940,CDNS,357.4200134277344,357.4200134277344,356.92999267578125,357.25,30479
2026-10-05 12:00:00,1791216000,CDNS,357.2250061035156,357.2250061035156,356.7300109863281,356.7300109863281,8527
2026-10-05 12:01:00,1791216060,CDNS,356.7300109863281,356.760009765625,356.69000244140625,356.75,1298
2026-10-05 12:02:00,1791216120,CDNS,356.7049865722656,356.7049865722656,356.4800109863281,356.4800109863281,1998
2026-10-05 12:03:00,1791216180,CDNS,356.4200134277344,356.6799011230469,356.4200134277344,356.5950012207031,1807
2026-10-05 12:04:00,1791216240,CDNS,356.7054138183594,356.739990234375,356.5199890136719,356.739990234375,559
2026-10-05 12:05:00,1791216300,CDNS,356.739990234375,356.989990234375,356.739990234375,356.8800048828125,1894
2026-10-05 12:06:00,1791216360,CDNS,356.760009765625,356.7799987792969,356.6199951171875,356.7799987792969,2794
2026-10-05 12:07:00,1791216420,CDNS,356.69000244140625,356.79998779296875,355.93499755859375,356.1400146484375,9620
2026-10-05 12:08:00,1791216480,CDNS,356.0899963378906,356.19000244140625,355.54998779296875,355.6300048828125,4098
2026-10-05 12:09:00,1791216540,CDNS,355.6499938964844,355.7099914550781,355.3700866699219,355.3700866699219,3541
2026-10-05 12:10:00,1791216600,CDNS,355.6499938964844,355.9200134277344,355.45001220703125,355.45001220703125,2396
2026-10-05 12:11:00,1791216660,CDNS,355.4100036621094,355.5450134277344,355.1400146484375,355.1700134277344,5627
2026-10-05 12:12:00,1791216720,CDNS,354.80999755859375,355.4200134277344,354.6300048828125,355.0799865722656,3770
2026-10-05 12:13:00,1791216780,CDNS,355.3900146484375,355.49951171875,355.32000732421875,355.49951171875,1428
2026-10-05 12:14:00,1791216840,CDNS,355.20001220703125,355.4800109863281,355.20001220703125,355.3500061035156,782
2026-10-05 12:15:00,1791216900,CDNS,355.2699890136719,355.9800109863281,355.260009765625,355.7200012207031,5630
2026-10-05 12:16:00,1791216960,CDNS,355.7200012207031,355.9700012207031,355.7099914550781,355.94000244140625,4019
2026-10-05 12:17:00,1791217020,CDNS,355.81500244140625,356.0899963378906,355.81500244140625,356.0899963378906,1668
2026-10-05 12:18:00,1791217080,CDNS,355.9049987792969,355.9049987792969,355.6400146484375,355.7099914550781,5402
2026-10-05 12:19:00,1791217140,CDNS,355.5799865722656,355.68499755859375,355.57000732421875,355.635009765625,2621
2026-10-05 12:20:00,1791217200,CDNS,355.635009765625,355.635009765625,355.20001220703125,355.20001220703125,4169
2026-10-05 12:21:00,1791217260,CDNS,355.20001220703125,355.239990234375,355.19500732421875,355.19500732421875,1575
2026-10-05 12:22:00,1791217320,CDNS,355.19500732421875,355.19500732421875,354.7900085449219,354.93499755859375,8786
2026-10-05 12:23:00,1791217380,CDNS,355.1400146484375,355.3399963378906,355.1400146484375,355.17498779296875,1542
2026-10-05 12:24:00,1791217440,CDNS,355.0199890136719,355.29998779296875,355.0199890136719,355.1300048828125,3858
2026-10-05 12:25:00,1791217500,CDNS,355.17498779296875,355.29998779296875,355.010009765625,355.29998779296875,2061
2026-10-05 12:26:00,1791217560,CDNS,355.3299865722656,355.3299865722656,354.8399963378906,354.8399963378906,2797
2026-10-05 12:27:00,1791217620,CDNS,354.80999755859375,354.9150085449219,354.80999755859375,354.9150085449219,600
2026-10-05 12:28:00,1791217680,CDNS,354.82000732421875,354.82000732421875,354.5899963378906,354.5950012207031,2474
2026-10-05 12:29:00,1791217740,CDNS,354.6700134277344,354.7099914550781,354.5199890136719,354.5899963378906,2054
2026-10-05 12:30:00,1791217800,CDNS,354.6300048828125,354.7099914550781,354.5,354.7099914550781,2077
2026-10-05 12:31:00,1791217860,CDNS,354.55999755859375,354.7099914550781,354.55999755859375,354.68499755859375,1190
2026-10-05 12:32:00,1791217920,CDNS,354.57000732421875,354.92999267578125,354.57000732421875,354.7850036621094,4341
2026-10-05 12:33:00,1791217980,CDNS,354.95001220703125,355.04998779296875,354.5299987792969,354.55999755859375,5857
2026-10-05 12:34:00,1791218040,CDNS,354.5299987792969,354.6000061035156,354.3800048828125,354.4949951171875,1937
2026-10-05 12:35:00,1791218100,CDNS,354.4700012207031,354.4800109863281,354.2799987792969,354.2850036621094,2106
2026-10-05 12:36:00,1791218160,CDNS,354.2950134277344,354.4100036621094,354.2300109863281,354.32000732421875,1918
2026-10-05 12:37:00,1791218220,CDNS,354.32000732421875,354.32000732421875,354.2099914550781,354.2900085449219,1470
2026-10-05 12:38:00,1791218280,CDNS,354.4100036621094,354.5,354.19000244140625,354.20001220703125,2214
2026-10-05 12:39:00,1791218340,CDNS,354.3349914550781,354.3349914550781,353.8800048828125,353.8800048828125,3307
2026-10-05 12:40:00,1791218400,CDNS,353.7200012207031,353.75,353.7200012207031,353.75,784
2026-10-05 12:41:00,1791218460,CDNS,353.75,354.5799865722656,353.75,354.44000244140625,3905
2026-10-05 12:42:00,1791218520,CDNS,354.510009765625,354.55999755859375,354.4700012207031,354.4800109863281,1551
2026-10-05 12:43:00,1791218580,CDNS,354.4800109863281,354.6499938964844,354.42999267578125,354.4700012207031,2554
2026-10-05 12:44:00,1791218640,CDNS,354.489990234375,354.5899963378906,354.45098876953125,354.5849914550781,1564
2026-10-05 12:45:00,1791218700,CDNS,354.45001220703125,354.5849914550781,354.3900146484375,354.3900146484375,3354
2026-10-05 12:46:00,1791218760,CDNS,354.010009765625,354.010009765625,353.9200134277344,353.92999267578125,1750
2026-10-05 12:47:00,1791218820,CDNS,353.94000244140625,353.9700012207031,353.81500244140625,353.8900146484375,2075
2026-10-05 12:48:00,1791218880,CDNS,353.739990234375,354.05999755859375,353.739990234375,354.05999755859375,2416
2026-10-05 12:49:00,1791218940,CDNS,353.8999938964844,354.05999755859375,353.8999938964844,353.95001220703125,2476
2026-10-05 12:50:00,1791219000,CDNS,354.1199951171875,354.1199951171875,353.3504943847656,353.6400146484375,6354
2026-10-05 12:51:00,1791219060,CDNS,353.83270263671875,353.83270263671875,353.25,353.25,2561
2026-10-05 12:52:00,1791219120,CDNS,353.30999755859375,353.45001220703125,353.1499938964844,353.1499938964844,4480
2026-10-05 12:53:00,1791219180,CDNS,353.1199951171875,353.2774963378906,352.97100830078125,353.2550048828125,8995
2026-10-05 12:55:00,1791219300,CDNS,353.11248779296875,353.25,353.0899963378906,353.25,835
2026-10-05 12:56:00,1791219360,CDNS,353.29998779296875,353.29998779296875,353.18499755859375,353.2900085449219,1133
2026-10-05 12:57:00,1791219420,CDNS,353.2349853515625,353.2349853515625,353.0899963378906,353.1199951171875,2345
2026-10-05 12:58:00,1791219480,CDNS,353.19000244140625,353.29998779296875,353.19000244140625,353.29998779296875,542
2026-10-05 12:59:00,1791219540,CDNS,353.25,353.25,353.05999755859375,353.05999755859375,1001
2026-10-05 13:00:00,1791219600,CDNS,353.1099853515625,353.20001220703125,353.0299987792969,353.1650085449219,4335
2026-10-05 13:01:00,1791219660,CDNS,353.1000061035156,353.2250061035156,353.0299987792969,353.2200012207031,1813
2026-10-05 13:02:00,1791219720,CDNS,353.0299987792969,353.1400146484375,352.82501220703125,352.9100036621094,2592
2026-10-05 13:03:00,1791219780,CDNS,353.05999755859375,353.2099914550781,353.0150146484375,353.1700134277344,1801
2026-10-05 13:04:00,1791219840,CDNS,353.3299865722656,353.3599853515625,353.17498779296875,353.17498779296875,2144
2026-10-05 13:05:00,1791219900,CDNS,353.17498779296875,353.2099914550781,352.94000244140625,353.0050048828125,3051
2026-10-05 13:06:00,1791219960,CDNS,353.1300048828125,353.4700012207031,353.1300048828125,353.25,2597
2026-10-05 13:07:00,1791220020,CDNS,353.29998779296875,353.385009765625,353.239990234375,353.3450012207031,970
2026-10-05 13:08:00,1791220080,CDNS,353.3399963378906,353.5799865722656,353.3399963378906,353.4700012207031,1371
2026-10-05 13:09:00,1791220140,CDNS,353.57501220703125,353.5849914550781,353.55999755859375,353.55999755859375,436
2026-10-05 13:10:00,1791220200,CDNS,353.5199890136719,353.6600036621094,353.5199890136719,353.57000732421875,1526
2026-10-05 13:11:00,1791220260,CDNS,353.44000244140625,353.44000244140625,353.32501220703125,353.3900146484375,3132
2026-10-05 13:12:00,1791220320,CDNS,353.3299865722656,353.3299865722656,353.0450134277344,353.0450134277344,2965
2026-10-05 13:13:00,1791220380,CDNS,353.0450134277344,353.239990234375,353.0450134277344,353.20001220703125,1832
2026-10-05 13:14:00,1791220440,CDNS,353.19500732421875,353.2300109863281,353.0,353.19500732421875,12806
2026-10-05 13:15:00,1791220500,CDNS,353.1600036621094,353.2200012207031,353.1300048828125,353.17999267578125,2022
2026-10-05 13:16:00,1791220560,CDNS,353.239990234375,353.44000244140625,353.239990234375,353.44000244140625,1892
2026-10-05 13:17:00,1791220620,CDNS,353.38641357421875,353.489990234375,353.29998779296875,353.489990234375,917
2026-10-05 13:18:00,1791220680,CDNS,353.489990234375,353.489990234375,353.32000732421875,353.32000732421875,2630
2026-10-05 13:19:00,1791220740,CDNS,353.260009765625,353.260009765625,353.1300048828125,353.1600036621094,1524
2026-10-05 13:20:00,1791220800,CDNS,353.0799865722656,353.2099914550781,352.92999267578125,353.2099914550781,1587
2026-10-05 13:21:00,1791220860,CDNS,352.885009765625,352.94000244140625,352.7900085449219,352.92999267578125,3558
2026-10-05 13:22:00,1791220920,CDNS,353.1000061035156,353.1099853515625,352.7099914550781,352.7099914550781,3050
2026-10-05 13:23:00,1791220980,CDNS,352.68499755859375,352.7799987792969,352.68499755859375,352.75,2076
2026-10-05 13:24:00,1791221040,CDNS,352.75,353.0,352.6700134277344,353.0,1954
2026-10-05 13:25:00,1791221100,CDNS,353.0,353.0400085449219,352.7900085449219,352.8699951171875,3140
2026-10-05 13:26:00,1791221160,CDNS,352.7799987792969,352.7799987792969,352.5899963378906,352.5899963378906,1536
2026-10-05 13:27:00,1791221220,CDNS,352.4049987792969,352.4100036621094,352.2799987792969,352.3410949707031,2162
2026-10-05 13:28:00,1791221280,CDNS,352.3399963378906,352.3999938964844,352.3399963378906,352.3999938964844,1469
2026-10-05 13:29:00,1791221340,CDNS,352.3399963378906,352.5799865722656,352.3399963378906,352.5799865722656,1625
2026-10-05 13:30:00,1791221400,CDNS,352.44000244140625,352.57989501953125,352.42999267578125,352.4649963378906,1849
2026-10-05 13:31:00,1791221460,CDNS,352.5799865722656,353.010009765625,352.5799865722656,352.9049987792969,5709
2026-10-05 13:32:00,1791221520,CDNS,352.8399963378906,352.8399963378906,352.4200134277344,352.4200134277344,1833
2026-10-05 13:33:00,1791221580,CDNS,352.4200134277344,352.593994140625,352.239990234375,352.3599853515625,1721
2026-10-05 13:34:00,1791221640,CDNS,352.45001220703125,352.6799011230469,352.3550109863281,352.6799011230469,2224
2026-10-05 13:35:00,1791221700,CDNS,352.54998779296875,352.54998779296875,352.3500061035156,352.3500061035156,1799
2026-10-05 13:36:00,1791221760,CDNS,352.32000732421875,352.3999938964844,352.32000732421875,352.385009765625,1335
2026-10-05 13:37:00,1791221820,CDNS,352.3949890136719,352.44000244140625,352.239990234375,352.3399963378906,1584
2026-10-05 13:38:00,1791221880,CDNS,352.3500061035156,352.3500061035156,352.0,352.1300048828125,11438
2026-10-05 13:39:00,1791221940,CDNS,352.25,352.3399963378906,352.1300048828125,352.2300109863281,1950
2026-10-05 13:41:00,1791222060,CDNS,352.4100036621094,352.55999755859375,352.3399963378906,352.4200134277344,4563
2026-10-05 13:42:00,1791222120,CDNS,352.3710021972656,352.3710021972656,352.0799865722656,352.239990234375,2285
2026-10-05 13:43:00,1791222180,CDNS,352.17999267578125,352.2699890136719,352.0799865722656,352.2699890136719,2991
2026-10-05 13:44:00,1791222240,CDNS,352.2300109863281,352.5400085449219,352.2300109863281,352.4700012207031,5403
2026-10-05 13:45:00,1791222300,CDNS,352.6300048828125,352.6300048828125,352.4700012207031,352.57000732421875,1899
2026-10-05 13:46:00,1791222360,CDNS,352.4700012207031,352.67999267578125,352.4700012207031,352.6400146484375,4033
2026-10-05 13:47:00,1791222420,CDNS,352.6499938964844,352.6499938964844,352.510009765625,352.510009765625,1459
2026-10-05 13:48:00,1791222480,CDNS,352.5299987792969,352.8800048828125,352.5,352.7699890136719,3456
2026-10-05 13:49:00,1791222540,CDNS,352.7449951171875,352.989990234375,352.7449951171875,352.7699890136719,3124
2026-10-05 13:50:00,1791222600,CDNS,352.69000244140625,352.7749938964844,352.5899963378906,352.6099853515625,2678
2026-10-05 13:51:00,1791222660,CDNS,352.489990234375,352.739990234375,352.489990234375,352.6700134277344,1464
2026-10-05 13:52:00,1791222720,CDNS,352.6700134277344,352.6700134277344,352.4100036621094,352.4700012207031,5646
2026-10-05 13:53:00,1791222780,CDNS,352.4200134277344,352.4649963378906,352.4200134277344,352.4649963378906,1505
2026-10-05 13:54:00,1791222840,CDNS,352.4649963378906,352.57000732421875,352.364990234375,352.5299987792969,6455
2026-10-05 13:55:00,1791222900,CDNS,352.5299987792969,352.6549987792969,352.5299987792969,352.6549987792969,2166
2026-10-05 13:56:00,1791222960,CDNS,352.5299987792969,352.6499938964844,352.5299987792969,352.625,1119
2026-10-05 13:57:00,1791223020,CDNS,352.7200012207031,353.010009765625,352.7200012207031,353.0050048828125,1741
2026-10-05 13:58:00,1791223080,CDNS,353.0050048828125,353.0050048828125,352.8699951171875,352.989990234375,1384
2026-10-05 13:59:00,1791223140,CDNS,352.989990234375,353.20001220703125,352.8699951171875,352.8699951171875,3866
2026-10-05 14:00:00,1791223200,CDNS,352.8699951171875,353.0150146484375,352.5899963378906,352.5899963378906,1710
2026-10-05 14:01:00,1791223260,CDNS,352.7699890136719,352.94000244140625,352.5899963378906,352.94000244140625,1750
2026-10-05 14:02:00,1791223320,CDNS,353.0050048828125,353.3800048828125,353.0050048828125,353.3800048828125,2213
2026-10-05 14:03:00,1791223380,CDNS,353.0235900878906,353.3800048828125,353.0235900878906,353.3800048828125,1626
2026-10-05 14:04:00,1791223440,CDNS,353.20001220703125,353.20001220703125,353.20001220703125,353.20001220703125,577
2026-10-05 14:05:00,1791223500,CDNS,353.07000732421875,353.1400146484375,353.010009765625,353.0899963378906,2562
2026-10-05 14:06:00,1791223560,CDNS,353.0,353.0950012207031,352.989990234375,353.0950012207031,2136
2026-10-05 14:07:00,1791223620,CDNS,353.1600036621094,353.2200012207031,353.010009765625,353.1300048828125,1529
2026-10-05 14:08:00,1791223680,CDNS,353.0299987792969,353.2099914550781,353.0299987792969,353.0799865722656,1107
2026-10-05 14:09:00,1791223740,CDNS,353.1400146484375,353.20001220703125,353.1400146484375,353.1400146484375,2105
2026-10-05 14:10:00,1791223800,CDNS,353.19500732421875,353.19500732421875,353.19500732421875,353.19500732421875,646
2026-10-05 14:11:00,1791223860,CDNS,353.1950988769531,353.1950988769531,353.04998779296875,353.19500732421875,681
2026-10-05 14:12:00,1791223920,CDNS,353.19500732421875,353.3900146484375,353.19500732421875,353.2550048828125,2751
2026-10-05 14:13:00,1791223980,CDNS,353.1200866699219,353.25,353.1200866699219,353.19000244140625,1105
2026-10-05 14:14:00,1791224040,CDNS,353.19000244140625,353.25,353.19000244140625,353.2200012207031,2400
2026-10-05 14:15:00,1791224100,CDNS,353.2699890136719,353.5799865722656,353.239990234375,353.5150146484375,2840
2026-10-05 14:16:00,1791224160,CDNS,353.5199890136719,353.6700134277344,353.3399963378906,353.6300048828125,1550
2026-10-05 14:17:00,1791224220,CDNS,353.6199951171875,353.6199951171875,353.25,353.4200134277344,9243
2026-10-05 14:18:00,1791224280,CDNS,353.25,353.67999267578125,353.25,353.4750061035156,3924
2026-10-05 14:19:00,1791224340,CDNS,353.4750061035156,353.4750061035156,353.29998779296875,353.29998779296875,3676
2026-10-05 14:20:00,1791224400,CDNS,353.3399963378906,353.4100036621094,353.239990234375,353.2900085449219,8767
2026-10-05 14:21:00,1791224460,CDNS,353.44000244140625,353.44000244140625,353.32000732421875,353.32501220703125,2482
2026-10-05 14:22:00,1791224520,CDNS,353.32501220703125,353.32501220703125,353.2200012207031,353.2950134277344,2167
2026-10-05 14:23:00,1791224580,CDNS,353.2950134277344,353.2950134277344,353.2950134277344,353.2950134277344,1258
2026-10-05 14:24:00,1791224640,CDNS,353.2950134277344,353.2950134277344,353.1300048828125,353.18499755859375,3525
2026-10-05 14:25:00,1791224700,CDNS,353.239990234375,353.239990234375,353.1300048828125,353.1300048828125,2741
2026-10-05 14:26:00,1791224760,CDNS,353.19500732421875,353.19500732421875,353.1200866699219,353.1300048828125,883
2026-10-05 14:27:00,1791224820,CDNS,353.20001220703125,353.2699890136719,353.1199951171875,353.177490234375,6243
2026-10-05 14:28:00,1791224880,CDNS,353.2699890136719,353.55999755859375,353.19500732421875,353.5299987792969,4631
2026-10-05 14:29:00,1791224940,CDNS,353.54998779296875,353.69000244140625,353.54998779296875,353.69000244140625,3312
2026-10-05 14:30:00,1791225000,CDNS,353.54998779296875,353.7799987792969,353.5,353.54998779296875,1686
2026-10-05 14:31:00,1791225060,CDNS,353.55999755859375,353.6600036621094,353.510009765625,353.6499938964844,3255
2026-10-05 14:32:00,1791225120,CDNS,353.6600036621094,353.7900085449219,353.5799865722656,353.7900085449219,1170
2026-10-05 14:33:00,1791225180,CDNS,353.8299865722656,353.9200134277344,353.739990234375,353.739990234375,1014
2026-10-05 14:34:00,1791225240,CDNS,354.0400085449219,354.20001220703125,354.0400085449219,354.1499938964844,2230
2026-10-05 14:35:00,1791225300,CDNS,354.17498779296875,354.17498779296875,353.68499755859375,353.7900085449219,8057
2026-10-05 14:36:00,1791225360,CDNS,353.9100036621094,353.92999267578125,353.9100036621094,353.92999267578125,992
2026-10-05 14:37:00,1791225420,CDNS,353.92999267578125,354.1400146484375,353.92999267578125,354.1099853515625,1387
2026-10-05 14:38:00,1791225480,CDNS,354.1549987792969,354.239990234375,354.07000732421875,354.07000732421875,2689
2026-10-05 14:39:00,1791225540,CDNS,354.0199890136719,354.19000244140625,353.989990234375,354.17999267578125,1935
2026-10-05 14:40:00,1791225600,CDNS,354.17999267578125,354.32000732421875,354.1499938964844,354.17999267578125,3371
2026-10-05 14:41:00,1791225660,CDNS,354.2900085449219,354.30999755859375,354.19500732421875,354.30999755859375,999
2026-10-05 14:42:00,1791225720,CDNS,354.3299865722656,354.3299865722656,354.2349853515625,354.3299865722656,913
2026-10-05 14:43:00,1791225780,CDNS,354.32000732421875,354.3399963378906,354.04998779296875,354.04998779296875,5888
2026-10-05 14:44:00,1791225840,CDNS,354.0450134277344,354.2250061035156,354.0450134277344,354.2250061035156,1023
2026-10-05 14:45:00,1791225900,CDNS,354.2699890136719,354.375,354.2699890136719,354.375,945
2026-10-05 14:46:00,1791225960,CDNS,354.489990234375,354.55999755859375,354.489990234375,354.55999755859375,763
2026-10-05 14:47:00,1791226020,CDNS,354.6700134277344,354.7300109863281,354.1099853515625,354.20001220703125,6076
2026-10-05 14:48:00,1791226080,CDNS,354.1099853515625,354.1099853515625,353.7900085449219,354.05999755859375,4132
2026-10-05 14:49:00,1791226140,CDNS,354.1099853515625,354.1099853515625,353.7099914550781,353.7650146484375,3770
2026-10-05 14:50:00,1791226200,CDNS,353.7900085449219,353.7900085449219,353.70001220703125,353.7900085449219,3162
2026-10-05 14:51:00,1791226260,CDNS,353.8900146484375,354.19000244140625,353.8399963378906,354.19000244140625,3299
2026-10-05 14:52:00,1791226320,CDNS,354.260009765625,354.3500061035156,354.0199890136719,354.29998779296875,1051
2026-10-05 14:53:00,1791226380,CDNS,354.29998779296875,354.29998779296875,354.2200012207031,354.2200012207031,1569
2026-10-05 14:54:00,1791226440,CDNS,354.0899963378906,354.44000244140625,354.0899963378906,354.44000244140625,1960
2026-10-05 14:55:00,1791226500,CDNS,354.29998779296875,354.44000244140625,354.29998779296875,354.44000244140625,470
2026-10-05 14:56:00,1791226560,CDNS,354.44000244140625,354.44000244140625,354.29998779296875,354.29998779296875,1263
2026-10-05 14:57:00,1791226620,CDNS,354.3800048828125,354.3800048828125,354.2099914550781,354.2200012207031,1707
2026-10-05 14:58:00,1791226680,CDNS,354.260009765625,354.4800109863281,354.25,354.32000732421875,3060
2026-10-05 14:59:00,1791226740,CDNS,354.3399963378906,354.3999938964844,354.3399963378906,354.3699951171875,1211
2026-10-05 15:00:00,1791226800,CDNS,354.510009765625,354.510009765625,354.25,354.3599853515625,2461
2026-10-05 15:01:00,1791226860,CDNS,354.3949890136719,354.489990234375,354.30999755859375,354.4150085449219,2092
2026-10-05 15:02:00,1791226920,CDNS,354.42999267578125,354.54998779296875,354.3599853515625,354.3599853515625,2194
2026-10-05 15:03:00,1791226980,CDNS,354.3299865722656,354.43499755859375,354.19000244140625,354.2550048828125,3701
2026-10-05 15:04:00,1791227040,CDNS,354.2550048828125,354.3550109863281,354.2550048828125,354.260009765625,2162
2026-10-05 15:05:00,1791227100,CDNS,354.2699890136719,354.3550109863281,354.260009765625,354.2900085449219,732
2026-10-05 15:06:00,1791227160,CDNS,354.3800048828125,354.3800048828125,354.2300109863281,354.3299865722656,1895
2026-10-05 15:07:00,1791227220,CDNS,354.20001220703125,354.20001220703125,354.0299987792969,354.0299987792969,2960
2026-10-05 15:08:00,1791227280,CDNS,354.1600036621094,354.239990234375,353.92999267578125,353.92999267578125,2094
2026-10-05 15:09:00,1791227340,CDNS,354.32000732421875,354.32000732421875,354.0,354.13909912109375,1034
2026-10-05 15:10:00,1791227400,CDNS,354.1000061035156,354.1199951171875,354.0,354.114990234375,1397
2026-10-05 15:11:00,1791227460,CDNS,354.0199890136719,354.159912109375,354.0,354.0000915527344,1846
2026-10-05 15:12:00,1791227520,CDNS,354.0799865722656,354.0799865722656,354.0,354.0,2439
2026-10-05 15:13:00,1791227580,CDNS,354.07501220703125,354.07501220703125,353.9100036621094,353.9100036621094,3305
2026-10-05 15:14:00,1791227640,CDNS,353.9200134277344,354.0899963378906,353.9100036621094,353.95001220703125,1887
2026-10-05 15:15:00,1791227700,CDNS,353.9100036621094,353.9100036621094,353.6300048828125,353.7799987792969,2545
2026-10-05 15:16:00,1791227760,CDNS,353.7795104980469,354.1400146484375,353.7795104980469,353.95001220703125,3228
2026-10-05 15:17:00,1791227820,CDNS,354.05499267578125,354.05999755859375,354.05499267578125,354.05999755859375,1301
2026-10-05 15:18:00,1791227880,CDNS,354.05999755859375,354.17999267578125,354.05999755859375,354.0799865722656,1992
2026-10-05 15:19:00,1791227940,CDNS,354.1700134277344,354.1700134277344,353.9800109863281,353.9800109863281,1465
2026-10-05 15:20:00,1791228000,CDNS,353.9800109863281,354.2200012207031,353.9599914550781,354.1700134277344,5023
2026-10-05 15:22:00,1791228120,CDNS,354.260009765625,354.3599853515625,354.260009765625,354.260009765625,2210
2026-10-05 15:23:00,1791228180,CDNS,354.260009765625,354.4200134277344,354.04998779296875,354.05999755859375,4200
2026-10-05 15:24:00,1791228240,CDNS,354.05999755859375,354.2699890136719,354.05999755859375,354.1700134277344,1581
2026-10-05 15:25:00,1791228300,CDNS,354.20001220703125,354.2099914550781,354.1000061035156,354.1650085449219,2567
2026-10-05 15:26:00,1791228360,CDNS,354.1650085449219,354.2300109863281,354.1000061035156,354.2300109863281,1632
2026-10-05 15:27:00,1791228420,CDNS,354.260009765625,354.260009765625,353.989990234375,354.239990234375,6305
2026-10-05 15:28:00,1791228480,CDNS,354.2850036621094,354.3299865722656,354.1499938964844,354.3299865722656,2770
2026-10-05 15:29:00,1791228540,CDNS,354.1400146484375,354.2699890136719,354.1400146484375,354.260009765625,1814
2026-10-05 15:30:00,1791228600,CDNS,354.2650146484375,354.2650146484375,354.1099853515625,354.1199951171875,5315
2026-10-05 15:31:00,1791228660,CDNS,354.17999267578125,354.3399963378906,354.17999267578125,354.30499267578125,3716
2026-10-05 15:32:00,1791228720,CDNS,354.3074951171875,354.4100036621094,354.20001220703125,354.20001220703125,4204
2026-10-05 15:33:00,1791228780,CDNS,354.20001220703125,354.2699890136719,354.1300048828125,354.1300048828125,4464
2026-10-05 15:34:00,1791228840,CDNS,354.20001220703125,354.3299865722656,354.1300048828125,354.1700134277344,5937
2026-10-05 15:35:00,1791228900,CDNS,354.3299865722656,354.4800109863281,354.2699890136719,354.32000732421875,5028
2026-10-05 15:36:00,1791228960,CDNS,354.4750061035156,354.80999755859375,354.44000244140625,354.7749938964844,4311
2026-10-05 15:37:00,1791229020,CDNS,354.8349914550781,355.17498779296875,354.70001220703125,355.17498779296875,3795
2026-10-05 15:38:00,1791229080,CDNS,355.17498779296875,355.17498779296875,355.0,355.1650085449219,3260
2026-10-05 15:39:00,1791229140,CDNS,355.1600036621094,355.17999267578125,355.0400085449219,355.1300048828125,3216
2026-10-05 15:40:00,1791229200,CDNS,355.1700134277344,355.3299865722656,355.07000732421875,355.07000732421875,2071
2026-10-05 15:41:00,1791229260,CDNS,355.1217041015625,355.6499938964844,355.0899963378906,355.2749938964844,12321
2026-10-05 15:42:00,1791229320,CDNS,355.2449951171875,355.3699951171875,355.19000244140625,355.2900085449219,2797
2026-10-05 15:43:00,1791229380,CDNS,355.3299865722656,355.3399963378906,354.989990234375,355.05999755859375,7136
2026-10-05 15:44:00,1791229440,CDNS,354.8800048828125,355.1499938964844,354.8500061035156,355.1400146484375,3353
2026-10-05 15:45:00,1791229500,CDNS,355.1300048828125,355.1300048828125,354.7300109863281,354.8500061035156,4577
2026-10-05 15:46:00,1791229560,CDNS,354.739990234375,355.010009765625,354.7200012207031,355.010009765625,4227
2026-10-05 15:47:00,1791229620,CDNS,354.9599914550781,354.9599914550781,354.7200012207031,354.7749938964844,4730
2026-10-05 15:48:00,1791229680,CDNS,354.8599853515625,355.1099853515625,354.7799987792969,354.9800109863281,4751
2026-10-05 15:49:00,1791229740,CDNS,354.9200134277344,354.95001220703125,354.6300048828125,354.7699890136719,6682
2026-10-05 15:50:00,1791229800,CDNS,354.6199951171875,354.69000244140625,354.2200012207031,354.260986328125,6290
2026-10-05 15:51:00,1791229860,CDNS,354.3349914550781,354.4700012207031,354.2699890136719,354.3949890136719,5033
2026-10-05 15:52:00,1791229920,CDNS,354.3949890136719,354.6549987792969,354.2300109863281,354.3399963378906,8572
2026-10-05 15:53:00,1791229980,CDNS,354.3450012207031,354.375,353.95001220703125,353.95001220703125,6716
2026-10-05 15:54:00,1791230040,CDNS,354.0,354.0899963378906,353.2650146484375,353.5899963378906,16899
2026-10-05 15:55:00,1791230100,CDNS,353.5899963378906,353.5899963378906,353.2550048828125,353.385009765625,11734
2026-10-05 15:56:00,1791230160,CDNS,353.385009765625,353.5299987792969,353.2900085449219,353.42999267578125,14432
2026-10-05 15:57:00,1791230220,CDNS,353.4700012207031,353.7799987792969,353.385009765625,353.5899963378906,27209
2026-10-05 15:58:00,1791230280,CDNS,353.5849914550781,353.7699890136719,353.4700012207031,353.7200012207031,29532
2026-10-05 15:59:00,1791230340,CDNS,353.7200012207031,353.7250061035156,353.4700012207031,353.6199951171875,59943
2026-10-05 16:00:00,1791230400,CDNS,353.4800109863281,353.4800109863281,353.4800109863281,353.4800109863281,0
2026-10-06 09:30:00,1791293400,CDNS,355.1400146484375,357.17999267578125,354.2850036621094,356.8949890136719,25247
2026-10-06 09:31:00,1791293460,CDNS,356.75,357.8599853515625,356.2300109863281,356.4700012207031,5389
2026-10-06 09:32:00,1791293520,CDNS,357.0050048828125,357.0350036621094,355.8800048828125,356.8699951171875,3857
2026-10-06 09:33:00,1791293580,CDNS,356.8299865722656,357.3500061035156,356.6499938964844,356.7250061035156,1177
2026-10-06 09:34:00,1791293640,CDNS,357.5,358.0,357.1300048828125,357.2200012207031,4187
2026-10-06 09:35:00,1791293700,CDNS,358.55999755859375,358.55999755859375,357.82501220703125,357.8500061035156,451
2026-10-06 09:36:00,1791293760,CDNS,357.864990234375,358.9200134277344,357.864990234375,358.44000244140625,1395
2026-10-06 09:37:00,1791293820,CDNS,358.510009765625,359.3399963378906,358.3550109863281,359.3399963378906,2798
2026-10-06 09:38:00,1791293880,CDNS,359.20001220703125,359.489990234375,359.1499938964844,359.1499938964844,3196
2026-10-06 09:39:00,1791293940,CDNS,359.0400085449219,359.0400085449219,358.43499755859375,358.7200012207031,1946
2026-10-06 09:40:00,1791294000,CDNS,359.239990234375,359.6000061035156,358.82080078125,359.6000061035156,5981
2026-10-06 09:41:00,1791294060,CDNS,358.8500061035156,359.1499938964844,358.4599914550781,358.4599914550781,3032
2026-10-06 09:42:00,1791294120,CDNS,358.4150085449219,358.7699890136719,358.4150085449219,358.7699890136719,1656
2026-10-06 09:43:00,1791294180,CDNS,358.5,358.5,358.010009765625,358.0199890136719,3940
2026-10-06 09:44:00,1791294240,CDNS,358.1600036621094,358.4700012207031,358.1600036621094,358.4700012207031,499
2026-10-06 09:45:00,1791294300,CDNS,358.0400085449219,358.05499267578125,357.55999755859375,357.5799865722656,3602
2026-10-06 09:46:00,1791294360,CDNS,357.5799865722656,358.57000732421875,357.5799865722656,358.57000732421875,4395
2026-10-06 09:47:00,1791294420,CDNS,358.8500061035156,358.8500061035156,358.19000244140625,358.4949951171875,878
2026-10-06 09:48:00,1791294480,CDNS,358.82000732421875,359.0,358.7799987792969,358.7799987792969,1778
2026-10-06 09:49:00,1791294540,CDNS,358.6099853515625,358.6700134277344,358.5299987792969,358.5400085449219,1142
2026-10-06 09:50:00,1791294600,CDNS,358.5799865722656,358.7300109863281,358.4200134277344,358.5,2573
2026-10-06 09:51:00,1791294660,CDNS,358.32000732421875,358.32000732421875,357.7200012207031,358.1199951171875,4875
2026-10-06 09:52:00,1791294720,CDNS,358.1300048828125,358.75,357.9645080566406,358.75,1066
2026-10-06 09:53:00,1791294780,CDNS,358.7900085449219,358.7900085449219,358.67999267578125,358.68499755859375,471
2026-10-06 09:54:00,1791294840,CDNS,358.68499755859375,359.1300048828125,358.68499755859375,359.1199951171875,1457
2026-10-06 09:55:00,1791294900,CDNS,358.760009765625,358.92498779296875,358.75,358.92498779296875,731
2026-10-06 09:56:00,1791294960,CDNS,358.6099853515625,359.0299987792969,358.5400085449219,358.92999267578125,2815
2026-10-06 09:57:00,1791295020,CDNS,358.94000244140625,358.94000244140625,358.7799987792969,358.8800048828125,1604
2026-10-06 09:58:00,1791295080,CDNS,358.70001220703125,358.70001220703125,357.8500061035156,357.8500061035156,3557
2026-10-06 09:59:00,1791295140,CDNS,357.68499755859375,358.2799987792969,357.68499755859375,357.7449951171875,1888
2026-10-06 10:00:00,1791295200,CDNS,357.6600036621094,357.6600036621094,357.07000732421875,357.07000732421875,1907
2026-10-06 10:01:00,1791295260,CDNS,356.55499267578125,356.55499267578125,356.3299865722656,356.3299865722656,678
2026-10-06 10:02:00,1791295320,CDNS,356.3800048828125,356.4599914550781,356.2300109863281,356.3949890136719,2336
2026-10-06 10:03:00,1791295380,CDNS,356.4200134277344,356.7300109863281,356.4200134277344,356.42999267578125,1582
2026-10-06 10:04:00,1791295440,CDNS,356.6700134277344,356.7799072265625,356.31781005859375,356.31781005859375,1676
2026-10-06 10:05:00,1791295500,CDNS,356.5299987792969,356.9599914550781,356.2900085449219,356.2900085449219,3006
2026-10-06 10:06:00,1791295560,CDNS,356.2300109863281,356.4700012207031,355.9800109863281,355.9800109863281,4382
2026-10-06 10:07:00,1791295620,CDNS,355.760009765625,356.16619873046875,355.760009765625,356.16619873046875,723
2026-10-06 10:08:00,1791295680,CDNS,356.0400085449219,356.9800109863281,355.760009765625,356.9685974121094,5967
2026-10-06 10:09:00,1791295740,CDNS,356.6199951171875,356.7301025390625,356.30999755859375,356.5950012207031,3621
2026-10-06 10:10:00,1791295800,CDNS,356.32000732421875,357.3699951171875,356.32000732421875,356.8450012207031,3569
2026-10-06 10:11:00,1791295860,CDNS,357.1099853515625,357.2795104980469,356.8500061035156,356.8599853515625,3015
2026-10-06 10:12:00,1791295920,CDNS,357.1400146484375,357.1400146484375,357.1400146484375,357.1400146484375,195
2026-10-06 10:13:00,1791295980,CDNS,356.6700134277344,357.3406982421875,356.6700134277344,357.17498779296875,2429
2026-10-06 10:14:00,1791296040,CDNS,356.92999267578125,357.3800048828125,356.92999267578125,357.1499938964844,10816
2026-10-06 10:15:00,1791296100,CDNS,357.1400146484375,357.4800109863281,357.0199890136719,357.42999267578125,1863
2026-10-06 10:16:00,1791296160,CDNS,357.2799987792969,357.3800048828125,357.1199951171875,357.30999755859375,4200
2026-10-06 10:17:00,1791296220,CDNS,357.30499267578125,357.30499267578125,357.0799865722656,357.2699890136719,1494
2026-10-06 10:18:00,1791296280,CDNS,357.2099914550781,357.79998779296875,357.2099914550781,357.79998779296875,2436
2026-10-06 10:19:00,1791296340,CDNS,357.4100036621094,357.8900146484375,357.4100036621094,357.4200134277344,3550
2026-10-06 10:20:00,1791296400,CDNS,357.5450134277344,357.5450134277344,356.6759948730469,356.9800109863281,3067
2026-10-06 10:21:00,1791296460,CDNS,357.0425109863281,357.44000244140625,356.7799987792969,357.44000244140625,2274
2026-10-06 10:22:00,1791296520,CDNS,357.5350036621094,357.5350036621094,357.5350036621094,357.5350036621094,426
2026-10-06 10:23:00,1791296580,CDNS,357.69000244140625,357.8299865722656,357.69000244140625,357.7300109863281,1273
2026-10-06 10:24:00,1791296640,CDNS,357.80499267578125,357.8450012207031,357.4700012207031,357.4700012207031,3863
2026-10-06 10:25:00,1791296700,CDNS,357.44500732421875,357.5899963378906,357.20001220703125,357.3599853515625,1793
2026-10-06 10:26:00,1791296760,CDNS,357.3599853515625,357.3599853515625,357.25,357.2699890136719,2204
2026-10-06 10:27:00,1791296820,CDNS,357.1099853515625,357.54998779296875,357.1099853515625,357.3949890136719,2617
2026-10-06 10:28:00,1791296880,CDNS,357.43499755859375,357.7200012207031,357.43499755859375,357.6650085449219,2602
2026-10-06 10:29:00,1791296940,CDNS,357.6700134277344,357.8450012207031,357.54998779296875,357.7900085449219,3536
2026-10-06 10:30:00,1791297000,CDNS,357.57000732421875,357.8399963378906,357.56500244140625,357.6400146484375,1488
2026-10-06 10:31:00,1791297060,CDNS,357.44000244140625,357.92999267578125,357.44000244140625,357.739990234375,2908
2026-10-06 10:32:00,1791297120,CDNS,357.7049865722656,357.7149963378906,357.510009765625,357.510009765625,673
2026-10-06 10:33:00,1791297180,CDNS,357.7149963378906,357.9100036621094,357.5199890136719,357.8349914550781,2275
2026-10-06 10:34:00,1791297240,CDNS,357.8399963378906,358.2300109863281,357.8399963378906,358.1700134277344,1300
2026-10-06 10:35:00,1791297300,CDNS,358.2300109863281,358.2300109863281,357.9700012207031,358.17999267578125,1979
2026-10-06 10:36:00,1791297360,CDNS,357.9700012207031,358.3999938964844,357.9700012207031,358.2650146484375,7835
2026-10-06 10:37:00,1791297420,CDNS,358.1300048828125,358.2439880371094,358.07000732421875,358.2439880371094,3052
2026-10-06 10:38:00,1791297480,CDNS,358.2799987792969,358.32000732421875,357.9700012207031,357.9700012207031,1652
2026-10-06 10:39:00,1791297540,CDNS,358.1199951171875,358.489990234375,357.9700012207031,358.3599853515625,3460
2026-10-06 10:40:00,1791297600,CDNS,358.3500061035156,358.3500061035156,358.3500061035156,358.3500061035156,2763
2026-10-06 10:41:00,1791297660,CDNS,358.3349914550781,358.5899963378906,358.3349914550781,358.5899963378906,1972
2026-10-06 10:42:00,1791297720,CDNS,358.55999755859375,358.9407043457031,358.55999755859375,358.7699890136719,1503
2026-10-06 10:43:00,1791297780,CDNS,358.7749938964844,359.2749938964844,358.7749938964844,359.239990234375,2333
2026-10-06 10:44:00,1791297840,CDNS,358.92999267578125,359.07000732421875,358.92999267578125,359.07000732421875,465
2026-10-06 10:45:00,1791297900,CDNS,358.9200134277344,358.9200134277344,358.7099914550781,358.7099914550781,3347
2026-10-06 10:46:00,1791297960,CDNS,358.33099365234375,358.54998779296875,358.1700134277344,358.1700134277344,1084
2026-10-06 10:47:00,1791298020,CDNS,358.260009765625,358.55499267578125,358.260009765625,358.510009765625,1524
2026-10-06 10:48:00,1791298080,CDNS,358.3999938964844,358.7099914550781,358.3999938964844,358.6549987792969,1862
2026-10-06 10:49:00,1791298140,CDNS,358.7099914550781,358.7099914550781,358.7099914550781,358.7099914550781,574
2026-10-06 10:50:00,1791298200,CDNS,358.44000244140625,358.60321044921875,358.32501220703125,358.5450134277344,2026
2026-10-06 10:51:00,1791298260,CDNS,358.5400085449219,358.5400085449219,358.5400085449219,358.5400085449219,863
2026-10-06 10:52:00,1791298320,CDNS,358.6448059082031,359.0350036621094,358.5400085449219,359.0350036621094,2127
2026-10-06 10:53:00,1791298380,CDNS,358.82000732421875,358.9649963378906,358.82000732421875,358.82000732421875,851
2026-10-06 10:54:00,1791298440,CDNS,358.82000732421875,358.82000732421875,358.7950134277344,358.80499267578125,772
2026-10-06 10:55:00,1791298500,CDNS,358.7799987792969,358.7799987792969,358.5400085449219,358.5400085449219,3571
2026-10-06 10:56:00,1791298560,CDNS,358.4100036621094,358.4150085449219,358.0,358.0299987792969,3028
2026-10-06 10:57:00,1791298620,CDNS,358.05999755859375,358.29998779296875,358.05999755859375,358.2149963378906,2363
2026-10-06 10:58:00,1791298680,CDNS,358.1300048828125,358.20001220703125,358.0799865722656,358.0799865722656,1269
2026-10-06 10:59:00,1791298740,CDNS,358.1300048828125,358.2799987792969,358.0199890136719,358.25,2481
2026-10-06 11:00:00,1791298800,CDNS,358.19000244140625,358.2300109863281,358.17999267578125,358.2300109863281,912
2026-10-06 11:01:00,1791298860,CDNS,358.2300109863281,358.2300109863281,357.6700134277344,357.6700134277344,7629
2026-10-06 11:02:00,1791298920,CDNS,357.79998779296875,358.5400085449219,357.6722106933594,358.3900146484375,13865
2026-10-06 11:03:00,1791298980,CDNS,358.3299865722656,359.2149963378906,358.3299865722656,359.2149963378906,4301
2026-10-06 11:04:00,1791299040,CDNS,359.3135070800781,359.3135070800781,358.8500061035156,359.1499938964844,8105
2026-10-06 11:05:00,1791299100,CDNS,359.19000244140625,359.53289794921875,359.1614074707031,359.53289794921875,1968
2026-10-06 11:06:00,1791299160,CDNS,359.5050048828125,359.5249938964844,359.1700134277344,359.3349914550781,4771
2026-10-06 11:07:00,1791299220,CDNS,359.3299865722656,359.8299865722656,359.3299865722656,359.8299865722656,12364
2026-10-06 11:08:00,1791299280,CDNS,359.614990234375,360.7650146484375,359.614990234375,360.5303955078125,8977
2026-10-06 11:09:00,1791299340,CDNS,360.7349853515625,360.95001220703125,360.5899963378906,360.5899963378906,2075
2026-10-06 11:10:00,1791299400,CDNS,360.5199890136719,360.7699890136719,360.4800109863281,360.57501220703125,1766
2026-10-06 11:11:00,1791299460,CDNS,360.5799865722656,360.69500732421875,360.3999938964844,360.69500732421875,1908
2026-10-06 11:12:00,1791299520,CDNS,360.6199951171875,360.8800048828125,360.5199890136719,360.8800048828125,2228
2026-10-06 11:13:00,1791299580,CDNS,360.739990234375,361.0,360.67010498046875,360.70001220703125,3988
2026-10-06 11:14:00,1791299640,CDNS,361.0299987792969,361.36279296875,360.8500061035156,360.9949951171875,2767
2026-10-06 11:15:00,1791299700,CDNS,360.79998779296875,361.3900146484375,360.79998779296875,361.302490234375,1667
2026-10-06 11:16:00,1791299760,CDNS,361.5150146484375,361.5531921386719,361.2099914550781,361.2650146484375,1740
2026-10-06 11:17:00,1791299820,CDNS,361.1099853515625,361.2250061035156,360.7900085449219,360.92498779296875,3627
2026-10-06 11:18:00,1791299880,CDNS,360.8500061035156,361.0299987792969,360.32000732421875,360.95001220703125,8941
2026-10-06 11:19:00,1791299940,CDNS,361.1650085449219,361.6099853515625,361.1650085449219,361.45001220703125,2280
2026-10-06 11:20:00,1791300000,CDNS,361.55999755859375,361.6499938964844,361.0899963378906,361.19500732421875,2663
2026-10-06 11:21:00,1791300060,CDNS,361.29998779296875,361.5400085449219,361.1600036621094,361.1600036621094,955
2026-10-06 11:22:00,1791300120,CDNS,361.375,361.6199951171875,361.375,361.42498779296875,2107
2026-10-06 11:23:00,1791300180,CDNS,361.6300048828125,361.6300048828125,361.5299987792969,361.6300048828125,1692
2026-10-06 11:24:00,1791300240,CDNS,361.6300048828125,361.8500061035156,361.5,361.69000244140625,4506
2026-10-06 11:25:00,1791300300,CDNS,361.69000244140625,361.69000244140625,361.3550109863281,361.3550109863281,2366
2026-10-06 11:26:00,1791300360,CDNS,361.2799987792969,361.2799987792969,360.8500061035156,361.0899963378906,3854
2026-10-06 11:27:00,1791300420,CDNS,361.2300109863281,361.2300109863281,360.9200134277344,361.2300109863281,1084
2026-10-06 11:28:00,1791300480,CDNS,361.3599853515625,361.5,361.2200012207031,361.2200012207031,794
2026-10-06 11:29:00,1791300540,CDNS,361.1700134277344,361.2200012207031,360.7900085449219,361.1451110839844,3172
2026-10-06 11:30:00,1791300600,CDNS,361.1449890136719,361.42999267578125,360.93499755859375,360.93499755859375,3697
2026-10-06 11:31:00,1791300660,CDNS,361.039306640625,361.6700134277344,361.039306640625,361.6700134277344,2557
2026-10-06 11:32:00,1791300720,CDNS,361.57000732421875,361.739990234375,361.57000732421875,361.57000732421875,1115
2026-10-06 11:33:00,1791300780,CDNS,361.510009765625,361.614990234375,361.2950134277344,361.2950134277344,2596
2026-10-06 11:34:00,1791300840,CDNS,361.2300109863281,361.3998107910156,361.2300109863281,361.3299865722656,2470
2026-10-06 11:35:00,1791300900,CDNS,361.2300109863281,361.3533935546875,361.2300109863281,361.30999755859375,2189
2026-10-06 11:36:00,1791300960,CDNS,361.3370056152344,361.3370056152344,360.95001220703125,361.0350036621094,4379
2026-10-06 11:37:00,1791301020,CDNS,361.05499267578125,361.260009765625,361.0299987792969,361.260009765625,2840
2026-10-06 11:38:00,1791301080,CDNS,361.3699951171875,361.4425048828125,361.32000732421875,361.3550109863281,1571
2026-10-06 11:39:00,1791301140,CDNS,361.3955993652344,361.67498779296875,361.3550109863281,361.67498779296875,6128
2026-10-06 11:40:00,1791301200,CDNS,361.67498779296875,361.67498779296875,361.3349914550781,361.42999267578125,5205
2026-10-06 11:41:00,1791301260,CDNS,361.45001220703125,361.6700134277344,361.1400146484375,361.2049865722656,4602
2026-10-06 11:42:00,1791301320,CDNS,361.27978515625,361.27978515625,360.7699890136719,360.7749938964844,2058
2026-10-06 11:43:00,1791301380,CDNS,360.68499755859375,360.7699890136719,360.6317138671875,360.7300109863281,837
2026-10-06 11:44:00,1791301440,CDNS,360.7300109863281,360.7300109863281,360.5899963378906,360.5899963378906,1486
2026-10-06 11:45:00,1791301500,CDNS,360.5299987792969,360.5299987792969,360.2850036621094,360.5299987792969,2555
2026-10-06 11:46:00,1791301560,CDNS,360.5299987792969,360.7650146484375,360.5299987792969,360.7650146484375,1868
2026-10-06 11:47:00,1791301620,CDNS,360.74200439453125,360.74200439453125,360.5199890136719,360.54998779296875,1444
2026-10-06 11:48:00,1791301680,CDNS,360.3900146484375,360.7300109863281,360.3900146484375,360.69000244140625,1129
2026-10-06 11:49:00,1791301740,CDNS,360.7200012207031,360.80999755859375,360.5513000488281,360.7950134277344,1610
2026-10-06 11:50:00,1791301800,CDNS,360.8299865722656,360.8599853515625,360.3450012207031,360.3450012207031,3633
2026-10-06 11:51:00,1791301860,CDNS,360.3299865722656,360.4599914550781,360.2699890136719,360.2699890136719,991
2026-10-06 11:52:00,1791301920,CDNS,360.2900085449219,360.3299865722656,360.1600036621094,360.3299865722656,1732
2026-10-06 11:53:00,1791301980,CDNS,360.0899963378906,360.30999755859375,360.0899963378906,360.2149963378906,1661
2026-10-06 11:54:00,1791302040,CDNS,360.3299865722656,360.44000244140625,360.239990234375,360.3949890136719,1525
2026-10-06 11:55:00,1791302100,CDNS,360.2900085449219,360.2900085449219,360.1700134277344,360.20001220703125,1308
2026-10-06 11:56:00,1791302160,CDNS,360.239990234375,360.3299865722656,360.1000061035156,360.32000732421875,1622
2026-10-06 11:57:00,1791302220,CDNS,360.385009765625,360.4700012207031,360.385009765625,360.4700012207031,355
2026-10-06 11:58:00,1791302280,CDNS,360.510009765625,360.510009765625,360.44000244140625,360.44000244140625,875
2026-10-06 11:59:00,1791302340,CDNS,360.45001220703125,360.5199890136719,360.260009765625,360.2699890136719,3305
2026-10-06 12:00:00,1791302400,CDNS,360.3399963378906,360.5299987792969,360.260009765625,360.5299987792969,2149
2026-10-06 12:01:00,1791302460,CDNS,360.5299987792969,360.7850036621094,360.5299987792969,360.7850036621094,1889
2026-10-06 12:02:00,1791302520,CDNS,360.7550048828125,360.8205871582031,360.6199951171875,360.6199951171875,898
2026-10-06 12:03:00,1791302580,CDNS,360.6300048828125,360.6300048828125,360.489990234375,360.5050048828125,923
2026-10-06 12:04:00,1791302640,CDNS,360.57501220703125,360.7300109863281,360.4800109863281,360.6664123535156,3018
2026-10-06 12:05:00,1791302700,CDNS,360.6099853515625,360.6099853515625,360.4200134277344,360.4549865722656,3395
2026-10-06 12:06:00,1791302760,CDNS,360.3999938964844,360.4649963378906,360.3500061035156,360.4200134277344,1924
2026-10-06 12:07:00,1791302820,CDNS,360.385009765625,360.385009765625,360.385009765625,360.385009765625,412
2026-10-06 12:08:00,1791302880,CDNS,360.3800048828125,360.4772033691406,360.2950134277344,360.2950134277344,1012
2026-10-06 12:09:00,1791302940,CDNS,360.2300109863281,360.2950134277344,360.1600036621094,360.19500732421875,1474
2026-10-06 12:10:00,1791303000,CDNS,360.2200012207031,360.5899963378906,360.2200012207031,360.5849914550781,1750
2026-10-06 12:11:00,1791303060,CDNS,360.4649963378906,360.4649963378906,360.4599914550781,360.4599914550781,471
2026-10-06 12:12:00,1791303120,CDNS,360.42999267578125,360.42999267578125,360.3900146484375,360.3900146484375,506
2026-10-06 12:13:00,1791303180,CDNS,360.35479736328125,360.375,360.2699890136719,360.2699890136719,2207
2026-10-06 12:14:00,1791303240,CDNS,360.2099914550781,360.3299865722656,360.1199951171875,360.2300109863281,1028
2026-10-06 12:15:00,1791303300,CDNS,360.1199951171875,360.1199951171875,360.05999755859375,360.114990234375,1391
2026-10-06 12:16:00,1791303360,CDNS,360.07000732421875,360.19000244140625,360.04010009765625,360.1600036621094,2526
2026-10-06 12:17:00,1791303420,CDNS,360.1499938964844,360.1499938964844,360.1499938964844,360.1499938964844,404
2026-10-06 12:18:00,1791303480,CDNS,360.18499755859375,360.30999755859375,360.17999267578125,360.17999267578125,267
2026-10-06 12:19:00,1791303540,CDNS,360.1000061035156,360.2200012207031,360.1000061035156,360.17498779296875,1434
2026-10-06 12:20:00,1791303600,CDNS,360.19500732421875,360.57000732421875,360.1400146484375,360.57000732421875,5644
2026-10-06 12:21:00,1791303660,CDNS,360.6300048828125,360.739990234375,360.6300048828125,360.67498779296875,505
2026-10-06 12:22:00,1791303720,CDNS,360.7349853515625,360.739990234375,360.7349853515625,360.739990234375,511
2026-10-06 12:23:00,1791303780,CDNS,360.7778015136719,360.7778015136719,360.6499938964844,360.75,5620
2026-10-06 12:24:00,1791303840,CDNS,360.6499938964844,360.8900146484375,360.510009765625,360.8599853515625,6387
2026-10-06 12:25:00,1791303900,CDNS,360.79998779296875,360.8599853515625,360.7950134277344,360.8599853515625,689
2026-10-06 12:26:00,1791303960,CDNS,360.864990234375,360.864990234375,360.42999267578125,360.42999267578125,4593
2026-10-06 12:27:00,1791304020,CDNS,360.3999938964844,360.4100036621094,359.8299865722656,360.0400085449219,5169
2026-10-06 12:28:00,1791304080,CDNS,360.010009765625,360.0950012207031,359.94000244140625,360.0950012207031,2520
2026-10-06 12:29:00,1791304140,CDNS,360.1099853515625,360.1400146484375,359.3475036621094,359.5450134277344,8739
2026-10-06 12:30:00,1791304200,CDNS,359.67999267578125,359.70001220703125,359.2200012207031,359.260009765625,16274
2026-10-06 12:31:00,1791304260,CDNS,359.4075012207031,359.7950134277344,359.4049987792969,359.7349853515625,6108
2026-10-06 12:32:00,1791304320,CDNS,359.8599853515625,359.8599853515625,359.3699951171875,359.5050048828125,2647
2026-10-06 12:33:00,1791304380,CDNS,359.6000061035156,359.70001220703125,359.5299987792969,359.6650085449219,1412
2026-10-06 12:34:00,1791304440,CDNS,359.6650085449219,359.70001220703125,359.6600036621094,359.67498779296875,653
2026-10-06 12:35:00,1791304500,CDNS,359.67498779296875,359.67498779296875,359.4599914550781,359.4599914550781,2162
2026-10-06 12:36:00,1791304560,CDNS,359.4150085449219,359.4150085449219,359.32000732421875,359.3699951171875,903
2026-10-06 12:37:00,1791304620,CDNS,359.3699951171875,359.42498779296875,359.3699951171875,359.42498779296875,1806
2026-10-06 12:38:00,1791304680,CDNS,359.42498779296875,359.7950134277344,359.42498779296875,359.7749938964844,4723
2026-10-06 12:39:00,1791304740,CDNS,359.7449951171875,359.8900146484375,359.7449951171875,359.80999755859375,1660
2026-10-06 12:40:00,1791304800,CDNS,359.7799987792969,359.8999938964844,359.70001220703125,359.7300109863281,1020
2026-10-06 12:41:00,1791304860,CDNS,359.7449951171875,359.7799987792969,359.57000732421875,359.5799865722656,5566
2026-10-06 12:42:00,1791304920,CDNS,359.67498779296875,359.7799987792969,359.5199890136719,359.7799987792969,4522
2026-10-06 12:43:00,1791304980,CDNS,359.6600036621094,359.6600036621094,359.5400085449219,359.5899963378906,1384
2026-10-06 12:44:00,1791305040,CDNS,359.5899963378906,359.5899963378906,359.4599914550781,359.5299987792969,1989
2026-10-06 12:45:00,1791305100,CDNS,359.5199890136719,359.5199890136719,359.5150146484375,359.5150146484375,542
2026-10-06 12:46:00,1791305160,CDNS,359.5199890136719,359.5350036621094,359.1199951171875,359.1300048828125,2503
2026-10-06 12:47:00,1791305220,CDNS,359.1199951171875,359.2300109863281,359.07501220703125,359.1000061035156,1531
2026-10-06 12:48:00,1791305280,CDNS,359.2099914550781,359.3399963378906,358.79998779296875,358.9599914550781,4321
2026-10-06 12:49:00,1791305340,CDNS,358.9599914550781,359.3500061035156,358.9599914550781,359.2449951171875,3559
2026-10-06 12:50:00,1791305400,CDNS,359.3599853515625,359.3800048828125,359.3599853515625,359.3800048828125,517
2026-10-06 12:51:00,1791305460,CDNS,359.3800048828125,359.3800048828125,359.239990234375,359.2900085449219,1640
2026-10-06 12:52:00,1791305520,CDNS,359.4599914550781,359.4599914550781,359.42999267578125,359.42999267578125,574
2026-10-06 12:53:00,1791305580,CDNS,359.4100036621094,359.489990234375,359.4100036621094,359.42498779296875,2952
2026-10-06 12:54:00,1791305640,CDNS,359.42498779296875,359.42498779296875,359.2699890136719,359.3599853515625,1444
2026-10-06 12:55:00,1791305700,CDNS,359.2799987792969,359.3800048828125,359.1300048828125,359.2099914550781,2389
2026-10-06 12:56:00,1791305760,CDNS,359.2699890136719,359.4100036621094,359.239990234375,359.4100036621094,1654
2026-10-06 12:57:00,1791305820,CDNS,359.3800048828125,359.4100036621094,358.80999755859375,358.9599914550781,7685
2026-10-06 12:58:00,1791305880,CDNS,358.9549865722656,359.0199890136719,358.739990234375,359.0199890136719,3667
2026-10-06 12:59:00,1791305940,CDNS,359.0199890136719,359.57000732421875,359.0199890136719,359.5249938964844,2464
2026-10-06 13:00:00,1791306000,CDNS,359.55999755859375,359.55999755859375,359.3500061035156,359.55499267578125,241
2026-10-06 13:01:00,1791306060,CDNS,359.55499267578125,359.55499267578125,359.3500061035156,359.55499267578125,571
2026-10-06 13:02:00,1791306120,CDNS,359.3500061035156,359.54998779296875,359.3399963378906,359.3399963378906,1874
2026-10-06 13:03:00,1791306180,CDNS,359.5199890136719,359.5199890136719,359.510009765625,359.510009765625,1250
2026-10-06 13:04:00,1791306240,CDNS,359.6650085449219,359.6650085449219,359.6650085449219,359.6650085449219,772
2026-10-06 13:05:00,1791306300,CDNS,359.8599853515625,359.8599853515625,359.8599853515625,359.8599853515625,413
2026-10-06 13:06:00,1791306360,CDNS,359.67999267578125,359.8599853515625,359.67498779296875,359.8599853515625,1267
2026-10-06 13:07:00,1791306420,CDNS,359.730712890625,359.7309875488281,359.57000732421875,359.6449890136719,2915
2026-10-06 13:08:00,1791306480,CDNS,359.6451110839844,359.6451110839844,359.6449890136719,359.6449890136719,446
2026-10-06 13:09:00,1791306540,CDNS,359.6400146484375,359.7799987792969,359.510009765625,359.7799987792969,640
2026-10-06 13:10:00,1791306600,CDNS,359.7799987792969,359.989990234375,359.75,359.989990234375,974
2026-10-06 13:11:00,1791306660,CDNS,359.989990234375,360.1099853515625,359.989990234375,360.1099853515625,715
2026-10-06 13:12:00,1791306720,CDNS,360.1199951171875,360.125,359.94000244140625,359.94000244140625,2081
2026-10-06 13:13:00,1791306780,CDNS,360.1199951171875,360.1199951171875,360.0849914550781,360.0849914550781,348
2026-10-06 13:14:00,1791306840,CDNS,360.0874938964844,360.1099853515625,359.9100036621094,360.1099853515625,993
2026-10-06 13:15:00,1791306900,CDNS,360.1000061035156,360.3599853515625,360.1000061035156,360.3599853515625,2792
2026-10-06 13:16:00,1791306960,CDNS,360.4200134277344,360.4200134277344,360.2099914550781,360.37530517578125,4152
2026-10-06 13:17:00,1791307020,CDNS,360.32000732421875,360.32000732421875,360.1499938964844,360.1600036621094,2858
2026-10-06 13:18:00,1791307080,CDNS,360.1549987792969,360.1549987792969,360.1000061035156,360.1499938964844,982
2026-10-06 13:19:00,1791307140,CDNS,360.1499938964844,360.260009765625,360.1499938964844,360.19000244140625,1096
2026-10-06 13:20:00,1791307200,CDNS,360.2099914550781,360.2099914550781,360.0899963378906,360.1199951171875,1271
2026-10-06 13:21:00,1791307260,CDNS,360.17999267578125,360.17999267578125,359.95001220703125,360.07000732421875,3598
2026-10-06 13:22:00,1791307320,CDNS,360.2099914550781,360.25,360.0950012207031,360.25,939
2026-10-06 13:23:00,1791307380,CDNS,360.2799987792969,360.42999267578125,360.1300048828125,360.20001220703125,2458
2026-10-06 13:24:00,1791307440,CDNS,360.3324890136719,360.3324890136719,360.0400085449219,360.2349853515625,496
2026-10-06 13:25:00,1791307500,CDNS,360.2349853515625,360.2349853515625,360.0400085449219,360.0400085449219,1426
2026-10-06 13:27:00,1791307620,CDNS,360.1875,360.3900146484375,360.1875,360.3599853515625,2519
2026-10-06 13:28:00,1791307680,CDNS,360.29998779296875,360.3999938964844,360.29998779296875,360.29998779296875,2325
2026-10-06 13:29:00,1791307740,CDNS,360.32501220703125,360.4200134277344,360.32501220703125,360.4200134277344,575
2026-10-06 13:30:00,1791307800,CDNS,360.32000732421875,360.3299865722656,360.2300109863281,360.3299865722656,1622
2026-10-06 13:31:00,1791307860,CDNS,360.3298034667969,360.4200134277344,360.2701110839844,360.4200134277344,2816
2026-10-06 13:32:00,1791307920,CDNS,360.5299987792969,360.55999755859375,360.2500915527344,360.4549865722656,1217
2026-10-06 13:33:00,1791307980,CDNS,360.5799865722656,360.5799865722656,360.45001220703125,360.55499267578125,794
2026-10-06 13:34:00,1791308040,CDNS,360.4200134277344,360.6499938964844,360.4200134277344,360.6499938964844,1239
2026-10-06 13:35:00,1791308100,CDNS,360.54998779296875,360.7099914550781,360.3900146484375,360.3900146484375,3205
2026-10-06 13:36:00,1791308160,CDNS,360.29998779296875,360.45001220703125,360.2200012207031,360.45001220703125,1098
2026-10-06 13:37:00,1791308220,CDNS,360.3999938964844,360.3999938964844,360.25,360.3800048828125,737
2026-10-06 13:38:00,1791308280,CDNS,360.5899963378906,360.7349853515625,360.489990234375,360.7300109863281,1880
2026-10-06 13:39:00,1791308340,CDNS,360.7300109863281,360.7349853515625,360.7300109863281,360.7349853515625,415
2026-10-06 13:40:00,1791308400,CDNS,360.6199951171875,360.7922058105469,360.6000061035156,360.6000061035156,1911
2026-10-06 13:41:00,1791308460,CDNS,360.5899963378906,360.5899963378906,360.3599853515625,360.5400085449219,1745
2026-10-06 13:42:00,1791308520,CDNS,360.5199890136719,360.5199890136719,360.3500061035156,360.3599853515625,636
2026-10-06 13:43:00,1791308580,CDNS,360.4849853515625,360.4849853515625,360.3500061035156,360.4100036621094,1077
2026-10-06 13:44:00,1791308640,CDNS,360.32000732421875,360.44000244140625,360.2699890136719,360.2699890136719,3090
2026-10-06 13:45:00,1791308700,CDNS,360.1600036621094,360.29998779296875,360.1600036621094,360.20001220703125,1426
2026-10-06 13:46:00,1791308760,CDNS,360.1300048828125,360.19500732421875,360.1300048828125,360.19500732421875,656
2026-10-06 13:47:00,1791308820,CDNS,360.19500732421875,360.19500732421875,360.07000732421875,360.07000732421875,1194
2026-10-06 13:48:00,1791308880,CDNS,360.1650085449219,360.1650085449219,360.0101013183594,360.1600036621094,1246
2026-10-06 13:49:00,1791308940,CDNS,360.1600036621094,360.1600036621094,359.7900085449219,359.79998779296875,5138
2026-10-06 13:50:00,1791309000,CDNS,359.7950134277344,359.989990234375,359.7950134277344,359.8550109863281,1485
2026-10-06 13:51:00,1791309060,CDNS,359.875,360.19000244140625,359.864990234375,359.864990234375,7604
2026-10-06 13:52:00,1791309120,CDNS,359.80999755859375,359.80999755859375,359.510009765625,359.7349853515625,2904
2026-10-06 13:53:00,1791309180,CDNS,359.7950134277344,359.9700012207031,359.7550048828125,359.82000732421875,4059
2026-10-06 13:54:00,1791309240,CDNS,359.7720031738281,359.8599853515625,359.7720031738281,359.8599853515625,433
2026-10-06 13:55:00,1791309300,CDNS,359.75,359.8059997558594,359.6400146484375,359.739990234375,1184
2026-10-06 13:56:00,1791309360,CDNS,359.6400146484375,359.80499267578125,359.54998779296875,359.79998779296875,3500
2026-10-06 13:57:00,1791309420,CDNS,359.79998779296875,359.82000732421875,359.67999267578125,359.7950134277344,1850
2026-10-06 13:58:00,1791309480,CDNS,359.7950134277344,359.7950134277344,359.6199951171875,359.6549987792969,2694
2026-10-06 13:59:00,1791309540,CDNS,359.6549987792969,359.7799987792969,359.6549987792969,359.6575012207031,1562
2026-10-06 14:00:00,1791309600,CDNS,359.8450012207031,360.1099853515625,359.8450012207031,360.0,1424
2026-10-06 14:01:00,1791309660,CDNS,360.2099914550781,360.3699951171875,360.2099914550781,360.364990234375,2308
2026-10-06 14:02:00,1791309720,CDNS,360.30999755859375,360.5899963378906,360.30999755859375,360.5899963378906,3565
2026-10-06 14:03:00,1791309780,CDNS,360.7099914550781,360.80499267578125,360.7099914550781,360.80499267578125,1222
2026-10-06 14:04:00,1791309840,CDNS,360.8800048828125,360.94000244140625,360.7900085449219,360.8550109863281,3879
2026-10-06 14:05:00,1791309900,CDNS,360.8450012207031,360.94500732421875,360.8450012207031,360.8450012207031,1629
2026-10-06 14:06:00,1791309960,CDNS,360.760009765625,360.7699890136719,360.7300109863281,360.7300109863281,1437
2026-10-06 14:07:00,1791310020,CDNS,360.760009765625,360.8800048828125,360.7099914550781,360.875,2069
2026-10-06 14:08:00,1791310080,CDNS,360.875,360.875,360.864990234375,360.864990234375,1129
2026-10-06 14:09:00,1791310140,CDNS,360.864990234375,361.0,360.864990234375,360.9649963378906,2788
2026-10-06 14:10:00,1791310200,CDNS,360.9549865722656,360.9549865722656,360.8999938964844,360.92999267578125,482
2026-10-06 14:11:00,1791310260,CDNS,360.93499755859375,360.93499755859375,360.80999755859375,360.8399963378906,1431
2026-10-06 14:12:00,1791310320,CDNS,360.9200134277344,361.07000732421875,360.7900085449219,360.9700012207031,1784
2026-10-06 14:13:00,1791310380,CDNS,360.9700012207031,360.9700012207031,360.8833923339844,360.9649963378906,1113
2026-10-06 14:14:00,1791310440,CDNS,360.94500732421875,360.94500732421875,360.9200134277344,360.92999267578125,586
2026-10-06 14:15:00,1791310500,CDNS,360.92498779296875,360.92498779296875,360.6400146484375,360.6400146484375,4295
2026-10-06 14:16:00,1791310560,CDNS,360.6499938964844,360.80999755859375,360.6300048828125,360.80999755859375,2891
2026-10-06 14:17:00,1791310620,CDNS,360.8299865722656,360.94000244140625,360.82000732421875,360.82000732421875,787
2026-10-06 14:18:00,1791310680,CDNS,360.8299865722656,360.8299865722656,360.75,360.8299865722656,1293
2026-10-06 14:19:00,1791310740,CDNS,360.75,360.9200134277344,360.7200012207031,360.8475036621094,1151
2026-10-06 14:20:00,1791310800,CDNS,360.7200012207031,360.75,360.6199951171875,360.6300048828125,6657
2026-10-06 14:21:00,1791310860,CDNS,360.6199951171875,360.6199951171875,360.6199951171875,360.6199951171875,455
2026-10-06 14:22:00,1791310920,CDNS,360.6199951171875,360.7300109863281,360.6199951171875,360.6600036621094,2008
2026-10-06 14:23:00,1791310980,CDNS,360.6600036621094,360.6600036621094,360.19000244140625,360.28009033203125,6391
2026-10-06 14:24:00,1791311040,CDNS,360.20001220703125,360.3699951171875,360.19000244140625,360.2699890136719,3472
2026-10-06 14:25:00,1791311100,CDNS,360.2699890136719,360.3900146484375,360.1499938964844,360.2699890136719,2577
2026-10-06 14:26:00,1791311160,CDNS,360.1499938964844,360.2550048828125,360.1499938964844,360.2250061035156,1234
2026-10-06 14:27:00,1791311220,CDNS,360.19000244140625,360.19000244140625,359.875,360.1050109863281,4083
2026-10-06 14:28:00,1791311280,CDNS,360.1099853515625,360.44000244140625,360.1099853515625,360.3699951171875,2677
2026-10-06 14:29:00,1791311340,CDNS,360.25,360.3699951171875,360.25,360.364990234375,1177
2026-10-06 14:30:00,1791311400,CDNS,360.41668701171875,360.41668701171875,360.32000732421875,360.32000732421875,1143
2026-10-06 14:31:00,1791311460,CDNS,360.364990234375,360.4800109863281,360.364990234375,360.4800109863281,1290
2026-10-06 14:32:00,1791311520,CDNS,360.4700012207031,360.4800109863281,360.364990234375,360.3800048828125,1589
2026-10-06 14:33:00,1791311580,CDNS,360.260009765625,360.260009765625,360.0799865722656,360.2300109863281,4220
2026-10-06 14:34:00,1791311640,CDNS,360.19500732421875,360.19500732421875,360.19500732421875,360.19500732421875,428
2026-10-06 14:35:00,1791311700,CDNS,360.19500732421875,360.19500732421875,360.1499938964844,360.19000244140625,800
2026-10-06 14:36:00,1791311760,CDNS,360.19000244140625,360.21600341796875,360.0199890136719,360.1600036621094,2711
2026-10-06 14:37:00,1791311820,CDNS,360.1400146484375,360.1400146484375,360.1400146484375,360.1400146484375,297
2026-10-06 14:38:00,1791311880,CDNS,360.1400146484375,360.3699951171875,360.1400146484375,360.2850036621094,2256
2026-10-06 14:39:00,1791311940,CDNS,360.2850036621094,360.2900085449219,360.19000244140625,360.2449951171875,1947
2026-10-06 14:40:00,1791312000,CDNS,360.2850036621094,360.37750244140625,360.19000244140625,360.37750244140625,780
2026-10-06 14:41:00,1791312060,CDNS,360.375,360.5849914550781,360.375,360.510009765625,1118
2026-10-06 14:42:00,1791312120,CDNS,360.4700012207031,360.6300048828125,360.3900146484375,360.49249267578125,2505
2026-10-06 14:43:00,1791312180,CDNS,360.4700012207031,360.4700012207031,360.364990234375,360.364990234375,2135
2026-10-06 14:44:00,1791312240,CDNS,360.364990234375,360.4549865722656,360.364990234375,360.4549865722656,1541
2026-10-06 14:45:00,1791312300,CDNS,360.4549865722656,360.6650085449219,360.4549865722656,360.6650085449219,1106
2026-10-06 14:46:00,1791312360,CDNS,360.6650085449219,360.7200012207031,360.6000061035156,360.7200012207031,1559
2026-10-06 14:47:00,1791312420,CDNS,360.6700134277344,360.7550048828125,360.6400146484375,360.7349853515625,2816
2026-10-06 14:48:00,1791312480,CDNS,360.739990234375,360.8299865722656,360.6700134277344,360.7449951171875,1279
2026-10-06 14:49:00,1791312540,CDNS,360.739990234375,360.739990234375,360.6700134277344,360.7300109863281,2953
2026-10-06 14:50:00,1791312600,CDNS,360.7449951171875,360.92999267578125,360.7449951171875,360.82501220703125,2543
2026-10-06 14:51:00,1791312660,CDNS,360.82501220703125,361.0,360.82501220703125,360.9150085449219,4367
2026-10-06 14:52:00,1791312720,CDNS,360.9150085449219,360.9150085449219,360.7300109863281,360.7799987792969,2399
2026-10-06 14:53:00,1791312780,CDNS,360.7749938964844,360.7749938964844,360.6600036621094,360.6600036621094,1726
2026-10-06 14:54:00,1791312840,CDNS,360.7149963378906,360.75579833984375,360.6400146484375,360.7149963378906,1122
2026-10-06 14:55:00,1791312900,CDNS,360.7149963378906,360.9100036621094,360.7149963378906,360.7950134277344,1881
2026-10-06 14:56:00,1791312960,CDNS,360.94000244140625,360.9949951171875,360.8349914550781,360.9949951171875,1610
2026-10-06 14:57:00,1791313020,CDNS,361.05999755859375,361.1600036621094,360.94000244140625,360.94000244140625,3292
2026-10-06 14:58:00,1791313080,CDNS,360.9599914550781,361.19000244140625,360.92999267578125,360.92999267578125,1907
2026-10-06 14:59:00,1791313140,CDNS,361.30999755859375,361.30999755859375,361.0799865722656,361.30999755859375,878
2026-10-06 15:00:00,1791313200,CDNS,361.29998779296875,361.6730041503906,361.29998779296875,361.3800048828125,4013
2026-10-06 15:01:00,1791313260,CDNS,361.3800048828125,361.4100036621094,361.2950134277344,361.4100036621094,2380
2026-10-06 15:02:00,1791313320,CDNS,361.3999938964844,361.6300048828125,361.3999938964844,361.54998779296875,1399
2026-10-06 15:03:00,1791313380,CDNS,361.6499938964844,361.6499938964844,361.5400085449219,361.5400085449219,1430
2026-10-06 15:04:00,1791313440,CDNS,361.55999755859375,361.5799865722656,361.55999755859375,361.5799865722656,788
2026-10-06 15:05:00,1791313500,CDNS,361.5899963378906,361.5899963378906,361.510009765625,361.5849914550781,1225
2026-10-06 15:06:00,1791313560,CDNS,361.5950012207031,361.5950012207031,361.260009765625,361.3500061035156,4227
2026-10-06 15:07:00,1791313620,CDNS,361.3450012207031,361.44000244140625,361.3399963378906,361.44000244140625,1466
2026-10-06 15:08:00,1791313680,CDNS,361.489990234375,361.5150146484375,361.4849853515625,361.510009765625,1507
2026-10-06 15:09:00,1791313740,CDNS,361.510009765625,361.55999755859375,361.44000244140625,361.45001220703125,1794
2026-10-06 15:10:00,1791313800,CDNS,361.4750061035156,361.4750061035156,361.4700012207031,361.4750061035156,696
2026-10-06 15:11:00,1791313860,CDNS,361.4750061035156,361.54998779296875,361.3900146484375,361.45001220703125,1693
2026-10-06 15:12:00,1791313920,CDNS,361.4599914550781,361.5199890136719,361.3800048828125,361.4700012207031,1652
2026-10-06 15:13:00,1791313980,CDNS,361.45001220703125,361.4725036621094,361.3599853515625,361.4725036621094,3063
2026-10-06 15:14:00,1791314040,CDNS,361.3500061035156,361.3800048828125,361.30999755859375,361.3599853515625,2208
2026-10-06 15:15:00,1791314100,CDNS,361.385009765625,361.8008117675781,361.385009765625,361.8008117675781,4369
2026-10-06 15:16:00,1791314160,CDNS,361.7349853515625,361.7349853515625,361.6099853515625,361.7300109863281,2626
2026-10-06 15:17:00,1791314220,CDNS,361.7300109863281,361.8699951171875,361.7250061035156,361.8599853515625,5786
2026-10-06 15:18:00,1791314280,CDNS,361.7799987792969,361.7799987792969,361.6400146484375,361.7699890136719,1709
2026-10-06 15:19:00,1791314340,CDNS,361.7749938964844,361.9100036621094,361.7749938964844,361.8299865722656,1299
2026-10-06 15:20:00,1791314400,CDNS,361.7099914550781,361.7099914550781,361.4700012207031,361.4700012207031,5120
2026-10-06 15:21:00,1791314460,CDNS,361.5353088378906,361.5353088378906,361.2550048828125,361.2550048828125,1973
2026-10-06 15:22:00,1791314520,CDNS,361.2049865722656,361.2049865722656,360.989990234375,361.114990234375,1513
2026-10-06 15:23:00,1791314580,CDNS,361.114990234375,361.114990234375,360.7699890136719,360.80999755859375,2662
2026-10-06 15:24:00,1791314640,CDNS,360.81500244140625,361.05999755859375,360.7699890136719,361.05999755859375,2475
2026-10-06 15:25:00,1791314700,CDNS,360.95001220703125,361.07000732421875,360.8301086425781,361.0400085449219,2084
2026-10-06 15:26:00,1791314760,CDNS,361.0400085449219,361.1400146484375,360.8800048828125,360.95001220703125,3301
2026-10-06 15:27:00,1791314820,CDNS,360.8500061035156,360.8800048828125,360.7200012207031,360.7200012207031,2510
2026-10-06 15:28:00,1791314880,CDNS,360.7950134277344,360.8800048828125,360.5799865722656,360.5799865722656,4127
2026-10-06 15:29:00,1791314940,CDNS,360.6549987792969,360.6549987792969,360.43798828125,360.55499267578125,1782
2026-10-06 15:30:00,1791315000,CDNS,360.54998779296875,360.54998779296875,360.1099853515625,360.20001220703125,4995
2026-10-06 15:31:00,1791315060,CDNS,360.20001220703125,360.2250061035156,360.07000732421875,360.07000732421875,2781
2026-10-06 15:32:00,1791315120,CDNS,360.1000061035156,360.1099853515625,359.8999938964844,360.0799865722656,5069
2026-10-06 15:33:00,1791315180,CDNS,360.0799865722656,360.0799865722656,359.9800109863281,360.0422058105469,1767
2026-10-06 15:34:00,1791315240,CDNS,360.0,360.55999755859375,360.0,360.55999755859375,4566
2026-10-06 15:35:00,1791315300,CDNS,360.45001220703125,360.45001220703125,359.9100036621094,359.9100036621094,4399
2026-10-06 15:36:00,1791315360,CDNS,359.9150085449219,360.0400085449219,359.8399963378906,359.8450012207031,4544
2026-10-06 15:37:00,1791315420,CDNS,359.7799987792969,360.18499755859375,359.7699890136719,360.18499755859375,6060
2026-10-06 15:38:00,1791315480,CDNS,360.2799987792969,360.2900085449219,360.17999267578125,360.2449951171875,2834
2026-10-06 15:39:00,1791315540,CDNS,360.2449951171875,360.31500244140625,360.20001220703125,360.20001220703125,3897
2026-10-06 15:40:00,1791315600,CDNS,360.20001220703125,360.3399963378906,359.92999267578125,360.0249938964844,5219
2026-10-06 15:41:00,1791315660,CDNS,360.1300048828125,360.1300048828125,359.92999267578125,360.04998779296875,1456
2026-10-06 15:42:00,1791315720,CDNS,359.9200134277344,360.1600036621094,359.9200134277344,360.04998779296875,4544
2026-10-06 15:43:00,1791315780,CDNS,360.06500244140625,360.1700134277344,359.8800048828125,359.8800048828125,6931
2026-10-06 15:44:00,1791315840,CDNS,359.9700012207031,360.07000732421875,359.94000244140625,359.94000244140625,2522
2026-10-06 15:45:00,1791315900,CDNS,359.860107421875,359.860107421875,359.6099853515625,359.6099853515625,4146
2026-10-06 15:46:00,1791315960,CDNS,359.5700988769531,359.8800048828125,359.5700988769531,359.75,4676
2026-10-06 15:47:00,1791316020,CDNS,359.7449951171875,359.8699951171875,359.7099914550781,359.8500061035156,3253
2026-10-06 15:48:00,1791316080,CDNS,359.8500061035156,359.9599914550781,359.760009765625,359.760009765625,4686
2026-10-06 15:49:00,1791316140,CDNS,359.8500061035156,359.95001220703125,359.7699890136719,359.8399963378906,4464
2026-10-06 15:50:00,1791316200,CDNS,359.7900085449219,360.1499938964844,359.6600036621094,360.135009765625,7570
2026-10-06 15:51:00,1791316260,CDNS,360.135009765625,360.239990234375,360.1300048828125,360.19500732421875,6317
2026-10-06 15:52:00,1791316320,CDNS,360.20001220703125,360.2900085449219,360.16241455078125,360.2300109863281,5945
2026-10-06 15:53:00,1791316380,CDNS,360.1300048828125,360.1300048828125,359.82000732421875,359.8599853515625,8551
2026-10-06 15:54:00,1791316440,CDNS,359.760009765625,359.8349914550781,359.5325012207031,359.54998779296875,10591
2026-10-06 15:55:00,1791316500,CDNS,359.6499938964844,359.94000244140625,359.32000732421875,359.4800109863281,12841
2026-10-06 15:56:00,1791316560,CDNS,359.42498779296875,359.54998779296875,359.3550109863281,359.5199890136719,14052
2026-10-06 15:57:00,1791316620,CDNS,359.5199890136719,359.55999755859375,359.385009765625,359.4200134277344,20000
2026-10-06 15:58:00,1791316680,CDNS,359.4100036621094,359.6000061035156,359.1400146484375,359.5050048828125,42710
2026-10-06 15:59:00,1791316740,CDNS,359.4700012207031,359.6549987792969,359.44000244140625,359.5799865722656,47467
2026-10-06 16:00:00,1791316800,CDNS,359.54998779296875,359.54998779296875,359.54998779296875,359.54998779296875,0
2026-10-07 09:30:00,1791379800,CDNS,358.3599853515625,359.3599853515625,355.95001220703125,358.7699890136719,40718
2026-10-07 09:31:00,1791379860,CDNS,358.5799865722656,360.19000244140625,358.3500061035156,360.18499755859375,5034
2026-10-07 09:32:00,1791379920,CDNS,359.8800048828125,360.489990234375,359.239990234375,359.8399963378906,1664
2026-10-07 09:33:00,1791379980,CDNS,360.010009765625,360.20001220703125,359.2099914550781,360.1300048828125,3198
2026-10-07 09:34:00,1791380040,CDNS,360.0299987792969,360.135009765625,359.44000244140625,359.95001220703125,2330
2026-10-07 09:35:00,1791380100,CDNS,359.95001220703125,360.6499938964844,359.8349914550781,360.5249938964844,22455
2026-10-07 09:36:00,1791380160,CDNS,361.1300048828125,361.3599853515625,360.8999938964844,361.2699890136719,6501
2026-10-07 09:37:00,1791380220,CDNS,361.1099853515625,361.1099853515625,361.05499267578125,361.06500244140625,846
2026-10-07 09:38:00,1791380280,CDNS,361.06500244140625,361.1300048828125,360.44000244140625,360.489990234375,5893
2026-10-07 09:39:00,1791380340,CDNS,360.44000244140625,361.3900146484375,360.44000244140625,361.07000732421875,4152
2026-10-07 09:40:00,1791380400,CDNS,361.4049987792969,361.4200134277344,360.8500061035156,361.1600036621094,3931
2026-10-07 09:41:00,1791380460,CDNS,361.20001220703125,361.2001037597656,360.80999755859375,360.80999755859375,2657
2026-10-07 09:42:00,1791380520,CDNS,360.7650146484375,361.010009765625,360.44000244140625,360.44000244140625,3290
2026-10-07 09:43:00,1791380580,CDNS,360.3800048828125,360.4836120605469,359.4100036621094,359.4100036621094,8180
2026-10-07 09:44:00,1791380640,CDNS,359.5050048828125,359.8900146484375,359.1600036621094,359.1600036621094,8008
2026-10-07 09:45:00,1791380700,CDNS,359.2699890136719,359.2795104980469,358.6400146484375,359.2795104980469,5865
2026-10-07 09:46:00,1791380760,CDNS,358.4200134277344,358.4200134277344,358.1099853515625,358.1400146484375,1895
2026-10-07 09:47:00,1791380820,CDNS,358.1300048828125,358.2300109863281,357.82000732421875,357.82000732421875,3493
2026-10-07 09:48:00,1791380880,CDNS,358.0450134277344,358.2699890136719,357.67999267578125,357.67999267578125,4085
2026-10-07 09:49:00,1791380940,CDNS,357.82000732421875,358.17999267578125,357.57000732421875,357.989990234375,5976
2026-10-07 09:50:00,1791381000,CDNS,357.8500061035156,357.8599853515625,357.25,357.25,2964
2026-10-07 09:51:00,1791381060,CDNS,357.17999267578125,357.7300109863281,357.17999267578125,357.7300109863281,2599
2026-10-07 09:52:00,1791381120,CDNS,357.6300048828125,357.635009765625,357.5799865722656,357.5799865722656,1293
2026-10-07 09:53:00,1791381180,CDNS,357.4460144042969,357.6050109863281,357.25,357.2699890136719,3258
2026-10-07 09:54:00,1791381240,CDNS,357.614990234375,358.05999755859375,357.4599914550781,357.4599914550781,3931
2026-10-07 09:55:00,1791381300,CDNS,357.6300048828125,357.82501220703125,357.4599914550781,357.6700134277344,2027
2026-10-07 09:56:00,1791381360,CDNS,357.7650146484375,358.0,357.7650146484375,357.79998779296875,2555
2026-10-07 09:57:00,1791381420,CDNS,357.79998779296875,358.25,357.75,358.25,6841
2026-10-07 09:58:00,1791381480,CDNS,358.2250061035156,358.3900146484375,357.989990234375,358.31500244140625,3815
2026-10-07 09:59:00,1791381540,CDNS,358.31500244140625,358.4649963378906,357.67999267578125,358.0249938964844,5612
2026-10-07 10:00:00,1791381600,CDNS,357.67999267578125,357.67999267578125,356.0,356.1300048828125,6540
2026-10-07 10:01:00,1791381660,CDNS,356.0,356.1300048828125,355.3900146484375,355.635009765625,3315
2026-10-07 10:02:00,1791381720,CDNS,355.8599853515625,355.9299011230469,355.4200134277344,355.9299011230469,2284
2026-10-07 10:03:00,1791381780,CDNS,355.67498779296875,355.67498779296875,354.510009765625,354.8599853515625,6718
2026-10-07 10:04:00,1791381840,CDNS,354.7200012207031,354.8500061035156,354.4700012207031,354.4700012207031,3637
2026-10-07 10:05:00,1791381900,CDNS,354.3900146484375,354.3900146484375,354.0899963378906,354.0899963378906,693
2026-10-07 10:06:00,1791381960,CDNS,354.0199890136719,354.1050109863281,353.8399963378906,354.0450134277344,3651
2026-10-07 10:07:00,1791382020,CDNS,354.3699951171875,354.760009765625,354.0450134277344,354.57000732421875,5416
2026-10-07 10:08:00,1791382080,CDNS,354.57000732421875,355.1600036621094,354.35101318359375,354.9700012207031,4884
2026-10-07 10:09:00,1791382140,CDNS,355.3699035644531,355.3699035644531,354.7149963378906,354.75,3961
2026-10-07 10:10:00,1791382200,CDNS,354.7200012207031,354.75860595703125,354.6600036621094,354.7250061035156,2179
2026-10-07 10:11:00,1791382260,CDNS,354.57000732421875,355.0459899902344,354.4800109863281,355.0459899902344,5384
2026-10-07 10:12:00,1791382320,CDNS,355.0,355.010009765625,354.79998779296875,354.8599853515625,907
2026-10-07 10:13:00,1791382380,CDNS,354.9150085449219,354.9150085449219,354.57000732421875,354.7900085449219,21394
2026-10-07 10:14:00,1791382440,CDNS,354.614990234375,355.4198913574219,354.614990234375,355.07000732421875,5253
2026-10-07 10:15:00,1791382500,CDNS,355.07000732421875,355.56500244140625,355.07000732421875,355.30999755859375,3140
2026-10-07 10:16:00,1791382560,CDNS,355.05999755859375,355.7149963378906,354.95001220703125,355.7149963378906,4011
2026-10-07 10:17:00,1791382620,CDNS,355.8299865722656,355.8349914550781,355.8299865722656,355.8349914550781,295
2026-10-07 10:18:00,1791382680,CDNS,355.8349914550781,355.8450012207031,355.8349914550781,355.8450012207031,482
2026-10-07 10:19:00,1791382740,CDNS,355.8450012207031,356.260009765625,355.81500244140625,355.9599914550781,1497
2026-10-07 10:20:00,1791382800,CDNS,356.32501220703125,356.4049987792969,356.32501220703125,356.4049987792969,434
2026-10-07 10:21:00,1791382860,CDNS,356.5799865722656,356.94000244140625,356.5799865722656,356.8299865722656,2764
2026-10-07 10:22:00,1791382920,CDNS,356.82000732421875,356.82000732421875,356.82000732421875,356.82000732421875,236
2026-10-07 10:23:00,1791382980,CDNS,356.8900146484375,357.17999267578125,356.82000732421875,356.9700012207031,2463
2026-10-07 10:24:00,1791383040,CDNS,356.9844055175781,357.0899963378906,356.9844055175781,357.0899963378906,1316
2026-10-07 10:25:00,1791383100,CDNS,357.0199890136719,357.30999755859375,356.75,357.0150146484375,5701
2026-10-07 10:26:00,1791383160,CDNS,357.0150146484375,357.05499267578125,356.4601135253906,356.4601135253906,2019
2026-10-07 10:27:00,1791383220,CDNS,356.44000244140625,356.4599914550781,356.0,356.2300109863281,1598
2026-10-07 10:28:00,1791383280,CDNS,356.0,356.0799865722656,355.94000244140625,355.989990234375,1475
2026-10-07 10:29:00,1791383340,CDNS,355.989990234375,356.1099853515625,355.989990234375,356.0,1107
2026-10-07 10:30:00,1791383400,CDNS,356.17999267578125,356.2099914550781,355.95001220703125,356.114990234375,2037
2026-10-07 10:31:00,1791383460,CDNS,356.25,356.25,356.1499938964844,356.25,553
2026-10-07 10:32:00,1791383520,CDNS,356.3800048828125,356.3800048828125,355.239990234375,355.4054870605469,2932
2026-10-07 10:33:00,1791383580,CDNS,355.3699951171875,355.4800109863281,354.82501220703125,355.010009765625,1696
2026-10-07 10:34:00,1791383640,CDNS,354.8949890136719,355.17999267578125,354.8949890136719,355.0799865722656,1499
2026-10-07 10:35:00,1791383700,CDNS,354.82000732421875,354.82000732421875,354.6400146484375,354.760009765625,1120
2026-10-07 10:36:00,1791383760,CDNS,354.7449951171875,354.989990234375,354.7449951171875,354.989990234375,1275
2026-10-07 10:37:00,1791383820,CDNS,355.2300109863281,355.260009765625,354.92999267578125,354.92999267578125,2956
2026-10-07 10:38:00,1791383880,CDNS,354.79998779296875,354.95001220703125,354.3900146484375,354.635009765625,3113
2026-10-07 10:39:00,1791383940,CDNS,354.8399963378906,354.8399963378906,354.8399963378906,354.8399963378906,456
2026-10-07 10:40:00,1791384000,CDNS,355.0199890136719,355.0849914550781,354.7099914550781,354.8299865722656,2406
2026-10-07 10:41:00,1791384060,CDNS,354.8299865722656,355.1199951171875,354.8299865722656,355.0450134277344,1878
2026-10-07 10:42:00,1791384120,CDNS,355.1099853515625,355.3800048828125,355.1099853515625,355.30999755859375,1191
2026-10-07 10:43:00,1791384180,CDNS,355.31500244140625,355.31500244140625,355.2699890136719,355.2799987792969,563
2026-10-07 10:44:00,1791384240,CDNS,355.1700134277344,355.3299865722656,355.1600036621094,355.1700134277344,3007
2026-10-07 10:45:00,1791384300,CDNS,355.1600036621094,355.1600036621094,354.8599853515625,354.8599853515625,4600
2026-10-07 10:46:00,1791384360,CDNS,354.9599914550781,355.20001220703125,354.8699951171875,355.1700134277344,5143
2026-10-07 10:47:00,1791384420,CDNS,355.1000061035156,355.2300109863281,355.1000061035156,355.2300109863281,2175
2026-10-07 10:48:00,1791384480,CDNS,355.32000732421875,355.6300048828125,355.32000732421875,355.4200134277344,1414
2026-10-07 10:49:00,1791384540,CDNS,355.4200134277344,355.4200134277344,355.17498779296875,355.17498779296875,6701
2026-10-07 10:50:00,1791384600,CDNS,355.17999267578125,355.2074890136719,355.07000732421875,355.19500732421875,1280
2026-10-07 10:51:00,1791384660,CDNS,355.19500732421875,355.42999267578125,355.19500732421875,355.29998779296875,1279
2026-10-07 10:52:00,1791384720,CDNS,355.19000244140625,355.70001220703125,355.19000244140625,355.57000732421875,1899
2026-10-07 10:53:00,1791384780,CDNS,355.54998779296875,355.760009765625,355.54998779296875,355.760009765625,882
2026-10-07 10:54:00,1791384840,CDNS,355.6000061035156,355.9800109863281,355.6000061035156,355.9800109863281,1592
2026-10-07 10:55:00,1791384900,CDNS,355.9100036621094,355.9800109863281,355.8900146484375,355.8900146484375,417
2026-10-07 10:56:00,1791384960,CDNS,355.95001220703125,356.0799865722656,355.82000732421875,355.95001220703125,1800
2026-10-07 10:57:00,1791385020,CDNS,355.9800109863281,356.1099853515625,355.95001220703125,356.1099853515625,1456
2026-10-07 10:58:00,1791385080,CDNS,356.0849914550781,356.0849914550781,355.739990234375,355.9949951171875,4122
2026-10-07 10:59:00,1791385140,CDNS,356.0199890136719,356.45001220703125,355.9800109863281,356.30999755859375,1537
2026-10-07 11:00:00,1791385200,CDNS,356.4150085449219,356.6000061035156,356.38250732421875,356.38250732421875,1500
2026-10-07 11:01:00,1791385260,CDNS,356.23748779296875,356.23748779296875,356.03509521484375,356.03509521484375,4977
2026-10-07 11:02:00,1791385320,CDNS,356.0299987792969,356.3349914550781,356.0299987792969,356.3349914550781,2046
2026-10-07 11:03:00,1791385380,CDNS,356.25,356.25,355.95001220703125,356.0400085449219,6308
2026-10-07 11:04:00,1791385440,CDNS,356.2200012207031,357.0950012207031,356.20001220703125,357.0950012207031,6124
2026-10-07 11:05:00,1791385500,CDNS,357.1600036621094,357.1600036621094,356.75,356.75,2575
2026-10-07 11:06:00,1791385560,CDNS,356.6700134277344,356.9049987792969,356.6050109863281,356.9049987792969,1423
2026-10-07 11:07:00,1791385620,CDNS,356.8900146484375,357.1300048828125,356.4599914550781,356.4601135253906,5280
2026-10-07 11:08:00,1791385680,CDNS,356.24859619140625,356.79998779296875,356.24859619140625,356.5350036621094,2338
2026-10-07 11:09:00,1791385740,CDNS,356.4172058105469,356.4172058105469,356.2900085449219,356.3999938964844,960
2026-10-07 11:10:00,1791385800,CDNS,356.2200927734375,356.3699951171875,356.0950012207031,356.3699951171875,1912
2026-10-07 11:11:00,1791385860,CDNS,356.1419982910156,356.2550048828125,356.1199951171875,356.2200012207031,736
2026-10-07 11:12:00,1791385920,CDNS,356.1199951171875,356.1600036621094,355.9599914550781,356.0299987792969,3312
2026-10-07 11:13:00,1791385980,CDNS,355.9700927734375,355.9700927734375,355.9700927734375,355.9700927734375,262
2026-10-07 11:14:00,1791386040,CDNS,356.1700134277344,356.57000732421875,356.1700134277344,356.4849853515625,2548
2026-10-07 11:15:00,1791386100,CDNS,356.3299865722656,356.3399963378906,356.0249938964844,356.0249938964844,2013
2026-10-07 11:16:00,1791386160,CDNS,356.1199951171875,356.5,356.1199951171875,356.5,888
2026-10-07 11:17:00,1791386220,CDNS,356.3699951171875,356.3699951171875,356.3699951171875,356.3699951171875,433
2026-10-07 11:18:00,1791386280,CDNS,356.42498779296875,356.489990234375,356.3999938964844,356.489990234375,1160
2026-10-07 11:19:00,1791386340,CDNS,356.29998779296875,356.3599853515625,356.19000244140625,356.239990234375,1170
2026-10-07 11:20:00,1791386400,CDNS,356.32000732421875,356.5299987792969,356.2099914550781,356.3500061035156,3951
2026-10-07 11:21:00,1791386460,CDNS,356.36248779296875,356.36248779296875,356.1000061035156,356.1000061035156,2643
2026-10-07 11:22:00,1791386520,CDNS,356.0899963378906,356.1000061035156,355.7900085449219,356.0799865722656,2670
2026-10-07 11:23:00,1791386580,CDNS,356.2124938964844,356.3500061035156,355.9100036621094,356.3299865722656,1069
2026-10-07 11:25:00,1791386700,CDNS,356.3299865722656,356.3299865722656,356.1199951171875,356.1199951171875,1392
2026-10-07 11:26:00,1791386760,CDNS,356.1499938964844,356.2099914550781,356.1499938964844,356.20001220703125,621
2026-10-07 11:27:00,1791386820,CDNS,356.20001220703125,356.5199890136719,356.20001220703125,356.5199890136719,503
2026-10-07 11:28:00,1791386880,CDNS,356.29998779296875,356.54998779296875,356.29998779296875,356.54998779296875,430
2026-10-07 11:29:00,1791386940,CDNS,356.4700012207031,356.6449890136719,356.4700012207031,356.6400146484375,804
2026-10-07 11:30:00,1791387000,CDNS,356.7099914550781,356.7099914550781,356.41009521484375,356.5849914550781,3703
2026-10-07 11:31:00,1791387060,CDNS,356.489990234375,356.489990234375,356.29998779296875,356.29998779296875,1403
2026-10-07 11:32:00,1791387120,CDNS,356.3550109863281,356.3699951171875,355.93499755859375,355.93499755859375,2769
2026-10-07 11:33:00,1791387180,CDNS,355.92498779296875,355.92498779296875,355.739990234375,355.739990234375,819
2026-10-07 11:34:00,1791387240,CDNS,355.7300109863281,355.7300109863281,355.7300109863281,355.7300109863281,165
2026-10-07 11:35:00,1791387300,CDNS,355.7300109863281,355.7300109863281,355.4263916015625,355.55999755859375,2303
2026-10-07 11:36:00,1791387360,CDNS,355.6000061035156,355.94000244140625,355.56500244140625,355.94000244140625,1781
2026-10-07 11:37:00,1791387420,CDNS,355.94000244140625,356.010009765625,355.94000244140625,356.010009765625,696
2026-10-07 11:38:00,1791387480,CDNS,355.8599853515625,356.2250061035156,355.8599853515625,356.07000732421875,1574
2026-10-07 11:39:00,1791387540,CDNS,356.07000732421875,356.2200012207031,355.95001220703125,356.0899963378906,2355
2026-10-07 11:40:00,1791387600,CDNS,356.0249938964844,356.1000061035156,356.0249938964844,356.1000061035156,714
2026-10-07 11:41:00,1791387660,CDNS,356.2449951171875,356.3500061035156,356.1000061035156,356.2200012207031,947
2026-10-07 11:42:00,1791387720,CDNS,356.2200012207031,356.3399963378906,356.1000061035156,356.17999267578125,1484
2026-10-07 11:44:00,1791387840,CDNS,356.25,356.4549865722656,356.25,356.4549865722656,668
2026-10-07 11:45:00,1791387900,CDNS,356.3999938964844,356.44000244140625,356.3999938964844,356.40008544921875,799
2026-10-07 11:46:00,1791387960,CDNS,356.3999938964844,356.4700012207031,356.3999938964844,356.4100036621094,766
2026-10-07 11:47:00,1791388020,CDNS,356.55499267578125,356.6600036621094,356.5199890136719,356.6449890136719,776
2026-10-07 11:48:00,1791388080,CDNS,356.5010070800781,356.7200012207031,356.42999267578125,356.7200012207031,2057
2026-10-07 11:49:00,1791388140,CDNS,356.8299865722656,356.8299865722656,356.68499755859375,356.69500732421875,857
2026-10-07 11:50:00,1791388200,CDNS,356.7200012207031,356.82000732421875,356.6300964355469,356.82000732421875,995
2026-10-07 11:51:00,1791388260,CDNS,357.098388671875,357.098388671875,356.8999938964844,356.8999938964844,2754
2026-10-07 11:52:00,1791388320,CDNS,356.81500244140625,356.94000244140625,356.6499938964844,356.885009765625,4810
2026-10-07 11:53:00,1791388380,CDNS,356.9200134277344,357.010009765625,356.8299865722656,356.8500061035156,2095
2026-10-07 11:54:00,1791388440,CDNS,356.80999755859375,356.80999755859375,356.80499267578125,356.80499267578125,1038
2026-10-07 11:55:00,1791388500,CDNS,356.69000244140625,356.79998779296875,356.6809997558594,356.75,737
2026-10-07 11:56:00,1791388560,CDNS,356.67999267578125,356.739990234375,356.5304870605469,356.67498779296875,5639
2026-10-07 11:57:00,1791388620,CDNS,356.7200012207031,356.82000732421875,356.69000244140625,356.82000732421875,767
2026-10-07 11:58:00,1791388680,CDNS,356.6499938964844,356.9750061035156,356.6499938964844,356.9750061035156,6046
2026-10-07 11:59:00,1791388740,CDNS,357.17999267578125,357.32000732421875,357.17999267578125,357.30999755859375,993
2026-10-07 12:00:00,1791388800,CDNS,357.42999267578125,358.07000732421875,357.42999267578125,358.07000732421875,2548
2026-10-07 12:01:00,1791388860,CDNS,358.17999267578125,358.5,357.9599914550781,358.0400085449219,14157
2026-10-07 12:02:00,1791388920,CDNS,358.20001220703125,358.30999755859375,358.1400146484375,358.19500732421875,3803
2026-10-07 12:03:00,1791388980,CDNS,358.2900085449219,358.2900085449219,358.2699890136719,358.2699890136719,401
2026-10-07 12:04:00,1791389040,CDNS,358.2699890136719,358.2900085449219,358.19000244140625,358.2850036621094,673
2026-10-07 12:05:00,1791389100,CDNS,358.2900085449219,358.2900085449219,358.0400085449219,358.1600036621094,4177
2026-10-07 12:06:00,1791389160,CDNS,358.2300109863281,358.260009765625,358.2099914550781,358.2099914550781,570
2026-10-07 12:07:00,1791389220,CDNS,358.2749938964844,358.42999267578125,358.260009765625,358.3599853515625,1771
2026-10-07 12:08:00,1791389280,CDNS,358.510009765625,358.510009765625,358.45001220703125,358.45001220703125,807
2026-10-07 12:09:00,1791389340,CDNS,358.55999755859375,358.67999267578125,358.510009765625,358.510009765625,1070
2026-10-07 12:10:00,1791389400,CDNS,358.5400085449219,358.69000244140625,358.3299865722656,358.4949951171875,10021
2026-10-07 12:11:00,1791389460,CDNS,358.489990234375,358.489990234375,358.0199890136719,358.0199890136719,3337
2026-10-07 12:12:00,1791389520,CDNS,358.0050048828125,358.05999755859375,357.8399963378906,357.8500061035156,2840
2026-10-07 12:13:00,1791389580,CDNS,357.80499267578125,357.8699951171875,357.67999267578125,357.67999267578125,323
2026-10-07 12:14:00,1791389640,CDNS,357.67999267578125,357.67999267578125,357.55999755859375,357.6199951171875,1889
2026-10-07 12:15:00,1791389700,CDNS,357.5190124511719,357.6000061035156,357.510009765625,357.510009765625,624
2026-10-07 12:16:00,1791389760,CDNS,357.510009765625,357.5799865722656,357.260009765625,357.3399963378906,1588
2026-10-07 12:17:00,1791389820,CDNS,357.5199890136719,357.54998779296875,357.385009765625,357.4599914550781,1802
2026-10-07 12:18:00,1791389880,CDNS,357.3999938964844,357.4100036621094,357.29998779296875,357.32501220703125,2084
2026-10-07 12:19:00,1791389940,CDNS,357.32501220703125,357.3299865722656,357.1499938964844,357.17999267578125,2209
2026-10-07 12:20:00,1791390000,CDNS,357.1499938964844,357.19000244140625,357.1000061035156,357.1300048828125,1094
2026-10-07 12:21:00,1791390060,CDNS,357.1300048828125,357.1600036621094,356.875,356.8999938964844,3450
2026-10-07 12:22:00,1791390120,CDNS,357.0199890136719,357.0199890136719,356.9700012207031,356.9849853515625,1302
2026-10-07 12:23:00,1791390180,CDNS,357.0899963378906,357.1099853515625,357.0899963378906,357.1099853515625,429
2026-10-07 12:24:00,1791390240,CDNS,357.1700134277344,357.25,356.8900146484375,356.8900146484375,996
2026-10-07 12:25:00,1791390300,CDNS,356.9649963378906,356.9649963378906,356.7799987792969,356.80999755859375,1991
2026-10-07 12:26:00,1791390360,CDNS,356.80999755859375,357.0199890136719,356.70001220703125,356.9800109863281,4762
2026-10-07 12:27:00,1791390420,CDNS,356.9800109863281,356.9800109863281,356.94500732421875,356.94500732421875,1576
2026-10-07 12:29:00,1791390540,CDNS,356.80999755859375,356.80999755859375,356.80999755859375,356.80999755859375,126
2026-10-07 12:30:00,1791390600,CDNS,356.8349914550781,356.989990234375,356.79998779296875,356.989990234375,2982
2026-10-07 12:31:00,1791390660,CDNS,357.07000732421875,357.1300048828125,356.95001220703125,357.125,1407
2026-10-07 12:32:00,1791390720,CDNS,357.2200012207031,357.2799987792969,357.04998779296875,357.2749938964844,2688
2026-10-07 12:33:00,1791390780,CDNS,357.1643981933594,357.2099914550781,357.04998779296875,357.04998779296875,580
2026-10-07 12:34:00,1791390840,CDNS,357.1549987792969,357.1549987792969,357.010009765625,357.0199890136719,2700
2026-10-07 12:35:00,1791390900,CDNS,357.0150146484375,357.0150146484375,356.7799987792969,356.79998779296875,2862
2026-10-07 12:36:00,1791390960,CDNS,356.8500061035156,356.8500061035156,356.8500061035156,356.8500061035156,788
2026-10-07 12:37:00,1791391020,CDNS,356.8599853515625,356.9200134277344,356.8500061035156,356.8500061035156,1019
2026-10-07 12:38:00,1791391080,CDNS,356.9200134277344,356.95001220703125,356.9200134277344,356.95001220703125,1033
2026-10-07 12:39:00,1791391140,CDNS,356.92498779296875,356.92498779296875,356.3800048828125,356.4800109863281,3880
2026-10-07 12:40:00,1791391200,CDNS,356.489990234375,356.489990234375,356.3800048828125,356.489990234375,1347
2026-10-07 12:41:00,1791391260,CDNS,356.5799865722656,356.6000061035156,356.5799865722656,356.5849914550781,623
2026-10-07 12:43:00,1791391380,CDNS,356.7099914550781,356.92999267578125,356.6650085449219,356.739990234375,4981
2026-10-07 12:44:00,1791391440,CDNS,356.8800048828125,356.8900146484375,356.7850036621094,356.8900146484375,1679
2026-10-07 12:45:00,1791391500,CDNS,357.0050048828125,357.1199951171875,356.9700012207031,356.9750061035156,3596
2026-10-07 12:46:00,1791391560,CDNS,356.9800109863281,357.05499267578125,356.7699890136719,356.864990234375,2067
2026-10-07 12:47:00,1791391620,CDNS,356.8522033691406,356.9599914550781,356.7900085449219,356.9599914550781,1147
2026-10-07 12:48:00,1791391680,CDNS,356.8949890136719,357.0701904296875,356.8949890136719,357.07000732421875,1260
2026-10-07 12:49:00,1791391740,CDNS,357.0899963378906,357.239990234375,357.0899963378906,357.2349853515625,3249
2026-10-07 12:50:00,1791391800,CDNS,357.3865966796875,357.3999938964844,357.32501220703125,357.32501220703125,2099
2026-10-07 12:51:00,1791391860,CDNS,357.375,357.375,357.1809997558594,357.3599853515625,648
2026-10-07 12:52:00,1791391920,CDNS,357.25250244140625,357.489990234375,357.20001220703125,357.489990234375,2314
2026-10-07 12:53:00,1791391980,CDNS,357.42999267578125,357.42999267578125,357.29998779296875,357.4100036621094,2942
2026-10-07 12:54:00,1791392040,CDNS,357.364990234375,357.364990234375,357.239990234375,357.239990234375,3632
2026-10-07 12:55:00,1791392100,CDNS,357.2200012207031,357.3500061035156,357.17498779296875,357.3500061035156,1497
2026-10-07 12:56:00,1791392160,CDNS,357.3500061035156,357.5199890136719,357.3500061035156,357.4200134277344,1622
2026-10-07 12:57:00,1791392220,CDNS,357.57000732421875,357.5799865722656,357.55499267578125,357.55499267578125,544
2026-10-07 12:58:00,1791392280,CDNS,357.55499267578125,357.67999267578125,357.55499267578125,357.6099853515625,1803
2026-10-07 12:59:00,1791392340,CDNS,357.6449890136719,357.6449890136719,357.6449890136719,357.6449890136719,183
2026-10-07 13:00:00,1791392400,CDNS,357.5299987792969,357.9601135253906,357.5,357.95001220703125,2552
2026-10-07 13:01:00,1791392460,CDNS,358.0400085449219,358.0400085449219,357.8399963378906,357.9599914550781,1094
2026-10-07 13:02:00,1791392520,CDNS,357.9599914550781,358.18499755859375,357.8900146484375,358.18499755859375,2979
2026-10-07 13:03:00,1791392580,CDNS,358.1199951171875,358.2174987792969,358.0799865722656,358.197509765625,5362
2026-10-07 13:04:00,1791392640,CDNS,358.3241882324219,358.65679931640625,358.17498779296875,358.3999938964844,2945
2026-10-07 13:05:00,1791392700,CDNS,358.3699951171875,358.67498779296875,358.3699951171875,358.67498779296875,1092
2026-10-07 13:06:00,1791392760,CDNS,358.7950134277344,358.9837951660156,358.635009765625,358.9837951660156,512
2026-10-07 13:07:00,1791392820,CDNS,358.7749938964844,358.82000732421875,358.55999755859375,358.82000732421875,752
2026-10-07 13:08:00,1791392880,CDNS,358.94000244140625,359.0,358.80999755859375,358.9849853515625,1959
2026-10-07 13:09:00,1791392940,CDNS,359.1099853515625,359.1099853515625,359.1099853515625,359.1099853515625,678
2026-10-07 13:10:00,1791393000,CDNS,359.135009765625,359.17999267578125,358.95001220703125,359.0950012207031,1136
2026-10-07 13:11:00,1791393060,CDNS,359.1600036621094,359.54998779296875,359.1600036621094,359.54998779296875,1023
2026-10-07 13:12:00,1791393120,CDNS,359.5400085449219,359.5899963378906,359.3999938964844,359.5899963378906,1484
2026-10-07 13:13:00,1791393180,CDNS,359.6099853515625,359.6199951171875,359.4360046386719,359.4360046386719,561
2026-10-07 13:14:00,1791393240,CDNS,359.56500244140625,359.70001220703125,359.29998779296875,359.44000244140625,9240
2026-10-07 13:15:00,1791393300,CDNS,359.3500061035156,359.3500061035156,358.9849853515625,359.0199890136719,2103
2026-10-07 13:16:00,1791393360,CDNS,359.1700134277344,359.3599853515625,358.99029541015625,359.3599853515625,2511
2026-10-07 13:17:00,1791393420,CDNS,359.510009765625,359.5799865722656,359.24249267578125,359.5799865722656,2453
2026-10-07 13:18:00,1791393480,CDNS,359.4949951171875,359.9200134277344,359.4949951171875,359.9200134277344,1255
2026-10-07 13:21:00,1791393660,CDNS,359.7699890136719,359.9599914550781,359.57000732421875,359.9599914550781,3525
2026-10-07 13:22:00,1791393720,CDNS,359.82000732421875,359.9100036621094,359.6549987792969,359.82501220703125,2686
2026-10-07 13:23:00,1791393780,CDNS,360.0,360.2550048828125,360.0,360.2550048828125,1971
2026-10-07 13:24:00,1791393840,CDNS,360.2550048828125,360.42999267578125,360.2550048828125,360.42999267578125,514
2026-10-07 13:25:00,1791393900,CDNS,360.2550048828125,360.3299865722656,360.18499755859375,360.32000732421875,1557
2026-10-07 13:26:00,1791393960,CDNS,360.25,360.25,359.94000244140625,359.94000244140625,6817
2026-10-07 13:27:00,1791394020,CDNS,359.9024963378906,360.05999755859375,359.9024963378906,360.0249938964844,1141
2026-10-07 13:28:00,1791394080,CDNS,359.92498779296875,360.0299987792969,359.8299865722656,360.0299987792969,1045
2026-10-07 13:29:00,1791394140,CDNS,359.7900085449219,359.885498046875,359.75,359.885498046875,1172
2026-10-07 13:30:00,1791394200,CDNS,359.7349853515625,359.8399963378906,359.7349853515625,359.8399963378906,1265
2026-10-07 13:31:00,1791394260,CDNS,359.7550048828125,359.7550048828125,359.7550048828125,359.7550048828125,213
2026-10-07 13:32:00,1791394320,CDNS,359.8299865722656,359.8399963378906,359.7875061035156,359.7875061035156,413
2026-10-07 13:33:00,1791394380,CDNS,359.79998779296875,359.9800109863281,359.75,359.8900146484375,990
2026-10-07 13:34:00,1791394440,CDNS,359.989990234375,360.1300048828125,359.989990234375,360.05499267578125,1317
2026-10-07 13:35:00,1791394500,CDNS,360.0450134277344,360.19000244140625,359.989990234375,360.0950012207031,1954
2026-10-07 13:36:00,1791394560,CDNS,360.0950012207031,360.0950012207031,360.0799865722656,360.0799865722656,484
2026-10-07 13:37:00,1791394620,CDNS,360.1400146484375,360.3299865722656,360.1400146484375,360.32501220703125,2501
2026-10-07 13:38:00,1791394680,CDNS,360.2449951171875,360.30999755859375,360.239990234375,360.239990234375,552
2026-10-07 13:39:00,1791394740,CDNS,360.260009765625,360.3599853515625,360.260009765625,360.2900085449219,1985
2026-10-07 13:40:00,1791394800,CDNS,360.2099914550781,360.2300109863281,359.875,359.9700012207031,6639
2026-10-07 13:41:00,1791394860,CDNS,359.9700012207031,360.05999755859375,359.9200134277344,359.989990234375,2243
2026-10-07 13:42:00,1791394920,CDNS,360.0400085449219,360.05999755859375,359.864990234375,360.0,2084
2026-10-07 13:43:00,1791394980,CDNS,360.010009765625,360.2200012207031,359.9649963378906,360.2099914550781,4838
2026-10-07 13:44:00,1791395040,CDNS,360.1499938964844,360.29998779296875,360.1499938964844,360.29998779296875,2763
2026-10-07 13:45:00,1791395100,CDNS,360.3800048828125,360.3800048828125,360.2749938964844,360.2950134277344,473
2026-10-07 13:46:00,1791395160,CDNS,360.2950134277344,360.4800109863281,360.2300109863281,360.4800109863281,3917
2026-10-07 13:47:00,1791395220,CDNS,360.54998779296875,360.7200012207031,360.3299865722656,360.3299865722656,4901
2026-10-07 13:48:00,1791395280,CDNS,360.30999755859375,360.46661376953125,359.8699951171875,359.8699951171875,3695
2026-10-07 13:49:00,1791395340,CDNS,359.6600036621094,359.6600036621094,359.6600036621094,359.6600036621094,215
2026-10-07 13:50:00,1791395400,CDNS,359.6499938964844,359.6499938964844,359.4049987792969,359.4049987792969,1874
2026-10-07 13:51:00,1791395460,CDNS,359.2900085449219,359.2900085449219,359.2900085449219,359.2900085449219,159
2026-10-07 13:52:00,1791395520,CDNS,359.54998779296875,359.54998779296875,359.2550048828125,359.2550048828125,1390
2026-10-07 13:53:00,1791395580,CDNS,359.4150085449219,359.55999755859375,359.29998779296875,359.4200134277344,2140
2026-10-07 13:54:00,1791395640,CDNS,359.3599853515625,359.3599853515625,358.989990234375,359.010009765625,4149
2026-10-07 13:55:00,1791395700,CDNS,359.010009765625,359.1199951171875,358.989990234375,359.1099853515625,1257
2026-10-07 13:56:00,1791395760,CDNS,359.0150146484375,359.1698913574219,359.0150146484375,359.1698913574219,486
2026-10-07 13:57:00,1791395820,CDNS,359.0150146484375,359.1700134277344,359.0150146484375,359.0199890136719,943
2026-10-07 13:58:00,1791395880,CDNS,359.010009765625,359.010009765625,358.7900085449219,358.7900085449219,2233
2026-10-07 13:59:00,1791395940,CDNS,358.75,358.7550048828125,358.75,358.7550048828125,806
2026-10-07 14:00:00,1791396000,CDNS,358.6449890136719,359.05999755859375,358.6449890136719,359.05999755859375,2770
2026-10-07 14:01:00,1791396060,CDNS,358.8500061035156,358.8500061035156,358.5799865722656,358.6000061035156,3309
2026-10-07 14:02:00,1791396120,CDNS,358.7300109863281,358.8800048828125,358.7300109863281,358.8800048828125,2374
2026-10-07 14:03:00,1791396180,CDNS,358.9599914550781,358.9800109863281,358.94000244140625,358.94000244140625,652
2026-10-07 14:04:00,1791396240,CDNS,358.8999938964844,359.239990234375,358.8999938964844,359.239990234375,1809
2026-10-07 14:05:00,1791396300,CDNS,359.1449890136719,359.1449890136719,359.1000061035156,359.1449890136719,1428
2026-10-07 14:06:00,1791396360,CDNS,359.0400085449219,359.1400146484375,358.9200134277344,358.9200134277344,3552
2026-10-07 14:07:00,1791396420,CDNS,358.9100036621094,359.0150146484375,358.8699951171875,358.8999938964844,2627
2026-10-07 14:08:00,1791396480,CDNS,358.8599853515625,358.989990234375,358.79998779296875,358.90008544921875,2752
2026-10-07 14:09:00,1791396540,CDNS,358.80999755859375,359.0,358.80999755859375,358.9200134277344,1150
2026-10-07 14:10:00,1791396600,CDNS,358.9200134277344,358.9200134277344,358.9200134277344,358.9200134277344,946
2026-10-07 14:11:00,1791396660,CDNS,358.9200134277344,359.135009765625,358.9200134277344,358.95001220703125,3148
2026-10-07 14:12:00,1791396720,CDNS,358.95001220703125,359.07000732421875,358.95001220703125,359.010009765625,1111
2026-10-07 14:13:00,1791396780,CDNS,358.95001220703125,358.95001220703125,358.8399963378906,358.8900146484375,1352
2026-10-07 14:14:00,1791396840,CDNS,358.8900146484375,359.1000061035156,358.8900146484375,359.1000061035156,1889
2026-10-07 14:15:00,1791396900,CDNS,359.010009765625,359.010009765625,359.010009765625,359.010009765625,482
2026-10-07 14:16:00,1791396960,CDNS,359.07501220703125,359.1199951171875,359.0392150878906,359.0799865722656,640
2026-10-07 14:17:00,1791397020,CDNS,359.0799865722656,359.0799865722656,359.03009033203125,359.03009033203125,676
2026-10-07 14:18:00,1791397080,CDNS,359.1600036621094,359.32501220703125,359.0801086425781,359.32501220703125,2586
2026-10-07 14:19:00,1791397140,CDNS,359.3500061035156,359.54998779296875,359.2099914550781,359.30999755859375,11417
2026-10-07 14:20:00,1791397200,CDNS,359.30999755859375,359.30999755859375,359.29998779296875,359.29998779296875,746
2026-10-07 14:21:00,1791397260,CDNS,359.2200012207031,359.4800109863281,359.1400146484375,359.3699951171875,5130
2026-10-07 14:22:00,1791397320,CDNS,359.3699951171875,359.510009765625,359.19000244140625,359.2749938964844,1742
2026-10-07 14:23:00,1791397380,CDNS,359.2699890136719,359.2699890136719,359.1499938964844,359.1499938964844,477
2026-10-07 14:24:00,1791397440,CDNS,359.2699890136719,359.2749938964844,359.17498779296875,359.2749938964844,1737
2026-10-07 14:25:00,1791397500,CDNS,359.25,359.2699890136719,359.17999267578125,359.2300109863281,1073
2026-10-07 14:26:00,1791397560,CDNS,359.2699890136719,359.2699890136719,359.1000061035156,359.20001220703125,3031
2026-10-07 14:27:00,1791397620,CDNS,359.2699890136719,359.32000732421875,359.2349853515625,359.2749938964844,2509
2026-10-07 14:28:00,1791397680,CDNS,359.32000732421875,359.32000732421875,359.2699890136719,359.2749938964844,1178
2026-10-07 14:29:00,1791397740,CDNS,359.32000732421875,359.42999267578125,359.30999755859375,359.42999267578125,1584
2026-10-07 14:30:00,1791397800,CDNS,359.4375,359.4375,359.4375,359.4375,519
2026-10-07 14:31:00,1791397860,CDNS,359.3900146484375,359.3900146484375,358.9700012207031,359.0400085449219,6427
2026-10-07 14:32:00,1791397920,CDNS,359.0450134277344,359.05499267578125,358.9700012207031,358.9800109863281,1944
2026-10-07 14:33:00,1791397980,CDNS,359.0150146484375,359.07000732421875,358.7900085449219,358.8299865722656,6025
2026-10-07 14:34:00,1791398040,CDNS,358.7200012207031,358.8367919921875,358.7200012207031,358.79998779296875,725
2026-10-07 14:35:00,1791398100,CDNS,358.7749938964844,358.80999755859375,358.70001220703125,358.80999755859375,3467
2026-10-07 14:36:00,1791398160,CDNS,358.79998779296875,358.8800048828125,358.79998779296875,358.8800048828125,1626
2026-10-07 14:37:00,1791398220,CDNS,358.8399963378906,358.8399963378906,358.7300109863281,358.7300109863281,771
2026-10-07 14:38:00,1791398280,CDNS,358.7300109863281,358.7300109863281,358.65008544921875,358.7250061035156,923
2026-10-07 14:39:00,1791398340,CDNS,358.7799987792969,358.79998779296875,358.7250061035156,358.7250061035156,1319
2026-10-07 14:40:00,1791398400,CDNS,358.7300109863281,358.8800048828125,358.7300109863281,358.875,2177
2026-10-07 14:41:00,1791398460,CDNS,358.8900146484375,359.1099853515625,358.885009765625,359.1099853515625,1588
2026-10-07 14:42:00,1791398520,CDNS,359.0849914550781,359.1600036621094,358.96099853515625,358.96099853515625,2699
2026-10-07 14:43:00,1791398580,CDNS,359.0400085449219,359.0400085449219,358.9599914550781,358.9599914550781,542
2026-10-07 14:44:00,1791398640,CDNS,359.05999755859375,359.4599914550781,359.04998779296875,359.42010498046875,2003
2026-10-07 14:45:00,1791398700,CDNS,359.4200134277344,359.4599914550781,359.3299865722656,359.3349914550781,4840
2026-10-07 14:46:00,1791398760,CDNS,359.4100036621094,359.6300048828125,359.4100036621094,359.6300048828125,2139
2026-10-07 14:47:00,1791398820,CDNS,359.6449890136719,359.6449890136719,359.45001220703125,359.55499267578125,2539
2026-10-07 14:48:00,1791398880,CDNS,359.67498779296875,359.67498779296875,359.67498779296875,359.67498779296875,521
2026-10-07 14:49:00,1791398940,CDNS,359.5799865722656,359.760009765625,359.57000732421875,359.760009765625,1667
2026-10-07 14:50:00,1791399000,CDNS,359.8399963378906,359.864990234375,359.6499938964844,359.6600036621094,3338
2026-10-07 14:51:00,1791399060,CDNS,359.67999267578125,359.67999267578125,359.6400146484375,359.6400146484375,552
2026-10-07 14:52:00,1791399120,CDNS,359.79998779296875,359.79998779296875,359.17498779296875,359.510009765625,5555
2026-10-07 14:53:00,1791399180,CDNS,359.510009765625,359.739990234375,359.510009765625,359.635009765625,1448
2026-10-07 14:54:00,1791399240,CDNS,359.6300048828125,359.6300048828125,359.55999755859375,359.6300048828125,706
2026-10-07 14:55:00,1791399300,CDNS,359.6300048828125,359.7300109863281,359.510009765625,359.510009765625,2769
2026-10-07 14:56:00,1791399360,CDNS,359.510009765625,359.54888916015625,359.4599914550781,359.4599914550781,1387
2026-10-07 14:57:00,1791399420,CDNS,359.3999938964844,359.5199890136719,359.3999938964844,359.4100036621094,1793
2026-10-07 14:58:00,1791399480,CDNS,359.4100036621094,359.4950866699219,359.4100036621094,359.4800109863281,365
2026-10-07 14:59:00,1791399540,CDNS,359.4800109863281,359.5799865722656,359.44000244140625,359.510009765625,2072
2026-10-07 15:00:00,1791399600,CDNS,359.5799865722656,359.5849914550781,359.3999938964844,359.3999938964844,2973
2026-10-07 15:01:00,1791399660,CDNS,359.3999938964844,359.4700012207031,359.3999938964844,359.4700012207031,1117
2026-10-07 15:02:00,1791399720,CDNS,359.4700012207031,359.4800109863281,359.2749938964844,359.44000244140625,5458
2026-10-07 15:03:00,1791399780,CDNS,359.44000244140625,359.5874938964844,359.3699951171875,359.3699951171875,3298
2026-10-07 15:04:00,1791399840,CDNS,359.43499755859375,359.6300048828125,359.43499755859375,359.6000061035156,3012
2026-10-07 15:05:00,1791399900,CDNS,359.6099853515625,359.6099853515625,359.2250061035156,359.3500061035156,7295
2026-10-07 15:06:00,1791399960,CDNS,359.3999938964844,359.5299987792969,359.3999938964844,359.4649963378906,1981
2026-10-07 15:07:00,1791400020,CDNS,359.5350036621094,359.5350036621094,359.5350036621094,359.5350036621094,282
2026-10-07 15:08:00,1791400080,CDNS,359.4700012207031,359.5899963378906,359.4599914550781,359.510009765625,1656
2026-10-07 15:09:00,1791400140,CDNS,359.42999267578125,359.5899963378906,359.4200134277344,359.4200134277344,1567
2026-10-07 15:10:00,1791400200,CDNS,359.4200134277344,359.5159912109375,359.3800048828125,359.3800048828125,2389
2026-10-07 15:11:00,1791400260,CDNS,359.385009765625,359.54998779296875,359.385009765625,359.4700012207031,2640
2026-10-07 15:12:00,1791400320,CDNS,359.4700012207031,359.5315856933594,359.385009765625,359.45001220703125,1866
2026-10-07 15:13:00,1791400380,CDNS,359.42498779296875,359.54998779296875,359.42498779296875,359.5050048828125,1557
2026-10-07 15:14:00,1791400440,CDNS,359.5,359.57501220703125,359.45001220703125,359.45001220703125,2617
2026-10-07 15:15:00,1791400500,CDNS,359.45001220703125,359.510009765625,359.45001220703125,359.45001220703125,1235
2026-10-07 15:16:00,1791400560,CDNS,359.45001220703125,359.4800109863281,359.3900146484375,359.3900146484375,2850
2026-10-07 15:17:00,1791400620,CDNS,359.4049987792969,359.45001220703125,359.360107421875,359.3658142089844,1122
2026-10-07 15:18:00,1791400680,CDNS,359.45001220703125,359.45001220703125,359.20001220703125,359.375,5877
2026-10-07 15:19:00,1791400740,CDNS,359.4599914550781,359.5851135253906,359.385009765625,359.5851135253906,2030
2026-10-07 15:20:00,1791400800,CDNS,359.6099853515625,359.75,359.6099853515625,359.7025146484375,1368
2026-10-07 15:21:00,1791400860,CDNS,359.6199951171875,359.70001220703125,359.6099853515625,359.6650085449219,2467
2026-10-07 15:22:00,1791400920,CDNS,359.6650085449219,359.739990234375,359.5950012207031,359.7049865722656,2153
2026-10-07 15:23:00,1791400980,CDNS,359.69500732421875,359.75,359.69500732421875,359.75,663
2026-10-07 15:24:00,1791401040,CDNS,359.760009765625,359.760009765625,359.70001220703125,359.70001220703125,1144
2026-10-07 15:25:00,1791401100,CDNS,359.70001220703125,359.70001220703125,359.2749938964844,359.2919921875,7200
2026-10-07 15:26:00,1791401160,CDNS,359.3236083984375,359.3699951171875,359.2099914550781,359.2099914550781,3373
2026-10-07 15:27:00,1791401220,CDNS,359.2099914550781,359.2200012207031,358.67999267578125,358.7300109863281,5341
2026-10-07 15:28:00,1791401280,CDNS,358.82000732421875,359.1199951171875,358.7799987792969,359.1050109863281,4681
2026-10-07 15:29:00,1791401340,CDNS,359.0400085449219,359.1000061035156,358.9949951171875,359.0150146484375,4465
2026-10-07 15:30:00,1791401400,CDNS,359.0,359.0,358.6400146484375,358.8500061035156,6637
2026-10-07 15:31:00,1791401460,CDNS,358.82501220703125,358.8800048828125,358.4049987792969,358.4200134277344,3887
2026-10-07 15:32:00,1791401520,CDNS,358.4649963378906,358.4649963378906,358.3299865722656,358.42999267578125,3466
2026-10-07 15:33:00,1791401580,CDNS,358.5,358.67999267578125,358.4549865722656,358.6700134277344,4890
2026-10-07 15:34:00,1791401640,CDNS,358.6700134277344,358.7250061035156,358.6700134277344,358.7250061035156,805
2026-10-07 15:35:00,1791401700,CDNS,358.69000244140625,358.69000244140625,357.67999267578125,358.239990234375,29806
2026-10-07 15:36:00,1791401760,CDNS,358.2349853515625,358.2349853515625,358.0,358.0350036621094,2607
2026-10-07 15:37:00,1791401820,CDNS,358.06500244140625,358.06500244140625,357.8550109863281,358.0,5961
2026-10-07 15:38:00,1791401880,CDNS,358.0320129394531,358.0450134277344,357.885009765625,357.885009765625,2045
2026-10-07 15:39:00,1791401940,CDNS,357.9200134277344,358.0,357.82000732421875,357.82000732421875,8256
2026-10-07 15:40:00,1791402000,CDNS,357.79998779296875,357.8299865722656,357.6719970703125,357.67999267578125,5753
2026-10-07 15:41:00,1791402060,CDNS,357.67999267578125,357.7699890136719,357.6600036621094,357.75,5286
2026-10-07 15:42:00,1791402120,CDNS,357.75,358.0299987792969,357.75,358.0150146484375,4840
2026-10-07 15:43:00,1791402180,CDNS,358.0150146484375,358.29998779296875,358.0150146484375,358.2300109863281,8405
2026-10-07 15:44:00,1791402240,CDNS,358.2799987792969,358.44500732421875,358.17999267578125,358.17999267578125,2309
2026-10-07 15:45:00,1791402300,CDNS,358.1400146484375,358.17999267578125,357.8949890136719,357.9200134277344,3087
2026-10-07 15:46:00,1791402360,CDNS,357.8999938964844,358.0400085449219,357.75,357.75,5596
2026-10-07 15:47:00,1791402420,CDNS,357.55999755859375,357.7200012207031,357.3599853515625,357.4599914550781,3120
2026-10-07 15:48:00,1791402480,CDNS,357.4549865722656,357.5400085449219,357.260009765625,357.260009765625,3656
2026-10-07 15:49:00,1791402540,CDNS,357.2900085449219,357.2900085449219,356.88751220703125,356.8900146484375,5967
2026-10-07 15:50:00,1791402600,CDNS,357.05999755859375,357.17999267578125,356.739990234375,356.9750061035156,9501
2026-10-07 15:51:00,1791402660,CDNS,356.9800109863281,357.0799865722656,356.9599914550781,357.0050048828125,7032
2026-10-07 15:52:00,1791402720,CDNS,356.92999267578125,356.92999267578125,356.20001220703125,356.6400146484375,17503
2026-10-07 15:53:00,1791402780,CDNS,356.5799865722656,356.739990234375,356.55999755859375,356.6099853515625,12112
2026-10-07 15:54:00,1791402840,CDNS,356.510009765625,356.57000732421875,356.1000061035156,356.260009765625,17444
2026-10-07 15:55:00,1791402900,CDNS,356.1300048828125,356.2900085449219,355.8999938964844,355.9949951171875,14477
2026-10-07 15:56:00,1791402960,CDNS,355.9949951171875,356.2300109863281,355.9200134277344,356.15399169921875,18701
2026-10-07 15:57:00,1791403020,CDNS,356.19500732421875,356.2799987792969,356.0350036621094,356.0899963378906,29156
2026-10-07 15:58:00,1791403080,CDNS,356.1099853515625,356.29998779296875,356.1000061035156,356.1099853515625,34819
2026-10-07 15:59:00,1791403140,CDNS,356.1099853515625,356.2550048828125,356.04998779296875,356.2300109863281,56484
2026-10-07 16:00:00,1791403200,CDNS,356.1199951171875,356.1199951171875,356.1199951171875,356.1199951171875,0
2026-10-08 09:30:00,1791466200,CDNS,354.0400085449219,354.0400085449219,352.54998779296875,353.7699890136719,15489
2026-10-08 09:31:00,1791466260,CDNS,354.9800109863281,355.4549865722656,354.6455078125,355.135009765625,3199
2026-10-08 09:32:00,1791466320,CDNS,354.5799865722656,355.1050109863281,354.375,354.94000244140625,2139
2026-10-08 09:33:00,1791466380,CDNS,354.0899963378906,354.29998779296875,354.0899963378906,354.29998779296875,567
2026-10-08 09:34:00,1791466440,CDNS,355.9700012207031,356.2699890136719,354.92498779296875,356.2699890136719,1636
2026-10-08 09:35:00,1791466500,CDNS,355.614990234375,355.614990234375,355.614990234375,355.614990234375,363
2026-10-08 09:36:00,1791466560,CDNS,356.6700134277344,356.6700134277344,355.6099853515625,355.6199951171875,1773
2026-10-08 09:37:00,1791466620,CDNS,355.32000732421875,355.7950134277344,355.32000732421875,355.7950134277344,547
2026-10-08 09:38:00,1791466680,CDNS,355.7200012207031,356.4599914550781,355.3699951171875,355.6700134277344,1345
2026-10-08 09:39:00,1791466740,CDNS,355.5669860839844,355.5669860839844,355.1499938964844,355.4200134277344,970
2026-10-08 09:40:00,1791466800,CDNS,355.4599914550781,355.4800109863281,354.989990234375,355.44500732421875,2235
2026-10-08 09:41:00,1791466860,CDNS,355.4551086425781,355.739990234375,354.95001220703125,355.17999267578125,3752
2026-10-08 09:42:00,1791466920,CDNS,355.739990234375,355.739990234375,355.17498779296875,355.243408203125,496
2026-10-08 09:43:00,1791466980,CDNS,355.17498779296875,355.17498779296875,354.20001220703125,354.42999267578125,2083
2026-10-08 09:44:00,1791467040,CDNS,354.5799865722656,355.3900146484375,354.5799865722656,355.3900146484375,774
2026-10-08 09:45:00,1791467100,CDNS,354.6549987792969,355.4100036621094,354.6549987792969,354.8550109863281,508
2026-10-08 09:46:00,1791467160,CDNS,355.25,355.739990234375,355.2149963378906,355.2900085449219,2291
2026-10-08 09:47:00,1791467220,CDNS,355.6400146484375,355.9100036621094,355.2749938964844,355.9100036621094,1285
2026-10-08 09:48:00,1791467280,CDNS,355.44000244140625,355.5,354.94500732421875,355.30499267578125,5149
2026-10-08 09:49:00,1791467340,CDNS,355.30499267578125,356.0799865722656,355.2699890136719,355.8599853515625,2807
2026-10-08 09:50:00,1791467400,CDNS,355.57000732421875,355.74969482421875,355.56500244140625,355.56500244140625,1215
2026-10-08 09:51:00,1791467460,CDNS,355.57501220703125,356.7900085449219,355.57501220703125,356.7799987792969,3668
2026-10-08 09:52:00,1791467520,CDNS,356.5824890136719,356.5849914550781,356.239990234375,356.239990234375,2726
2026-10-08 09:53:00,1791467580,CDNS,356.4599914550781,356.510009765625,356.239990234375,356.31500244140625,1815
2026-10-08 09:54:00,1791467640,CDNS,356.10198974609375,356.4800109863281,356.10198974609375,356.19500732421875,1565
2026-10-08 09:55:00,1791467700,CDNS,356.1549987792969,356.89300537109375,356.1549987792969,356.89300537109375,1624
2026-10-08 09:56:00,1791467760,CDNS,356.5950012207031,356.79998779296875,356.5,356.5,2177
2026-10-08 09:57:00,1791467820,CDNS,356.79998779296875,357.54998779296875,356.5,357.3900146484375,2906
2026-10-08 09:58:00,1791467880,CDNS,357.44500732421875,357.75,357.44500732421875,357.75,1156
2026-10-08 09:59:00,1791467940,CDNS,357.875,357.875,356.8399963378906,356.9549865722656,5460
2026-10-08 10:00:00,1791468000,CDNS,356.7878112792969,356.94219970703125,356.05999755859375,356.4963073730469,3687
2026-10-08 10:01:00,1791468060,CDNS,356.7337951660156,356.7337951660156,356.1199951171875,356.1199951171875,1441
2026-10-08 10:02:00,1791468120,CDNS,355.4100036621094,355.4100036621094,355.2300109863281,355.2300109863281,476
2026-10-08 10:03:00,1791468180,CDNS,355.5400085449219,355.67999267578125,355.29998779296875,355.6600036621094,2077
2026-10-08 10:04:00,1791468240,CDNS,355.30999755859375,355.6499938964844,354.9599914550781,355.2799987792969,3238
2026-10-08 10:05:00,1791468300,CDNS,354.9700012207031,355.2398986816406,354.3900146484375,354.6300048828125,2668
2026-10-08 10:06:00,1791468360,CDNS,354.947509765625,354.9599914550781,354.4649963378906,354.4649963378906,1147
2026-10-08 10:07:00,1791468420,CDNS,354.3699951171875,354.510009765625,354.2699890136719,354.510009765625,2230
2026-10-08 10:08:00,1791468480,CDNS,354.4200134277344,354.67999267578125,354.1199951171875,354.302490234375,3010
2026-10-08 10:09:00,1791468540,CDNS,354.1300048828125,354.4100036621094,354.1099853515625,354.4100036621094,1130
2026-10-08 10:10:00,1791468600,CDNS,354.4100036621094,354.8999938964844,353.9599914550781,354.8599853515625,1287
2026-10-08 10:11:00,1791468660,CDNS,354.9100036621094,354.94500732421875,354.8699951171875,354.94500732421875,1663
2026-10-08 10:12:00,1791468720,CDNS,354.6499938964844,355.1199951171875,354.6499938964844,355.07000732421875,1752
2026-10-08 10:13:00,1791468780,CDNS,355.0799865722656,355.9200134277344,355.0799865722656,355.42999267578125,2907
2026-10-08 10:14:00,1791468840,CDNS,355.375,355.4200134277344,355.0400085449219,355.0400085449219,1191
2026-10-08 10:15:00,1791468900,CDNS,355.2650146484375,355.55999755859375,355.2349853515625,355.55999755859375,851
2026-10-08 10:16:00,1791468960,CDNS,355.6000061035156,356.17999267578125,355.5758972167969,356.17999267578125,2090
2026-10-08 10:17:00,1791469020,CDNS,356.17498779296875,356.3299865722656,355.8299865722656,356.2300109863281,3188
2026-10-08 10:18:00,1791469080,CDNS,355.9599914550781,356.2099914550781,355.92999267578125,355.92999267578125,1188
2026-10-08 10:19:00,1791469140,CDNS,356.05499267578125,356.17999267578125,355.8900146484375,356.05999755859375,1903
2026-10-08 10:20:00,1791469200,CDNS,356.0849914550781,356.1499938964844,355.8793029785156,355.8793029785156,1415
2026-10-08 10:21:00,1791469260,CDNS,355.82000732421875,355.82000732421875,355.5899963378906,355.75,1524
2026-10-08 10:22:00,1791469320,CDNS,355.5350036621094,356.0299987792969,355.5350036621094,355.875,2426
2026-10-08 10:23:00,1791469380,CDNS,355.8800048828125,356.0599060058594,355.875,355.875,771
2026-10-08 10:24:00,1791469440,CDNS,355.864990234375,355.864990234375,355.3999938964844,355.7900085449219,1942
2026-10-08 10:25:00,1791469500,CDNS,356.05999755859375,356.05999755859375,356.05999755859375,356.05999755859375,207
2026-10-08 10:26:00,1791469560,CDNS,356.0,356.0,356.0,356.0,1327
2026-10-08 10:27:00,1791469620,CDNS,355.6199951171875,355.989990234375,355.6199951171875,355.989990234375,882
2026-10-08 10:28:00,1791469680,CDNS,355.80999755859375,356.20001220703125,355.7774963378906,356.20001220703125,2718
2026-10-08 10:29:00,1791469740,CDNS,356.32501220703125,356.6744079589844,356.32501220703125,356.6744079589844,1238
2026-10-08 10:30:00,1791469800,CDNS,356.4949951171875,356.6449890136719,356.3399963378906,356.5350036621094,3075
2026-10-08 10:31:00,1791469860,CDNS,356.6050109863281,356.739990234375,356.3599853515625,356.6549987792969,2123
2026-10-08 10:32:00,1791469920,CDNS,356.7099914550781,357.010009765625,356.7099914550781,356.8800048828125,3701
2026-10-08 10:33:00,1791469980,CDNS,356.8550109863281,356.8550109863281,356.55999755859375,356.6300048828125,2232
2026-10-08 10:34:00,1791470040,CDNS,356.7900085449219,356.7900085449219,356.6524963378906,356.6524963378906,1451
2026-10-08 10:35:00,1791470100,CDNS,356.5299987792969,356.5299987792969,356.51251220703125,356.5150146484375,1167
2026-10-08 10:36:00,1791470160,CDNS,356.5199890136719,356.74749755859375,356.5199890136719,356.74749755859375,748
2026-10-08 10:37:00,1791470220,CDNS,356.5299987792969,356.5299987792969,356.5050048828125,356.5050048828125,1297
2026-10-08 10:38:00,1791470280,CDNS,356.4599914550781,356.5199890136719,356.04998779296875,356.04998779296875,1448
2026-10-08 10:39:00,1791470340,CDNS,356.04998779296875,356.3699951171875,356.04998779296875,356.19000244140625,937
2026-10-08 10:40:00,1791470400,CDNS,356.1199951171875,356.1299133300781,355.42999267578125,355.42999267578125,2602
2026-10-08 10:41:00,1791470460,CDNS,355.3800048828125,355.3949890136719,355.1600036621094,355.1600036621094,1837
2026-10-08 10:42:00,1791470520,CDNS,355.3299865722656,355.3299865722656,355.1549987792969,355.1549987792969,879
2026-10-08 10:43:00,1791470580,CDNS,355.1549987792969,355.1549987792969,355.0400085449219,355.1300048828125,799
2026-10-08 10:44:00,1791470640,CDNS,355.30999755859375,355.4599914550781,355.30499267578125,355.3999938964844,2251
2026-10-08 10:45:00,1791470700,CDNS,355.4599914550781,355.5,355.1700134277344,355.1700134277344,2194
2026-10-08 10:46:00,1791470760,CDNS,355.17999267578125,355.4200134277344,355.17999267578125,355.4200134277344,1812
2026-10-08 10:47:00,1791470820,CDNS,355.42498779296875,355.5299987792969,355.42498779296875,355.5299987792969,912
2026-10-08 10:48:00,1791470880,CDNS,355.68499755859375,355.7349853515625,355.2699890136719,355.2699890136719,2144
2026-10-08 10:49:00,1791470940,CDNS,355.2699890136719,355.2699890136719,355.0299987792969,355.0299987792969,1555
2026-10-08 10:50:00,1791471000,CDNS,354.875,354.94000244140625,354.82000732421875,354.82000732421875,2237
2026-10-08 10:51:00,1791471060,CDNS,354.67999267578125,354.67999267578125,354.625,354.625,647
2026-10-08 10:52:00,1791471120,CDNS,354.44000244140625,354.75,354.44000244140625,354.6400146484375,761
2026-10-08 10:53:00,1791471180,CDNS,354.6300048828125,354.6549987792969,354.44000244140625,354.6549987792969,940
2026-10-08 10:54:00,1791471240,CDNS,354.6449890136719,354.6499938964844,354.6449890136719,354.6449890136719,438
2026-10-08 10:55:00,1791471300,CDNS,354.6449890136719,354.9549865722656,354.6400146484375,354.9549865722656,4057
2026-10-08 10:56:00,1791471360,CDNS,355.07000732421875,355.1300048828125,355.010009765625,355.1050109863281,2728
2026-10-08 10:57:00,1791471420,CDNS,354.9800109863281,355.07000732421875,354.95001220703125,355.0299987792969,2885
2026-10-08 10:58:00,1791471480,CDNS,354.989990234375,355.3800048828125,354.92999267578125,355.32000732421875,4153
2026-10-08 10:59:00,1791471540,CDNS,355.3500061035156,355.3500061035156,354.92999267578125,355.1499938964844,7054
2026-10-08 11:00:00,1791471600,CDNS,355.25,355.25,354.87298583984375,355.1499938964844,1769
2026-10-08 11:01:00,1791471660,CDNS,355.3699951171875,355.3999938964844,355.1199951171875,355.3550109863281,1134
2026-10-08 11:02:00,1791471720,CDNS,355.2149963378906,355.2149963378906,355.04998779296875,355.04998779296875,583
2026-10-08 11:03:00,1791471780,CDNS,355.29998779296875,355.29998779296875,354.92498779296875,354.92498779296875,508
2026-10-08 11:04:00,1791471840,CDNS,354.92498779296875,355.32000732421875,354.9200134277344,354.9200134277344,4443
2026-10-08 11:05:00,1791471900,CDNS,355.25,355.25,354.9100036621094,355.0,515
2026-10-08 11:06:00,1791471960,CDNS,354.7799987792969,354.7799987792969,354.5249938964844,354.5249938964844,1227
2026-10-08 11:07:00,1791472020,CDNS,353.95001220703125,354.25,353.95001220703125,354.2449951171875,2601
2026-10-08 11:08:00,1791472080,CDNS,354.1099853515625,354.1925048828125,354.0950012207031,354.1925048828125,1514
2026-10-08 11:09:00,1791472140,CDNS,354.0899963378906,354.17999267578125,353.8999938964844,353.8999938964844,1840
2026-10-08 11:10:00,1791472200,CDNS,353.7200012207031,353.7200012207031,353.4555969238281,353.5150146484375,876
2026-10-08 11:11:00,1791472260,CDNS,353.6499938964844,353.6499938964844,353.2900085449219,353.2900085449219,4064
2026-10-08 11:12:00,1791472320,CDNS,353.1600036621094,353.29998779296875,353.0,353.0,4060
2026-10-08 11:13:00,1791472380,CDNS,352.875,353.1700134277344,352.875,352.9949951171875,2067
2026-10-08 11:14:00,1791472440,CDNS,352.9949951171875,352.9949951171875,352.75,352.75,1980
2026-10-08 11:15:00,1791472500,CDNS,352.7300109863281,352.8800048828125,352.67999267578125,352.739990234375,1779
2026-10-08 11:16:00,1791472560,CDNS,352.6499938964844,352.7349853515625,352.6499938964844,352.7349853515625,643
2026-10-08 11:17:00,1791472620,CDNS,352.6199951171875,352.7300109863281,352.42999267578125,352.42999267578125,4227
2026-10-08 11:18:00,1791472680,CDNS,352.3900146484375,352.535888671875,352.34478759765625,352.34478759765625,2251
2026-10-08 11:19:00,1791472740,CDNS,352.2699890136719,352.2749938964844,352.0,352.0,2102
2026-10-08 11:20:00,1791472800,CDNS,351.9599914550781,352.0400085449219,351.8299865722656,351.989990234375,3070
2026-10-08 11:21:00,1791472860,CDNS,352.05999755859375,352.260009765625,351.8999938964844,352.1300048828125,3414
2026-10-08 11:22:00,1791472920,CDNS,352.19000244140625,352.5,352.19000244140625,352.389892578125,1899
2026-10-08 11:23:00,1791472980,CDNS,352.30499267578125,352.385009765625,352.1300048828125,352.20001220703125,1584
2026-10-08 11:24:00,1791473040,CDNS,352.2799987792969,352.5,352.20001220703125,352.5,3604
2026-10-08 11:25:00,1791473100,CDNS,352.3699951171875,352.3699951171875,352.114990234375,352.30499267578125,3447
2026-10-08 11:26:00,1791473160,CDNS,352.1400146484375,352.30999755859375,352.1400146484375,352.2250061035156,931
2026-10-08 11:27:00,1791473220,CDNS,352.2049865722656,352.2550048828125,351.7200012207031,351.8399963378906,3348
2026-10-08 11:28:00,1791473280,CDNS,351.7699890136719,351.9599914550781,351.6000061035156,351.8349914550781,3468
2026-10-08 11:29:00,1791473340,CDNS,351.7900085449219,352.6499938964844,351.75,352.5450134277344,5747
2026-10-08 11:30:00,1791473400,CDNS,352.5249938964844,352.5249938964844,352.339111328125,352.5,1285
2026-10-08 11:31:00,1791473460,CDNS,352.6199951171875,352.739990234375,352.3299865722656,352.5899963378906,4880
2026-10-08 11:32:00,1791473520,CDNS,352.6449890136719,352.7099914550781,352.5799865722656,352.6000061035156,1018
2026-10-08 11:33:00,1791473580,CDNS,352.55999755859375,352.55999755859375,352.30999755859375,352.30999755859375,1846
2026-10-08 11:34:00,1791473640,CDNS,352.364990234375,352.3699951171875,352.3299865722656,352.3299865722656,1618
2026-10-08 11:35:00,1791473700,CDNS,352.3599853515625,352.3800048828125,352.17999267578125,352.3800048828125,1599
2026-10-08 11:36:00,1791473760,CDNS,352.2850036621094,352.3599853515625,352.2850036621094,352.2850036621094,1875
2026-10-08 11:37:00,1791473820,CDNS,352.6499938964844,352.8900146484375,352.6499938964844,352.7300109863281,3161
2026-10-08 11:38:00,1791473880,CDNS,352.8500061035156,352.8900146484375,352.67999267578125,352.7799987792969,1538
2026-10-08 11:39:00,1791473940,CDNS,352.7799987792969,352.8999938964844,352.67999267578125,352.8999938964844,1000
2026-10-08 11:40:00,1791474000,CDNS,352.79998779296875,352.8900146484375,352.7449951171875,352.7449951171875,982
2026-10-08 11:41:00,1791474060,CDNS,352.739990234375,352.9049987792969,352.739990234375,352.9049987792969,1953
2026-10-08 11:42:00,1791474120,CDNS,353.07000732421875,353.3800048828125,353.0400085449219,353.3800048828125,840
2026-10-08 11:43:00,1791474180,CDNS,353.4200134277344,353.5299987792969,353.4200134277344,353.5299987792969,879
2026-10-08 11:44:00,1791474240,CDNS,353.6600036621094,353.7049865722656,353.489990234375,353.489990234375,1366
2026-10-08 11:45:00,1791474300,CDNS,353.45001220703125,353.45001220703125,353.2850036621094,353.2850036621094,1692
2026-10-08 11:46:00,1791474360,CDNS,353.3800048828125,353.55999755859375,353.3699951171875,353.54998779296875,1850
2026-10-08 11:47:00,1791474420,CDNS,353.54998779296875,353.7099914550781,353.3999938964844,353.3999938964844,2585
2026-10-08 11:48:00,1791474480,CDNS,353.54998779296875,353.67999267578125,353.54998779296875,353.67999267578125,502
2026-10-08 11:49:00,1791474540,CDNS,353.55999755859375,353.56500244140625,353.55999755859375,353.56500244140625,918
2026-10-08 11:50:00,1791474600,CDNS,353.79998779296875,353.8500061035156,353.7099914550781,353.7099914550781,1234
2026-10-08 11:51:00,1791474660,CDNS,353.69000244140625,353.75,353.6300048828125,353.6300048828125,1493
2026-10-08 11:52:00,1791474720,CDNS,353.7250061035156,353.7250061035156,353.6300048828125,353.6300048828125,924
2026-10-08 11:53:00,1791474780,CDNS,353.6099853515625,353.7200012207031,353.3299865722656,353.7200012207031,5111
2026-10-08 11:54:00,1791474840,CDNS,353.7699890136719,354.0350036621094,353.7699890136719,354.0,2188
2026-10-08 11:55:00,1791474900,CDNS,353.9949951171875,354.1278076171875,353.7900085449219,353.7900085449219,6571
2026-10-08 11:57:00,1791475020,CDNS,353.4700012207031,353.5400085449219,353.45001220703125,353.45001220703125,2329
2026-10-08 11:58:00,1791475080,CDNS,353.44500732421875,353.44500732421875,353.44500732421875,353.44500732421875,236
2026-10-08 11:59:00,1791475140,CDNS,353.5400085449219,353.9800109863281,353.44000244140625,353.9800109863281,3266
2026-10-08 12:00:00,1791475200,CDNS,353.82000732421875,354.1300048828125,353.80499267578125,354.0799865722656,1018
2026-10-08 12:01:00,1791475260,CDNS,354.0799865722656,354.0799865722656,353.95001220703125,353.95001220703125,1658
2026-10-08 12:03:00,1791475380,CDNS,353.8699951171875,354.05999755859375,353.82501220703125,353.93499755859375,4779
2026-10-08 12:04:00,1791475440,CDNS,353.93499755859375,353.93499755859375,353.7799987792969,353.8900146484375,1779
2026-10-08 12:05:00,1791475500,CDNS,353.75,353.7799987792969,353.7200012207031,353.7799987792969,1068
2026-10-08 12:06:00,1791475560,CDNS,353.82000732421875,353.8699951171875,353.82000732421875,353.8699951171875,489
2026-10-08 12:07:00,1791475620,CDNS,353.9599914550781,353.9599914550781,353.7850036621094,353.7850036621094,1059
2026-10-08 12:08:00,1791475680,CDNS,353.7749938964844,353.7749938964844,353.739990234375,353.760009765625,922
2026-10-08 12:09:00,1791475740,CDNS,353.760009765625,353.7650146484375,353.760009765625,353.7650146484375,755
2026-10-08 12:10:00,1791475800,CDNS,353.7650146484375,353.82000732421875,353.760009765625,353.760009765625,2522
2026-10-08 12:11:00,1791475860,CDNS,353.68499755859375,353.75,353.6199951171875,353.6199951171875,3313
2026-10-08 12:12:00,1791475920,CDNS,353.6000061035156,353.70001220703125,353.55999755859375,353.6549987792969,2537
2026-10-08 12:13:00,1791475980,CDNS,353.6600036621094,353.70989990234375,353.510009765625,353.510009765625,1106
2026-10-08 12:15:00,1791476100,CDNS,353.30999755859375,353.30999755859375,353.2550048828125,353.2550048828125,998
2026-10-08 12:16:00,1791476160,CDNS,353.260009765625,353.260009765625,353.260009765625,353.260009765625,830
2026-10-08 12:17:00,1791476220,CDNS,353.2850036621094,354.5950012207031,353.2850036621094,354.5950012207031,10668
2026-10-08 12:18:00,1791476280,CDNS,354.6700134277344,354.6700134277344,354.17999267578125,354.3800048828125,1714
2026-10-08 12:19:00,1791476340,CDNS,354.1199951171875,354.1199951171875,353.8999938964844,353.8999938964844,680
2026-10-08 12:20:00,1791476400,CDNS,353.80999755859375,354.07000732421875,353.80999755859375,354.07000732421875,814
2026-10-08 12:21:00,1791476460,CDNS,354.19500732421875,354.19500732421875,353.95001220703125,353.95001220703125,567
2026-10-08 12:22:00,1791476520,CDNS,354.1199951171875,354.1199951171875,354.114990234375,354.114990234375,250
2026-10-08 12:23:00,1791476580,CDNS,354.0799865722656,354.2200012207031,353.989990234375,353.989990234375,1402
2026-10-08 12:24:00,1791476640,CDNS,354.2300109863281,354.3373107910156,354.1199951171875,354.3373107910156,1372
2026-10-08 12:25:00,1791476700,CDNS,354.239990234375,354.239990234375,354.1300048828125,354.1300048828125,648
2026-10-08 12:26:00,1791476760,CDNS,354.125,354.6400146484375,354.125,354.6400146484375,2185
2026-10-08 12:27:00,1791476820,CDNS,354.6400146484375,354.6400146484375,354.6400146484375,354.6400146484375,292
2026-10-08 12:28:00,1791476880,CDNS,354.6300048828125,354.6300048828125,354.42999267578125,354.57000732421875,1218
2026-10-08 12:29:00,1791476940,CDNS,354.6524963378906,354.6524963378906,354.56500244140625,354.57000732421875,859
2026-10-08 12:30:00,1791477000,CDNS,354.56500244140625,354.56500244140625,354.55999755859375,354.55999755859375,313
2026-10-08 12:31:00,1791477060,CDNS,354.3999938964844,354.54998779296875,354.239990234375,354.54998779296875,2944
2026-10-08 12:32:00,1791477120,CDNS,354.5150146484375,354.7099914550781,354.510009765625,354.5299987792969,880
2026-10-08 12:33:00,1791477180,CDNS,354.6499938964844,354.6650085449219,354.6499938964844,354.6600036621094,470
2026-10-08 12:34:00,1791477240,CDNS,354.5199890136719,354.5299987792969,354.5199890136719,354.5199890136719,804
2026-10-08 12:35:00,1791477300,CDNS,354.4700012207031,354.489990234375,354.3500061035156,354.489990234375,1022
2026-10-08 12:36:00,1791477360,CDNS,354.4649963378906,354.69000244140625,354.4649963378906,354.5050048828125,2577
2026-10-08 12:37:00,1791477420,CDNS,354.3299865722656,354.4700012207031,354.3299865722656,354.4700012207031,419
2026-10-08 12:38:00,1791477480,CDNS,354.4100036621094,354.5150146484375,354.0199890136719,354.0199890136719,4067
2026-10-08 12:39:00,1791477540,CDNS,353.95001220703125,353.95001220703125,353.760009765625,353.8599853515625,1539
2026-10-08 12:40:00,1791477600,CDNS,354.0199890136719,354.4200134277344,354.0199890136719,354.4200134277344,1271
2026-10-08 12:41:00,1791477660,CDNS,354.45001220703125,354.45001220703125,354.3299865722656,354.3299865722656,459
2026-10-08 12:42:00,1791477720,CDNS,354.3349914550781,354.3349914550781,353.6549987792969,353.6549987792969,1990
2026-10-08 12:43:00,1791477780,CDNS,353.6099853515625,353.6099853515625,353.1600036621094,353.1700134277344,3341
2026-10-08 12:44:00,1791477840,CDNS,353.1700134277344,353.4599914550781,353.1700134277344,353.4599914550781,1650
2026-10-08 12:45:00,1791477900,CDNS,353.3900146484375,353.6600036621094,353.3900146484375,353.6600036621094,598
2026-10-08 12:46:00,1791477960,CDNS,353.67999267578125,353.760009765625,353.67999267578125,353.760009765625,940
2026-10-08 12:47:00,1791478020,CDNS,353.61749267578125,353.61749267578125,353.1700134277344,353.2799987792969,2128
2026-10-08 12:48:00,1791478080,CDNS,353.3699951171875,353.54998779296875,353.2850036621094,353.5450134277344,3059
2026-10-08 12:49:00,1791478140,CDNS,353.2699890136719,353.364990234375,352.78009033203125,352.989990234375,1869
2026-10-08 12:50:00,1791478200,CDNS,352.7799987792969,352.7799987792969,352.3399963378906,352.6499938964844,1948
2026-10-08 12:51:00,1791478260,CDNS,352.6499938964844,352.739990234375,352.25,352.42999267578125,1776
2026-10-08 12:52:00,1791478320,CDNS,352.364990234375,352.6199951171875,351.9599914550781,351.9599914550781,3944
2026-10-08 12:53:00,1791478380,CDNS,351.8900146484375,352.1050109863281,351.8500061035156,352.1050109863281,2867
2026-10-08 12:54:00,1791478440,CDNS,352.1199951171875,352.2699890136719,352.1000061035156,352.18499755859375,2822
2026-10-08 12:55:00,1791478500,CDNS,352.239990234375,352.3550109863281,351.9800109863281,352.3550109863281,1150
2026-10-08 12:56:00,1791478560,CDNS,352.04998779296875,352.04998779296875,351.5199890136719,351.5199890136719,1888
2026-10-08 12:57:00,1791478620,CDNS,350.94000244140625,351.239990234375,350.6300048828125,350.6300048828125,5059
2026-10-08 12:58:00,1791478680,CDNS,350.8599853515625,351.0799865722656,350.8299865722656,350.934814453125,2470
2026-10-08 12:59:00,1791478740,CDNS,350.7300109863281,350.93499755859375,350.32000732421875,350.7799987792969,2759
2026-10-08 13:00:00,1791478800,CDNS,350.54998779296875,350.760009765625,349.6499938964844,349.8949890136719,5061
2026-10-08 13:01:00,1791478860,CDNS,349.7300109863281,349.83990478515625,349.17498779296875,349.2699890136719,2155
2026-10-08 13:02:00,1791478920,CDNS,349.0199890136719,350.239990234375,348.989990234375,350.2300109863281,8508
2026-10-08 13:03:00,1791478980,CDNS,350.2099914550781,350.2449951171875,349.7850036621094,350.0899963378906,1442
2026-10-08 13:04:00,1791479040,CDNS,350.07989501953125,350.07989501953125,349.19500732421875,349.2449951171875,5309
2026-10-08 13:05:00,1791479100,CDNS,349.25,349.42999267578125,349.0299987792969,349.07000732421875,3678
2026-10-08 13:06:00,1791479160,CDNS,348.8599853515625,349.44000244140625,348.8599853515625,349.32000732421875,2087
2026-10-08 13:07:00,1791479220,CDNS,349.739990234375,349.739990234375,349.2200012207031,349.5,3518
2026-10-08 13:08:00,1791479280,CDNS,349.739990234375,350.2200012207031,349.739990234375,350.04998779296875,3017
2026-10-08 13:09:00,1791479340,CDNS,349.9599914550781,349.9599914550781,349.6099853515625,349.7250061035156,1129
2026-10-08 13:10:00,1791479400,CDNS,349.57000732421875,349.7300109863281,349.2749938964844,349.4100036621094,2398
2026-10-08 13:11:00,1791479460,CDNS,349.4800109863281,349.5899963378906,349.19000244140625,349.531005859375,2681
2026-10-08 13:12:00,1791479520,CDNS,349.7149963378906,350.135009765625,349.7149963378906,350.135009765625,1058
2026-10-08 13:13:00,1791479580,CDNS,350.25,350.57000732421875,350.25,350.44000244140625,2907
2026-10-08 13:14:00,1791479640,CDNS,350.5799865722656,350.7099914550781,350.5799865722656,350.7099914550781,1379
2026-10-08 13:15:00,1791479700,CDNS,350.67999267578125,350.739990234375,350.4700012207031,350.739990234375,1710
2026-10-08 13:16:00,1791479760,CDNS,350.70001220703125,350.70001220703125,350.2850036621094,350.2850036621094,1380
2026-10-08 13:17:00,1791479820,CDNS,350.2025146484375,350.2174987792969,349.82501220703125,350.04998779296875,2263
2026-10-08 13:18:00,1791479880,CDNS,350.2950134277344,350.70001220703125,350.260009765625,350.6199951171875,2950
2026-10-08 13:19:00,1791479940,CDNS,350.4849853515625,350.84991455078125,350.4305114746094,350.4305114746094,2251
2026-10-08 13:20:00,1791480000,CDNS,350.44500732421875,350.44500732421875,349.7699890136719,349.7699890136719,1445
2026-10-08 13:21:00,1791480060,CDNS,349.80999755859375,349.80999755859375,349.510009765625,349.5299987792969,2709
2026-10-08 13:22:00,1791480120,CDNS,349.6300048828125,349.6300048828125,349.3500061035156,349.4302978515625,2869
2026-10-08 13:23:00,1791480180,CDNS,349.3500061035156,349.3500061035156,349.3500061035156,349.3500061035156,2003
2026-10-08 13:24:00,1791480240,CDNS,349.4049987792969,349.4049987792969,349.1600036621094,349.29998779296875,2911
2026-10-08 13:25:00,1791480300,CDNS,349.42999267578125,349.42999267578125,348.8900146484375,348.8900146484375,1192
2026-10-08 13:26:00,1791480360,CDNS,348.7301025390625,348.8900146484375,348.3299865722656,348.5450134277344,4076
2026-10-08 13:27:00,1791480420,CDNS,348.5450134277344,348.614990234375,348.2900085449219,348.3299865722656,2936
2026-10-08 13:28:00,1791480480,CDNS,348.42999267578125,348.9599914550781,348.29998779296875,348.7799987792969,2623
2026-10-08 13:29:00,1791480540,CDNS,348.9200134277344,349.17999267578125,348.9200134277344,349.0299987792969,1877
2026-10-08 13:30:00,1791480600,CDNS,349.010009765625,349.239990234375,348.8900146484375,349.239990234375,1977
2026-10-08 13:31:00,1791480660,CDNS,349.6499938964844,349.6499938964844,349.19000244140625,349.29998779296875,1203
2026-10-08 13:32:00,1791480720,CDNS,349.29998779296875,349.3800048828125,349.1600036621094,349.260009765625,2232
2026-10-08 13:33:00,1791480780,CDNS,349.260009765625,349.5249938964844,349.260009765625,349.4200134277344,1894
2026-10-08 13:34:00,1791480840,CDNS,349.37249755859375,349.3949890136719,349.114990234375,349.1549987792969,4646
2026-10-08 13:35:00,1791480900,CDNS,349.2099914550781,349.6199951171875,349.1000061035156,349.2250061035156,4618
2026-10-08 13:36:00,1791480960,CDNS,349.2449951171875,349.81500244140625,349.2449951171875,349.739990234375,1821
2026-10-08 13:37:00,1791481020,CDNS,349.7799987792969,349.79998779296875,349.6300048828125,349.7200012207031,2198
2026-10-08 13:38:00,1791481080,CDNS,349.92999267578125,349.92999267578125,349.7449951171875,349.798095703125,1176
2026-10-08 13:39:00,1791481140,CDNS,349.7225036621094,350.2650146484375,349.7225036621094,350.2650146484375,2535
2026-10-08 13:40:00,1791481200,CDNS,350.1099853515625,350.1300048828125,350.0799865722656,350.1000061035156,1545
2026-10-08 13:41:00,1791481260,CDNS,350.2300109863281,350.2850036621094,349.9700012207031,350.18499755859375,1993
2026-10-08 13:42:00,1791481320,CDNS,350.2200012207031,350.32000732421875,350.2099914550781,350.30499267578125,2717
2026-10-08 13:43:00,1791481380,CDNS,350.54998779296875,350.5899963378906,350.0350036621094,350.19000244140625,3821
2026-10-08 13:44:00,1791481440,CDNS,349.9750061035156,350.20001220703125,349.93499755859375,350.19000244140625,720
2026-10-08 13:45:00,1791481500,CDNS,349.8699951171875,350.32000732421875,349.8699951171875,350.2900085449219,1720
2026-10-08 13:46:00,1791481560,CDNS,350.1700134277344,350.17999267578125,349.79998779296875,349.82000732421875,1961
2026-10-08 13:47:00,1791481620,CDNS,349.70001220703125,349.70001220703125,349.55999755859375,349.55999755859375,1699
2026-10-08 13:48:00,1791481680,CDNS,349.6199951171875,349.6199951171875,349.5,349.5,1953
2026-10-08 13:49:00,1791481740,CDNS,349.6600036621094,349.70001220703125,349.2699890136719,349.2699890136719,3387
2026-10-08 13:50:00,1791481800,CDNS,348.875,348.885009765625,348.875,348.875,927
2026-10-08 13:51:00,1791481860,CDNS,348.7699890136719,349.1199951171875,348.7300109863281,348.8450012207031,2557
2026-10-08 13:52:00,1791481920,CDNS,348.864990234375,348.864990234375,348.375,348.5199890136719,3142
2026-10-08 13:53:00,1791481980,CDNS,348.7200012207031,349.0400085449219,348.510009765625,349.0400085449219,3573
2026-10-08 13:54:00,1791482040,CDNS,348.7699890136719,349.2099914550781,348.7699890136719,349.1050109863281,3736
2026-10-08 13:55:00,1791482100,CDNS,348.8999938964844,349.1499938964844,348.80499267578125,348.80499267578125,1279
2026-10-08 13:56:00,1791482160,CDNS,348.80499267578125,348.8550109863281,348.7850036621094,348.8550109863281,964
2026-10-08 13:57:00,1791482220,CDNS,348.7900085449219,349.760009765625,348.7900085449219,349.6549987792969,5790
2026-10-08 13:58:00,1791482280,CDNS,349.6549987792969,349.760009765625,349.17999267578125,349.19000244140625,2708
2026-10-08 13:59:00,1791482340,CDNS,349.1449890136719,349.1449890136719,349.1449890136719,349.1449890136719,616
2026-10-08 14:00:00,1791482400,CDNS,349.29998779296875,349.364990234375,348.6600036621094,348.6600036621094,2619
2026-10-08 14:01:00,1791482460,CDNS,348.6600036621094,348.7200012207031,348.4501037597656,348.5950012207031,2227
2026-10-08 14:02:00,1791482520,CDNS,348.4599914550781,348.5799865722656,348.385009765625,348.5199890136719,2409
2026-10-08 14:03:00,1791482580,CDNS,348.5199890136719,348.81500244140625,348.5199890136719,348.7149963378906,2422
2026-10-08 14:04:00,1791482640,CDNS,348.8699951171875,348.8699951171875,348.54998779296875,348.54998779296875,1453
2026-10-08 14:05:00,1791482700,CDNS,348.44000244140625,348.44000244140625,348.32000732421875,348.42999267578125,2364
2026-10-08 14:06:00,1791482760,CDNS,348.4200134277344,348.4200134277344,348.32000732421875,348.3900146484375,1466
2026-10-08 14:07:00,1791482820,CDNS,348.42498779296875,348.5450134277344,347.8757019042969,347.92498779296875,4377
2026-10-08 14:08:00,1791482880,CDNS,347.94000244140625,348.06500244140625,347.94000244140625,347.9549865722656,2114
2026-10-08 14:09:00,1791482940,CDNS,347.9336853027344,348.5299987792969,347.9100036621094,348.5299987792969,2450
2026-10-08 14:10:00,1791483000,CDNS,348.4150085449219,348.92999267578125,348.4150085449219,348.92999267578125,800
2026-10-08 14:11:00,1791483060,CDNS,349.0350036621094,349.2250061035156,349.0350036621094,349.1449890136719,881
2026-10-08 14:12:00,1791483120,CDNS,349.114990234375,349.1400146484375,349.0299987792969,349.0899963378906,2219
2026-10-08 14:13:00,1791483180,CDNS,349.0150146484375,349.2325134277344,349.0150146484375,349.125,745
2026-10-08 14:14:00,1791483240,CDNS,349.1400146484375,349.9549865722656,349.1400146484375,349.8699951171875,3913
2026-10-08 14:15:00,1791483300,CDNS,349.82501220703125,350.2099914550781,349.610107421875,350.125,1926
2026-10-08 14:16:00,1791483360,CDNS,350.1400146484375,350.322509765625,350.1400146484375,350.2149963378906,1348
2026-10-08 14:17:00,1791483420,CDNS,350.2149963378906,350.2250061035156,350.1094970703125,350.2200012207031,3168
2026-10-08 14:18:00,1791483480,CDNS,350.2049865722656,350.2200012207031,350.2049865722656,350.2149963378906,809
2026-10-08 14:19:00,1791483540,CDNS,350.25,350.4700012207031,350.19500732421875,350.3800048828125,3033
2026-10-08 14:20:00,1791483600,CDNS,350.2850036621094,350.3399963378906,350.20001220703125,350.2174987792969,956
2026-10-08 14:21:00,1791483660,CDNS,350.2449951171875,350.39990234375,350.2449951171875,350.25,881
2026-10-08 14:22:00,1791483720,CDNS,350.2550048828125,350.3900146484375,350.1099853515625,350.32000732421875,1529
2026-10-08 14:23:00,1791483780,CDNS,350.3299865722656,350.6400146484375,350.3299865722656,350.6300048828125,1679
2026-10-08 14:24:00,1791483840,CDNS,350.7550048828125,350.9599914550781,350.6300048828125,350.94500732421875,1184
2026-10-08 14:25:00,1791483900,CDNS,350.80999755859375,350.8999938964844,350.7799987792969,350.8450012207031,1280
2026-10-08 14:26:00,1791483960,CDNS,350.70001220703125,350.70001220703125,350.44000244140625,350.5199890136719,1305
2026-10-08 14:27:00,1791484020,CDNS,350.5799865722656,350.7349853515625,350.4800109863281,350.7349853515625,3682
2026-10-08 14:28:00,1791484080,CDNS,350.9800109863281,351.04998779296875,350.9700012207031,351.04998779296875,1375
2026-10-08 14:29:00,1791484140,CDNS,351.0299987792969,351.0299987792969,350.70001220703125,350.70001220703125,956
2026-10-08 14:30:00,1791484200,CDNS,350.69000244140625,350.739990234375,350.5,350.5,1026
2026-10-08 14:31:00,1791484260,CDNS,350.42999267578125,350.6499938964844,350.4049987792969,350.4049987792969,1370
2026-10-08 14:32:00,1791484320,CDNS,350.3999938964844,350.3999938964844,350.17010498046875,350.375,1222
2026-10-08 14:33:00,1791484380,CDNS,350.375,350.5,350.04998779296875,350.04998779296875,1801
2026-10-08 14:34:00,1791484440,CDNS,350.04998779296875,350.1700134277344,349.760009765625,350.1499938964844,2170
2026-10-08 14:35:00,1791484500,CDNS,349.9649963378906,349.9649963378906,349.760009765625,349.760009765625,821
2026-10-08 14:36:00,1791484560,CDNS,349.8500061035156,349.8500061035156,349.5249938964844,349.54998779296875,1944
2026-10-08 14:37:00,1791484620,CDNS,349.69000244140625,349.82501220703125,349.5199890136719,349.5199890136719,4800
2026-10-08 14:38:00,1791484680,CDNS,349.68499755859375,349.760009765625,349.5199890136719,349.760009765625,3695
2026-10-08 14:39:00,1791484740,CDNS,349.739990234375,349.81500244140625,349.55999755859375,349.6700134277344,1746
2026-10-08 14:40:00,1791484800,CDNS,349.7149963378906,349.80999755859375,349.29998779296875,349.3500061035156,3003
2026-10-08 14:41:00,1791484860,CDNS,349.375,349.375,349.2099914550781,349.2099914550781,913
2026-10-08 14:42:00,1791484920,CDNS,349.1000061035156,349.2900085449219,349.1000061035156,349.1000061035156,1675
2026-10-08 14:43:00,1791484980,CDNS,349.0799865722656,349.1050109863281,348.7550048828125,348.7550048828125,2025
2026-10-08 14:44:00,1791485040,CDNS,348.79998779296875,349.239990234375,348.79998779296875,349.06500244140625,3523
2026-10-08 14:45:00,1791485100,CDNS,349.06500244140625,349.29998779296875,349.0,349.2699890136719,8104
2026-10-08 14:46:00,1791485160,CDNS,349.125,349.19000244140625,348.760009765625,348.760009765625,2745
2026-10-08 14:47:00,1791485220,CDNS,348.7200012207031,348.7250061035156,348.57000732421875,348.5799865722656,3066
2026-10-08 14:48:00,1791485280,CDNS,348.625,348.67999267578125,348.489990234375,348.6600036621094,1928
2026-10-08 14:49:00,1791485340,CDNS,348.6600036621094,348.94000244140625,348.6600036621094,348.885009765625,2489
2026-10-08 14:50:00,1791485400,CDNS,349.0400085449219,349.1400146484375,348.8949890136719,348.95001220703125,1727
2026-10-08 14:51:00,1791485460,CDNS,348.92999267578125,349.04998779296875,348.8550109863281,348.864990234375,1396
2026-10-08 14:52:00,1791485520,CDNS,348.7900085449219,348.8800048828125,348.7900085449219,348.8800048828125,1302
2026-10-08 14:53:00,1791485580,CDNS,348.875,349.0350036621094,348.7799987792969,348.93499755859375,2391
2026-10-08 14:54:00,1791485640,CDNS,349.0,349.2049865722656,349.0,349.2049865722656,2189
2026-10-08 14:55:00,1791485700,CDNS,349.25,349.29998779296875,349.17999267578125,349.2250061035156,2594
2026-10-08 14:56:00,1791485760,CDNS,349.1099853515625,349.30999755859375,349.0950012207031,349.239990234375,4194
2026-10-08 14:57:00,1791485820,CDNS,349.2449951171875,349.44500732421875,349.2449951171875,349.3699951171875,2916
2026-10-08 14:58:00,1791485880,CDNS,349.30999755859375,349.3599853515625,349.2300109863281,349.3599853515625,1943
2026-10-08 14:59:00,1791485940,CDNS,349.5350036621094,349.7149963378906,349.4739074707031,349.4739074707031,2700
2026-10-08 15:00:00,1791486000,CDNS,349.5199890136719,349.55999755859375,349.3399963378906,349.364990234375,4587
2026-10-08 15:01:00,1791486060,CDNS,349.3399963378906,349.55999755859375,349.3399963378906,349.43499755859375,2729
2026-10-08 15:02:00,1791486120,CDNS,349.5400085449219,349.6625061035156,349.489990234375,349.625,6914
2026-10-08 15:03:00,1791486180,CDNS,349.625,349.635009765625,349.510009765625,349.635009765625,4171
2026-10-08 15:04:00,1791486240,CDNS,349.7300109863281,349.7300109863281,349.2674865722656,349.29998779296875,2110
2026-10-08 15:05:00,1791486300,CDNS,349.2325134277344,349.45001220703125,348.94000244140625,349.0,2580
2026-10-08 15:06:00,1791486360,CDNS,348.8699951171875,348.9200134277344,348.70001220703125,348.70001220703125,2848
2026-10-08 15:07:00,1791486420,CDNS,348.739990234375,348.739990234375,348.4599914550781,348.5299987792969,5382
2026-10-08 15:08:00,1791486480,CDNS,348.5450134277344,349.20001220703125,348.5450134277344,349.1400146484375,3470
2026-10-08 15:09:00,1791486540,CDNS,349.135009765625,349.510009765625,349.135009765625,349.18499755859375,2747
2026-10-08 15:10:00,1791486600,CDNS,349.2250061035156,349.67999267578125,349.2250061035156,349.5799865722656,2481
2026-10-08 15:11:00,1791486660,CDNS,349.44000244140625,349.4549865722656,349.20001220703125,349.20001220703125,1813
2026-10-08 15:12:00,1791486720,CDNS,349.05999755859375,349.30999755859375,348.95001220703125,349.197998046875,3297
2026-10-08 15:13:00,1791486780,CDNS,349.1700134277344,349.4100036621094,349.0799865722656,349.2749938964844,5156
2026-10-08 15:14:00,1791486840,CDNS,349.3900146484375,349.42999267578125,349.2850036621094,349.3587951660156,2547
2026-10-08 15:15:00,1791486900,CDNS,349.2799987792969,349.5400085449219,349.25750732421875,349.4649963378906,6835
2026-10-08 15:16:00,1791486960,CDNS,349.4649963378906,349.67999267578125,349.3800048828125,349.6700134277344,3878
2026-10-08 15:17:00,1791487020,CDNS,349.5299987792969,349.6700134277344,349.4800109863281,349.5150146484375,4107
2026-10-08 15:18:00,1791487080,CDNS,349.4599914550781,349.9049987792969,349.4599914550781,349.9049987792969,3771
2026-10-08 15:19:00,1791487140,CDNS,349.989990234375,350.5299987792969,349.989990234375,350.4849853515625,4334
2026-10-08 15:20:00,1791487200,CDNS,350.4849853515625,350.510009765625,350.3599853515625,350.4150085449219,2318
2026-10-08 15:21:00,1791487260,CDNS,350.4150085449219,350.489990234375,350.3399963378906,350.3699951171875,2466
2026-10-08 15:22:00,1791487320,CDNS,350.3699951171875,350.44000244140625,350.260009765625,350.42999267578125,3324
2026-10-08 15:23:00,1791487380,CDNS,350.3550109863281,350.5150146484375,350.29998779296875,350.5150146484375,5251
2026-10-08 15:24:00,1791487440,CDNS,350.54998779296875,350.5899963378906,350.3599853515625,350.385009765625,2362
2026-10-08 15:25:00,1791487500,CDNS,350.4200134277344,350.44000244140625,350.17999267578125,350.2699890136719,4333
2026-10-08 15:26:00,1791487560,CDNS,350.2699890136719,350.45001220703125,350.25,350.3299865722656,5881
2026-10-08 15:27:00,1791487620,CDNS,350.2850036621094,350.3349914550781,349.9949951171875,349.9949951171875,3801
2026-10-08 15:28:00,1791487680,CDNS,350.010009765625,350.1300048828125,349.489990234375,349.82000732421875,22645
2026-10-08 15:29:00,1791487740,CDNS,349.69000244140625,349.82000732421875,349.5899963378906,349.82000732421875,3526
2026-10-08 15:30:00,1791487800,CDNS,349.6700134277344,349.7200012207031,349.0799865722656,349.3999938964844,7023
2026-10-08 15:31:00,1791487860,CDNS,349.3399963378906,349.4299011230469,348.7300109863281,348.8999938964844,5295
2026-10-08 15:32:00,1791487920,CDNS,348.885009765625,349.260009765625,348.885009765625,349.260009765625,4600
2026-10-08 15:33:00,1791487980,CDNS,349.260009765625,349.54998779296875,349.20001220703125,349.2799987792969,5005
2026-10-08 15:34:00,1791488040,CDNS,349.2900085449219,349.3900146484375,349.2900085449219,349.31500244140625,2100
2026-10-08 15:35:00,1791488100,CDNS,349.3999938964844,349.3999938964844,349.05999755859375,349.1099853515625,2996
2026-10-08 15:36:00,1791488160,CDNS,349.010009765625,349.4150085449219,349.010009765625,349.4049987792969,5541
2026-10-08 15:37:00,1791488220,CDNS,349.42999267578125,349.82000732421875,349.3800048828125,349.82000732421875,3886
2026-10-08 15:38:00,1791488280,CDNS,349.6700134277344,349.8399963378906,349.5899963378906,349.7650146484375,2080
2026-10-08 15:39:00,1791488340,CDNS,349.7699890136719,349.8550109863281,349.5,349.5849914550781,5115
2026-10-08 15:40:00,1791488400,CDNS,349.4800109863281,349.5899963378906,349.25,349.25,4901
2026-10-08 15:41:00,1791488460,CDNS,349.2850036621094,349.5199890136719,349.2699890136719,349.2699890136719,4952
2026-10-08 15:42:00,1791488520,CDNS,349.17999267578125,349.3399963378906,349.1300048828125,349.260009765625,4419
2026-10-08 15:43:00,1791488580,CDNS,349.2349853515625,349.2699890136719,348.44000244140625,348.5249938964844,4480
2026-10-08 15:44:00,1791488640,CDNS,348.5249938964844,348.6300048828125,347.9599914550781,347.9599914550781,6486
2026-10-08 15:45:00,1791488700,CDNS,347.9599914550781,348.3586120605469,347.6400146484375,348.30999755859375,7462
2026-10-08 15:46:00,1791488760,CDNS,348.3450012207031,348.5400085449219,348.260009765625,348.5400085449219,3987
2026-10-08 15:47:00,1791488820,CDNS,348.510009765625,348.54998779296875,348.3599853515625,348.54998779296875,4619
2026-10-08 15:48:00,1791488880,CDNS,348.5799865722656,348.79998779296875,348.4700012207031,348.79998779296875,6927
2026-10-08 15:49:00,1791488940,CDNS,348.80499267578125,348.9150085449219,348.739990234375,348.739990234375,4078
2026-10-08 15:50:00,1791489000,CDNS,348.8699951171875,348.9800109863281,348.57000732421875,348.6499938964844,12066
2026-10-08 15:51:00,1791489060,CDNS,348.5899963378906,348.5899963378906,348.1400146484375,348.2699890136719,12669
2026-10-08 15:52:00,1791489120,CDNS,348.2200012207031,348.260009765625,348.0400085449219,348.2550048828125,10483
2026-10-08 15:53:00,1791489180,CDNS,348.2200012207031,348.4049987792969,348.0199890136719,348.0799865722656,12920
2026-10-08 15:54:00,1791489240,CDNS,348.0400085449219,348.18499755859375,347.7200012207031,347.80499267578125,16661
2026-10-08 15:55:00,1791489300,CDNS,347.80499267578125,348.8599853515625,347.80499267578125,348.68499755859375,15899
2026-10-08 15:56:00,1791489360,CDNS,348.7200012207031,348.8699951171875,348.54998779296875,348.80999755859375,17392
2026-10-08 15:57:00,1791489420,CDNS,348.80999755859375,349.04998779296875,348.7799987792969,349.04998779296875,22774
2026-10-08 15:58:00,1791489480,CDNS,349.1099853515625,349.3500061035156,349.0199890136719,349.0799865722656,26458
2026-10-08 15:59:00,1791489540,CDNS,349.0799865722656,349.1050109863281,348.8500061035156,348.8599853515625,49665
2026-10-08 16:00:00,1791489600,CDNS,348.8399963378906,348.8399963378906,348.8399963378906,348.8399963378906,0
2026-10-09 09:30:00,1791552600,CDNS,353.510009765625,355.989990234375,352.95001220703125,352.95001220703125,12972
2026-10-09 09:31:00,1791552660,CDNS,353.9700012207031,354.0,352.0,354.0,5720
2026-10-09 09:32:00,1791552720,CDNS,354.260009765625,354.80999755859375,354.260009765625,354.80999755859375,656
2026-10-09 09:33:00,1791552780,CDNS,355.510009765625,355.510009765625,355.0199890136719,355.510009765625,677
2026-10-09 09:34:00,1791552840,CDNS,354.4599914550781,355.4800109863281,354.4599914550781,355.32000732421875,1375
2026-10-09 09:35:00,1791552900,CDNS,354.760009765625,355.9200134277344,354.5199890136719,355.8399963378906,3366
2026-10-09 09:36:00,1791552960,CDNS,355.6700134277344,355.75,354.739990234375,355.2200012207031,2650
2026-10-09 09:37:00,1791553020,CDNS,355.7799987792969,355.7799987792969,355.3900146484375,355.7200012207031,454
2026-10-09 09:38:00,1791553080,CDNS,354.7149963378906,355.4700012207031,354.7099914550781,354.9150085449219,568
2026-10-09 09:39:00,1791553140,CDNS,355.3800048828125,355.3800048828125,353.92999267578125,354.2799987792969,1552
2026-10-09 09:40:00,1791553200,CDNS,354.406494140625,354.94000244140625,353.69000244140625,354.94000244140625,1352
2026-10-09 09:41:00,1791553260,CDNS,354.7950134277344,355.3800048828125,354.0600891113281,354.0600891113281,1683
2026-10-09 09:42:00,1791553320,CDNS,355.2200012207031,355.2200012207031,354.7550048828125,354.7550048828125,312
2026-10-09 09:43:00,1791553380,CDNS,354.75,355.44000244140625,354.5899963378906,354.5899963378906,1315
2026-10-09 09:44:00,1791553440,CDNS,354.5299987792969,354.5299987792969,353.8500061035156,353.9598083496094,889
2026-10-09 09:45:00,1791553500,CDNS,353.8500061035156,353.8500061035156,353.2550048828125,353.447509765625,3956
2026-10-09 09:46:00,1791553560,CDNS,353.44500732421875,353.44500732421875,352.239990234375,352.3900146484375,1817
2026-10-09 09:47:00,1791553620,CDNS,352.22601318359375,352.6773986816406,352.0150146484375,352.29998779296875,935
2026-10-09 09:48:00,1791553680,CDNS,351.8399963378906,352.1449890136719,351.7200012207031,352.1300048828125,962
2026-10-09 09:49:00,1791553740,CDNS,352.1300048828125,352.1300048828125,351.8900146484375,352.0,600
2026-10-09 09:50:00,1791553800,CDNS,351.69000244140625,352.3900146484375,351.69000244140625,352.32501220703125,1693
2026-10-09 09:51:00,1791553860,CDNS,352.30999755859375,352.6589050292969,352.30999755859375,352.6589050292969,807
2026-10-09 09:52:00,1791553920,CDNS,351.9200134277344,352.32000732421875,351.9200134277344,352.32000732421875,301
2026-10-09 09:53:00,1791553980,CDNS,352.80999755859375,352.80999755859375,352.1099853515625,352.42999267578125,1666
2026-10-09 09:54:00,1791554040,CDNS,352.07000732421875,352.42999267578125,351.5299987792969,351.55999755859375,3076
2026-10-09 09:55:00,1791554100,CDNS,351.69000244140625,351.69000244140625,351.42999267578125,351.5,569
2026-10-09 09:56:00,1791554160,CDNS,351.3599853515625,351.5,351.1700134277344,351.17999267578125,839
2026-10-09 09:57:00,1791554220,CDNS,351.2950134277344,351.6199951171875,351.19000244140625,351.19000244140625,1165
2026-10-09 09:58:00,1791554280,CDNS,351.20001220703125,351.51611328125,350.989990234375,351.32501220703125,1717
2026-10-09 09:59:00,1791554340,CDNS,351.25,351.6300048828125,351.0,351.32000732421875,2138
2026-10-09 10:00:00,1791554400,CDNS,351.4849853515625,351.5400085449219,350.9700012207031,351.4200134277344,3624
2026-10-09 10:01:00,1791554460,CDNS,351.2250061035156,351.2250061035156,351.0400085449219,351.07000732421875,1642
2026-10-09 10:02:00,1791554520,CDNS,350.75,351.17999267578125,350.7300109863281,351.17999267578125,4528
2026-10-09 10:03:00,1791554580,CDNS,351.3550109863281,351.3699951171875,350.8900146484375,351.0450134277344,1238
2026-10-09 10:04:00,1791554640,CDNS,351.04998779296875,351.3699951171875,351.04998779296875,351.05999755859375,476
2026-10-09 10:05:00,1791554700,CDNS,350.8999938964844,351.1025085449219,350.8999938964844,351.1025085449219,468
2026-10-09 10:06:00,1791554760,CDNS,351.4100036621094,351.8699951171875,351.4100036621094,351.70001220703125,3343
2026-10-09 10:07:00,1791554820,CDNS,351.7049865722656,351.7099914550781,351.7049865722656,351.7099914550781,688
2026-10-09 10:08:00,1791554880,CDNS,351.82000732421875,352.6300048828125,351.82000732421875,352.4140930175781,2668
2026-10-09 10:10:00,1791555000,CDNS,352.9624938964844,352.9624938964844,352.55999755859375,352.55999755859375,3321
2026-10-09 10:11:00,1791555060,CDNS,352.239990234375,352.239990234375,351.3800048828125,351.3800048828125,1206
2026-10-09 10:12:00,1791555120,CDNS,351.5400085449219,351.7799987792969,351.5400085449219,351.57000732421875,1283
2026-10-09 10:13:00,1791555180,CDNS,351.70001220703125,351.71990966796875,351.0400085449219,351.0400085449219,4196
2026-10-09 10:14:00,1791555240,CDNS,350.8949890136719,351.1449890136719,350.6900939941406,351.1449890136719,2178
2026-10-09 10:15:00,1791555300,CDNS,350.989990234375,351.260009765625,350.8900146484375,350.8900146484375,2075
2026-10-09 10:16:00,1791555360,CDNS,350.489990234375,350.8399963378906,350.489990234375,350.80999755859375,1861
2026-10-09 10:17:00,1791555420,CDNS,350.3699951171875,350.6300048828125,350.3699951171875,350.5799865722656,2126
2026-10-09 10:18:00,1791555480,CDNS,350.5799865722656,350.5799865722656,350.1499938964844,350.3800048828125,3395
2026-10-09 10:19:00,1791555540,CDNS,350.42498779296875,350.7699890136719,350.3951110839844,350.61248779296875,4027
2026-10-09 10:20:00,1791555600,CDNS,350.69000244140625,350.9425048828125,350.4849853515625,350.739990234375,8248
2026-10-09 10:21:00,1791555660,CDNS,350.7300109863281,350.7300109863281,350.3999938964844,350.3999938964844,1900
2026-10-09 10:22:00,1791555720,CDNS,350.510009765625,350.510009765625,350.2950134277344,350.2950134277344,875
2026-10-09 10:23:00,1791555780,CDNS,350.4599914550781,351.0299987792969,350.4599914550781,351.0299987792969,7525
2026-10-09 10:24:00,1791555840,CDNS,351.4700012207031,351.4700012207031,351.4200134277344,351.4200134277344,447
2026-10-09 10:25:00,1791555900,CDNS,351.45001220703125,352.07000732421875,351.45001220703125,351.82501220703125,1089
2026-10-09 10:26:00,1791555960,CDNS,351.6700134277344,351.93499755859375,351.5899963378906,351.5899963378906,2121
2026-10-09 10:27:00,1791556020,CDNS,351.7049865722656,351.8550109863281,351.7049865722656,351.7699890136719,1615
2026-10-09 10:28:00,1791556080,CDNS,351.7900085449219,351.8399963378906,351.56500244140625,351.56500244140625,2037
2026-10-09 10:29:00,1791556140,CDNS,351.5450134277344,351.5450134277344,351.3699951171875,351.3699951171875,1223
2026-10-09 10:30:00,1791556200,CDNS,351.6099853515625,351.6300048828125,351.364990234375,351.5400085449219,2026
2026-10-09 10:31:00,1791556260,CDNS,351.42999267578125,351.57000732421875,351.25,351.3399963378906,5378
2026-10-09 10:32:00,1791556320,CDNS,351.2799987792969,351.2799987792969,351.0799865722656,351.0799865722656,910
2026-10-09 10:33:00,1791556380,CDNS,351.0799865722656,351.0799865722656,350.70001220703125,350.989990234375,7926
2026-10-09 10:34:00,1791556440,CDNS,351.1499938964844,351.302490234375,351.1499938964844,351.21270751953125,1449
2026-10-09 10:35:00,1791556500,CDNS,351.3949890136719,351.3949890136719,351.1400146484375,351.1400146484375,747
2026-10-09 10:36:00,1791556560,CDNS,351.1400146484375,351.3399963378906,351.1300048828125,351.3349914550781,737
2026-10-09 10:37:00,1791556620,CDNS,351.3349914550781,351.57000732421875,351.3349914550781,351.3399963378906,769
2026-10-09 10:38:00,1791556680,CDNS,351.3450012207031,351.5899963378906,351.3450012207031,351.5574951171875,3060
2026-10-09 10:39:00,1791556740,CDNS,351.7699890136719,351.9399108886719,351.3599853515625,351.3599853515625,1332
2026-10-09 10:40:00,1791556800,CDNS,351.364990234375,351.4700012207031,351.2900085449219,351.4599914550781,884
2026-10-09 10:41:00,1791556860,CDNS,351.4200134277344,351.75,351.2799987792969,351.6199951171875,4172
2026-10-09 10:42:00,1791556920,CDNS,351.635009765625,351.6400146484375,351.6300048828125,351.6300048828125,833
2026-10-09 10:43:00,1791556980,CDNS,351.63250732421875,351.7650146484375,351.6099853515625,351.6099853515625,1876
2026-10-09 10:44:00,1791557040,CDNS,351.4800109863281,351.67498779296875,351.4800109863281,351.67498779296875,1907
2026-10-09 10:45:00,1791557100,CDNS,351.54998779296875,351.69000244140625,351.42999267578125,351.69000244140625,2455
2026-10-09 10:46:00,1791557160,CDNS,351.69000244140625,351.94500732421875,351.69000244140625,351.94500732421875,2154
2026-10-09 10:47:00,1791557220,CDNS,351.7699890136719,352.0799865722656,351.7699890136719,351.8900146484375,1582
2026-10-09 10:48:00,1791557280,CDNS,351.70001220703125,351.9599914550781,351.69500732421875,351.9200134277344,1963
2026-10-09 10:49:00,1791557340,CDNS,351.82000732421875,351.9200134277344,351.5150146484375,351.54998779296875,4001
2026-10-09 10:50:00,1791557400,CDNS,351.56500244140625,351.9599914550781,351.56500244140625,351.9599914550781,6302
2026-10-09 10:51:00,1791557460,CDNS,352.0,352.1000061035156,351.9100036621094,352.05499267578125,3753
2026-10-09 10:52:00,1791557520,CDNS,351.9800109863281,352.1700134277344,351.9800109863281,352.05999755859375,862
2026-10-09 10:53:00,1791557580,CDNS,352.04998779296875,352.05999755859375,351.7200012207031,351.7449951171875,2568
2026-10-09 10:54:00,1791557640,CDNS,351.6600036621094,351.6600036621094,351.260009765625,351.5799865722656,3568
2026-10-09 10:55:00,1791557700,CDNS,351.80999755859375,351.80999755859375,351.6700134277344,351.7099914550781,1096
2026-10-09 10:56:00,1791557760,CDNS,351.760009765625,351.9700012207031,351.6700134277344,351.94500732421875,1386
2026-10-09 10:57:00,1791557820,CDNS,351.7099914550781,351.93798828125,351.7099914550781,351.93798828125,496
2026-10-09 10:58:00,1791557880,CDNS,351.9700012207031,351.9700012207031,351.8949890136719,351.8949890136719,496
2026-10-09 10:59:00,1791557940,CDNS,351.8900146484375,351.8900146484375,351.8900146484375,351.8900146484375,525
2026-10-09 11:00:00,1791558000,CDNS,351.9849853515625,352.1600036621094,351.9849853515625,351.9949951171875,1443
2026-10-09 11:01:00,1791558060,CDNS,351.8299865722656,351.9949951171875,351.67498779296875,351.67498779296875,1363
2026-10-09 11:02:00,1791558120,CDNS,351.67498779296875,351.67498779296875,351.1549987792969,351.1549987792969,1278
2026-10-09 11:03:00,1791558180,CDNS,351.54998779296875,351.67999267578125,351.5400085449219,351.57501220703125,1293
2026-10-09 11:04:00,1791558240,CDNS,351.7300109863281,351.7300109863281,351.7300109863281,351.7300109863281,288
2026-10-09 11:05:00,1791558300,CDNS,351.8299865722656,351.8299865722656,351.69500732421875,351.69500732421875,851
2026-10-09 11:06:00,1791558360,CDNS,351.69000244140625,351.81500244140625,351.5199890136719,351.5199890136719,475
2026-10-09 11:07:00,1791558420,CDNS,351.70001220703125,351.70001220703125,351.20001220703125,351.20001220703125,1736
2026-10-09 11:08:00,1791558480,CDNS,351.45001220703125,351.45001220703125,351.1600036621094,351.385009765625,1303
2026-10-09 11:09:00,1791558540,CDNS,351.4100036621094,351.57000732421875,351.3399963378906,351.57000732421875,2456
2026-10-09 11:10:00,1791558600,CDNS,351.54010009765625,351.7200012207031,351.54010009765625,351.7200012207031,379
2026-10-09 11:11:00,1791558660,CDNS,351.5799865722656,351.7200012207031,351.4800109863281,351.55499267578125,6129
2026-10-09 11:12:00,1791558720,CDNS,351.5899963378906,351.69000244140625,351.489990234375,351.5899963378906,800
2026-10-09 11:13:00,1791558780,CDNS,351.4700012207031,351.5,351.3699951171875,351.3699951171875,1956
2026-10-09 11:14:00,1791558840,CDNS,351.5,351.6099853515625,351.5,351.6099853515625,1439
2026-10-09 11:15:00,1791558900,CDNS,351.4849853515625,351.6099853515625,351.4849853515625,351.6000061035156,474
2026-10-09 11:16:00,1791558960,CDNS,351.55499267578125,351.6700134277344,351.3949890136719,351.6700134277344,1747
2026-10-09 11:17:00,1791559020,CDNS,351.9100036621094,352.0400085449219,351.9100036621094,352.0400085449219,717
2026-10-09 11:18:00,1791559080,CDNS,351.8028869628906,352.20001220703125,351.8028869628906,352.20001220703125,352
2026-10-09 11:19:00,1791559140,CDNS,352.0799865722656,352.0799865722656,351.94000244140625,351.94000244140625,1103
2026-10-09 11:20:00,1791559200,CDNS,351.8699951171875,351.9800109863281,351.7749938964844,351.9800109863281,1873
2026-10-09 11:21:00,1791559260,CDNS,351.9100036621094,352.1600036621094,351.9100036621094,352.07501220703125,2010
2026-10-09 11:22:00,1791559320,CDNS,352.17999267578125,352.32000732421875,352.17999267578125,352.32000732421875,971
2026-10-09 11:23:00,1791559380,CDNS,352.2699890136719,352.2699890136719,352.0400085449219,352.0400085449219,949
2026-10-09 11:24:00,1791559440,CDNS,352.2149963378906,352.2699890136719,352.2149963378906,352.2699890136719,1268
2026-10-09 11:25:00,1791559500,CDNS,352.6400146484375,352.6400146484375,352.3599853515625,352.42999267578125,2240
2026-10-09 11:26:00,1791559560,CDNS,352.7099914550781,352.739990234375,352.677490234375,352.739990234375,622
2026-10-09 11:27:00,1791559620,CDNS,353.1000061035156,353.1000061035156,352.8699951171875,352.8999938964844,1121
2026-10-09 11:28:00,1791559680,CDNS,352.8999938964844,352.9800109863281,352.80999755859375,352.80999755859375,688
2026-10-09 11:29:00,1791559740,CDNS,352.9049987792969,352.9150085449219,352.82000732421875,352.82000732421875,923
2026-10-09 11:30:00,1791559800,CDNS,352.8299865722656,352.8299865722656,352.7149963378906,352.7149963378906,1134
2026-10-09 11:31:00,1791559860,CDNS,352.6000061035156,352.80999755859375,352.6000061035156,352.760009765625,2031
2026-10-09 11:32:00,1791559920,CDNS,352.5199890136719,352.69000244140625,352.489990234375,352.6199951171875,3458
2026-10-09 11:33:00,1791559980,CDNS,352.80999755859375,352.80999755859375,352.70001220703125,352.70001220703125,611
2026-10-09 11:34:00,1791560040,CDNS,352.760009765625,352.760009765625,352.5849914550781,352.5849914550781,1420
2026-10-09 11:35:00,1791560100,CDNS,352.739990234375,352.9800109863281,352.6600036621094,352.8349914550781,2191
2026-10-09 11:36:00,1791560160,CDNS,352.989990234375,352.989990234375,352.69000244140625,352.81500244140625,756
2026-10-09 11:37:00,1791560220,CDNS,352.760009765625,352.9800109863281,352.6499938964844,352.9100036621094,1928
2026-10-09 11:38:00,1791560280,CDNS,353.2900085449219,353.2900085449219,353.2149963378906,353.260009765625,765
2026-10-09 11:39:00,1791560340,CDNS,353.2699890136719,353.3299865722656,353.2699890136719,353.2749938964844,948
2026-10-09 11:40:00,1791560400,CDNS,353.2749938964844,353.32000732421875,353.25,353.25,1337
2026-10-09 11:41:00,1791560460,CDNS,353.30999755859375,353.30999755859375,352.8550109863281,352.8550109863281,3255
2026-10-09 11:42:00,1791560520,CDNS,352.7850036621094,352.94989013671875,352.7850036621094,352.94989013671875,599
2026-10-09 11:43:00,1791560580,CDNS,352.6700134277344,352.9100036621094,352.6700134277344,352.6700134277344,905
2026-10-09 11:44:00,1791560640,CDNS,352.885009765625,352.885009765625,352.31500244140625,352.31500244140625,1666
2026-10-09 11:45:00,1791560700,CDNS,352.29998779296875,352.29998779296875,351.9700012207031,351.9700012207031,1150
2026-10-09 11:46:00,1791560760,CDNS,352.1600036621094,352.1600036621094,351.8900146484375,351.92498779296875,416
2026-10-09 11:47:00,1791560820,CDNS,351.7699890136719,351.885009765625,351.6099853515625,351.7149963378906,3514
2026-10-09 11:48:00,1791560880,CDNS,351.7149963378906,351.82000732421875,351.7149963378906,351.739990234375,906
2026-10-09 11:49:00,1791560940,CDNS,351.739990234375,351.739990234375,351.739990234375,351.739990234375,194
2026-10-09 11:50:00,1791561000,CDNS,351.8575134277344,351.8999938964844,351.80999755859375,351.8999938964844,774
2026-10-09 11:51:00,1791561060,CDNS,351.80999755859375,351.989990234375,351.80999755859375,351.989990234375,2040
2026-10-09 11:52:00,1791561120,CDNS,351.9849853515625,352.0050048828125,351.94000244140625,352.0050048828125,724
2026-10-09 11:53:00,1791561180,CDNS,351.989990234375,351.989990234375,351.8399963378906,351.8900146484375,3665
2026-10-09 11:54:00,1791561240,CDNS,352.0299987792969,352.0299987792969,352.0299987792969,352.0299987792969,723
2026-10-09 11:55:00,1791561300,CDNS,352.0899963378906,352.1050109863281,351.9700012207031,352.06500244140625,849
2026-10-09 11:56:00,1791561360,CDNS,352.07501220703125,352.1499938964844,352.07501220703125,352.0799865722656,1394
2026-10-09 11:57:00,1791561420,CDNS,352.0799865722656,352.0799865722656,351.9700927734375,352.0450134277344,828
2026-10-09 11:58:00,1791561480,CDNS,352.1000061035156,352.2349853515625,352.1000061035156,352.2349853515625,2678
2026-10-09 11:59:00,1791561540,CDNS,352.17999267578125,352.17999267578125,352.010009765625,352.0425109863281,1760
2026-10-09 12:00:00,1791561600,CDNS,351.9700012207031,351.9700012207031,351.6000061035156,351.6000061035156,1504
2026-10-09 12:01:00,1791561660,CDNS,351.4800109863281,351.5050048828125,351.3999938964844,351.3999938964844,1093
2026-10-09 12:02:00,1791561720,CDNS,351.3999938964844,351.5,351.3999938964844,351.5,1125
2026-10-09 12:03:00,1791561780,CDNS,351.4150085449219,351.510009765625,351.3900146484375,351.510009765625,2541
2026-10-09 12:04:00,1791561840,CDNS,351.4100036621094,351.44000244140625,351.25,351.3450012207031,1909
2026-10-09 12:05:00,1791561900,CDNS,351.44000244140625,351.5,351.4150085449219,351.4150085449219,1504
2026-10-09 12:06:00,1791561960,CDNS,351.38238525390625,351.5,351.38238525390625,351.4599914550781,1164
2026-10-09 12:07:00,1791562020,CDNS,351.4599914550781,351.4700012207031,351.42999267578125,351.42999267578125,2112
2026-10-09 12:08:00,1791562080,CDNS,351.3299865722656,351.42498779296875,351.3299865722656,351.3299865722656,848
2026-10-09 12:09:00,1791562140,CDNS,351.42498779296875,351.42498779296875,351.2799987792969,351.2799987792969,3620
2026-10-09 12:10:00,1791562200,CDNS,351.2799987792969,351.3500061035156,351.20001220703125,351.239990234375,2715
2026-10-09 12:11:00,1791562260,CDNS,351.3299865722656,351.3800048828125,351.32501220703125,351.32501220703125,1047
2026-10-09 12:12:00,1791562320,CDNS,351.32501220703125,351.4200134277344,351.32501220703125,351.4200134277344,889
2026-10-09 12:13:00,1791562380,CDNS,351.3424987792969,351.3424987792969,351.20001220703125,351.2349853515625,1621
2026-10-09 12:14:00,1791562440,CDNS,351.2349853515625,351.3999938964844,351.2200012207031,351.2749938964844,10438
2026-10-09 12:15:00,1791562500,CDNS,351.31500244140625,351.3299865722656,351.2099914550781,351.260009765625,2996
2026-10-09 12:16:00,1791562560,CDNS,351.55999755859375,351.6650085449219,351.55999755859375,351.6650085449219,579
2026-10-09 12:17:00,1791562620,CDNS,351.8349914550781,351.9599914550781,351.6400146484375,351.69000244140625,2484
2026-10-09 12:18:00,1791562680,CDNS,351.6400146484375,351.6400146484375,351.42999267578125,351.5400085449219,2278
2026-10-09 12:19:00,1791562740,CDNS,351.5450134277344,351.5450134277344,351.45001220703125,351.45001220703125,264
2026-10-09 12:20:00,1791562800,CDNS,351.5450134277344,351.5450134277344,351.3999938964844,351.3999938964844,1168
2026-10-09 12:21:00,1791562860,CDNS,351.4100036621094,351.6600036621094,351.4100036621094,351.5950012207031,1313
2026-10-09 12:22:00,1791562920,CDNS,351.54998779296875,351.7099914550781,351.5400085449219,351.7099914550781,1262
2026-10-09 12:23:00,1791562980,CDNS,351.79998779296875,352.0,351.79998779296875,351.8500061035156,1438
2026-10-09 12:24:00,1791563040,CDNS,351.8299865722656,351.8299865722656,351.4599914550781,351.4599914550781,3136
2026-10-09 12:26:00,1791563160,CDNS,351.75,351.94500732421875,351.739990234375,351.739990234375,965
2026-10-09 12:27:00,1791563220,CDNS,351.7200012207031,351.7200012207031,351.7200012207031,351.7200012207031,717
2026-10-09 12:28:00,1791563280,CDNS,351.7099914550781,351.82501220703125,351.7099914550781,351.82501220703125,1226
2026-10-09 12:29:00,1791563340,CDNS,351.8599853515625,351.9599914550781,351.8599853515625,351.8699951171875,1212
2026-10-09 12:30:00,1791563400,CDNS,351.8599853515625,351.8599853515625,351.75,351.75,1550
2026-10-09 12:31:00,1791563460,CDNS,351.760009765625,351.9049987792969,351.760009765625,351.9049987792969,1204
2026-10-09 12:32:00,1791563520,CDNS,351.8450012207031,351.8450012207031,351.4100036621094,351.5199890136719,6030
2026-10-09 12:33:00,1791563580,CDNS,351.4200134277344,351.4200134277344,350.5899963378906,350.614990234375,3447
2026-10-09 12:34:00,1791563640,CDNS,350.5799865722656,350.5799865722656,350.5,350.5,458
2026-10-09 12:35:00,1791563700,CDNS,350.6400146484375,350.6700134277344,350.3599853515625,350.55999755859375,9876
2026-10-09 12:36:00,1791563760,CDNS,350.35211181640625,350.4599914550781,350.35211181640625,350.4599914550781,1674
2026-10-09 12:37:00,1791563820,CDNS,350.43499755859375,350.4949951171875,350.43499755859375,350.4949951171875,822
2026-10-09 12:38:00,1791563880,CDNS,350.5950012207031,350.5950012207031,350.5899963378906,350.5899963378906,2033
2026-10-09 12:39:00,1791563940,CDNS,350.510009765625,350.5899963378906,350.45001220703125,350.45001220703125,2196
2026-10-09 12:40:00,1791564000,CDNS,350.54998779296875,351.0450134277344,350.5350036621094,351.0450134277344,7706
2026-10-09 12:41:00,1791564060,CDNS,351.0199890136719,351.07000732421875,351.0199890136719,351.0199890136719,1634
2026-10-09 12:42:00,1791564120,CDNS,350.9800109863281,350.9800109863281,350.56500244140625,350.56500244140625,1278
2026-10-09 12:43:00,1791564180,CDNS,350.54998779296875,350.875,350.54998779296875,350.875,1971
2026-10-09 12:44:00,1791564240,CDNS,350.8800048828125,350.8800048828125,350.6300048828125,350.6300048828125,2243
2026-10-09 12:45:00,1791564300,CDNS,350.80999755859375,351.0400085449219,350.76251220703125,350.7674865722656,867
2026-10-09 12:46:00,1791564360,CDNS,350.8999938964844,350.9599914550781,350.81500244140625,350.9599914550781,757
2026-10-09 12:47:00,1791564420,CDNS,350.81500244140625,351.010009765625,350.7749938964844,351.010009765625,1920
2026-10-09 12:48:00,1791564480,CDNS,351.010009765625,351.0150146484375,350.8399963378906,350.95001220703125,1410
2026-10-09 12:49:00,1791564540,CDNS,350.8399963378906,350.8399963378906,350.69000244140625,350.69000244140625,1142
2026-10-09 12:50:00,1791564600,CDNS,350.8699951171875,350.9800109863281,350.8599853515625,350.94000244140625,2301
2026-10-09 12:51:00,1791564660,CDNS,350.9549865722656,351.04998779296875,350.9549865722656,351.0,2543
2026-10-09 12:52:00,1791564720,CDNS,351.05999755859375,351.05999755859375,350.8399963378906,350.8399963378906,1384
2026-10-09 12:53:00,1791564780,CDNS,350.80999755859375,350.80999755859375,350.80499267578125,350.80499267578125,992
2026-10-09 12:54:00,1791564840,CDNS,350.8599853515625,350.8599853515625,350.6600036621094,350.6600036621094,277
2026-10-09 12:55:00,1791564900,CDNS,350.7950134277344,350.95001220703125,350.6600036621094,350.82000732421875,5070
2026-10-09 12:56:00,1791564960,CDNS,350.7300109863281,350.80999755859375,350.7300109863281,350.80999755859375,1043
2026-10-09 12:57:00,1791565020,CDNS,350.9200134277344,350.9200134277344,350.9200134277344,350.9200134277344,192
2026-10-09 12:58:00,1791565080,CDNS,350.80999755859375,350.8699951171875,350.5150146484375,350.5150146484375,1444
2026-10-09 12:59:00,1791565140,CDNS,350.5249938964844,350.7099914550781,350.5249938964844,350.57000732421875,1595
2026-10-09 13:00:00,1791565200,CDNS,350.7200012207031,350.760009765625,350.6199951171875,350.6199951171875,2788
2026-10-09 13:01:00,1791565260,CDNS,350.7250061035156,350.760009765625,350.69000244140625,350.69000244140625,1321
2026-10-09 13:02:00,1791565320,CDNS,350.760009765625,350.8550109863281,350.69500732421875,350.7799987792969,2508
2026-10-09 13:03:00,1791565380,CDNS,350.82000732421875,350.82000732421875,350.6199951171875,350.6400146484375,995
2026-10-09 13:04:00,1791565440,CDNS,350.5799865722656,350.6499938964844,350.510009765625,350.6499938964844,1013
2026-10-09 13:05:00,1791565500,CDNS,350.6050109863281,350.80999755859375,350.6050109863281,350.6600036621094,2411
2026-10-09 13:06:00,1791565560,CDNS,350.67999267578125,350.75,350.6499938964844,350.75,2539
2026-10-09 13:07:00,1791565620,CDNS,350.8800048828125,350.989990234375,350.8550109863281,350.94000244140625,1819
2026-10-09 13:08:00,1791565680,CDNS,351.05999755859375,351.05999755859375,351.0,351.0,436
2026-10-09 13:09:00,1791565740,CDNS,351.0899963378906,351.2099914550781,351.0799865722656,351.2099914550781,2199
2026-10-09 13:10:00,1791565800,CDNS,351.2300109863281,351.25,351.1199951171875,351.1199951171875,1174
2026-10-09 13:11:00,1791565860,CDNS,351.1300048828125,351.17999267578125,351.0950012207031,351.125,2202
2026-10-09 13:12:00,1791565920,CDNS,351.125,351.125,351.0199890136719,351.1099853515625,1315
2026-10-09 13:13:00,1791565980,CDNS,351.0199890136719,351.5599060058594,351.0199890136719,351.5599060058594,2817
2026-10-09 13:14:00,1791566040,CDNS,351.42999267578125,351.7300109863281,351.0450134277344,351.7300109863281,14267
2026-10-09 13:15:00,1791566100,CDNS,351.6000061035156,351.67999267578125,351.5799865722656,351.5899963378906,1064
2026-10-09 13:16:00,1791566160,CDNS,351.6600036621094,351.6600036621094,351.6099853515625,351.6099853515625,734
2026-10-09 13:17:00,1791566220,CDNS,351.4800109863281,351.4800109863281,351.0199890136719,351.0199890136719,1773
2026-10-09 13:18:00,1791566280,CDNS,351.0299987792969,351.0299987792969,350.9700012207031,350.9700012207031,1475
2026-10-09 13:19:00,1791566340,CDNS,350.9700012207031,351.0299987792969,350.8500061035156,351.0299987792969,2168
2026-10-09 13:20:00,1791566400,CDNS,350.9800109863281,351.4100036621094,350.9800109863281,351.3999938964844,24815
2026-10-09 13:21:00,1791566460,CDNS,351.32000732421875,351.4599914550781,351.2799987792969,351.4599914550781,2006
2026-10-09 13:22:00,1791566520,CDNS,351.5498962402344,351.5498962402344,351.3550109863281,351.3550109863281,1100
2026-10-09 13:23:00,1791566580,CDNS,351.20001220703125,351.239990234375,351.1700134277344,351.1700134277344,672
2026-10-09 13:24:00,1791566640,CDNS,351.1099853515625,351.5150146484375,351.1099853515625,351.5150146484375,3561
2026-10-09 13:25:00,1791566700,CDNS,351.5150146484375,351.5150146484375,351.5150146484375,351.5150146484375,1304
2026-10-09 13:26:00,1791566760,CDNS,351.6300048828125,351.6300048828125,351.6300048828125,351.6300048828125,181
2026-10-09 13:27:00,1791566820,CDNS,351.6300048828125,351.80999755859375,351.6199951171875,351.80999755859375,2728
2026-10-09 13:28:00,1791566880,CDNS,352.139892578125,352.139892578125,352.139892578125,352.139892578125,245
2026-10-09 13:29:00,1791566940,CDNS,352.1000061035156,352.1499938964844,352.1000061035156,352.1499938964844,1918
2026-10-09 13:30:00,1791567000,CDNS,352.2300109863281,352.2349853515625,351.92999267578125,351.94000244140625,2808
2026-10-09 13:31:00,1791567060,CDNS,351.885009765625,352.05999755859375,351.760009765625,352.05999755859375,1062
2026-10-09 13:32:00,1791567120,CDNS,351.7200012207031,351.7200012207031,351.7200012207031,351.7200012207031,315
2026-10-09 13:33:00,1791567180,CDNS,351.8900146484375,351.95001220703125,351.81500244140625,351.822509765625,3636
2026-10-09 13:34:00,1791567240,CDNS,351.92999267578125,351.92999267578125,351.82501220703125,351.82501220703125,1880
2026-10-09 13:35:00,1791567300,CDNS,351.8349914550781,351.94000244140625,351.8349914550781,351.94000244140625,838
2026-10-09 13:36:00,1791567360,CDNS,351.885009765625,351.885009765625,351.8399963378906,351.8399963378906,244
2026-10-09 13:37:00,1791567420,CDNS,351.80999755859375,351.95001220703125,351.80999755859375,351.875,3157
2026-10-09 13:38:00,1791567480,CDNS,351.95001220703125,352.0249938964844,351.95001220703125,352.0249938964844,1519
2026-10-09 13:39:00,1791567540,CDNS,352.0799865722656,352.0849914550781,352.0799865722656,352.0849914550781,379
2026-10-09 13:40:00,1791567600,CDNS,352.17999267578125,352.17999267578125,352.17999267578125,352.17999267578125,730
2026-10-09 13:41:00,1791567660,CDNS,352.260009765625,352.4049987792969,352.19000244140625,352.4049987792969,1673
2026-10-09 13:42:00,1791567720,CDNS,352.3299865722656,352.3800048828125,352.3299865722656,352.3299865722656,1296
2026-10-09 13:43:00,1791567780,CDNS,352.29998779296875,352.3500061035156,352.29998779296875,352.3500061035156,442
2026-10-09 13:44:00,1791567840,CDNS,352.3399963378906,352.3999938964844,352.32000732421875,352.32000732421875,1160
2026-10-09 13:45:00,1791567900,CDNS,352.2799987792969,352.32501220703125,352.2799987792969,352.32501220703125,1101
2026-10-09 13:46:00,1791567960,CDNS,352.2099914550781,352.25,352.0899963378906,352.0899963378906,2441
2026-10-09 13:47:00,1791568020,CDNS,352.05999755859375,352.1300048828125,351.8800048828125,351.8800048828125,772
2026-10-09 13:48:00,1791568080,CDNS,351.9800109863281,351.9800109863281,351.9750061035156,351.9750061035156,525
2026-10-09 13:49:00,1791568140,CDNS,351.8399963378906,351.94500732421875,351.8399963378906,351.94500732421875,1073
2026-10-09 13:50:00,1791568200,CDNS,351.94500732421875,352.0,351.9100036621094,351.94500732421875,5237
2026-10-09 13:51:00,1791568260,CDNS,351.9649963378906,351.9649963378906,351.9460144042969,351.9460144042969,562
2026-10-09 13:52:00,1791568320,CDNS,351.9700012207031,351.9700012207031,351.6600036621094,351.6600036621094,7427
2026-10-09 13:53:00,1791568380,CDNS,351.57000732421875,351.57000732421875,351.3500061035156,351.3999938964844,1006
2026-10-09 13:54:00,1791568440,CDNS,351.30999755859375,351.4200134277344,351.2300109863281,351.2300109863281,1001
2026-10-09 13:55:00,1791568500,CDNS,351.19000244140625,351.19000244140625,351.19000244140625,351.19000244140625,242
2026-10-09 13:56:00,1791568560,CDNS,351.19000244140625,351.5199890136719,351.19000244140625,351.5199890136719,3062
2026-10-09 13:57:00,1791568620,CDNS,351.4100036621094,351.4100036621094,351.4100036621094,351.4100036621094,1387
2026-10-09 13:58:00,1791568680,CDNS,351.260009765625,351.260009765625,351.260009765625,351.260009765625,885
2026-10-09 13:59:00,1791568740,CDNS,351.3500061035156,351.3500061035156,351.3500061035156,351.3500061035156,473
2026-10-09 14:00:00,1791568800,CDNS,351.3299865722656,351.3299865722656,351.2099914550781,351.2099914550781,1441
2026-10-09 14:01:00,1791568860,CDNS,351.1400146484375,351.1700134277344,351.05999755859375,351.1099853515625,3113
2026-10-09 14:02:00,1791568920,CDNS,351.1700134277344,351.1700134277344,350.82000732421875,350.82000732421875,4348
2026-10-09 14:03:00,1791568980,CDNS,350.82000732421875,350.8299865722656,350.82000732421875,350.8299865722656,693
2026-10-09 14:04:00,1791569040,CDNS,350.9700012207031,350.9700012207031,350.8299865722656,350.9700012207031,1526
2026-10-09 14:05:00,1791569100,CDNS,351.1099853515625,351.1099853515625,350.8800048828125,350.8800048828125,399
2026-10-09 14:06:00,1791569160,CDNS,350.92999267578125,351.04998779296875,350.8900146484375,350.9100036621094,1474
2026-10-09 14:07:00,1791569220,CDNS,350.8399963378906,350.8399963378906,350.67498779296875,350.82000732421875,2420
2026-10-09 14:08:00,1791569280,CDNS,350.82000732421875,350.8700866699219,350.82000732421875,350.8700866699219,856
2026-10-09 14:09:00,1791569340,CDNS,350.7699890136719,350.82000732421875,350.7699890136719,350.82000732421875,692
2026-10-09 14:10:00,1791569400,CDNS,350.7099914550781,350.95001220703125,350.7099914550781,350.95001220703125,1383
2026-10-09 14:11:00,1791569460,CDNS,350.94000244140625,351.0150146484375,350.8900146484375,350.8900146484375,3501
2026-10-09 14:12:00,1791569520,CDNS,350.9150085449219,350.9150085449219,350.79998779296875,350.79998779296875,763
2026-10-09 14:13:00,1791569580,CDNS,350.79998779296875,350.885009765625,350.760009765625,350.760009765625,1083
2026-10-09 14:14:00,1791569640,CDNS,350.92999267578125,350.92999267578125,350.6199951171875,350.6199951171875,1346
2026-10-09 14:15:00,1791569700,CDNS,350.6199951171875,350.80999755859375,350.6199951171875,350.7799987792969,4649
2026-10-09 14:16:00,1791569760,CDNS,350.82000732421875,351.1000061035156,350.6400146484375,351.06500244140625,3668
2026-10-09 14:17:00,1791569820,CDNS,351.05999755859375,351.05999755859375,351.04998779296875,351.04998779296875,609
2026-10-09 14:18:00,1791569880,CDNS,351.0249938964844,351.2699890136719,351.0150146484375,351.2699890136719,1686
2026-10-09 14:19:00,1791569940,CDNS,351.32501220703125,351.3299865722656,351.32501220703125,351.3299865722656,1177
2026-10-09 14:20:00,1791570000,CDNS,351.44000244140625,351.44000244140625,351.3599853515625,351.4049987792969,1465
2026-10-09 14:21:00,1791570060,CDNS,351.4200134277344,351.4200134277344,351.3299865722656,351.364990234375,1668
2026-10-09 14:22:00,1791570120,CDNS,351.3988952636719,351.5050048828125,351.364990234375,351.5050048828125,1999
2026-10-09 14:23:00,1791570180,CDNS,351.43499755859375,351.57000732421875,351.43499755859375,351.5199890136719,3133
2026-10-09 14:24:00,1791570240,CDNS,351.55999755859375,351.55999755859375,351.3399963378906,351.3999938964844,3601
2026-10-09 14:25:00,1791570300,CDNS,351.364990234375,351.364990234375,351.2900085449219,351.2900085449219,887
2026-10-09 14:26:00,1791570360,CDNS,351.2900085449219,351.30999755859375,351.25,351.30999755859375,1293
2026-10-09 14:27:00,1791570420,CDNS,351.260009765625,351.3275146484375,351.1499938964844,351.1499938964844,4857
2026-10-09 14:28:00,1791570480,CDNS,351.0899963378906,351.1372985839844,350.9599914550781,351.0299987792969,1512
2026-10-09 14:29:00,1791570540,CDNS,350.9599914550781,350.9849853515625,350.91009521484375,350.9200134277344,1303
2026-10-09 14:30:00,1791570600,CDNS,351.06988525390625,351.06988525390625,350.9100036621094,350.9849853515625,685
2026-10-09 14:31:00,1791570660,CDNS,350.9100036621094,351.1099853515625,350.8500061035156,351.0400085449219,5050
2026-10-09 14:32:00,1791570720,CDNS,351.2799987792969,351.4898986816406,351.2799987792969,351.4898986816406,829
2026-10-09 14:33:00,1791570780,CDNS,351.3900146484375,351.4800109863281,351.364990234375,351.364990234375,1814
2026-10-09 14:34:00,1791570840,CDNS,351.3599853515625,351.510009765625,351.3599853515625,351.510009765625,4094
2026-10-09 14:35:00,1791570900,CDNS,351.510009765625,351.5350036621094,351.510009765625,351.5350036621094,438
2026-10-09 14:36:00,1791570960,CDNS,351.5299987792969,351.5799865722656,351.5299987792969,351.55999755859375,1082
2026-10-09 14:37:00,1791571020,CDNS,351.5798034667969,351.6099853515625,351.44000244140625,351.6099853515625,1736
2026-10-09 14:38:00,1791571080,CDNS,351.5950012207031,351.5950012207031,351.489990234375,351.489990234375,1923
2026-10-09 14:39:00,1791571140,CDNS,351.45001220703125,351.5249938964844,351.45001220703125,351.5249938964844,708
2026-10-09 14:40:00,1791571200,CDNS,351.5299987792969,351.5400085449219,351.5299987792969,351.5400085449219,673
2026-10-09 14:41:00,1791571260,CDNS,351.5450134277344,351.54998779296875,351.4200134277344,351.42498779296875,9410
2026-10-09 14:42:00,1791571320,CDNS,351.3699951171875,351.4200134277344,351.3551940917969,351.4150085449219,1157
2026-10-09 14:43:00,1791571380,CDNS,351.3299865722656,351.4200134277344,351.3299865722656,351.3800048828125,3222
2026-10-09 14:44:00,1791571440,CDNS,351.3299865722656,351.385009765625,351.25,351.3599853515625,4769
2026-10-09 14:45:00,1791571500,CDNS,351.4346923828125,351.44000244140625,351.3699951171875,351.44000244140625,944
2026-10-09 14:46:00,1791571560,CDNS,351.29998779296875,351.44000244140625,351.17999267578125,351.3699951171875,2579
2026-10-09 14:47:00,1791571620,CDNS,351.5,351.5,351.2799987792969,351.4800109863281,1203
2026-10-09 14:48:00,1791571680,CDNS,351.375,351.375,351.2900085449219,351.2950134277344,970
2026-10-09 14:49:00,1791571740,CDNS,351.2799987792969,351.2799987792969,351.2749938964844,351.2749938964844,723
2026-10-09 14:50:00,1791571800,CDNS,351.3399963378906,351.7900085449219,351.3399963378906,351.7900085449219,3308
2026-10-09 14:51:00,1791571860,CDNS,351.82000732421875,351.82000732421875,351.6650085449219,351.6650085449219,1368
2026-10-09 14:52:00,1791571920,CDNS,351.6499938964844,351.6499938964844,351.4700012207031,351.4849853515625,1477
2026-10-09 14:53:00,1791571980,CDNS,351.4849853515625,351.489990234375,351.1700134277344,351.25,1351
2026-10-09 14:54:00,1791572040,CDNS,351.29998779296875,351.29998779296875,351.0249938964844,351.2449951171875,3453
2026-10-09 14:55:00,1791572100,CDNS,351.1700134277344,351.17999267578125,351.1199951171875,351.1199951171875,1713
2026-10-09 14:56:00,1791572160,CDNS,351.05999755859375,351.1449890136719,351.04998779296875,351.1449890136719,715
2026-10-09 14:57:00,1791572220,CDNS,351.0299987792969,351.05999755859375,351.0199890136719,351.05999755859375,1278
2026-10-09 14:58:00,1791572280,CDNS,350.9700012207031,350.9700012207031,350.82000732421875,350.95001220703125,2021
2026-10-09 14:59:00,1791572340,CDNS,350.8900146484375,350.9700012207031,350.82000732421875,350.82000732421875,1496
2026-10-09 15:00:00,1791572400,CDNS,350.80999755859375,350.8800048828125,350.6199951171875,350.7300109863281,1800
2026-10-09 15:01:00,1791572460,CDNS,350.6700134277344,350.67999267578125,350.6700134277344,350.67999267578125,691
2026-10-09 15:02:00,1791572520,CDNS,350.54998779296875,350.75,350.54998779296875,350.7300109863281,2687
2026-10-09 15:03:00,1791572580,CDNS,350.8500061035156,350.8500061035156,350.8450012207031,350.8450012207031,883
2026-10-09 15:04:00,1791572640,CDNS,350.92999267578125,350.9700012207031,350.8500061035156,350.9700012207031,1891
2026-10-09 15:05:00,1791572700,CDNS,350.8800048828125,350.9700012207031,350.8800048828125,350.9049987792969,2806
2026-10-09 15:06:00,1791572760,CDNS,350.9049987792969,351.0,350.9049987792969,351.0,1671
2026-10-09 15:07:00,1791572820,CDNS,350.9649963378906,350.9649963378906,350.9649963378906,350.9649963378906,427
2026-10-09 15:08:00,1791572880,CDNS,351.010009765625,351.0299987792969,350.95001220703125,350.95001220703125,932
2026-10-09 15:09:00,1791572940,CDNS,350.989990234375,351.04998779296875,350.9599914550781,350.9599914550781,1748
2026-10-09 15:10:00,1791573000,CDNS,350.95001220703125,351.17999267578125,350.8171081542969,351.0150146484375,11008
2026-10-09 15:11:00,1791573060,CDNS,350.9800109863281,351.010009765625,350.8599853515625,350.8599853515625,7696
2026-10-09 15:12:00,1791573120,CDNS,350.9700012207031,350.9700012207031,350.9700012207031,350.9700012207031,464
2026-10-09 15:13:00,1791573180,CDNS,350.8599853515625,350.9549865722656,350.8599853515625,350.9549865722656,1762
2026-10-09 15:14:00,1791573240,CDNS,350.8999938964844,350.8999938964844,350.7099914550781,350.7099914550781,6136
2026-10-09 15:15:00,1791573300,CDNS,350.7149963378906,350.9100036621094,350.7049865722656,350.8450012207031,2691
2026-10-09 15:16:00,1791573360,CDNS,350.864990234375,350.95001220703125,350.82000732421875,350.82000732421875,1336
2026-10-09 15:17:00,1791573420,CDNS,350.95001220703125,350.95001220703125,350.7799987792969,350.82501220703125,1757
2026-10-09 15:18:00,1791573480,CDNS,350.7300109863281,350.95001220703125,350.7300109863281,350.9200134277344,2122
2026-10-09 15:19:00,1791573540,CDNS,350.8949890136719,350.8949890136719,350.8949890136719,350.8949890136719,483
2026-10-09 15:20:00,1791573600,CDNS,350.989990234375,351.1199951171875,350.989990234375,351.1199951171875,2051
2026-10-09 15:21:00,1791573660,CDNS,351.07000732421875,351.0775146484375,351.07000732421875,351.0775146484375,927
2026-10-09 15:22:00,1791573720,CDNS,351.1400146484375,351.1499938964844,351.0799865722656,351.135009765625,2145
2026-10-09 15:23:00,1791573780,CDNS,351.10980224609375,351.10980224609375,350.989990234375,350.989990234375,1851
2026-10-09 15:24:00,1791573840,CDNS,350.989990234375,350.989990234375,350.989990234375,350.989990234375,1182
2026-10-09 15:25:00,1791573900,CDNS,350.92999267578125,351.1499938964844,350.92999267578125,351.1499938964844,2211
2026-10-09 15:26:00,1791573960,CDNS,350.9849853515625,351.45001220703125,350.9849853515625,351.45001220703125,2574
2026-10-09 15:27:00,1791574020,CDNS,351.31500244140625,351.32000732421875,351.31500244140625,351.32000732421875,948
2026-10-09 15:28:00,1791574080,CDNS,351.31500244140625,351.375,351.30999755859375,351.31500244140625,1901
2026-10-09 15:29:00,1791574140,CDNS,351.239990234375,351.54998779296875,351.239990234375,351.54998779296875,2043
2026-10-09 15:30:00,1791574200,CDNS,351.4849853515625,351.4849853515625,351.1700134277344,351.1700134277344,2867
2026-10-09 15:31:00,1791574260,CDNS,351.1400146484375,351.2716979980469,351.1300048828125,351.239990234375,2624
2026-10-09 15:32:00,1791574320,CDNS,351.2300109863281,351.5,351.2300109863281,351.41009521484375,2654
2026-10-09 15:33:00,1791574380,CDNS,351.48590087890625,351.6600036621094,351.48590087890625,351.6600036621094,2028
2026-10-09 15:34:00,1791574440,CDNS,351.75,351.7900085449219,351.6700134277344,351.6700134277344,1914
2026-10-09 15:35:00,1791574500,CDNS,351.7699890136719,351.7850036621094,351.58099365234375,351.6600036621094,5690
2026-10-09 15:36:00,1791574560,CDNS,351.6449890136719,351.6700134277344,351.6449890136719,351.6700134277344,1344
2026-10-09 15:37:00,1791574620,CDNS,351.6700134277344,351.82000732421875,351.635009765625,351.7449951171875,4965
2026-10-09 15:38:00,1791574680,CDNS,351.7349853515625,351.8900146484375,351.7349853515625,351.7900085449219,2113
2026-10-09 15:39:00,1791574740,CDNS,351.7799987792969,351.9599914550781,351.739990234375,351.8450012207031,4322
2026-10-09 15:40:00,1791574800,CDNS,351.8349914550781,351.8349914550781,351.739990234375,351.739990234375,1214
2026-10-09 15:41:00,1791574860,CDNS,351.80999755859375,351.8800048828125,351.2449951171875,351.2699890136719,9621
2026-10-09 15:42:00,1791574920,CDNS,351.31500244140625,351.5299987792969,351.2799987792969,351.44000244140625,3621
2026-10-09 15:43:00,1791574980,CDNS,351.44000244140625,351.80499267578125,351.3550109863281,351.69000244140625,4132
2026-10-09 15:44:00,1791575040,CDNS,351.75,351.81500244140625,351.6499938964844,351.6499938964844,2783
2026-10-09 15:45:00,1791575100,CDNS,351.5199890136719,351.5799865722656,351.3699951171875,351.5199890136719,2863
2026-10-09 15:46:00,1791575160,CDNS,351.5299987792969,351.55999755859375,351.4100036621094,351.4649963378906,3207
2026-10-09 15:47:00,1791575220,CDNS,351.55999755859375,351.7099914550781,351.5050048828125,351.7099914550781,1799
2026-10-09 15:48:00,1791575280,CDNS,351.7099914550781,351.7900085449219,351.6700134277344,351.7099914550781,2890
2026-10-09 15:49:00,1791575340,CDNS,351.7200012207031,351.8500061035156,351.7099914550781,351.82501220703125,2636
2026-10-09 15:50:00,1791575400,CDNS,351.8800048828125,352.1300048828125,351.8800048828125,352.0,6781
2026-10-09 15:51:00,1791575460,CDNS,352.0199890136719,352.0199890136719,351.8900146484375,351.9100036621094,4922
2026-10-09 15:52:00,1791575520,CDNS,351.9200134277344,352.239990234375,351.9100036621094,352.20001220703125,8450
2026-10-09 15:53:00,1791575580,CDNS,352.2099914550781,352.54998779296875,352.2099914550781,352.3550109863281,15103
2026-10-09 15:54:00,1791575640,CDNS,352.489990234375,352.56500244140625,352.0199890136719,352.0799865722656,23501
2026-10-09 15:55:00,1791575700,CDNS,352.1600036621094,352.94000244140625,352.1600036621094,352.8550109863281,12893
2026-10-09 15:56:00,1791575760,CDNS,352.9100036621094,352.9150085449219,352.6499938964844,352.7149963378906,13390
2026-10-09 15:57:00,1791575820,CDNS,352.739990234375,352.7799987792969,352.6449890136719,352.7099914550781,15402
2026-10-09 15:58:00,1791575880,CDNS,352.7049865722656,352.9800109863281,352.70001220703125,352.9200134277344,34526
2026-10-09 15:59:00,1791575940,CDNS,352.8699951171875,352.9800109863281,352.760009765625,352.9700012207031,58363
2026-10-09 16:00:00,1791576000,CDNS,352.8399963378906,352.8399963378906,352.8399963378906,352.8399963378906,0
