timestamp_et,epoch,ticker,open,high,low,close,volume
2026-09-30 09:30:00,1790775000,CRWD,263.5,263.69000244140625,261.5820007324219,262.8999938964844,242855
2026-09-30 09:31:00,1790775060,CRWD,263.239990234375,263.8800048828125,262.0,262.54998779296875,37036
2026-09-30 09:32:00,1790775120,CRWD,262.7749938964844,263.8999938964844,262.375,263.77301025390625,33094
2026-09-30 09:33:00,1790775180,CRWD,263.8599853515625,264.47979736328125,263.44500732421875,264.19000244140625,27723
2026-09-30 09:34:00,1790775240,CRWD,264.1300048828125,265.1099853515625,264.0150146484375,264.3905029296875,54372
2026-09-30 09:35:00,1790775300,CRWD,264.2900085449219,264.489990234375,263.489990234375,264.489990234375,28493
2026-09-30 09:36:00,1790775360,CRWD,264.42999267578125,266.7699890136719,264.42999267578125,266.7699890136719,67048
2026-09-30 09:37:00,1790775420,CRWD,266.8699951171875,267.4198913574219,266.37451171875,267.1199951171875,45607
2026-09-30 09:38:00,1790775480,CRWD,267.1300048828125,267.6000061035156,266.21099853515625,267.47100830078125,39740
2026-09-30 09:39:00,1790775540,CRWD,267.4621887207031,267.7799987792969,266.6958923339844,267.1050109863281,41436
2026-09-30 09:40:00,1790775600,CRWD,267.0777893066406,267.20001220703125,265.8778991699219,266.4849853515625,35193
2026-09-30 09:41:00,1790775660,CRWD,266.4849853515625,267.0899963378906,266.2900085449219,266.8949890136719,22963
2026-09-30 09:42:00,1790775720,CRWD,266.7349853515625,266.7349853515625,266.2301025390625,266.5400085449219,19400
2026-09-30 09:43:00,1790775780,CRWD,266.30621337890625,266.80999755859375,266.0198059082031,266.4750061035156,20699
2026-09-30 09:44:00,1790775840,CRWD,266.25,266.639892578125,264.67999267578125,265.07501220703125,36930
2026-09-30 09:45:00,1790775900,CRWD,265.07501220703125,265.7326965332031,264.5899963378906,264.8299865722656,34711
2026-09-30 09:46:00,1790775960,CRWD,264.80499267578125,264.80499267578125,263.239990234375,263.59368896484375,34698
2026-09-30 09:47:00,1790776020,CRWD,263.4800109863281,263.94989013671875,263.2900085449219,263.3800048828125,20152
2026-09-30 09:48:00,1790776080,CRWD,263.489990234375,264.135009765625,263.489990234375,263.69500732421875,13369
2026-09-30 09:49:00,1790776140,CRWD,263.79998779296875,265.30999755859375,263.25,264.8399963378906,57181
2026-09-30 09:50:00,1790776200,CRWD,265.0,265.9898986816406,264.8800048828125,265.6099853515625,25689
2026-09-30 09:51:00,1790776260,CRWD,265.760009765625,266.70001220703125,265.6400146484375,266.0849914550781,36873
2026-09-30 09:52:00,1790776320,CRWD,266.0299987792969,266.2699890136719,265.2300109863281,265.2300109863281,20826
2026-09-30 09:53:00,1790776380,CRWD,265.385009765625,266.20001220703125,265.2300109863281,265.7300109863281,20603
2026-09-30 09:54:00,1790776440,CRWD,265.760009765625,266.29998779296875,265.7200012207031,265.9649963378906,23023
2026-09-30 09:55:00,1790776500,CRWD,266.0400085449219,266.95001220703125,266.0400085449219,266.57000732421875,43226
2026-09-30 09:56:00,1790776560,CRWD,266.5050048828125,267.07989501953125,266.4949951171875,266.8599853515625,37956
2026-09-30 09:57:00,1790776620,CRWD,266.710205078125,267.44000244140625,266.710205078125,266.9599914550781,47651
2026-09-30 09:58:00,1790776680,CRWD,266.8550109863281,267.0398864746094,266.3179931640625,266.37750244140625,20869
2026-09-30 09:59:00,1790776740,CRWD,266.2940979003906,267.3699951171875,266.2940979003906,267.1650085449219,28694
2026-09-30 10:00:00,1790776800,CRWD,267.260009765625,267.739990234375,266.1600036621094,266.4700012207031,51855
2026-09-30 10:01:00,1790776860,CRWD,266.4800109863281,266.760009765625,266.1000061035156,266.6700134277344,36532
2026-09-30 10:02:00,1790776920,CRWD,266.7799987792969,267.1300048828125,265.55999755859375,265.739990234375,31630
2026-09-30 10:03:00,1790776980,CRWD,265.55499267578125,265.6700134277344,265.1000061035156,265.4800109863281,59059
2026-09-30 10:04:00,1790777040,CRWD,265.3999938964844,265.6000061035156,264.510009765625,264.70001220703125,32470
2026-09-30 10:05:00,1790777100,CRWD,264.7200012207031,264.7200012207031,263.3800048828125,263.660400390625,41760
2026-09-30 10:06:00,1790777160,CRWD,263.7699890136719,264.4399108886719,263.3999938964844,264.32000732421875,28906
2026-09-30 10:07:00,1790777220,CRWD,264.1199951171875,264.45001220703125,264.010009765625,264.260009765625,17242
2026-09-30 10:08:00,1790777280,CRWD,264.2950134277344,264.32000732421875,263.5,263.80999755859375,48526
2026-09-30 10:09:00,1790777340,CRWD,263.80999755859375,264.2200012207031,263.7799987792969,263.9693908691406,13897
2026-09-30 10:10:00,1790777400,CRWD,263.9700012207031,264.659912109375,263.92999267578125,264.19500732421875,20159
2026-09-30 10:11:00,1790777460,CRWD,264.5299987792969,264.6300048828125,263.9800109863281,264.0,17004
2026-09-30 10:12:00,1790777520,CRWD,263.9599914550781,264.409912109375,263.7301025390625,263.80999755859375,29167
2026-09-30 10:13:00,1790777580,CRWD,263.93499755859375,264.1476135253906,263.3999938964844,264.0,15846
2026-09-30 10:14:00,1790777640,CRWD,263.9949951171875,264.7738952636719,263.8500061035156,264.7049865722656,13672
2026-09-30 10:15:00,1790777700,CRWD,264.6099853515625,264.7200012207031,264.3301086425781,264.6400146484375,12657
2026-09-30 10:16:00,1790777760,CRWD,264.6400146484375,264.9898986816406,264.44000244140625,264.8800048828125,18617
2026-09-30 10:17:00,1790777820,CRWD,264.989990234375,265.1000061035156,264.6400146484375,264.6400146484375,16758
2026-09-30 10:18:00,1790777880,CRWD,264.55999755859375,264.7300109863281,264.27569580078125,264.4049987792969,25068
2026-09-30 10:19:00,1790777940,CRWD,264.5498962402344,264.69000244140625,264.2701110839844,264.5899963378906,13243
2026-09-30 10:20:00,1790778000,CRWD,264.67999267578125,265.1720886230469,264.6600036621094,264.8299865722656,13586
2026-09-30 10:21:00,1790778060,CRWD,264.8550109863281,265.010009765625,264.6700134277344,264.95001220703125,11436
2026-09-30 10:22:00,1790778120,CRWD,265.05999755859375,265.25,264.70001220703125,265.07000732421875,30949
2026-09-30 10:23:00,1790778180,CRWD,265.07000732421875,265.25,264.2300109863281,264.3146057128906,22909
2026-09-30 10:24:00,1790778240,CRWD,264.239990234375,264.4100036621094,263.625,264.1549987792969,29783
2026-09-30 10:25:00,1790778300,CRWD,264.0260009765625,264.4198913574219,263.7300109863281,264.2449951171875,15287
2026-09-30 10:26:00,1790778360,CRWD,264.2650146484375,264.95001220703125,264.0480041503906,264.55499267578125,17278
2026-09-30 10:27:00,1790778420,CRWD,264.55499267578125,264.95001220703125,264.3500061035156,264.4280090332031,12200
2026-09-30 10:28:00,1790778480,CRWD,264.68499755859375,265.3399963378906,264.67999267578125,265.3399963378906,11817
2026-09-30 10:29:00,1790778540,CRWD,265.45001220703125,265.6000061035156,265.2699890136719,265.3599853515625,20498
2026-09-30 10:30:00,1790778600,CRWD,265.3800048828125,265.6000061035156,265.1499938964844,265.4150085449219,15378
2026-09-30 10:31:00,1790778660,CRWD,265.42999267578125,265.42999267578125,264.9206848144531,265.05999755859375,15097
2026-09-30 10:32:00,1790778720,CRWD,265.05999755859375,265.5284118652344,264.92010498046875,265.4200134277344,12586
2026-09-30 10:33:00,1790778780,CRWD,265.3699951171875,265.4800109863281,264.8100891113281,264.8299865722656,15675
2026-09-30 10:34:00,1790778840,CRWD,264.82000732421875,265.1300048828125,264.75,265.0950012207031,5992
2026-09-30 10:35:00,1790778900,CRWD,265.0545959472656,265.0899963378906,264.57501220703125,264.7560119628906,10426
2026-09-30 10:36:00,1790778960,CRWD,264.94500732421875,265.0,264.60009765625,264.7799987792969,35797
2026-09-30 10:37:00,1790779020,CRWD,264.82501220703125,265.0,264.760009765625,264.8299865722656,5395
2026-09-30 10:38:00,1790779080,CRWD,264.8299865722656,265.32989501953125,264.80999755859375,265.0325012207031,12999
2026-09-30 10:39:00,1790779140,CRWD,265.1300048828125,265.37811279296875,265.0,265.3677978515625,21201
2026-09-30 10:40:00,1790779200,CRWD,265.25,265.3658142089844,265.0,265.0950012207031,9907
2026-09-30 10:41:00,1790779260,CRWD,265.0679931640625,265.19000244140625,264.8800048828125,265.19000244140625,7247
2026-09-30 10:42:00,1790779320,CRWD,265.19000244140625,265.6000061035156,265.010009765625,265.42498779296875,40785
2026-09-30 10:43:00,1790779380,CRWD,265.489990234375,265.54998779296875,265.239990234375,265.375,10230
2026-09-30 10:44:00,1790779440,CRWD,265.32000732421875,265.42999267578125,265.1199951171875,265.3299865722656,12277
2026-09-30 10:45:00,1790779500,CRWD,265.32000732421875,265.42999267578125,265.05010986328125,265.19000244140625,14365
2026-09-30 10:46:00,1790779560,CRWD,265.260009765625,265.7799987792969,265.19000244140625,265.45001220703125,12007
2026-09-30 10:47:00,1790779620,CRWD,265.45001220703125,265.5459899902344,265.2799987792969,265.3399963378906,8202
2026-09-30 10:48:00,1790779680,CRWD,265.3399963378906,265.5873107910156,265.28369140625,265.5249938964844,8592
2026-09-30 10:49:00,1790779740,CRWD,265.57000732421875,265.9700012207031,265.57000732421875,265.67999267578125,15253
2026-09-30 10:50:00,1790779800,CRWD,265.79998779296875,266.1700134277344,265.6099853515625,265.75,27393
2026-09-30 10:51:00,1790779860,CRWD,265.70001220703125,265.9985046386719,265.69000244140625,265.9985046386719,9114
2026-09-30 10:52:00,1790779920,CRWD,266.0,266.1300048828125,265.760009765625,265.95001220703125,11749
2026-09-30 10:53:00,1790779980,CRWD,265.9549865722656,266.4599914550781,265.9549865722656,266.4599914550781,15862
2026-09-30 10:54:00,1790780040,CRWD,266.2799987792969,266.82000732421875,266.2799987792969,266.68499755859375,22124
2026-09-30 10:55:00,1790780100,CRWD,266.739990234375,266.9150085449219,266.3500061035156,266.54998779296875,21766
2026-09-30 10:56:00,1790780160,CRWD,266.4601135253906,266.9649963378906,266.3500061035156,266.8009033203125,16952
2026-09-30 10:57:00,1790780220,CRWD,266.8800048828125,267.30499267578125,266.82000732421875,267.0950012207031,29206
2026-09-30 10:58:00,1790780280,CRWD,267.0950012207031,267.17999267578125,266.9599914550781,267.07000732421875,28330
2026-09-30 10:59:00,1790780340,CRWD,266.9914855957031,267.25,266.9049987792969,267.2149963378906,37446
2026-09-30 11:00:00,1790780400,CRWD,267.2099914550781,267.2403869628906,266.9100036621094,267.06500244140625,14319
2026-09-30 11:01:00,1790780460,CRWD,267.06048583984375,267.20001220703125,266.860107421875,267.05999755859375,13192
2026-09-30 11:02:00,1790780520,CRWD,267.1471862792969,267.32550048828125,267.1083984375,267.1600036621094,14705
2026-09-30 11:03:00,1790780580,CRWD,267.2449951171875,267.2799987792969,267.04998779296875,267.19500732421875,14068
2026-09-30 11:04:00,1790780640,CRWD,267.07000732421875,267.29998779296875,267.07000732421875,267.2200012207031,11822
2026-09-30 11:05:00,1790780700,CRWD,267.1650085449219,267.5669860839844,267.1112060546875,267.4679870605469,16261
2026-09-30 11:06:00,1790780760,CRWD,267.3900146484375,267.4490051269531,267.25,267.32000732421875,14333
2026-09-30 11:07:00,1790780820,CRWD,267.3399963378906,267.3900146484375,266.840087890625,266.8599853515625,16873
2026-09-30 11:08:00,1790780880,CRWD,266.8599853515625,267.5,266.8599853515625,267.5,20238
2026-09-30 11:09:00,1790780940,CRWD,267.44000244140625,267.5799865722656,267.3699951171875,267.57000732421875,11580
2026-09-30 11:10:00,1790781000,CRWD,267.45001220703125,267.75,267.45001220703125,267.6300048828125,20974
2026-09-30 11:11:00,1790781060,CRWD,267.6702880859375,267.69000244140625,267.489990234375,267.5950012207031,15826
2026-09-30 11:12:00,1790781120,CRWD,267.510009765625,267.95001220703125,267.510009765625,267.7650146484375,26924
2026-09-30 11:13:00,1790781180,CRWD,267.81500244140625,268.17999267578125,267.7419128417969,267.8900146484375,30705
2026-09-30 11:14:00,1790781240,CRWD,267.80999755859375,268.1000061035156,267.7001037597656,268.010009765625,23990
2026-09-30 11:15:00,1790781300,CRWD,267.94000244140625,268.4800109863281,267.90008544921875,268.385009765625,21688
2026-09-30 11:16:00,1790781360,CRWD,268.3900146484375,268.5799865722656,268.3299865722656,268.5299987792969,16246
2026-09-30 11:17:00,1790781420,CRWD,268.53509521484375,268.53509521484375,268.360107421875,268.4200134277344,13030
2026-09-30 11:18:00,1790781480,CRWD,268.3999938964844,268.80999755859375,268.3999938964844,268.7149963378906,20387
2026-09-30 11:19:00,1790781540,CRWD,268.7799987792969,268.92999267578125,268.7149963378906,268.8399963378906,21485
2026-09-30 11:20:00,1790781600,CRWD,268.8399963378906,268.95001220703125,268.2699890136719,268.2900085449219,28144
2026-09-30 11:21:00,1790781660,CRWD,268.2900085449219,268.45001220703125,267.95001220703125,268.05499267578125,30392
2026-09-30 11:22:00,1790781720,CRWD,268.1400146484375,268.18499755859375,267.6499938964844,267.7550048828125,24891
2026-09-30 11:23:00,1790781780,CRWD,267.7550048828125,268.19000244140625,267.6400146484375,268.19000244140625,23594
2026-09-30 11:24:00,1790781840,CRWD,268.1600036621094,268.3594055175781,268.010009765625,268.3399963378906,16491
2026-09-30 11:25:00,1790781900,CRWD,268.3546142578125,268.3546142578125,267.95001220703125,268.30389404296875,15142
2026-09-30 11:26:00,1790781960,CRWD,268.2101135253906,268.3999938964844,268.010009765625,268.0201110839844,22179
2026-09-30 11:27:00,1790782020,CRWD,268.1199951171875,268.25,267.87109375,268.0,16915
2026-09-30 11:28:00,1790782080,CRWD,268.0299987792969,268.20001220703125,267.8299865722656,267.8999938964844,9357
2026-09-30 11:29:00,1790782140,CRWD,267.9200134277344,268.0,267.8500061035156,267.95001220703125,6752
2026-09-30 11:30:00,1790782200,CRWD,267.989990234375,268.0799865722656,267.8699951171875,267.9768981933594,9712
2026-09-30 11:31:00,1790782260,CRWD,268.010009765625,268.1449890136719,267.92999267578125,267.9934997558594,9958
2026-09-30 11:32:00,1790782320,CRWD,267.95001220703125,268.1994934082031,267.8999938964844,267.9849853515625,11254
2026-09-30 11:33:00,1790782380,CRWD,268.0,268.0,267.5,267.7300109863281,17204
2026-09-30 11:34:00,1790782440,CRWD,267.7300109863281,267.9049987792969,267.510009765625,267.5899963378906,9826
2026-09-30 11:35:00,1790782500,CRWD,267.6199951171875,267.7850036621094,267.5199890136719,267.5849914550781,15166
2026-09-30 11:36:00,1790782560,CRWD,267.5899963378906,267.79998779296875,267.57000732421875,267.57000732421875,4279
2026-09-30 11:37:00,1790782620,CRWD,267.5799865722656,267.94000244140625,267.510009765625,267.864990234375,12084
2026-09-30 11:38:00,1790782680,CRWD,267.9071044921875,267.94989013671875,267.5199890136719,267.635009765625,21888
2026-09-30 11:39:00,1790782740,CRWD,267.6400146484375,267.79998779296875,267.5199890136719,267.739990234375,12173
2026-09-30 11:40:00,1790782800,CRWD,267.73870849609375,267.8500061035156,267.5799865722656,267.5950012207031,5003
2026-09-30 11:41:00,1790782860,CRWD,267.5950012207031,267.7300109863281,267.40008544921875,267.55999755859375,8602
2026-09-30 11:42:00,1790782920,CRWD,267.5000915527344,267.7015075683594,267.4100036621094,267.510009765625,8608
2026-09-30 11:43:00,1790782980,CRWD,267.5392150878906,267.6099853515625,267.260009765625,267.340087890625,7556
2026-09-30 11:44:00,1790783040,CRWD,267.260009765625,267.54998779296875,267.260009765625,267.510009765625,12986
2026-09-30 11:45:00,1790783100,CRWD,267.4849853515625,267.6496887207031,267.239990234375,267.4949951171875,9369
2026-09-30 11:46:00,1790783160,CRWD,267.340087890625,267.6499938964844,267.340087890625,267.57501220703125,9953
2026-09-30 11:47:00,1790783220,CRWD,267.57501220703125,267.57501220703125,267.29998779296875,267.44500732421875,8701
2026-09-30 11:48:00,1790783280,CRWD,267.44500732421875,267.7799987792969,267.3699951171875,267.69000244140625,5288
2026-09-30 11:49:00,1790783340,CRWD,267.6400146484375,267.9100036621094,267.5899963378906,267.8299865722656,11959
2026-09-30 11:50:00,1790783400,CRWD,267.7709045410156,267.82000732421875,267.6300048828125,267.69000244140625,5594
2026-09-30 11:51:00,1790783460,CRWD,267.7099914550781,268.07000732421875,267.7099914550781,267.9150085449219,15545
2026-09-30 11:52:00,1790783520,CRWD,267.875,268.1099853515625,267.7799987792969,267.80999755859375,24684
2026-09-30 11:53:00,1790783580,CRWD,267.7749938964844,267.8599853515625,267.6000061035156,267.6600036621094,7739
2026-09-30 11:54:00,1790783640,CRWD,267.6600036621094,267.8299865722656,267.6600036621094,267.7799987792969,11994
2026-09-30 11:55:00,1790783700,CRWD,267.7650146484375,267.7699890136719,267.66119384765625,267.75,4712
2026-09-30 11:56:00,1790783760,CRWD,267.69000244140625,267.80999755859375,267.510009765625,267.6000061035156,14278
2026-09-30 11:57:00,1790783820,CRWD,267.5799865722656,267.6499938964844,267.4189147949219,267.43499755859375,9706
2026-09-30 11:58:00,1790783880,CRWD,267.43499755859375,267.5,267.29998779296875,267.3599853515625,6324
2026-09-30 11:59:00,1790783940,CRWD,267.37799072265625,267.7699890136719,267.3500061035156,267.6300048828125,9349
2026-09-30 12:00:00,1790784000,CRWD,267.70001220703125,267.70001220703125,267.35009765625,267.45001220703125,14372
2026-09-30 12:01:00,1790784060,CRWD,267.3999938964844,267.44000244140625,267.25,267.3880920410156,4905
2026-09-30 12:02:00,1790784120,CRWD,267.3999938964844,267.5400085449219,267.3450012207031,267.3999938964844,15110
2026-09-30 12:03:00,1790784180,CRWD,267.3500061035156,267.3955993652344,267.2799987792969,267.2799987792969,6804
2026-09-30 12:04:00,1790784240,CRWD,267.32000732421875,267.5,267.2300109863281,267.4100036621094,13342
2026-09-30 12:05:00,1790784300,CRWD,267.4150085449219,267.45001220703125,267.2200012207031,267.260009765625,12000
2026-09-30 12:06:00,1790784360,CRWD,267.1499938964844,267.30999755859375,267.1099853515625,267.2449951171875,9199
2026-09-30 12:07:00,1790784420,CRWD,267.2300109863281,267.45001220703125,267.1199951171875,267.1199951171875,15131
2026-09-30 12:08:00,1790784480,CRWD,267.2099914550781,267.2099914550781,267.0299987792969,267.125,8718
2026-09-30 12:09:00,1790784540,CRWD,267.125,267.1878967285156,266.7799987792969,266.7799987792969,21007
2026-09-30 12:10:00,1790784600,CRWD,266.7900085449219,267.2095031738281,266.7200012207031,266.9849853515625,42568
2026-09-30 12:11:00,1790784660,CRWD,267.010009765625,267.19000244140625,266.8399963378906,266.8399963378906,18579
2026-09-30 12:12:00,1790784720,CRWD,266.8800048828125,266.9599914550781,266.760009765625,266.8999938964844,9068
2026-09-30 12:13:00,1790784780,CRWD,266.9599914550781,267.0296936035156,266.89019775390625,266.9599914550781,9294
2026-09-30 12:14:00,1790784840,CRWD,266.94000244140625,266.96771240234375,266.8299865722656,266.8999938964844,7190
2026-09-30 12:15:00,1790784900,CRWD,266.8800048828125,267.0199890136719,266.8699951171875,266.989990234375,9425
2026-09-30 12:16:00,1790784960,CRWD,266.9952087402344,267.1600036621094,266.9800109863281,267.1549987792969,12606
2026-09-30 12:17:00,1790785020,CRWD,267.1549987792969,267.20001220703125,266.5899963378906,266.6300048828125,37724
2026-09-30 12:18:00,1790785080,CRWD,266.5899963378906,266.60400390625,266.42999267578125,266.4949951171875,8756
2026-09-30 12:19:00,1790785140,CRWD,266.5400085449219,266.71990966796875,266.45001220703125,266.71990966796875,4196
2026-09-30 12:20:00,1790785200,CRWD,266.7200012207031,266.7598876953125,266.5199890136719,266.56500244140625,5967
2026-09-30 12:21:00,1790785260,CRWD,266.5880126953125,266.6499938964844,266.5299987792969,266.6499938964844,3034
2026-09-30 12:22:00,1790785320,CRWD,266.6680908203125,266.69989013671875,266.5950012207031,266.6499938964844,2856
2026-09-30 12:23:00,1790785380,CRWD,266.5899963378906,266.760009765625,266.4700012207031,266.5299987792969,13933
2026-09-30 12:24:00,1790785440,CRWD,266.6673889160156,266.6673889160156,266.3500061035156,266.4100036621094,13186
2026-09-30 12:25:00,1790785500,CRWD,266.4750061035156,266.52740478515625,266.3599853515625,266.4100036621094,5097
2026-09-30 12:26:00,1790785560,CRWD,266.4649963378906,266.489990234375,266.3500061035156,266.45001220703125,9617
2026-09-30 12:27:00,1790785620,CRWD,266.4502868652344,266.5299987792969,266.3500061035156,266.4750061035156,9427
2026-09-30 12:28:00,1790785680,CRWD,266.4700012207031,266.5199890136719,266.3399963378906,266.3900146484375,6472
2026-09-30 12:29:00,1790785740,CRWD,266.42999267578125,266.4999084472656,266.0101013183594,266.1650085449219,15714
2026-09-30 12:30:00,1790785800,CRWD,266.1650085449219,266.1650085449219,265.6600036621094,265.739990234375,21405
2026-09-30 12:31:00,1790785860,CRWD,265.80999755859375,265.9657897949219,265.7500915527344,265.9209899902344,8226
2026-09-30 12:32:00,1790785920,CRWD,265.92999267578125,265.989990234375,265.8699951171875,265.9200134277344,4654
2026-09-30 12:33:00,1790785980,CRWD,265.94500732421875,266.19500732421875,265.9100036621094,266.19500732421875,10861
2026-09-30 12:34:00,1790786040,CRWD,266.2300109863281,266.2900085449219,265.9800109863281,266.0950012207031,8881
2026-09-30 12:35:00,1790786100,CRWD,266.0950012207031,266.4700012207031,266.0950012207031,266.2799987792969,6332
2026-09-30 12:36:00,1790786160,CRWD,266.45001220703125,266.45001220703125,266.20001220703125,266.31500244140625,6902
2026-09-30 12:37:00,1790786220,CRWD,266.2601013183594,266.31500244140625,266.090087890625,266.2749938964844,28454
2026-09-30 12:38:00,1790786280,CRWD,266.29400634765625,266.5,266.19000244140625,266.42999267578125,11299
2026-09-30 12:39:00,1790786340,CRWD,266.3599853515625,266.5,266.3599853515625,266.4599914550781,5379
2026-09-30 12:40:00,1790786400,CRWD,266.3599853515625,266.5199890136719,266.29998779296875,266.340087890625,2872
2026-09-30 12:41:00,1790786460,CRWD,266.5150146484375,266.70001220703125,266.5150146484375,266.68499755859375,4274
2026-09-30 12:42:00,1790786520,CRWD,266.68499755859375,266.75,266.5400085449219,266.6700134277344,5152
2026-09-30 12:43:00,1790786580,CRWD,266.57000732421875,266.6400146484375,266.32000732421875,266.6050109863281,17892
2026-09-30 12:44:00,1790786640,CRWD,266.6499938964844,266.8500061035156,266.6499938964844,266.79998779296875,5441
2026-09-30 12:45:00,1790786700,CRWD,266.7850036621094,266.9898986816406,266.7449951171875,266.8800048828125,4239
2026-09-30 12:46:00,1790786760,CRWD,266.8800048828125,266.9999084472656,266.6499938964844,266.67999267578125,12067
2026-09-30 12:47:00,1790786820,CRWD,266.67999267578125,266.81988525390625,266.6499938964844,266.6600036621094,3929
2026-09-30 12:48:00,1790786880,CRWD,266.7286071777344,266.7286071777344,266.3880920410156,266.5400085449219,6800
2026-09-30 12:49:00,1790786940,CRWD,266.42999267578125,266.510009765625,266.4100036621094,266.44000244140625,3485
2026-09-30 12:50:00,1790787000,CRWD,266.44000244140625,266.7900085449219,266.3800964355469,266.7900085449219,5874
2026-09-30 12:51:00,1790787060,CRWD,266.7431945800781,266.81500244140625,266.5299987792969,266.69000244140625,3295
2026-09-30 12:52:00,1790787120,CRWD,266.70001220703125,266.7900085449219,266.6499938964844,266.69000244140625,3988
2026-09-30 12:53:00,1790787180,CRWD,266.7799987792969,266.9800109863281,266.75,266.95001220703125,4115
2026-09-30 12:54:00,1790787240,CRWD,266.95001220703125,267.0,266.5600891113281,266.57000732421875,11579
2026-09-30 12:55:00,1790787300,CRWD,266.6050109863281,266.6737976074219,266.510009765625,266.510009765625,3000
2026-09-30 12:56:00,1790787360,CRWD,266.6499938964844,266.6499938964844,266.45001220703125,266.4599914550781,4199
2026-09-30 12:57:00,1790787420,CRWD,266.4601135253906,266.5400085449219,266.3999938964844,266.4750061035156,6599
2026-09-30 12:58:00,1790787480,CRWD,266.4800109863281,266.4800109863281,266.2349853515625,266.2349853515625,12577
2026-09-30 12:59:00,1790787540,CRWD,266.2300109863281,266.4049987792969,266.2149963378906,266.4049987792969,3761
2026-09-30 13:00:00,1790787600,CRWD,266.4859924316406,266.5,266.3699951171875,266.4649963378906,5399
2026-09-30 13:01:00,1790787660,CRWD,266.4649963378906,266.614501953125,266.3900146484375,266.5458984375,4817
2026-09-30 13:02:00,1790787720,CRWD,266.5199890136719,266.6000061035156,266.42999267578125,266.5799865722656,3581
2026-09-30 13:03:00,1790787780,CRWD,266.6099853515625,266.6520080566406,266.55999755859375,266.6099853515625,5414
2026-09-30 13:04:00,1790787840,CRWD,266.54998779296875,266.6300048828125,266.3699951171875,266.3699951171875,4007
2026-09-30 13:05:00,1790787900,CRWD,266.4100036621094,266.4200134277344,266.3599853515625,266.3599853515625,3472
2026-09-30 13:06:00,1790787960,CRWD,266.43499755859375,266.4350891113281,266.3599853515625,266.3599853515625,1621
2026-09-30 13:07:00,1790788020,CRWD,266.44500732421875,266.510009765625,266.42999267578125,266.4617004394531,4245
2026-09-30 13:08:00,1790788080,CRWD,266.4949951171875,266.54998779296875,266.32000732421875,266.4150085449219,4826
2026-09-30 13:09:00,1790788140,CRWD,266.4150085449219,266.82000732421875,266.4150085449219,266.6600036621094,6395
2026-09-30 13:10:00,1790788200,CRWD,266.6600036621094,266.6600036621094,266.54998779296875,266.56500244140625,3442
2026-09-30 13:11:00,1790788260,CRWD,266.56500244140625,266.6099853515625,266.4700012207031,266.5450134277344,6208
2026-09-30 13:12:00,1790788320,CRWD,266.5450134277344,266.54998779296875,266.4599914550781,266.4949951171875,7502
2026-09-30 13:13:00,1790788380,CRWD,266.5,266.5,266.2900085449219,266.30499267578125,6790
2026-09-30 13:14:00,1790788440,CRWD,266.3550109863281,266.5299987792969,266.19000244140625,266.2699890136719,9842
2026-09-30 13:15:00,1790788500,CRWD,266.17999267578125,266.32000732421875,265.7699890136719,265.92498779296875,13056
2026-09-30 13:16:00,1790788560,CRWD,265.9049987792969,265.9549865722656,265.760009765625,265.760009765625,4086
2026-09-30 13:17:00,1790788620,CRWD,265.7986145019531,265.95001220703125,265.75,265.95001220703125,4102
2026-09-30 13:18:00,1790788680,CRWD,265.875,265.95001220703125,265.19000244140625,265.3450012207031,10723
2026-09-30 13:19:00,1790788740,CRWD,265.4700012207031,265.6159973144531,265.19000244140625,265.25,16748
2026-09-30 13:20:00,1790788800,CRWD,265.20001220703125,265.4700012207031,265.1300048828125,265.3399963378906,5953
2026-09-30 13:21:00,1790788860,CRWD,265.3399963378906,265.4100036621094,265.1700134277344,265.2950134277344,15857
2026-09-30 13:22:00,1790788920,CRWD,265.2950134277344,265.30499267578125,265.1099853515625,265.2749938964844,13623
2026-09-30 13:23:00,1790788980,CRWD,265.27508544921875,265.6400146484375,265.16009521484375,265.5400085449219,10519
2026-09-30 13:24:00,1790789040,CRWD,265.5199890136719,265.7825012207031,265.5199890136719,265.6600036621094,5924
2026-09-30 13:25:00,1790789100,CRWD,265.5299987792969,265.57000732421875,265.4599914550781,265.57000732421875,3584
2026-09-30 13:26:00,1790789160,CRWD,265.5199890136719,265.6090087890625,265.22601318359375,265.2799987792969,4480
2026-09-30 13:27:00,1790789220,CRWD,265.2799987792969,265.5249938964844,265.19000244140625,265.5249938964844,3214
2026-09-30 13:28:00,1790789280,CRWD,265.57049560546875,265.57049560546875,265.3500061035156,265.43499755859375,2413
2026-09-30 13:29:00,1790789340,CRWD,265.43499755859375,265.57989501953125,265.3299865722656,265.3299865722656,5627
2026-09-30 13:30:00,1790789400,CRWD,265.40869140625,265.5199890136719,265.15008544921875,265.394287109375,5847
2026-09-30 13:31:00,1790789460,CRWD,265.45001220703125,265.4700012207031,265.3280029296875,265.4599914550781,13671
2026-09-30 13:32:00,1790789520,CRWD,265.55999755859375,265.7007141113281,265.4599914550781,265.7007141113281,3949
2026-09-30 13:33:00,1790789580,CRWD,265.5199890136719,265.6199951171875,265.4599914550781,265.5924987792969,3609
2026-09-30 13:34:00,1790789640,CRWD,265.56500244140625,265.56500244140625,265.3800048828125,265.5199890136719,6618
2026-09-30 13:35:00,1790789700,CRWD,265.4100036621094,265.8243103027344,265.3800048828125,265.8243103027344,3335
2026-09-30 13:36:00,1790789760,CRWD,265.7699890136719,265.8999938964844,265.55999755859375,265.55999755859375,5366
2026-09-30 13:37:00,1790789820,CRWD,265.6400146484375,265.739990234375,265.54998779296875,265.7200012207031,5201
2026-09-30 13:38:00,1790789880,CRWD,265.6600036621094,265.7300109863281,265.6099853515625,265.67498779296875,3674
2026-09-30 13:39:00,1790789940,CRWD,265.6700134277344,265.7699890136719,265.5299987792969,265.7699890136719,4723
2026-09-30 13:40:00,1790790000,CRWD,265.7699890136719,265.9353942871094,265.7099914550781,265.79998779296875,2628
2026-09-30 13:41:00,1790790060,CRWD,265.8399963378906,265.8638916015625,265.6099853515625,265.73748779296875,5576
2026-09-30 13:42:00,1790790120,CRWD,265.67999267578125,265.79998779296875,265.610107421875,265.79998779296875,2782
2026-09-30 13:43:00,1790790180,CRWD,265.739990234375,265.82708740234375,265.4800109863281,265.4849853515625,6884
2026-09-30 13:44:00,1790790240,CRWD,265.4599914550781,265.4599914550781,265.3100891113281,265.3599853515625,4626
2026-09-30 13:45:00,1790790300,CRWD,265.36749267578125,265.5049133300781,265.36749267578125,265.5049133300781,3912
2026-09-30 13:46:00,1790790360,CRWD,265.45001220703125,265.8599853515625,265.45001220703125,265.7799987792969,3878
2026-09-30 13:47:00,1790790420,CRWD,265.82000732421875,266.0350036621094,265.739990234375,265.8599853515625,6726
2026-09-30 13:48:00,1790790480,CRWD,265.8999938964844,266.3299865722656,265.8699951171875,266.3299865722656,4048
2026-09-30 13:49:00,1790790540,CRWD,266.260009765625,266.4100036621094,266.25,266.25,5207
2026-09-30 13:50:00,1790790600,CRWD,266.2300109863281,266.29998779296875,266.03009033203125,266.0899963378906,7105
2026-09-30 13:51:00,1790790660,CRWD,266.04998779296875,266.2998962402344,266.04998779296875,266.20001220703125,2244
2026-09-30 13:52:00,1790790720,CRWD,266.2200012207031,266.2550048828125,265.9200134277344,265.9200134277344,4505
2026-09-30 13:53:00,1790790780,CRWD,265.92999267578125,265.989990234375,265.739990234375,265.8399963378906,3394
2026-09-30 13:54:00,1790790840,CRWD,265.9750061035156,266.0060119628906,265.7900085449219,265.885009765625,2675
2026-09-30 13:55:00,1790790900,CRWD,265.80999755859375,265.9100036621094,265.6199951171875,265.7099914550781,6291
2026-09-30 13:56:00,1790790960,CRWD,265.6300048828125,265.8599853515625,265.6300048828125,265.8599853515625,2090
2026-09-30 13:57:00,1790791020,CRWD,265.7900085449219,265.95001220703125,265.6600036621094,265.70001220703125,4127
2026-09-30 13:58:00,1790791080,CRWD,265.6700134277344,265.80499267578125,265.510009765625,265.6000061035156,8066
2026-09-30 13:59:00,1790791140,CRWD,265.6300048828125,265.6300048828125,265.510009765625,265.57000732421875,2098
2026-09-30 14:00:00,1790791200,CRWD,265.57000732421875,265.67999267578125,265.54998779296875,265.6199951171875,3541
2026-09-30 14:01:00,1790791260,CRWD,265.71051025390625,265.71051025390625,265.45001220703125,265.5740051269531,7459
2026-09-30 14:02:00,1790791320,CRWD,265.55499267578125,265.55499267578125,265.30999755859375,265.4949951171875,4904
2026-09-30 14:03:00,1790791380,CRWD,265.5299987792969,265.5491027832031,265.32501220703125,265.4700012207031,3209
2026-09-30 14:04:00,1790791440,CRWD,265.4700012207031,265.57000732421875,265.3999938964844,265.4549865722656,2313
2026-09-30 14:05:00,1790791500,CRWD,265.4549865722656,265.5299987792969,265.3999938964844,265.3999938964844,4477
2026-09-30 14:06:00,1790791560,CRWD,265.4599914550781,265.50048828125,265.1600036621094,265.239990234375,5659
2026-09-30 14:07:00,1790791620,CRWD,265.239990234375,265.510009765625,265.2200012207031,265.510009765625,3582
2026-09-30 14:08:00,1790791680,CRWD,265.510009765625,265.510009765625,265.1499938964844,265.27099609375,9102
2026-09-30 14:09:00,1790791740,CRWD,265.3399963378906,265.5198974609375,265.2699890136719,265.4700012207031,5974
2026-09-30 14:10:00,1790791800,CRWD,265.5400085449219,265.5400085449219,265.3399963378906,265.45001220703125,6700
2026-09-30 14:11:00,1790791860,CRWD,265.42999267578125,265.5,265.3500061035156,265.3900146484375,6818
2026-09-30 14:12:00,1790791920,CRWD,265.3900146484375,265.4800109863281,265.30999755859375,265.4049987792969,5003
2026-09-30 14:13:00,1790791980,CRWD,265.4100036621094,265.60980224609375,265.3529968261719,265.55499267578125,4549
2026-09-30 14:14:00,1790792040,CRWD,265.55499267578125,265.6300048828125,265.5000915527344,265.6199951171875,4747
2026-09-30 14:15:00,1790792100,CRWD,265.6199951171875,265.8089904785156,265.6199951171875,265.739990234375,9415
2026-09-30 14:16:00,1790792160,CRWD,265.79998779296875,265.80999755859375,265.67999267578125,265.70001220703125,7209
2026-09-30 14:17:00,1790792220,CRWD,265.6510009765625,265.6700134277344,265.5899963378906,265.6099853515625,3926
2026-09-30 14:18:00,1790792280,CRWD,265.6400146484375,265.80999755859375,265.44000244140625,265.7650146484375,4170
2026-09-30 14:19:00,1790792340,CRWD,265.7799987792969,265.9399108886719,265.67999267578125,265.7900085449219,4797
2026-09-30 14:20:00,1790792400,CRWD,265.739990234375,265.8487854003906,265.739990234375,265.8487854003906,2186
2026-09-30 14:21:00,1790792460,CRWD,265.7749938964844,265.7749938964844,265.6099853515625,265.6099853515625,6988
2026-09-30 14:22:00,1790792520,CRWD,265.6549987792969,265.7200012207031,265.57000732421875,265.6199951171875,5635
2026-09-30 14:23:00,1790792580,CRWD,265.5646057128906,265.69000244140625,265.54998779296875,265.6300048828125,4368
2026-09-30 14:24:00,1790792640,CRWD,265.67950439453125,265.67950439453125,265.3999938964844,265.55999755859375,5991
2026-09-30 14:25:00,1790792700,CRWD,265.56500244140625,265.56500244140625,265.4599914550781,265.55999755859375,2147
2026-09-30 14:26:00,1790792760,CRWD,265.510009765625,266.1000061035156,265.510009765625,266.010009765625,8515
2026-09-30 14:27:00,1790792820,CRWD,266.0299987792969,266.1199951171875,265.9100036621094,265.94000244140625,5896
2026-09-30 14:28:00,1790792880,CRWD,265.8949890136719,265.9989929199219,265.8699951171875,265.9599914550781,7001
2026-09-30 14:29:00,1790792940,CRWD,265.92498779296875,266.04998779296875,265.8800048828125,265.9079895019531,6080
2026-09-30 14:30:00,1790793000,CRWD,265.87249755859375,266.04998779296875,265.87249755859375,265.9649963378906,6929
2026-09-30 14:31:00,1790793060,CRWD,265.9649963378906,266.0,265.6099853515625,265.6650085449219,16189
2026-09-30 14:32:00,1790793120,CRWD,265.5899963378906,265.6000061035156,265.260009765625,265.42498779296875,8372
2026-09-30 14:33:00,1790793180,CRWD,265.3500061035156,265.5199890136719,265.2799987792969,265.5199890136719,8559
2026-09-30 14:34:00,1790793240,CRWD,265.510009765625,265.54998779296875,265.3811950683594,265.54998779296875,6129
2026-09-30 14:35:00,1790793300,CRWD,265.43011474609375,265.5299987792969,265.3500061035156,265.5299987792969,3654
2026-09-30 14:36:00,1790793360,CRWD,265.5350036621094,265.67999267578125,265.489990234375,265.55499267578125,4809
2026-09-30 14:37:00,1790793420,CRWD,265.5400085449219,265.5997009277344,265.3599853515625,265.3999938964844,6857
2026-09-30 14:38:00,1790793480,CRWD,265.3500061035156,265.4200134277344,265.29998779296875,265.3800048828125,5769
2026-09-30 14:39:00,1790793540,CRWD,265.4100036621094,265.5199890136719,265.3963928222656,265.42999267578125,3879
2026-09-30 14:40:00,1790793600,CRWD,265.4200134277344,265.55499267578125,265.3500061035156,265.3500061035156,5885
2026-09-30 14:41:00,1790793660,CRWD,265.42999267578125,265.489990234375,265.385009765625,265.4700012207031,9404
2026-09-30 14:42:00,1790793720,CRWD,265.4700012207031,265.7200012207031,265.4388122558594,265.6600036621094,7532
2026-09-30 14:43:00,1790793780,CRWD,265.69000244140625,265.697998046875,265.1499938964844,265.17999267578125,12153
2026-09-30 14:44:00,1790793840,CRWD,265.2799987792969,265.4800109863281,265.17999267578125,265.3399963378906,9006
2026-09-30 14:45:00,1790793900,CRWD,265.32000732421875,265.4100036621094,264.739990234375,264.7900085449219,27216
2026-09-30 14:46:00,1790793960,CRWD,264.760009765625,265.0249938964844,264.69000244140625,264.8949890136719,9849
2026-09-30 14:47:00,1790794020,CRWD,264.9599914550781,265.0,264.739990234375,264.7850036621094,5645
2026-09-30 14:48:00,1790794080,CRWD,264.80499267578125,264.8799133300781,264.57000732421875,264.57000732421875,7790
2026-09-30 14:49:00,1790794140,CRWD,264.6000061035156,264.7200012207031,264.510009765625,264.7200012207031,9123
2026-09-30 14:50:00,1790794200,CRWD,264.70001220703125,264.7619934082031,264.43499755859375,264.5799865722656,18386
2026-09-30 14:51:00,1790794260,CRWD,264.6199951171875,264.7099914550781,264.5299987792969,264.6050109863281,7373
2026-09-30 14:52:00,1790794320,CRWD,264.6050109863281,264.7900085449219,264.5400085449219,264.74700927734375,7674
2026-09-30 14:53:00,1790794380,CRWD,264.8999938964844,264.8999938964844,264.42010498046875,264.6700134277344,10026
2026-09-30 14:54:00,1790794440,CRWD,264.69500732421875,264.7112121582031,264.4700012207031,264.57000732421875,7943
2026-09-30 14:55:00,1790794500,CRWD,264.6099853515625,264.6400146484375,264.489990234375,264.5950012207031,7548
2026-09-30 14:56:00,1790794560,CRWD,264.5600891113281,264.5899963378906,264.4599914550781,264.5899963378906,7568
2026-09-30 14:57:00,1790794620,CRWD,264.5849914550781,264.67498779296875,264.5849914550781,264.6700134277344,4067
2026-09-30 14:58:00,1790794680,CRWD,264.69000244140625,264.7799987792969,264.6400146484375,264.7799987792969,12652
2026-09-30 14:59:00,1790794740,CRWD,264.7200012207031,264.79998779296875,264.54998779296875,264.5679931640625,6956
2026-09-30 15:00:00,1790794800,CRWD,264.57000732421875,264.79998779296875,264.57000732421875,264.7900085449219,11709
2026-09-30 15:01:00,1790794860,CRWD,264.7699890136719,264.7799987792969,264.6099853515625,264.7200012207031,7706
2026-09-30 15:02:00,1790794920,CRWD,264.7349853515625,265.5885009765625,264.69000244140625,265.577392578125,35364
2026-09-30 15:03:00,1790794980,CRWD,265.4599914550781,265.898193359375,265.42999267578125,265.769287109375,27960
2026-09-30 15:04:00,1790795040,CRWD,265.764892578125,266.0799865722656,265.7099914550781,266.0,27946
2026-09-30 15:05:00,1790795100,CRWD,266.0899963378906,266.4599914550781,265.964599609375,266.3900146484375,30353
2026-09-30 15:06:00,1790795160,CRWD,266.3949890136719,266.44000244140625,266.239990234375,266.3349914550781,23335
2026-09-30 15:07:00,1790795220,CRWD,266.3868103027344,266.3868103027344,266.0849914550781,266.11480712890625,12403
2026-09-30 15:08:00,1790795280,CRWD,266.1549987792969,266.4100036621094,266.07000732421875,266.32000732421875,16434
2026-09-30 15:09:00,1790795340,CRWD,266.31500244140625,266.4599914550781,266.19000244140625,266.3900146484375,9935
2026-09-30 15:10:00,1790795400,CRWD,266.30999755859375,266.3900146484375,266.04620361328125,266.1050109863281,11471
2026-09-30 15:11:00,1790795460,CRWD,266.1549987792969,266.2314147949219,265.4800109863281,265.5899963378906,11327
2026-09-30 15:12:00,1790795520,CRWD,265.5799865722656,265.7005920410156,265.5,265.57000732421875,7735
2026-09-30 15:13:00,1790795580,CRWD,265.5249938964844,265.5249938964844,265.3399963378906,265.44500732421875,9045
2026-09-30 15:14:00,1790795640,CRWD,265.4700012207031,265.7333068847656,265.4700012207031,265.6400146484375,10011
2026-09-30 15:15:00,1790795700,CRWD,265.6199951171875,265.6700134277344,265.5,265.6112060546875,5266
2026-09-30 15:16:00,1790795760,CRWD,265.57000732421875,265.760009765625,265.4800109863281,265.55999755859375,5550
2026-09-30 15:17:00,1790795820,CRWD,265.6449890136719,265.6449890136719,265.16009521484375,265.2850036621094,8461
2026-09-30 15:18:00,1790795880,CRWD,265.2300109863281,265.4198913574219,265.2300109863281,265.3450012207031,5744
2026-09-30 15:19:00,1790795940,CRWD,265.29998779296875,265.6199951171875,265.2799987792969,265.6199951171875,7957
2026-09-30 15:20:00,1790796000,CRWD,265.6099853515625,265.6700134277344,265.3599853515625,265.3900146484375,23856
2026-09-30 15:21:00,1790796060,CRWD,265.4700012207031,265.7698974609375,265.2300109863281,265.2994079589844,15469
2026-09-30 15:22:00,1790796120,CRWD,265.31500244140625,265.389892578125,265.2699890136719,265.2699890136719,4534
2026-09-30 15:23:00,1790796180,CRWD,265.3699951171875,265.3999938964844,265.2699890136719,265.3399963378906,7988
2026-09-30 15:24:00,1790796240,CRWD,265.3349914550781,265.3999938964844,265.1199951171875,265.2099914550781,9508
2026-09-30 15:25:00,1790796300,CRWD,265.1199951171875,265.1650085449219,264.91009521484375,264.9649963378906,13169
2026-09-30 15:26:00,1790796360,CRWD,264.9649963378906,265.0299987792969,264.8699951171875,264.9200134277344,8220
2026-09-30 15:27:00,1790796420,CRWD,264.9100036621094,264.9200134277344,264.635009765625,264.7550048828125,10321
2026-09-30 15:28:00,1790796480,CRWD,264.7550048828125,264.7699890136719,264.6600036621094,264.75,8088
2026-09-30 15:29:00,1790796540,CRWD,264.7550048828125,264.8500061035156,264.5799865722656,264.7099914550781,11637
2026-09-30 15:30:00,1790796600,CRWD,264.7349853515625,264.9866027832031,264.6449890136719,264.8900146484375,9515
2026-09-30 15:31:00,1790796660,CRWD,264.885009765625,265.3699951171875,264.8699951171875,265.2449951171875,12335
2026-09-30 15:32:00,1790796720,CRWD,265.2799987792969,265.32000732421875,265.20001220703125,265.20001220703125,8662
2026-09-30 15:33:00,1790796780,CRWD,265.27398681640625,265.3299865722656,265.1199951171875,265.20001220703125,11060
2026-09-30 15:34:00,1790796840,CRWD,265.20001220703125,265.4494934082031,265.1600036621094,265.3500061035156,10059
2026-09-30 15:35:00,1790796900,CRWD,265.3399963378906,265.5299987792969,265.3111877441406,265.3111877441406,15308
2026-09-30 15:36:00,1790796960,CRWD,265.3450012207031,265.42999267578125,265.31500244140625,265.3599853515625,12226
2026-09-30 15:37:00,1790797020,CRWD,265.36968994140625,265.4200134277344,264.94000244140625,265.04998779296875,36342
2026-09-30 15:38:00,1790797080,CRWD,265.0799865722656,265.1400146484375,264.8800048828125,264.9800109863281,28486
2026-09-30 15:39:00,1790797140,CRWD,264.9849853515625,265.3599853515625,264.9800109863281,265.29998779296875,15282
2026-09-30 15:40:00,1790797200,CRWD,265.19000244140625,265.3500061035156,265.1700134277344,265.3389892578125,8280
2026-09-30 15:41:00,1790797260,CRWD,265.2900085449219,265.44000244140625,265.0199890136719,265.0199890136719,12456
2026-09-30 15:42:00,1790797320,CRWD,264.9949951171875,265.1199951171875,264.9700012207031,265.1199951171875,16507
2026-09-30 15:43:00,1790797380,CRWD,265.0950012207031,265.3900146484375,265.0950012207031,265.3800048828125,22497
2026-09-30 15:44:00,1790797440,CRWD,265.3699951171875,265.3900146484375,265.0199890136719,265.07000732421875,21679
2026-09-30 15:45:00,1790797500,CRWD,265.1199951171875,265.6199951171875,265.1199951171875,265.45001220703125,41551
2026-09-30 15:46:00,1790797560,CRWD,265.3999938964844,265.489990234375,265.114990234375,265.1300048828125,34942
2026-09-30 15:47:00,1790797620,CRWD,265.17999267578125,265.25,265.1300048828125,265.20001220703125,16813
2026-09-30 15:48:00,1790797680,CRWD,265.18499755859375,265.3299865722656,265.1400146484375,265.2049865722656,16108
2026-09-30 15:49:00,1790797740,CRWD,265.2049865722656,265.25,264.81500244140625,264.81500244140625,20033
2026-09-30 15:50:00,1790797800,CRWD,264.7699890136719,265.07000732421875,264.489990234375,264.6449890136719,47182
2026-09-30 15:51:00,1790797860,CRWD,264.69000244140625,264.94000244140625,264.5799865722656,264.7200012207031,34723
2026-09-30 15:52:00,1790797920,CRWD,264.7200012207031,265.1199951171875,264.7200012207031,265.07000732421875,41540
2026-09-30 15:53:00,1790797980,CRWD,265.0400085449219,265.32000732421875,265.0400085449219,265.30499267578125,20272
2026-09-30 15:54:00,1790798040,CRWD,265.30499267578125,265.5,264.9100036621094,265.0224914550781,45346
2026-09-30 15:55:00,1790798100,CRWD,265.1099853515625,265.1700134277344,264.69000244140625,264.9800109863281,72074
2026-09-30 15:56:00,1790798160,CRWD,264.8699951171875,265.06500244140625,264.8399963378906,265.0,51369
2026-09-30 15:57:00,1790798220,CRWD,264.95001220703125,265.2699890136719,264.95001220703125,265.0799865722656,56507
2026-09-30 15:58:00,1790798280,CRWD,265.0799865722656,265.1600036621094,264.9599914550781,265.125,90667
2026-09-30 15:59:00,1790798340,CRWD,265.0799865722656,265.1700134277344,264.7200012207031,264.7300109863281,174524
2026-09-30 16:00:00,1790798400,CRWD,264.75,264.75,264.75,264.75,0
2026-10-01 09:30:00,1790861400,CRWD,263.2300109863281,264.4100036621094,262.0,262.2049865722656,361612
2026-10-01 09:31:00,1790861460,CRWD,262.2049865722656,264.1050109863281,261.760009765625,263.55499267578125,31027
2026-10-01 09:32:00,1790861520,CRWD,263.7438049316406,263.7438049316406,261.1000061035156,261.57000732421875,57082
2026-10-01 09:33:00,1790861580,CRWD,261.3699951171875,262.2749938964844,261.0,261.2300109863281,30334
2026-10-01 09:34:00,1790861640,CRWD,261.6400146484375,261.6400146484375,259.30999755859375,259.9175109863281,52338
2026-10-01 09:35:00,1790861700,CRWD,259.9800109863281,262.1199951171875,259.9100036621094,260.67498779296875,63115
2026-10-01 09:36:00,1790861760,CRWD,260.5199890136719,261.6000061035156,260.2550048828125,261.47601318359375,34013
2026-10-01 09:37:00,1790861820,CRWD,261.1199951171875,262.0,261.0,261.2749938964844,17211
2026-10-01 09:38:00,1790861880,CRWD,261.2749938964844,261.6499938964844,260.7300109863281,261.36749267578125,19985
2026-10-01 09:39:00,1790861940,CRWD,261.2701110839844,261.6000061035156,260.55999755859375,261.43499755859375,17549
2026-10-01 09:40:00,1790862000,CRWD,261.4324951171875,263.364990234375,260.8599853515625,262.82000732421875,44254
2026-10-01 09:41:00,1790862060,CRWD,262.6499938964844,263.2149963378906,262.3900146484375,262.6050109863281,24293
2026-10-01 09:42:00,1790862120,CRWD,262.4700012207031,263.9200134277344,262.2099914550781,263.6700134277344,55714
2026-10-01 09:43:00,1790862180,CRWD,263.70001220703125,265.0,263.20001220703125,264.2200012207031,59107
2026-10-01 09:44:00,1790862240,CRWD,264.19500732421875,264.3078918457031,263.6000061035156,263.864990234375,43151
2026-10-01 09:45:00,1790862300,CRWD,263.9200134277344,264.5799865722656,263.70001220703125,263.79998779296875,39934
2026-10-01 09:46:00,1790862360,CRWD,263.80999755859375,264.2900085449219,263.1499938964844,263.3699951171875,32970
2026-10-01 09:47:00,1790862420,CRWD,263.31500244140625,263.7799987792969,262.9599914550781,263.489990234375,22887
2026-10-01 09:48:00,1790862480,CRWD,263.489990234375,264.07000732421875,263.489990234375,263.6700134277344,29499
2026-10-01 09:49:00,1790862540,CRWD,263.68499755859375,264.239990234375,263.5400085449219,263.80999755859375,57988
2026-10-01 09:50:00,1790862600,CRWD,263.8399963378906,264.0199890136719,263.1650085449219,263.69500732421875,26598
2026-10-01 09:51:00,1790862660,CRWD,263.989990234375,264.6000061035156,263.6099853515625,264.6000061035156,39098
2026-10-01 09:52:00,1790862720,CRWD,264.69000244140625,267.1217956542969,264.69000244140625,266.875,56388
2026-10-01 09:53:00,1790862780,CRWD,266.875,267.19500732421875,266.3599853515625,266.760009765625,25702
2026-10-01 09:54:00,1790862840,CRWD,266.70001220703125,267.19000244140625,266.6000061035156,266.7149963378906,22345
2026-10-01 09:55:00,1790862900,CRWD,266.7149963378906,267.55999755859375,265.94000244140625,266.114990234375,48019
2026-10-01 09:56:00,1790862960,CRWD,266.2300109863281,267.20001220703125,266.20001220703125,267.135009765625,20295
2026-10-01 09:57:00,1790863020,CRWD,267.135009765625,267.7699890136719,267.0299987792969,267.5249938964844,29454
2026-10-01 09:58:00,1790863080,CRWD,267.614990234375,267.7699890136719,267.3900146484375,267.6300048828125,16089
2026-10-01 09:59:00,1790863140,CRWD,267.6600036621094,269.29998779296875,267.5299987792969,268.8500061035156,95412
2026-10-01 10:00:00,1790863200,CRWD,268.8500061035156,269.0299987792969,267.82000732421875,268.0799865722656,28566
2026-10-01 10:01:00,1790863260,CRWD,268.0350036621094,268.1600036621094,266.9200134277344,267.125,43498
2026-10-01 10:02:00,1790863320,CRWD,266.989990234375,267.0400085449219,265.80499267578125,266.2550048828125,27931
2026-10-01 10:03:00,1790863380,CRWD,266.3500061035156,266.79998779296875,265.05999755859375,265.4200134277344,29970
2026-10-01 10:04:00,1790863440,CRWD,265.6000061035156,265.79998779296875,265.28009033203125,265.6199951171875,15574
2026-10-01 10:05:00,1790863500,CRWD,265.5799865722656,266.0799865722656,265.17999267578125,265.239990234375,17141
2026-10-01 10:06:00,1790863560,CRWD,265.3450012207031,265.3699951171875,264.5,265.0555114746094,31449
2026-10-01 10:07:00,1790863620,CRWD,264.9649963378906,265.1700134277344,264.4599914550781,264.8450012207031,13778
2026-10-01 10:08:00,1790863680,CRWD,264.8450012207031,265.1759948730469,264.4949951171875,265.0799865722656,16394
2026-10-01 10:09:00,1790863740,CRWD,265.25,265.81719970703125,265.17498779296875,265.42498779296875,14588
2026-10-01 10:10:00,1790863800,CRWD,265.4200134277344,265.4849853515625,264.9700012207031,265.1499938964844,22306
2026-10-01 10:11:00,1790863860,CRWD,265.010009765625,265.010009765625,264.2401123046875,264.68499755859375,20613
2026-10-01 10:12:00,1790863920,CRWD,264.5862121582031,264.90960693359375,264.1700134277344,264.239990234375,14963
2026-10-01 10:13:00,1790863980,CRWD,264.17999267578125,264.25,263.2500915527344,263.3999938964844,29278
2026-10-01 10:14:00,1790864040,CRWD,263.3399963378906,264.3500061035156,263.3399963378906,264.30499267578125,17192
2026-10-01 10:15:00,1790864100,CRWD,264.3599853515625,264.3599853515625,263.8900146484375,264.2820129394531,9556
2026-10-01 10:16:00,1790864160,CRWD,264.1449890136719,264.4100036621094,263.989990234375,264.4100036621094,9623
2026-10-01 10:17:00,1790864220,CRWD,264.45989990234375,264.6300048828125,264.19000244140625,264.42498779296875,12293
2026-10-01 10:18:00,1790864280,CRWD,264.4200134277344,264.57000732421875,264.19000244140625,264.3800048828125,11697
2026-10-01 10:19:00,1790864340,CRWD,264.3699951171875,265.4798889160156,264.3699951171875,265.4798889160156,16649
2026-10-01 10:20:00,1790864400,CRWD,265.30999755859375,265.4989929199219,265.1199951171875,265.19000244140625,18170
2026-10-01 10:21:00,1790864460,CRWD,265.19000244140625,265.87860107421875,265.19000244140625,265.7250061035156,15654
2026-10-01 10:22:00,1790864520,CRWD,265.7200012207031,266.14990234375,265.45001220703125,266.0050048828125,16199
2026-10-01 10:23:00,1790864580,CRWD,265.9549865722656,266.2499084472656,265.7900085449219,266.17999267578125,11891
2026-10-01 10:24:00,1790864640,CRWD,266.1451110839844,266.5,266.1300048828125,266.2900085449219,29328
2026-10-01 10:25:00,1790864700,CRWD,266.2900085449219,266.6300048828125,266.17999267578125,266.2650146484375,23856
2026-10-01 10:26:00,1790864760,CRWD,266.2650146484375,266.55999755859375,266.1900939941406,266.42999267578125,10364
2026-10-01 10:27:00,1790864820,CRWD,266.4599914550781,266.6400146484375,266.1499938964844,266.29998779296875,18207
2026-10-01 10:28:00,1790864880,CRWD,266.2349853515625,266.2349853515625,265.70001220703125,266.04998779296875,18371
2026-10-01 10:29:00,1790864940,CRWD,266.0061950683594,266.2099914550781,265.8599853515625,265.8599853515625,10055
2026-10-01 10:30:00,1790865000,CRWD,265.9150085449219,266.44500732421875,265.7799987792969,266.1600036621094,14988
2026-10-01 10:31:00,1790865060,CRWD,266.17498779296875,266.17498779296875,265.010009765625,265.3599853515625,13224
2026-10-01 10:32:00,1790865120,CRWD,265.3500061035156,265.4700012207031,265.2099914550781,265.2900085449219,10134
2026-10-01 10:33:00,1790865180,CRWD,265.364990234375,265.4700012207031,265.20001220703125,265.2950134277344,4795
2026-10-01 10:34:00,1790865240,CRWD,265.3699951171875,265.7300109863281,265.2099914550781,265.42999267578125,8890
2026-10-01 10:35:00,1790865300,CRWD,265.4649963378906,265.5,265.0199890136719,265.0199890136719,10293
2026-10-01 10:36:00,1790865360,CRWD,265.0950012207031,265.0950012207031,264.5201110839844,264.7950134277344,16977
2026-10-01 10:37:00,1790865420,CRWD,264.67999267578125,264.7550048828125,264.3900146484375,264.4549865722656,9003
2026-10-01 10:38:00,1790865480,CRWD,264.3900146484375,264.5899963378906,264.30999755859375,264.4100036621094,10391
2026-10-01 10:39:00,1790865540,CRWD,264.32000732421875,264.8981018066406,264.2950134277344,264.7200012207031,10713
2026-10-01 10:40:00,1790865600,CRWD,264.8399963378906,265.0,264.5,264.9750061035156,10322
2026-10-01 10:41:00,1790865660,CRWD,264.9599914550781,265.010009765625,264.81500244140625,264.9750061035156,7428
2026-10-01 10:42:00,1790865720,CRWD,265.0199890136719,265.0799865722656,264.6358947753906,264.7900085449219,12582
2026-10-01 10:43:00,1790865780,CRWD,264.7799987792969,265.0,264.6600036621094,264.8999938964844,7569
2026-10-01 10:44:00,1790865840,CRWD,264.7900085449219,265.0198059082031,264.6780090332031,264.9599914550781,7296
2026-10-01 10:45:00,1790865900,CRWD,264.8900146484375,265.7449951171875,264.7699890136719,265.3299865722656,16949
2026-10-01 10:46:00,1790865960,CRWD,265.2900085449219,265.3299865722656,264.8500061035156,265.1099853515625,13225
2026-10-01 10:47:00,1790866020,CRWD,265.0,265.010009765625,264.75,264.8450012207031,6281
2026-10-01 10:48:00,1790866080,CRWD,264.8450012207031,264.989990234375,264.69000244140625,264.989990234375,8167
2026-10-01 10:49:00,1790866140,CRWD,264.7850036621094,264.8500061035156,264.5199890136719,264.58740234375,15914
2026-10-01 10:50:00,1790866200,CRWD,264.6000061035156,264.8599853515625,264.6000061035156,264.8599853515625,8506
2026-10-01 10:51:00,1790866260,CRWD,264.8500061035156,265.0,264.6300048828125,264.9649963378906,10751
2026-10-01 10:52:00,1790866320,CRWD,264.9599914550781,265.1199951171875,264.70001220703125,264.7799987792969,28034
2026-10-01 10:53:00,1790866380,CRWD,264.7799987792969,264.9800109863281,264.75,264.843994140625,9873
2026-10-01 10:54:00,1790866440,CRWD,264.760009765625,265.07000732421875,264.6499938964844,265.0,20764
2026-10-01 10:55:00,1790866500,CRWD,264.9200134277344,265.4504089355469,264.9200134277344,265.3599853515625,20583
2026-10-01 10:56:00,1790866560,CRWD,265.375,265.3800048828125,264.6099853515625,264.6099853515625,12453
2026-10-01 10:57:00,1790866620,CRWD,264.6700134277344,264.9200134277344,264.5,264.8800048828125,7042
2026-10-01 10:58:00,1790866680,CRWD,264.8800048828125,265.0849914550781,264.7349853515625,264.9198913574219,21894
2026-10-01 10:59:00,1790866740,CRWD,264.9198913574219,264.9198913574219,264.54998779296875,264.7950134277344,11869
2026-10-01 11:00:00,1790866800,CRWD,264.79998779296875,264.9800109863281,264.6400146484375,264.7699890136719,12775
2026-10-01 11:01:00,1790866860,CRWD,264.7650146484375,265.1300048828125,264.7099914550781,265.0799865722656,17156
2026-10-01 11:02:00,1790866920,CRWD,265.0799865722656,265.3699951171875,264.7550048828125,264.8800048828125,27102
2026-10-01 11:03:00,1790866980,CRWD,264.8800048828125,265.5498962402344,264.8800048828125,265.3900146484375,27438
2026-10-01 11:04:00,1790867040,CRWD,265.3800048828125,265.9100036621094,265.2799987792969,265.63250732421875,28193
2026-10-01 11:05:00,1790867100,CRWD,265.7099914550781,265.79998779296875,265.489990234375,265.6050109863281,17702
2026-10-01 11:06:00,1790867160,CRWD,265.5,266.0400085449219,265.4599914550781,265.94000244140625,17513
2026-10-01 11:07:00,1790867220,CRWD,265.92498779296875,266.2099914550781,265.8900146484375,266.0249938964844,12575
2026-10-01 11:08:00,1790867280,CRWD,266.0350036621094,266.0400085449219,265.5299987792969,265.67999267578125,15062
2026-10-01 11:09:00,1790867340,CRWD,265.67999267578125,265.82000732421875,265.08099365234375,265.364990234375,14311
2026-10-01 11:10:00,1790867400,CRWD,265.2300109863281,265.29998779296875,265.0199890136719,265.05499267578125,11166
2026-10-01 11:11:00,1790867460,CRWD,265.05499267578125,265.8699951171875,265.0199890136719,265.760009765625,12277
2026-10-01 11:12:00,1790867520,CRWD,265.739990234375,265.80499267578125,265.5799865722656,265.6099853515625,5964
2026-10-01 11:13:00,1790867580,CRWD,265.614990234375,265.7200012207031,265.3800048828125,265.45001220703125,10568
2026-10-01 11:14:00,1790867640,CRWD,265.44000244140625,265.760009765625,265.44000244140625,265.6099853515625,5100
2026-10-01 11:15:00,1790867700,CRWD,265.6099853515625,265.6099853515625,265.0632019042969,265.1449890136719,12767
2026-10-01 11:16:00,1790867760,CRWD,265.16009521484375,265.16009521484375,264.7799987792969,264.7799987792969,10070
2026-10-01 11:17:00,1790867820,CRWD,264.7699890136719,265.0249938964844,264.760009765625,264.8699951171875,11245
2026-10-01 11:18:00,1790867880,CRWD,264.8450012207031,265.1438903808594,264.760009765625,265.1438903808594,7269
2026-10-01 11:19:00,1790867940,CRWD,265.11248779296875,265.2699890136719,264.9800109863281,265.2200012207031,16438
2026-10-01 11:20:00,1790868000,CRWD,265.2200012207031,265.54180908203125,265.0,265.1199951171875,17007
2026-10-01 11:21:00,1790868060,CRWD,265.19000244140625,265.5849914550781,265.1199951171875,265.48431396484375,12270
2026-10-01 11:22:00,1790868120,CRWD,265.489990234375,265.6300048828125,265.4200134277344,265.5350036621094,6250
2026-10-01 11:23:00,1790868180,CRWD,265.5199890136719,265.79998779296875,265.5199890136719,265.6600036621094,10870
2026-10-01 11:24:00,1790868240,CRWD,265.6099853515625,265.635009765625,265.3500061035156,265.43499755859375,7959
2026-10-01 11:25:00,1790868300,CRWD,265.3599853515625,265.6099853515625,265.3500061035156,265.489990234375,7183
2026-10-01 11:26:00,1790868360,CRWD,265.57000732421875,265.5899963378906,265.30999755859375,265.385009765625,6953
2026-10-01 11:27:00,1790868420,CRWD,265.3399963378906,265.510009765625,265.30999755859375,265.45001220703125,8728
2026-10-01 11:28:00,1790868480,CRWD,265.3800048828125,265.79998779296875,265.20001220703125,265.2900085449219,14666
2026-10-01 11:29:00,1790868540,CRWD,265.26190185546875,265.510009765625,265.2300109863281,265.3900146484375,8329
2026-10-01 11:30:00,1790868600,CRWD,265.29998779296875,265.364990234375,265.1499938964844,265.260009765625,8575
2026-10-01 11:31:00,1790868660,CRWD,265.2749938964844,265.2799987792969,265.15008544921875,265.2799987792969,4885
2026-10-01 11:32:00,1790868720,CRWD,265.2799987792969,265.3349914550781,264.93499755859375,265.30999755859375,13131
2026-10-01 11:33:00,1790868780,CRWD,265.2099914550781,265.5744934082031,265.17999267578125,265.239990234375,7519
2026-10-01 11:34:00,1790868840,CRWD,265.1700134277344,265.2349853515625,265.05999755859375,265.125,5091
2026-10-01 11:35:00,1790868900,CRWD,265.0400085449219,265.2950134277344,265.0400085449219,265.17999267578125,4937
2026-10-01 11:36:00,1790868960,CRWD,265.05999755859375,265.3999938964844,265.010009765625,265.33160400390625,11242
2026-10-01 11:37:00,1790869020,CRWD,265.4599914550781,265.4599914550781,265.1300048828125,265.18499755859375,8961
2026-10-01 11:38:00,1790869080,CRWD,265.1499938964844,265.3999938964844,265.1499938964844,265.3999938964844,5728
2026-10-01 11:39:00,1790869140,CRWD,265.3999938964844,265.625,265.29998779296875,265.3699951171875,6723
2026-10-01 11:40:00,1790869200,CRWD,265.3699951171875,265.6499938964844,265.3418884277344,265.4800109863281,4406
2026-10-01 11:41:00,1790869260,CRWD,265.4700012207031,265.59991455078125,265.45001220703125,265.5400085449219,6186
2026-10-01 11:42:00,1790869320,CRWD,265.5199890136719,265.69500732421875,265.5199890136719,265.6400146484375,5794
2026-10-01 11:43:00,1790869380,CRWD,265.57501220703125,265.80999755859375,265.4599914550781,265.6650085449219,10143
2026-10-01 11:44:00,1790869440,CRWD,265.6650085449219,265.94500732421875,265.510009765625,265.8800048828125,7750
2026-10-01 11:45:00,1790869500,CRWD,265.8800048828125,265.9150085449219,265.4949951171875,265.57000732421875,8100
2026-10-01 11:46:00,1790869560,CRWD,265.6400146484375,265.79998779296875,265.53240966796875,265.6549987792969,7009
2026-10-01 11:47:00,1790869620,CRWD,265.6549987792969,265.9224853515625,265.54998779296875,265.55999755859375,7282
2026-10-01 11:48:00,1790869680,CRWD,265.56500244140625,265.56500244140625,265.20001220703125,265.5199890136719,6003
2026-10-01 11:49:00,1790869740,CRWD,265.510009765625,265.9898986816406,265.44000244140625,265.79998779296875,6300
2026-10-01 11:50:00,1790869800,CRWD,265.79998779296875,265.9049072265625,265.67999267578125,265.7900085449219,5989
2026-10-01 11:51:00,1790869860,CRWD,265.739990234375,265.7850036621094,265.6000061035156,265.6050109863281,6737
2026-10-01 11:52:00,1790869920,CRWD,265.5400085449219,265.59991455078125,265.29998779296875,265.3500061035156,5861
2026-10-01 11:53:00,1790869980,CRWD,265.3599853515625,265.3599853515625,264.94500732421875,265.125,32981
2026-10-01 11:54:00,1790870040,CRWD,265.125,265.3599853515625,264.8699951171875,265.32000732421875,28464
2026-10-01 11:55:00,1790870100,CRWD,265.239990234375,265.5574951171875,265.239990234375,265.5350036621094,8751
2026-10-01 11:56:00,1790870160,CRWD,265.5350036621094,265.5400085449219,265.2099914550781,265.32501220703125,11413
2026-10-01 11:57:00,1790870220,CRWD,265.3550109863281,265.54901123046875,265.3301086425781,265.4800109863281,5944
2026-10-01 11:58:00,1790870280,CRWD,265.4750061035156,265.4750061035156,264.9200134277344,265.1300048828125,6992
2026-10-01 11:59:00,1790870340,CRWD,265.07000732421875,265.1770935058594,264.94000244140625,264.9949951171875,4914
2026-10-01 12:00:00,1790870400,CRWD,264.9849853515625,265.0,264.6400146484375,265.0,26205
2026-10-01 12:01:00,1790870460,CRWD,264.9849853515625,265.04998779296875,264.739990234375,264.739990234375,12884
2026-10-01 12:02:00,1790870520,CRWD,264.7401123046875,264.9700012207031,264.739990234375,264.9049987792969,20415
2026-10-01 12:03:00,1790870580,CRWD,264.9049987792969,265.05999755859375,264.82000732421875,264.82000732421875,8666
2026-10-01 12:04:00,1790870640,CRWD,264.82000732421875,264.94000244140625,264.7699890136719,264.7950134277344,10856
2026-10-01 12:05:00,1790870700,CRWD,264.7950134277344,264.8599853515625,264.5400085449219,264.6600036621094,25581
2026-10-01 12:06:00,1790870760,CRWD,264.760009765625,265.0763854980469,264.7300109863281,264.8109130859375,11904
2026-10-01 12:07:00,1790870820,CRWD,264.7349853515625,264.9049987792969,264.7349853515625,264.75,2771
2026-10-01 12:08:00,1790870880,CRWD,264.80499267578125,265.2699890136719,264.80499267578125,265.2699890136719,6794
2026-10-01 12:09:00,1790870940,CRWD,265.2699890136719,265.6700134277344,265.19000244140625,265.6000061035156,18349
2026-10-01 12:10:00,1790871000,CRWD,265.6099853515625,265.67999267578125,265.4200134277344,265.57501220703125,21280
2026-10-01 12:11:00,1790871060,CRWD,265.57501220703125,265.69000244140625,265.2099914550781,265.45001220703125,12919
2026-10-01 12:12:00,1790871120,CRWD,265.3999938964844,265.4800109863281,265.1199951171875,265.2550048828125,13800
2026-10-01 12:13:00,1790871180,CRWD,265.2950134277344,265.33990478515625,264.82000732421875,264.9324951171875,8735
2026-10-01 12:14:00,1790871240,CRWD,264.9049987792969,265.1499938964844,264.9049987792969,265.1449890136719,2647
2026-10-01 12:15:00,1790871300,CRWD,265.135009765625,265.3800048828125,265.135009765625,265.29998779296875,13976
2026-10-01 12:16:00,1790871360,CRWD,265.110107421875,265.364990234375,265.110107421875,265.2200012207031,8786
2026-10-01 12:17:00,1790871420,CRWD,265.19000244140625,265.3500061035156,265.1499938964844,265.2650146484375,18987
2026-10-01 12:18:00,1790871480,CRWD,265.17999267578125,265.2598876953125,264.6000061035156,264.6400146484375,10561
2026-10-01 12:19:00,1790871540,CRWD,264.669189453125,264.7349853515625,264.3999938964844,264.5299987792969,10390
2026-10-01 12:20:00,1790871600,CRWD,264.510009765625,264.510009765625,264.1000061035156,264.2174987792969,14585
2026-10-01 12:21:00,1790871660,CRWD,264.2049865722656,264.2349853515625,264.1000061035156,264.19000244140625,3841
2026-10-01 12:22:00,1790871720,CRWD,264.0799865722656,264.2799072265625,264.0799865722656,264.1867980957031,5607
2026-10-01 12:23:00,1790871780,CRWD,264.1300048828125,264.1499938964844,263.85009765625,263.9200134277344,10948
2026-10-01 12:24:00,1790871840,CRWD,264.0350036621094,264.1896057128906,263.92999267578125,264.1650085449219,4842
2026-10-01 12:25:00,1790871900,CRWD,264.1600036621094,264.3500061035156,264.1549987792969,264.1600036621094,5017
2026-10-01 12:26:00,1790871960,CRWD,264.17999267578125,264.17999267578125,263.9200134277344,264.0400085449219,9477
2026-10-01 12:27:00,1790872020,CRWD,264.0350036621094,264.20001220703125,263.9599914550781,264.125,4845
2026-10-01 12:28:00,1790872080,CRWD,264.2799072265625,264.2799072265625,263.7799987792969,263.864990234375,5994
2026-10-01 12:29:00,1790872140,CRWD,263.864990234375,264.0,263.80010986328125,263.9100036621094,6236
2026-10-01 12:30:00,1790872200,CRWD,263.95001220703125,263.95001220703125,263.69500732421875,263.82000732421875,4365
2026-10-01 12:31:00,1790872260,CRWD,263.8399963378906,264.25,263.66009521484375,264.135009765625,9354
2026-10-01 12:32:00,1790872320,CRWD,264.0950012207031,264.444091796875,264.0,264.32000732421875,5335
2026-10-01 12:33:00,1790872380,CRWD,264.30999755859375,264.5,264.2200012207031,264.260009765625,13650
2026-10-01 12:34:00,1790872440,CRWD,264.260009765625,264.31500244140625,264.1400146484375,264.2349853515625,25798
2026-10-01 12:35:00,1790872500,CRWD,264.19000244140625,264.2627868652344,264.1400146484375,264.17999267578125,4779
2026-10-01 12:36:00,1790872560,CRWD,264.1000061035156,264.2200012207031,264.07000732421875,264.0799865722656,3825
2026-10-01 12:37:00,1790872620,CRWD,264.1549987792969,264.239990234375,264.0801086425781,264.2200012207031,4039
2026-10-01 12:38:00,1790872680,CRWD,264.22979736328125,264.22979736328125,263.9700012207031,264.0350036621094,5776
2026-10-01 12:39:00,1790872740,CRWD,264.0799865722656,264.45989990234375,264.0400085449219,264.3450012207031,8281
2026-10-01 12:40:00,1790872800,CRWD,264.3450012207031,264.4595031738281,264.2300109863281,264.2699890136719,10677
2026-10-01 12:41:00,1790872860,CRWD,264.2300109863281,264.4800109863281,264.1619873046875,264.4049987792969,7484
2026-10-01 12:42:00,1790872920,CRWD,264.4100036621094,264.6700134277344,264.3699951171875,264.4150085449219,6441
2026-10-01 12:43:00,1790872980,CRWD,264.5,264.510009765625,264.19000244140625,264.239990234375,6440
2026-10-01 12:44:00,1790873040,CRWD,264.2300109863281,264.29998779296875,264.1499938964844,264.239990234375,12207
2026-10-01 12:45:00,1790873100,CRWD,264.2449951171875,264.35260009765625,264.2099914550781,264.29998779296875,10782
2026-10-01 12:46:00,1790873160,CRWD,264.2705993652344,264.30999755859375,264.0400085449219,264.25,20912
2026-10-01 12:47:00,1790873220,CRWD,264.2250061035156,264.260009765625,264.1499938964844,264.2049865722656,5022
2026-10-01 12:48:00,1790873280,CRWD,264.260009765625,264.35809326171875,264.07000732421875,264.1449890136719,10828
2026-10-01 12:49:00,1790873340,CRWD,264.1451110839844,264.2088928222656,264.0,264.05999755859375,5506
2026-10-01 12:50:00,1790873400,CRWD,264.0199890136719,264.0199890136719,263.875,263.9093017578125,10279
2026-10-01 12:51:00,1790873460,CRWD,263.8901062011719,263.94000244140625,263.7699890136719,263.8599853515625,8445
2026-10-01 12:52:00,1790873520,CRWD,263.8999938964844,264.1099853515625,263.7799987792969,264.0899963378906,4137
2026-10-01 12:53:00,1790873580,CRWD,264.1600036621094,264.1799011230469,264.0,264.1000061035156,6764
2026-10-01 12:54:00,1790873640,CRWD,264.04998779296875,264.2300109863281,263.9800109863281,264.1650085449219,4346
2026-10-01 12:55:00,1790873700,CRWD,264.1600036621094,264.25,263.989990234375,263.989990234375,6957
2026-10-01 12:56:00,1790873760,CRWD,263.9800109863281,263.9800109863281,263.7699890136719,263.7850036621094,6314
2026-10-01 12:57:00,1790873820,CRWD,263.7850036621094,263.9800109863281,263.760009765625,263.9367980957031,2580
2026-10-01 12:58:00,1790873880,CRWD,263.90008544921875,264.0747985839844,263.7409973144531,263.79998779296875,4985
2026-10-01 12:59:00,1790873940,CRWD,263.79998779296875,264.1099853515625,263.7850036621094,263.9150085449219,18819
2026-10-01 13:00:00,1790874000,CRWD,263.9150085449219,264.489990234375,263.91009521484375,264.3999938964844,16373
2026-10-01 13:01:00,1790874060,CRWD,264.3999938964844,264.64990234375,264.260009765625,264.3500061035156,9772
2026-10-01 13:02:00,1790874120,CRWD,264.3699951171875,264.4764099121094,264.3299865722656,264.42498779296875,3560
2026-10-01 13:03:00,1790874180,CRWD,264.42498779296875,264.61090087890625,264.3800048828125,264.42999267578125,8900
2026-10-01 13:04:00,1790874240,CRWD,264.42999267578125,264.69000244140625,264.42999267578125,264.69000244140625,5292
2026-10-01 13:05:00,1790874300,CRWD,264.68499755859375,264.80999755859375,264.6499938964844,264.7049865722656,4752
2026-10-01 13:06:00,1790874360,CRWD,264.7049865722656,264.8399963378906,264.6000061035156,264.82000732421875,9014
2026-10-01 13:07:00,1790874420,CRWD,264.81500244140625,264.9696960449219,264.79998779296875,264.8299865722656,3179
2026-10-01 13:08:00,1790874480,CRWD,264.8999938964844,265.07000732421875,264.8399963378906,264.8900146484375,10834
2026-10-01 13:09:00,1790874540,CRWD,264.9100036621094,265.10980224609375,264.9100036621094,265.0350036621094,6592
2026-10-01 13:10:00,1790874600,CRWD,265.0,265.1899108886719,264.9849853515625,265.1400146484375,6873
2026-10-01 13:11:00,1790874660,CRWD,265.156005859375,265.20001220703125,264.94000244140625,265.1549987792969,7500
2026-10-01 13:12:00,1790874720,CRWD,265.2315979003906,265.4100036621094,265.2001037597656,265.2699890136719,3756
2026-10-01 13:13:00,1790874780,CRWD,265.260009765625,265.5880126953125,264.82000732421875,265.1199951171875,36145
2026-10-01 13:14:00,1790874840,CRWD,265.19000244140625,265.285888671875,264.9620056152344,265.0899963378906,7430
2026-10-01 13:15:00,1790874900,CRWD,265.0799865722656,265.59991455078125,264.7101135253906,265.59991455078125,16815
2026-10-01 13:16:00,1790874960,CRWD,265.3500061035156,265.6300048828125,265.05999755859375,265.42999267578125,18280
2026-10-01 13:17:00,1790875020,CRWD,265.4599914550781,265.5199890136719,265.20001220703125,265.2349853515625,7322
2026-10-01 13:18:00,1790875080,CRWD,265.2149963378906,265.44000244140625,265.1099853515625,265.1700134277344,3373
2026-10-01 13:19:00,1790875140,CRWD,265.260009765625,265.34381103515625,265.0299987792969,265.20001220703125,6526
2026-10-01 13:20:00,1790875200,CRWD,265.20001220703125,265.30999755859375,265.15008544921875,265.2950134277344,6372
2026-10-01 13:21:00,1790875260,CRWD,265.3500061035156,265.5494079589844,265.3450012207031,265.5494079589844,5438
2026-10-01 13:22:00,1790875320,CRWD,265.5,265.79998779296875,265.5,265.7900085449219,7607
2026-10-01 13:23:00,1790875380,CRWD,265.7099914550781,265.8699951171875,265.6400146484375,265.82000732421875,16298
2026-10-01 13:24:00,1790875440,CRWD,265.82000732421875,266.25,265.80999755859375,265.9700012207031,16575
2026-10-01 13:25:00,1790875500,CRWD,266.0450134277344,266.1289978027344,265.84039306640625,265.9200134277344,8601
2026-10-01 13:26:00,1790875560,CRWD,265.8500061035156,266.0400085449219,265.57000732421875,266.0400085449219,16135
2026-10-01 13:27:00,1790875620,CRWD,266.15380859375,266.15380859375,265.8599853515625,265.94500732421875,5769
2026-10-01 13:28:00,1790875680,CRWD,265.9148864746094,265.9200134277344,265.79010009765625,265.9200134277344,5298
2026-10-01 13:29:00,1790875740,CRWD,265.8399963378906,265.8450012207031,265.6300048828125,265.69000244140625,6319
2026-10-01 13:30:00,1790875800,CRWD,265.75,266.0199890136719,265.5,265.7699890136719,17966
2026-10-01 13:31:00,1790875860,CRWD,265.7901916503906,266.1000061035156,265.7900085449219,266.0199890136719,6454
2026-10-01 13:32:00,1790875920,CRWD,266.0946960449219,266.1090087890625,265.6700134277344,265.7099914550781,6260
2026-10-01 13:33:00,1790875980,CRWD,265.6600036621094,265.70001220703125,265.3399963378906,265.3999938964844,15105
2026-10-01 13:34:00,1790876040,CRWD,265.4100036621094,265.6700134277344,265.3800048828125,265.42999267578125,5139
2026-10-01 13:35:00,1790876100,CRWD,265.4800109863281,265.69000244140625,265.3900146484375,265.6499938964844,6659
2026-10-01 13:36:00,1790876160,CRWD,265.6499938964844,265.97900390625,265.6499938964844,265.82000732421875,7400
2026-10-01 13:37:00,1790876220,CRWD,265.81500244140625,265.81500244140625,265.42010498046875,265.69000244140625,10344
2026-10-01 13:38:00,1790876280,CRWD,265.62310791015625,265.7099914550781,265.010009765625,265.1700134277344,12554
2026-10-01 13:39:00,1790876340,CRWD,265.2300109863281,265.3699951171875,265.0,265.135009765625,9883
2026-10-01 13:40:00,1790876400,CRWD,265.2200012207031,265.2200012207031,264.8100891113281,264.95001220703125,25815
2026-10-01 13:41:00,1790876460,CRWD,264.95001220703125,265.1199951171875,264.8500061035156,265.0199890136719,5303
2026-10-01 13:42:00,1790876520,CRWD,264.94000244140625,265.2650146484375,264.94000244140625,265.2650146484375,6024
2026-10-01 13:43:00,1790876580,CRWD,265.3900146484375,265.4375915527344,265.0299987792969,265.1700134277344,6470
2026-10-01 13:44:00,1790876640,CRWD,265.1700134277344,265.5400085449219,265.1650085449219,265.5400085449219,3931
2026-10-01 13:45:00,1790876700,CRWD,265.5199890136719,265.5799865722656,265.4100036621094,265.4750061035156,11298
2026-10-01 13:46:00,1790876760,CRWD,265.55999755859375,265.55999755859375,265.3699951171875,265.3900146484375,7113
2026-10-01 13:47:00,1790876820,CRWD,265.3900146484375,265.4200134277344,265.25,265.4049987792969,7312
2026-10-01 13:48:00,1790876880,CRWD,265.4100036621094,265.44000244140625,265.2099914550781,265.29998779296875,4700
2026-10-01 13:49:00,1790876940,CRWD,265.2200012207031,265.2200012207031,264.8999938964844,265.0199890136719,10707
2026-10-01 13:50:00,1790877000,CRWD,265.0199890136719,265.0950012207031,264.8800048828125,264.9200134277344,3959
2026-10-01 13:51:00,1790877060,CRWD,264.92999267578125,265.3900146484375,264.92999267578125,265.25,6816
2026-10-01 13:52:00,1790877120,CRWD,265.20001220703125,265.5450134277344,265.20001220703125,265.5450134277344,11350
2026-10-01 13:53:00,1790877180,CRWD,265.54998779296875,265.54998779296875,265.3399963378906,265.4150085449219,5159
2026-10-01 13:54:00,1790877240,CRWD,265.5299987792969,265.7699890136719,265.489990234375,265.614990234375,11191
2026-10-01 13:55:00,1790877300,CRWD,265.7074890136719,265.7074890136719,265.3599853515625,265.5299987792969,9340
2026-10-01 13:56:00,1790877360,CRWD,265.5299987792969,265.7998962402344,265.5199890136719,265.67498779296875,5817
2026-10-01 13:57:00,1790877420,CRWD,265.67498779296875,265.70001220703125,265.510009765625,265.6650085449219,4185
2026-10-01 13:58:00,1790877480,CRWD,265.6716003417969,265.82000732421875,265.6000061035156,265.82000732421875,7049
2026-10-01 13:59:00,1790877540,CRWD,265.7799987792969,266.07000732421875,265.7799987792969,265.80999755859375,14814
2026-10-01 14:00:00,1790877600,CRWD,265.8500061035156,265.8500061035156,265.6700134277344,265.81500244140625,9222
2026-10-01 14:01:00,1790877660,CRWD,265.7799987792969,266.0,265.7300109863281,266.0,11390
2026-10-01 14:02:00,1790877720,CRWD,266.010009765625,266.05999755859375,265.3699951171875,265.70001220703125,15580
2026-10-01 14:03:00,1790877780,CRWD,265.590087890625,266.17999267578125,265.590087890625,266.1700134277344,16488
2026-10-01 14:04:00,1790877840,CRWD,266.0849914550781,266.2300109863281,265.9100036621094,265.9200134277344,42049
2026-10-01 14:05:00,1790877900,CRWD,265.93499755859375,265.96990966796875,265.29998779296875,265.4150085449219,22992
2026-10-01 14:06:00,1790877960,CRWD,265.4700012207031,265.4700012207031,264.82000732421875,264.9700012207031,13412
2026-10-01 14:07:00,1790878020,CRWD,265.05999755859375,265.1600036621094,264.9800109863281,265.15509033203125,3899
2026-10-01 14:08:00,1790878080,CRWD,265.1549987792969,265.44500732421875,265.1499938964844,265.3800048828125,6649
2026-10-01 14:09:00,1790878140,CRWD,265.45001220703125,265.739990234375,265.1499938964844,265.5150146484375,25973
2026-10-01 14:10:00,1790878200,CRWD,265.5150146484375,265.7200012207031,265.44000244140625,265.44000244140625,7590
2026-10-01 14:11:00,1790878260,CRWD,265.4849853515625,265.5799865722656,265.35009765625,265.5799865722656,4157
2026-10-01 14:12:00,1790878320,CRWD,265.4599914550781,265.7799987792969,265.4110107421875,265.6449890136719,5170
2026-10-01 14:13:00,1790878380,CRWD,265.7099914550781,265.8800048828125,265.6400146484375,265.69000244140625,10196
2026-10-01 14:14:00,1790878440,CRWD,265.7349853515625,265.7699890136719,265.610107421875,265.7489929199219,5353
2026-10-01 14:15:00,1790878500,CRWD,265.67010498046875,266.1099853515625,265.67010498046875,265.8699951171875,16429
2026-10-01 14:16:00,1790878560,CRWD,265.8800048828125,266.125,265.8500061035156,266.07000732421875,9970
2026-10-01 14:17:00,1790878620,CRWD,266.0400085449219,266.1600036621094,265.9700012207031,266.1300048828125,6938
2026-10-01 14:18:00,1790878680,CRWD,266.114013671875,266.20989990234375,266.04998779296875,266.1099853515625,5781
2026-10-01 14:19:00,1790878740,CRWD,266.125,266.125,265.9700012207031,266.010009765625,7370
2026-10-01 14:20:00,1790878800,CRWD,265.9700012207031,266.0498962402344,265.80010986328125,265.95001220703125,8535
2026-10-01 14:21:00,1790878860,CRWD,265.9565124511719,266.1300048828125,265.9565124511719,266.0299987792969,8266
2026-10-01 14:22:00,1790878920,CRWD,266.04998779296875,266.1199951171875,265.92999267578125,265.9849853515625,13761
2026-10-01 14:23:00,1790878980,CRWD,265.94000244140625,266.25,265.9200134277344,266.2300109863281,12068
2026-10-01 14:24:00,1790879040,CRWD,266.29998779296875,266.4100036621094,266.1400146484375,266.1400146484375,6436
2026-10-01 14:25:00,1790879100,CRWD,266.19500732421875,266.4200134277344,266.1300048828125,266.3699951171875,7456
2026-10-01 14:26:00,1790879160,CRWD,266.3699951171875,266.4612121582031,266.32000732421875,266.44000244140625,8341
2026-10-01 14:27:00,1790879220,CRWD,266.3949890136719,266.54998779296875,266.3800048828125,266.385009765625,5934
2026-10-01 14:28:00,1790879280,CRWD,266.3900146484375,266.4549865722656,266.32000732421875,266.385009765625,8945
2026-10-01 14:29:00,1790879340,CRWD,266.385009765625,266.6700134277344,266.385009765625,266.57501220703125,7223
2026-10-01 14:30:00,1790879400,CRWD,266.6300048828125,266.6300048828125,266.35009765625,266.4112854003906,9650
2026-10-01 14:31:00,1790879460,CRWD,266.4700012207031,266.6400146484375,266.4200134277344,266.5400085449219,8001
2026-10-01 14:32:00,1790879520,CRWD,266.5299987792969,266.5299987792969,266.44000244140625,266.5,5768
2026-10-01 14:33:00,1790879580,CRWD,266.4775085449219,266.4999084472656,266.42999267578125,266.4649963378906,4195
2026-10-01 14:34:00,1790879640,CRWD,266.4649963378906,266.82000732421875,266.4649963378906,266.80999755859375,19292
2026-10-01 14:35:00,1790879700,CRWD,266.79998779296875,267.1000061035156,266.79998779296875,267.1000061035156,16183
2026-10-01 14:36:00,1790879760,CRWD,267.1000061035156,267.1400146484375,266.8900146484375,267.04998779296875,10058
2026-10-01 14:37:00,1790879820,CRWD,267.0,267.0299987792969,266.8800048828125,266.95001220703125,10308
2026-10-01 14:38:00,1790879880,CRWD,266.95001220703125,266.95001220703125,266.5400085449219,266.57000732421875,8537
2026-10-01 14:39:00,1790879940,CRWD,266.4800109863281,266.760009765625,266.4800109863281,266.70001220703125,13091
2026-10-01 14:40:00,1790880000,CRWD,266.6199951171875,266.6700134277344,266.5700988769531,266.614990234375,5425
2026-10-01 14:41:00,1790880060,CRWD,266.6099853515625,266.6166076660156,266.4541015625,266.5199890136719,6058
2026-10-01 14:42:00,1790880120,CRWD,266.6000061035156,266.614990234375,266.19000244140625,266.2650146484375,10081
2026-10-01 14:43:00,1790880180,CRWD,266.2699890136719,266.2850036621094,265.9549865722656,265.9649963378906,10966
2026-10-01 14:44:00,1790880240,CRWD,265.9649963378906,266.32000732421875,265.9100036621094,266.32000732421875,10092
2026-10-01 14:45:00,1790880300,CRWD,266.32000732421875,266.45001220703125,266.1200866699219,266.44000244140625,5342
2026-10-01 14:46:00,1790880360,CRWD,266.3299865722656,266.4200134277344,266.2101135253906,266.29998779296875,8500
2026-10-01 14:47:00,1790880420,CRWD,266.3599853515625,266.3599853515625,266.1499938964844,266.1499938964844,6034
2026-10-01 14:48:00,1790880480,CRWD,266.2080078125,266.260009765625,266.06500244140625,266.06500244140625,6247
2026-10-01 14:49:00,1790880540,CRWD,266.0799865722656,266.0799865722656,265.9200134277344,265.9800109863281,5540
2026-10-01 14:50:00,1790880600,CRWD,265.9800109863281,266.114990234375,265.9800109863281,266.0899963378906,4569
2026-10-01 14:51:00,1790880660,CRWD,266.0849914550781,266.1199951171875,266.0,266.04998779296875,4136
2026-10-01 14:52:00,1790880720,CRWD,266.04998779296875,266.04998779296875,265.8800048828125,265.95001220703125,5527
2026-10-01 14:53:00,1790880780,CRWD,265.95001220703125,266.04998779296875,265.71038818359375,266.04998779296875,7746
2026-10-01 14:54:00,1790880840,CRWD,266.1400146484375,266.20001220703125,265.9901123046875,266.05999755859375,10139
2026-10-01 14:55:00,1790880900,CRWD,266.0299987792969,266.2699890136719,265.9906005859375,266.25,6272
2026-10-01 14:56:00,1790880960,CRWD,266.2699890136719,266.3500061035156,266.25,266.32501220703125,5942
2026-10-01 14:57:00,1790881020,CRWD,266.32501220703125,266.32501220703125,266.1600036621094,266.17999267578125,8794
2026-10-01 14:58:00,1790881080,CRWD,266.2749938964844,266.3599853515625,266.2200012207031,266.2200012207031,7376
2026-10-01 14:59:00,1790881140,CRWD,266.2200012207031,266.2200012207031,266.07000732421875,266.2099914550781,10571
2026-10-01 15:00:00,1790881200,CRWD,266.2099914550781,266.4100036621094,266.2099914550781,266.2650146484375,9123
2026-10-01 15:01:00,1790881260,CRWD,266.2300109863281,266.29998779296875,266.17999267578125,266.17999267578125,8624
2026-10-01 15:02:00,1790881320,CRWD,266.20001220703125,266.4794921875,266.1700134277344,266.45001220703125,3618
2026-10-01 15:03:00,1790881380,CRWD,266.3949890136719,266.57989501953125,266.3622131347656,266.5199890136719,5738
2026-10-01 15:04:00,1790881440,CRWD,266.5199890136719,266.6099853515625,266.43011474609375,266.5047912597656,9992
2026-10-01 15:05:00,1790881500,CRWD,266.489990234375,266.5,266.3800048828125,266.3900146484375,12283
2026-10-01 15:06:00,1790881560,CRWD,266.3900146484375,266.3949890136719,266.0,266.07000732421875,11642
2026-10-01 15:07:00,1790881620,CRWD,266.0874938964844,266.4200134277344,266.0874938964844,266.3598937988281,6768
2026-10-01 15:08:00,1790881680,CRWD,266.3399963378906,266.510009765625,266.2799987792969,266.4100036621094,14498
2026-10-01 15:09:00,1790881740,CRWD,266.44000244140625,266.5398864746094,266.3999938964844,266.42999267578125,6257
2026-10-01 15:10:00,1790881800,CRWD,266.4200134277344,266.625,266.4200134277344,266.4800109863281,8486
2026-10-01 15:11:00,1790881860,CRWD,266.5,266.7300109863281,266.4949951171875,266.55999755859375,8686
2026-10-01 15:12:00,1790881920,CRWD,266.55999755859375,266.6899108886719,266.5199890136719,266.6400146484375,5604
2026-10-01 15:13:00,1790881980,CRWD,266.6700134277344,266.9010009765625,266.6099853515625,266.864990234375,6503
2026-10-01 15:14:00,1790882040,CRWD,266.864990234375,266.9100036621094,266.80999755859375,266.8450012207031,7386
2026-10-01 15:15:00,1790882100,CRWD,266.8349914550781,266.8500061035156,266.7200012207031,266.7200012207031,9703
2026-10-01 15:16:00,1790882160,CRWD,266.7300109863281,266.7699890136719,266.6549987792969,266.7550048828125,11488
2026-10-01 15:17:00,1790882220,CRWD,266.7049865722656,266.8699951171875,266.69500732421875,266.8349914550781,7038
2026-10-01 15:18:00,1790882280,CRWD,266.8800048828125,267.0299987792969,266.802490234375,266.93499755859375,21414
2026-10-01 15:19:00,1790882340,CRWD,266.93499755859375,267.9800109863281,266.93499755859375,267.94500732421875,32402
2026-10-01 15:20:00,1790882400,CRWD,267.9200134277344,268.2699890136719,267.7900085449219,268.0199890136719,32025
2026-10-01 15:21:00,1790882460,CRWD,268.0899963378906,268.0899963378906,267.7099914550781,267.7950134277344,21562
2026-10-01 15:22:00,1790882520,CRWD,267.7300109863281,268.2598876953125,267.67999267578125,267.9700012207031,31898
2026-10-01 15:23:00,1790882580,CRWD,268.010009765625,268.29998779296875,268.010009765625,268.1549987792969,29002
2026-10-01 15:24:00,1790882640,CRWD,268.17999267578125,268.4999084472656,268.17999267578125,268.3949890136719,18383
2026-10-01 15:25:00,1790882700,CRWD,268.45001220703125,268.4599914550781,268.05999755859375,268.0899963378906,13454
2026-10-01 15:26:00,1790882760,CRWD,268.0799865722656,268.17999267578125,267.9200134277344,267.93011474609375,19394
2026-10-01 15:27:00,1790882820,CRWD,267.9649963378906,268.17181396484375,267.7699890136719,268.0,20097
2026-10-01 15:28:00,1790882880,CRWD,268.1099853515625,268.2821044921875,267.8900146484375,268.0,12338
2026-10-01 15:29:00,1790882940,CRWD,268.0,268.1199951171875,267.989990234375,268.04998779296875,7744
2026-10-01 15:30:00,1790883000,CRWD,268.0199890136719,268.0906982421875,267.8074951171875,268.0199890136719,9409
2026-10-01 15:31:00,1790883060,CRWD,268.0899963378906,268.1400146484375,267.9150085449219,267.9700012207031,6848
2026-10-01 15:32:00,1790883120,CRWD,268.0,268.0498962402344,267.8232116699219,267.8999938964844,7571
2026-10-01 15:33:00,1790883180,CRWD,267.8900146484375,268.1700134277344,267.8299865722656,268.1300048828125,10958
2026-10-01 15:34:00,1790883240,CRWD,268.1650085449219,268.1964111328125,267.95001220703125,268.1099853515625,16420
2026-10-01 15:35:00,1790883300,CRWD,268.1050109863281,268.1099853515625,267.8377990722656,267.9150085449219,14279
2026-10-01 15:36:00,1790883360,CRWD,267.9150085449219,268.0,267.67999267578125,267.67999267578125,14156
2026-10-01 15:37:00,1790883420,CRWD,267.75,267.75,267.29998779296875,267.55499267578125,26129
2026-10-01 15:38:00,1790883480,CRWD,267.55499267578125,267.9100036621094,267.5118103027344,267.9100036621094,15358
2026-10-01 15:39:00,1790883540,CRWD,267.9100036621094,267.95001220703125,267.760009765625,267.875,13465
2026-10-01 15:40:00,1790883600,CRWD,267.8999938964844,267.8999938964844,267.7101135253906,267.8399963378906,8031
2026-10-01 15:41:00,1790883660,CRWD,267.8500061035156,267.8500061035156,267.1300048828125,267.1921081542969,14313
2026-10-01 15:42:00,1790883720,CRWD,267.1700134277344,267.32000732421875,266.9700012207031,267.0799865722656,10425
2026-10-01 15:43:00,1790883780,CRWD,267.035400390625,267.17999267578125,266.95001220703125,267.0849914550781,8290
2026-10-01 15:44:00,1790883840,CRWD,267.0799865722656,267.255615234375,267.0199890136719,267.0618896484375,9268
2026-10-01 15:45:00,1790883900,CRWD,267.1099853515625,267.2550048828125,267.07000732421875,267.1600036621094,9217
2026-10-01 15:46:00,1790883960,CRWD,267.2200012207031,267.4150085449219,267.2149963378906,267.3996887207031,10893
2026-10-01 15:47:00,1790884020,CRWD,267.3550109863281,267.4200134277344,267.1700134277344,267.19000244140625,23399
2026-10-01 15:48:00,1790884080,CRWD,267.20001220703125,267.3500061035156,267.17010498046875,267.3500061035156,8987
2026-10-01 15:49:00,1790884140,CRWD,267.3800048828125,267.4100036621094,267.0,267.0,14192
2026-10-01 15:50:00,1790884200,CRWD,266.9599914550781,267.2200012207031,266.8900146484375,267.05999755859375,22640
2026-10-01 15:51:00,1790884260,CRWD,267.0799865722656,267.1199951171875,266.8399963378906,266.9700012207031,25556
2026-10-01 15:52:00,1790884320,CRWD,266.989990234375,267.0400085449219,266.760009765625,266.8299865722656,23134
2026-10-01 15:53:00,1790884380,CRWD,266.8299865722656,267.010009765625,266.7099914550781,266.7699890136719,28746
2026-10-01 15:54:00,1790884440,CRWD,266.7300109863281,266.8800048828125,265.8550109863281,265.95001220703125,26267
2026-10-01 15:55:00,1790884500,CRWD,265.9100036621094,266.30499267578125,265.8299865722656,265.95001220703125,42771
2026-10-01 15:56:00,1790884560,CRWD,265.9200134277344,266.2018127441406,265.8399963378906,266.0249938964844,24724
2026-10-01 15:57:00,1790884620,CRWD,266.0249938964844,266.32000732421875,265.9599914550781,266.30999755859375,40254
2026-10-01 15:58:00,1790884680,CRWD,266.2799987792969,266.32000732421875,266.0531005859375,266.07501220703125,79095
2026-10-01 15:59:00,1790884740,CRWD,266.04998779296875,266.20001220703125,265.92999267578125,266.1650085449219,148494
2026-10-01 16:00:00,1790884800,CRWD,266.0899963378906,266.0899963378906,266.0899963378906,266.0899963378906,0
2026-10-02 09:30:00,1790947800,CRWD,269.6499938964844,269.75,268.3999938964844,269.6000061035156,293912
2026-10-02 09:31:00,1790947860,CRWD,269.79998779296875,271.1340026855469,268.92999267578125,270.8599853515625,64298
2026-10-02 09:32:00,1790947920,CRWD,270.7850036621094,272.1099853515625,270.010009765625,270.3900146484375,52500
2026-10-02 09:33:00,1790947980,CRWD,270.3900146484375,271.70001220703125,270.0,271.55499267578125,36044
2026-10-02 09:34:00,1790948040,CRWD,272.44000244140625,272.92999267578125,271.30999755859375,272.44000244140625,53759
2026-10-02 09:35:00,1790948100,CRWD,272.92999267578125,273.53509521484375,272.510009765625,272.92999267578125,41752
2026-10-02 09:36:00,1790948160,CRWD,273.10919189453125,273.10919189453125,271.1000061035156,271.375,66091
2026-10-02 09:37:00,1790948220,CRWD,271.6099853515625,272.7799987792969,271.3699951171875,272.381591796875,20824
2026-10-02 09:38:00,1790948280,CRWD,272.25,272.30499267578125,269.5911865234375,269.8900146484375,34347
2026-10-02 09:39:00,1790948340,CRWD,270.1300048828125,270.94000244140625,270.0,270.2099914550781,19730
2026-10-02 09:40:00,1790948400,CRWD,270.3299865722656,270.3299865722656,268.4800109863281,269.19500732421875,46088
2026-10-02 09:41:00,1790948460,CRWD,269.3299865722656,270.5450134277344,268.1099853515625,270.4471130371094,38819
2026-10-02 09:42:00,1790948520,CRWD,270.489990234375,271.17999267578125,269.8999938964844,271.17999267578125,20388
2026-10-02 09:43:00,1790948580,CRWD,271.1700134277344,271.760009765625,270.45001220703125,270.80499267578125,21546
2026-10-02 09:44:00,1790948640,CRWD,270.9700012207031,271.7799987792969,270.5799865722656,271.68499755859375,23177
2026-10-02 09:45:00,1790948700,CRWD,271.6499938964844,271.6499938964844,269.54998779296875,269.6499938964844,35008
2026-10-02 09:46:00,1790948760,CRWD,269.75,270.0,269.3399963378906,269.6050109863281,19216
2026-10-02 09:47:00,1790948820,CRWD,269.7699890136719,269.7699890136719,268.5,268.92999267578125,17072
2026-10-02 09:48:00,1790948880,CRWD,269.05999755859375,269.5,268.2900085449219,269.45001220703125,22290
2026-10-02 09:49:00,1790948940,CRWD,269.3900146484375,269.6300048828125,268.3349914550781,268.340087890625,17164
2026-10-02 09:50:00,1790949000,CRWD,268.3013000488281,268.82000732421875,267.6722106933594,268.4200134277344,26887
2026-10-02 09:51:00,1790949060,CRWD,268.4049987792969,269.1600036621094,268.0010070800781,269.1600036621094,12477
2026-10-02 09:52:00,1790949120,CRWD,269.4700012207031,269.94000244140625,268.989990234375,269.29998779296875,15036
2026-10-02 09:53:00,1790949180,CRWD,269.2950134277344,270.4200134277344,269.1099853515625,270.18499755859375,26469
2026-10-02 09:54:00,1790949240,CRWD,270.20001220703125,270.7200012207031,270.1099853515625,270.4599914550781,41995
2026-10-02 09:55:00,1790949300,CRWD,270.42999267578125,270.7900085449219,270.239990234375,270.7900085449219,14257
2026-10-02 09:56:00,1790949360,CRWD,270.8299865722656,271.0,270.0299987792969,270.3500061035156,26379
2026-10-02 09:57:00,1790949420,CRWD,270.3275146484375,270.5199890136719,269.71771240234375,270.0101013183594,21722
2026-10-02 09:58:00,1790949480,CRWD,270.3550109863281,270.79998779296875,270.3550109863281,270.5299987792969,19874
2026-10-02 09:59:00,1790949540,CRWD,270.3800048828125,270.79998779296875,270.0,270.4549865722656,16008
2026-10-02 10:00:00,1790949600,CRWD,270.4700012207031,270.489990234375,270.07000732421875,270.4700012207031,25232
2026-10-02 10:01:00,1790949660,CRWD,270.5899963378906,270.6099853515625,270.05999755859375,270.1400146484375,18102
2026-10-02 10:02:00,1790949720,CRWD,270.135009765625,271.84991455078125,270.135009765625,271.2959899902344,36842
2026-10-02 10:03:00,1790949780,CRWD,271.260009765625,271.739990234375,270.75,271.5799865722656,41018
2026-10-02 10:04:00,1790949840,CRWD,271.6300048828125,272.05999755859375,271.2853088378906,271.4100036621094,23446
2026-10-02 10:05:00,1790949900,CRWD,271.385009765625,271.8599853515625,271.385009765625,271.3900146484375,21246
2026-10-02 10:06:00,1790949960,CRWD,271.4800109863281,271.4800109863281,270.55999755859375,270.5643005371094,49136
2026-10-02 10:07:00,1790950020,CRWD,270.6982116699219,271.6000061035156,270.69000244140625,271.57000732421875,9722
2026-10-02 10:08:00,1790950080,CRWD,271.75,271.75,271.1099853515625,271.4200134277344,33552
2026-10-02 10:09:00,1790950140,CRWD,271.54998779296875,271.54998779296875,270.760009765625,271.139892578125,24029
2026-10-02 10:10:00,1790950200,CRWD,271.1099853515625,271.54998779296875,271.01251220703125,271.1499938964844,9100
2026-10-02 10:11:00,1790950260,CRWD,271.0148010253906,271.32000732421875,270.30999755859375,270.5199890136719,37772
2026-10-02 10:12:00,1790950320,CRWD,270.4100036621094,270.5799865722656,269.92999267578125,270.0899963378906,18936
2026-10-02 10:13:00,1790950380,CRWD,270.0799865722656,270.5450134277344,269.8800964355469,270.29998779296875,9864
2026-10-02 10:14:00,1790950440,CRWD,270.29998779296875,270.3174133300781,269.523193359375,269.7998962402344,20584
2026-10-02 10:15:00,1790950500,CRWD,269.67999267578125,269.94989013671875,269.4700012207031,269.4700012207031,10726
2026-10-02 10:16:00,1790950560,CRWD,269.42919921875,270.1499938964844,269.42919921875,269.7900085449219,13297
2026-10-02 10:17:00,1790950620,CRWD,269.989990234375,270.1499938964844,269.5799865722656,269.7699890136719,7011
2026-10-02 10:18:00,1790950680,CRWD,269.7699890136719,270.0400085449219,269.6099853515625,269.739990234375,9021
2026-10-02 10:19:00,1790950740,CRWD,269.739990234375,269.9200134277344,269.6199951171875,269.8500061035156,7349
2026-10-02 10:20:00,1790950800,CRWD,269.81500244140625,269.95001220703125,269.6499938964844,269.8800048828125,12704
2026-10-02 10:21:00,1790950860,CRWD,269.989990234375,270.739990234375,269.989990234375,270.5299987792969,14565
2026-10-02 10:22:00,1790950920,CRWD,270.55499267578125,271.1300048828125,270.3800048828125,271.0849914550781,12625
2026-10-02 10:23:00,1790950980,CRWD,271.0799865722656,271.1300048828125,270.2699890136719,270.2699890136719,26123
2026-10-02 10:24:00,1790951040,CRWD,270.2099914550781,270.989990234375,270.2049865722656,270.8699951171875,9525
2026-10-02 10:25:00,1790951100,CRWD,270.75,271.1400146484375,270.5350036621094,270.98638916015625,10956
2026-10-02 10:26:00,1790951160,CRWD,270.92498779296875,271.0350036621094,270.67999267578125,270.94500732421875,8477
2026-10-02 10:27:00,1790951220,CRWD,271.1000061035156,271.2164001464844,270.7900085449219,270.7900085449219,10577
2026-10-02 10:28:00,1790951280,CRWD,270.7900085449219,271.21990966796875,270.760009765625,270.82000732421875,7763
2026-10-02 10:29:00,1790951340,CRWD,270.8299865722656,270.8949890136719,270.55999755859375,270.7799072265625,8930
2026-10-02 10:30:00,1790951400,CRWD,270.614990234375,270.7200012207031,270.25799560546875,270.3500061035156,10106
2026-10-02 10:31:00,1790951460,CRWD,270.3500061035156,271.0,270.3500061035156,270.9949951171875,10985
2026-10-02 10:32:00,1790951520,CRWD,271.19000244140625,271.3009948730469,270.7749938964844,270.99310302734375,7271
2026-10-02 10:33:00,1790951580,CRWD,270.8399963378906,271.3500061035156,270.77099609375,271.2099914550781,29461
2026-10-02 10:34:00,1790951640,CRWD,271.2149963378906,271.67999267578125,271.0799865722656,271.42999267578125,10735
2026-10-02 10:35:00,1790951700,CRWD,271.3800048828125,271.4649963378906,271.2300109863281,271.30999755859375,10963
2026-10-02 10:36:00,1790951760,CRWD,271.2950134277344,271.4599914550781,271.1000061035156,271.1199951171875,8629
2026-10-02 10:37:00,1790951820,CRWD,271.1011962890625,271.2998962402344,271.0199890136719,271.07501220703125,8457
2026-10-02 10:38:00,1790951880,CRWD,271.07501220703125,271.239990234375,270.79998779296875,271.239990234375,12733
2026-10-02 10:39:00,1790951940,CRWD,271.19000244140625,271.7300109863281,271.1199951171875,271.4200134277344,24437
2026-10-02 10:40:00,1790952000,CRWD,271.3949890136719,271.54998779296875,271.1400146484375,271.5299987792969,12999
2026-10-02 10:41:00,1790952060,CRWD,271.5198974609375,271.5199890136719,271.2701110839844,271.3999938964844,7218
2026-10-02 10:42:00,1790952120,CRWD,271.42999267578125,271.6000061035156,271.3699951171875,271.4150085449219,7894
2026-10-02 10:43:00,1790952180,CRWD,271.3399963378906,271.5799865722656,271.29998779296875,271.385009765625,27931
2026-10-02 10:44:00,1790952240,CRWD,271.29998779296875,271.3799133300781,270.9700012207031,271.0400085449219,9822
2026-10-02 10:45:00,1790952300,CRWD,270.9700012207031,271.25,270.82000732421875,271.135009765625,7345
2026-10-02 10:46:00,1790952360,CRWD,271.125,271.125,270.8999938964844,271.0400085449219,4484
2026-10-02 10:47:00,1790952420,CRWD,271.010009765625,271.010009765625,270.80999755859375,270.92999267578125,5800
2026-10-02 10:48:00,1790952480,CRWD,271.0098876953125,271.0400085449219,270.8999938964844,271.010009765625,8463
2026-10-02 10:49:00,1790952540,CRWD,270.9737854003906,271.0899963378906,270.9100036621094,271.0899963378906,5158
2026-10-02 10:50:00,1790952600,CRWD,271.1400146484375,271.7099914550781,271.1099853515625,271.5150146484375,10122
2026-10-02 10:51:00,1790952660,CRWD,271.45001220703125,271.5899963378906,271.3800048828125,271.43499755859375,10637
2026-10-02 10:52:00,1790952720,CRWD,271.43499755859375,271.5884094238281,271.20001220703125,271.30499267578125,13597
2026-10-02 10:53:00,1790952780,CRWD,271.2099914550781,271.2200012207031,271.010009765625,271.1000061035156,13421
2026-10-02 10:54:00,1790952840,CRWD,271.20001220703125,271.20001220703125,270.94000244140625,271.0050048828125,6357
2026-10-02 10:55:00,1790952900,CRWD,271.010009765625,271.19500732421875,271.010009765625,271.1199951171875,8118
2026-10-02 10:56:00,1790952960,CRWD,271.2099914550781,271.989990234375,271.2099914550781,271.9150085449219,19832
2026-10-02 10:57:00,1790953020,CRWD,271.9200134277344,272.25,271.8999938964844,272.239990234375,15279
2026-10-02 10:58:00,1790953080,CRWD,272.3580017089844,272.6000061035156,271.6499938964844,271.75,56074
2026-10-02 10:59:00,1790953140,CRWD,271.6549987792969,271.96990966796875,271.63250732421875,271.75,7975
2026-10-02 11:00:00,1790953200,CRWD,271.7149963378906,271.9674987792969,271.5704040527344,271.7799987792969,16207
2026-10-02 11:01:00,1790953260,CRWD,271.7900085449219,272.6700134277344,271.6300048828125,271.8399963378906,50756
2026-10-02 11:02:00,1790953320,CRWD,271.8500061035156,271.9800109863281,271.30999755859375,271.45001220703125,35274
2026-10-02 11:03:00,1790953380,CRWD,272.0050048828125,272.123291015625,271.5299987792969,272.0050048828125,9820
2026-10-02 11:04:00,1790953440,CRWD,272.07000732421875,272.260009765625,271.7200012207031,272.0199890136719,8284
2026-10-02 11:05:00,1790953500,CRWD,272.07000732421875,272.2099914550781,271.4200134277344,271.6000061035156,10032
2026-10-02 11:06:00,1790953560,CRWD,271.6549987792969,271.7200012207031,270.9800109863281,270.989990234375,7610
2026-10-02 11:07:00,1790953620,CRWD,270.8999938964844,270.989990234375,270.3599853515625,270.3699951171875,17105
2026-10-02 11:08:00,1790953680,CRWD,270.3699951171875,270.6600036621094,269.80999755859375,269.8800048828125,20411
2026-10-02 11:09:00,1790953740,CRWD,269.8411865234375,269.8411865234375,269.5199890136719,269.625,11566
2026-10-02 11:10:00,1790953800,CRWD,269.6400146484375,270.1700134277344,269.6099853515625,269.9800109863281,25366
2026-10-02 11:11:00,1790953860,CRWD,269.82501220703125,270.0400085449219,269.4800109863281,269.5450134277344,16128
2026-10-02 11:12:00,1790953920,CRWD,269.74700927734375,269.74700927734375,269.010009765625,269.20001220703125,16197
2026-10-02 11:13:00,1790953980,CRWD,269.260009765625,269.8599853515625,269.2300109863281,269.5400085449219,19476
2026-10-02 11:14:00,1790954040,CRWD,269.625,270.0,269.6000061035156,269.6000061035156,5980
2026-10-02 11:15:00,1790954100,CRWD,269.4800109863281,269.6700134277344,269.260009765625,269.4549865722656,6640
2026-10-02 11:16:00,1790954160,CRWD,269.4049987792969,269.7799987792969,269.29998779296875,269.739990234375,9409
2026-10-02 11:17:00,1790954220,CRWD,269.69000244140625,269.9700012207031,269.5199890136719,269.760009765625,5897
2026-10-02 11:18:00,1790954280,CRWD,269.510009765625,269.8999938964844,269.510009765625,269.5400085449219,34566
2026-10-02 11:19:00,1790954340,CRWD,269.5693054199219,269.69000244140625,269.29998779296875,269.29998779296875,8557
2026-10-02 11:20:00,1790954400,CRWD,269.3399963378906,269.5899963378906,269.2699890136719,269.44000244140625,10403
2026-10-02 11:21:00,1790954460,CRWD,269.45001220703125,270.3399963378906,269.45001220703125,270.1449890136719,22332
2026-10-02 11:22:00,1790954520,CRWD,270.2650146484375,270.45001220703125,269.9599914550781,269.9649963378906,20524
2026-10-02 11:23:00,1790954580,CRWD,269.8699951171875,270.010009765625,269.80999755859375,269.8699951171875,7533
2026-10-02 11:24:00,1790954640,CRWD,269.92498779296875,269.92498779296875,269.1000061035156,269.1099853515625,14393
2026-10-02 11:25:00,1790954700,CRWD,269.07000732421875,269.07000732421875,268.4599914550781,268.5299987792969,29232
2026-10-02 11:26:00,1790954760,CRWD,268.5350036621094,268.70001220703125,268.3699951171875,268.4750061035156,13526
2026-10-02 11:27:00,1790954820,CRWD,268.5425109863281,268.7698974609375,268.4100036621094,268.5425109863281,8647
2026-10-02 11:28:00,1790954880,CRWD,268.70001220703125,268.8900146484375,268.54998779296875,268.8900146484375,10932
2026-10-02 11:29:00,1790954940,CRWD,268.95001220703125,269.2319030761719,268.80999755859375,269.2319030761719,7579
2026-10-02 11:30:00,1790955000,CRWD,269.1400146484375,269.4599914550781,268.82501220703125,269.0899963378906,22986
2026-10-02 11:31:00,1790955060,CRWD,269.06390380859375,269.3550109863281,269.010009765625,269.25,6248
2026-10-02 11:32:00,1790955120,CRWD,269.3500061035156,269.5,269.2749938964844,269.489990234375,5621
2026-10-02 11:33:00,1790955180,CRWD,269.42498779296875,269.95001220703125,269.42498779296875,269.572509765625,9410
2026-10-02 11:34:00,1790955240,CRWD,269.6050109863281,269.67999267578125,269.4800109863281,269.5899963378906,9321
2026-10-02 11:35:00,1790955300,CRWD,269.5899963378906,269.69000244140625,269.3500061035156,269.5249938964844,24253
2026-10-02 11:36:00,1790955360,CRWD,269.4599914550781,269.5,269.32000732421875,269.4800109863281,4949
2026-10-02 11:37:00,1790955420,CRWD,269.4700012207031,269.5,269.1099853515625,269.135009765625,8476
2026-10-02 11:38:00,1790955480,CRWD,269.135009765625,269.3299865722656,269.0799865722656,269.25,10339
2026-10-02 11:39:00,1790955540,CRWD,269.3299865722656,269.5,269.1700134277344,269.4360046386719,5716
2026-10-02 11:40:00,1790955600,CRWD,269.4549865722656,269.54998779296875,269.25,269.51080322265625,7127
2026-10-02 11:41:00,1790955660,CRWD,269.4800109863281,269.8399963378906,269.2900085449219,269.7300109863281,9341
2026-10-02 11:42:00,1790955720,CRWD,269.8399963378906,270.1199951171875,269.6700134277344,269.9800109863281,5854
2026-10-02 11:43:00,1790955780,CRWD,269.9750061035156,269.9750061035156,269.5,269.70001220703125,6624
2026-10-02 11:44:00,1790955840,CRWD,269.70001220703125,269.909912109375,269.5544128417969,269.8900146484375,7778
2026-10-02 11:45:00,1790955900,CRWD,269.7799987792969,269.9200134277344,269.67999267578125,269.9200134277344,3744
2026-10-02 11:46:00,1790955960,CRWD,269.9150085449219,270.1499938964844,269.7200012207031,270.05999755859375,7536
2026-10-02 11:47:00,1790956020,CRWD,270.0299072265625,270.1170959472656,269.70001220703125,269.82501220703125,7170
2026-10-02 11:48:00,1790956080,CRWD,269.82501220703125,269.9700012207031,269.70001220703125,269.8500061035156,7775
2026-10-02 11:49:00,1790956140,CRWD,269.7850036621094,269.8800048828125,269.4049072265625,269.4049072265625,6053
2026-10-02 11:50:00,1790956200,CRWD,269.3399963378906,269.4486083984375,269.0000915527344,269.1199951171875,7763
2026-10-02 11:51:00,1790956260,CRWD,269.135009765625,269.3799133300781,269.07000732421875,269.0801086425781,6112
2026-10-02 11:52:00,1790956320,CRWD,269.0899963378906,269.2298889160156,268.8900146484375,269.06500244140625,12262
2026-10-02 11:53:00,1790956380,CRWD,269.1099853515625,269.1499938964844,268.8599853515625,268.9200134277344,5843
2026-10-02 11:54:00,1790956440,CRWD,268.8395080566406,268.95001220703125,268.6700134277344,268.7799987792969,12851
2026-10-02 11:55:00,1790956500,CRWD,268.739990234375,268.739990234375,268.3999938964844,268.5950012207031,3725
2026-10-02 11:56:00,1790956560,CRWD,268.6700134277344,268.8999938964844,268.6499938964844,268.70001220703125,6200
2026-10-02 11:57:00,1790956620,CRWD,268.6600036621094,268.70001220703125,268.4649963378906,268.4849853515625,15060
2026-10-02 11:58:00,1790956680,CRWD,268.4849853515625,268.489990234375,268.32000732421875,268.489990234375,7327
2026-10-02 11:59:00,1790956740,CRWD,268.51019287109375,268.70001220703125,268.2300109863281,268.70001220703125,5964
2026-10-02 12:00:00,1790956800,CRWD,268.57000732421875,268.9200134277344,268.4599914550781,268.6499938964844,3226
2026-10-02 12:01:00,1790956860,CRWD,268.6400146484375,268.8399963378906,268.625,268.6400146484375,4194
2026-10-02 12:02:00,1790956920,CRWD,268.75,268.8450012207031,268.67999267578125,268.75,2555
2026-10-02 12:03:00,1790956980,CRWD,268.92999267578125,269.05999755859375,268.8999938964844,269.05499267578125,7167
2026-10-02 12:04:00,1790957040,CRWD,269.010009765625,269.0299987792969,268.8500061035156,269.0299987792969,3889
2026-10-02 12:05:00,1790957100,CRWD,268.9549865722656,269.20001220703125,268.8800048828125,269.135009765625,3158
2026-10-02 12:06:00,1790957160,CRWD,269.2025146484375,269.2898864746094,269.1199951171875,269.1449890136719,1847
2026-10-02 12:07:00,1790957220,CRWD,269.2699890136719,269.33990478515625,269.1549987792969,269.32989501953125,5225
2026-10-02 12:08:00,1790957280,CRWD,269.21551513671875,269.6199951171875,269.19000244140625,269.57000732421875,11467
2026-10-02 12:09:00,1790957340,CRWD,269.54998779296875,269.6199951171875,269.4800109863281,269.5849914550781,3401
2026-10-02 12:10:00,1790957400,CRWD,269.6099853515625,269.6099853515625,269.3800048828125,269.3800048828125,4180
2026-10-02 12:11:00,1790957460,CRWD,269.3110046386719,269.58990478515625,269.3110046386719,269.3985900878906,5129
2026-10-02 12:12:00,1790957520,CRWD,269.340087890625,269.8900146484375,269.340087890625,269.69000244140625,5344
2026-10-02 12:13:00,1790957580,CRWD,269.6300048828125,269.6499938964844,269.3800964355469,269.6499938964844,4009
2026-10-02 12:14:00,1790957640,CRWD,269.61639404296875,269.739990234375,269.54998779296875,269.6700134277344,2912
2026-10-02 12:15:00,1790957700,CRWD,269.6700134277344,269.8699951171875,269.2601013183594,269.7980041503906,9401
2026-10-02 12:16:00,1790957760,CRWD,269.760009765625,269.8515930175781,269.57269287109375,269.643798828125,3617
2026-10-02 12:17:00,1790957820,CRWD,269.7049865722656,270.0,269.614013671875,269.760009765625,6951
2026-10-02 12:18:00,1790957880,CRWD,269.6650085449219,269.75,269.5150146484375,269.57501220703125,6467
2026-10-02 12:19:00,1790957940,CRWD,269.57501220703125,269.6099853515625,269.4627990722656,269.4849853515625,3618
2026-10-02 12:20:00,1790958000,CRWD,269.5299987792969,269.5899963378906,269.3800048828125,269.5899963378906,4072
2026-10-02 12:21:00,1790958060,CRWD,269.57000732421875,269.5849914550781,269.3599853515625,269.42498779296875,3458
2026-10-02 12:22:00,1790958120,CRWD,269.42498779296875,269.7449951171875,269.10919189453125,269.7449951171875,8058
2026-10-02 12:23:00,1790958180,CRWD,269.70001220703125,269.8450012207031,269.54998779296875,269.55499267578125,4477
2026-10-02 12:24:00,1790958240,CRWD,269.56500244140625,269.6499938964844,269.3500061035156,269.3900146484375,2541
2026-10-02 12:25:00,1790958300,CRWD,269.3204040527344,269.4700012207031,269.2900085449219,269.2900085449219,2359
2026-10-02 12:26:00,1790958360,CRWD,269.375,269.44989013671875,269.19000244140625,269.19500732421875,2705
2026-10-02 12:27:00,1790958420,CRWD,269.19500732421875,269.2900085449219,269.1000061035156,269.20001220703125,7759
2026-10-02 12:28:00,1790958480,CRWD,269.1549987792969,269.1636962890625,268.8800048828125,268.8900146484375,10149
2026-10-02 12:29:00,1790958540,CRWD,268.6700134277344,269.1700134277344,268.6700134277344,269.114990234375,16303
2026-10-02 12:30:00,1790958600,CRWD,269.125,269.239990234375,269.1099853515625,269.1400146484375,242570
2026-10-02 12:31:00,1790958660,CRWD,269.239990234375,269.239990234375,269.010009765625,269.0400085449219,1972
2026-10-02 12:32:00,1790958720,CRWD,269.0400085449219,269.1700134277344,268.989990234375,269.1700134277344,4254
2026-10-02 12:33:00,1790958780,CRWD,269.135009765625,269.3810119628906,269.0,269.0,6335
2026-10-02 12:34:00,1790958840,CRWD,269.2898864746094,269.2898864746094,268.8999938964844,269.0849914550781,6293
2026-10-02 12:35:00,1790958900,CRWD,269.1084899902344,269.19500732421875,269.0299987792969,269.19500732421875,3136
2026-10-02 12:36:00,1790958960,CRWD,269.1700134277344,269.28851318359375,269.0,269.090087890625,5635
2026-10-02 12:37:00,1790959020,CRWD,269.09149169921875,269.3485107421875,269.0400085449219,269.239990234375,6582
2026-10-02 12:38:00,1790959080,CRWD,269.2799987792969,269.57000732421875,269.20001220703125,269.44000244140625,4360
2026-10-02 12:39:00,1790959140,CRWD,269.3500061035156,269.44500732421875,269.260009765625,269.3500061035156,3931
2026-10-02 12:40:00,1790959200,CRWD,269.3299865722656,269.3299865722656,268.8500061035156,268.9599914550781,13245
2026-10-02 12:41:00,1790959260,CRWD,269.06500244140625,269.239990234375,268.92999267578125,268.92999267578125,5150
2026-10-02 12:42:00,1790959320,CRWD,268.8900146484375,268.94000244140625,268.739990234375,268.92999267578125,5461
2026-10-02 12:43:00,1790959380,CRWD,269.010009765625,269.010009765625,268.8399963378906,268.8999938964844,3845
2026-10-02 12:44:00,1790959440,CRWD,268.80999755859375,268.95001220703125,268.80999755859375,268.9200134277344,3258
2026-10-02 12:45:00,1790959500,CRWD,268.8699951171875,269.0299987792969,268.79998779296875,269.0299987792969,2921
2026-10-02 12:46:00,1790959560,CRWD,269.093505859375,269.2699890136719,269.05999755859375,269.2650146484375,1630
2026-10-02 12:47:00,1790959620,CRWD,269.31689453125,269.3699951171875,269.1600036621094,269.1600036621094,5644
2026-10-02 12:48:00,1790959680,CRWD,269.1300048828125,269.239990234375,269.0299987792969,269.2099914550781,3521
2026-10-02 12:49:00,1790959740,CRWD,269.2099914550781,269.385009765625,269.1300048828125,269.31500244140625,14039
2026-10-02 12:50:00,1790959800,CRWD,269.31500244140625,269.4800109863281,269.1499938964844,269.3916015625,4239
2026-10-02 12:51:00,1790959860,CRWD,269.3699951171875,269.57000732421875,269.3500061035156,269.5450134277344,4729
2026-10-02 12:52:00,1790959920,CRWD,269.6300048828125,269.7799987792969,269.510009765625,269.67498779296875,5622
2026-10-02 12:53:00,1790959980,CRWD,269.6260986328125,269.8800048828125,269.54998779296875,269.7840881347656,4818
2026-10-02 12:54:00,1790960040,CRWD,269.7950134277344,269.8900146484375,269.6499938964844,269.6499938964844,5871
2026-10-02 12:55:00,1790960100,CRWD,269.75,269.8182067871094,269.70001220703125,269.7401123046875,1537
2026-10-02 12:56:00,1790960160,CRWD,269.80499267578125,269.9100036621094,269.7300109863281,269.7449951171875,5809
2026-10-02 12:57:00,1790960220,CRWD,269.7799987792969,269.7850036621094,269.7099914550781,269.7799987792969,4484
2026-10-02 12:58:00,1790960280,CRWD,269.7349853515625,269.86749267578125,269.7349853515625,269.864990234375,3289
2026-10-02 12:59:00,1790960340,CRWD,269.8900146484375,269.8949890136719,269.5899963378906,269.6400146484375,4973
2026-10-02 13:00:00,1790960400,CRWD,269.6400146484375,269.7950134277344,269.6000061035156,269.7950134277344,3910
2026-10-02 13:01:00,1790960460,CRWD,269.79998779296875,270.04998779296875,269.79998779296875,269.94000244140625,16877
2026-10-02 13:02:00,1790960520,CRWD,269.8900146484375,270.1499938964844,269.8699951171875,270.0140075683594,3275
2026-10-02 13:03:00,1790960580,CRWD,269.9599914550781,270.0400085449219,269.8500061035156,269.8500061035156,3729
2026-10-02 13:04:00,1790960640,CRWD,269.82000732421875,269.8500061035156,269.70001220703125,269.70001220703125,3824
2026-10-02 13:05:00,1790960700,CRWD,269.6700134277344,269.8900146484375,269.6700134277344,269.8599853515625,2104
2026-10-02 13:06:00,1790960760,CRWD,269.7900085449219,269.8599853515625,269.5950012207031,269.6839904785156,6843
2026-10-02 13:07:00,1790960820,CRWD,269.6199951171875,269.7699890136719,269.5299987792969,269.69000244140625,8681
2026-10-02 13:08:00,1790960880,CRWD,269.6554870605469,269.7200012207031,269.2099914550781,269.2449951171875,10555
2026-10-02 13:09:00,1790960940,CRWD,269.2300109863281,269.6600036621094,269.2200012207031,269.6300048828125,6423
2026-10-02 13:10:00,1790961000,CRWD,269.54998779296875,269.6400146484375,269.4700012207031,269.5400085449219,4616
2026-10-02 13:11:00,1790961060,CRWD,269.510009765625,269.510009765625,269.2900085449219,269.4700012207031,4941
2026-10-02 13:12:00,1790961120,CRWD,269.5,269.5,269.3399963378906,269.3399963378906,1866
2026-10-02 13:13:00,1790961180,CRWD,269.3999938964844,269.64678955078125,269.3999938964844,269.5400085449219,3074
2026-10-02 13:14:00,1790961240,CRWD,269.54998779296875,269.80499267578125,269.5199890136719,269.7349853515625,6783
2026-10-02 13:15:00,1790961300,CRWD,269.7349853515625,269.7349853515625,269.5950012207031,269.625,7166
2026-10-02 13:16:00,1790961360,CRWD,269.6600036621094,269.760009765625,269.5899963378906,269.67999267578125,4413
2026-10-02 13:17:00,1790961420,CRWD,269.67999267578125,269.760009765625,269.6000061035156,269.69500732421875,1724
2026-10-02 13:18:00,1790961480,CRWD,269.69500732421875,269.8399963378906,269.6300048828125,269.8395080566406,2386
2026-10-02 13:19:00,1790961540,CRWD,269.7699890136719,269.95989990234375,269.7099914550781,269.7099914550781,6005
2026-10-02 13:20:00,1790961600,CRWD,269.70001220703125,269.7300109863281,269.5799865722656,269.7300109863281,5431
2026-10-02 13:21:00,1790961660,CRWD,269.760009765625,269.8299865722656,269.5400085449219,269.6499938964844,4995
2026-10-02 13:22:00,1790961720,CRWD,269.6000061035156,269.94000244140625,269.6000061035156,269.8599853515625,3395
2026-10-02 13:23:00,1790961780,CRWD,269.8550109863281,269.864990234375,269.5700988769531,269.5799865722656,5498
2026-10-02 13:24:00,1790961840,CRWD,269.57000732421875,269.6050109863281,269.45001220703125,269.5150146484375,2887
2026-10-02 13:25:00,1790961900,CRWD,269.57000732421875,269.57000732421875,269.2200012207031,269.25738525390625,5099
2026-10-02 13:26:00,1790961960,CRWD,269.2605895996094,269.30999755859375,269.1300048828125,269.2900085449219,6612
2026-10-02 13:27:00,1790962020,CRWD,269.239990234375,269.4200134277344,269.1405029296875,269.3900146484375,7293
2026-10-02 13:28:00,1790962080,CRWD,269.3900146484375,269.4849853515625,269.2200012207031,269.2200012207031,3660
2026-10-02 13:29:00,1790962140,CRWD,269.1700134277344,269.17999267578125,269.07000732421875,269.1549987792969,3384
2026-10-02 13:30:00,1790962200,CRWD,269.17498779296875,269.239990234375,269.135009765625,269.135009765625,3549
2026-10-02 13:31:00,1790962260,CRWD,269.19000244140625,269.32000732421875,269.19000244140625,269.2699890136719,14733
2026-10-02 13:32:00,1790962320,CRWD,269.3299865722656,269.49530029296875,269.3299865722656,269.3599853515625,3079
2026-10-02 13:33:00,1790962380,CRWD,269.3599853515625,269.5,269.2200012207031,269.3599853515625,5854
2026-10-02 13:34:00,1790962440,CRWD,269.2799987792969,269.5494079589844,269.2099914550781,269.4599914550781,5461
2026-10-02 13:35:00,1790962500,CRWD,269.4599914550781,269.55499267578125,269.2699890136719,269.375,3893
2026-10-02 13:36:00,1790962560,CRWD,269.2699890136719,269.3299865722656,269.2099914550781,269.2099914550781,2590
2026-10-02 13:37:00,1790962620,CRWD,269.375,269.42999267578125,269.3125915527344,269.3456115722656,2597
2026-10-02 13:38:00,1790962680,CRWD,269.3900146484375,269.4700012207031,269.2099914550781,269.2099914550781,4434
2026-10-02 13:39:00,1790962740,CRWD,269.2099914550781,269.2099914550781,269.1000061035156,269.125,4053
2026-10-02 13:40:00,1790962800,CRWD,269.125,269.125,268.8800048828125,268.9849853515625,6574
2026-10-02 13:41:00,1790962860,CRWD,268.9849853515625,269.32000732421875,268.94000244140625,269.07501220703125,4616
2026-10-02 13:42:00,1790962920,CRWD,269.07000732421875,269.07000732421875,268.94000244140625,268.94000244140625,2718
2026-10-02 13:43:00,1790962980,CRWD,269.0199890136719,269.1400146484375,268.9949951171875,269.0450134277344,3368
2026-10-02 13:44:00,1790963040,CRWD,269.0400085449219,269.2499084472656,268.9800109863281,269.2499084472656,1419
2026-10-02 13:45:00,1790963100,CRWD,269.17999267578125,269.25,269.0,269.1050109863281,3933
2026-10-02 13:46:00,1790963160,CRWD,269.1499938964844,269.29998779296875,269.1499938964844,269.29998779296875,1467
2026-10-02 13:47:00,1790963220,CRWD,269.2950134277344,269.3699035644531,269.085205078125,269.239990234375,4713
2026-10-02 13:48:00,1790963280,CRWD,269.27801513671875,269.27801513671875,269.1199951171875,269.19000244140625,2966
2026-10-02 13:49:00,1790963340,CRWD,269.2799987792969,269.414794921875,269.18011474609375,269.3399963378906,1545
2026-10-02 13:50:00,1790963400,CRWD,269.2200012207031,269.2950134277344,269.05999755859375,269.2950134277344,3218
2026-10-02 13:51:00,1790963460,CRWD,269.3599853515625,269.4649963378906,269.29998779296875,269.29998779296875,4905
2026-10-02 13:52:00,1790963520,CRWD,269.2799987792969,269.3699951171875,269.20001220703125,269.3699951171875,2248
2026-10-02 13:53:00,1790963580,CRWD,269.32501220703125,269.32501220703125,269.010009765625,269.1000061035156,4856
2026-10-02 13:54:00,1790963640,CRWD,269.1700134277344,269.1700134277344,268.9800109863281,269.0950012207031,4655
2026-10-02 13:55:00,1790963700,CRWD,269.0950012207031,269.1000061035156,268.9501953125,269.1000061035156,9225
2026-10-02 13:56:00,1790963760,CRWD,268.9700012207031,269.0350036621094,268.9700012207031,269.0299987792969,1055
2026-10-02 13:57:00,1790963820,CRWD,268.9800109863281,268.9849853515625,268.79998779296875,268.92999267578125,10395
2026-10-02 13:58:00,1790963880,CRWD,268.7900085449219,269.0150146484375,268.7099914550781,269.0150146484375,2961
2026-10-02 13:59:00,1790963940,CRWD,269.1300048828125,269.3299865722656,269.1300048828125,269.3299865722656,3503
2026-10-02 14:00:00,1790964000,CRWD,269.32000732421875,269.34979248046875,269.1499938964844,269.1499938964844,3401
2026-10-02 14:01:00,1790964060,CRWD,269.0899963378906,269.1650085449219,269.05999755859375,269.13751220703125,6234
2026-10-02 14:02:00,1790964120,CRWD,269.135009765625,269.1400146484375,269.05999755859375,269.05999755859375,5030
2026-10-02 14:03:00,1790964180,CRWD,269.05999755859375,269.1400146484375,268.8550109863281,268.8550109863281,5886
2026-10-02 14:04:00,1790964240,CRWD,268.95001220703125,269.2398986816406,268.95001220703125,269.1700134277344,8377
2026-10-02 14:05:00,1790964300,CRWD,269.1700134277344,269.2489929199219,269.05999755859375,269.17999267578125,4374
2026-10-02 14:06:00,1790964360,CRWD,269.15618896484375,269.3489990234375,269.15618896484375,269.2099914550781,7013
2026-10-02 14:07:00,1790964420,CRWD,269.2699890136719,269.2699890136719,269.0849914550781,269.0849914550781,3946
2026-10-02 14:08:00,1790964480,CRWD,269.07000732421875,269.1099853515625,269.0299987792969,269.1000061035156,7619
2026-10-02 14:09:00,1790964540,CRWD,269.1000061035156,269.12750244140625,268.989990234375,268.989990234375,4519
2026-10-02 14:10:00,1790964600,CRWD,268.9800109863281,269.0400085449219,268.94000244140625,268.9400939941406,3137
2026-10-02 14:11:00,1790964660,CRWD,269.04998779296875,269.04998779296875,268.7484130859375,268.8999938964844,5970
2026-10-02 14:12:00,1790964720,CRWD,268.8349914550781,268.9599914550781,268.7900085449219,268.8689880371094,2925
2026-10-02 14:13:00,1790964780,CRWD,268.839599609375,268.95001220703125,268.7900085449219,268.80999755859375,5395
2026-10-02 14:14:00,1790964840,CRWD,268.8699951171875,268.92999267578125,268.7799987792969,268.7900085449219,2882
2026-10-02 14:15:00,1790964900,CRWD,268.7699890136719,268.8244934082031,268.60479736328125,268.60479736328125,3893
2026-10-02 14:16:00,1790964960,CRWD,268.62420654296875,268.6400146484375,268.5199890136719,268.55999755859375,3972
2026-10-02 14:17:00,1790965020,CRWD,268.6427917480469,268.7998962402344,268.6099853515625,268.760009765625,4661
2026-10-02 14:18:00,1790965080,CRWD,268.7200012207031,268.7409973144531,268.6400146484375,268.6636047363281,6844
2026-10-02 14:19:00,1790965140,CRWD,268.70001220703125,268.80999755859375,268.6400146484375,268.7099914550781,2153
2026-10-02 14:20:00,1790965200,CRWD,268.7200012207031,268.8500061035156,268.7099914550781,268.8399963378906,5143
2026-10-02 14:21:00,1790965260,CRWD,268.7950134277344,268.8599853515625,268.75,268.80499267578125,4107
2026-10-02 14:22:00,1790965320,CRWD,268.739990234375,268.7900085449219,268.6600036621094,268.7699890136719,5073
2026-10-02 14:23:00,1790965380,CRWD,268.7698974609375,268.8599853515625,268.6199951171875,268.6499938964844,6305
2026-10-02 14:24:00,1790965440,CRWD,268.6499938964844,268.79998779296875,268.6099853515625,268.79998779296875,4644
2026-10-02 14:25:00,1790965500,CRWD,268.739990234375,269.04998779296875,268.739990234375,269.04998779296875,5375
2026-10-02 14:26:00,1790965560,CRWD,269.0400085449219,269.0799865722656,269.0000915527344,269.05999755859375,4734
2026-10-02 14:27:00,1790965620,CRWD,269.05499267578125,269.05999755859375,268.9800109863281,269.0350036621094,3301
2026-10-02 14:28:00,1790965680,CRWD,269.05999755859375,269.19000244140625,269.04071044921875,269.1099853515625,8012
2026-10-02 14:29:00,1790965740,CRWD,269.1449890136719,269.20001220703125,268.92999267578125,268.9750061035156,6936
2026-10-02 14:30:00,1790965800,CRWD,268.9700012207031,268.9700012207031,268.69000244140625,268.7449951171875,9604
2026-10-02 14:31:00,1790965860,CRWD,268.75,268.79998779296875,268.6549987792969,268.6549987792969,4907
2026-10-02 14:32:00,1790965920,CRWD,268.70001220703125,268.70989990234375,268.5199890136719,268.6099853515625,4293
2026-10-02 14:33:00,1790965980,CRWD,268.6000061035156,268.6000061035156,268.20001220703125,268.2049865722656,8968
2026-10-02 14:34:00,1790966040,CRWD,268.20001220703125,268.260009765625,268.1686096191406,268.2099914550781,3452
2026-10-02 14:35:00,1790966100,CRWD,268.2099914550781,268.2803039550781,268.0899963378906,268.1199951171875,8337
2026-10-02 14:36:00,1790966160,CRWD,268.114990234375,268.1600036621094,268.07000732421875,268.07000732421875,6183
2026-10-02 14:37:00,1790966220,CRWD,268.04998779296875,268.1000061035156,267.8500061035156,267.9700012207031,15814
2026-10-02 14:38:00,1790966280,CRWD,267.9599914550781,268.010009765625,267.8800048828125,267.94500732421875,4141
2026-10-02 14:39:00,1790966340,CRWD,267.94000244140625,268.2099914550781,267.92999267578125,268.2099914550781,6213
2026-10-02 14:40:00,1790966400,CRWD,268.260009765625,268.45001220703125,268.18499755859375,268.18499755859375,6431
2026-10-02 14:41:00,1790966460,CRWD,268.18499755859375,268.2699890136719,268.18499755859375,268.20001220703125,2807
2026-10-02 14:42:00,1790966520,CRWD,268.19500732421875,268.19500732421875,268.05999755859375,268.1300048828125,1823
2026-10-02 14:43:00,1790966580,CRWD,268.0799865722656,268.1300048828125,267.9200134277344,267.9949951171875,13107
2026-10-02 14:44:00,1790966640,CRWD,267.95001220703125,268.239990234375,267.95001220703125,268.239990234375,3736
2026-10-02 14:45:00,1790966700,CRWD,268.19500732421875,268.19500732421875,268.1099853515625,268.110107421875,2276
2026-10-02 14:46:00,1790966760,CRWD,268.1099853515625,268.1499938964844,268.04998779296875,268.1400146484375,3608
2026-10-02 14:47:00,1790966820,CRWD,268.1300048828125,268.17999267578125,268.1000061035156,268.1000061035156,4173
2026-10-02 14:48:00,1790966880,CRWD,268.125,268.1499938964844,268.0899963378906,268.1099853515625,4210
2026-10-02 14:49:00,1790966940,CRWD,268.1099853515625,268.1300048828125,268.010009765625,268.04998779296875,6305
2026-10-02 14:50:00,1790967000,CRWD,268.04010009765625,268.1000061035156,267.989990234375,268.1000061035156,8731
2026-10-02 14:51:00,1790967060,CRWD,268.135009765625,268.3240966796875,268.1199951171875,268.32000732421875,9271
2026-10-02 14:52:00,1790967120,CRWD,268.2900085449219,268.3299865722656,268.1700134277344,268.1700134277344,4711
2026-10-02 14:53:00,1790967180,CRWD,268.2699890136719,268.3699035644531,268.25,268.2799987792969,1568
2026-10-02 14:54:00,1790967240,CRWD,268.260009765625,268.489990234375,268.260009765625,268.44000244140625,4662
2026-10-02 14:55:00,1790967300,CRWD,268.4100036621094,268.4800109863281,268.3599853515625,268.3900146484375,4608
2026-10-02 14:56:00,1790967360,CRWD,268.3900146484375,268.510009765625,268.3900146484375,268.42498779296875,3504
2026-10-02 14:57:00,1790967420,CRWD,268.3900146484375,268.3999938964844,268.25,268.2900085449219,6367
2026-10-02 14:58:00,1790967480,CRWD,268.25,268.25,268.1000061035156,268.1700134277344,5181
2026-10-02 14:59:00,1790967540,CRWD,268.1700134277344,268.3399963378906,268.14111328125,268.3399963378906,4054
2026-10-02 15:00:00,1790967600,CRWD,268.3324890136719,268.3699951171875,268.2149963378906,268.2799987792969,4682
2026-10-02 15:01:00,1790967660,CRWD,268.1650085449219,268.2900085449219,268.1650085449219,268.1650085449219,3273
2026-10-02 15:02:00,1790967720,CRWD,268.2200012207031,268.42999267578125,268.20001220703125,268.2998962402344,5729
2026-10-02 15:03:00,1790967780,CRWD,268.20489501953125,268.2412109375,268.110107421875,268.1549987792969,7706
2026-10-02 15:04:00,1790967840,CRWD,268.110107421875,268.239990234375,268.07000732421875,268.1400146484375,19363
2026-10-02 15:05:00,1790967900,CRWD,268.1600036621094,268.1600036621094,267.9700012207031,268.06500244140625,13796
2026-10-02 15:06:00,1790967960,CRWD,268.0849914550781,268.2900085449219,268.07501220703125,268.1600036621094,4918
2026-10-02 15:07:00,1790968020,CRWD,268.1650085449219,268.45001220703125,268.1650085449219,268.3500061035156,3467
2026-10-02 15:08:00,1790968080,CRWD,268.25,268.40631103515625,268.25,268.349609375,7607
2026-10-02 15:09:00,1790968140,CRWD,268.3900146484375,268.5,268.3800048828125,268.4150085449219,4176
2026-10-02 15:10:00,1790968200,CRWD,268.4800109863281,268.55999755859375,268.4200134277344,268.42498779296875,3498
2026-10-02 15:11:00,1790968260,CRWD,268.4100036621094,268.5899963378906,268.4100036621094,268.5150146484375,7722
2026-10-02 15:12:00,1790968320,CRWD,268.5299987792969,268.54998779296875,268.44000244140625,268.4800109863281,4835
2026-10-02 15:13:00,1790968380,CRWD,268.4800109863281,268.5400085449219,268.2943115234375,268.29998779296875,5922
2026-10-02 15:14:00,1790968440,CRWD,268.3500061035156,268.4385070800781,268.29998779296875,268.4385070800781,4021
2026-10-02 15:15:00,1790968500,CRWD,268.4800109863281,268.5,268.3550109863281,268.4599914550781,3745
2026-10-02 15:16:00,1790968560,CRWD,268.510009765625,268.57000732421875,268.4599914550781,268.55499267578125,4543
2026-10-02 15:17:00,1790968620,CRWD,268.4599914550781,268.55499267578125,268.4100036621094,268.4100036621094,2303
2026-10-02 15:18:00,1790968680,CRWD,268.4599914550781,268.55999755859375,268.2799987792969,268.44500732421875,13896
2026-10-02 15:19:00,1790968740,CRWD,268.4049987792969,268.57000732421875,268.3500061035156,268.5350036621094,3973
2026-10-02 15:20:00,1790968800,CRWD,268.5423889160156,268.5799865722656,268.489990234375,268.5249938964844,4431
2026-10-02 15:21:00,1790968860,CRWD,268.5199890136719,268.6000061035156,268.42010498046875,268.4849853515625,5549
2026-10-02 15:22:00,1790968920,CRWD,268.489990234375,268.489990234375,268.17999267578125,268.2250061035156,5986
2026-10-02 15:23:00,1790968980,CRWD,268.2250061035156,268.3399963378906,268.1400146484375,268.29998779296875,4467
2026-10-02 15:24:00,1790969040,CRWD,268.3299865722656,268.489990234375,268.3299865722656,268.42999267578125,4976
2026-10-02 15:25:00,1790969100,CRWD,268.3500061035156,268.5799865722656,268.3500061035156,268.45001220703125,5662
2026-10-02 15:26:00,1790969160,CRWD,268.44500732421875,268.67999267578125,268.44500732421875,268.67999267578125,9434
2026-10-02 15:27:00,1790969220,CRWD,268.7099914550781,268.82000732421875,268.6000061035156,268.7749938964844,12967
2026-10-02 15:28:00,1790969280,CRWD,268.7101135253906,269.2699890136719,268.7101135253906,269.2699890136719,15564
2026-10-02 15:29:00,1790969340,CRWD,269.1600036621094,269.19000244140625,268.9700012207031,269.1600036621094,8136
2026-10-02 15:30:00,1790969400,CRWD,269.1348876953125,269.25,269.0400085449219,269.1549987792969,11287
2026-10-02 15:31:00,1790969460,CRWD,269.1549987792969,269.19000244140625,269.05999755859375,269.0950012207031,6462
2026-10-02 15:32:00,1790969520,CRWD,269.1300048828125,269.1600036621094,268.8005065917969,268.8005065917969,6373
2026-10-02 15:33:00,1790969580,CRWD,268.79998779296875,268.8735046386719,268.7099914550781,268.8735046386719,14949
2026-10-02 15:34:00,1790969640,CRWD,268.8800048828125,269.1000061035156,268.8591003417969,269.0450134277344,8156
2026-10-02 15:35:00,1790969700,CRWD,269.0899963378906,269.25,268.8599853515625,269.1282958984375,40083
2026-10-02 15:36:00,1790969760,CRWD,269.0299987792969,269.29998779296875,269.0199890136719,269.2699890136719,10171
2026-10-02 15:37:00,1790969820,CRWD,269.30999755859375,269.5799865722656,269.2099914550781,269.5050048828125,11701
2026-10-02 15:38:00,1790969880,CRWD,269.44000244140625,269.75,269.44000244140625,269.5799865722656,24150
2026-10-02 15:39:00,1790969940,CRWD,269.6650085449219,269.8492126464844,269.6000061035156,269.6400146484375,17438
2026-10-02 15:40:00,1790970000,CRWD,269.6400146484375,269.67999267578125,269.3699951171875,269.3949890136719,9019
2026-10-02 15:41:00,1790970060,CRWD,269.3924865722656,269.4999084472656,269.3299865722656,269.4200134277344,5322
2026-10-02 15:42:00,1790970120,CRWD,269.385009765625,269.4800109863281,269.2900085449219,269.4599914550781,11408
2026-10-02 15:43:00,1790970180,CRWD,269.4599914550781,269.4599914550781,269.3399963378906,269.4200134277344,9678
2026-10-02 15:44:00,1790970240,CRWD,269.44000244140625,269.55999755859375,269.3299865722656,269.54998779296875,21598
2026-10-02 15:45:00,1790970300,CRWD,269.5400085449219,269.67999267578125,269.35009765625,269.5899963378906,16839
2026-10-02 15:46:00,1790970360,CRWD,269.5950012207031,269.8500061035156,269.5299987792969,269.6600036621094,17350
2026-10-02 15:47:00,1790970420,CRWD,269.6600036621094,269.79998779296875,269.3900146484375,269.4012145996094,27828
2026-10-02 15:48:00,1790970480,CRWD,269.3999938964844,269.6499938964844,269.3699951171875,269.6050109863281,12990
2026-10-02 15:49:00,1790970540,CRWD,269.6050109863281,269.6499938964844,269.3800964355469,269.4849853515625,14285
2026-10-02 15:50:00,1790970600,CRWD,269.55999755859375,269.55999755859375,268.7300109863281,268.8699951171875,21015
2026-10-02 15:51:00,1790970660,CRWD,268.8599853515625,269.0,268.79998779296875,268.92999267578125,36265
2026-10-02 15:52:00,1790970720,CRWD,268.8900146484375,269.0,268.7799987792969,268.8599853515625,23974
2026-10-02 15:53:00,1790970780,CRWD,268.8800048828125,269.1000061035156,268.8699951171875,268.97100830078125,20246
2026-10-02 15:54:00,1790970840,CRWD,268.9700012207031,269.19000244140625,268.70001220703125,268.70001220703125,30447
2026-10-02 15:55:00,1790970900,CRWD,268.8800048828125,269.489990234375,268.8500061035156,269.3299865722656,36954
2026-10-02 15:56:00,1790970960,CRWD,269.3299865722656,269.5799865722656,269.2300109863281,269.5350036621094,33904
2026-10-02 15:57:00,1790971020,CRWD,269.5199890136719,269.9700012207031,269.5199890136719,269.95001220703125,57291
2026-10-02 15:58:00,1790971080,CRWD,269.9540100097656,270.2099914550781,269.8699951171875,270.17999267578125,79408
2026-10-02 15:59:00,1790971140,CRWD,270.1600036621094,270.19000244140625,269.7699890136719,270.07000732421875,106461
2026-10-02 16:00:00,1790971200,CRWD,270.0400085449219,270.0400085449219,270.0400085449219,270.0400085449219,0
2026-10-05 09:30:00,1791207000,CRWD,271.1300048828125,271.439208984375,268.6409912109375,270.1099853515625,198679
2026-10-05 09:31:00,1791207060,CRWD,269.8800048828125,270.5150146484375,268.3299865722656,270.4200134277344,18540
2026-10-05 09:32:00,1791207120,CRWD,268.54998779296875,270.44610595703125,268.489990234375,268.54998779296875,34018
2026-10-05 09:33:00,1791207180,CRWD,268.7300109863281,270.7300109863281,268.7300109863281,270.3949890136719,21424
2026-10-05 09:34:00,1791207240,CRWD,270.3949890136719,270.5632019042969,269.1199951171875,269.4599914550781,24225
2026-10-05 09:35:00,1791207300,CRWD,269.30999755859375,269.9700012207031,268.92950439453125,269.4049987792969,17106
2026-10-05 09:36:00,1791207360,CRWD,269.20001220703125,269.6000061035156,268.6600036621094,269.1816101074219,25810
2026-10-05 09:37:00,1791207420,CRWD,270.42999267578125,270.58990478515625,268.6199951171875,270.42999267578125,40870
2026-10-05 09:38:00,1791207480,CRWD,270.5,270.7699890136719,270.0705871582031,270.3900146484375,19310
2026-10-05 09:39:00,1791207540,CRWD,270.510009765625,270.510009765625,269.42999267578125,269.5950012207031,12090
2026-10-05 09:40:00,1791207600,CRWD,269.3500061035156,270.2856140136719,269.2690124511719,270.0299987792969,10608
2026-10-05 09:41:00,1791207660,CRWD,269.8699951171875,270.8500061035156,269.7799987792969,270.32000732421875,25998
2026-10-05 09:42:00,1791207720,CRWD,270.32000732421875,271.0249938964844,269.8800048828125,270.57000732421875,22308
2026-10-05 09:43:00,1791207780,CRWD,270.6449890136719,272.0,270.5899963378906,271.70001220703125,43840
2026-10-05 09:44:00,1791207840,CRWD,271.5400085449219,272.29998779296875,270.7001037597656,272.05999755859375,22454
2026-10-05 09:45:00,1791207900,CRWD,272.1199951171875,272.2799987792969,271.45001220703125,271.760009765625,19768
2026-10-05 09:46:00,1791207960,CRWD,272.06500244140625,272.3500061035156,271.6000061035156,272.06500244140625,18437
2026-10-05 09:47:00,1791208020,CRWD,272.1700134277344,272.2900085449219,271.6509094238281,271.80999755859375,14248
2026-10-05 09:48:00,1791208080,CRWD,271.7699890136719,272.1300048828125,271.5,271.8599853515625,17648
2026-10-05 09:49:00,1791208140,CRWD,271.8699951171875,271.8799133300781,271.0899963378906,271.0899963378906,16103
2026-10-05 09:50:00,1791208200,CRWD,272.0,272.0,270.9700012207031,272.0,11598
2026-10-05 09:51:00,1791208260,CRWD,272.3699951171875,272.5899963378906,271.8299865722656,272.0249938964844,18551
2026-10-05 09:52:00,1791208320,CRWD,272.0249938964844,272.14801025390625,271.5299987792969,272.04998779296875,12510
2026-10-05 09:53:00,1791208380,CRWD,272.0350036621094,272.4100036621094,271.4599914550781,271.4599914550781,16667
2026-10-05 09:54:00,1791208440,CRWD,271.57000732421875,272.2200012207031,271.5199890136719,272.1700134277344,692663
2026-10-05 09:55:00,1791208500,CRWD,272.0299987792969,272.5400085449219,271.8699951171875,271.9200134277344,21354
2026-10-05 09:56:00,1791208560,CRWD,271.9700012207031,272.4599914550781,271.45001220703125,272.0899963378906,16575
2026-10-05 09:57:00,1791208620,CRWD,272.1499938964844,272.2200012207031,271.7041015625,272.0,12461
2026-10-05 09:58:00,1791208680,CRWD,271.94500732421875,272.24810791015625,271.57000732421875,271.8999938964844,22345
2026-10-05 09:59:00,1791208740,CRWD,271.8599853515625,272.364990234375,271.8399963378906,272.0849914550781,10503
2026-10-05 10:00:00,1791208800,CRWD,271.8599853515625,272.20001220703125,271.5436096191406,271.8599853515625,12625
2026-10-05 10:01:00,1791208860,CRWD,272.0,272.5799865722656,271.9200134277344,272.5799865722656,21450
2026-10-05 10:02:00,1791208920,CRWD,272.4750061035156,272.5799865722656,271.364990234375,271.7095031738281,16683
2026-10-05 10:03:00,1791208980,CRWD,271.70001220703125,271.70001220703125,271.2405090332031,271.44000244140625,5282
2026-10-05 10:04:00,1791209040,CRWD,271.4599914550781,271.57000732421875,271.1050109863281,271.1449890136719,9983
2026-10-05 10:05:00,1791209100,CRWD,271.1199951171875,271.1199951171875,270.5,270.80999755859375,19512
2026-10-05 10:06:00,1791209160,CRWD,270.70001220703125,271.1000061035156,269.9049987792969,269.9800109863281,19338
2026-10-05 10:07:00,1791209220,CRWD,270.0,270.7200012207031,270.0,270.6099853515625,12241
2026-10-05 10:08:00,1791209280,CRWD,270.5950012207031,271.14990234375,270.4700012207031,270.95001220703125,9904
2026-10-05 10:09:00,1791209340,CRWD,270.92498779296875,270.99200439453125,270.65008544921875,270.7950134277344,8761
2026-10-05 10:10:00,1791209400,CRWD,270.7950134277344,271.6499938964844,270.7300109863281,271.6499938964844,9720
2026-10-05 10:11:00,1791209460,CRWD,271.5050048828125,271.7799987792969,271.4071960449219,271.7799987792969,17939
2026-10-05 10:12:00,1791209520,CRWD,271.68499755859375,271.68499755859375,271.3299865722656,271.4100036621094,4094
2026-10-05 10:13:00,1791209580,CRWD,271.29998779296875,271.69000244140625,271.29998779296875,271.510009765625,10406
2026-10-05 10:14:00,1791209640,CRWD,271.69000244140625,271.79998779296875,271.55029296875,271.6400146484375,8334
2026-10-05 10:15:00,1791209700,CRWD,271.6400146484375,271.9869079589844,271.489990234375,271.6518859863281,14582
2026-10-05 10:16:00,1791209760,CRWD,271.6400146484375,271.8599853515625,271.44000244140625,271.4986877441406,5646
2026-10-05 10:17:00,1791209820,CRWD,271.43499755859375,271.7300109863281,271.29998779296875,271.30499267578125,6531
2026-10-05 10:18:00,1791209880,CRWD,271.1600036621094,271.2650146484375,270.57501220703125,270.6549987792969,19539
2026-10-05 10:19:00,1791209940,CRWD,270.769287109375,271.5899963378906,270.760009765625,271.4800109863281,11241
2026-10-05 10:20:00,1791210000,CRWD,271.4849853515625,271.760009765625,271.3299865722656,271.6700134277344,5034
2026-10-05 10:21:00,1791210060,CRWD,271.7300109863281,271.8999938964844,271.4700012207031,271.4700012207031,8369
2026-10-05 10:22:00,1791210120,CRWD,271.5,271.70001220703125,271.3999938964844,271.625,4148
2026-10-05 10:23:00,1791210180,CRWD,271.6582946777344,271.7998962402344,271.3100891113281,271.5,5080
2026-10-05 10:24:00,1791210240,CRWD,271.5,271.7099914550781,271.25,271.30499267578125,6682
2026-10-05 10:25:00,1791210300,CRWD,271.375,271.6700134277344,271.2311096191406,271.6700134277344,5225
2026-10-05 10:26:00,1791210360,CRWD,271.55999755859375,271.6199951171875,271.1000061035156,271.1600036621094,4849
2026-10-05 10:27:00,1791210420,CRWD,271.19000244140625,271.2900085449219,271.1099853515625,271.25,9911
2026-10-05 10:28:00,1791210480,CRWD,271.25,271.3299865722656,271.1400146484375,271.20001220703125,6020
2026-10-05 10:29:00,1791210540,CRWD,271.19500732421875,271.4100036621094,271.1499938964844,271.31500244140625,7832
2026-10-05 10:30:00,1791210600,CRWD,271.31500244140625,271.32000732421875,271.0299987792969,271.2300109863281,6613
2026-10-05 10:31:00,1791210660,CRWD,271.2250061035156,271.7099914550781,271.1400146484375,271.7099914550781,13166
2026-10-05 10:32:00,1791210720,CRWD,271.6899108886719,271.69000244140625,271.2449951171875,271.45709228515625,12254
2026-10-05 10:33:00,1791210780,CRWD,271.31500244140625,271.79998779296875,271.2799987792969,271.79998779296875,6646
2026-10-05 10:34:00,1791210840,CRWD,271.69000244140625,271.9599914550781,271.6448059082031,271.69000244140625,8985
2026-10-05 10:35:00,1791210900,CRWD,271.739990234375,271.8399963378906,271.3999938964844,271.4549865722656,4884
2026-10-05 10:36:00,1791210960,CRWD,271.4549865722656,271.4549865722656,271.1099853515625,271.1400146484375,5115
2026-10-05 10:37:00,1791211020,CRWD,271.1099853515625,271.57000732421875,271.05010986328125,271.54998779296875,10787
2026-10-05 10:38:00,1791211080,CRWD,271.5199890136719,271.5199890136719,270.9150085449219,270.9150085449219,6744
2026-10-05 10:39:00,1791211140,CRWD,270.8999938964844,270.9649963378906,270.4092102050781,270.58929443359375,10382
2026-10-05 10:40:00,1791211200,CRWD,270.6099853515625,270.78021240234375,270.44500732421875,270.6199951171875,5619
2026-10-05 10:41:00,1791211260,CRWD,270.6000061035156,270.82000732421875,270.29998779296875,270.489990234375,12433
2026-10-05 10:42:00,1791211320,CRWD,270.67498779296875,271.2200012207031,270.67498779296875,271.2200012207031,6922
2026-10-05 10:43:00,1791211380,CRWD,271.260009765625,271.4700012207031,271.17999267578125,271.19500732421875,8161
2026-10-05 10:44:00,1791211440,CRWD,271.2300109863281,271.3900146484375,271.0,271.0,4440
2026-10-05 10:45:00,1791211500,CRWD,271.0199890136719,271.1300048828125,270.739990234375,270.760009765625,9772
2026-10-05 10:46:00,1791211560,CRWD,270.718994140625,270.92999267578125,270.718994140625,270.7799987792969,5331
2026-10-05 10:47:00,1791211620,CRWD,270.8999938964844,271.06500244140625,270.78271484375,270.8949890136719,8189
2026-10-05 10:48:00,1791211680,CRWD,270.8299865722656,271.1000061035156,270.80999755859375,271.0050048828125,8824
2026-10-05 10:49:00,1791211740,CRWD,270.989990234375,271.1099853515625,270.8599853515625,270.9599914550781,8448
2026-10-05 10:50:00,1791211800,CRWD,270.8599853515625,271.19000244140625,270.8599853515625,271.06658935546875,5272
2026-10-05 10:51:00,1791211860,CRWD,271.0849914550781,271.30999755859375,271.0299987792969,271.2699890136719,8593
2026-10-05 10:52:00,1791211920,CRWD,271.2950134277344,271.4999084472656,271.2950134277344,271.3999938964844,6012
2026-10-05 10:53:00,1791211980,CRWD,271.42999267578125,271.5400085449219,271.3605041503906,271.5199890136719,5757
2026-10-05 10:54:00,1791212040,CRWD,271.5150146484375,271.54998779296875,271.3500061035156,271.45001220703125,11050
2026-10-05 10:55:00,1791212100,CRWD,271.45001220703125,271.5987854003906,271.42498779296875,271.5450134277344,5731
2026-10-05 10:56:00,1791212160,CRWD,271.6099853515625,271.7200012207031,271.5299987792969,271.69500732421875,6349
2026-10-05 10:57:00,1791212220,CRWD,271.739990234375,271.80999755859375,271.5199890136719,271.7699890136719,16892
2026-10-05 10:58:00,1791212280,CRWD,271.7699890136719,272.0799865722656,271.7300109863281,271.92498779296875,22118
2026-10-05 10:59:00,1791212340,CRWD,271.92999267578125,272.17999267578125,271.9100036621094,272.04998779296875,10805
2026-10-05 11:00:00,1791212400,CRWD,272.0450134277344,272.0450134277344,271.67498779296875,271.7799987792969,10982
2026-10-05 11:01:00,1791212460,CRWD,271.82000732421875,271.9200134277344,271.6000061035156,271.7099914550781,13081
2026-10-05 11:02:00,1791212520,CRWD,271.7200012207031,271.8500061035156,271.54998779296875,271.6099853515625,11428
2026-10-05 11:03:00,1791212580,CRWD,271.6650085449219,271.8299865722656,271.6499938964844,271.6499938964844,4075
2026-10-05 11:04:00,1791212640,CRWD,271.6099853515625,271.70001220703125,271.29998779296875,271.3699951171875,8229
2026-10-05 11:05:00,1791212700,CRWD,271.260009765625,271.42999267578125,271.1625061035156,271.2051086425781,9437
2026-10-05 11:06:00,1791212760,CRWD,271.2900085449219,271.3500061035156,271.1400146484375,271.1600036621094,10474
2026-10-05 11:07:00,1791212820,CRWD,271.1650085449219,271.2200012207031,271.010009765625,271.1499938964844,11521
2026-10-05 11:08:00,1791212880,CRWD,271.1499938964844,271.25,271.1499938964844,271.2349853515625,6077
2026-10-05 11:09:00,1791212940,CRWD,271.15008544921875,271.30999755859375,271.1000061035156,271.2449951171875,7676
2026-10-05 11:10:00,1791213000,CRWD,271.2900085449219,271.6099853515625,271.2900085449219,271.4800109863281,8243
2026-10-05 11:11:00,1791213060,CRWD,271.44500732421875,271.5733947753906,271.3800048828125,271.3800048828125,7833
2026-10-05 11:12:00,1791213120,CRWD,271.3800048828125,271.6983947753906,271.30499267578125,271.6199951171875,7037
2026-10-05 11:13:00,1791213180,CRWD,271.6099853515625,271.6099853515625,271.2699890136719,271.4849853515625,11066
2026-10-05 11:14:00,1791213240,CRWD,271.4849853515625,271.6000061035156,271.44000244140625,271.5799865722656,4595
2026-10-05 11:15:00,1791213300,CRWD,271.6600036621094,271.70001220703125,271.45001220703125,271.5,3693
2026-10-05 11:16:00,1791213360,CRWD,271.739990234375,271.82000732421875,271.5299987792969,271.739990234375,3906
2026-10-05 11:17:00,1791213420,CRWD,271.8900146484375,272.0,271.8039855957031,271.8299865722656,4861
2026-10-05 11:18:00,1791213480,CRWD,271.8900146484375,271.9599914550781,271.739990234375,271.9599914550781,6909
2026-10-05 11:19:00,1791213540,CRWD,271.94500732421875,272.19000244140625,271.8699951171875,272.0,13722
2026-10-05 11:20:00,1791213600,CRWD,272.0150146484375,272.6600036621094,272.0150146484375,272.5599060058594,31371
2026-10-05 11:21:00,1791213660,CRWD,272.3949890136719,272.4580078125,272.2615051269531,272.3800048828125,6647
2026-10-05 11:22:00,1791213720,CRWD,272.3599853515625,272.4194030761719,272.2699890136719,272.30999755859375,6467
2026-10-05 11:23:00,1791213780,CRWD,272.30999755859375,272.3500061035156,272.0299987792969,272.06500244140625,12676
2026-10-05 11:24:00,1791213840,CRWD,272.1050109863281,272.1050109863281,272.1050109863281,272.1050109863281,7388
2026-10-05 11:25:00,1791213900,CRWD,272.1700134277344,272.30999755859375,272.1199951171875,272.1499938964844,7068
2026-10-05 11:26:00,1791213960,CRWD,272.1499938964844,272.3399963378906,272.05999755859375,272.07000732421875,7483
2026-10-05 11:27:00,1791214020,CRWD,272.0249938964844,272.05999755859375,271.9800109863281,272.0249938964844,4694
2026-10-05 11:28:00,1791214080,CRWD,272.0799865722656,272.20001220703125,272.0450134277344,272.1099853515625,9694
2026-10-05 11:29:00,1791214140,CRWD,272.17999267578125,272.2900085449219,272.1099853515625,272.239990234375,5852
2026-10-05 11:30:00,1791214200,CRWD,272.2699890136719,272.3999938964844,272.17498779296875,272.32000732421875,5576
2026-10-05 11:31:00,1791214260,CRWD,272.33740234375,272.4599914550781,272.0450134277344,272.0450134277344,10455
2026-10-05 11:32:00,1791214320,CRWD,271.92999267578125,271.95001220703125,271.7298889160156,271.75,5685
2026-10-05 11:33:00,1791214380,CRWD,271.7510070800781,271.92999267578125,271.75,271.864990234375,2400
2026-10-05 11:34:00,1791214440,CRWD,271.8357849121094,271.92999267578125,271.79998779296875,271.8399963378906,4587
2026-10-05 11:35:00,1791214500,CRWD,271.79998779296875,272.1698913574219,271.7300109863281,271.9949951171875,8014
2026-10-05 11:36:00,1791214560,CRWD,271.9949951171875,272.0199890136719,271.9049987792969,271.934814453125,2715
2026-10-05 11:37:00,1791214620,CRWD,272.0198974609375,272.1199951171875,271.8999938964844,271.9599914550781,3396
2026-10-05 11:38:00,1791214680,CRWD,271.95001220703125,272.25,271.95001220703125,272.25,5336
2026-10-05 11:39:00,1791214740,CRWD,272.2449951171875,272.2449951171875,272.0299987792969,272.0299987792969,4598
2026-10-05 11:40:00,1791214800,CRWD,272.0199890136719,272.1400146484375,272.0050048828125,272.0050048828125,7733
2026-10-05 11:41:00,1791214860,CRWD,271.9700012207031,272.0299987792969,271.79998779296875,271.9700012207031,4756
2026-10-05 11:42:00,1791214920,CRWD,272.0299987792969,272.2900085449219,272.0299987792969,272.2449951171875,4511
2026-10-05 11:43:00,1791214980,CRWD,272.29998779296875,272.4800109863281,272.29998779296875,272.3999938964844,14633
2026-10-05 11:44:00,1791215040,CRWD,272.4154052734375,272.5799865722656,272.4154052734375,272.4700012207031,7177
2026-10-05 11:45:00,1791215100,CRWD,272.42999267578125,272.4700012207031,272.1199951171875,272.19000244140625,12314
2026-10-05 11:46:00,1791215160,CRWD,272.19000244140625,272.25,272.1499938964844,272.2099914550781,6838
2026-10-05 11:47:00,1791215220,CRWD,272.2099914550781,272.25,272.1700134277344,272.25,4189
2026-10-05 11:48:00,1791215280,CRWD,272.2200012207031,272.3299865722656,272.2026062011719,272.2101135253906,11690
2026-10-05 11:49:00,1791215340,CRWD,272.3299865722656,272.3900146484375,272.2099914550781,272.2300109863281,9302
2026-10-05 11:50:00,1791215400,CRWD,272.18499755859375,272.6300048828125,272.0799865722656,272.3500061035156,20786
2026-10-05 11:51:00,1791215460,CRWD,272.3450012207031,272.4100036621094,272.3299865722656,272.3999938964844,1804
2026-10-05 11:52:00,1791215520,CRWD,272.3349914550781,272.3349914550781,271.8800048828125,271.8800048828125,5870
2026-10-05 11:53:00,1791215580,CRWD,271.8800048828125,272.2300109863281,271.8800048828125,272.07391357421875,4113
2026-10-05 11:54:00,1791215640,CRWD,272.18499755859375,272.2799987792969,272.0,272.25,7527
2026-10-05 11:55:00,1791215700,CRWD,272.20001220703125,272.32989501953125,272.1199951171875,272.1199951171875,4113
2026-10-05 11:56:00,1791215760,CRWD,272.18499755859375,272.197998046875,271.9849853515625,272.0150146484375,6620
2026-10-05 11:57:00,1791215820,CRWD,271.9649963378906,272.1499938964844,271.90008544921875,272.04998779296875,5342
2026-10-05 11:58:00,1791215880,CRWD,272.1199951171875,272.1400146484375,272.0299987792969,272.0350036621094,2194
2026-10-05 11:59:00,1791215940,CRWD,272.0,272.05999755859375,271.5799865722656,271.7699890136719,13196
2026-10-05 12:00:00,1791216000,CRWD,271.7300109863281,271.7900085449219,271.5801086425781,271.7200012207031,2808
2026-10-05 12:01:00,1791216060,CRWD,271.6099853515625,271.7900085449219,271.6000061035156,271.7799987792969,7123
2026-10-05 12:02:00,1791216120,CRWD,271.760009765625,271.760009765625,271.510009765625,271.72760009765625,8863
2026-10-05 12:03:00,1791216180,CRWD,271.66241455078125,271.7869873046875,271.6600036621094,271.739990234375,3931
2026-10-05 12:04:00,1791216240,CRWD,271.7300109863281,271.8500061035156,271.6300048828125,271.6499938964844,6449
2026-10-05 12:05:00,1791216300,CRWD,271.6499938964844,271.95001220703125,271.6499938964844,271.90008544921875,4460
2026-10-05 12:06:00,1791216360,CRWD,271.8900146484375,271.95001220703125,271.67999267578125,271.7900085449219,5145
2026-10-05 12:07:00,1791216420,CRWD,271.7900085449219,271.7900085449219,271.6300048828125,271.6300048828125,1618
2026-10-05 12:08:00,1791216480,CRWD,271.6400146484375,271.82000732421875,271.6400146484375,271.68499755859375,2987
2026-10-05 12:09:00,1791216540,CRWD,271.7799987792969,271.7799987792969,271.5600891113281,271.7593078613281,4887
2026-10-05 12:10:00,1791216600,CRWD,271.67999267578125,271.67999267578125,271.5400085449219,271.5400085449219,2943
2026-10-05 12:11:00,1791216660,CRWD,271.5400085449219,271.6099853515625,271.510009765625,271.55999755859375,13156
2026-10-05 12:12:00,1791216720,CRWD,271.6099853515625,271.6600036621094,271.57000732421875,271.65728759765625,3054
2026-10-05 12:13:00,1791216780,CRWD,271.6199951171875,271.6700134277344,271.6199951171875,271.6700134277344,1164
2026-10-05 12:14:00,1791216840,CRWD,271.7099914550781,271.7099914550781,271.0799865722656,271.1400146484375,24363
2026-10-05 12:15:00,1791216900,CRWD,271.17498779296875,271.2900085449219,271.1000061035156,271.2200012207031,5324
2026-10-05 12:16:00,1791216960,CRWD,271.2200012207031,271.29998779296875,271.2200012207031,271.260009765625,1198
2026-10-05 12:17:00,1791217020,CRWD,271.20001220703125,271.2250061035156,270.9804992675781,271.04998779296875,16366
2026-10-05 12:18:00,1791217080,CRWD,271.0299987792969,271.0299987792969,270.75,270.9700012207031,7680
2026-10-05 12:19:00,1791217140,CRWD,271.05999755859375,271.239990234375,271.05999755859375,271.20001220703125,3268
2026-10-05 12:20:00,1791217200,CRWD,271.20001220703125,271.2799987792969,271.07000732421875,271.1000061035156,0
2026-10-05 12:21:00,1791217260,CRWD,271.1000061035156,271.1000061035156,270.9601135253906,271.05499267578125,2967
2026-10-05 12:22:00,1791217320,CRWD,271.05999755859375,271.1099853515625,270.8760070800781,270.9700012207031,4704
2026-10-05 12:23:00,1791217380,CRWD,270.94500732421875,271.1748962402344,270.94000244140625,271.1748962402344,2362
2026-10-05 12:24:00,1791217440,CRWD,271.0950012207031,271.3500061035156,271.0950012207031,271.2799987792969,3566
2026-10-05 12:25:00,1791217500,CRWD,271.30999755859375,271.3500061035156,271.20001220703125,271.2449951171875,4733
2026-10-05 12:26:00,1791217560,CRWD,271.29998779296875,271.4200134277344,271.239990234375,271.3500061035156,3035
2026-10-05 12:27:00,1791217620,CRWD,271.50189208984375,271.70001220703125,271.3999938964844,271.65008544921875,3331
2026-10-05 12:28:00,1791217680,CRWD,271.5799865722656,271.8999938964844,271.5799865722656,271.7699890136719,3911
2026-10-05 12:29:00,1791217740,CRWD,271.8999938964844,271.9700012207031,271.7900085449219,271.80999755859375,3577
2026-10-05 12:30:00,1791217800,CRWD,271.75,271.7669982910156,271.5849914550781,271.5849914550781,4335
2026-10-05 12:31:00,1791217860,CRWD,271.6499938964844,271.7276916503906,271.6000061035156,271.6300048828125,2769
2026-10-05 12:32:00,1791217920,CRWD,271.7099914550781,271.7300109863281,271.6000061035156,271.6000061035156,4830
2026-10-05 12:33:00,1791217980,CRWD,271.6600036621094,271.9507141113281,271.6600036621094,271.7950134277344,4784
2026-10-05 12:34:00,1791218040,CRWD,271.7950134277344,271.8551940917969,271.67999267578125,271.8500061035156,3504
2026-10-05 12:35:00,1791218100,CRWD,271.8399963378906,271.9700012207031,271.77508544921875,271.9599914550781,6392
2026-10-05 12:36:00,1791218160,CRWD,271.95001220703125,272.0,271.81500244140625,271.8927917480469,12819
2026-10-05 12:37:00,1791218220,CRWD,271.8699951171875,272.010009765625,271.79998779296875,271.885009765625,9659
2026-10-05 12:38:00,1791218280,CRWD,271.92999267578125,271.92999267578125,271.82000732421875,271.9100036621094,4784
2026-10-05 12:39:00,1791218340,CRWD,271.8500061035156,271.9898986816406,271.8450012207031,271.9700012207031,2490
2026-10-05 12:40:00,1791218400,CRWD,271.9200134277344,272.0,271.8599853515625,271.9100036621094,3197
2026-10-05 12:41:00,1791218460,CRWD,271.9800109863281,272.1470031738281,271.94189453125,272.1400146484375,4714
2026-10-05 12:42:00,1791218520,CRWD,272.1000061035156,272.1499938964844,271.9800109863281,272.0400085449219,7975
2026-10-05 12:43:00,1791218580,CRWD,272.0,272.04998779296875,271.8999938964844,271.94000244140625,3149
2026-10-05 12:44:00,1791218640,CRWD,271.947998046875,271.9700012207031,271.7099914550781,271.7099914550781,4582
2026-10-05 12:45:00,1791218700,CRWD,271.7749938964844,271.8370056152344,271.69500732421875,271.79998779296875,4345
2026-10-05 12:46:00,1791218760,CRWD,271.7013854980469,271.82000732421875,271.6300048828125,271.6499938964844,8296
2026-10-05 12:47:00,1791218820,CRWD,271.614990234375,271.70001220703125,271.5119934082031,271.614990234375,3301
2026-10-05 12:48:00,1791218880,CRWD,271.6099853515625,271.9200134277344,271.6099853515625,271.864990234375,2418
2026-10-05 12:49:00,1791218940,CRWD,271.8500061035156,271.989990234375,271.8500061035156,271.9148864746094,4006
2026-10-05 12:50:00,1791219000,CRWD,271.8999938964844,271.989990234375,271.7900085449219,271.8999938964844,13436
2026-10-05 12:51:00,1791219060,CRWD,271.8599853515625,271.9700012207031,271.81500244140625,271.8599853515625,3364
2026-10-05 12:52:00,1791219120,CRWD,271.8900146484375,271.95001220703125,271.80499267578125,271.80499267578125,3420
2026-10-05 12:53:00,1791219180,CRWD,271.80499267578125,271.95001220703125,271.7850036621094,271.95001220703125,4495
2026-10-05 12:54:00,1791219240,CRWD,271.8900146484375,272.0,271.8299865722656,271.8299865722656,3161
2026-10-05 12:55:00,1791219300,CRWD,271.8900146484375,271.8900146484375,271.45001220703125,271.5400085449219,3963
2026-10-05 12:56:00,1791219360,CRWD,271.4800109863281,271.55950927734375,271.3500061035156,271.3500061035156,2665
2026-10-05 12:57:00,1791219420,CRWD,271.3999938964844,271.45001220703125,271.32000732421875,271.3500061035156,4660
2026-10-05 12:58:00,1791219480,CRWD,271.3999938964844,271.760009765625,271.3500061035156,271.5799865722656,7395
2026-10-05 12:59:00,1791219540,CRWD,271.635009765625,271.6400146484375,271.44000244140625,271.44000244140625,4058
2026-10-05 13:00:00,1791219600,CRWD,271.57000732421875,271.70001220703125,271.4700012207031,271.4700012207031,5886
2026-10-05 13:01:00,1791219660,CRWD,271.3999938964844,271.614990234375,271.3599853515625,271.614990234375,5182
2026-10-05 13:02:00,1791219720,CRWD,271.57501220703125,271.6698913574219,271.5299987792969,271.6050109863281,2511
2026-10-05 13:03:00,1791219780,CRWD,271.6698913574219,271.75,271.5400085449219,271.75,7155
2026-10-05 13:04:00,1791219840,CRWD,271.760009765625,271.8299865722656,271.67010498046875,271.70001220703125,5784
2026-10-05 13:05:00,1791219900,CRWD,271.7900085449219,271.79998779296875,271.7349853515625,271.75,3471
2026-10-05 13:06:00,1791219960,CRWD,271.75,271.89990234375,271.7099914550781,271.8219909667969,2629
2026-10-05 13:07:00,1791220020,CRWD,271.8699951171875,271.94000244140625,271.7705078125,271.8699951171875,4481
2026-10-05 13:08:00,1791220080,CRWD,271.8399963378906,272.04998779296875,271.79998779296875,272.04998779296875,4164
2026-10-05 13:09:00,1791220140,CRWD,272.01141357421875,272.2799987792969,272.01141357421875,272.1000061035156,12748
2026-10-05 13:10:00,1791220200,CRWD,272.07000732421875,272.2699890136719,272.07000732421875,272.2049865722656,9449
2026-10-05 13:11:00,1791220260,CRWD,272.20001220703125,272.25,272.1400146484375,272.18499755859375,3260
2026-10-05 13:12:00,1791220320,CRWD,272.2300109863281,272.2900085449219,272.1400146484375,272.2200012207031,4728
2026-10-05 13:13:00,1791220380,CRWD,272.2149963378906,272.4200134277344,272.1600036621094,272.34698486328125,4620
2026-10-05 13:14:00,1791220440,CRWD,272.3599853515625,272.489990234375,272.3599853515625,272.4800109863281,5435
2026-10-05 13:15:00,1791220500,CRWD,272.4879150390625,272.510009765625,272.0899963378906,272.2250061035156,13091
2026-10-05 13:16:00,1791220560,CRWD,272.2250061035156,272.2250061035156,272.1199951171875,272.2049865722656,2287
2026-10-05 13:17:00,1791220620,CRWD,272.239990234375,272.3500061035156,272.20001220703125,272.2850036621094,4216
2026-10-05 13:18:00,1791220680,CRWD,272.2200012207031,272.3500061035156,272.2200012207031,272.2200927734375,5111
2026-10-05 13:19:00,1791220740,CRWD,272.2749938964844,272.2799987792969,272.1549987792969,272.20001220703125,7173
2026-10-05 13:20:00,1791220800,CRWD,272.1499938964844,272.19000244140625,272.1000061035156,272.135009765625,1737
2026-10-05 13:21:00,1791220860,CRWD,272.135009765625,272.2200012207031,272.07501220703125,272.07501220703125,4739
2026-10-05 13:22:00,1791220920,CRWD,272.0799865722656,272.2300109863281,272.0212097167969,272.07501220703125,3477
2026-10-05 13:23:00,1791220980,CRWD,272.05999755859375,272.3299865722656,272.05999755859375,272.2701110839844,5335
2026-10-05 13:24:00,1791221040,CRWD,272.3500061035156,272.3900146484375,272.2200012207031,272.239990234375,3756
2026-10-05 13:25:00,1791221100,CRWD,272.2799987792969,272.4700012207031,272.2650146484375,272.3699951171875,7373
2026-10-05 13:26:00,1791221160,CRWD,272.3699951171875,272.4700012207031,272.2300109863281,272.260009765625,6859
2026-10-05 13:27:00,1791221220,CRWD,272.2200012207031,272.4700012207031,272.2099914550781,272.4700012207031,5231
2026-10-05 13:28:00,1791221280,CRWD,272.42999267578125,272.7200012207031,272.42999267578125,272.6700134277344,9688
2026-10-05 13:29:00,1791221340,CRWD,272.6300048828125,272.7200012207031,272.625,272.625,3632
2026-10-05 13:30:00,1791221400,CRWD,272.6700134277344,272.7900085449219,272.6000061035156,272.6300048828125,6353
2026-10-05 13:31:00,1791221460,CRWD,272.67498779296875,272.7799987792969,272.6199951171875,272.7149963378906,8199
2026-10-05 13:32:00,1791221520,CRWD,272.760009765625,272.8800048828125,272.7099914550781,272.80999755859375,3769
2026-10-05 13:33:00,1791221580,CRWD,272.80999755859375,272.96600341796875,272.79998779296875,272.8800048828125,15541
2026-10-05 13:34:00,1791221640,CRWD,272.8800048828125,272.9599914550781,272.8800048828125,272.8949890136719,6399
2026-10-05 13:35:00,1791221700,CRWD,272.8949890136719,272.9700012207031,272.8949890136719,272.9100036621094,8652
2026-10-05 13:36:00,1791221760,CRWD,272.9100036621094,272.9100036621094,272.75,272.82049560546875,5198
2026-10-05 13:37:00,1791221820,CRWD,272.8500061035156,272.95001220703125,272.7950134277344,272.8949890136719,4639
2026-10-05 13:38:00,1791221880,CRWD,272.8399963378906,273.0061950683594,272.81500244140625,272.9100036621094,19756
2026-10-05 13:39:00,1791221940,CRWD,272.8919982910156,273.1499938964844,272.87750244140625,273.0249938964844,7088
2026-10-05 13:40:00,1791222000,CRWD,273.0249938964844,273.0899963378906,272.8699951171875,273.0,6653
2026-10-05 13:41:00,1791222060,CRWD,273.0299987792969,273.06451416015625,272.8504943847656,273.05999755859375,5294
2026-10-05 13:42:00,1791222120,CRWD,273.1099853515625,273.1700134277344,272.9700012207031,272.989990234375,7251
2026-10-05 13:43:00,1791222180,CRWD,273.0707092285156,273.14739990234375,272.93499755859375,273.0707092285156,2451
2026-10-05 13:44:00,1791222240,CRWD,273.1400146484375,273.19000244140625,273.07000732421875,273.1199951171875,8590
2026-10-05 13:45:00,1791222300,CRWD,273.20001220703125,273.2195129394531,273.07000732421875,273.2195129394531,8655
2026-10-05 13:46:00,1791222360,CRWD,273.1300048828125,273.24951171875,273.0199890136719,273.1300048828125,4001
2026-10-05 13:47:00,1791222420,CRWD,273.0199890136719,273.114990234375,272.9599914550781,273.010009765625,10657
2026-10-05 13:48:00,1791222480,CRWD,272.95001220703125,273.0050048828125,272.80999755859375,272.875,6470
2026-10-05 13:49:00,1791222540,CRWD,272.8699951171875,272.989990234375,272.75,272.88519287109375,10538
2026-10-05 13:50:00,1791222600,CRWD,273.0450134277344,273.1000061035156,273.0199890136719,273.0950012207031,4263
2026-10-05 13:51:00,1791222660,CRWD,273.1199951171875,273.16290283203125,273.0000915527344,273.0400085449219,5693
2026-10-05 13:52:00,1791222720,CRWD,273.0592956542969,273.45001220703125,273.0350036621094,273.3900146484375,23454
2026-10-05 13:53:00,1791222780,CRWD,273.3999938964844,273.7200012207031,273.3900146484375,273.70001220703125,15355
2026-10-05 13:54:00,1791222840,CRWD,273.69000244140625,273.7799987792969,273.6199951171875,273.760009765625,16602
2026-10-05 13:55:00,1791222900,CRWD,273.7536926269531,274.1199951171875,273.6300048828125,274.0950012207031,25677
2026-10-05 13:56:00,1791222960,CRWD,274.06500244140625,274.19500732421875,274.0,274.0199890136719,16877
2026-10-05 13:57:00,1791223020,CRWD,274.0412902832031,274.05499267578125,273.81500244140625,273.9700012207031,13456
2026-10-05 13:58:00,1791223080,CRWD,273.9700012207031,274.2300109863281,273.9700012207031,274.1199951171875,7180
2026-10-05 13:59:00,1791223140,CRWD,274.04998779296875,274.1199951171875,273.9200134277344,273.92498779296875,16177
2026-10-05 14:00:00,1791223200,CRWD,273.92498779296875,273.9800109863281,273.32000732421875,273.32440185546875,22823
2026-10-05 14:01:00,1791223260,CRWD,273.4200134277344,273.489990234375,273.04998779296875,273.04998779296875,11617
2026-10-05 14:02:00,1791223320,CRWD,273.04998779296875,273.239990234375,273.0,273.1449890136719,10189
2026-10-05 14:03:00,1791223380,CRWD,273.1499938964844,273.1499938964844,272.8200988769531,272.8299865722656,10727
2026-10-05 14:04:00,1791223440,CRWD,272.885009765625,273.0299987792969,272.8399963378906,272.9150085449219,4952
2026-10-05 14:05:00,1791223500,CRWD,272.989990234375,273.0,272.8299865722656,272.9599914550781,6972
2026-10-05 14:06:00,1791223560,CRWD,272.95001220703125,272.9700012207031,272.80010986328125,272.8699951171875,6858
2026-10-05 14:07:00,1791223620,CRWD,272.8299865722656,272.8599853515625,272.67999267578125,272.7799987792969,11553
2026-10-05 14:08:00,1791223680,CRWD,272.7799987792969,272.7799987792969,272.44000244140625,272.625,9407
2026-10-05 14:09:00,1791223740,CRWD,272.739990234375,272.7699890136719,272.6199951171875,272.67498779296875,4891
2026-10-05 14:10:00,1791223800,CRWD,272.6400146484375,272.96990966796875,272.6400146484375,272.79998779296875,5870
2026-10-05 14:11:00,1791223860,CRWD,272.8800048828125,272.8900146484375,272.6499938964844,272.6499938964844,6721
2026-10-05 14:12:00,1791223920,CRWD,272.4100036621094,272.70001220703125,272.40008544921875,272.6499938964844,4340
2026-10-05 14:13:00,1791223980,CRWD,272.6499938964844,272.739990234375,272.6004943847656,272.614990234375,3422
2026-10-05 14:14:00,1791224040,CRWD,272.57000732421875,272.6600036621094,272.5101013183594,272.5502014160156,5912
2026-10-05 14:15:00,1791224100,CRWD,272.55999755859375,272.6288146972656,272.30999755859375,272.489990234375,6186
2026-10-05 14:16:00,1791224160,CRWD,272.4849853515625,272.4849853515625,272.3200988769531,272.3900146484375,4789
2026-10-05 14:17:00,1791224220,CRWD,272.385986328125,272.4599914550781,272.20001220703125,272.20001220703125,8561
2026-10-05 14:18:00,1791224280,CRWD,272.260009765625,272.36199951171875,272.2300109863281,272.2300109863281,3405
2026-10-05 14:19:00,1791224340,CRWD,272.20001220703125,272.32000732421875,272.20001220703125,272.20001220703125,6181
2026-10-05 14:20:00,1791224400,CRWD,272.2300109863281,272.2900085449219,272.0899963378906,272.1199951171875,3947
2026-10-05 14:21:00,1791224460,CRWD,272.1199951171875,272.1600036621094,272.0400085449219,272.0450134277344,5888
2026-10-05 14:22:00,1791224520,CRWD,272.010009765625,272.19000244140625,272.0,272.1499938964844,5587
2026-10-05 14:23:00,1791224580,CRWD,272.1000061035156,272.19000244140625,272.1000061035156,272.1400146484375,4870
2026-10-05 14:24:00,1791224640,CRWD,272.1400146484375,272.2300109863281,272.05999755859375,272.05999755859375,4314
2026-10-05 14:25:00,1791224700,CRWD,272.0849914550781,272.3599853515625,272.0400085449219,272.3599853515625,5154
2026-10-05 14:26:00,1791224760,CRWD,272.25,272.6000061035156,272.25,272.5700988769531,5915
2026-10-05 14:27:00,1791224820,CRWD,272.6099853515625,272.79998779296875,272.6000061035156,272.79998779296875,5455
2026-10-05 14:28:00,1791224880,CRWD,272.7349853515625,272.7699890136719,272.57000732421875,272.5799865722656,8748
2026-10-05 14:29:00,1791224940,CRWD,272.55999755859375,272.5799865722656,272.3550109863281,272.3550109863281,3348
2026-10-05 14:30:00,1791225000,CRWD,272.29998779296875,272.364990234375,272.1700134277344,272.364990234375,5145
2026-10-05 14:31:00,1791225060,CRWD,272.489990234375,272.489990234375,272.2900085449219,272.3999938964844,3937
2026-10-05 14:32:00,1791225120,CRWD,272.3699951171875,272.7699890136719,272.3699951171875,272.7699890136719,5559
2026-10-05 14:33:00,1791225180,CRWD,272.7650146484375,272.7699890136719,272.67999267578125,272.7699890136719,4945
2026-10-05 14:34:00,1791225240,CRWD,272.7749938964844,272.8999938964844,272.6000061035156,272.7449951171875,10736
2026-10-05 14:35:00,1791225300,CRWD,272.67999267578125,272.7799072265625,272.5899963378906,272.6300048828125,4546
2026-10-05 14:36:00,1791225360,CRWD,272.5799865722656,272.7598876953125,272.5799865722656,272.5799865722656,4549
2026-10-05 14:37:00,1791225420,CRWD,272.6650085449219,272.7799987792969,272.5799865722656,272.7799987792969,5451
2026-10-05 14:38:00,1791225480,CRWD,272.82501220703125,272.9100036621094,272.6700134277344,272.69000244140625,7286
2026-10-05 14:39:00,1791225540,CRWD,272.614990234375,272.6888122558594,272.5400085449219,272.59100341796875,3448
2026-10-05 14:40:00,1791225600,CRWD,272.6449890136719,272.67999267578125,272.5799865722656,272.5899963378906,1749
2026-10-05 14:41:00,1791225660,CRWD,272.5799865722656,272.8399963378906,272.5799865722656,272.7200927734375,9969
2026-10-05 14:42:00,1791225720,CRWD,272.7799987792969,272.79620361328125,272.6700134277344,272.6700134277344,4753
2026-10-05 14:43:00,1791225780,CRWD,272.6700134277344,272.739990234375,272.49249267578125,272.49249267578125,5261
2026-10-05 14:44:00,1791225840,CRWD,272.55999755859375,272.77508544921875,272.55999755859375,272.75,4029
2026-10-05 14:45:00,1791225900,CRWD,272.8349914550781,272.8349914550781,272.3699951171875,272.4150085449219,8705
2026-10-05 14:46:00,1791225960,CRWD,272.3999938964844,272.510009765625,272.3800048828125,272.44000244140625,4419
2026-10-05 14:47:00,1791226020,CRWD,272.44000244140625,272.5,272.3800048828125,272.489990234375,3238
2026-10-05 14:48:00,1791226080,CRWD,272.5,272.9200134277344,272.5,272.864990234375,7968
2026-10-05 14:49:00,1791226140,CRWD,272.89990234375,272.95001220703125,272.80120849609375,272.80999755859375,13160
2026-10-05 14:50:00,1791226200,CRWD,272.80499267578125,272.989990234375,272.80499267578125,272.93499755859375,4757
2026-10-05 14:51:00,1791226260,CRWD,272.93499755859375,273.08990478515625,272.93499755859375,272.9949951171875,9540
2026-10-05 14:52:00,1791226320,CRWD,273.0,273.0,272.94000244140625,272.94000244140625,3836
2026-10-05 14:53:00,1791226380,CRWD,273.0,273.06500244140625,272.625,272.625,7730
2026-10-05 14:54:00,1791226440,CRWD,272.5299987792969,272.635009765625,272.4649963378906,272.5299987792969,5858
2026-10-05 14:55:00,1791226500,CRWD,272.3700866699219,272.4649963378906,272.29010009765625,272.30999755859375,2517
2026-10-05 14:56:00,1791226560,CRWD,272.3599853515625,272.4200134277344,272.2699890136719,272.2699890136719,5209
2026-10-05 14:57:00,1791226620,CRWD,272.3299865722656,272.4800109863281,272.1650085449219,272.37701416015625,6592
2026-10-05 14:58:00,1791226680,CRWD,272.45001220703125,272.57000732421875,272.29998779296875,272.4049987792969,6371
2026-10-05 14:59:00,1791226740,CRWD,272.4100036621094,272.6300048828125,272.3450012207031,272.6300048828125,6035
2026-10-05 15:00:00,1791226800,CRWD,272.6300048828125,272.6449890136719,272.44000244140625,272.57000732421875,4922
2026-10-05 15:01:00,1791226860,CRWD,272.5299987792969,272.7300109863281,272.510009765625,272.69500732421875,3627
2026-10-05 15:02:00,1791226920,CRWD,272.6700134277344,272.9150085449219,272.5400085449219,272.6199951171875,5997
2026-10-05 15:03:00,1791226980,CRWD,272.5899963378906,272.7099914550781,272.4800109863281,272.6094970703125,5280
2026-10-05 15:04:00,1791227040,CRWD,272.5150146484375,272.739990234375,272.4700012207031,272.67999267578125,7497
2026-10-05 15:05:00,1791227100,CRWD,272.67999267578125,272.79998779296875,272.57000732421875,272.69000244140625,6751
2026-10-05 15:06:00,1791227160,CRWD,272.7349853515625,272.82000732421875,272.70001220703125,272.82000732421875,3985
2026-10-05 15:07:00,1791227220,CRWD,272.7799987792969,272.8900146484375,272.7099914550781,272.7099914550781,7041
2026-10-05 15:08:00,1791227280,CRWD,272.7300109863281,272.7300109863281,272.55499267578125,272.5899963378906,4657
2026-10-05 15:09:00,1791227340,CRWD,272.5799865722656,272.6600036621094,272.57000732421875,272.5799865722656,4499
2026-10-05 15:10:00,1791227400,CRWD,272.5799865722656,272.6050109863281,272.4200134277344,272.54998779296875,7530
2026-10-05 15:11:00,1791227460,CRWD,272.5249938964844,272.6199951171875,272.2497863769531,272.3599853515625,5952
2026-10-05 15:12:00,1791227520,CRWD,272.3599853515625,272.44281005859375,272.239990234375,272.31500244140625,5898
2026-10-05 15:13:00,1791227580,CRWD,272.25,272.3999938964844,272.239990234375,272.3900146484375,6808
2026-10-05 15:14:00,1791227640,CRWD,272.4100036621094,272.6199951171875,272.3599853515625,272.3599853515625,6508
2026-10-05 15:15:00,1791227700,CRWD,272.3599853515625,272.3599853515625,272.1307067871094,272.1600036621094,8944
2026-10-05 15:16:00,1791227760,CRWD,272.1600036621094,272.2699890136719,272.0950012207031,272.18499755859375,6661
2026-10-05 15:17:00,1791227820,CRWD,272.2398986816406,272.3399963378906,272.07000732421875,272.260009765625,4704
2026-10-05 15:18:00,1791227880,CRWD,272.28509521484375,272.3699951171875,272.231201171875,272.30999755859375,4457
2026-10-05 15:19:00,1791227940,CRWD,272.31500244140625,272.4200134277344,272.2200012207031,272.2699890136719,9179
2026-10-05 15:20:00,1791228000,CRWD,272.20001220703125,272.20001220703125,271.9800109863281,272.0450134277344,14017
2026-10-05 15:21:00,1791228060,CRWD,272.010009765625,272.0899963378906,271.989990234375,272.0899963378906,8185
2026-10-05 15:22:00,1791228120,CRWD,272.0799865722656,272.2799987792969,272.0799865722656,272.25,3972
2026-10-05 15:23:00,1791228180,CRWD,272.3500061035156,272.3550109863281,272.2300109863281,272.2300109863281,8964
2026-10-05 15:24:00,1791228240,CRWD,272.2550048828125,272.3717041015625,272.20001220703125,272.31500244140625,7052
2026-10-05 15:25:00,1791228300,CRWD,272.31500244140625,272.3699951171875,272.2850036621094,272.2850036621094,5050
2026-10-05 15:26:00,1791228360,CRWD,272.30999755859375,272.4800109863281,272.260009765625,272.4114990234375,4585
2026-10-05 15:27:00,1791228420,CRWD,272.4700012207031,272.6000061035156,272.4599914550781,272.54998779296875,9132
2026-10-05 15:28:00,1791228480,CRWD,272.5299987792969,272.57000732421875,272.4599914550781,272.5450134277344,6906
2026-10-05 15:29:00,1791228540,CRWD,272.5719909667969,272.70001220703125,272.5224914550781,272.57501220703125,9375
2026-10-05 15:30:00,1791228600,CRWD,272.54998779296875,272.75,272.5350036621094,272.6700134277344,9047
2026-10-05 15:31:00,1791228660,CRWD,272.7300109863281,272.82000732421875,272.6499938964844,272.7300109863281,9628
2026-10-05 15:32:00,1791228720,CRWD,272.6700134277344,272.7449951171875,272.6099853515625,272.6099853515625,5588
2026-10-05 15:33:00,1791228780,CRWD,272.6449890136719,272.6449890136719,272.43499755859375,272.489990234375,8163
2026-10-05 15:34:00,1791228840,CRWD,272.44000244140625,272.5,272.385009765625,272.4649963378906,4971
2026-10-05 15:35:00,1791228900,CRWD,272.5,272.69000244140625,272.489990234375,272.6199951171875,6610
2026-10-05 15:36:00,1791228960,CRWD,272.6199951171875,272.70001220703125,272.5799865722656,272.6099853515625,7553
2026-10-05 15:37:00,1791229020,CRWD,272.69000244140625,272.69000244140625,272.57000732421875,272.6700134277344,4461
2026-10-05 15:38:00,1791229080,CRWD,272.6700134277344,272.7200012207031,272.54998779296875,272.6300048828125,10774
2026-10-05 15:39:00,1791229140,CRWD,272.5950012207031,272.6600036621094,272.55999755859375,272.614990234375,6870
2026-10-05 15:40:00,1791229200,CRWD,272.6700134277344,272.6700134277344,272.5199890136719,272.5199890136719,6360
2026-10-05 15:41:00,1791229260,CRWD,272.5950012207031,272.6199951171875,272.5,272.57000732421875,7693
2026-10-05 15:42:00,1791229320,CRWD,272.50079345703125,272.5480041503906,272.260009765625,272.260009765625,10241
2026-10-05 15:43:00,1791229380,CRWD,272.2294006347656,272.5199890136719,272.2294006347656,272.4200134277344,10427
2026-10-05 15:44:00,1791229440,CRWD,272.4200134277344,272.6260986328125,272.3999938964844,272.44000244140625,9070
2026-10-05 15:45:00,1791229500,CRWD,272.4200134277344,272.70001220703125,272.4100036621094,272.6400146484375,15875
2026-10-05 15:46:00,1791229560,CRWD,272.6300048828125,272.6300048828125,272.30999755859375,272.30999755859375,8043
2026-10-05 15:47:00,1791229620,CRWD,272.3349914550781,272.5199890136719,272.2204895019531,272.3594970703125,8784
2026-10-05 15:48:00,1791229680,CRWD,272.3800048828125,272.7349853515625,272.3800048828125,272.6700134277344,10107
2026-10-05 15:49:00,1791229740,CRWD,272.54998779296875,272.6499938964844,272.3800048828125,272.4790954589844,13696
2026-10-05 15:50:00,1791229800,CRWD,272.497802734375,272.497802734375,272.0,272.0249938964844,27937
2026-10-05 15:51:00,1791229860,CRWD,271.9800109863281,272.260009765625,271.9800109863281,272.239990234375,17033
2026-10-05 15:52:00,1791229920,CRWD,272.239990234375,272.45001220703125,272.2099914550781,272.3500061035156,21505
2026-10-05 15:53:00,1791229980,CRWD,272.3450012207031,272.39990234375,272.0299987792969,272.05999755859375,23071
2026-10-05 15:54:00,1791230040,CRWD,272.04998779296875,272.17999267578125,271.9100036621094,272.0299987792969,28619
2026-10-05 15:55:00,1791230100,CRWD,272.0799865722656,272.239990234375,272.0799865722656,272.1700134277344,28609
2026-10-05 15:56:00,1791230160,CRWD,272.1700134277344,272.4200134277344,272.1400146484375,272.4049987792969,27498
2026-10-05 15:57:00,1791230220,CRWD,272.4049987792969,272.6400146484375,272.4049987792969,272.57879638671875,31611
2026-10-05 15:58:00,1791230280,CRWD,272.5660095214844,272.9100036621094,272.54998779296875,272.8599853515625,53366
2026-10-05 15:59:00,1791230340,CRWD,272.8599853515625,272.9200134277344,272.510009765625,272.760009765625,109578
2026-10-05 16:00:00,1791230400,CRWD,272.6700134277344,272.6700134277344,272.6700134277344,272.6700134277344,0
2026-10-06 09:30:00,1791293400,CRWD,278.1099853515625,278.989990234375,276.0,278.739990234375,417462
2026-10-06 09:31:00,1791293460,CRWD,278.510009765625,282.17999267578125,278.30999755859375,281.8999938964844,130324
2026-10-06 09:32:00,1791293520,CRWD,282.05999755859375,283.17999267578125,282.0299987792969,282.51031494140625,125688
2026-10-06 09:33:00,1791293580,CRWD,282.7300109863281,283.25,281.20001220703125,282.2850036621094,72720
2026-10-06 09:34:00,1791293640,CRWD,282.3633117675781,282.67498779296875,280.7699890136719,281.21099853515625,50263
2026-10-06 09:35:00,1791293700,CRWD,281.2485046386719,282.889892578125,281.2149963378906,282.0249938964844,57426
2026-10-06 09:36:00,1791293760,CRWD,281.92999267578125,282.9200134277344,281.2300109863281,281.5249938964844,64472
2026-10-06 09:37:00,1791293820,CRWD,281.5249938964844,282.9800109863281,281.0610046386719,282.8240051269531,49971
2026-10-06 09:38:00,1791293880,CRWD,282.8599853515625,283.5299987792969,282.1000061035156,283.3564147949219,68245
2026-10-06 09:39:00,1791293940,CRWD,283.3399963378906,283.8500061035156,282.8330993652344,283.2420959472656,50529
2026-10-06 09:40:00,1791294000,CRWD,283.0,283.95001220703125,282.6700134277344,282.9800109863281,49207
2026-10-06 09:41:00,1791294060,CRWD,282.9599914550781,283.1700134277344,281.79998779296875,281.9501953125,79240
2026-10-06 09:42:00,1791294120,CRWD,281.989990234375,283.3999938964844,281.8500061035156,283.3900146484375,49170
2026-10-06 09:43:00,1791294180,CRWD,283.135009765625,285.75,283.135009765625,283.6400146484375,131947
2026-10-06 09:44:00,1791294240,CRWD,283.5950012207031,284.5199890136719,283.07000732421875,284.0199890136719,57679
2026-10-06 09:45:00,1791294300,CRWD,284.0249938964844,284.3800048828125,282.0780944824219,282.9700012207031,50583
2026-10-06 09:46:00,1791294360,CRWD,283.3399963378906,284.75,283.0065002441406,284.4100036621094,55030
2026-10-06 09:47:00,1791294420,CRWD,284.5450134277344,285.1000061035156,284.010986328125,284.3900146484375,44959
2026-10-06 09:48:00,1791294480,CRWD,284.4100036621094,285.0899963378906,284.010009765625,284.8428039550781,29567
2026-10-06 09:49:00,1791294540,CRWD,284.9200134277344,285.1600036621094,284.6400146484375,285.1000061035156,48802
2026-10-06 09:50:00,1791294600,CRWD,285.1499938964844,285.7699890136719,285.08538818359375,285.6449890136719,41769
2026-10-06 09:51:00,1791294660,CRWD,285.6300048828125,286.1700134277344,285.10009765625,285.54998779296875,69564
2026-10-06 09:52:00,1791294720,CRWD,285.4917907714844,286.25,285.3800048828125,285.9195861816406,33205
2026-10-06 09:53:00,1791294780,CRWD,285.9200134277344,286.4599914550781,285.20098876953125,285.8399963378906,49632
2026-10-06 09:54:00,1791294840,CRWD,285.7770080566406,285.9971923828125,285.1213073730469,285.3299865722656,24456
2026-10-06 09:55:00,1791294900,CRWD,285.20001220703125,286.239990234375,285.20001220703125,286.0849914550781,57499
2026-10-06 09:56:00,1791294960,CRWD,286.0851135253906,286.57000732421875,285.781494140625,286.34100341796875,33323
2026-10-06 09:57:00,1791295020,CRWD,286.32000732421875,286.9898986816406,285.9100036621094,286.0,58547
2026-10-06 09:58:00,1791295080,CRWD,285.9100036621094,286.5,285.6000061035156,285.7799987792969,45513
2026-10-06 09:59:00,1791295140,CRWD,285.7799987792969,286.260009765625,285.2001037597656,285.5065002441406,51129
2026-10-06 10:00:00,1791295200,CRWD,285.57000732421875,285.57501220703125,284.010009765625,284.0993957519531,54817
2026-10-06 10:01:00,1791295260,CRWD,284.1650085449219,284.3599853515625,283.2300109863281,284.3599853515625,59016
2026-10-06 10:02:00,1791295320,CRWD,284.2799987792969,284.4700012207031,283.5000915527344,283.6099853515625,20899
2026-10-06 10:03:00,1791295380,CRWD,283.5382080078125,283.6199035644531,282.6600036621094,283.0140075683594,51097
2026-10-06 10:04:00,1791295440,CRWD,282.95001220703125,283.1600036621094,281.79998779296875,281.9800109863281,49922
2026-10-06 10:05:00,1791295500,CRWD,281.0400085449219,282.17999267578125,280.9100036621094,281.0400085449219,44868
2026-10-06 10:06:00,1791295560,CRWD,281.0400085449219,281.0400085449219,279.6199951171875,279.8299865722656,68086
2026-10-06 10:07:00,1791295620,CRWD,279.7940979003906,280.7992858886719,279.6099853515625,280.05499267578125,48427
2026-10-06 10:08:00,1791295680,CRWD,280.0199890136719,281.3900146484375,279.9296875,281.260009765625,23820
2026-10-06 10:09:00,1791295740,CRWD,281.25,282.05999755859375,281.2300109863281,281.989990234375,22096
2026-10-06 10:10:00,1791295800,CRWD,282.0350036621094,282.70001220703125,281.510009765625,281.625,32643
2026-10-06 10:11:00,1791295860,CRWD,281.69000244140625,281.9200134277344,281.3800048828125,281.6099853515625,15256
2026-10-06 10:12:00,1791295920,CRWD,281.5,281.9299011230469,281.5,281.8399963378906,14783
2026-10-06 10:13:00,1791295980,CRWD,281.7013854980469,281.94000244140625,281.2099914550781,281.69500732421875,14255
2026-10-06 10:14:00,1791296040,CRWD,281.6199951171875,282.1300048828125,281.2099914550781,282.1300048828125,21432
2026-10-06 10:15:00,1791296100,CRWD,282.0199890136719,282.0899963378906,281.489990234375,281.70001220703125,13966
2026-10-06 10:16:00,1791296160,CRWD,281.70001220703125,282.0,281.1000061035156,282.0,13237
2026-10-06 10:17:00,1791296220,CRWD,281.5801086425781,282.4700012207031,281.5801086425781,282.4700012207031,18264
2026-10-06 10:18:00,1791296280,CRWD,282.32000732421875,282.8999938964844,282.0899963378906,282.30999755859375,48485
2026-10-06 10:19:00,1791296340,CRWD,282.32000732421875,282.7900085449219,281.91009521484375,282.7900085449219,17277
2026-10-06 10:20:00,1791296400,CRWD,282.635009765625,282.8399963378906,282.260009765625,282.32501220703125,21029
2026-10-06 10:21:00,1791296460,CRWD,282.260009765625,282.2699890136719,281.9599914550781,282.1400146484375,21559
2026-10-06 10:22:00,1791296520,CRWD,282.0039978027344,282.30999755859375,281.7497863769531,282.2799987792969,26784
2026-10-06 10:23:00,1791296580,CRWD,282.1499938964844,282.2200012207031,281.6440124511719,281.8349914550781,17573
2026-10-06 10:24:00,1791296640,CRWD,281.875,281.9798889160156,281.6499938964844,281.875,16347
2026-10-06 10:25:00,1791296700,CRWD,281.7300109863281,281.79998779296875,281.5899963378906,281.6499938964844,18121
2026-10-06 10:26:00,1791296760,CRWD,281.55999755859375,281.6099853515625,281.0,281.1050109863281,19891
2026-10-06 10:27:00,1791296820,CRWD,281.0899963378906,281.6099853515625,280.8609924316406,281.30999755859375,24067
2026-10-06 10:28:00,1791296880,CRWD,281.4049987792969,281.6000061035156,281.2589111328125,281.4700012207031,23944
2026-10-06 10:29:00,1791296940,CRWD,281.4700012207031,282.5799865722656,281.4700012207031,281.6199951171875,46307
2026-10-06 10:30:00,1791297000,CRWD,281.7178039550781,281.9798889160156,281.5,281.6700134277344,15394
2026-10-06 10:31:00,1791297060,CRWD,281.55340576171875,281.7699890136719,281.3800964355469,281.3800964355469,14900
2026-10-06 10:32:00,1791297120,CRWD,281.5506896972656,281.70989990234375,280.9002990722656,281.0849914550781,16827
2026-10-06 10:33:00,1791297180,CRWD,281.0682067871094,281.4800109863281,280.9100036621094,281.43499755859375,22123
2026-10-06 10:34:00,1791297240,CRWD,281.360595703125,281.92999267578125,281.360595703125,281.75,13526
2026-10-06 10:35:00,1791297300,CRWD,281.7049865722656,281.8399963378906,280.8999938964844,281.1300048828125,11368
2026-10-06 10:36:00,1791297360,CRWD,280.8999938964844,281.4100036621094,280.8999938964844,281.31878662109375,6899
2026-10-06 10:37:00,1791297420,CRWD,281.4913024902344,281.8900146484375,281.3702087402344,281.7300109863281,19772
2026-10-06 10:38:00,1791297480,CRWD,281.7250061035156,281.9800109863281,281.3900146484375,281.864990234375,13877
2026-10-06 10:39:00,1791297540,CRWD,281.864990234375,282.0,281.6700134277344,281.6700134277344,16267
2026-10-06 10:40:00,1791297600,CRWD,281.2746887207031,281.7799072265625,281.2746887207031,281.2746887207031,11540
2026-10-06 10:41:00,1791297660,CRWD,281.2200012207031,281.2699890136719,280.5,280.8299865722656,21825
2026-10-06 10:42:00,1791297720,CRWD,281.05999755859375,281.6499938964844,281.05999755859375,281.4849853515625,10303
2026-10-06 10:43:00,1791297780,CRWD,281.44000244140625,281.7300109863281,281.2699890136719,281.6400146484375,13920
2026-10-06 10:44:00,1791297840,CRWD,281.6449890136719,281.69989013671875,281.260009765625,281.29998779296875,9090
2026-10-06 10:45:00,1791297900,CRWD,281.260009765625,281.4200134277344,281.0,281.0350036621094,26775
2026-10-06 10:46:00,1791297960,CRWD,280.92999267578125,281.0350036621094,280.4512023925781,280.4512023925781,29195
2026-10-06 10:47:00,1791298020,CRWD,280.4435119628906,280.5799865722656,280.260009765625,280.4700012207031,19691
2026-10-06 10:48:00,1791298080,CRWD,280.4700012207031,280.75,280.42999267578125,280.6449890136719,11730
2026-10-06 10:49:00,1791298140,CRWD,280.635009765625,281.19000244140625,280.5799865722656,280.989990234375,12800
2026-10-06 10:50:00,1791298200,CRWD,280.8800048828125,280.9700012207031,280.69000244140625,280.8299865722656,7260
2026-10-06 10:51:00,1791298260,CRWD,280.8299865722656,281.0,280.70001220703125,280.8599853515625,14482
2026-10-06 10:52:00,1791298320,CRWD,280.92498779296875,281.3599853515625,280.760009765625,281.1099853515625,13333
2026-10-06 10:53:00,1791298380,CRWD,281.2200012207031,281.7040100097656,281.1700134277344,281.5950012207031,13140
2026-10-06 10:54:00,1791298440,CRWD,281.5950012207031,281.6199951171875,281.3299865722656,281.5400085449219,15871
2026-10-06 10:55:00,1791298500,CRWD,281.5299987792969,281.5899963378906,281.2200012207031,281.3599853515625,20985
2026-10-06 10:56:00,1791298560,CRWD,281.32501220703125,281.37908935546875,281.0730895996094,281.20001220703125,9701
2026-10-06 10:57:00,1791298620,CRWD,281.2250061035156,281.239990234375,281.0,281.0199890136719,7486
2026-10-06 10:58:00,1791298680,CRWD,281.11199951171875,281.11199951171875,280.8500061035156,280.9599914550781,12457
2026-10-06 10:59:00,1791298740,CRWD,280.9700012207031,281.0799865722656,280.75,280.75,21771
2026-10-06 11:00:00,1791298800,CRWD,280.7449951171875,280.7449951171875,280.2699890136719,280.3900146484375,13267
2026-10-06 11:01:00,1791298860,CRWD,280.45001220703125,280.45001220703125,280.13330078125,280.3399963378906,26905
2026-10-06 11:02:00,1791298920,CRWD,280.31549072265625,280.3500061035156,279.6900939941406,280.20001220703125,20871
2026-10-06 11:03:00,1791298980,CRWD,280.1199951171875,281.0758972167969,280.1099853515625,281.07000732421875,17481
2026-10-06 11:04:00,1791299040,CRWD,281.010009765625,281.260009765625,280.9599914550781,281.0979919433594,8608
2026-10-06 11:05:00,1791299100,CRWD,281.2398986816406,281.2499084472656,281.0000915527344,281.0899963378906,7686
2026-10-06 11:06:00,1791299160,CRWD,281.0899963378906,281.20001220703125,280.53009033203125,280.6199951171875,17915
2026-10-06 11:07:00,1791299220,CRWD,280.6400146484375,281.6099853515625,280.6300048828125,281.360107421875,17142
2026-10-06 11:08:00,1791299280,CRWD,281.6094970703125,281.8699035644531,281.45001220703125,281.7099914550781,12277
2026-10-06 11:09:00,1791299340,CRWD,281.8500061035156,282.25,281.72491455078125,282.1449890136719,20822
2026-10-06 11:10:00,1791299400,CRWD,282.17498779296875,282.5400085449219,282.10009765625,282.5400085449219,14409
2026-10-06 11:11:00,1791299460,CRWD,282.5,282.5278015136719,282.1199951171875,282.1506042480469,13015
2026-10-06 11:12:00,1791299520,CRWD,282.0,282.2099914550781,281.8999938964844,282.0,11193
2026-10-06 11:13:00,1791299580,CRWD,282.2099914550781,282.28900146484375,281.8900146484375,281.8999938964844,9800
2026-10-06 11:14:00,1791299640,CRWD,281.9750061035156,282.05999755859375,281.8908996582031,282.0199890136719,10176
2026-10-06 11:15:00,1791299700,CRWD,281.9800109863281,282.3500061035156,281.9800109863281,282.3349914550781,10498
2026-10-06 11:16:00,1791299760,CRWD,282.2900085449219,282.4200134277344,282.17999267578125,282.2900085449219,9413
2026-10-06 11:17:00,1791299820,CRWD,282.2950134277344,282.5,282.20001220703125,282.3800048828125,17728
2026-10-06 11:18:00,1791299880,CRWD,282.3900146484375,282.5799865722656,282.260009765625,282.5799865722656,11490
2026-10-06 11:19:00,1791299940,CRWD,282.59979248046875,282.80999755859375,282.36041259765625,282.4599914550781,15016
2026-10-06 11:20:00,1791300000,CRWD,282.5299987792969,282.6099853515625,281.6300048828125,281.8420104980469,22712
2026-10-06 11:21:00,1791300060,CRWD,281.7300109863281,281.760009765625,281.614990234375,281.6650085449219,9284
2026-10-06 11:22:00,1791300120,CRWD,281.6650085449219,281.75,281.5400085449219,281.6300048828125,10645
2026-10-06 11:23:00,1791300180,CRWD,281.5199890136719,281.7300109863281,281.4057922363281,281.7300109863281,9380
2026-10-06 11:24:00,1791300240,CRWD,281.6199951171875,281.7300109863281,281.4200134277344,281.7099914550781,5193
2026-10-06 11:25:00,1791300300,CRWD,280.864990234375,281.70001220703125,280.77288818359375,280.864990234375,11911
2026-10-06 11:26:00,1791300360,CRWD,280.6400146484375,281.3800048828125,280.32000732421875,281.0400085449219,13930
2026-10-06 11:27:00,1791300420,CRWD,281.0400085449219,281.5400085449219,280.8699951171875,281.44000244140625,8834
2026-10-06 11:28:00,1791300480,CRWD,281.4158935546875,281.5671081542969,280.9100036621094,281.010009765625,11552
2026-10-06 11:29:00,1791300540,CRWD,280.9100036621094,281.2300109863281,280.82000732421875,281.2300109863281,15537
2026-10-06 11:30:00,1791300600,CRWD,281.239990234375,281.489990234375,281.0,281.30999755859375,11491
2026-10-06 11:31:00,1791300660,CRWD,281.314208984375,281.7349853515625,281.1000061035156,281.70001220703125,11891
2026-10-06 11:32:00,1791300720,CRWD,281.6449890136719,281.7499084472656,281.45001220703125,281.5199890136719,6010
2026-10-06 11:33:00,1791300780,CRWD,281.44000244140625,281.5799865722656,281.1700134277344,281.2398986816406,6253
2026-10-06 11:34:00,1791300840,CRWD,281.1600036621094,281.2699890136719,280.95001220703125,281.2699890136719,7622
2026-10-06 11:35:00,1791300900,CRWD,281.0799865722656,281.2699890136719,281.0,281.1300048828125,10907
2026-10-06 11:36:00,1791300960,CRWD,281.260009765625,281.3500061035156,281.1099853515625,281.260009765625,6905
2026-10-06 11:37:00,1791301020,CRWD,281.1499938964844,281.29998779296875,281.0299987792969,281.19500732421875,5738
2026-10-06 11:38:00,1791301080,CRWD,281.20001220703125,281.2799987792969,281.15008544921875,281.15008544921875,3911
2026-10-06 11:39:00,1791301140,CRWD,281.2349853515625,281.3099060058594,281.0205993652344,281.1499938964844,7662
2026-10-06 11:40:00,1791301200,CRWD,281.1853942871094,281.2799987792969,281.0299987792969,281.1499938964844,4572
2026-10-06 11:41:00,1791301260,CRWD,281.1499938964844,281.260009765625,281.07000732421875,281.2149963378906,6864
2026-10-06 11:42:00,1791301320,CRWD,281.3500061035156,281.54998779296875,281.21551513671875,281.375,9200
2026-10-06 11:43:00,1791301380,CRWD,281.32000732421875,281.6499938964844,281.25,281.5159912109375,8093
2026-10-06 11:44:00,1791301440,CRWD,281.6000061035156,281.639892578125,281.4200134277344,281.4200134277344,8622
2026-10-06 11:45:00,1791301500,CRWD,281.3500061035156,281.4100036621094,281.2349853515625,281.29998779296875,10485
2026-10-06 11:46:00,1791301560,CRWD,281.2950134277344,281.4631042480469,281.20001220703125,281.45001220703125,6576
2026-10-06 11:47:00,1791301620,CRWD,281.57000732421875,281.75,281.360107421875,281.7349853515625,7304
2026-10-06 11:48:00,1791301680,CRWD,281.7349853515625,281.94000244140625,281.6499938964844,281.69000244140625,20258
2026-10-06 11:49:00,1791301740,CRWD,281.69000244140625,281.72821044921875,281.5,281.5249938964844,4790
2026-10-06 11:50:00,1791301800,CRWD,281.5249938964844,281.5697021484375,281.2699890136719,281.4028015136719,9265
2026-10-06 11:51:00,1791301860,CRWD,281.4599914550781,281.5899963378906,281.2449951171875,281.3800048828125,4188
2026-10-06 11:52:00,1791301920,CRWD,281.4800109863281,281.5799865722656,281.30999755859375,281.5799865722656,6709
2026-10-06 11:53:00,1791301980,CRWD,281.6199951171875,281.8999938964844,281.20001220703125,281.20001220703125,7345
2026-10-06 11:54:00,1791302040,CRWD,281.1600036621094,281.38751220703125,281.1099853515625,281.1099853515625,6983
2026-10-06 11:55:00,1791302100,CRWD,281.12200927734375,281.2650146484375,280.79229736328125,280.8999938964844,9778
2026-10-06 11:56:00,1791302160,CRWD,280.94000244140625,281.1600036621094,280.94000244140625,281.02740478515625,6100
2026-10-06 11:57:00,1791302220,CRWD,281.05999755859375,281.05999755859375,280.79998779296875,280.885009765625,3837
2026-10-06 11:58:00,1791302280,CRWD,280.8500061035156,280.9700012207031,280.6080017089844,280.6549987792969,7208
2026-10-06 11:59:00,1791302340,CRWD,280.67999267578125,280.7099914550781,280.4599914550781,280.5450134277344,6952
2026-10-06 12:00:00,1791302400,CRWD,280.5,280.54998779296875,280.1400146484375,280.1400146484375,16994
2026-10-06 12:01:00,1791302460,CRWD,280.1499938964844,280.2925109863281,280.1000061035156,280.2550048828125,10517
2026-10-06 12:02:00,1791302520,CRWD,280.1700134277344,280.3699951171875,279.5,279.5,18852
2026-10-06 12:03:00,1791302580,CRWD,279.6400146484375,279.7200012207031,279.29998779296875,279.3299865722656,14254
2026-10-06 12:04:00,1791302640,CRWD,279.14349365234375,279.364990234375,279.1050109863281,279.1050109863281,16047
2026-10-06 12:05:00,1791302700,CRWD,279.19000244140625,279.3799133300781,279.0799865722656,279.1499938964844,12070
2026-10-06 12:06:00,1791302760,CRWD,279.1199951171875,279.1600036621094,278.981689453125,279.0950012207031,11180
2026-10-06 12:07:00,1791302820,CRWD,279.0950012207031,279.2200012207031,279.0000915527344,279.09228515625,8367
2026-10-06 12:08:00,1791302880,CRWD,279.114990234375,279.2300109863281,278.9637145996094,278.9750061035156,4248141
2026-10-06 12:09:00,1791302940,CRWD,278.9700012207031,279.1199951171875,278.8599853515625,278.8900146484375,23193
2026-10-06 12:10:00,1791303000,CRWD,278.8299865722656,279.1099853515625,278.82000732421875,278.8299865722656,9660
2026-10-06 12:11:00,1791303060,CRWD,278.8699951171875,278.9718017578125,278.7200012207031,278.9718017578125,16332
2026-10-06 12:12:00,1791303120,CRWD,278.94000244140625,278.94000244140625,278.5000915527344,278.6549987792969,24425
2026-10-06 12:13:00,1791303180,CRWD,278.5,278.54998779296875,278.2950134277344,278.3399963378906,13187
2026-10-06 12:14:00,1791303240,CRWD,278.29998779296875,278.4399108886719,278.2467956542969,278.2850036621094,9187
2026-10-06 12:15:00,1791303300,CRWD,278.30499267578125,278.3500061035156,278.1405029296875,278.2239990234375,12631
2026-10-06 12:16:00,1791303360,CRWD,278.2550048828125,278.31500244140625,278.0260009765625,278.1601867675781,10057
2026-10-06 12:17:00,1791303420,CRWD,278.1449890136719,278.39739990234375,278.0299987792969,278.3699951171875,17518
2026-10-06 12:18:00,1791303480,CRWD,278.3500061035156,278.489990234375,278.15008544921875,278.3399963378906,20911
2026-10-06 12:19:00,1791303540,CRWD,278.3599853515625,278.489990234375,278.31500244140625,278.3450012207031,10595
2026-10-06 12:20:00,1791303600,CRWD,278.3800048828125,278.3800048828125,278.1000061035156,278.1199951171875,7745
2026-10-06 12:21:00,1791303660,CRWD,278.1000061035156,278.1199951171875,277.8800048828125,277.9150085449219,24170
2026-10-06 12:22:00,1791303720,CRWD,277.9150085449219,277.95379638671875,277.80010986328125,277.82501220703125,8701
2026-10-06 12:23:00,1791303780,CRWD,277.82000732421875,277.8800048828125,277.7699890136719,277.81500244140625,9357
2026-10-06 12:24:00,1791303840,CRWD,277.8059997558594,277.989501953125,277.70001220703125,277.7799987792969,21348
2026-10-06 12:25:00,1791303900,CRWD,277.70001220703125,278.0299987792969,277.70001220703125,278.0150146484375,12466
2026-10-06 12:26:00,1791303960,CRWD,278.0050048828125,278.04998779296875,277.7200012207031,277.75689697265625,7496
2026-10-06 12:27:00,1791304020,CRWD,277.7449951171875,278.0199890136719,277.6200866699219,277.92999267578125,12237
2026-10-06 12:28:00,1791304080,CRWD,278.0249938964844,278.0392150878906,277.8399963378906,277.8800048828125,6781
2026-10-06 12:29:00,1791304140,CRWD,277.8900146484375,277.989990234375,277.75,277.7550048828125,6544
2026-10-06 12:30:00,1791304200,CRWD,277.70001220703125,277.70001220703125,277.5,277.5799865722656,7891
2026-10-06 12:31:00,1791304260,CRWD,277.56500244140625,277.8599853515625,277.5101013183594,277.8500061035156,9635
2026-10-06 12:32:00,1791304320,CRWD,277.89569091796875,278.0849914550781,277.80999755859375,278.07000732421875,6954
2026-10-06 12:33:00,1791304380,CRWD,278.010009765625,278.409912109375,277.9801025390625,278.409912109375,25957
2026-10-06 12:34:00,1791304440,CRWD,278.3349914550781,279.80999755859375,278.30999755859375,279.69000244140625,37039
2026-10-06 12:35:00,1791304500,CRWD,279.7900085449219,279.95001220703125,278.8500061035156,278.885009765625,44788
2026-10-06 12:36:00,1791304560,CRWD,278.864990234375,279.1700134277344,278.8599853515625,279.1700134277344,11452
2026-10-06 12:37:00,1791304620,CRWD,279.04998779296875,279.70001220703125,279.04998779296875,279.635009765625,27867
2026-10-06 12:38:00,1791304680,CRWD,279.55999755859375,279.5799865722656,279.25,279.42498779296875,8943
2026-10-06 12:39:00,1791304740,CRWD,279.4949951171875,279.5199890136719,279.2900085449219,279.3900146484375,20922
2026-10-06 12:40:00,1791304800,CRWD,279.3507080078125,279.5198974609375,279.3507080078125,279.3949890136719,9890
2026-10-06 12:41:00,1791304860,CRWD,279.32000732421875,279.4599914550781,279.2300109863281,279.42010498046875,10744
2026-10-06 12:42:00,1791304920,CRWD,279.4949951171875,279.5150146484375,279.30999755859375,279.4800109863281,11754
2026-10-06 12:43:00,1791304980,CRWD,279.4100036621094,279.5,279.30499267578125,279.30499267578125,18875
2026-10-06 12:44:00,1791305040,CRWD,279.3349914550781,279.42999267578125,279.1419982910156,279.3949890136719,6064
2026-10-06 12:45:00,1791305100,CRWD,279.3599853515625,279.489990234375,279.2900085449219,279.3699951171875,4359
2026-10-06 12:46:00,1791305160,CRWD,279.44000244140625,279.44000244140625,279.2349853515625,279.3299865722656,6037
2026-10-06 12:47:00,1791305220,CRWD,279.2149963378906,279.260009765625,278.9335021972656,279.260009765625,21717
2026-10-06 12:48:00,1791305280,CRWD,279.2799987792969,279.4849853515625,279.05999755859375,279.05999755859375,7043
2026-10-06 12:49:00,1791305340,CRWD,279.1099853515625,279.1300048828125,278.98870849609375,279.1000061035156,4166
2026-10-06 12:50:00,1791305400,CRWD,279.07000732421875,279.07000732421875,278.80999755859375,278.9700012207031,7209
2026-10-06 12:51:00,1791305460,CRWD,278.8949890136719,278.9599914550781,278.79998779296875,278.8500061035156,4823
2026-10-06 12:52:00,1791305520,CRWD,278.760009765625,278.8699951171875,278.70269775390625,278.760009765625,4686
2026-10-06 12:53:00,1791305580,CRWD,278.75,278.82000732421875,278.7029113769531,278.7699890136719,5118
2026-10-06 12:54:00,1791305640,CRWD,278.7650146484375,278.8399963378906,278.6499938964844,278.68499755859375,5579
2026-10-06 12:55:00,1791305700,CRWD,278.6600036621094,278.8999938964844,278.6600036621094,278.7250061035156,3931
2026-10-06 12:56:00,1791305760,CRWD,278.7200012207031,279.0,278.67999267578125,278.8999938964844,13404
2026-10-06 12:57:00,1791305820,CRWD,278.8699951171875,279.2699890136719,278.8699951171875,279.239990234375,9892
2026-10-06 12:58:00,1791305880,CRWD,279.1549987792969,279.3999938964844,279.12860107421875,279.2099914550781,6034
2026-10-06 12:59:00,1791305940,CRWD,279.1600036621094,279.4700012207031,279.1600036621094,279.3500061035156,7608
2026-10-06 13:00:00,1791306000,CRWD,279.3500061035156,279.4599914550781,279.2149963378906,279.2200012207031,6075
2026-10-06 13:01:00,1791306060,CRWD,279.2200012207031,279.2200012207031,278.9100036621094,278.9100036621094,5056
2026-10-06 13:02:00,1791306120,CRWD,278.9497985839844,279.1499938964844,278.9497985839844,279.08770751953125,3222
2026-10-06 13:03:00,1791306180,CRWD,279.0899963378906,279.2900085449219,279.0015869140625,279.2250061035156,6008
2026-10-06 13:04:00,1791306240,CRWD,279.20001220703125,279.20989990234375,279.03759765625,279.03759765625,10697
2026-10-06 13:05:00,1791306300,CRWD,279.06500244140625,279.3699951171875,279.06500244140625,279.36700439453125,11147
2026-10-06 13:06:00,1791306360,CRWD,279.3067932128906,279.4200134277344,279.2275085449219,279.3800048828125,12603
2026-10-06 13:07:00,1791306420,CRWD,279.3500061035156,279.3999938964844,279.17999267578125,279.25,8829
2026-10-06 13:08:00,1791306480,CRWD,279.25,279.2799987792969,279.1600036621094,279.2099914550781,4570
2026-10-06 13:09:00,1791306540,CRWD,279.2349853515625,279.32000732421875,279.1199951171875,279.2799987792969,7134
2026-10-06 13:10:00,1791306600,CRWD,279.3299865722656,279.42999267578125,279.010009765625,279.0350036621094,5123
2026-10-06 13:11:00,1791306660,CRWD,279.0350036621094,279.04998779296875,278.82501220703125,278.82501220703125,6581
2026-10-06 13:12:00,1791306720,CRWD,278.7799987792969,278.8800048828125,278.510009765625,278.69500732421875,10146
2026-10-06 13:13:00,1791306780,CRWD,278.7900085449219,278.87939453125,278.6400146484375,278.7449951171875,5123
2026-10-06 13:14:00,1791306840,CRWD,278.75,279.0,278.75,278.9440002441406,16562
2026-10-06 13:15:00,1791306900,CRWD,279.1650085449219,279.3699951171875,278.94000244140625,279.1650085449219,23828
2026-10-06 13:16:00,1791306960,CRWD,279.17999267578125,279.25,279.07000732421875,279.0950012207031,13055
2026-10-06 13:17:00,1791307020,CRWD,279.07501220703125,279.1199951171875,278.9100036621094,278.9200134277344,6333
2026-10-06 13:18:00,1791307080,CRWD,278.9700012207031,279.07989501953125,278.8800048828125,279.0050048828125,9309
2026-10-06 13:19:00,1791307140,CRWD,279.0050048828125,279.04998779296875,278.92999267578125,279.0198974609375,3535
2026-10-06 13:20:00,1791307200,CRWD,278.8999938964844,279.36480712890625,278.8999938964844,279.36480712890625,7944
2026-10-06 13:21:00,1791307260,CRWD,279.364990234375,279.45001220703125,279.17999267578125,279.2200012207031,10929
2026-10-06 13:22:00,1791307320,CRWD,279.19000244140625,279.2200012207031,279.0799865722656,279.1400146484375,9641
2026-10-06 13:23:00,1791307380,CRWD,279.090087890625,279.1449890136719,278.9700012207031,279.04400634765625,6270
2026-10-06 13:24:00,1791307440,CRWD,278.94000244140625,278.9700012207031,278.8699951171875,278.9150085449219,3160
2026-10-06 13:25:00,1791307500,CRWD,278.9150085449219,279.0799865722656,278.7272033691406,279.010009765625,95658
2026-10-06 13:26:00,1791307560,CRWD,278.989990234375,279.010009765625,278.8599853515625,278.8999938964844,10051
2026-10-06 13:27:00,1791307620,CRWD,278.8599853515625,278.8699951171875,278.7677917480469,278.7677917480469,6906
2026-10-06 13:28:00,1791307680,CRWD,278.7799987792969,279.0799865722656,278.7799987792969,279.0799865722656,6937
2026-10-06 13:29:00,1791307740,CRWD,279.1499938964844,279.239990234375,279.0920104980469,279.1099853515625,4918
2026-10-06 13:30:00,1791307800,CRWD,279.1050109863281,279.1600036621094,279.010009765625,279.010009765625,6669
2026-10-06 13:31:00,1791307860,CRWD,279.0299987792969,279.3500061035156,279.0299987792969,279.1499938964844,11631
2026-10-06 13:32:00,1791307920,CRWD,279.1199951171875,279.2200012207031,278.8900146484375,279.1099853515625,19597
2026-10-06 13:33:00,1791307980,CRWD,279.1600036621094,279.17999267578125,278.92999267578125,279.0044860839844,7777
2026-10-06 13:34:00,1791308040,CRWD,279.0150146484375,279.0150146484375,278.8500061035156,278.94000244140625,8202
2026-10-06 13:35:00,1791308100,CRWD,278.9150085449219,278.94879150390625,278.80999755859375,278.8550109863281,7498
2026-10-06 13:36:00,1791308160,CRWD,278.82049560546875,278.9750061035156,278.82049560546875,278.9599914550781,5448
2026-10-06 13:37:00,1791308220,CRWD,278.918701171875,279.0199890136719,278.80010986328125,278.80010986328125,7947
2026-10-06 13:38:00,1791308280,CRWD,278.95001220703125,279.2950134277344,278.95001220703125,279.2699890136719,7446
2026-10-06 13:39:00,1791308340,CRWD,279.2950134277344,279.3999938964844,279.1400146484375,279.3500061035156,10855
2026-10-06 13:40:00,1791308400,CRWD,279.3349914550781,279.3349914550781,279.1650085449219,279.1700134277344,7091
2026-10-06 13:41:00,1791308460,CRWD,279.1600036621094,279.1700134277344,278.8399963378906,279.04998779296875,10556
2026-10-06 13:42:00,1791308520,CRWD,279.1199951171875,279.1600036621094,278.9049987792969,278.95001220703125,9263
2026-10-06 13:43:00,1791308580,CRWD,278.9200134277344,278.9800109863281,278.9100036621094,278.92999267578125,3620
2026-10-06 13:44:00,1791308640,CRWD,278.93499755859375,278.9800109863281,278.82000732421875,278.8399963378906,6293
2026-10-06 13:45:00,1791308700,CRWD,278.8599853515625,278.92999267578125,278.82501220703125,278.9200134277344,8240
2026-10-06 13:46:00,1791308760,CRWD,278.9049987792969,278.95001220703125,278.69000244140625,278.7099914550781,5442
2026-10-06 13:47:00,1791308820,CRWD,278.69000244140625,278.760009765625,278.6700134277344,278.68499755859375,5125
2026-10-06 13:48:00,1791308880,CRWD,278.7239990234375,278.7239990234375,278.5,278.55999755859375,6645
2026-10-06 13:49:00,1791308940,CRWD,278.5400085449219,278.6700134277344,278.5400085449219,278.6099853515625,6097
2026-10-06 13:50:00,1791309000,CRWD,278.614990234375,279.1300048828125,278.55999755859375,278.8500061035156,20610
2026-10-06 13:51:00,1791309060,CRWD,278.9100036621094,279.07989501953125,278.8500061035156,278.9800109863281,5081
2026-10-06 13:52:00,1791309120,CRWD,278.8949890136719,279.2795104980469,278.8949890136719,279.17999267578125,4128
2026-10-06 13:53:00,1791309180,CRWD,279.19000244140625,279.3999938964844,279.19000244140625,279.3999938964844,9130
2026-10-06 13:54:00,1791309240,CRWD,279.30999755859375,279.3799133300781,279.2099914550781,279.2099914550781,3073
2026-10-06 13:55:00,1791309300,CRWD,279.2900085449219,279.5199890136719,279.2099914550781,279.5050048828125,7472
2026-10-06 13:56:00,1791309360,CRWD,279.5050048828125,279.5050048828125,279.260009765625,279.3800048828125,7817
2026-10-06 13:57:00,1791309420,CRWD,279.3800048828125,279.42999267578125,279.3301086425781,279.375,4943
2026-10-06 13:58:00,1791309480,CRWD,279.375,279.375,279.1300048828125,279.25,6725
2026-10-06 13:59:00,1791309540,CRWD,279.20001220703125,279.3999938964844,279.19000244140625,279.3900146484375,5481
2026-10-06 14:00:00,1791309600,CRWD,279.45001220703125,279.4949951171875,279.3301086425781,279.4305114746094,4017
2026-10-06 14:01:00,1791309660,CRWD,279.43499755859375,279.43499755859375,279.1000061035156,279.2550048828125,10784
2026-10-06 14:02:00,1791309720,CRWD,279.2349853515625,279.2349853515625,279.1400146484375,279.1700134277344,3189
2026-10-06 14:03:00,1791309780,CRWD,279.19000244140625,279.375,279.1409912109375,279.375,4997
2026-10-06 14:04:00,1791309840,CRWD,279.30010986328125,279.3883056640625,279.2449951171875,279.260009765625,5629
2026-10-06 14:05:00,1791309900,CRWD,279.260009765625,279.260009765625,278.9649963378906,279.0299987792969,10279
2026-10-06 14:06:00,1791309960,CRWD,279.05999755859375,279.4100036621094,279.05999755859375,279.4100036621094,4028
2026-10-06 14:07:00,1791310020,CRWD,279.3299865722656,279.3900146484375,279.05999755859375,279.2099914550781,6785
2026-10-06 14:08:00,1791310080,CRWD,279.3299865722656,279.5237121582031,279.2900085449219,279.5237121582031,5715
2026-10-06 14:09:00,1791310140,CRWD,279.5050048828125,279.5899963378906,279.4200134277344,279.5150146484375,12742
2026-10-06 14:10:00,1791310200,CRWD,279.5,279.6099853515625,279.489990234375,279.5350036621094,5894
2026-10-06 14:11:00,1791310260,CRWD,279.5199890136719,279.6600036621094,279.4599914550781,279.4750061035156,9194
2026-10-06 14:12:00,1791310320,CRWD,279.4750061035156,279.4750061035156,279.3399963378906,279.3399963378906,2921
2026-10-06 14:13:00,1791310380,CRWD,279.3399963378906,279.42999267578125,279.3299865722656,279.42999267578125,4633
2026-10-06 14:14:00,1791310440,CRWD,279.44000244140625,279.5050048828125,279.3900146484375,279.43121337890625,3713
2026-10-06 14:15:00,1791310500,CRWD,279.4200134277344,279.5400085449219,279.4200134277344,279.4949951171875,6548
2026-10-06 14:16:00,1791310560,CRWD,279.4949951171875,279.69500732421875,279.4949951171875,279.6400146484375,5126
2026-10-06 14:17:00,1791310620,CRWD,279.6400146484375,279.760009765625,279.6300964355469,279.70001220703125,7875
2026-10-06 14:18:00,1791310680,CRWD,279.6300964355469,279.7300109863281,279.6300964355469,279.70001220703125,2362
2026-10-06 14:19:00,1791310740,CRWD,279.69500732421875,279.7200012207031,279.57000732421875,279.57000732421875,10815
2026-10-06 14:20:00,1791310800,CRWD,279.56500244140625,279.6199951171875,279.4800109863281,279.6199951171875,7952
2026-10-06 14:21:00,1791310860,CRWD,279.5799865722656,279.6235046386719,279.4700012207031,279.5050048828125,6923
2026-10-06 14:22:00,1791310920,CRWD,279.6099853515625,279.6289978027344,279.3900146484375,279.6099853515625,7503
2026-10-06 14:23:00,1791310980,CRWD,279.625,279.70001220703125,279.5799865722656,279.5899963378906,10875
2026-10-06 14:24:00,1791311040,CRWD,279.6300048828125,279.6300048828125,279.510009765625,279.5249938964844,4348
2026-10-06 14:25:00,1791311100,CRWD,279.5599060058594,279.5599060058594,279.3399963378906,279.42999267578125,7461
2026-10-06 14:26:00,1791311160,CRWD,279.4150085449219,279.8475036621094,279.3999938964844,279.7950134277344,6734
2026-10-06 14:27:00,1791311220,CRWD,279.80999755859375,279.92999267578125,279.7550048828125,279.9049987792969,4753
2026-10-06 14:28:00,1791311280,CRWD,279.8949890136719,280.20001220703125,279.8399963378906,280.1400146484375,37663
2026-10-06 14:29:00,1791311340,CRWD,280.0849914550781,280.0950012207031,279.54998779296875,279.7002868652344,17300
2026-10-06 14:30:00,1791311400,CRWD,279.54998779296875,279.6025085449219,279.2500915527344,279.29998779296875,11676
2026-10-06 14:31:00,1791311460,CRWD,279.2799987792969,279.2799987792969,278.9200134277344,278.9599914550781,8317
2026-10-06 14:32:00,1791311520,CRWD,278.9800109863281,279.2731018066406,278.8999938964844,279.1650085449219,9969
2026-10-06 14:33:00,1791311580,CRWD,279.2091979980469,279.2091979980469,278.94000244140625,279.0299987792969,6920
2026-10-06 14:34:00,1791311640,CRWD,278.95001220703125,279.1700134277344,278.9100036621094,279.0249938964844,8133
2026-10-06 14:35:00,1791311700,CRWD,278.9800109863281,279.06500244140625,278.7149963378906,278.8255920410156,25930
2026-10-06 14:36:00,1791311760,CRWD,278.8399963378906,278.9700012207031,278.77398681640625,278.9700012207031,4234
2026-10-06 14:37:00,1791311820,CRWD,278.94000244140625,279.010009765625,278.8900146484375,278.9700012207031,1929
2026-10-06 14:38:00,1791311880,CRWD,278.92498779296875,279.1400146484375,278.8999938964844,279.03399658203125,5721
2026-10-06 14:39:00,1791311940,CRWD,278.9599914550781,279.0450134277344,278.8913879394531,278.9700012207031,5222
2026-10-06 14:40:00,1791312000,CRWD,279.0249938964844,279.0950012207031,279.0249938964844,279.07000732421875,2119
2026-10-06 14:41:00,1791312060,CRWD,279.0299987792969,279.0899963378906,278.8699951171875,278.8699951171875,5061
2026-10-06 14:42:00,1791312120,CRWD,278.885009765625,278.8999938964844,278.7799987792969,278.8450012207031,5093
2026-10-06 14:43:00,1791312180,CRWD,278.79150390625,278.8949890136719,278.79150390625,278.8949890136719,5258
2026-10-06 14:44:00,1791312240,CRWD,278.8599853515625,278.94000244140625,278.7799987792969,278.7900085449219,7117
2026-10-06 14:45:00,1791312300,CRWD,278.760009765625,278.768798828125,278.6300048828125,278.69000244140625,5648
2026-10-06 14:46:00,1791312360,CRWD,278.68499755859375,278.7950134277344,278.6400146484375,278.760009765625,5681
2026-10-06 14:47:00,1791312420,CRWD,278.69000244140625,278.7799987792969,278.6300048828125,278.69000244140625,11713
2026-10-06 14:48:00,1791312480,CRWD,278.67999267578125,278.8500061035156,278.6199951171875,278.7950134277344,6162
2026-10-06 14:49:00,1791312540,CRWD,278.7900085449219,278.7900085449219,278.6400146484375,278.6600036621094,5169
2026-10-06 14:50:00,1791312600,CRWD,278.6600036621094,278.7300109863281,278.6300048828125,278.6400146484375,5292
2026-10-06 14:51:00,1791312660,CRWD,278.6400146484375,278.80999755859375,278.55999755859375,278.80999755859375,6614
2026-10-06 14:52:00,1791312720,CRWD,278.80999755859375,278.8399963378906,278.7301025390625,278.8399963378906,3653
2026-10-06 14:53:00,1791312780,CRWD,278.8399963378906,278.8688049316406,278.7799987792969,278.80999755859375,4817
2026-10-06 14:54:00,1791312840,CRWD,278.7900085449219,278.8599853515625,278.7799987792969,278.8500061035156,4979
2026-10-06 14:55:00,1791312900,CRWD,278.82501220703125,278.9100036621094,278.82501220703125,278.8500061035156,4221
2026-10-06 14:56:00,1791312960,CRWD,278.8800048828125,278.8999938964844,278.3800048828125,278.3800048828125,15038
2026-10-06 14:57:00,1791313020,CRWD,278.3299865722656,278.3854064941406,277.6050109863281,277.8299865722656,16801
2026-10-06 14:58:00,1791313080,CRWD,277.69000244140625,278.0,277.55999755859375,277.9949951171875,22121
2026-10-06 14:59:00,1791313140,CRWD,277.9949951171875,278.32989501953125,277.8682861328125,278.1000061035156,17851
2026-10-06 15:00:00,1791313200,CRWD,278.0350036621094,278.2799987792969,277.8900146484375,278.1499938964844,12631
2026-10-06 15:01:00,1791313260,CRWD,278.1499938964844,278.3299865722656,278.07000732421875,278.3299865722656,8528
2026-10-06 15:02:00,1791313320,CRWD,278.3399963378906,278.598388671875,278.32379150390625,278.3699951171875,11340
2026-10-06 15:03:00,1791313380,CRWD,278.3399963378906,278.6000061035156,278.2900085449219,278.55999755859375,5650
2026-10-06 15:04:00,1791313440,CRWD,278.55999755859375,278.7099914550781,278.510009765625,278.7099914550781,4393
2026-10-06 15:05:00,1791313500,CRWD,278.6600036621094,279.1700134277344,278.6600036621094,279.1700134277344,11031
2026-10-06 15:06:00,1791313560,CRWD,279.07501220703125,279.239990234375,279.0387878417969,279.1499938964844,4192
2026-10-06 15:07:00,1791313620,CRWD,279.1199951171875,279.2398986816406,279.0899963378906,279.1650085449219,5096
2026-10-06 15:08:00,1791313680,CRWD,279.1650085449219,279.33990478515625,279.0799865722656,279.1400146484375,8191
2026-10-06 15:09:00,1791313740,CRWD,279.1700134277344,279.3299865722656,279.1600036621094,279.2799987792969,6335
2026-10-06 15:10:00,1791313800,CRWD,279.2901916503906,279.5820007324219,279.260498046875,279.4700012207031,9818
2026-10-06 15:11:00,1791313860,CRWD,279.5299987792969,279.625,279.2099914550781,279.2699890136719,14600
2026-10-06 15:12:00,1791313920,CRWD,279.18499755859375,279.2699890136719,279.1300048828125,279.17498779296875,14124
2026-10-06 15:13:00,1791313980,CRWD,279.2001037597656,279.2001037597656,279.0799865722656,279.1050109863281,2710
2026-10-06 15:14:00,1791314040,CRWD,279.1000061035156,279.1000061035156,278.80999755859375,278.8800048828125,7025
2026-10-06 15:15:00,1791314100,CRWD,278.90509033203125,278.989990234375,278.70001220703125,278.7049865722656,8076
2026-10-06 15:16:00,1791314160,CRWD,278.75,278.8500061035156,278.6600036621094,278.80999755859375,10186
2026-10-06 15:17:00,1791314220,CRWD,278.8599853515625,278.9800109863281,278.7749938964844,278.9700012207031,2955
2026-10-06 15:18:00,1791314280,CRWD,279.0,279.20001220703125,278.9700012207031,279.0299987792969,19243
2026-10-06 15:19:00,1791314340,CRWD,279.06500244140625,279.1400146484375,278.92999267578125,279.0,12793
2026-10-06 15:20:00,1791314400,CRWD,278.9750061035156,279.0199890136719,278.75750732421875,278.94989013671875,13248
2026-10-06 15:21:00,1791314460,CRWD,278.8599853515625,278.9049987792969,278.739990234375,278.8599853515625,6788
2026-10-06 15:22:00,1791314520,CRWD,278.94000244140625,278.94500732421875,278.7200012207031,278.8080139160156,5049
2026-10-06 15:23:00,1791314580,CRWD,278.2550048828125,278.9999084472656,278.23480224609375,278.2550048828125,11611
2026-10-06 15:24:00,1791314640,CRWD,278.2550048828125,278.3500061035156,278.010009765625,278.32501220703125,11336
2026-10-06 15:25:00,1791314700,CRWD,278.3594970703125,278.3594970703125,278.1499938964844,278.20001220703125,6233
2026-10-06 15:26:00,1791314760,CRWD,278.19500732421875,278.19500732421875,278.010009765625,278.17999267578125,10648
2026-10-06 15:27:00,1791314820,CRWD,278.2099914550781,278.57000732421875,278.1000061035156,278.57000732421875,11005
2026-10-06 15:28:00,1791314880,CRWD,278.55999755859375,278.68701171875,278.5201110839844,278.55999755859375,8038
2026-10-06 15:29:00,1791314940,CRWD,278.54998779296875,278.69000244140625,278.5400085449219,278.57000732421875,9574
2026-10-06 15:30:00,1791315000,CRWD,278.57000732421875,278.6400146484375,278.45001220703125,278.57000732421875,17253
2026-10-06 15:31:00,1791315060,CRWD,278.54998779296875,278.54998779296875,278.2099914550781,278.5,13231
2026-10-06 15:32:00,1791315120,CRWD,278.5400085449219,278.7900085449219,278.5400085449219,278.7099914550781,9680
2026-10-06 15:33:00,1791315180,CRWD,278.75,279.07000732421875,278.739990234375,278.9649963378906,10275
2026-10-06 15:34:00,1791315240,CRWD,278.92999267578125,279.25,278.92999267578125,279.25,9315
2026-10-06 15:35:00,1791315300,CRWD,279.25,279.3399963378906,279.20001220703125,279.3399963378906,9939
2026-10-06 15:36:00,1791315360,CRWD,279.3599853515625,279.5451965332031,279.3399963378906,279.3949890136719,11271
2026-10-06 15:37:00,1791315420,CRWD,279.3949890136719,279.4171142578125,279.1000061035156,279.2300109863281,9643
2026-10-06 15:38:00,1791315480,CRWD,279.2300109863281,279.2300109863281,279.0400085449219,279.07000732421875,6451
2026-10-06 15:39:00,1791315540,CRWD,279.0400085449219,279.239990234375,279.0,279.19000244140625,9570
2026-10-06 15:40:00,1791315600,CRWD,279.20001220703125,279.2049865722656,279.0,279.0199890136719,13190
2026-10-06 15:41:00,1791315660,CRWD,279.05999755859375,279.05999755859375,278.8999938964844,278.9800109863281,12559
2026-10-06 15:42:00,1791315720,CRWD,279.0780944824219,279.19000244140625,279.0299987792969,279.07000732421875,10170
2026-10-06 15:43:00,1791315780,CRWD,279.0589904785156,279.1000061035156,278.9100036621094,279.0050048828125,11279
2026-10-06 15:44:00,1791315840,CRWD,279.0050048828125,279.1099853515625,278.8800048828125,278.9436950683594,13649
2026-10-06 15:45:00,1791315900,CRWD,278.81500244140625,278.9200134277344,278.760009765625,278.81500244140625,17401
2026-10-06 15:46:00,1791315960,CRWD,278.80499267578125,278.8599853515625,278.7300109863281,278.760009765625,14037
2026-10-06 15:47:00,1791316020,CRWD,278.760009765625,278.8208923339844,278.6300048828125,278.7699890136719,14261
2026-10-06 15:48:00,1791316080,CRWD,278.75,279.0350036621094,278.7200012207031,278.989990234375,10854
2026-10-06 15:49:00,1791316140,CRWD,279.0050048828125,279.0050048828125,278.7608947753906,278.77508544921875,14246
2026-10-06 15:50:00,1791316200,CRWD,278.75,278.8900146484375,278.67999267578125,278.739990234375,13964
2026-10-06 15:51:00,1791316260,CRWD,278.80999755859375,279.010009765625,278.80999755859375,279.010009765625,14617
2026-10-06 15:52:00,1791316320,CRWD,279.0400085449219,279.1400146484375,278.8399963378906,278.8699951171875,23767
2026-10-06 15:53:00,1791316380,CRWD,278.8399963378906,278.9180908203125,278.6431884765625,278.7300109863281,25170
2026-10-06 15:54:00,1791316440,CRWD,278.6400146484375,278.7900085449219,278.5799865722656,278.7900085449219,26663
2026-10-06 15:55:00,1791316500,CRWD,278.79998779296875,279.1099853515625,278.7699890136719,279.0,33096
2026-10-06 15:56:00,1791316560,CRWD,278.95001220703125,279.260009765625,278.8900146484375,279.1600036621094,30170
2026-10-06 15:57:00,1791316620,CRWD,279.1400146484375,279.2174072265625,279.0299987792969,279.0299987792969,47348
2026-10-06 15:58:00,1791316680,CRWD,279.114990234375,279.29998779296875,279.0450134277344,279.114990234375,71510
2026-10-06 15:59:00,1791316740,CRWD,279.1000061035156,279.1357116699219,278.8500061035156,278.92999267578125,113562
2026-10-06 16:00:00,1791316800,CRWD,278.8599853515625,278.8599853515625,278.8599853515625,278.8599853515625,0
2026-10-07 09:30:00,1791379800,CRWD,276.8999938964844,276.8999938964844,274.3299865722656,275.3900146484375,491173
2026-10-07 09:31:00,1791379860,CRWD,275.3599853515625,275.3599853515625,274.010009765625,274.6700134277344,38743
2026-10-07 09:32:00,1791379920,CRWD,274.6600036621094,276.510009765625,274.4989929199219,275.67999267578125,37355
2026-10-07 09:33:00,1791379980,CRWD,275.7300109863281,276.18939208984375,274.8399963378906,274.9200134277344,49148
2026-10-07 09:34:00,1791380040,CRWD,275.1050109863281,275.8599853515625,274.6300048828125,275.5150146484375,31276
2026-10-07 09:35:00,1791380100,CRWD,275.5150146484375,275.5150146484375,274.05999755859375,274.5299987792969,36482
2026-10-07 09:36:00,1791380160,CRWD,274.3599853515625,275.1889953613281,274.260009765625,275.114990234375,19646
2026-10-07 09:37:00,1791380220,CRWD,275.114990234375,275.5,274.3800048828125,274.7449951171875,19348
2026-10-07 09:38:00,1791380280,CRWD,274.5,274.67999267578125,271.3999938964844,271.44000244140625,65500
2026-10-07 09:39:00,1791380340,CRWD,272.9800109863281,273.0950012207031,271.3399963378906,272.9800109863281,72131
2026-10-07 09:40:00,1791380400,CRWD,272.8800048828125,273.75,272.610595703125,273.5,58559
2026-10-07 09:41:00,1791380460,CRWD,273.8500061035156,274.2099914550781,273.04998779296875,273.67999267578125,25972
2026-10-07 09:42:00,1791380520,CRWD,274.1935119628906,274.739990234375,273.3299865722656,273.92999267578125,37217
2026-10-07 09:43:00,1791380580,CRWD,273.02508544921875,273.7799987792969,272.8500061035156,273.02508544921875,14730
2026-10-07 09:44:00,1791380640,CRWD,272.8500061035156,273.6300048828125,272.50579833984375,273.30999755859375,17803
2026-10-07 09:45:00,1791380700,CRWD,273.30999755859375,273.57281494140625,272.0799865722656,272.4649963378906,16688
2026-10-07 09:46:00,1791380760,CRWD,272.4649963378906,272.65948486328125,271.3399963378906,271.489990234375,28889
2026-10-07 09:47:00,1791380820,CRWD,271.489990234375,271.6400146484375,270.6600036621094,271.2900085449219,96675
2026-10-07 09:48:00,1791380880,CRWD,271.2101135253906,271.29998779296875,269.5400085449219,270.0299987792969,107970
2026-10-07 09:49:00,1791380940,CRWD,270.2099914550781,270.5338134765625,269.8999938964844,270.2300109863281,68374
2026-10-07 09:50:00,1791381000,CRWD,270.5050048828125,270.7300109863281,270.239990234375,270.375,27163
2026-10-07 09:51:00,1791381060,CRWD,270.375,271.1300048828125,269.9599914550781,270.010009765625,44929
2026-10-07 09:52:00,1791381120,CRWD,270.2372131347656,270.4800109863281,269.29998779296875,269.5150146484375,66306
2026-10-07 09:53:00,1791381180,CRWD,269.4949951171875,270.20001220703125,269.25,270.010009765625,89932
2026-10-07 09:54:00,1791381240,CRWD,270.125,270.29998779296875,269.30999755859375,269.8699951171875,26094
2026-10-07 09:55:00,1791381300,CRWD,269.864990234375,270.3297119140625,269.5465087890625,270.05999755859375,23698
2026-10-07 09:56:00,1791381360,CRWD,270.25,270.3699951171875,269.9100036621094,270.25,16606
2026-10-07 09:57:00,1791381420,CRWD,270.29998779296875,270.29998779296875,269.8800048828125,270.05499267578125,26730
2026-10-07 09:58:00,1791381480,CRWD,269.9800109863281,270.5,269.9800109863281,270.17999267578125,36779
2026-10-07 09:59:00,1791381540,CRWD,270.2200012207031,270.9599914550781,270.1000061035156,270.239990234375,26076
2026-10-07 10:00:00,1791381600,CRWD,270.239990234375,270.30999755859375,269.25,269.5299987792969,55733
2026-10-07 10:01:00,1791381660,CRWD,269.5050048828125,270.05999755859375,268.7200012207031,269.8800048828125,39792
2026-10-07 10:02:00,1791381720,CRWD,270.06500244140625,270.19000244140625,269.45001220703125,269.45001220703125,32165
2026-10-07 10:03:00,1791381780,CRWD,269.45001220703125,270.1499938964844,269.3320007324219,270.0799865722656,28455
2026-10-07 10:04:00,1791381840,CRWD,270.0801086425781,270.3799133300781,269.95001220703125,270.17999267578125,16387
2026-10-07 10:05:00,1791381900,CRWD,270.17999267578125,270.29998779296875,269.8800048828125,269.8999938964844,13363
2026-10-07 10:06:00,1791381960,CRWD,269.9800109863281,270.75,269.8999938964844,270.44500732421875,29864
2026-10-07 10:07:00,1791382020,CRWD,270.2701110839844,270.4949951171875,270.20001220703125,270.2449951171875,14630
2026-10-07 10:08:00,1791382080,CRWD,270.2674865722656,270.79998779296875,270.24749755859375,270.6300048828125,29361
2026-10-07 10:09:00,1791382140,CRWD,270.67999267578125,270.8399963378906,270.32501220703125,270.7690124511719,22159
2026-10-07 10:10:00,1791382200,CRWD,270.8299865722656,271.1700134277344,270.3900146484375,270.57000732421875,30817
2026-10-07 10:11:00,1791382260,CRWD,270.6300048828125,270.9200134277344,270.1099853515625,270.739990234375,22708
2026-10-07 10:12:00,1791382320,CRWD,270.71929931640625,270.9396057128906,270.57000732421875,270.7300109863281,12804
2026-10-07 10:13:00,1791382380,CRWD,270.1499938964844,270.7620849609375,270.0,270.1400146484375,20694
2026-10-07 10:14:00,1791382440,CRWD,270.135009765625,271.0,270.1000061035156,271.0,27159
2026-10-07 10:15:00,1791382500,CRWD,271.0450134277344,271.1400146484375,270.6400146484375,270.8399963378906,15498
2026-10-07 10:16:00,1791382560,CRWD,270.8399963378906,271.04998779296875,270.3999938964844,270.8999938964844,29654
2026-10-07 10:17:00,1791382620,CRWD,271.05999755859375,271.4700012207031,270.70001220703125,271.0487060546875,27738
2026-10-07 10:18:00,1791382680,CRWD,271.1300048828125,271.1300048828125,270.6000061035156,270.82000732421875,10580
2026-10-07 10:19:00,1791382740,CRWD,270.8999938964844,271.2300109863281,270.7601013183594,271.1499938964844,10709
2026-10-07 10:20:00,1791382800,CRWD,271.0299987792969,271.6300048828125,271.0199890136719,271.5899963378906,15467
2026-10-07 10:21:00,1791382860,CRWD,271.6300048828125,271.9798889160156,271.3800048828125,271.7650146484375,31084
2026-10-07 10:22:00,1791382920,CRWD,271.79998779296875,272.2174072265625,271.5299987792969,271.739990234375,30796
2026-10-07 10:23:00,1791382980,CRWD,271.8070983886719,272.1177978515625,271.5,271.5299987792969,32099
2026-10-07 10:24:00,1791383040,CRWD,271.61199951171875,271.635009765625,271.25,271.3500061035156,19259
2026-10-07 10:25:00,1791383100,CRWD,271.2699890136719,271.3399963378906,270.43011474609375,270.7449951171875,30906
2026-10-07 10:26:00,1791383160,CRWD,270.7449951171875,270.9299011230469,270.5,270.5249938964844,14605
2026-10-07 10:27:00,1791383220,CRWD,270.5249938964844,270.760009765625,269.8999938964844,269.9200134277344,24770
2026-10-07 10:28:00,1791383280,CRWD,269.9200134277344,270.0899963378906,269.760009765625,269.9949951171875,11313
2026-10-07 10:29:00,1791383340,CRWD,269.9617919921875,270.3299865722656,269.75,269.864990234375,17471
2026-10-07 10:30:00,1791383400,CRWD,269.79998779296875,270.1700134277344,269.7699890136719,269.95001220703125,19090
2026-10-07 10:31:00,1791383460,CRWD,269.9800109863281,270.3999938964844,269.7510070800781,270.3299865722656,14932
2026-10-07 10:32:00,1791383520,CRWD,270.5,270.5,269.8800048828125,269.9100036621094,20453
2026-10-07 10:33:00,1791383580,CRWD,269.82000732421875,269.8599853515625,269.3500061035156,269.4280090332031,23777
2026-10-07 10:34:00,1791383640,CRWD,269.510009765625,269.9599914550781,269.3190002441406,269.9599914550781,13023
2026-10-07 10:35:00,1791383700,CRWD,269.9049987792969,269.94000244140625,269.29998779296875,269.385009765625,17632
2026-10-07 10:36:00,1791383760,CRWD,269.385009765625,269.760009765625,269.2301025390625,269.760009765625,21418
2026-10-07 10:37:00,1791383820,CRWD,269.6449890136719,269.6600036621094,269.25,269.3999938964844,15516
2026-10-07 10:38:00,1791383880,CRWD,269.3949890136719,269.4100036621094,268.8500061035156,268.9599914550781,24600
2026-10-07 10:39:00,1791383940,CRWD,268.9599914550781,269.3500061035156,268.8999938964844,269.30999755859375,23102
2026-10-07 10:40:00,1791384000,CRWD,269.2825012207031,269.54998779296875,269.2300109863281,269.4549865722656,25020
2026-10-07 10:41:00,1791384060,CRWD,269.4549865722656,269.5899963378906,269.32000732421875,269.54998779296875,17264
2026-10-07 10:42:00,1791384120,CRWD,269.5050048828125,270.1300048828125,269.4849853515625,269.9849853515625,33171
2026-10-07 10:43:00,1791384180,CRWD,269.9849853515625,270.1000061035156,269.6400146484375,269.92999267578125,13921
2026-10-07 10:44:00,1791384240,CRWD,269.79998779296875,270.0954895019531,269.30999755859375,269.5299987792969,24283
2026-10-07 10:45:00,1791384300,CRWD,269.1199951171875,269.45001220703125,269.1199951171875,269.1199951171875,10706
2026-10-07 10:46:00,1791384360,CRWD,269.0899963378906,269.57000732421875,269.0,269.3500061035156,26431
2026-10-07 10:47:00,1791384420,CRWD,269.2099914550781,269.3682861328125,269.010009765625,269.1600036621094,17152
2026-10-07 10:48:00,1791384480,CRWD,269.2900085449219,269.3599853515625,269.0799865722656,269.1449890136719,11382
2026-10-07 10:49:00,1791384540,CRWD,269.0799865722656,269.489990234375,269.04998779296875,269.1499938964844,28363
2026-10-07 10:50:00,1791384600,CRWD,269.2200012207031,269.3699951171875,269.1499938964844,269.2900085449219,12524
2026-10-07 10:51:00,1791384660,CRWD,269.4200134277344,269.6000061035156,269.2799987792969,269.4700012207031,24656
2026-10-07 10:52:00,1791384720,CRWD,269.4700012207031,269.4700012207031,269.135009765625,269.1400146484375,9738
2026-10-07 10:53:00,1791384780,CRWD,269.239990234375,269.5,269.20001220703125,269.44000244140625,10895
2026-10-07 10:54:00,1791384840,CRWD,269.4599914550781,269.6319885253906,269.3399963378906,269.4601135253906,13538
2026-10-07 10:55:00,1791384900,CRWD,269.5199890136719,269.69000244140625,269.2900085449219,269.2900085449219,9746
2026-10-07 10:56:00,1791384960,CRWD,269.3450012207031,269.3450012207031,268.7669982910156,268.7669982910156,22406
2026-10-07 10:57:00,1791385020,CRWD,268.8299865722656,269.19268798828125,268.82501220703125,268.8800048828125,13478
2026-10-07 10:58:00,1791385080,CRWD,268.9200134277344,268.9700012207031,268.42498779296875,268.6000061035156,30526
2026-10-07 10:59:00,1791385140,CRWD,268.62298583984375,269.0,268.60009765625,268.8800048828125,17968
2026-10-07 11:00:00,1791385200,CRWD,268.885009765625,269.0050048828125,268.6700134277344,268.9700012207031,12246
2026-10-07 11:01:00,1791385260,CRWD,268.9700012207031,269.16351318359375,268.8399963378906,268.9700012207031,12338
2026-10-07 11:02:00,1791385320,CRWD,268.9949951171875,269.3999938964844,268.8599853515625,269.2550048828125,17200
2026-10-07 11:03:00,1791385380,CRWD,269.2550048828125,269.2799987792969,268.8233947753906,268.8233947753906,16121
2026-10-07 11:04:00,1791385440,CRWD,268.8500061035156,269.30499267578125,268.8500061035156,269.2550048828125,12505
2026-10-07 11:05:00,1791385500,CRWD,269.2799987792969,269.2850036621094,269.0799865722656,269.0849914550781,5512
2026-10-07 11:06:00,1791385560,CRWD,269.1600036621094,269.39990234375,269.010009765625,269.25,10063
2026-10-07 11:07:00,1791385620,CRWD,269.1700134277344,269.43499755859375,269.1449890136719,269.42498779296875,4381
2026-10-07 11:08:00,1791385680,CRWD,269.42498779296875,269.5400085449219,269.29998779296875,269.44500732421875,21489
2026-10-07 11:09:00,1791385740,CRWD,269.42999267578125,269.5,269.32000732421875,269.3699951171875,10328
2026-10-07 11:10:00,1791385800,CRWD,269.3999938964844,269.3999938964844,269.0700988769531,269.239990234375,9777
2026-10-07 11:11:00,1791385860,CRWD,269.2449951171875,269.6000061035156,269.20599365234375,269.40008544921875,17400
2026-10-07 11:12:00,1791385920,CRWD,269.4049987792969,269.52850341796875,269.3705139160156,269.4049987792969,10063
2026-10-07 11:13:00,1791385980,CRWD,269.42498779296875,269.4339904785156,269.0,269.0899963378906,20404
2026-10-07 11:14:00,1791386040,CRWD,269.1700134277344,269.5054931640625,269.090087890625,269.4150085449219,18772
2026-10-07 11:15:00,1791386100,CRWD,269.5498962402344,269.5498962402344,269.1000061035156,269.19000244140625,8550
2026-10-07 11:16:00,1791386160,CRWD,269.19000244140625,269.5173034667969,269.1000061035156,269.4599914550781,15481
2026-10-07 11:17:00,1791386220,CRWD,269.4599914550781,269.739990234375,269.42999267578125,269.6050109863281,11132
2026-10-07 11:18:00,1791386280,CRWD,269.6000061035156,269.889892578125,269.5950012207031,269.889892578125,9370
2026-10-07 11:19:00,1791386340,CRWD,269.8450012207031,269.8699951171875,269.6700134277344,269.760009765625,11260
2026-10-07 11:20:00,1791386400,CRWD,269.7950134277344,269.79998779296875,269.42950439453125,269.57000732421875,20537
2026-10-07 11:21:00,1791386460,CRWD,269.55999755859375,269.7860107421875,269.5,269.5,19441
2026-10-07 11:22:00,1791386520,CRWD,269.4649963378906,269.6300048828125,269.40008544921875,269.5450134277344,15463
2026-10-07 11:23:00,1791386580,CRWD,269.55999755859375,269.6650085449219,269.489990234375,269.489990234375,9249
2026-10-07 11:24:00,1791386640,CRWD,269.489990234375,269.55999755859375,269.2099914550781,269.2099914550781,17557
2026-10-07 11:25:00,1791386700,CRWD,269.31500244140625,269.4200134277344,269.2099914550781,269.3699035644531,6196
2026-10-07 11:26:00,1791386760,CRWD,269.31500244140625,269.489990234375,269.2101135253906,269.489990234375,10584
2026-10-07 11:27:00,1791386820,CRWD,269.5,269.6199951171875,269.360107421875,269.3699951171875,10792
2026-10-07 11:28:00,1791386880,CRWD,269.3700866699219,269.5126037597656,269.260009765625,269.4649963378906,7177
2026-10-07 11:29:00,1791386940,CRWD,269.4649963378906,269.4700012207031,269.20001220703125,269.260009765625,11784
2026-10-07 11:30:00,1791387000,CRWD,269.1499938964844,269.2049865722656,268.79998779296875,268.79998779296875,21418
2026-10-07 11:31:00,1791387060,CRWD,268.79998779296875,269.0799865722656,268.760009765625,269.05999755859375,11412
2026-10-07 11:32:00,1791387120,CRWD,268.93798828125,269.0400085449219,268.7550048828125,268.7550048828125,9251
2026-10-07 11:33:00,1791387180,CRWD,268.739990234375,268.760009765625,268.3699951171875,268.5150146484375,18908
2026-10-07 11:34:00,1791387240,CRWD,268.43499755859375,268.5107116699219,268.3699951171875,268.489990234375,12109
2026-10-07 11:35:00,1791387300,CRWD,268.4849853515625,268.5299987792969,268.4100036621094,268.510009765625,9492
2026-10-07 11:36:00,1791387360,CRWD,268.5199890136719,268.9200134277344,268.4700012207031,268.8299865722656,16906
2026-10-07 11:37:00,1791387420,CRWD,268.79998779296875,268.8985900878906,268.6499938964844,268.7225036621094,14319
2026-10-07 11:38:00,1791387480,CRWD,268.7149963378906,268.7275085449219,268.510009765625,268.5400085449219,21977
2026-10-07 11:39:00,1791387540,CRWD,268.57501220703125,268.57501220703125,267.8800048828125,268.07501220703125,43747
2026-10-07 11:40:00,1791387600,CRWD,268.07501220703125,268.2900085449219,268.0249938964844,268.2900085449219,9655
2026-10-07 11:41:00,1791387660,CRWD,268.2799987792969,268.5899963378906,268.20001220703125,268.55999755859375,16184
2026-10-07 11:42:00,1791387720,CRWD,268.5249938964844,268.80499267578125,268.4849853515625,268.4849853515625,11290
2026-10-07 11:43:00,1791387780,CRWD,268.4849853515625,268.739990234375,268.2550048828125,268.5404968261719,11612
2026-10-07 11:44:00,1791387840,CRWD,268.625,268.8598937988281,268.5899963378906,268.7250061035156,12101
2026-10-07 11:45:00,1791387900,CRWD,268.8599853515625,268.8599853515625,268.6400146484375,268.760009765625,7910
2026-10-07 11:46:00,1791387960,CRWD,268.79998779296875,269.0450134277344,268.75,268.885009765625,5913
2026-10-07 11:47:00,1791388020,CRWD,268.8999938964844,269.1047058105469,268.7799987792969,268.82501220703125,8492
2026-10-07 11:48:00,1791388080,CRWD,268.75,268.92999267578125,268.75,268.864990234375,10230
2026-10-07 11:49:00,1791388140,CRWD,268.8699951171875,268.8900146484375,268.5299987792969,268.82501220703125,10334
2026-10-07 11:50:00,1791388200,CRWD,268.8999938964844,268.95941162109375,268.80999755859375,268.849609375,7708
2026-10-07 11:51:00,1791388260,CRWD,268.8599853515625,269.1300048828125,268.7300109863281,269.1300048828125,12461
2026-10-07 11:52:00,1791388320,CRWD,269.1099853515625,269.3699951171875,269.1099853515625,269.20001220703125,12683
2026-10-07 11:53:00,1791388380,CRWD,269.0899963378906,269.2099914550781,268.80999755859375,268.94000244140625,7349
2026-10-07 11:54:00,1791388440,CRWD,268.79998779296875,268.9363098144531,268.67999267578125,268.70001220703125,4754
2026-10-07 11:55:00,1791388500,CRWD,268.67999267578125,268.67999267578125,268.20001220703125,268.30999755859375,14175
2026-10-07 11:56:00,1791388560,CRWD,268.260009765625,268.29998779296875,268.0299987792969,268.18499755859375,11040
2026-10-07 11:57:00,1791388620,CRWD,268.18499755859375,268.46990966796875,268.1600036621094,268.2200012207031,9393
2026-10-07 11:58:00,1791388680,CRWD,268.2900085449219,268.30499267578125,268.0799865722656,268.1400146484375,8342
2026-10-07 11:59:00,1791388740,CRWD,268.1099853515625,268.1899108886719,268.04998779296875,268.1099853515625,4429
2026-10-07 12:00:00,1791388800,CRWD,268.1099853515625,268.1099853515625,267.79998779296875,267.8299865722656,25321
2026-10-07 12:01:00,1791388860,CRWD,267.8299865722656,268.159912109375,267.8299865722656,267.94500732421875,10993
2026-10-07 12:02:00,1791388920,CRWD,267.9949951171875,268.1600036621094,267.9100036621094,267.9100036621094,12983
2026-10-07 12:03:00,1791388980,CRWD,268.0050048828125,268.1099853515625,267.8299865722656,267.92999267578125,32049
2026-10-07 12:04:00,1791389040,CRWD,267.8399963378906,268.0,267.760498046875,267.8299865722656,12148
2026-10-07 12:05:00,1791389100,CRWD,267.7900085449219,267.94000244140625,267.7466125488281,267.92498779296875,23634
2026-10-07 12:06:00,1791389160,CRWD,267.8760070800781,268.0400085449219,267.8299865722656,268.0150146484375,12440
2026-10-07 12:07:00,1791389220,CRWD,268.0150146484375,268.2699890136719,268.0,268.2149963378906,9080
2026-10-07 12:08:00,1791389280,CRWD,268.260009765625,268.3500061035156,268.2099914550781,268.25,9718
2026-10-07 12:09:00,1791389340,CRWD,268.2650146484375,268.6000061035156,268.2117919921875,268.5586853027344,10194
2026-10-07 12:10:00,1791389400,CRWD,268.5450134277344,268.67999267578125,268.44000244140625,268.55999755859375,10127
2026-10-07 12:11:00,1791389460,CRWD,268.55999755859375,268.6499938964844,268.45001220703125,268.4949951171875,8597
2026-10-07 12:12:00,1791389520,CRWD,268.45001220703125,268.7449951171875,268.45001220703125,268.67999267578125,4472
2026-10-07 12:13:00,1791389580,CRWD,268.6449890136719,268.80999755859375,268.6400146484375,268.79998779296875,3885
2026-10-07 12:14:00,1791389640,CRWD,268.79998779296875,268.80999755859375,268.5,268.5799865722656,4849
2026-10-07 12:15:00,1791389700,CRWD,268.56500244140625,268.56500244140625,268.20001220703125,268.3059997558594,7583
2026-10-07 12:16:00,1791389760,CRWD,268.2749938964844,268.3299865722656,268.0,268.1300048828125,12416
2026-10-07 12:17:00,1791389820,CRWD,268.1000061035156,268.1000061035156,267.70001220703125,267.8299865722656,10422
2026-10-07 12:18:00,1791389880,CRWD,267.8399963378906,267.8800048828125,267.5799865722656,267.625,19814
2026-10-07 12:19:00,1791389940,CRWD,267.5899963378906,267.7298889160156,267.510009765625,267.6099853515625,12560
2026-10-07 12:20:00,1791390000,CRWD,267.7200012207031,267.7749938964844,267.57000732421875,267.7449951171875,9505
2026-10-07 12:21:00,1791390060,CRWD,267.7449951171875,267.84991455078125,267.6400146484375,267.8349914550781,5498
2026-10-07 12:22:00,1791390120,CRWD,267.8699951171875,268.0198974609375,267.8500061035156,267.92999267578125,11455
2026-10-07 12:23:00,1791390180,CRWD,267.92498779296875,267.9800109863281,267.777587890625,267.9649963378906,6398
2026-10-07 12:24:00,1791390240,CRWD,267.9100036621094,267.95001220703125,267.6600036621094,267.8450012207031,8586
2026-10-07 12:25:00,1791390300,CRWD,267.7799987792969,267.8699951171875,267.7799987792969,267.8299865722656,4772
2026-10-07 12:26:00,1791390360,CRWD,267.8500061035156,267.9150085449219,267.6600036621094,267.7650146484375,9442
2026-10-07 12:27:00,1791390420,CRWD,267.6499938964844,267.75,267.6099853515625,267.6199951171875,4338
2026-10-07 12:28:00,1791390480,CRWD,267.6199951171875,267.7799987792969,267.6000061035156,267.75,11892
2026-10-07 12:29:00,1791390540,CRWD,267.7099914550781,267.78009033203125,267.6000061035156,267.69500732421875,2696
2026-10-07 12:30:00,1791390600,CRWD,267.7900085449219,267.9049987792969,267.760009765625,267.9049987792969,5062
2026-10-07 12:31:00,1791390660,CRWD,267.8999938964844,268.0140075683594,267.8999938964844,268.0,5768
2026-10-07 12:32:00,1791390720,CRWD,267.8999938964844,268.1199951171875,267.8999938964844,268.05999755859375,8780
2026-10-07 12:33:00,1791390780,CRWD,268.07000732421875,268.19000244140625,268.04998779296875,268.1684875488281,11969
2026-10-07 12:34:00,1791390840,CRWD,268.090087890625,268.30999755859375,268.090087890625,268.1199951171875,7338
2026-10-07 12:35:00,1791390900,CRWD,268.17498779296875,268.19000244140625,268.0899963378906,268.1000061035156,3532
2026-10-07 12:36:00,1791390960,CRWD,268.1400146484375,268.17999267578125,268.010009765625,268.010009765625,6333
2026-10-07 12:37:00,1791391020,CRWD,268.052001953125,268.1600036621094,267.92999267578125,267.989990234375,6218
2026-10-07 12:38:00,1791391080,CRWD,267.9578857421875,267.98419189453125,267.44500732421875,267.44500732421875,24497
2026-10-07 12:39:00,1791391140,CRWD,267.4898986816406,267.5899963378906,267.4501037597656,267.54998779296875,7346
2026-10-07 12:40:00,1791391200,CRWD,267.57501220703125,267.6799011230469,267.364990234375,267.44000244140625,8680
2026-10-07 12:41:00,1791391260,CRWD,267.4700012207031,267.57989501953125,267.4100036621094,267.57989501953125,5321
2026-10-07 12:43:00,1791391380,CRWD,267.5289001464844,267.70001220703125,267.3900146484375,267.6675109863281,16537
2026-10-07 12:44:00,1791391440,CRWD,267.69500732421875,267.80999755859375,267.6600036621094,267.7250061035156,11901
2026-10-07 12:45:00,1791391500,CRWD,267.7200012207031,267.74749755859375,267.54998779296875,267.5799865722656,6328
2026-10-07 12:46:00,1791391560,CRWD,267.6099853515625,267.76971435546875,267.5299987792969,267.57501220703125,7190
2026-10-07 12:47:00,1791391620,CRWD,267.5799865722656,267.67999267578125,267.5199890136719,267.55499267578125,8184
2026-10-07 12:48:00,1791391680,CRWD,267.57000732421875,267.69000244140625,267.55999755859375,267.6600036621094,5607
2026-10-07 12:49:00,1791391740,CRWD,267.6600036621094,267.885009765625,267.6099853515625,267.7749938964844,18224
2026-10-07 12:50:00,1791391800,CRWD,267.7749938964844,268.0299987792969,267.7250061035156,268.0199890136719,5760
2026-10-07 12:51:00,1791391860,CRWD,267.95001220703125,267.9800109863281,267.79998779296875,267.9798889160156,4464
2026-10-07 12:52:00,1791391920,CRWD,267.94000244140625,267.96990966796875,267.79998779296875,267.8500061035156,5644
2026-10-07 12:53:00,1791391980,CRWD,267.7900085449219,267.9100036621094,267.70001220703125,267.70001220703125,5950
2026-10-07 12:54:00,1791392040,CRWD,267.760009765625,267.7699890136719,267.2550048828125,267.4425048828125,14909
2026-10-07 12:55:00,1791392100,CRWD,267.489990234375,267.5198974609375,267.3599853515625,267.510009765625,5913
2026-10-07 12:56:00,1791392160,CRWD,267.44000244140625,267.760009765625,267.43548583984375,267.6300048828125,10409
2026-10-07 12:57:00,1791392220,CRWD,267.6300048828125,267.6449890136719,267.47198486328125,267.51739501953125,10809
2026-10-07 12:58:00,1791392280,CRWD,267.54998779296875,267.82000732421875,267.45001220703125,267.67999267578125,4434
2026-10-07 12:59:00,1791392340,CRWD,267.67999267578125,267.67999267578125,267.3500061035156,267.4150085449219,10699
2026-10-07 13:00:00,1791392400,CRWD,267.4150085449219,267.4599914550781,267.20001220703125,267.2900085449219,13334
2026-10-07 13:01:00,1791392460,CRWD,267.29998779296875,267.5,267.2749938964844,267.42999267578125,11482
2026-10-07 13:02:00,1791392520,CRWD,267.42498779296875,267.9100036621094,267.42498779296875,267.875,15183
2026-10-07 13:03:00,1791392580,CRWD,267.875,267.875,267.0,267.18499755859375,26933
2026-10-07 13:04:00,1791392640,CRWD,267.18499755859375,267.260009765625,267.04998779296875,267.1499938964844,8606
2026-10-07 13:05:00,1791392700,CRWD,267.1499938964844,267.20001220703125,267.04998779296875,267.1199951171875,12468
2026-10-07 13:06:00,1791392760,CRWD,267.1199951171875,267.28900146484375,266.6700134277344,267.1650085449219,29155
2026-10-07 13:07:00,1791392820,CRWD,267.114990234375,267.19000244140625,266.9649963378906,267.07501220703125,7806
2026-10-07 13:08:00,1791392880,CRWD,267.07501220703125,267.3800048828125,267.07501220703125,267.0799865722656,5808
2026-10-07 13:09:00,1791392940,CRWD,267.1899108886719,267.2699890136719,267.0799865722656,267.1650085449219,10674
2026-10-07 13:10:00,1791393000,CRWD,267.2297058105469,267.2300109863281,267.0899963378906,267.0899963378906,7137
2026-10-07 13:11:00,1791393060,CRWD,267.1449890136719,267.239990234375,267.0249938964844,267.04998779296875,9997
2026-10-07 13:12:00,1791393120,CRWD,267.04998779296875,267.1000061035156,266.92999267578125,266.92999267578125,14491
2026-10-07 13:13:00,1791393180,CRWD,266.94000244140625,267.19000244140625,266.94000244140625,267.19000244140625,11172
2026-10-07 13:14:00,1791393240,CRWD,267.1300048828125,267.2300109863281,267.05010986328125,267.1650085449219,7177
2026-10-07 13:15:00,1791393300,CRWD,267.20001220703125,267.20001220703125,266.8450012207031,266.95001220703125,13646
2026-10-07 13:16:00,1791393360,CRWD,266.9800109863281,266.9800109863281,266.8599853515625,266.8699951171875,9044
2026-10-07 13:17:00,1791393420,CRWD,266.92498779296875,267.04998779296875,266.9200134277344,267.04998779296875,8301
2026-10-07 13:18:00,1791393480,CRWD,267.05499267578125,267.05499267578125,266.8699951171875,266.989990234375,4982
2026-10-07 13:19:00,1791393540,CRWD,266.8705139160156,266.989990234375,266.3999938964844,266.5,91214
2026-10-07 13:20:00,1791393600,CRWD,266.5,266.7900085449219,266.4100036621094,266.7200012207031,32202
2026-10-07 13:21:00,1791393660,CRWD,266.7099914550781,266.9100036621094,266.6499938964844,266.8299865722656,9851
2026-10-07 13:22:00,1791393720,CRWD,266.8305969238281,267.0400085449219,266.7300109863281,267.0400085449219,10787
2026-10-07 13:23:00,1791393780,CRWD,266.9849853515625,267.04949951171875,266.9599914550781,267.02978515625,4453
2026-10-07 13:24:00,1791393840,CRWD,267.0,267.16900634765625,266.8800048828125,267.0199890136719,22427
2026-10-07 13:25:00,1791393900,CRWD,267.0400085449219,267.1700134277344,266.95001220703125,267.04998779296875,7837
2026-10-07 13:26:00,1791393960,CRWD,267.07000732421875,267.07000732421875,266.6300048828125,266.6600036621094,11192
2026-10-07 13:27:00,1791394020,CRWD,266.6300048828125,266.8299865722656,266.5000915527344,266.7749938964844,8671
2026-10-07 13:28:00,1791394080,CRWD,266.82000732421875,266.82000732421875,266.6400146484375,266.6700134277344,6705
2026-10-07 13:29:00,1791394140,CRWD,266.6099853515625,266.6983947753906,266.4200134277344,266.4200134277344,16204
2026-10-07 13:30:00,1791394200,CRWD,266.4949951171875,266.587890625,266.4100036621094,266.5150146484375,24197
2026-10-07 13:31:00,1791394260,CRWD,266.5150146484375,266.7300109863281,266.4801025390625,266.6099853515625,8869
2026-10-07 13:32:00,1791394320,CRWD,266.6099853515625,266.843994140625,266.55499267578125,266.79998779296875,7730
2026-10-07 13:33:00,1791394380,CRWD,266.8299865722656,267.0199890136719,266.8299865722656,266.8500061035156,9661
2026-10-07 13:34:00,1791394440,CRWD,266.885009765625,266.9999084472656,266.79998779296875,266.8399963378906,8159
2026-10-07 13:35:00,1791394500,CRWD,266.8299865722656,266.9722900390625,266.8299865722656,266.9722900390625,5833
2026-10-07 13:36:00,1791394560,CRWD,266.875,266.9800109863281,266.80999755859375,266.875,5501
2026-10-07 13:37:00,1791394620,CRWD,266.760009765625,266.760009765625,266.760009765625,266.760009765625,10651
2026-10-07 13:38:00,1791394680,CRWD,266.7099914550781,267.00360107421875,266.69000244140625,267.0,24521
2026-10-07 13:39:00,1791394740,CRWD,267.0150146484375,267.0799865722656,266.9200134277344,267.0799865722656,7759
2026-10-07 13:40:00,1791394800,CRWD,267.010009765625,267.0799865722656,266.8800048828125,266.9049987792969,19418
2026-10-07 13:41:00,1791394860,CRWD,266.90008544921875,267.1400146484375,266.8900146484375,266.8900146484375,19721
2026-10-07 13:42:00,1791394920,CRWD,266.9150085449219,267.1099853515625,266.8299865722656,267.0799865722656,6543
2026-10-07 13:43:00,1791394980,CRWD,267.0,267.41900634765625,267.0,267.32501220703125,14764
2026-10-07 13:44:00,1791395040,CRWD,267.32501220703125,267.3399963378906,267.1300048828125,267.260009765625,7709
2026-10-07 13:45:00,1791395100,CRWD,267.260009765625,267.4200134277344,267.2449951171875,267.4200134277344,7918
2026-10-07 13:46:00,1791395160,CRWD,267.3900146484375,267.69000244140625,267.239990234375,267.6400146484375,42396
2026-10-07 13:47:00,1791395220,CRWD,267.6400146484375,267.92999267578125,267.6050109863281,267.8500061035156,22567
2026-10-07 13:48:00,1791395280,CRWD,267.8599853515625,267.8900146484375,267.6650085449219,267.7749938964844,9705
2026-10-07 13:49:00,1791395340,CRWD,267.7749938964844,267.89898681640625,267.6700134277344,267.67999267578125,12279
2026-10-07 13:50:00,1791395400,CRWD,267.7781066894531,267.78369140625,267.6499938964844,267.7250061035156,13356
2026-10-07 13:51:00,1791395460,CRWD,267.6600036621094,267.7300109863281,267.54998779296875,267.57501220703125,9615
2026-10-07 13:52:00,1791395520,CRWD,267.6000061035156,267.6700134277344,267.4464111328125,267.6199951171875,10355
2026-10-07 13:53:00,1791395580,CRWD,267.6199951171875,267.75640869140625,267.5299987792969,267.6099853515625,7908
2026-10-07 13:54:00,1791395640,CRWD,267.6050109863281,267.6700134277344,267.364990234375,267.4800109863281,17421
2026-10-07 13:55:00,1791395700,CRWD,267.5199890136719,267.5199890136719,267.3900146484375,267.45001220703125,10219
2026-10-07 13:56:00,1791395760,CRWD,267.4649963378906,267.5,267.3399963378906,267.5,6035
2026-10-07 13:57:00,1791395820,CRWD,267.43499755859375,267.5899963378906,267.3399963378906,267.4798889160156,11622
2026-10-07 13:58:00,1791395880,CRWD,267.4150085449219,267.5885009765625,267.3399963378906,267.4800109863281,7048
2026-10-07 13:59:00,1791395940,CRWD,267.4750061035156,267.739990234375,267.3999938964844,267.739990234375,6840
2026-10-07 14:00:00,1791396000,CRWD,267.7950134277344,267.7950134277344,267.4200134277344,267.5,8102
2026-10-07 14:01:00,1791396060,CRWD,267.5,267.5299987792969,267.3500061035156,267.5050048828125,8275
2026-10-07 14:02:00,1791396120,CRWD,267.5899963378906,267.8399963378906,267.5600891113281,267.7099914550781,4933
2026-10-07 14:03:00,1791396180,CRWD,267.7099914550781,267.7099914550781,267.3900146484375,267.3900146484375,6675
2026-10-07 14:04:00,1791396240,CRWD,267.4100036621094,267.5299987792969,267.17999267578125,267.17999267578125,7627
2026-10-07 14:05:00,1791396300,CRWD,267.17999267578125,267.2799987792969,267.1199951171875,267.1199951171875,11644
2026-10-07 14:06:00,1791396360,CRWD,267.05999755859375,267.0797119140625,266.80999755859375,266.8699951171875,16346
2026-10-07 14:07:00,1791396420,CRWD,266.8699951171875,267.0,266.67999267578125,266.8999938964844,18063
2026-10-07 14:08:00,1791396480,CRWD,266.8800964355469,267.17999267578125,266.7799987792969,267.1199951171875,9870
2026-10-07 14:09:00,1791396540,CRWD,267.1199951171875,267.19000244140625,266.7200012207031,266.80999755859375,16209
2026-10-07 14:10:00,1791396600,CRWD,266.7799987792969,266.7799987792969,266.5704040527344,266.6050109863281,11484
2026-10-07 14:11:00,1791396660,CRWD,266.67999267578125,266.77899169921875,266.6000061035156,266.6700134277344,10511
2026-10-07 14:12:00,1791396720,CRWD,266.6199951171875,266.95001220703125,266.6000061035156,266.68499755859375,25657
2026-10-07 14:13:00,1791396780,CRWD,266.68499755859375,266.87200927734375,266.6000061035156,266.7850036621094,12176
2026-10-07 14:14:00,1791396840,CRWD,266.81500244140625,266.82000732421875,266.55999755859375,266.55999755859375,15032
2026-10-07 14:15:00,1791396900,CRWD,266.6199951171875,266.7900085449219,266.5849914550781,266.7449951171875,8725
2026-10-07 14:16:00,1791396960,CRWD,266.67999267578125,266.7909851074219,266.6700134277344,266.7349853515625,8627
2026-10-07 14:17:00,1791397020,CRWD,266.70001220703125,266.80999755859375,266.6400146484375,266.70001220703125,9201
2026-10-07 14:18:00,1791397080,CRWD,266.7099914550781,266.7900085449219,266.6000061035156,266.6000061035156,9300
2026-10-07 14:19:00,1791397140,CRWD,266.5971984863281,266.6600036621094,266.42999267578125,266.5150146484375,17721
2026-10-07 14:20:00,1791397200,CRWD,266.5150146484375,266.6000061035156,266.4607849121094,266.56500244140625,9388
2026-10-07 14:21:00,1791397260,CRWD,266.56500244140625,266.5899963378906,266.3999938964844,266.4612121582031,11451
2026-10-07 14:22:00,1791397320,CRWD,266.3999938964844,266.4800109863281,266.2900085449219,266.30999755859375,28681
2026-10-07 14:23:00,1791397380,CRWD,266.3500061035156,266.4200134277344,266.3500061035156,266.4100036621094,9417
2026-10-07 14:24:00,1791397440,CRWD,266.4049987792969,266.4049987792969,266.2799987792969,266.28009033203125,12907
2026-10-07 14:25:00,1791397500,CRWD,266.29998779296875,266.29998779296875,266.04998779296875,266.0899963378906,13453
2026-10-07 14:26:00,1791397560,CRWD,266.1600036621094,266.20001220703125,266.1000061035156,266.1000061035156,8666
2026-10-07 14:27:00,1791397620,CRWD,266.20001220703125,266.20001220703125,265.6000061035156,265.69000244140625,34908
2026-10-07 14:28:00,1791397680,CRWD,265.7300109863281,265.9142150878906,265.6199951171875,265.7850036621094,34404
2026-10-07 14:29:00,1791397740,CRWD,265.8399963378906,266.0299987792969,265.75,265.87310791015625,12763
2026-10-07 14:30:00,1791397800,CRWD,265.8500061035156,265.9700012207031,265.6243896484375,265.92498779296875,14749
2026-10-07 14:31:00,1791397860,CRWD,265.92498779296875,266.3399963378906,265.8599853515625,266.1000061035156,16934
2026-10-07 14:32:00,1791397920,CRWD,266.1000061035156,266.12921142578125,265.8299865722656,265.8299865722656,16211
2026-10-07 14:33:00,1791397980,CRWD,265.82000732421875,265.9200134277344,265.65008544921875,265.75,8163
2026-10-07 14:34:00,1791398040,CRWD,265.7749938964844,265.8900146484375,265.6199951171875,265.8299865722656,9534
2026-10-07 14:35:00,1791398100,CRWD,265.7699890136719,265.8399963378906,265.6000061035156,265.6700134277344,13023
2026-10-07 14:36:00,1791398160,CRWD,265.6199951171875,265.6199951171875,265.1300048828125,265.19000244140625,25315
2026-10-07 14:37:00,1791398220,CRWD,265.2099914550781,265.2200012207031,264.79998779296875,265.15838623046875,43319
2026-10-07 14:38:00,1791398280,CRWD,265.1499938964844,265.1700134277344,264.8500061035156,265.1005859375,35784
2026-10-07 14:39:00,1791398340,CRWD,265.06500244140625,265.4100036621094,265.01239013671875,265.31500244140625,23032
2026-10-07 14:40:00,1791398400,CRWD,265.34320068359375,265.7099914550781,265.25,265.4236145019531,29327
2026-10-07 14:41:00,1791398460,CRWD,265.3399963378906,265.4200134277344,265.0,265.3399963378906,28068
2026-10-07 14:42:00,1791398520,CRWD,265.3399963378906,265.3399963378906,264.760009765625,264.8299865722656,20498
2026-10-07 14:43:00,1791398580,CRWD,264.8999938964844,264.9150085449219,264.67999267578125,264.9150085449219,16898
2026-10-07 14:44:00,1791398640,CRWD,264.8999938964844,265.1099853515625,264.82000732421875,264.8999938964844,13269
2026-10-07 14:45:00,1791398700,CRWD,265.0050048828125,265.0050048828125,264.7799987792969,264.9150085449219,10855
2026-10-07 14:46:00,1791398760,CRWD,264.9150085449219,264.9599914550781,264.8299865722656,264.8299865722656,18653
2026-10-07 14:47:00,1791398820,CRWD,264.8349914550781,265.0,264.82000732421875,264.8999938964844,16464
2026-10-07 14:48:00,1791398880,CRWD,264.9601135253906,265.0,264.8500061035156,264.9700012207031,15066
2026-10-07 14:49:00,1791398940,CRWD,264.9200134277344,265.34991455078125,264.9200134277344,264.9800109863281,17225
2026-10-07 14:50:00,1791399000,CRWD,264.9800109863281,265.010009765625,264.7699890136719,264.93499755859375,16714
2026-10-07 14:51:00,1791399060,CRWD,264.8999938964844,265.0,264.8999938964844,264.92999267578125,11558
2026-10-07 14:52:00,1791399120,CRWD,264.95001220703125,265.2900085449219,264.92999267578125,265.2799987792969,32892
2026-10-07 14:53:00,1791399180,CRWD,265.21978759765625,265.3399963378906,265.1499938964844,265.19500732421875,8950
2026-10-07 14:54:00,1791399240,CRWD,265.16229248046875,265.4700012207031,265.1499938964844,265.4700012207031,9892
2026-10-07 14:55:00,1791399300,CRWD,265.4800109863281,265.6499938964844,265.2099914550781,265.2749938964844,38674
2026-10-07 14:56:00,1791399360,CRWD,265.22601318359375,265.4200134277344,265.1600036621094,265.4200134277344,15084
2026-10-07 14:57:00,1791399420,CRWD,265.4549865722656,265.4700012207031,265.32000732421875,265.3699951171875,11305
2026-10-07 14:58:00,1791399480,CRWD,265.4100036621094,265.4100036621094,265.2699890136719,265.32000732421875,5486
2026-10-07 14:59:00,1791399540,CRWD,265.239990234375,265.3900146484375,265.2099914550781,265.239990234375,10321
2026-10-07 15:00:00,1791399600,CRWD,265.2799987792969,265.3599853515625,265.20001220703125,265.3599853515625,9734
2026-10-07 15:01:00,1791399660,CRWD,265.3900146484375,265.3960876464844,265.29998779296875,265.29998779296875,7435
2026-10-07 15:02:00,1791399720,CRWD,265.3500061035156,265.3699951171875,265.1600036621094,265.2799987792969,11702
2026-10-07 15:03:00,1791399780,CRWD,265.2699890136719,265.29998779296875,264.94000244140625,264.94000244140625,17480
2026-10-07 15:04:00,1791399840,CRWD,264.95001220703125,265.44000244140625,264.95001220703125,265.44000244140625,20339
2026-10-07 15:05:00,1791399900,CRWD,265.45001220703125,265.95001220703125,265.3949890136719,265.489990234375,25026
2026-10-07 15:06:00,1791399960,CRWD,265.5199890136719,265.5299987792969,265.0199890136719,265.1000061035156,15992
2026-10-07 15:07:00,1791400020,CRWD,265.1700134277344,265.2200012207031,264.92999267578125,264.92999267578125,26104
2026-10-07 15:08:00,1791400080,CRWD,264.8999938964844,265.0799865722656,264.8999938964844,264.9100036621094,17209
2026-10-07 15:09:00,1791400140,CRWD,264.8999938964844,264.94500732421875,264.7900085449219,264.94500732421875,14256
2026-10-07 15:10:00,1791400200,CRWD,264.9100036621094,264.9800109863281,264.6700134277344,264.7349853515625,9247
2026-10-07 15:11:00,1791400260,CRWD,264.7349853515625,264.9543151855469,264.6700134277344,264.8599853515625,15731
2026-10-07 15:12:00,1791400320,CRWD,264.8500061035156,264.94000244140625,264.7799987792969,264.82000732421875,9179
2026-10-07 15:13:00,1791400380,CRWD,264.82000732421875,264.94000244140625,264.7300109863281,264.92498779296875,13015
2026-10-07 15:14:00,1791400440,CRWD,264.92498779296875,264.94000244140625,264.5,264.6300048828125,23336
2026-10-07 15:15:00,1791400500,CRWD,264.6600036621094,264.75,264.5799865722656,264.7049865722656,12046
2026-10-07 15:16:00,1791400560,CRWD,264.7049865722656,264.8299865722656,264.57000732421875,264.7950134277344,13534
2026-10-07 15:17:00,1791400620,CRWD,264.75,264.8299865722656,264.6300048828125,264.8299865722656,10975
2026-10-07 15:18:00,1791400680,CRWD,264.8450012207031,264.94000244140625,264.79998779296875,264.9200134277344,13623
2026-10-07 15:19:00,1791400740,CRWD,264.9674987792969,265.31500244140625,264.94500732421875,265.260009765625,15826
2026-10-07 15:20:00,1791400800,CRWD,265.2550048828125,265.30999755859375,265.04998779296875,265.1400146484375,13232
2026-10-07 15:21:00,1791400860,CRWD,265.1549987792969,265.20001220703125,265.04998779296875,265.125,14814
2026-10-07 15:22:00,1791400920,CRWD,265.125,265.2900085449219,265.125,265.2699890136719,7164
2026-10-07 15:23:00,1791400980,CRWD,265.2699890136719,265.2799987792969,265.0799865722656,265.0799865722656,10109
2026-10-07 15:24:00,1791401040,CRWD,265.114990234375,265.1300048828125,265.0,265.0299987792969,13860
2026-10-07 15:25:00,1791401100,CRWD,265.052001953125,265.1000061035156,264.95001220703125,264.9599914550781,16758
2026-10-07 15:26:00,1791401160,CRWD,265.0199890136719,265.1799011230469,264.92498779296875,265.13079833984375,14471
2026-10-07 15:27:00,1791401220,CRWD,265.1199951171875,265.30999755859375,265.05999755859375,265.30999755859375,15175
2026-10-07 15:28:00,1791401280,CRWD,265.1700134277344,265.32000732421875,265.1700134277344,265.2615051269531,11396
2026-10-07 15:29:00,1791401340,CRWD,265.2699890136719,265.44000244140625,265.25,265.44000244140625,9907
2026-10-07 15:30:00,1791401400,CRWD,265.43499755859375,265.80999755859375,265.43499755859375,265.6449890136719,26731
2026-10-07 15:31:00,1791401460,CRWD,265.6449890136719,265.7598876953125,265.52801513671875,265.70001220703125,14027
2026-10-07 15:32:00,1791401520,CRWD,265.6499938964844,265.6499938964844,265.347412109375,265.4200134277344,17050
2026-10-07 15:33:00,1791401580,CRWD,265.4599914550781,265.4599914550781,265.25,265.2900085449219,14001
2026-10-07 15:34:00,1791401640,CRWD,265.2950134277344,265.45001220703125,265.2799987792969,265.32000732421875,11509
2026-10-07 15:35:00,1791401700,CRWD,265.32000732421875,265.6099853515625,265.2099914550781,265.6099853515625,15656
2026-10-07 15:36:00,1791401760,CRWD,265.6099853515625,265.6099853515625,265.0199890136719,265.05999755859375,14244
2026-10-07 15:37:00,1791401820,CRWD,265.010009765625,265.2065124511719,264.8999938964844,265.1099853515625,19653
2026-10-07 15:38:00,1791401880,CRWD,265.07000732421875,265.20989990234375,265.07000732421875,265.1163024902344,14418
2026-10-07 15:39:00,1791401940,CRWD,265.1400146484375,265.19000244140625,265.1199951171875,265.18499755859375,10188
2026-10-07 15:40:00,1791402000,CRWD,265.1700134277344,265.2290954589844,265.1000061035156,265.1549987792969,15013
2026-10-07 15:41:00,1791402060,CRWD,265.1549987792969,265.20001220703125,264.95001220703125,264.9750061035156,21764
2026-10-07 15:42:00,1791402120,CRWD,264.9200134277344,265.1300048828125,264.8399963378906,265.0899963378906,15033
2026-10-07 15:43:00,1791402180,CRWD,265.0950012207031,265.25,265.0400085449219,265.1700134277344,13128
2026-10-07 15:44:00,1791402240,CRWD,265.1700134277344,265.239990234375,265.1099853515625,265.1549987792969,11834
2026-10-07 15:45:00,1791402300,CRWD,265.1549987792969,265.1549987792969,264.79998779296875,264.82000732421875,21094
2026-10-07 15:46:00,1791402360,CRWD,264.81500244140625,264.92999267578125,264.6700134277344,264.8999938964844,21902
2026-10-07 15:47:00,1791402420,CRWD,264.8900146484375,265.0199890136719,264.8800048828125,264.8800048828125,15588
2026-10-07 15:48:00,1791402480,CRWD,264.8800048828125,265.1700134277344,264.8399963378906,265.1300048828125,18794
2026-10-07 15:49:00,1791402540,CRWD,265.1328125,265.260009765625,265.1300048828125,265.1650085449219,19111
2026-10-07 15:50:00,1791402600,CRWD,265.2099914550781,265.8500061035156,265.2099914550781,265.8299865722656,39457
2026-10-07 15:51:00,1791402660,CRWD,265.82000732421875,266.0799865722656,265.6600036621094,265.70001220703125,53343
2026-10-07 15:52:00,1791402720,CRWD,265.7149963378906,265.8500061035156,265.6099853515625,265.7699890136719,40114
2026-10-07 15:53:00,1791402780,CRWD,265.760009765625,265.7799987792969,265.3800048828125,265.510009765625,49008
2026-10-07 15:54:00,1791402840,CRWD,265.510009765625,265.510009765625,264.79998779296875,264.8550109863281,50216
2026-10-07 15:55:00,1791402900,CRWD,264.8475036621094,265.30999755859375,264.8450012207031,265.1499938964844,51544
2026-10-07 15:56:00,1791402960,CRWD,265.1549987792969,265.2699890136719,265.04998779296875,265.17999267578125,60520
2026-10-07 15:57:00,1791403020,CRWD,265.19000244140625,265.5299987792969,265.19000244140625,265.489990234375,76753
2026-10-07 15:58:00,1791403080,CRWD,265.489990234375,265.5199890136719,265.3800048828125,265.3900146484375,96166
2026-10-07 15:59:00,1791403140,CRWD,265.3800048828125,265.42999267578125,265.2699890136719,265.3599853515625,146701
2026-10-07 16:00:00,1791403200,CRWD,265.44000244140625,265.44000244140625,265.44000244140625,265.44000244140625,0
2026-10-08 09:30:00,1791466200,CRWD,264.6239929199219,266.9996032714844,264.6239929199219,265.5050048828125,282073
2026-10-08 09:31:00,1791466260,CRWD,265.8999938964844,267.6600036621094,265.8599853515625,266.42999267578125,55292
2026-10-08 09:32:00,1791466320,CRWD,266.20001220703125,266.989990234375,265.510009765625,266.4200134277344,81707
2026-10-08 09:33:00,1791466380,CRWD,266.55999755859375,267.8399963378906,265.8900146484375,267.3900146484375,72964
2026-10-08 09:34:00,1791466440,CRWD,267.26739501953125,267.8599853515625,266.5404968261719,267.7200012207031,39665
2026-10-08 09:35:00,1791466500,CRWD,267.7799987792969,267.7900085449219,266.510009765625,266.510009765625,43751
2026-10-08 09:36:00,1791466560,CRWD,266.5224914550781,266.9599914550781,265.8299865722656,266.5150146484375,39110
2026-10-08 09:37:00,1791466620,CRWD,266.5150146484375,267.1050109863281,266.12109375,266.82000732421875,25783
2026-10-08 09:38:00,1791466680,CRWD,266.93499755859375,267.8699951171875,266.93499755859375,267.6549987792969,78440
2026-10-08 09:39:00,1791466740,CRWD,267.69500732421875,267.8900146484375,266.67999267578125,267.2799987792969,36626
2026-10-08 09:40:00,1791466800,CRWD,267.2950134277344,267.5,266.6400146484375,267.0400085449219,25456
2026-10-08 09:41:00,1791466860,CRWD,266.92498779296875,267.3900146484375,266.5,266.9549865722656,28510
2026-10-08 09:42:00,1791466920,CRWD,266.8500061035156,267.3731994628906,266.6700134277344,267.114990234375,21739
2026-10-08 09:43:00,1791466980,CRWD,267.114990234375,267.1700134277344,266.5299987792969,266.7449951171875,18100
2026-10-08 09:44:00,1791467040,CRWD,266.5799865722656,267.2898864746094,266.20001220703125,267.1549987792969,39259
2026-10-08 09:45:00,1791467100,CRWD,267.1549987792969,267.3999938964844,266.2200012207031,266.3800048828125,35556
2026-10-08 09:46:00,1791467160,CRWD,266.3800048828125,267.0,266.256591796875,266.8500061035156,26484
2026-10-08 09:47:00,1791467220,CRWD,266.82000732421875,268.6376953125,266.79998779296875,268.5,66232
2026-10-08 09:48:00,1791467280,CRWD,268.5,268.8900146484375,268.4700012207031,268.7900085449219,49696
2026-10-08 09:49:00,1791467340,CRWD,268.9800109863281,269.8599853515625,268.760009765625,269.68499755859375,59843
2026-10-08 09:50:00,1791467400,CRWD,269.67999267578125,270.2200012207031,269.19000244140625,270.1487121582031,57538
2026-10-08 09:51:00,1791467460,CRWD,270.0,270.38751220703125,269.5422058105469,270.0,50543
2026-10-08 09:52:00,1791467520,CRWD,270.0899963378906,270.19000244140625,269.32000732421875,269.4049987792969,50889
2026-10-08 09:53:00,1791467580,CRWD,269.3200988769531,269.8800048828125,269.2349853515625,269.5199890136719,23942
2026-10-08 09:54:00,1791467640,CRWD,269.6600036621094,270.3699951171875,269.510009765625,270.05999755859375,54564
2026-10-08 09:55:00,1791467700,CRWD,269.8414001464844,271.2200012207031,269.7594909667969,271.2099914550781,51334
2026-10-08 09:56:00,1791467760,CRWD,271.2149963378906,272.05950927734375,271.1401062011719,271.5899963378906,84684
2026-10-08 09:57:00,1791467820,CRWD,271.6099853515625,272.19000244140625,271.2699890136719,271.510009765625,55359
2026-10-08 09:58:00,1791467880,CRWD,271.35400390625,272.5,271.35400390625,272.2300109863281,51463
2026-10-08 09:59:00,1791467940,CRWD,271.69000244140625,272.139892578125,271.3500061035156,271.5799865722656,38619
2026-10-08 10:00:00,1791468000,CRWD,271.57000732421875,271.8999938964844,271.0,271.260009765625,39930
2026-10-08 10:01:00,1791468060,CRWD,271.05999755859375,271.25,269.3269958496094,269.6300048828125,54280
2026-10-08 10:02:00,1791468120,CRWD,269.7099914550781,270.3999938964844,269.3699951171875,270.29998779296875,47792
2026-10-08 10:03:00,1791468180,CRWD,270.2449951171875,270.4200134277344,269.70001220703125,269.8599853515625,49648
2026-10-08 10:04:00,1791468240,CRWD,269.989990234375,270.1050109863281,269.75,269.8450012207031,19059
2026-10-08 10:05:00,1791468300,CRWD,269.93951416015625,269.93951416015625,268.7997131347656,268.9100036621094,55262
2026-10-08 10:06:00,1791468360,CRWD,268.81500244140625,269.5889892578125,268.7102966308594,269.4222106933594,25011
2026-10-08 10:07:00,1791468420,CRWD,269.375,269.4599914550781,269.0,269.2950134277344,19033
2026-10-08 10:08:00,1791468480,CRWD,269.2950134277344,269.3699951171875,268.5000915527344,268.5000915527344,20115
2026-10-08 10:09:00,1791468540,CRWD,268.614990234375,269.3984069824219,268.55999755859375,269.3500061035156,26493
2026-10-08 10:10:00,1791468600,CRWD,269.30999755859375,269.5849914550781,268.8800048828125,269.0857849121094,17734
2026-10-08 10:11:00,1791468660,CRWD,269.010009765625,269.5398864746094,269.010009765625,269.4200134277344,16997
2026-10-08 10:12:00,1791468720,CRWD,269.25,269.46990966796875,269.010009765625,269.3399963378906,22391
2026-10-08 10:13:00,1791468780,CRWD,269.340087890625,269.4700012207031,268.70001220703125,268.989990234375,15794
2026-10-08 10:14:00,1791468840,CRWD,268.9949951171875,269.239990234375,268.8900146484375,269.135009765625,11549
2026-10-08 10:15:00,1791468900,CRWD,269.1499938964844,269.2900085449219,268.9599914550781,269.2900085449219,15737
2026-10-08 10:16:00,1791468960,CRWD,269.43499755859375,269.95001220703125,269.0801086425781,269.80999755859375,21104
2026-10-08 10:17:00,1791469020,CRWD,269.80999755859375,269.9849853515625,269.70001220703125,269.9849853515625,22169
2026-10-08 10:18:00,1791469080,CRWD,270.239990234375,270.30999755859375,269.94000244140625,270.239990234375,15009
2026-10-08 10:19:00,1791469140,CRWD,270.17999267578125,270.7200012207031,270.1549987792969,270.46990966796875,22700
2026-10-08 10:20:00,1791469200,CRWD,270.4200134277344,270.4700012207031,269.95001220703125,270.1700134277344,14717
2026-10-08 10:21:00,1791469260,CRWD,270.0,270.0199890136719,269.5,269.5,14713
2026-10-08 10:22:00,1791469320,CRWD,269.3844909667969,269.5899963378906,269.2300109863281,269.4800109863281,14658
2026-10-08 10:23:00,1791469380,CRWD,269.5799865722656,269.6300048828125,269.2200012207031,269.5199890136719,18258
2026-10-08 10:24:00,1791469440,CRWD,269.70001220703125,270.06500244140625,269.5400085449219,269.86871337890625,18392
2026-10-08 10:25:00,1791469500,CRWD,269.81500244140625,269.9700012207031,269.67010498046875,269.8500061035156,6677
2026-10-08 10:26:00,1791469560,CRWD,269.8299865722656,270.1098937988281,269.1600036621094,269.5450134277344,14089
2026-10-08 10:27:00,1791469620,CRWD,269.67999267578125,269.739990234375,269.375,269.69000244140625,9192
2026-10-08 10:28:00,1791469680,CRWD,269.6499938964844,269.7550048828125,269.0400085449219,269.1449890136719,14815
2026-10-08 10:29:00,1791469740,CRWD,269.1449890136719,269.4139099121094,268.9700012207031,269.1000061035156,45603
2026-10-08 10:30:00,1791469800,CRWD,269.0899963378906,269.260009765625,268.82000732421875,269.1400146484375,26332
2026-10-08 10:31:00,1791469860,CRWD,269.0950012207031,269.1299133300781,268.6216125488281,268.7900085449219,17377
2026-10-08 10:32:00,1791469920,CRWD,268.6918029785156,269.13739013671875,268.6918029785156,269.0899963378906,21213
2026-10-08 10:33:00,1791469980,CRWD,269.0799865722656,269.1000061035156,268.90008544921875,268.90008544921875,14608
2026-10-08 10:34:00,1791470040,CRWD,269.010009765625,269.20001220703125,268.82501220703125,269.17999267578125,9896
2026-10-08 10:35:00,1791470100,CRWD,269.1400146484375,269.3890075683594,269.1300048828125,269.3299865722656,16027
2026-10-08 10:36:00,1791470160,CRWD,269.3299865722656,269.6600036621094,269.3299865722656,269.6099853515625,23205
2026-10-08 10:37:00,1791470220,CRWD,269.5799865722656,270.0,269.5199890136719,269.54998779296875,37118
2026-10-08 10:38:00,1791470280,CRWD,269.55999755859375,269.70001220703125,269.2799987792969,269.4549865722656,25097
2026-10-08 10:39:00,1791470340,CRWD,269.4549865722656,269.6300048828125,269.3699951171875,269.625,17610
2026-10-08 10:40:00,1791470400,CRWD,269.6499938964844,269.9200134277344,269.4302062988281,269.7900085449219,16429
2026-10-08 10:41:00,1791470460,CRWD,269.7900085449219,270.2398986816406,269.7900085449219,270.05499267578125,33006
2026-10-08 10:42:00,1791470520,CRWD,270.0799865722656,270.1600036621094,269.80999755859375,269.94500732421875,21270
2026-10-08 10:43:00,1791470580,CRWD,269.94500732421875,270.239990234375,269.8200988769531,270.2349853515625,20160
2026-10-08 10:44:00,1791470640,CRWD,270.2349853515625,270.5199890136719,270.2349853515625,270.3450012207031,34603
2026-10-08 10:45:00,1791470700,CRWD,270.3450012207031,270.3699951171875,270.1061096191406,270.135009765625,24536
2026-10-08 10:46:00,1791470760,CRWD,270.135009765625,270.6380920410156,270.1028137207031,270.6380920410156,20938
2026-10-08 10:47:00,1791470820,CRWD,269.9700012207031,270.6400146484375,269.9700012207031,269.9700012207031,24542
2026-10-08 10:48:00,1791470880,CRWD,269.8999938964844,270.07000732421875,269.8399963378906,269.92999267578125,8940
2026-10-08 10:49:00,1791470940,CRWD,269.8800048828125,269.8800048828125,269.610107421875,269.7200012207031,19018
2026-10-08 10:50:00,1791471000,CRWD,269.67999267578125,270.0,268.82000732421875,269.0150146484375,29288
2026-10-08 10:51:00,1791471060,CRWD,269.0150146484375,269.1300048828125,268.6300048828125,268.6300048828125,24979
2026-10-08 10:52:00,1791471120,CRWD,268.739990234375,268.8500061035156,268.2900085449219,268.4100036621094,27498
2026-10-08 10:53:00,1791471180,CRWD,268.3446960449219,268.739990234375,268.3299865722656,268.6300048828125,28235
2026-10-08 10:54:00,1791471240,CRWD,268.6300048828125,268.760009765625,268.1300048828125,268.42999267578125,24929
2026-10-08 10:55:00,1791471300,CRWD,268.489990234375,268.57000732421875,268.3500061035156,268.3999938964844,10608
2026-10-08 10:56:00,1791471360,CRWD,268.4599914550781,268.5299072265625,268.2699890136719,268.2699890136719,12148
2026-10-08 10:57:00,1791471420,CRWD,268.17999267578125,268.3399963378906,267.90008544921875,268.0199890136719,23302
2026-10-08 10:58:00,1791471480,CRWD,268.0,268.20001220703125,267.60009765625,267.6400146484375,25826
2026-10-08 10:59:00,1791471540,CRWD,267.6400146484375,267.67999267578125,267.4100036621094,267.5249938964844,15070
2026-10-08 11:00:00,1791471600,CRWD,267.5249938964844,267.6618957519531,267.4700012207031,267.5950012207031,11439
2026-10-08 11:01:00,1791471660,CRWD,267.55999755859375,267.9200134277344,267.2909851074219,267.30029296875,22196
2026-10-08 11:02:00,1791471720,CRWD,267.42498779296875,267.42498779296875,266.7300109863281,266.9949951171875,19825
2026-10-08 11:03:00,1791471780,CRWD,267.07000732421875,267.1199951171875,266.6000061035156,266.7449951171875,19645
2026-10-08 11:04:00,1791471840,CRWD,266.7449951171875,267.1300048828125,266.7300109863281,266.9649963378906,13353
2026-10-08 11:05:00,1791471900,CRWD,267.0,267.05999755859375,266.6099853515625,266.6700134277344,10638
2026-10-08 11:06:00,1791471960,CRWD,266.6700134277344,266.8800048828125,266.510009765625,266.6050109863281,18580
2026-10-08 11:07:00,1791472020,CRWD,266.5118103027344,266.69000244140625,266.04010009765625,266.2900085449219,25977
2026-10-08 11:08:00,1791472080,CRWD,266.2040100097656,266.4549865722656,266.010009765625,266.2049865722656,22165
2026-10-08 11:09:00,1791472140,CRWD,266.20001220703125,266.2699890136719,265.760009765625,265.7760009765625,22817
2026-10-08 11:10:00,1791472200,CRWD,265.8299865722656,266.1099853515625,265.7799987792969,265.885009765625,14979
2026-10-08 11:11:00,1791472260,CRWD,265.7900085449219,266.19500732421875,265.7300109863281,265.989990234375,26007
2026-10-08 11:12:00,1791472320,CRWD,265.9049987792969,266.41900634765625,265.8796081542969,266.20001220703125,16743
2026-10-08 11:13:00,1791472380,CRWD,266.2196044921875,266.3299865722656,266.0,266.114990234375,22035
2026-10-08 11:14:00,1791472440,CRWD,266.1099853515625,266.2699890136719,266.0989074707031,266.0989074707031,9909
2026-10-08 11:15:00,1791472500,CRWD,266.20001220703125,266.2799987792969,266.07501220703125,266.07501220703125,8591
2026-10-08 11:16:00,1791472560,CRWD,266.010009765625,266.1199951171875,265.8599853515625,265.94000244140625,14517
2026-10-08 11:17:00,1791472620,CRWD,265.9700012207031,266.4419860839844,265.9601135253906,266.3999938964844,12920
2026-10-08 11:18:00,1791472680,CRWD,266.26300048828125,266.510009765625,266.07000732421875,266.15008544921875,20185
2026-10-08 11:19:00,1791472740,CRWD,266.2699890136719,266.6499938964844,266.2699890136719,266.5415954589844,12165
2026-10-08 11:20:00,1791472800,CRWD,266.5799865722656,267.0799865722656,266.5,266.739990234375,22744
2026-10-08 11:21:00,1791472860,CRWD,266.82000732421875,267.1700134277344,266.64739990234375,266.70220947265625,28808
2026-10-08 11:22:00,1791472920,CRWD,266.69500732421875,266.7799072265625,266.6099853515625,266.6099853515625,7088
2026-10-08 11:23:00,1791472980,CRWD,266.57000732421875,266.6000061035156,266.07000732421875,266.2300109863281,16421
2026-10-08 11:24:00,1791473040,CRWD,266.2138977050781,266.4100036621094,266.1600036621094,266.29998779296875,11307
2026-10-08 11:25:00,1791473100,CRWD,266.25,266.3900146484375,266.2099914550781,266.25,7467
2026-10-08 11:26:00,1791473160,CRWD,266.25,266.32000732421875,266.1600036621094,266.239990234375,10197
2026-10-08 11:27:00,1791473220,CRWD,266.17999267578125,266.2200012207031,265.8399963378906,266.1000061035156,18255
2026-10-08 11:28:00,1791473280,CRWD,266.1700134277344,266.4898986816406,266.09478759765625,266.30999755859375,14222
2026-10-08 11:29:00,1791473340,CRWD,266.25,266.3699951171875,266.1099853515625,266.2699890136719,10489
2026-10-08 11:30:00,1791473400,CRWD,266.2449951171875,266.510009765625,266.0,266.3583984375,18656
2026-10-08 11:31:00,1791473460,CRWD,266.4054870605469,266.739990234375,266.3999938964844,266.70001220703125,4958
2026-10-08 11:32:00,1791473520,CRWD,266.7250061035156,266.9700012207031,266.47100830078125,266.54998779296875,19472
2026-10-08 11:33:00,1791473580,CRWD,266.5450134277344,266.7998962402344,266.3450012207031,266.4549865722656,13307
2026-10-08 11:34:00,1791473640,CRWD,266.42999267578125,266.5382995605469,266.29620361328125,266.45098876953125,10141
2026-10-08 11:35:00,1791473700,CRWD,266.4454040527344,266.4700012207031,265.239990234375,265.2900085449219,28751
2026-10-08 11:36:00,1791473760,CRWD,265.3299865722656,265.8794860839844,265.0,265.864990234375,41063
2026-10-08 11:37:00,1791473820,CRWD,265.8800048828125,266.07000732421875,265.8800048828125,266.05499267578125,9576
2026-10-08 11:38:00,1791473880,CRWD,266.0450134277344,266.1300048828125,265.6700134277344,265.885009765625,13567
2026-10-08 11:39:00,1791473940,CRWD,265.856689453125,265.989990234375,265.7650146484375,265.9049987792969,5915
2026-10-08 11:40:00,1791474000,CRWD,265.8299865722656,266.1199951171875,265.5899963378906,265.6400146484375,13552
2026-10-08 11:41:00,1791474060,CRWD,265.614990234375,265.7950134277344,265.5899963378906,265.7950134277344,10389
2026-10-08 11:42:00,1791474120,CRWD,265.8800048828125,265.9200134277344,265.6700134277344,265.70001220703125,13197
2026-10-08 11:43:00,1791474180,CRWD,265.6499938964844,265.67999267578125,265.5799865722656,265.5799865722656,8312
2026-10-08 11:44:00,1791474240,CRWD,265.510009765625,265.7200012207031,265.489990234375,265.6549987792969,12026
2026-10-08 11:45:00,1791474300,CRWD,265.6199951171875,265.6199951171875,265.2200012207031,265.3800048828125,16096
2026-10-08 11:46:00,1791474360,CRWD,265.3800048828125,265.70001220703125,265.260009765625,265.6897888183594,17021
2026-10-08 11:47:00,1791474420,CRWD,265.6700134277344,265.8500061035156,265.6099853515625,265.81109619140625,7850
2026-10-08 11:48:00,1791474480,CRWD,265.8699951171875,265.989990234375,265.79998779296875,265.93499755859375,7025
2026-10-08 11:49:00,1791474540,CRWD,265.989990234375,266.2099914550781,265.7630920410156,266.1650085449219,12996
2026-10-08 11:50:00,1791474600,CRWD,266.1650085449219,266.25,266.0950012207031,266.1650085449219,5751
2026-10-08 11:51:00,1791474660,CRWD,266.1650085449219,266.2850036621094,266.1449890136719,266.25,8665
2026-10-08 11:52:00,1791474720,CRWD,266.29998779296875,266.4599914550781,266.260009765625,266.2650146484375,7651
2026-10-08 11:53:00,1791474780,CRWD,266.30999755859375,266.30999755859375,265.94000244140625,266.1400146484375,10703
2026-10-08 11:54:00,1791474840,CRWD,266.0199890136719,266.0350036621094,265.95001220703125,266.0260009765625,5365
2026-10-08 11:55:00,1791474900,CRWD,266.0199890136719,266.0199890136719,265.6600036621094,265.67498779296875,11802
2026-10-08 11:56:00,1791474960,CRWD,265.6499938964844,265.8599853515625,265.6199951171875,265.8599853515625,4414
2026-10-08 11:57:00,1791475020,CRWD,265.8599853515625,266.0093994140625,265.8399963378906,265.8900146484375,5519
2026-10-08 11:58:00,1791475080,CRWD,265.885009765625,266.0216064453125,265.885009765625,265.9800109863281,9490
2026-10-08 11:59:00,1791475140,CRWD,265.94500732421875,266.239990234375,265.7550048828125,265.7550048828125,8787
2026-10-08 12:00:00,1791475200,CRWD,265.8399963378906,266.1549987792969,265.8399963378906,266.1300048828125,7096
2026-10-08 12:01:00,1791475260,CRWD,266.1400146484375,266.20001220703125,266.04998779296875,266.125,6792
2026-10-08 12:02:00,1791475320,CRWD,266.1460876464844,266.260009765625,266.09368896484375,266.2099914550781,8224
2026-10-08 12:03:00,1791475380,CRWD,266.17999267578125,266.20001220703125,266.0,266.114990234375,13507
2026-10-08 12:04:00,1791475440,CRWD,266.0899963378906,266.0899963378906,265.864990234375,265.864990234375,9437
2026-10-08 12:05:00,1791475500,CRWD,265.8550109863281,265.8699951171875,265.6700134277344,265.7099914550781,7534
2026-10-08 12:06:00,1791475560,CRWD,265.7699890136719,265.8299865722656,265.69000244140625,265.80999755859375,11880
2026-10-08 12:07:00,1791475620,CRWD,265.7799987792969,265.9100036621094,265.7449951171875,265.7969970703125,6778
2026-10-08 12:08:00,1791475680,CRWD,265.7799987792969,265.8900146484375,265.75,265.8500061035156,5025
2026-10-08 12:09:00,1791475740,CRWD,265.8999938964844,265.8999938964844,265.739990234375,265.739990234375,11300
2026-10-08 12:10:00,1791475800,CRWD,265.7449951171875,265.8399963378906,265.6499938964844,265.7149963378906,7418
2026-10-08 12:11:00,1791475860,CRWD,265.7149963378906,265.8999938964844,265.7149963378906,265.8599853515625,5802
2026-10-08 12:12:00,1791475920,CRWD,265.8699951171875,265.92999267578125,265.75,265.9100036621094,10823
2026-10-08 12:13:00,1791475980,CRWD,265.8800048828125,265.8949890136719,265.3658142089844,265.45001220703125,15472
2026-10-08 12:14:00,1791476040,CRWD,265.45001220703125,265.4700012207031,265.2099914550781,265.2449951171875,13520
2026-10-08 12:15:00,1791476100,CRWD,265.25,265.29998779296875,265.1400146484375,265.1600036621094,13629
2026-10-08 12:16:00,1791476160,CRWD,265.1300048828125,265.25,265.05999755859375,265.1700134277344,19177
2026-10-08 12:17:00,1791476220,CRWD,265.1650085449219,266.0,265.1650085449219,265.8299865722656,37991
2026-10-08 12:18:00,1791476280,CRWD,265.8500061035156,266.0400085449219,265.3800048828125,265.625,14364
2026-10-08 12:19:00,1791476340,CRWD,265.5400085449219,265.5899963378906,265.2799987792969,265.2900085449219,16932
2026-10-08 12:20:00,1791476400,CRWD,265.29998779296875,265.6700134277344,265.2900085449219,265.57000732421875,22780
2026-10-08 12:21:00,1791476460,CRWD,265.6300048828125,265.67999267578125,265.5400085449219,265.5849914550781,8257
2026-10-08 12:22:00,1791476520,CRWD,265.5799865722656,265.6400146484375,265.4549865722656,265.4549865722656,14992
2026-10-08 12:23:00,1791476580,CRWD,265.510009765625,265.6499938964844,265.5,265.57000732421875,9099
2026-10-08 12:24:00,1791476640,CRWD,265.42999267578125,265.5899963378906,265.3699951171875,265.4700012207031,10111
2026-10-08 12:25:00,1791476700,CRWD,265.44000244140625,265.5704040527344,265.44000244140625,265.5704040527344,8400
2026-10-08 12:26:00,1791476760,CRWD,265.5199890136719,265.9200134277344,265.4649963378906,265.9200134277344,10143
2026-10-08 12:27:00,1791476820,CRWD,265.9200134277344,266.0050048828125,265.8299865722656,265.8999938964844,8306
2026-10-08 12:28:00,1791476880,CRWD,265.864990234375,266.1000061035156,265.8500061035156,265.864990234375,11244
2026-10-08 12:29:00,1791476940,CRWD,265.82000732421875,265.8500061035156,265.6200866699219,265.7200012207031,6915
2026-10-08 12:30:00,1791477000,CRWD,265.760009765625,265.8349914550781,265.66009521484375,265.7749938964844,9676
2026-10-08 12:31:00,1791477060,CRWD,265.75,265.875,265.6499938964844,265.8299865722656,7681
2026-10-08 12:32:00,1791477120,CRWD,265.8900146484375,265.8900146484375,265.739990234375,265.8450012207031,9625
2026-10-08 12:33:00,1791477180,CRWD,265.80999755859375,265.9700012207031,265.7500915527344,265.8550109863281,5491
2026-10-08 12:34:00,1791477240,CRWD,265.8500061035156,266.0950012207031,265.7900085449219,265.9200134277344,9196
2026-10-08 12:35:00,1791477300,CRWD,265.9549865722656,265.9549865722656,265.760009765625,265.7690124511719,10901
2026-10-08 12:36:00,1791477360,CRWD,265.7449951171875,265.8450012207031,265.7019958496094,265.760009765625,4516
2026-10-08 12:37:00,1791477420,CRWD,265.697998046875,265.9200134277344,265.67010498046875,265.8835144042969,5080
2026-10-08 12:38:00,1791477480,CRWD,265.9049987792969,265.91558837890625,265.63238525390625,265.69000244140625,7331
2026-10-08 12:39:00,1791477540,CRWD,265.69000244140625,265.7099914550781,265.5101013183594,265.6799011230469,6730
2026-10-08 12:40:00,1791477600,CRWD,265.635986328125,265.739990234375,265.57000732421875,265.57000732421875,7535
2026-10-08 12:41:00,1791477660,CRWD,265.6199951171875,265.89990234375,265.510009765625,265.760009765625,9969
2026-10-08 12:42:00,1791477720,CRWD,265.75,265.7715148925781,265.17999267578125,265.17999267578125,17159
2026-10-08 12:43:00,1791477780,CRWD,265.0299987792969,265.05999755859375,264.6499938964844,264.7650146484375,36045
2026-10-08 12:44:00,1791477840,CRWD,264.7749938964844,265.0199890136719,264.7749938964844,264.92999267578125,8597
2026-10-08 12:45:00,1791477900,CRWD,264.92999267578125,265.19500732421875,264.8399963378906,265.19500732421875,22320
2026-10-08 12:46:00,1791477960,CRWD,265.19500732421875,265.739990234375,265.07550048828125,265.635009765625,12074
2026-10-08 12:47:00,1791478020,CRWD,265.6650085449219,265.6650085449219,265.04998779296875,265.04998779296875,5361
2026-10-08 12:48:00,1791478080,CRWD,265.0899963378906,265.0899963378906,264.70001220703125,264.70001220703125,20770
2026-10-08 12:49:00,1791478140,CRWD,264.6499938964844,264.6499938964844,263.9800109863281,264.0849914550781,35831
2026-10-08 12:50:00,1791478200,CRWD,264.0,264.2300109863281,263.5101013183594,263.7799987792969,46439
2026-10-08 12:51:00,1791478260,CRWD,263.82000732421875,263.9949951171875,263.7300109863281,263.9305114746094,18993
2026-10-08 12:52:00,1791478320,CRWD,263.82501220703125,263.8794860839844,263.239990234375,263.239990234375,15642
2026-10-08 12:53:00,1791478380,CRWD,263.2900085449219,263.6199951171875,263.07000732421875,263.2349853515625,23106
2026-10-08 12:54:00,1791478440,CRWD,263.20001220703125,263.6700134277344,263.1300048828125,263.6449890136719,28468
2026-10-08 12:55:00,1791478500,CRWD,263.6499938964844,263.8800048828125,263.56500244140625,263.6000061035156,22203
2026-10-08 12:56:00,1791478560,CRWD,263.510009765625,263.5799865722656,262.8299865722656,262.93499755859375,39971
2026-10-08 12:57:00,1791478620,CRWD,262.9100036621094,263.0,262.5,262.6300048828125,29164
2026-10-08 12:58:00,1791478680,CRWD,262.6300048828125,263.3861083984375,262.5,263.3861083984375,46427
2026-10-08 12:59:00,1791478740,CRWD,263.4043884277344,263.54998779296875,263.2200012207031,263.54998779296875,12538
2026-10-08 13:00:00,1791478800,CRWD,263.54998779296875,263.75,263.29998779296875,263.6000061035156,32991
2026-10-08 13:01:00,1791478860,CRWD,263.57000732421875,263.739990234375,263.4049987792969,263.4800109863281,11354
2026-10-08 13:02:00,1791478920,CRWD,263.45001220703125,263.92620849609375,263.30999755859375,263.8550109863281,27921
2026-10-08 13:03:00,1791478980,CRWD,263.75,263.8399963378906,263.5400085449219,263.6300048828125,9511
2026-10-08 13:04:00,1791479040,CRWD,263.6300048828125,264.39990234375,263.5400085449219,264.2799987792969,45844
2026-10-08 13:05:00,1791479100,CRWD,264.2749938964844,264.760009765625,264.1499938964844,264.5799865722656,58348
2026-10-08 13:06:00,1791479160,CRWD,264.5,264.8799133300781,264.2900085449219,264.31719970703125,16552
2026-10-08 13:07:00,1791479220,CRWD,264.4590148925781,264.6000061035156,264.1000061035156,264.54998779296875,10552
2026-10-08 13:08:00,1791479280,CRWD,264.5150146484375,265.1400146484375,264.5150146484375,264.94000244140625,23992
2026-10-08 13:09:00,1791479340,CRWD,264.94000244140625,265.2179870605469,264.8299865722656,265.2095031738281,19056
2026-10-08 13:10:00,1791479400,CRWD,265.05499267578125,265.32000732421875,264.8699951171875,265.0350036621094,21057
2026-10-08 13:11:00,1791479460,CRWD,265.1000061035156,265.3800048828125,265.1000061035156,265.2738952636719,12574
2026-10-08 13:12:00,1791479520,CRWD,265.3450012207031,265.7991027832031,265.3450012207031,265.7923889160156,18844
2026-10-08 13:13:00,1791479580,CRWD,265.7807922363281,265.9800109863281,265.7807922363281,265.8599853515625,11056
2026-10-08 13:14:00,1791479640,CRWD,265.9700012207031,266.409912109375,265.8900146484375,266.2799987792969,27149
2026-10-08 13:15:00,1791479700,CRWD,266.2200012207031,266.6639099121094,266.2200012207031,266.5400085449219,25951
2026-10-08 13:16:00,1791479760,CRWD,266.5400085449219,266.79638671875,266.4800109863281,266.54998779296875,17403
2026-10-08 13:17:00,1791479820,CRWD,266.55999755859375,266.6199035644531,265.93499755859375,265.94500732421875,34495
2026-10-08 13:18:00,1791479880,CRWD,265.94500732421875,266.0799865722656,265.7900085449219,265.840087890625,15388
2026-10-08 13:19:00,1791479940,CRWD,265.80499267578125,266.125,265.7349853515625,266.0799865722656,9623
2026-10-08 13:20:00,1791480000,CRWD,266.03009033203125,266.1300048828125,265.44000244140625,265.6199951171875,12608
2026-10-08 13:21:00,1791480060,CRWD,265.739990234375,265.875,265.6700134277344,265.7149963378906,5263
2026-10-08 13:22:00,1791480120,CRWD,265.760009765625,265.8550109863281,265.4700012207031,265.5,6341
2026-10-08 13:23:00,1791480180,CRWD,265.5050048828125,265.5050048828125,264.8299865722656,264.8800048828125,13831
2026-10-08 13:24:00,1791480240,CRWD,264.85198974609375,264.8999938964844,264.2699890136719,264.375,14810
2026-10-08 13:25:00,1791480300,CRWD,264.4495849609375,264.4495849609375,264.0,264.02301025390625,15895
2026-10-08 13:26:00,1791480360,CRWD,264.0799865722656,264.1400146484375,263.6400146484375,264.0899963378906,16325
2026-10-08 13:27:00,1791480420,CRWD,264.0801086425781,264.1105041503906,263.6000061035156,263.80999755859375,18915
2026-10-08 13:28:00,1791480480,CRWD,263.6099853515625,263.9100036621094,263.3800048828125,263.9100036621094,14217
2026-10-08 13:29:00,1791480540,CRWD,263.92999267578125,264.11968994140625,263.7500915527344,264.0799865722656,10061
2026-10-08 13:30:00,1791480600,CRWD,264.07501220703125,264.1600036621094,263.8800048828125,264.1600036621094,12782
2026-10-08 13:31:00,1791480660,CRWD,264.2300109863281,264.32989501953125,263.9100036621094,264.17999267578125,8482
2026-10-08 13:32:00,1791480720,CRWD,264.18499755859375,264.7449951171875,264.18499755859375,264.7449951171875,12346
2026-10-08 13:33:00,1791480780,CRWD,264.69000244140625,264.9800109863281,264.614990234375,264.875,8681
2026-10-08 13:34:00,1791480840,CRWD,264.95001220703125,265.3800048828125,264.8699951171875,265.3450012207031,15237
2026-10-08 13:35:00,1791480900,CRWD,265.3550109863281,265.6315002441406,265.2300109863281,265.30999755859375,21112
2026-10-08 13:36:00,1791480960,CRWD,265.3999938964844,265.3999938964844,264.6700134277344,264.8450012207031,32773
2026-10-08 13:37:00,1791481020,CRWD,264.9200134277344,265.0849914550781,264.67999267578125,264.68499755859375,9870
2026-10-08 13:38:00,1791481080,CRWD,264.68499755859375,264.885009765625,264.57000732421875,264.7449951171875,4495
2026-10-08 13:39:00,1791481140,CRWD,264.7449951171875,265.04998779296875,264.6000061035156,264.9750061035156,12859
2026-10-08 13:40:00,1791481200,CRWD,264.9949951171875,264.9949951171875,264.6400146484375,264.8500061035156,5419
2026-10-08 13:41:00,1791481260,CRWD,264.80889892578125,264.9200134277344,264.6600036621094,264.9200134277344,8127
2026-10-08 13:42:00,1791481320,CRWD,264.92999267578125,265.06939697265625,264.7101135253906,264.80499267578125,10951
2026-10-08 13:43:00,1791481380,CRWD,264.7950134277344,264.7950134277344,264.2900085449219,264.4949951171875,9644
2026-10-08 13:44:00,1791481440,CRWD,264.4750061035156,264.4750061035156,264.0400085449219,264.0400085449219,8331
2026-10-08 13:45:00,1791481500,CRWD,264.0899963378906,264.2200012207031,263.8800048828125,264.1199951171875,39732
2026-10-08 13:46:00,1791481560,CRWD,264.1099853515625,264.23699951171875,263.5,263.6700134277344,23665
2026-10-08 13:47:00,1791481620,CRWD,263.54998779296875,263.7799987792969,263.510009765625,263.6820068359375,8833
2026-10-08 13:48:00,1791481680,CRWD,263.67999267578125,263.7799987792969,263.4549865722656,263.5899963378906,12287
2026-10-08 13:49:00,1791481740,CRWD,263.6700134277344,263.8699951171875,263.65008544921875,263.7149963378906,8720
2026-10-08 13:50:00,1791481800,CRWD,263.7149963378906,263.9700012207031,263.7149963378906,263.760009765625,15574
2026-10-08 13:51:00,1791481860,CRWD,263.80999755859375,264.30999755859375,263.7460021972656,264.260009765625,11826
2026-10-08 13:52:00,1791481920,CRWD,264.0101013183594,264.17999267578125,263.93499755859375,264.1050109863281,17195
2026-10-08 13:53:00,1791481980,CRWD,264.125,264.2998962402344,264.07501220703125,264.2239990234375,7093
2026-10-08 13:54:00,1791482040,CRWD,264.2049865722656,264.29998779296875,264.1499938964844,264.2149963378906,7228
2026-10-08 13:55:00,1791482100,CRWD,264.2149963378906,264.2749938964844,263.79998779296875,263.8399963378906,12575
2026-10-08 13:56:00,1791482160,CRWD,263.8349914550781,263.9966125488281,263.4700012207031,263.7200012207031,14372
2026-10-08 13:57:00,1791482220,CRWD,263.65008544921875,264.44000244140625,263.65008544921875,264.44000244140625,8395
2026-10-08 13:58:00,1791482280,CRWD,264.3349914550781,264.3999938964844,264.1300048828125,264.1300048828125,8024
2026-10-08 13:59:00,1791482340,CRWD,264.1099853515625,264.30999755859375,264.0,264.30999755859375,6698
2026-10-08 14:00:00,1791482400,CRWD,264.20001220703125,264.6231994628906,264.20001220703125,264.2568054199219,7474
2026-10-08 14:01:00,1791482460,CRWD,264.25,264.25,263.8599853515625,263.9150085449219,10792
2026-10-08 14:02:00,1791482520,CRWD,263.9150085449219,264.1878967285156,263.8200988769531,264.135009765625,6264
2026-10-08 14:03:00,1791482580,CRWD,264.1260070800781,264.2799987792969,264.1260070800781,264.25,4819
2026-10-08 14:04:00,1791482640,CRWD,264.25,264.3500061035156,264.2049865722656,264.260009765625,7128
2026-10-08 14:05:00,1791482700,CRWD,264.2049865722656,264.3900146484375,264.1000061035156,264.3599853515625,12433
2026-10-08 14:06:00,1791482760,CRWD,264.32000732421875,264.7200012207031,264.2900085449219,264.7099914550781,6868
2026-10-08 14:07:00,1791482820,CRWD,264.6600036621094,264.70001220703125,264.5028076171875,264.54998779296875,5789
2026-10-08 14:08:00,1791482880,CRWD,264.5,264.6300048828125,264.2900085449219,264.2900085449219,10696
2026-10-08 14:09:00,1791482940,CRWD,264.2900085449219,264.510009765625,264.2799987792969,264.3450012207031,7542
2026-10-08 14:10:00,1791483000,CRWD,264.32000732421875,264.42999267578125,264.260009765625,264.3949890136719,8647
2026-10-08 14:11:00,1791483060,CRWD,264.385009765625,264.5799865722656,264.385009765625,264.5199890136719,8312
2026-10-08 14:12:00,1791483120,CRWD,264.5299987792969,264.55999755859375,264.44000244140625,264.4501037597656,6563
2026-10-08 14:13:00,1791483180,CRWD,264.59991455078125,264.75,264.51739501953125,264.7200012207031,14451
2026-10-08 14:14:00,1791483240,CRWD,264.7900085449219,264.9100036621094,264.7850036621094,264.8399963378906,4569
2026-10-08 14:15:00,1791483300,CRWD,264.8349914550781,265.0799865722656,264.8349914550781,264.9861145019531,6939
2026-10-08 14:16:00,1791483360,CRWD,265.0350036621094,265.1700134277344,264.95001220703125,265.0985107421875,21211
2026-10-08 14:17:00,1791483420,CRWD,264.80499267578125,265.0849914550781,264.80499267578125,264.80499267578125,11278
2026-10-08 14:18:00,1791483480,CRWD,264.8399963378906,265.3299865722656,264.7799987792969,265.3299865722656,12063
2026-10-08 14:19:00,1791483540,CRWD,265.29998779296875,265.29998779296875,265.0199890136719,265.29998779296875,14690
2026-10-08 14:20:00,1791483600,CRWD,265.2950134277344,265.3399963378906,265.0450134277344,265.1017150878906,11688
2026-10-08 14:21:00,1791483660,CRWD,265.0199890136719,265.2398986816406,265.010009765625,265.1449890136719,8649
2026-10-08 14:22:00,1791483720,CRWD,265.1449890136719,265.20001220703125,265.052490234375,265.19000244140625,6434
2026-10-08 14:23:00,1791483780,CRWD,265.2099914550781,265.57000732421875,265.2099914550781,265.4649963378906,7808
2026-10-08 14:24:00,1791483840,CRWD,265.5107116699219,265.7049865722656,265.489990234375,265.55999755859375,12066
2026-10-08 14:25:00,1791483900,CRWD,265.489990234375,265.57000732421875,265.3500061035156,265.3500061035156,11162
2026-10-08 14:26:00,1791483960,CRWD,265.3399963378906,265.3900146484375,265.19000244140625,265.36248779296875,5614
2026-10-08 14:27:00,1791484020,CRWD,265.3299865722656,265.4599914550781,265.30999755859375,265.42999267578125,4852
2026-10-08 14:28:00,1791484080,CRWD,265.5950012207031,265.6199035644531,265.4100036621094,265.4700012207031,5413
2026-10-08 14:29:00,1791484140,CRWD,265.3999938964844,265.4599914550781,265.17999267578125,265.29998779296875,6295
2026-10-08 14:30:00,1791484200,CRWD,265.1600036621094,265.20001220703125,264.8570861816406,265.0,12423
2026-10-08 14:31:00,1791484260,CRWD,264.94500732421875,264.94500732421875,264.7200012207031,264.8800048828125,9623
2026-10-08 14:32:00,1791484320,CRWD,264.8599853515625,264.8671875,264.6423034667969,264.739990234375,6092
2026-10-08 14:33:00,1791484380,CRWD,264.739990234375,264.8800048828125,264.4700012207031,264.4750061035156,6781
2026-10-08 14:34:00,1791484440,CRWD,264.5098876953125,264.6000061035156,264.2300109863281,264.2300109863281,7247
2026-10-08 14:35:00,1791484500,CRWD,264.2799987792969,264.29998779296875,264.2099914550781,264.25,10038
2026-10-08 14:36:00,1791484560,CRWD,264.2300109863281,264.25,264.0317077636719,264.1499938964844,7368
2026-10-08 14:37:00,1791484620,CRWD,264.2099914550781,264.32000732421875,264.1600036621094,264.29998779296875,4650
2026-10-08 14:38:00,1791484680,CRWD,264.29998779296875,264.4700012207031,264.1300048828125,264.2300109863281,6343
2026-10-08 14:39:00,1791484740,CRWD,264.235595703125,264.235595703125,264.0205078125,264.17498779296875,6468
2026-10-08 14:40:00,1791484800,CRWD,264.20001220703125,264.2699890136719,264.05999755859375,264.05999755859375,7662
2026-10-08 14:41:00,1791484860,CRWD,264.05499267578125,264.19989013671875,263.97650146484375,263.989990234375,6314
2026-10-08 14:42:00,1791484920,CRWD,263.9617919921875,264.0299987792969,263.8800048828125,263.8999938964844,7480
2026-10-08 14:43:00,1791484980,CRWD,263.8500061035156,263.94000244140625,263.6650085449219,263.6650085449219,7549
2026-10-08 14:44:00,1791485040,CRWD,263.6549987792969,263.75,263.635009765625,263.7200012207031,5407
2026-10-08 14:45:00,1791485100,CRWD,263.6759948730469,263.7200012207031,263.5,263.6300048828125,15628
2026-10-08 14:46:00,1791485160,CRWD,263.57501220703125,263.7699890136719,263.54998779296875,263.7099914550781,5118
2026-10-08 14:47:00,1791485220,CRWD,263.7099914550781,263.7699890136719,263.6400146484375,263.7699890136719,7531
2026-10-08 14:48:00,1791485280,CRWD,263.79998779296875,263.9200134277344,263.7200012207031,263.80999755859375,5367
2026-10-08 14:49:00,1791485340,CRWD,263.79998779296875,263.8599853515625,263.68011474609375,263.79998779296875,5385
2026-10-08 14:50:00,1791485400,CRWD,263.8399963378906,264.0400085449219,263.8299865722656,263.8800048828125,11827
2026-10-08 14:51:00,1791485460,CRWD,263.864990234375,264.0318908691406,263.864990234375,264.0,5025
2026-10-08 14:52:00,1791485520,CRWD,263.9949951171875,264.1300048828125,263.95001220703125,263.9549865722656,7703
2026-10-08 14:53:00,1791485580,CRWD,263.9549865722656,264.1601867675781,263.93011474609375,264.114990234375,8431
2026-10-08 14:54:00,1791485640,CRWD,264.1099853515625,264.1600036621094,264.0299987792969,264.05999755859375,4341
2026-10-08 14:55:00,1791485700,CRWD,264.1300048828125,264.20001220703125,264.0,264.0799865722656,5770
2026-10-08 14:56:00,1791485760,CRWD,264.06500244140625,264.0899963378906,263.92999267578125,264.010009765625,4794
2026-10-08 14:57:00,1791485820,CRWD,264.0050048828125,264.0338134765625,263.8399963378906,263.9700012207031,13098
2026-10-08 14:58:00,1791485880,CRWD,264.0299987792969,264.1700134277344,264.0,264.1199951171875,12844
2026-10-08 14:59:00,1791485940,CRWD,264.1199951171875,264.42498779296875,264.0899963378906,264.42498779296875,8730
2026-10-08 15:00:00,1791486000,CRWD,264.3599853515625,264.45001220703125,262.8999938964844,263.79998779296875,73951
2026-10-08 15:01:00,1791486060,CRWD,263.79998779296875,264.4100036621094,263.79998779296875,264.3800048828125,21969
2026-10-08 15:02:00,1791486120,CRWD,264.3800048828125,264.6400146484375,264.30999755859375,264.5450134277344,11166
2026-10-08 15:03:00,1791486180,CRWD,264.5799865722656,264.7200012207031,263.7200012207031,263.82000732421875,24467
2026-10-08 15:04:00,1791486240,CRWD,263.82000732421875,263.8399963378906,263.25,263.6000061035156,20297
2026-10-08 15:05:00,1791486300,CRWD,263.6199951171875,264.0249938964844,263.5849914550781,263.8699951171875,15073
2026-10-08 15:06:00,1791486360,CRWD,263.7900085449219,263.8699951171875,262.75,262.8699951171875,23311
2026-10-08 15:07:00,1791486420,CRWD,262.8699951171875,263.3999938964844,262.44000244140625,262.94500732421875,29135
2026-10-08 15:08:00,1791486480,CRWD,262.92999267578125,263.29998779296875,262.79998779296875,262.885009765625,18510
2026-10-08 15:09:00,1791486540,CRWD,262.8800048828125,263.0199890136719,262.7550048828125,262.8570861816406,10157
2026-10-08 15:10:00,1791486600,CRWD,262.82000732421875,262.92999267578125,262.29998779296875,262.3299865722656,15444
2026-10-08 15:11:00,1791486660,CRWD,262.3299865722656,262.54998779296875,261.9100036621094,262.0101013183594,42489
2026-10-08 15:12:00,1791486720,CRWD,262.2300109863281,262.2300109863281,261.7099914550781,261.9700012207031,36844
2026-10-08 15:13:00,1791486780,CRWD,261.9700012207031,262.6650085449219,261.9649963378906,262.3599853515625,19744
2026-10-08 15:14:00,1791486840,CRWD,262.3900146484375,262.5863037109375,261.7099914550781,261.8299865722656,26168
2026-10-08 15:15:00,1791486900,CRWD,261.739990234375,262.19000244140625,261.6199951171875,262.1600036621094,22592
2026-10-08 15:16:00,1791486960,CRWD,262.32000732421875,262.8299865722656,262.32000732421875,262.760009765625,11511
2026-10-08 15:17:00,1791487020,CRWD,262.760009765625,262.8500061035156,262.6000061035156,262.6000061035156,22830
2026-10-08 15:18:00,1791487080,CRWD,262.5874938964844,263.19000244140625,262.5874938964844,263.19000244140625,13439
2026-10-08 15:19:00,1791487140,CRWD,263.19000244140625,263.4800109863281,263.1734924316406,263.3500061035156,15780
2026-10-08 15:20:00,1791487200,CRWD,263.30999755859375,263.55499267578125,263.2699890136719,263.4649963378906,19354
2026-10-08 15:21:00,1791487260,CRWD,263.4649963378906,263.6300048828125,263.3999938964844,263.6000061035156,23967
2026-10-08 15:22:00,1791487320,CRWD,263.5199890136719,263.5950012207031,263.3599853515625,263.3900146484375,13957
2026-10-08 15:23:00,1791487380,CRWD,263.4800109863281,263.4800109863281,263.17999267578125,263.4800109863281,19916
2026-10-08 15:24:00,1791487440,CRWD,263.4800109863281,263.6300048828125,263.3699951171875,263.6300048828125,19850
2026-10-08 15:25:00,1791487500,CRWD,263.5299987792969,263.6000061035156,263.1600036621094,263.2099914550781,15065
2026-10-08 15:26:00,1791487560,CRWD,263.25,263.5799865722656,263.1600036621094,263.5299987792969,15105
2026-10-08 15:27:00,1791487620,CRWD,263.4150085449219,263.4150085449219,263.1099853515625,263.18499755859375,11624
2026-10-08 15:28:00,1791487680,CRWD,263.1300048828125,263.1300048828125,262.77081298828125,262.94000244140625,19321
2026-10-08 15:29:00,1791487740,CRWD,262.94000244140625,262.9859924316406,262.6650085449219,262.760009765625,19219
2026-10-08 15:30:00,1791487800,CRWD,262.6600036621094,262.9599914550781,262.5400085449219,262.9100036621094,27089
2026-10-08 15:31:00,1791487860,CRWD,262.9049987792969,262.9049987792969,262.3699951171875,262.3699951171875,26004
2026-10-08 15:32:00,1791487920,CRWD,262.29998779296875,262.67999267578125,262.29998779296875,262.6099853515625,15674
2026-10-08 15:33:00,1791487980,CRWD,262.5899963378906,262.8500061035156,262.5199890136719,262.70001220703125,13987
2026-10-08 15:34:00,1791488040,CRWD,262.6700134277344,262.7300109863281,262.3900146484375,262.6138916015625,21243
2026-10-08 15:35:00,1791488100,CRWD,262.57501220703125,262.57501220703125,262.1600036621094,262.19000244140625,24158
2026-10-08 15:36:00,1791488160,CRWD,262.2900085449219,262.7300109863281,262.1600036621094,262.6199951171875,16097
2026-10-08 15:37:00,1791488220,CRWD,262.8573913574219,262.8699951171875,262.6199951171875,262.8599853515625,8873
2026-10-08 15:38:00,1791488280,CRWD,262.7699890136719,262.94000244140625,262.6700134277344,262.8599853515625,15660
2026-10-08 15:39:00,1791488340,CRWD,262.864990234375,263.1300048828125,262.864990234375,263.1300048828125,14658
2026-10-08 15:40:00,1791488400,CRWD,263.1099853515625,263.1700134277344,262.739990234375,262.8349914550781,17541
2026-10-08 15:41:00,1791488460,CRWD,262.8399963378906,262.95001220703125,262.7650146484375,262.9049987792969,15667
2026-10-08 15:42:00,1791488520,CRWD,262.9049987792969,263.1099853515625,262.8399963378906,262.989990234375,19801
2026-10-08 15:43:00,1791488580,CRWD,262.9750061035156,263.07000732421875,262.860107421875,262.94000244140625,12191
2026-10-08 15:44:00,1791488640,CRWD,262.95001220703125,263.1700134277344,262.8800048828125,263.05499267578125,13510
2026-10-08 15:45:00,1791488700,CRWD,262.989990234375,263.4150085449219,262.92999267578125,263.4150085449219,24701
2026-10-08 15:46:00,1791488760,CRWD,263.4150085449219,263.5,263.0899963378906,263.2900085449219,16496
2026-10-08 15:47:00,1791488820,CRWD,263.2900085449219,263.3949890136719,263.1099853515625,263.3949890136719,16391
2026-10-08 15:48:00,1791488880,CRWD,263.4100036621094,263.6300048828125,263.3900146484375,263.5162048339844,17860
2026-10-08 15:49:00,1791488940,CRWD,263.5400085449219,263.6600036621094,263.5,263.5849914550781,14300
2026-10-08 15:50:00,1791489000,CRWD,263.6300048828125,263.8599853515625,263.3599853515625,263.510009765625,32268
2026-10-08 15:51:00,1791489060,CRWD,263.510009765625,263.5899963378906,263.3599853515625,263.4100036621094,20806
2026-10-08 15:52:00,1791489120,CRWD,263.4100036621094,263.4200134277344,262.9794006347656,263.3500061035156,28303
2026-10-08 15:53:00,1791489180,CRWD,263.2900085449219,263.4200134277344,263.1700134277344,263.29998779296875,34428
2026-10-08 15:54:00,1791489240,CRWD,263.4800109863281,263.510009765625,263.2799987792969,263.4800109863281,35216
2026-10-08 15:55:00,1791489300,CRWD,263.4200134277344,263.43499755859375,262.9100036621094,262.95001220703125,45217
2026-10-08 15:56:00,1791489360,CRWD,262.95001220703125,263.0400085449219,262.79998779296875,262.9100036621094,46762
2026-10-08 15:57:00,1791489420,CRWD,262.92498779296875,263.2099914550781,262.8349914550781,263.1400146484375,54610
2026-10-08 15:58:00,1791489480,CRWD,263.1700134277344,263.20001220703125,262.9700012207031,262.9700012207031,54336
2026-10-08 15:59:00,1791489540,CRWD,262.9750061035156,263.0320129394531,262.8299865722656,262.9800109863281,91144
2026-10-08 16:00:00,1791489600,CRWD,263.010009765625,263.010009765625,263.010009765625,263.010009765625,0
