timestamp_et,epoch,ticker,open,high,low,close,volume
2026-09-28 09:30:00,1790602200,GME,23.260000228881836,23.530000686645508,23.216299057006836,23.489999771118164,336492
2026-09-28 09:31:00,1790602260,GME,23.450000762939453,23.540000915527344,23.3799991607666,23.510000228881836,85173
2026-09-28 09:32:00,1790602320,GME,23.540000915527344,23.69499969482422,23.530000686645508,23.69499969482422,137890
2026-09-28 09:33:00,1790602380,GME,23.69499969482422,23.780000686645508,23.540000915527344,23.780000686645508,62472
2026-09-28 09:34:00,1790602440,GME,23.770000457763672,23.780000686645508,23.65999984741211,23.729999542236328,56008
2026-09-28 09:35:00,1790602500,GME,23.710399627685547,23.780000686645508,23.700000762939453,23.770000457763672,34045
2026-09-28 09:36:00,1790602560,GME,23.764999389648438,23.764999389648438,23.65999984741211,23.729999542236328,19991
2026-09-28 09:37:00,1790602620,GME,23.729999542236328,23.84000015258789,23.729999542236328,23.792400360107422,34416
2026-09-28 09:38:00,1790602680,GME,23.81999969482422,23.889999389648438,23.81999969482422,23.854999542236328,33613
2026-09-28 09:39:00,1790602740,GME,23.854999542236328,23.860000610351562,23.760000228881836,23.787099838256836,24794
2026-09-28 09:40:00,1790602800,GME,23.774999618530273,23.799999237060547,23.7549991607666,23.760000228881836,28885
2026-09-28 09:41:00,1790602860,GME,23.750099182128906,23.81999969482422,23.750099182128906,23.780000686645508,16399
2026-09-28 09:42:00,1790602920,GME,23.780000686645508,23.799999237060547,23.709999084472656,23.739999771118164,27477
2026-09-28 09:43:00,1790602980,GME,23.739999771118164,23.770000457763672,23.739999771118164,23.770000457763672,13082
2026-09-28 09:44:00,1790603040,GME,23.770000457763672,23.799999237060547,23.75,23.780000686645508,22377
2026-09-28 09:45:00,1790603100,GME,23.790000915527344,23.809999465942383,23.737199783325195,23.7450008392334,74002
2026-09-28 09:46:00,1790603160,GME,23.7450008392334,23.7450008392334,23.645000457763672,23.69499969482422,26849
2026-09-28 09:47:00,1790603220,GME,23.700000762939453,23.739999771118164,23.640100479125977,23.729000091552734,71722
2026-09-28 09:48:00,1790603280,GME,23.729999542236328,23.770000457763672,23.729999542236328,23.7406005859375,15193
2026-09-28 09:49:00,1790603340,GME,23.739999771118164,23.755800247192383,23.70050048828125,23.725000381469727,26164
2026-09-28 09:50:00,1790603400,GME,23.725000381469727,23.735000610351562,23.66029930114746,23.690000534057617,23110
2026-09-28 09:51:00,1790603460,GME,23.690000534057617,23.690000534057617,23.655000686645508,23.68000030517578,28212
2026-09-28 09:52:00,1790603520,GME,23.684999465942383,23.899999618530273,23.684999465942383,23.8700008392334,39988
2026-09-28 09:53:00,1790603580,GME,23.8799991607666,24.0,23.87420082092285,23.989999771118164,57763
2026-09-28 09:54:00,1790603640,GME,23.989999771118164,23.989999771118164,23.899999618530273,23.920000076293945,31211
2026-09-28 09:55:00,1790603700,GME,23.90999984741211,23.920000076293945,23.8700008392334,23.920000076293945,36869
2026-09-28 09:56:00,1790603760,GME,23.91029930114746,23.94930076599121,23.889999389648438,23.940000534057617,38465
2026-09-28 09:57:00,1790603820,GME,23.93000030517578,23.950000762939453,23.915000915527344,23.924999237060547,37363
2026-09-28 09:58:00,1790603880,GME,23.920000076293945,23.920000076293945,23.8799991607666,23.90999984741211,23536
2026-09-28 09:59:00,1790603940,GME,23.90999984741211,23.93000030517578,23.90999984741211,23.920000076293945,6211
2026-09-28 10:00:00,1790604000,GME,23.940000534057617,23.94029998779297,23.8700008392334,23.94029998779297,12322
2026-09-28 10:01:00,1790604060,GME,23.950000762939453,23.979999542236328,23.94499969482422,23.975000381469727,20529
2026-09-28 10:02:00,1790604120,GME,23.96500015258789,24.079999923706055,23.96500015258789,24.065000534057617,58662
2026-09-28 10:03:00,1790604180,GME,24.065000534057617,24.09000015258789,24.030000686645508,24.03499984741211,38090
2026-09-28 10:04:00,1790604240,GME,24.030000686645508,24.049999237060547,24.010099411010742,24.030000686645508,25278
2026-09-28 10:05:00,1790604300,GME,24.030000686645508,24.040000915527344,24.0,24.020000457763672,28908
2026-09-28 10:06:00,1790604360,GME,24.029800415039062,24.075000762939453,24.010099411010742,24.06999969482422,19739
2026-09-28 10:07:00,1790604420,GME,24.079999923706055,24.079999923706055,24.045000076293945,24.065000534057617,20599
2026-09-28 10:08:00,1790604480,GME,24.065000534057617,24.06999969482422,24.0,24.040000915527344,36753
2026-09-28 10:09:00,1790604540,GME,24.040000915527344,24.1200008392334,24.024999618530273,24.1200008392334,33637
2026-09-28 10:10:00,1790604600,GME,24.11989974975586,24.11989974975586,24.100000381469727,24.110000610351562,37438
2026-09-28 10:11:00,1790604660,GME,24.100099563598633,24.100099563598633,23.979999542236328,23.985000610351562,55659
2026-09-28 10:12:00,1790604720,GME,23.985000610351562,24.024999618530273,23.985000610351562,24.0,15688
2026-09-28 10:13:00,1790604780,GME,23.993999481201172,23.993999481201172,23.8700008392334,23.905000686645508,71231
2026-09-28 10:14:00,1790604840,GME,23.905000686645508,23.924999237060547,23.895000457763672,23.90999984741211,26300
2026-09-28 10:15:00,1790604900,GME,23.915000915527344,23.920000076293945,23.895000457763672,23.915000915527344,19877
2026-09-28 10:16:00,1790604960,GME,23.915000915527344,23.93000030517578,23.875,23.884000778198242,28090
2026-09-28 10:17:00,1790605020,GME,23.889999389648438,23.920000076293945,23.8799991607666,23.88960075378418,31108
2026-09-28 10:18:00,1790605080,GME,23.8799991607666,23.895000457763672,23.875,23.875,10698
2026-09-28 10:19:00,1790605140,GME,23.875,23.899999618530273,23.854999542236328,23.895000457763672,19329
2026-09-28 10:20:00,1790605200,GME,23.889999389648438,23.889999389648438,23.850000381469727,23.875,13630
2026-09-28 10:21:00,1790605260,GME,23.875,23.879899978637695,23.86989974975586,23.871999740600586,8964
2026-09-28 10:22:00,1790605320,GME,23.871400833129883,23.875,23.86009979248047,23.864999771118164,7770
2026-09-28 10:23:00,1790605380,GME,23.864999771118164,23.875,23.854900360107422,23.859899520874023,11670
2026-09-28 10:24:00,1790605440,GME,23.850000381469727,23.850000381469727,23.815000534057617,23.815000534057617,7547
2026-09-28 10:25:00,1790605500,GME,23.815000534057617,23.825000762939453,23.799999237060547,23.80500030517578,30363
2026-09-28 10:26:00,1790605560,GME,23.80500030517578,23.84000015258789,23.80500030517578,23.834999084472656,8337
2026-09-28 10:27:00,1790605620,GME,23.84000015258789,23.860000610351562,23.84000015258789,23.84000015258789,7237
2026-09-28 10:28:00,1790605680,GME,23.834999084472656,23.834999084472656,23.825000762939453,23.825000762939453,4415
2026-09-28 10:29:00,1790605740,GME,23.825000762939453,23.825000762939453,23.80139923095703,23.80500030517578,10747
2026-09-28 10:30:00,1790605800,GME,23.80500030517578,23.834999084472656,23.80500030517578,23.829999923706055,6253
2026-09-28 10:31:00,1790605860,GME,23.825000762939453,23.84000015258789,23.825000762939453,23.834999084472656,22146
2026-09-28 10:32:00,1790605920,GME,23.834999084472656,23.854999542236328,23.834999084472656,23.850000381469727,20922
2026-09-28 10:33:00,1790605980,GME,23.844999313354492,23.920000076293945,23.844999313354492,23.895000457763672,21189
2026-09-28 10:34:00,1790606040,GME,23.899999618530273,23.899999618530273,23.889999389648438,23.889999389648438,13770
2026-09-28 10:35:00,1790606100,GME,23.889999389648438,23.889999389648438,23.860000610351562,23.864999771118164,10429
2026-09-28 10:36:00,1790606160,GME,23.864999771118164,23.875200271606445,23.844999313354492,23.850000381469727,11202
2026-09-28 10:37:00,1790606220,GME,23.850000381469727,23.860000610351562,23.834999084472656,23.834999084472656,5474
2026-09-28 10:38:00,1790606280,GME,23.829999923706055,23.850000381469727,23.780000686645508,23.84000015258789,32635
2026-09-28 10:39:00,1790606340,GME,23.854999542236328,23.8799991607666,23.854999542236328,23.875,5473
2026-09-28 10:40:00,1790606400,GME,23.875,23.889999389648438,23.8700008392334,23.875,5510
2026-09-28 10:41:00,1790606460,GME,23.875,23.950000762939453,23.875,23.895000457763672,27347
2026-09-28 10:42:00,1790606520,GME,23.889999389648438,23.889999389648438,23.844200134277344,23.844999313354492,10612
2026-09-28 10:43:00,1790606580,GME,23.8439998626709,23.86989974975586,23.834999084472656,23.854999542236328,9281
2026-09-28 10:44:00,1790606640,GME,23.860000610351562,23.860000610351562,23.84000015258789,23.84000015258789,5051
2026-09-28 10:45:00,1790606700,GME,23.829999923706055,23.860000610351562,23.800100326538086,23.854000091552734,16293
2026-09-28 10:46:00,1790606760,GME,23.850000381469727,23.854999542236328,23.829999923706055,23.843299865722656,11488
2026-09-28 10:47:00,1790606820,GME,23.84000015258789,23.854999542236328,23.83009910583496,23.844999313354492,5232
2026-09-28 10:48:00,1790606880,GME,23.841999053955078,23.860000610351562,23.84000015258789,23.860000610351562,5764
2026-09-28 10:49:00,1790606940,GME,23.854999542236328,23.8700008392334,23.818500518798828,23.818500518798828,16040
2026-09-28 10:50:00,1790607000,GME,23.809999465942383,23.845199584960938,23.809999465942383,23.84000015258789,15165
2026-09-28 10:51:00,1790607060,GME,23.844999313354492,23.850000381469727,23.820100784301758,23.820100784301758,7012
2026-09-28 10:52:00,1790607120,GME,23.81999969482422,23.825000762939453,23.790000915527344,23.795000076293945,6312
2026-09-28 10:53:00,1790607180,GME,23.790000915527344,23.815000534057617,23.790000915527344,23.815000534057617,8351
2026-09-28 10:54:00,1790607240,GME,23.810100555419922,23.829999923706055,23.809999465942383,23.81999969482422,8473
2026-09-28 10:55:00,1790607300,GME,23.815000534057617,23.815000534057617,23.760000228881836,23.790000915527344,15734
2026-09-28 10:56:00,1790607360,GME,23.790000915527344,23.815000534057617,23.780000686645508,23.815000534057617,8658
2026-09-28 10:57:00,1790607420,GME,23.810100555419922,23.825000762939453,23.790000915527344,23.80500030517578,8905
2026-09-28 10:58:00,1790607480,GME,23.80500030517578,23.809999465942383,23.799999237060547,23.80500030517578,7829
2026-09-28 10:59:00,1790607540,GME,23.799999237060547,23.799999237060547,23.740699768066406,23.75,21050
2026-09-28 11:00:00,1790607600,GME,23.7450008392334,23.75,23.649999618530273,23.704999923706055,64295
2026-09-28 11:01:00,1790607660,GME,23.704999923706055,23.717500686645508,23.649999618530273,23.649999618530273,32853
2026-09-28 11:02:00,1790607720,GME,23.65999984741211,23.670000076293945,23.639999389648438,23.645000457763672,8638
2026-09-28 11:03:00,1790607780,GME,23.641700744628906,23.684999465942383,23.639999389648438,23.684999465942383,14993
2026-09-28 11:04:00,1790607840,GME,23.684999465942383,23.690000534057617,23.670000076293945,23.6781005859375,7946
2026-09-28 11:05:00,1790607900,GME,23.68000030517578,23.704999923706055,23.68000030517578,23.68000030517578,12286
2026-09-28 11:06:00,1790607960,GME,23.670000076293945,23.670000076293945,23.610000610351562,23.639999389648438,24316
2026-09-28 11:07:00,1790608020,GME,23.639999389648438,23.65999984741211,23.639999389648438,23.639999389648438,5532
2026-09-28 11:08:00,1790608080,GME,23.639799118041992,23.639999389648438,23.614999771118164,23.615100860595703,8461
2026-09-28 11:09:00,1790608140,GME,23.61009979248047,23.6299991607666,23.600000381469727,23.625,31279
2026-09-28 11:10:00,1790608200,GME,23.621999740600586,23.649999618530273,23.621999740600586,23.635000228881836,3954
2026-09-28 11:11:00,1790608260,GME,23.635000228881836,23.639999389648438,23.6299991607666,23.635000228881836,14077
2026-09-28 11:12:00,1790608320,GME,23.635000228881836,23.635000228881836,23.604999542236328,23.604999542236328,30023
2026-09-28 11:13:00,1790608380,GME,23.604999542236328,23.625,23.604999542236328,23.6200008392334,8867
2026-09-28 11:14:00,1790608440,GME,23.614999771118164,23.614999771118164,23.600000381469727,23.600000381469727,4376
2026-09-28 11:15:00,1790608500,GME,23.59000015258789,23.614999771118164,23.584999084472656,23.610000610351562,13096
2026-09-28 11:16:00,1790608560,GME,23.614999771118164,23.62980079650879,23.614999771118164,23.614999771118164,6270
2026-09-28 11:17:00,1790608620,GME,23.614999771118164,23.645000457763672,23.614999771118164,23.639999389648438,8280
2026-09-28 11:18:00,1790608680,GME,23.635000228881836,23.65999984741211,23.6200008392334,23.6299991607666,317146
2026-09-28 11:19:00,1790608740,GME,23.635000228881836,23.655000686645508,23.629499435424805,23.649999618530273,13903
2026-09-28 11:20:00,1790608800,GME,23.645000457763672,23.649999618530273,23.6299991607666,23.635000228881836,16626
2026-09-28 11:21:00,1790608860,GME,23.635000228881836,23.635000228881836,23.604999542236328,23.604999542236328,10378
2026-09-28 11:22:00,1790608920,GME,23.604999542236328,23.609899520874023,23.600000381469727,23.600000381469727,3959
2026-09-28 11:23:00,1790608980,GME,23.610000610351562,23.67099952697754,23.610000610351562,23.639999389648438,26178
2026-09-28 11:24:00,1790609040,GME,23.639999389648438,23.670000076293945,23.639999389648438,23.665000915527344,5883
2026-09-28 11:25:00,1790609100,GME,23.665000915527344,23.674999237060547,23.645000457763672,23.65999984741211,6786
2026-09-28 11:26:00,1790609160,GME,23.655000686645508,23.655000686645508,23.639999389648438,23.649999618530273,4584
2026-09-28 11:27:00,1790609220,GME,23.649999618530273,23.655000686645508,23.639999389648438,23.639999389648438,1328
2026-09-28 11:28:00,1790609280,GME,23.635000228881836,23.650100708007812,23.625,23.650100708007812,2879
2026-09-28 11:29:00,1790609340,GME,23.655000686645508,23.655000686645508,23.635099411010742,23.645000457763672,4094
2026-09-28 11:30:00,1790609400,GME,23.645000457763672,23.649999618530273,23.625,23.635000228881836,12169
2026-09-28 11:31:00,1790609460,GME,23.635000228881836,23.635000228881836,23.6200008392334,23.6299991607666,6680
2026-09-28 11:32:00,1790609520,GME,23.633346557617188,23.655000686645508,23.6200008392334,23.6299991607666,21828
2026-09-28 11:33:00,1790609580,GME,23.639999389648438,23.649999618530273,23.6299991607666,23.6299991607666,4481
2026-09-28 11:34:00,1790609640,GME,23.6299991607666,23.639999389648438,23.614999771118164,23.625,23837
2026-09-28 11:35:00,1790609700,GME,23.625,23.635000228881836,23.614999771118164,23.619800567626953,10738
2026-09-28 11:36:00,1790609760,GME,23.614999771118164,23.639999389648438,23.614999771118164,23.635000228881836,13038
2026-09-28 11:37:00,1790609820,GME,23.635000228881836,23.645099639892578,23.6299991607666,23.635000228881836,5109
2026-09-28 11:38:00,1790609880,GME,23.635000228881836,23.655000686645508,23.625,23.639999389648438,6360
2026-09-28 11:39:00,1790609940,GME,23.637699127197266,23.639999389648438,23.625,23.6387996673584,7472
2026-09-28 11:40:00,1790610000,GME,23.631999969482422,23.631999969482422,23.61009979248047,23.61009979248047,2850
2026-09-28 11:41:00,1790610060,GME,23.614999771118164,23.614999771118164,23.59000015258789,23.594999313354492,11525
2026-09-28 11:42:00,1790610120,GME,23.594999313354492,23.600000381469727,23.575000762939453,23.579999923706055,6198
2026-09-28 11:43:00,1790610180,GME,23.56999969482422,23.56999969482422,23.540000915527344,23.540000915527344,18418
2026-09-28 11:44:00,1790610240,GME,23.530000686645508,23.565000534057617,23.520000457763672,23.565000534057617,12209
2026-09-28 11:45:00,1790610300,GME,23.559999465942383,23.576400756835938,23.559999465942383,23.575000762939453,2561
2026-09-28 11:46:00,1790610360,GME,23.575000762939453,23.579999923706055,23.56999969482422,23.575000762939453,2087
2026-09-28 11:47:00,1790610420,GME,23.575000762939453,23.579999923706055,23.56999969482422,23.575000762939453,4208
2026-09-28 11:48:00,1790610480,GME,23.579999923706055,23.59000015258789,23.56999969482422,23.575000762939453,7600
2026-09-28 11:49:00,1790610540,GME,23.565000534057617,23.604999542236328,23.559999465942383,23.575000762939453,10468
2026-09-28 11:50:00,1790610600,GME,23.575000762939453,23.575000762939453,23.56999969482422,23.575000762939453,1743
2026-09-28 11:51:00,1790610660,GME,23.56999969482422,23.56999969482422,23.559999465942383,23.560100555419922,6098
2026-09-28 11:52:00,1790610720,GME,23.565000534057617,23.59000015258789,23.565000534057617,23.584999084472656,3907
2026-09-28 11:53:00,1790610780,GME,23.584999084472656,23.59000015258789,23.574100494384766,23.574100494384766,6761
2026-09-28 11:54:00,1790610840,GME,23.579999923706055,23.59000015258789,23.575000762939453,23.579999923706055,3756
2026-09-28 11:55:00,1790610900,GME,23.579999923706055,23.600000381469727,23.57509994506836,23.600000381469727,1974
2026-09-28 11:56:00,1790610960,GME,23.593799591064453,23.600000381469727,23.59000015258789,23.600000381469727,3051
2026-09-28 11:57:00,1790611020,GME,23.610000610351562,23.625,23.604999542236328,23.614999771118164,5776
2026-09-28 11:58:00,1790611080,GME,23.614999771118164,23.6200008392334,23.600000381469727,23.614999771118164,404048
2026-09-28 11:59:00,1790611140,GME,23.614999771118164,23.684999465942383,23.614999771118164,23.639999389648438,45894
2026-09-28 12:00:00,1790611200,GME,23.639999389648438,23.655000686645508,23.6299991607666,23.645000457763672,9661
2026-09-28 12:01:00,1790611260,GME,23.645000457763672,23.690000534057617,23.645000457763672,23.684999465942383,9826
2026-09-28 12:02:00,1790611320,GME,23.68000030517578,23.690000534057617,23.68000030517578,23.684999465942383,13808
2026-09-28 12:03:00,1790611380,GME,23.684999465942383,23.770000457763672,23.684999465942383,23.739999771118164,47478
2026-09-28 12:04:00,1790611440,GME,23.729999542236328,23.729999542236328,23.69499969482422,23.69499969482422,15386
2026-09-28 12:05:00,1790611500,GME,23.700000762939453,23.709999084472656,23.65999984741211,23.684999465942383,15092
2026-09-28 12:06:00,1790611560,GME,23.684999465942383,23.690000534057617,23.68000030517578,23.684999465942383,3540
2026-09-28 12:07:00,1790611620,GME,23.68120002746582,23.729999542236328,23.68120002746582,23.684999465942383,13356
2026-09-28 12:08:00,1790611680,GME,23.689899444580078,23.739999771118164,23.68000030517578,23.71500015258789,34050
2026-09-28 12:09:00,1790611740,GME,23.71500015258789,23.719999313354492,23.690000534057617,23.70989990234375,10298
2026-09-28 12:10:00,1790611800,GME,23.704999923706055,23.780000686645508,23.704999923706055,23.774999618530273,28100
2026-09-28 12:11:00,1790611860,GME,23.774999618530273,23.799999237060547,23.774999618530273,23.795000076293945,33524
2026-09-28 12:12:00,1790611920,GME,23.795000076293945,23.799999237060547,23.7450008392334,23.760000228881836,18747
2026-09-28 12:13:00,1790611980,GME,23.764999389648438,23.764999389648438,23.75,23.7549991607666,3175
2026-09-28 12:14:00,1790612040,GME,23.759899139404297,23.760000228881836,23.75,23.7549991607666,9572
2026-09-28 12:15:00,1790612100,GME,23.7549991607666,23.770000457763672,23.75,23.75,11945
2026-09-28 12:16:00,1790612160,GME,23.760000228881836,23.844999313354492,23.760000228881836,23.844999313354492,27261
2026-09-28 12:17:00,1790612220,GME,23.844999313354492,23.8700008392334,23.84000015258789,23.8700008392334,15982
2026-09-28 12:18:00,1790612280,GME,23.864999771118164,23.885000228881836,23.864999771118164,23.86989974975586,13895
2026-09-28 12:19:00,1790612340,GME,23.860000610351562,23.920000076293945,23.860000610351562,23.915000915527344,33174
2026-09-28 12:20:00,1790612400,GME,23.915000915527344,23.915000915527344,23.889999389648438,23.895000457763672,12987
2026-09-28 12:21:00,1790612460,GME,23.89859962463379,23.899999618530273,23.871999740600586,23.885000228881836,9959
2026-09-28 12:22:00,1790612520,GME,23.885099411010742,23.889999389648438,23.844999313354492,23.8700008392334,13480
2026-09-28 12:23:00,1790612580,GME,23.8700008392334,23.90999984741211,23.8617000579834,23.899999618530273,7765
2026-09-28 12:24:00,1790612640,GME,23.905000686645508,23.950000762939453,23.905000686645508,23.93000030517578,21464
2026-09-28 12:25:00,1790612700,GME,23.93000030517578,23.959999084472656,23.915000915527344,23.959999084472656,14488
2026-09-28 12:26:00,1790612760,GME,23.96500015258789,24.010000228881836,23.959999084472656,24.007699966430664,29230
2026-09-28 12:27:00,1790612820,GME,24.0049991607666,24.0049991607666,23.959999084472656,23.969999313354492,26570
2026-09-28 12:28:00,1790612880,GME,23.975000381469727,23.977699279785156,23.915000915527344,23.915000915527344,13324
2026-09-28 12:29:00,1790612940,GME,23.915000915527344,23.94499969482422,23.915000915527344,23.924999237060547,15543
2026-09-28 12:30:00,1790613000,GME,23.93000030517578,23.950000762939453,23.920000076293945,23.924999237060547,4749
2026-09-28 12:31:00,1790613060,GME,23.924999237060547,23.934999465942383,23.915000915527344,23.934999465942383,4453
2026-09-28 12:32:00,1790613120,GME,23.940000534057617,23.969999313354492,23.920000076293945,23.924999237060547,20940
2026-09-28 12:33:00,1790613180,GME,23.920000076293945,23.920000076293945,23.889999389648438,23.895000457763672,13129
2026-09-28 12:34:00,1790613240,GME,23.895000457763672,23.899999618530273,23.885000228881836,23.895000457763672,5359
2026-09-28 12:35:00,1790613300,GME,23.899999618530273,23.93000030517578,23.889999389648438,23.924999237060547,12051
2026-09-28 12:36:00,1790613360,GME,23.915000915527344,23.940000534057617,23.915000915527344,23.940000534057617,11848
2026-09-28 12:37:00,1790613420,GME,23.93000030517578,23.93000030517578,23.915000915527344,23.924999237060547,506713
2026-09-28 12:38:00,1790613480,GME,23.90999984741211,23.915000915527344,23.90999984741211,23.90999984741211,6858
2026-09-28 12:39:00,1790613540,GME,23.915000915527344,23.956100463867188,23.90999984741211,23.956100463867188,6769
2026-09-28 12:40:00,1790613600,GME,23.959999084472656,23.959999084472656,23.93000030517578,23.93000030517578,4789
2026-09-28 12:41:00,1790613660,GME,23.940000534057617,23.954999923706055,23.932600021362305,23.940000534057617,5938
2026-09-28 12:42:00,1790613720,GME,23.94499969482422,23.959999084472656,23.940000534057617,23.940000534057617,5407
2026-09-28 12:43:00,1790613780,GME,23.934999465942383,23.96780014038086,23.921300888061523,23.954999923706055,19286
2026-09-28 12:44:00,1790613840,GME,23.959999084472656,23.989999771118164,23.954999923706055,23.985000610351562,10563
2026-09-28 12:45:00,1790613900,GME,23.985000610351562,24.03499984741211,23.979999542236328,24.020000457763672,36812
2026-09-28 12:46:00,1790613960,GME,24.014999389648438,24.014999389648438,23.989999771118164,24.0,6679
2026-09-28 12:47:00,1790614020,GME,24.0,24.0,23.96500015258789,23.969999313354492,16395
2026-09-28 12:48:00,1790614080,GME,23.969999313354492,23.969999313354492,23.934999465942383,23.934999465942383,9445
2026-09-28 12:49:00,1790614140,GME,23.940000534057617,23.94499969482422,23.940000534057617,23.940000534057617,3613
2026-09-28 12:50:00,1790614200,GME,23.94499969482422,23.979999542236328,23.94499969482422,23.979999542236328,5247
2026-09-28 12:51:00,1790614260,GME,23.979999542236328,23.9950008392334,23.969999313354492,23.9950008392334,4987
2026-09-28 12:52:00,1790614320,GME,23.989999771118164,24.0,23.989999771118164,23.999900817871094,4573
2026-09-28 12:53:00,1790614380,GME,23.9950008392334,24.020000457763672,23.9950008392334,24.020000457763672,15054
2026-09-28 12:54:00,1790614440,GME,24.014999389648438,24.020000457763672,23.979999542236328,23.985000610351562,37723
2026-09-28 12:55:00,1790614500,GME,23.979999542236328,24.0,23.979999542236328,23.9950008392334,12210
2026-09-28 12:56:00,1790614560,GME,23.989999771118164,24.0,23.989999771118164,23.9950008392334,10388
2026-09-28 12:57:00,1790614620,GME,23.9950008392334,23.9950008392334,23.98110008239746,23.989999771118164,7274
2026-09-28 12:58:00,1790614680,GME,23.9950008392334,23.9950008392334,23.979999542236328,23.985000610351562,9825
2026-09-28 12:59:00,1790614740,GME,23.985000610351562,23.988000869750977,23.979999542236328,23.988000869750977,2652
2026-09-28 13:00:00,1790614800,GME,23.985000610351562,24.020000457763672,23.979999542236328,24.014999389648438,11713
2026-09-28 13:01:00,1790614860,GME,24.014999389648438,24.040000915527344,24.014999389648438,24.03499984741211,18787
2026-09-28 13:02:00,1790614920,GME,24.039899826049805,24.040000915527344,24.010000228881836,24.014999389648438,9389
2026-09-28 13:03:00,1790614980,GME,24.020000457763672,24.030000686645508,24.0049991607666,24.0049991607666,8027
2026-09-28 13:04:00,1790615040,GME,24.010000228881836,24.020000457763672,24.0049991607666,24.020000457763672,6623
2026-09-28 13:05:00,1790615100,GME,24.024999618530273,24.047100067138672,24.020000457763672,24.024999618530273,11700
2026-09-28 13:06:00,1790615160,GME,24.020000457763672,24.03499984741211,23.989999771118164,24.010000228881836,13452
2026-09-28 13:07:00,1790615220,GME,24.0049991607666,24.010000228881836,23.9950008392334,23.9950008392334,4419
2026-09-28 13:08:00,1790615280,GME,23.9950008392334,24.0,23.989999771118164,24.0,10782
2026-09-28 13:09:00,1790615340,GME,24.0,24.0,23.979999542236328,23.9950008392334,15000
2026-09-28 13:10:00,1790615400,GME,23.990999221801758,24.0,23.989999771118164,23.9950008392334,7496
2026-09-28 13:11:00,1790615460,GME,23.9950008392334,24.065000534057617,23.954999923706055,24.045000076293945,33123
2026-09-28 13:12:00,1790615520,GME,24.049999237060547,24.065000534057617,24.020000457763672,24.05500030517578,13844
2026-09-28 13:13:00,1790615580,GME,24.059999465942383,24.100000381469727,24.059999465942383,24.100000381469727,16083
2026-09-28 13:14:00,1790615640,GME,24.100000381469727,24.114999771118164,24.090499877929688,24.104999542236328,17330
2026-09-28 13:15:00,1790615700,GME,24.09000015258789,24.114999771118164,24.06999969482422,24.114999771118164,25496
2026-09-28 13:16:00,1790615760,GME,24.114999771118164,24.145000457763672,24.114999771118164,24.139999389648438,13139
2026-09-28 13:17:00,1790615820,GME,24.149999618530273,24.18000030517578,24.079999923706055,24.101699829101562,23952
2026-09-28 13:18:00,1790615880,GME,24.100000381469727,24.100000381469727,24.059999465942383,24.06999969482422,9256
2026-09-28 13:19:00,1790615940,GME,24.06410026550293,24.069900512695312,24.05500030517578,24.05500030517578,6146
2026-09-28 13:20:00,1790616000,GME,24.05500030517578,24.059900283813477,24.030000686645508,24.030000686645508,18100
2026-09-28 13:21:00,1790616060,GME,24.03499984741211,24.03809928894043,24.030000686645508,24.03809928894043,2249
2026-09-28 13:22:00,1790616120,GME,24.03499984741211,24.05699920654297,24.03499984741211,24.05699920654297,11307
2026-09-28 13:23:00,1790616180,GME,24.05500030517578,24.05500030517578,24.030000686645508,24.030000686645508,4216
2026-09-28 13:24:00,1790616240,GME,24.030000686645508,24.030000686645508,24.0,24.00279998779297,16071
2026-09-28 13:25:00,1790616300,GME,24.0,24.010000228881836,24.0,24.0049991607666,3147
2026-09-28 13:26:00,1790616360,GME,24.0049991607666,24.010000228881836,23.969999313354492,23.9950008392334,13878
2026-09-28 13:27:00,1790616420,GME,23.989999771118164,24.0,23.989999771118164,23.9950008392334,2400
2026-09-28 13:28:00,1790616480,GME,23.997699737548828,23.997699737548828,23.979999542236328,23.979999542236328,3038
2026-09-28 13:29:00,1790616540,GME,23.985000610351562,23.985000610351562,23.959999084472656,23.96500015258789,3681
2026-09-28 13:30:00,1790616600,GME,23.969999313354492,23.979999542236328,23.969999313354492,23.975000381469727,2603
2026-09-28 13:31:00,1790616660,GME,23.975000381469727,23.979999542236328,23.969999313354492,23.975000381469727,8075
2026-09-28 13:32:00,1790616720,GME,23.979999542236328,23.99799919128418,23.975000381469727,23.9950008392334,52947
2026-09-28 13:33:00,1790616780,GME,24.0049991607666,24.0049991607666,23.986900329589844,23.986900329589844,8818
2026-09-28 13:34:00,1790616840,GME,23.979999542236328,23.979999542236328,23.93000030517578,23.94499969482422,17376
2026-09-28 13:35:00,1790616900,GME,23.94499969482422,23.950000762939453,23.940000534057617,23.94499969482422,13457
2026-09-28 13:36:00,1790616960,GME,23.94499969482422,23.94930076599121,23.940000534057617,23.940000534057617,9165
2026-09-28 13:37:00,1790617020,GME,23.94499969482422,23.950000762939453,23.93000030517578,23.93000030517578,3212
2026-09-28 13:38:00,1790617080,GME,23.934999465942383,23.950000762939453,23.93000030517578,23.94499969482422,9858
2026-09-28 13:39:00,1790617140,GME,23.942399978637695,23.954999923706055,23.920000076293945,23.940000534057617,19299
2026-09-28 13:40:00,1790617200,GME,23.947999954223633,23.947999954223633,23.920000076293945,23.924999237060547,5542
2026-09-28 13:41:00,1790617260,GME,23.93000030517578,23.94499969482422,23.93000030517578,23.935100555419922,3792
2026-09-28 13:42:00,1790617320,GME,23.934999465942383,23.940000534057617,23.93000030517578,23.93000030517578,3989
2026-09-28 13:43:00,1790617380,GME,23.940000534057617,23.950000762939453,23.93000030517578,23.94499969482422,4401
2026-09-28 13:44:00,1790617440,GME,23.94499969482422,23.94499969482422,23.93000030517578,23.934999465942383,6439
2026-09-28 13:45:00,1790617500,GME,23.934999465942383,23.940000534057617,23.905000686645508,23.905000686645508,7497
2026-09-28 13:46:00,1790617560,GME,23.905000686645508,23.90999984741211,23.899999618530273,23.900100708007812,15388
2026-09-28 13:47:00,1790617620,GME,23.905000686645508,23.920000076293945,23.899999618530273,23.905000686645508,11167
2026-09-28 13:48:00,1790617680,GME,23.905000686645508,23.924999237060547,23.905000686645508,23.924999237060547,8103
2026-09-28 13:49:00,1790617740,GME,23.924999237060547,23.924999237060547,23.924999237060547,23.924999237060547,998
2026-09-28 13:50:00,1790617800,GME,23.924999237060547,23.94499969482422,23.90999984741211,23.94499969482422,13474
2026-09-28 13:51:00,1790617860,GME,23.940000534057617,23.96500015258789,23.93000030517578,23.96500015258789,9693
2026-09-28 13:52:00,1790617920,GME,23.96500015258789,23.985000610351562,23.96500015258789,23.979999542236328,3336
2026-09-28 13:53:00,1790617980,GME,23.97719955444336,23.985000610351562,23.950000762939453,23.954999923706055,12713
2026-09-28 13:54:00,1790618040,GME,23.95050048828125,23.975000381469727,23.95050048828125,23.969999313354492,3769
2026-09-28 13:55:00,1790618100,GME,23.96500015258789,23.979999542236328,23.959999084472656,23.979999542236328,3123
2026-09-28 13:56:00,1790618160,GME,23.985000610351562,24.014999389648438,23.979999542236328,24.0049991607666,14339
2026-09-28 13:57:00,1790618220,GME,24.0049991607666,24.0049991607666,23.9950008392334,24.0049991607666,12561
2026-09-28 13:58:00,1790618280,GME,24.009899139404297,24.009899139404297,23.9950008392334,24.0049991607666,4008
2026-09-28 13:59:00,1790618340,GME,24.0049991607666,24.0049991607666,23.9950008392334,23.9950008392334,5098
2026-09-28 14:00:00,1790618400,GME,23.9950008392334,23.9950008392334,23.975000381469727,23.975000381469727,5358
2026-09-28 14:01:00,1790618460,GME,23.975000381469727,23.98710060119629,23.969999313354492,23.98710060119629,2110
2026-09-28 14:02:00,1790618520,GME,23.985000610351562,24.020000457763672,23.985000610351562,24.010000228881836,4622
2026-09-28 14:03:00,1790618580,GME,24.0049991607666,24.010000228881836,24.0049991607666,24.0049991607666,2285
2026-09-28 14:04:00,1790618640,GME,24.010000228881836,24.049999237060547,24.010000228881836,24.049999237060547,28921
2026-09-28 14:05:00,1790618700,GME,24.04789924621582,24.04789924621582,24.03820037841797,24.03820037841797,14666
2026-09-28 14:06:00,1790618760,GME,24.03499984741211,24.059999465942383,24.030000686645508,24.045000076293945,17062
2026-09-28 14:07:00,1790618820,GME,24.049999237060547,24.05500030517578,24.040000915527344,24.04050064086914,9361
2026-09-28 14:08:00,1790618880,GME,24.045000076293945,24.094999313354492,24.040000915527344,24.09000015258789,23313
2026-09-28 14:09:00,1790618940,GME,24.094999313354492,24.110000610351562,24.084999084472656,24.110000610351562,23180
2026-09-28 14:10:00,1790619000,GME,24.104999542236328,24.1072998046875,24.075000762939453,24.075000762939453,11077
2026-09-28 14:11:00,1790619060,GME,24.075000762939453,24.075000762939453,24.05500030517578,24.05500030517578,4393
2026-09-28 14:12:00,1790619120,GME,24.05500030517578,24.05500030517578,24.014999389648438,24.014999389648438,15254
2026-09-28 14:13:00,1790619180,GME,24.010000228881836,24.020000457763672,24.0049991607666,24.014999389648438,6151
2026-09-28 14:14:00,1790619240,GME,24.014999389648438,24.020000457763672,24.010000228881836,24.014999389648438,9389
2026-09-28 14:15:00,1790619300,GME,24.010000228881836,24.014999389648438,24.0049991607666,24.014999389648438,4142
2026-09-28 14:16:00,1790619360,GME,24.014999389648438,24.020000457763672,24.0,24.00320053100586,6453
2026-09-28 14:17:00,1790619420,GME,24.0,24.0,23.985000610351562,23.985000610351562,12628
2026-09-28 14:18:00,1790619480,GME,23.985000610351562,23.985000610351562,23.969999313354492,23.975000381469727,12033
2026-09-28 14:19:00,1790619540,GME,23.975000381469727,23.979999542236328,23.969999313354492,23.979999542236328,2879
2026-09-28 14:20:00,1790619600,GME,23.975000381469727,23.979999542236328,23.969999313354492,23.979999542236328,7101
2026-09-28 14:21:00,1790619660,GME,23.969999313354492,23.975000381469727,23.950000762939453,23.950000762939453,9842
2026-09-28 14:22:00,1790619720,GME,23.950000762939453,23.950000762939453,23.938600540161133,23.94499969482422,16613
2026-09-28 14:23:00,1790619780,GME,23.94499969482422,23.94499969482422,23.934999465942383,23.940000534057617,29344
2026-09-28 14:24:00,1790619840,GME,23.94499969482422,23.959999084472656,23.94499969482422,23.959999084472656,4444
2026-09-28 14:25:00,1790619900,GME,23.969999313354492,24.020000457763672,23.969999313354492,24.010000228881836,13196
2026-09-28 14:26:00,1790619960,GME,24.010000228881836,24.010000228881836,24.000099182128906,24.010000228881836,1625
2026-09-28 14:27:00,1790620020,GME,24.0049991607666,24.0049991607666,23.989999771118164,23.999900817871094,4511
2026-09-28 14:28:00,1790620080,GME,23.9950008392334,23.9950008392334,23.969999313354492,23.969999313354492,12477
2026-09-28 14:29:00,1790620140,GME,23.969999313354492,23.969999313354492,23.959999084472656,23.96500015258789,5062
2026-09-28 14:30:00,1790620200,GME,23.959999084472656,23.96500015258789,23.950000762939453,23.957000732421875,10365
2026-09-28 14:31:00,1790620260,GME,23.950000762939453,23.950000762939453,23.93000030517578,23.94499969482422,7995
2026-09-28 14:32:00,1790620320,GME,23.94499969482422,23.954999923706055,23.940000534057617,23.94499969482422,8765
2026-09-28 14:33:00,1790620380,GME,23.94499969482422,23.94499969482422,23.94499969482422,23.94499969482422,2066
2026-09-28 14:34:00,1790620440,GME,23.94499969482422,23.96500015258789,23.94499969482422,23.959999084472656,14602
2026-09-28 14:35:00,1790620500,GME,23.954999923706055,23.959999084472656,23.94499969482422,23.94499969482422,3451
2026-09-28 14:36:00,1790620560,GME,23.94499969482422,23.969999313354492,23.94499969482422,23.969999313354492,6242
2026-09-28 14:37:00,1790620620,GME,23.969999313354492,23.979999542236328,23.969999313354492,23.979999542236328,6450
2026-09-28 14:38:00,1790620680,GME,23.979999542236328,23.979999542236328,23.959999084472656,23.959999084472656,9385
2026-09-28 14:39:00,1790620740,GME,23.954999923706055,23.959999084472656,23.954999923706055,23.959999084472656,1933
2026-09-28 14:40:00,1790620800,GME,23.959999084472656,23.96500015258789,23.954999923706055,23.96500015258789,3756
2026-09-28 14:41:00,1790620860,GME,23.959999084472656,23.96500015258789,23.950000762939453,23.96500015258789,11983
2026-09-28 14:42:00,1790620920,GME,23.96500015258789,23.969999313354492,23.96500015258789,23.96500015258789,2467
2026-09-28 14:43:00,1790620980,GME,23.96500015258789,23.969999313354492,23.959999084472656,23.959999084472656,2945
2026-09-28 14:44:00,1790621040,GME,23.96500015258789,23.969999313354492,23.959999084472656,23.969999313354492,2043
2026-09-28 14:45:00,1790621100,GME,23.959999084472656,23.969999313354492,23.959999084472656,23.969999313354492,2637
2026-09-28 14:46:00,1790621160,GME,23.969999313354492,23.979999542236328,23.969999313354492,23.975000381469727,3310
2026-09-28 14:47:00,1790621220,GME,23.975000381469727,24.040000915527344,23.975000381469727,24.040000915527344,52599
2026-09-28 14:48:00,1790621280,GME,24.040000915527344,24.045000076293945,24.0049991607666,24.030000686645508,19326
2026-09-28 14:49:00,1790621340,GME,24.024999618530273,24.024999618530273,24.014999389648438,24.024999618530273,4659
2026-09-28 14:50:00,1790621400,GME,24.030000686645508,24.03499984741211,24.030000686645508,24.030000686645508,4217
2026-09-28 14:51:00,1790621460,GME,24.040000915527344,24.040000915527344,24.030000686645508,24.03499984741211,4962
2026-09-28 14:52:00,1790621520,GME,24.040000915527344,24.040000915527344,24.030000686645508,24.03499984741211,1389
2026-09-28 14:53:00,1790621580,GME,24.03499984741211,24.03499984741211,24.020000457763672,24.020000457763672,21111
2026-09-28 14:54:00,1790621640,GME,24.014999389648438,24.014999389648438,23.9950008392334,24.0049991607666,3635
2026-09-28 14:55:00,1790621700,GME,24.0049991607666,24.010000228881836,24.0,24.0049991607666,2781
2026-09-28 14:56:00,1790621760,GME,24.0049991607666,24.014999389648438,24.0,24.0,5019
2026-09-28 14:57:00,1790621820,GME,24.0049991607666,24.010000228881836,24.0049991607666,24.0049991607666,3335
2026-09-28 14:58:00,1790621880,GME,24.0049991607666,24.00790023803711,24.0,24.0049991607666,2197
2026-09-28 14:59:00,1790621940,GME,24.0,24.010000228881836,23.985000610351562,23.985000610351562,13140
2026-09-28 15:00:00,1790622000,GME,23.985000610351562,23.985000610351562,23.96500015258789,23.96500015258789,5647
2026-09-28 15:01:00,1790622060,GME,23.96500015258789,23.969999313354492,23.959999084472656,23.96500015258789,8666
2026-09-28 15:02:00,1790622120,GME,23.9601993560791,23.969999313354492,23.954999923706055,23.959999084472656,10479
2026-09-28 15:03:00,1790622180,GME,23.95509910583496,23.95509910583496,23.954999923706055,23.954999923706055,1001
2026-09-28 15:04:00,1790622240,GME,23.954999923706055,23.954999923706055,23.940000534057617,23.950000762939453,8490
2026-09-28 15:05:00,1790622300,GME,23.94499969482422,23.94499969482422,23.924999237060547,23.924999237060547,13445
2026-09-28 15:06:00,1790622360,GME,23.924999237060547,23.93000030517578,23.915000915527344,23.915000915527344,12523
2026-09-28 15:07:00,1790622420,GME,23.915000915527344,23.915000915527344,23.885000228881836,23.902099609375,21742
2026-09-28 15:08:00,1790622480,GME,23.905000686645508,23.90999984741211,23.903600692749023,23.905000686645508,7334
2026-09-28 15:09:00,1790622540,GME,23.899999618530273,23.90999984741211,23.899999618530273,23.90999984741211,2547
2026-09-28 15:10:00,1790622600,GME,23.90999984741211,23.920000076293945,23.905000686645508,23.905000686645508,6884
2026-09-28 15:11:00,1790622660,GME,23.90999984741211,23.90999984741211,23.899999618530273,23.905000686645508,4251
2026-09-28 15:12:00,1790622720,GME,23.90999984741211,23.90999984741211,23.889999389648438,23.895000457763672,6065
2026-09-28 15:13:00,1790622780,GME,23.895000457763672,23.90999984741211,23.895000457763672,23.895000457763672,7675
2026-09-28 15:14:00,1790622840,GME,23.895000457763672,23.896299362182617,23.895000457763672,23.895000457763672,2284
2026-09-28 15:15:00,1790622900,GME,23.895000457763672,23.895000457763672,23.8799991607666,23.885000228881836,19249
2026-09-28 15:16:00,1790622960,GME,23.880699157714844,23.885000228881836,23.875,23.885000228881836,10384
2026-09-28 15:17:00,1790623020,GME,23.885000228881836,23.895000457763672,23.885000228881836,23.895000457763672,4513
2026-09-28 15:18:00,1790623080,GME,23.895000457763672,23.899999618530273,23.885000228881836,23.889999389648438,7630
2026-09-28 15:19:00,1790623140,GME,23.899999618530273,23.90999984741211,23.895000457763672,23.895000457763672,8373
2026-09-28 15:20:00,1790623200,GME,23.889999389648438,23.889999389648438,23.850000381469727,23.875,27110
2026-09-28 15:21:00,1790623260,GME,23.8799991607666,23.895000457763672,23.8799991607666,23.885000228881836,5767
2026-09-28 15:22:00,1790623320,GME,23.885000228881836,23.885000228881836,23.850000381469727,23.850000381469727,7532
2026-09-28 15:23:00,1790623380,GME,23.860000610351562,23.864999771118164,23.860000610351562,23.86050033569336,4343
2026-09-28 15:24:00,1790623440,GME,23.864999771118164,23.889999389648438,23.864999771118164,23.885000228881836,5539
2026-09-28 15:25:00,1790623500,GME,23.889999389648438,23.915000915527344,23.889999389648438,23.90999984741211,9464
2026-09-28 15:26:00,1790623560,GME,23.915000915527344,23.93000030517578,23.915000915527344,23.924999237060547,12192
2026-09-28 15:27:00,1790623620,GME,23.927024841308594,23.93000030517578,23.920000076293945,23.924999237060547,9257
2026-09-28 15:28:00,1790623680,GME,23.924999237060547,23.94499969482422,23.924999237060547,23.94499969482422,9851
2026-09-28 15:29:00,1790623740,GME,23.94499969482422,23.94499969482422,23.860000610351562,23.90999984741211,74565
2026-09-28 15:30:00,1790623800,GME,23.905000686645508,23.90999984741211,23.905000686645508,23.90999984741211,3613
2026-09-28 15:31:00,1790623860,GME,23.907699584960938,23.920000076293945,23.899999618530273,23.905000686645508,15688
2026-09-28 15:32:00,1790623920,GME,23.905000686645508,23.90999984741211,23.860000610351562,23.860000610351562,25410
2026-09-28 15:33:00,1790623980,GME,23.860000610351562,23.885000228881836,23.850000381469727,23.8799991607666,41048
2026-09-28 15:34:00,1790624040,GME,23.889999389648438,23.898000717163086,23.8799991607666,23.885000228881836,10326
2026-09-28 15:35:00,1790624100,GME,23.885000228881836,23.899999618530273,23.860000610351562,23.867000579833984,37887
2026-09-28 15:36:00,1790624160,GME,23.86009979248047,23.889999389648438,23.854999542236328,23.885000228881836,28634
2026-09-28 15:37:00,1790624220,GME,23.885000228881836,23.895000457763672,23.8700008392334,23.895000457763672,15454
2026-09-28 15:38:00,1790624280,GME,23.889999389648438,23.905000686645508,23.889999389648438,23.895000457763672,14606
2026-09-28 15:39:00,1790624340,GME,23.895000457763672,23.895000457763672,23.885000228881836,23.895000457763672,9796
2026-09-28 15:40:00,1790624400,GME,23.889999389648438,23.895000457763672,23.8799991607666,23.895000457763672,15772
2026-09-28 15:41:00,1790624460,GME,23.889999389648438,23.889999389648438,23.864999771118164,23.885000228881836,27027
2026-09-28 15:42:00,1790624520,GME,23.889999389648438,23.94499969482422,23.885000228881836,23.94499969482422,15315
2026-09-28 15:43:00,1790624580,GME,23.940000534057617,23.94499969482422,23.920299530029297,23.94499969482422,17033
2026-09-28 15:44:00,1790624640,GME,23.94499969482422,23.985000610351562,23.934999465942383,23.985000610351562,46123
2026-09-28 15:45:00,1790624700,GME,23.985000610351562,23.985000610351562,23.969999313354492,23.975000381469727,22719
2026-09-28 15:46:00,1790624760,GME,23.975000381469727,23.989999771118164,23.96500015258789,23.989999771118164,22487
2026-09-28 15:47:00,1790624820,GME,24.0,24.020000457763672,23.989999771118164,24.0049991607666,38508
2026-09-28 15:48:00,1790624880,GME,24.010000228881836,24.040000915527344,24.010000228881836,24.040000915527344,16210
2026-09-28 15:49:00,1790624940,GME,24.03499984741211,24.075000762939453,24.03499984741211,24.075000762939453,59840
2026-09-28 15:50:00,1790625000,GME,24.079999923706055,24.079999923706055,24.049999237060547,24.06999969482422,84263
2026-09-28 15:51:00,1790625060,GME,24.075000762939453,24.100000381469727,24.06999969482422,24.100000381469727,54556
2026-09-28 15:52:00,1790625120,GME,24.094999313354492,24.094999313354492,24.059999465942383,24.059999465942383,41550
2026-09-28 15:53:00,1790625180,GME,24.06999969482422,24.079999923706055,24.059999465942383,24.063899993896484,22699
2026-09-28 15:54:00,1790625240,GME,24.05500030517578,24.06999969482422,24.0049991607666,24.014999389648438,37675
2026-09-28 15:55:00,1790625300,GME,24.014999389648438,24.05500030517578,24.010000228881836,24.045000076293945,58330
2026-09-28 15:56:00,1790625360,GME,24.045000076293945,24.045000076293945,23.985000610351562,23.985000610351562,67602
2026-09-28 15:57:00,1790625420,GME,23.989900588989258,24.045000076293945,23.985000610351562,24.03499984741211,0
2026-09-28 15:58:00,1790625480,GME,24.03499984741211,24.045000076293945,24.010000228881836,24.010000228881836,184811
2026-09-28 15:59:00,1790625540,GME,24.010000228881836,24.014999389648438,23.954999923706055,23.985000610351562,149926
2026-09-28 16:00:00,1790625600,GME,23.989999771118164,23.989999771118164,23.989999771118164,23.989999771118164,0
2026-09-29 09:30:00,1790688600,GME,24.0,24.06999969482422,23.899999618530273,23.950000762939453,206315
2026-09-29 09:31:00,1790688660,GME,23.93000030517578,23.954999923706055,23.82939910888672,23.834999084472656,29375
2026-09-29 09:32:00,1790688720,GME,23.860000610351562,24.014999389648438,23.860000610351562,23.975000381469727,22445
2026-09-29 09:33:00,1790688780,GME,23.969999313354492,23.969999313354492,23.8799991607666,23.95400047302246,36968
2026-09-29 09:34:00,1790688840,GME,23.950000762939453,23.969999313354492,23.93000030517578,23.93000030517578,5349
2026-09-29 09:35:00,1790688900,GME,23.940000534057617,24.0,23.920000076293945,23.962099075317383,5053
2026-09-29 09:36:00,1790688960,GME,23.98780059814453,23.989999771118164,23.959999084472656,23.979999542236328,7958
2026-09-29 09:37:00,1790689020,GME,23.989999771118164,24.009899139404297,23.920000076293945,23.920000076293945,24130
2026-09-29 09:38:00,1790689080,GME,23.920000076293945,23.920000076293945,23.850000381469727,23.905000686645508,37300
2026-09-29 09:39:00,1790689140,GME,23.899999618530273,23.935699462890625,23.860000610351562,23.897499084472656,14415
2026-09-29 09:40:00,1790689200,GME,23.894399642944336,23.894399642944336,23.860000610351562,23.889999389648438,12582
2026-09-29 09:41:00,1790689260,GME,23.899999618530273,23.920000076293945,23.8700008392334,23.920000076293945,14576
2026-09-29 09:42:00,1790689320,GME,23.902599334716797,24.0,23.902599334716797,23.959999084472656,32242
2026-09-29 09:43:00,1790689380,GME,23.940000534057617,23.940000534057617,23.829999923706055,23.8700008392334,12674
2026-09-29 09:44:00,1790689440,GME,23.8700008392334,23.920000076293945,23.84000015258789,23.90999984741211,44524
2026-09-29 09:45:00,1790689500,GME,23.90999984741211,23.93000030517578,23.907100677490234,23.91230010986328,6271
2026-09-29 09:46:00,1790689560,GME,23.905399322509766,23.959999084472656,23.905399322509766,23.93400001525879,28315
2026-09-29 09:47:00,1790689620,GME,23.920000076293945,23.924999237060547,23.887300491333008,23.889999389648438,34256
2026-09-29 09:48:00,1790689680,GME,23.893999099731445,23.93000030517578,23.889999389648438,23.924999237060547,2890
2026-09-29 09:49:00,1790689740,GME,23.924800872802734,23.93000030517578,23.915000915527344,23.91900062561035,3433
2026-09-29 09:50:00,1790689800,GME,23.915000915527344,23.969999313354492,23.90999984741211,23.969999313354492,17305
2026-09-29 09:51:00,1790689860,GME,23.959999084472656,23.979999542236328,23.950000762939453,23.950000762939453,7925
2026-09-29 09:52:00,1790689920,GME,23.95400047302246,23.979999542236328,23.94499969482422,23.979999542236328,7431
2026-09-29 09:53:00,1790689980,GME,23.989999771118164,24.0,23.979999542236328,23.989999771118164,8809
2026-09-29 09:54:00,1790690040,GME,23.999300003051758,24.0,23.985000610351562,23.985000610351562,3896
2026-09-29 09:55:00,1790690100,GME,24.0,24.0,23.979999542236328,24.0,28056
2026-09-29 09:56:00,1790690160,GME,23.993999481201172,24.010000228881836,23.989999771118164,24.010000228881836,12504
2026-09-29 09:57:00,1790690220,GME,24.007600784301758,24.007600784301758,23.974000930786133,23.975000381469727,4230
2026-09-29 09:58:00,1790690280,GME,23.979999542236328,23.989999771118164,23.969999313354492,23.979999542236328,7239
2026-09-29 09:59:00,1790690340,GME,23.979999542236328,23.979999542236328,23.889999389648438,23.889999389648438,22271
2026-09-29 10:00:00,1790690400,GME,23.899999618530273,23.954999923706055,23.899999618530273,23.954999923706055,9407
2026-09-29 10:01:00,1790690460,GME,23.959999084472656,23.959999084472656,23.90999984741211,23.924999237060547,16987
2026-09-29 10:02:00,1790690520,GME,23.924999237060547,23.93000030517578,23.920000076293945,23.93000030517578,7814
2026-09-29 10:03:00,1790690580,GME,23.92009925842285,23.92009925842285,23.8700008392334,23.909900665283203,36032
2026-09-29 10:04:00,1790690640,GME,23.8799991607666,23.905000686645508,23.8799991607666,23.905000686645508,8758
2026-09-29 10:05:00,1790690700,GME,23.905000686645508,23.90999984741211,23.8799991607666,23.895000457763672,28789
2026-09-29 10:06:00,1790690760,GME,23.895000457763672,23.899999618530273,23.875,23.889999389648438,11996
2026-09-29 10:07:00,1790690820,GME,23.895000457763672,23.895000457763672,23.854999542236328,23.889999389648438,13537
2026-09-29 10:08:00,1790690880,GME,23.899999618530273,23.899999618530273,23.895000457763672,23.895000457763672,5809
2026-09-29 10:09:00,1790690940,GME,23.885000228881836,23.899999618530273,23.885000228881836,23.889999389648438,4311
2026-09-29 10:10:00,1790691000,GME,23.889999389648438,23.899999618530273,23.860000610351562,23.899999618530273,7351
2026-09-29 10:11:00,1790691060,GME,23.905000686645508,23.908700942993164,23.875,23.875,3348
2026-09-29 10:12:00,1790691120,GME,23.875,23.899999618530273,23.870100021362305,23.895000457763672,6468
2026-09-29 10:13:00,1790691180,GME,23.899999618530273,23.93000030517578,23.8799991607666,23.881399154663086,13746
2026-09-29 10:14:00,1790691240,GME,23.875,23.889999389648438,23.875,23.8799991607666,3462
2026-09-29 10:15:00,1790691300,GME,23.879899978637695,23.8799991607666,23.875,23.875,3492
2026-09-29 10:16:00,1790691360,GME,23.8799991607666,23.889999389648438,23.8799991607666,23.889799118041992,2619
2026-09-29 10:17:00,1790691420,GME,23.885000228881836,23.924999237060547,23.885000228881836,23.920000076293945,9695
2026-09-29 10:18:00,1790691480,GME,23.93000030517578,23.978099822998047,23.93000030517578,23.961999893188477,10950
2026-09-29 10:19:00,1790691540,GME,23.954999923706055,23.959999084472656,23.940000534057617,23.959999084472656,9394
2026-09-29 10:20:00,1790691600,GME,23.960899353027344,23.969999313354492,23.959999084472656,23.959999084472656,10211
2026-09-29 10:21:00,1790691660,GME,23.96030044555664,23.96030044555664,23.915000915527344,23.920000076293945,14886
2026-09-29 10:22:00,1790691720,GME,23.915000915527344,23.94499969482422,23.915000915527344,23.940099716186523,5595
2026-09-29 10:23:00,1790691780,GME,23.950000762939453,23.954999923706055,23.93000030517578,23.937673568725586,7667
2026-09-29 10:24:00,1790691840,GME,23.934999465942383,23.934999465942383,23.915000915527344,23.915000915527344,6128
2026-09-29 10:25:00,1790691900,GME,23.90999984741211,23.915000915527344,23.881399154663086,23.90999984741211,15371
2026-09-29 10:26:00,1790691960,GME,23.90019989013672,23.905000686645508,23.8799991607666,23.895000457763672,10320
2026-09-29 10:27:00,1790692020,GME,23.895000457763672,23.90999984741211,23.889999389648438,23.899999618530273,10058
2026-09-29 10:28:00,1790692080,GME,23.899999618530273,23.899999618530273,23.8799991607666,23.8799991607666,8237
2026-09-29 10:29:00,1790692140,GME,23.87220001220703,23.875,23.75,23.764999389648438,55237
2026-09-29 10:30:00,1790692200,GME,23.764999389648438,23.790000915527344,23.7549991607666,23.78499984741211,29605
2026-09-29 10:31:00,1790692260,GME,23.78499984741211,23.78499984741211,23.729999542236328,23.7549991607666,67238
2026-09-29 10:32:00,1790692320,GME,23.750600814819336,23.750600814819336,23.711999893188477,23.719999313354492,13388
2026-09-29 10:33:00,1790692380,GME,23.719999313354492,23.719999313354492,23.69230079650879,23.71500015258789,18001
2026-09-29 10:34:00,1790692440,GME,23.71500015258789,23.760000228881836,23.71500015258789,23.742799758911133,40571
2026-09-29 10:35:00,1790692500,GME,23.75,23.75,23.709999084472656,23.71139907836914,5107
2026-09-29 10:36:00,1790692560,GME,23.71619987487793,23.729999542236328,23.71619987487793,23.729999542236328,6523
2026-09-29 10:37:00,1790692620,GME,23.72369956970215,23.726999282836914,23.710100173950195,23.71500015258789,8208
2026-09-29 10:38:00,1790692680,GME,23.709999084472656,23.725000381469727,23.709999084472656,23.725000381469727,5881
2026-09-29 10:39:00,1790692740,GME,23.728500366210938,23.728500366210938,23.71500015258789,23.725000381469727,3618
2026-09-29 10:40:00,1790692800,GME,23.719999313354492,23.735000610351562,23.700000762939453,23.700000762939453,28963
2026-09-29 10:41:00,1790692860,GME,23.700000762939453,23.704999923706055,23.68000030517578,23.704999923706055,8437
2026-09-29 10:42:00,1790692920,GME,23.700000762939453,23.72010040283203,23.700000762939453,23.71500015258789,8212
2026-09-29 10:43:00,1790692980,GME,23.709999084472656,23.71500015258789,23.690000534057617,23.709999084472656,6838
2026-09-29 10:44:00,1790693040,GME,23.704999923706055,23.760000228881836,23.704999923706055,23.729999542236328,9952
2026-09-29 10:45:00,1790693100,GME,23.725000381469727,23.790000915527344,23.725000381469727,23.7549991607666,32474
2026-09-29 10:46:00,1790693160,GME,23.7549991607666,23.7549991607666,23.739999771118164,23.7450008392334,4559
2026-09-29 10:47:00,1790693220,GME,23.7450008392334,23.780000686645508,23.7450008392334,23.774999618530273,19130
2026-09-29 10:48:00,1790693280,GME,23.774999618530273,23.790000915527344,23.770000457763672,23.780000686645508,35330
2026-09-29 10:49:00,1790693340,GME,23.780000686645508,23.780000686645508,23.735000610351562,23.735000610351562,10759
2026-09-29 10:50:00,1790693400,GME,23.735000610351562,23.764999389648438,23.735000610351562,23.76099967956543,12285
2026-09-29 10:51:00,1790693460,GME,23.760000228881836,23.760000228881836,23.739999771118164,23.746000289916992,6447
2026-09-29 10:52:00,1790693520,GME,23.739999771118164,23.780000686645508,23.739999771118164,23.760000228881836,5349
2026-09-29 10:53:00,1790693580,GME,23.760000228881836,23.770000457763672,23.760000228881836,23.770000457763672,2311
2026-09-29 10:54:00,1790693640,GME,23.780000686645508,23.844999313354492,23.780000686645508,23.815000534057617,23491
2026-09-29 10:55:00,1790693700,GME,23.810100555419922,23.834999084472656,23.810100555419922,23.825000762939453,14523
2026-09-29 10:56:00,1790693760,GME,23.825000762939453,23.82990074157715,23.795000076293945,23.802709579467773,9010
2026-09-29 10:57:00,1790693820,GME,23.805999755859375,23.815000534057617,23.80500030517578,23.80500030517578,5568
2026-09-29 10:58:00,1790693880,GME,23.80620002746582,23.834999084472656,23.80500030517578,23.81999969482422,8255
2026-09-29 10:59:00,1790693940,GME,23.825000762939453,23.834999084472656,23.809999465942383,23.815000534057617,6236
2026-09-29 11:00:00,1790694000,GME,23.819900512695312,23.825000762939453,23.767099380493164,23.770000457763672,18602
2026-09-29 11:01:00,1790694060,GME,23.764999389648438,23.775100708007812,23.7549991607666,23.774999618530273,5151
2026-09-29 11:02:00,1790694120,GME,23.774999618530273,23.774999618530273,23.739999771118164,23.7549991607666,5126
2026-09-29 11:03:00,1790694180,GME,23.750099182128906,23.760000228881836,23.740999221801758,23.740999221801758,9839
2026-09-29 11:04:00,1790694240,GME,23.740999221801758,23.7450008392334,23.719999313354492,23.725000381469727,7339
2026-09-29 11:05:00,1790694300,GME,23.725000381469727,23.735000610351562,23.700000762939453,23.704999923706055,6997
2026-09-29 11:06:00,1790694360,GME,23.700000762939453,23.725000381469727,23.700000762939453,23.719999313354492,4869
2026-09-29 11:07:00,1790694420,GME,23.735000610351562,23.75,23.735000610351562,23.739999771118164,3549
2026-09-29 11:08:00,1790694480,GME,23.729999542236328,23.760000228881836,23.719999313354492,23.75,13834
2026-09-29 11:09:00,1790694540,GME,23.7549991607666,23.7549991607666,23.690000534057617,23.697399139404297,23722
2026-09-29 11:10:00,1790694600,GME,23.69499969482422,23.735000610351562,23.690000534057617,23.735000610351562,38701
2026-09-29 11:11:00,1790694660,GME,23.735000610351562,23.735000610351562,23.665000915527344,23.665000915527344,18317
2026-09-29 11:12:00,1790694720,GME,23.66200065612793,23.66200065612793,23.579999923706055,23.594100952148438,114455
2026-09-29 11:13:00,1790694780,GME,23.600000381469727,23.625,23.584999084472656,23.625,19025
2026-09-29 11:14:00,1790694840,GME,23.610000610351562,23.645000457763672,23.610000610351562,23.639999389648438,7343
2026-09-29 11:15:00,1790694900,GME,23.649999618530273,23.670000076293945,23.649999618530273,23.655000686645508,19583
2026-09-29 11:16:00,1790694960,GME,23.655000686645508,23.65999984741211,23.6299991607666,23.645000457763672,13264
2026-09-29 11:17:00,1790695020,GME,23.640100479125977,23.655000686645508,23.639999389648438,23.649999618530273,5778
2026-09-29 11:18:00,1790695080,GME,23.6476993560791,23.6476993560791,23.6200008392334,23.625,10055
2026-09-29 11:19:00,1790695140,GME,23.625,23.65999984741211,23.625,23.645000457763672,7923
2026-09-29 11:20:00,1790695200,GME,23.639999389648438,23.639999389648438,23.625,23.639999389648438,8504
2026-09-29 11:21:00,1790695260,GME,23.639999389648438,23.639999389648438,23.594999313354492,23.6299991607666,30567
2026-09-29 11:22:00,1790695320,GME,23.6299991607666,23.670000076293945,23.625,23.670000076293945,25562
2026-09-29 11:23:00,1790695380,GME,23.674999237060547,23.690000534057617,23.665000915527344,23.665000915527344,16666
2026-09-29 11:24:00,1790695440,GME,23.665000915527344,23.665000915527344,23.649999618530273,23.655000686645508,3248
2026-09-29 11:25:00,1790695500,GME,23.645000457763672,23.65999984741211,23.6299991607666,23.65999984741211,10514
2026-09-29 11:26:00,1790695560,GME,23.65999984741211,23.690000534057617,23.610000610351562,23.610000610351562,37399
2026-09-29 11:27:00,1790695620,GME,23.614999771118164,23.6299991607666,23.61009979248047,23.625,13667
2026-09-29 11:28:00,1790695680,GME,23.621700286865234,23.6299991607666,23.610000610351562,23.610000610351562,13035
2026-09-29 11:29:00,1790695740,GME,23.604999542236328,23.604999542236328,23.600000381469727,23.600099563598633,5798
2026-09-29 11:30:00,1790695800,GME,23.604999542236328,23.604999542236328,23.584999084472656,23.584999084472656,6288
2026-09-29 11:31:00,1790695860,GME,23.56999969482422,23.610000610351562,23.549999237060547,23.604999542236328,45516
2026-09-29 11:32:00,1790695920,GME,23.604999542236328,23.670000076293945,23.600000381469727,23.610000610351562,19016
2026-09-29 11:33:00,1790695980,GME,23.610000610351562,23.611099243164062,23.59000015258789,23.59000015258789,6580
2026-09-29 11:34:00,1790696040,GME,23.59000015258789,23.604999542236328,23.575000762939453,23.584999084472656,8483
2026-09-29 11:35:00,1790696100,GME,23.59000015258789,23.600000381469727,23.59000015258789,23.594999313354492,8704
2026-09-29 11:36:00,1790696160,GME,23.59000015258789,23.600000381469727,23.584999084472656,23.584999084472656,5533
2026-09-29 11:37:00,1790696220,GME,23.584999084472656,23.610000610351562,23.582300186157227,23.600000381469727,10424
2026-09-29 11:38:00,1790696280,GME,23.604999542236328,23.61989974975586,23.600000381469727,23.614999771118164,18108
2026-09-29 11:39:00,1790696340,GME,23.614999771118164,23.649999618530273,23.614999771118164,23.649999618530273,26531
2026-09-29 11:40:00,1790696400,GME,23.645000457763672,23.65999984741211,23.645000457763672,23.645000457763672,45152
2026-09-29 11:41:00,1790696460,GME,23.639999389648438,23.639999389648438,23.579999923706055,23.584999084472656,7948
2026-09-29 11:42:00,1790696520,GME,23.584999084472656,23.584999084472656,23.575000762939453,23.579999923706055,10463
2026-09-29 11:43:00,1790696580,GME,23.575000762939453,23.610000610351562,23.575000762939453,23.600000381469727,21630
2026-09-29 11:44:00,1790696640,GME,23.59000015258789,23.59000015258789,23.56999969482422,23.575000762939453,8504
2026-09-29 11:45:00,1790696700,GME,23.56999969482422,23.575000762939453,23.55500030517578,23.55500030517578,8993
2026-09-29 11:46:00,1790696760,GME,23.55500030517578,23.559999465942383,23.53499984741211,23.540000915527344,9278
2026-09-29 11:47:00,1790696820,GME,23.530000686645508,23.56999969482422,23.522199630737305,23.55500030517578,12394
2026-09-29 11:48:00,1790696880,GME,23.549999237060547,23.55500030517578,23.524999618530273,23.549999237060547,22414
2026-09-29 11:49:00,1790696940,GME,23.545000076293945,23.565000534057617,23.545000076293945,23.545000076293945,9925
2026-09-29 11:50:00,1790697000,GME,23.545000076293945,23.565000534057617,23.545000076293945,23.559999465942383,15825
2026-09-29 11:51:00,1790697060,GME,23.56999969482422,23.584999084472656,23.545000076293945,23.545000076293945,12328
2026-09-29 11:52:00,1790697120,GME,23.545000076293945,23.549999237060547,23.540000915527344,23.540000915527344,4877
2026-09-29 11:53:00,1790697180,GME,23.545000076293945,23.55500030517578,23.540000915527344,23.55500030517578,16443
2026-09-29 11:54:00,1790697240,GME,23.549999237060547,23.549999237060547,23.53499984741211,23.545000076293945,3992
2026-09-29 11:55:00,1790697300,GME,23.549999237060547,23.559999465942383,23.540000915527344,23.55500030517578,5885
2026-09-29 11:56:00,1790697360,GME,23.55500030517578,23.565000534057617,23.550100326538086,23.55500030517578,7894
2026-09-29 11:57:00,1790697420,GME,23.55229949951172,23.55500030517578,23.524999618530273,23.530000686645508,5525
2026-09-29 11:58:00,1790697480,GME,23.530000686645508,23.540000915527344,23.530000686645508,23.540000915527344,2212
2026-09-29 11:59:00,1790697540,GME,23.540000915527344,23.545000076293945,23.520000457763672,23.53499984741211,16541
2026-09-29 12:00:00,1790697600,GME,23.540000915527344,23.545000076293945,23.53499984741211,23.53499984741211,5200
2026-09-29 12:01:00,1790697660,GME,23.530000686645508,23.530000686645508,23.4950008392334,23.51140022277832,52171
2026-09-29 12:02:00,1790697720,GME,23.514999389648438,23.524999618530273,23.46500015258789,23.499900817871094,20579
2026-09-29 12:03:00,1790697780,GME,23.4950008392334,23.509899139404297,23.4950008392334,23.5,4075
2026-09-29 12:04:00,1790697840,GME,23.5,23.5049991607666,23.479999542236328,23.485000610351562,7021
2026-09-29 12:05:00,1790697900,GME,23.489999771118164,23.4950008392334,23.479999542236328,23.485000610351562,8433
2026-09-29 12:06:00,1790697960,GME,23.480100631713867,23.485000610351562,23.46500015258789,23.473499298095703,6613
2026-09-29 12:07:00,1790698020,GME,23.475000381469727,23.485000610351562,23.469999313354492,23.485000610351562,4235
2026-09-29 12:08:00,1790698080,GME,23.479999542236328,23.485000610351562,23.469999313354492,23.485000610351562,8527
2026-09-29 12:09:00,1790698140,GME,23.485000610351562,23.4950008392334,23.479999542236328,23.485000610351562,5220
2026-09-29 12:10:00,1790698200,GME,23.485000610351562,23.489999771118164,23.485000610351562,23.485000610351562,2311
2026-09-29 12:11:00,1790698260,GME,23.485000610351562,23.485000610351562,23.469999313354492,23.485000610351562,6849
2026-09-29 12:12:00,1790698320,GME,23.485000610351562,23.489999771118164,23.485000610351562,23.485000610351562,2300
2026-09-29 12:13:00,1790698380,GME,23.489999771118164,23.5049991607666,23.485000610351562,23.5049991607666,39564
2026-09-29 12:14:00,1790698440,GME,23.506200790405273,23.5221004486084,23.5049991607666,23.510000228881836,12821
2026-09-29 12:15:00,1790698500,GME,23.510000228881836,23.510000228881836,23.5049991607666,23.510000228881836,2190
2026-09-29 12:16:00,1790698560,GME,23.5049991607666,23.525100708007812,23.5049991607666,23.524999618530273,5352
2026-09-29 12:17:00,1790698620,GME,23.524999618530273,23.545000076293945,23.524999618530273,23.545000076293945,4732
2026-09-29 12:18:00,1790698680,GME,23.54159927368164,23.55500030517578,23.53499984741211,23.53499984741211,8116
2026-09-29 12:19:00,1790698740,GME,23.53499984741211,23.540000915527344,23.530000686645508,23.530000686645508,10344
2026-09-29 12:20:00,1790698800,GME,23.530000686645508,23.540000915527344,23.512500762939453,23.514999389648438,15264
2026-09-29 12:21:00,1790698860,GME,23.514999389648438,23.514999389648438,23.424999237060547,23.424999237060547,32881
2026-09-29 12:22:00,1790698920,GME,23.424999237060547,23.43000030517578,23.399999618530273,23.40999984741211,14573
2026-09-29 12:23:00,1790698980,GME,23.409900665283203,23.40999984741211,23.395000457763672,23.395000457763672,10749
2026-09-29 12:24:00,1790699040,GME,23.389999389648438,23.40999984741211,23.389999389648438,23.395000457763672,8674
2026-09-29 12:25:00,1790699100,GME,23.395000457763672,23.420000076293945,23.385000228881836,23.40999984741211,26724
2026-09-29 12:26:00,1790699160,GME,23.399999618530273,23.40719985961914,23.375,23.375,10070
2026-09-29 12:27:00,1790699220,GME,23.3799991607666,23.40999984741211,23.360000610351562,23.3700008392334,73427
2026-09-29 12:28:00,1790699280,GME,23.360000610351562,23.3799991607666,23.350000381469727,23.360000610351562,22732
2026-09-29 12:29:00,1790699340,GME,23.364999771118164,23.364999771118164,23.350000381469727,23.350000381469727,5043
2026-09-29 12:30:00,1790699400,GME,23.354999542236328,23.389999389648438,23.299999237060547,23.385000228881836,23202
2026-09-29 12:31:00,1790699460,GME,23.385000228881836,23.40999984741211,23.382099151611328,23.405000686645508,8873
2026-09-29 12:32:00,1790699520,GME,23.405000686645508,23.40999984741211,23.350000381469727,23.354999542236328,18066
2026-09-29 12:33:00,1790699580,GME,23.350000381469727,23.3700008392334,23.34000015258789,23.350000381469727,10846
2026-09-29 12:34:00,1790699640,GME,23.3435001373291,23.350000381469727,23.334999084472656,23.334999084472656,10448
2026-09-29 12:35:00,1790699700,GME,23.329999923706055,23.344999313354492,23.329999923706055,23.342199325561523,9588
2026-09-29 12:36:00,1790699760,GME,23.344999313354492,23.349899291992188,23.340200424194336,23.344999313354492,3471
2026-09-29 12:37:00,1790699820,GME,23.344999313354492,23.350000381469727,23.334999084472656,23.334999084472656,16374
2026-09-29 12:38:00,1790699880,GME,23.334999084472656,23.375,23.325000762939453,23.3700008392334,10083
2026-09-29 12:39:00,1790699940,GME,23.360000610351562,23.3700008392334,23.34000015258789,23.360000610351562,15325
2026-09-29 12:40:00,1790700000,GME,23.364999771118164,23.3700008392334,23.36210060119629,23.364999771118164,3256
2026-09-29 12:41:00,1790700060,GME,23.364999771118164,23.3799991607666,23.364999771118164,23.3799991607666,6135
2026-09-29 12:42:00,1790700120,GME,23.385000228881836,23.385000228881836,23.360000610351562,23.364999771118164,8385
2026-09-29 12:43:00,1790700180,GME,23.360000610351562,23.360000610351562,23.341999053955078,23.344999313354492,3252
2026-09-29 12:44:00,1790700240,GME,23.344999313354492,23.360000610351562,23.34000015258789,23.350000381469727,6168
2026-09-29 12:45:00,1790700300,GME,23.360000610351562,23.364999771118164,23.350000381469727,23.350000381469727,8855
2026-09-29 12:46:00,1790700360,GME,23.354999542236328,23.354999542236328,23.350000381469727,23.354999542236328,2090
2026-09-29 12:47:00,1790700420,GME,23.35770034790039,23.375,23.350000381469727,23.354999542236328,10661
2026-09-29 12:48:00,1790700480,GME,23.360000610351562,23.415000915527344,23.360000610351562,23.405000686645508,16504
2026-09-29 12:49:00,1790700540,GME,23.405000686645508,23.40999984741211,23.389999389648438,23.395000457763672,14131
2026-09-29 12:50:00,1790700600,GME,23.389999389648438,23.405000686645508,23.389999389648438,23.399999618530273,7442
2026-09-29 12:51:00,1790700660,GME,23.391799926757812,23.395000457763672,23.385000228881836,23.385000228881836,5540
2026-09-29 12:52:00,1790700720,GME,23.3799991607666,23.3799991607666,23.360000610351562,23.360000610351562,6505
2026-09-29 12:53:00,1790700780,GME,23.354999542236328,23.364999771118164,23.354999542236328,23.364999771118164,4377
2026-09-29 12:54:00,1790700840,GME,23.360000610351562,23.365100860595703,23.360000610351562,23.362899780273438,4148
2026-09-29 12:55:00,1790700900,GME,23.364999771118164,23.364999771118164,23.350000381469727,23.350000381469727,7265
2026-09-29 12:56:00,1790700960,GME,23.356000900268555,23.356000900268555,23.344999313354492,23.34510040283203,3942
2026-09-29 12:57:00,1790701020,GME,23.349899291992188,23.360000610351562,23.34000015258789,23.343599319458008,17163
2026-09-29 12:58:00,1790701080,GME,23.34000015258789,23.34000015258789,23.33009910583496,23.334999084472656,7436
2026-09-29 12:59:00,1790701140,GME,23.334999084472656,23.334999084472656,23.3346004486084,23.334999084472656,3649
2026-09-29 13:00:00,1790701200,GME,23.334999084472656,23.334999084472656,23.329999923706055,23.329999923706055,2084
2026-09-29 13:01:00,1790701260,GME,23.33209991455078,23.34000015258789,23.329999923706055,23.334999084472656,4019
2026-09-29 13:02:00,1790701320,GME,23.334999084472656,23.350000381469727,23.329999923706055,23.334999084472656,12221
2026-09-29 13:03:00,1790701380,GME,23.329999923706055,23.329999923706055,23.31999969482422,23.31999969482422,2510
2026-09-29 13:04:00,1790701440,GME,23.325000762939453,23.344999313354492,23.325000762939453,23.34000015258789,9846
2026-09-29 13:05:00,1790701500,GME,23.34000015258789,23.354999542236328,23.34000015258789,23.354999542236328,6111
2026-09-29 13:06:00,1790701560,GME,23.354999542236328,23.354999542236328,23.35099983215332,23.354999542236328,2830
2026-09-29 13:07:00,1790701620,GME,23.360000610351562,23.360000610351562,23.34000015258789,23.344999313354492,5647
2026-09-29 13:08:00,1790701680,GME,23.344999313354492,23.350000381469727,23.329999923706055,23.344999313354492,7833
2026-09-29 13:09:00,1790701740,GME,23.344999313354492,23.350000381469727,23.34000015258789,23.350000381469727,3742
2026-09-29 13:10:00,1790701800,GME,23.344999313354492,23.344999313354492,23.344999313354492,23.344999313354492,1240
2026-09-29 13:11:00,1790701860,GME,23.344200134277344,23.354999542236328,23.334999084472656,23.34000015258789,30536
2026-09-29 13:12:00,1790701920,GME,23.34000015258789,23.346099853515625,23.33009910583496,23.334999084472656,3870
2026-09-29 13:13:00,1790701980,GME,23.334999084472656,23.334999084472656,23.329999923706055,23.329999923706055,1949
2026-09-29 13:14:00,1790702040,GME,23.325000762939453,23.354999542236328,23.325000762939453,23.354999542236328,5734
2026-09-29 13:15:00,1790702100,GME,23.35219955444336,23.364999771118164,23.34000015258789,23.34000015258789,7698
2026-09-29 13:16:00,1790702160,GME,23.344999313354492,23.344999313354492,23.31999969482422,23.321800231933594,4723
2026-09-29 13:17:00,1790702220,GME,23.325000762939453,23.329999923706055,23.31999969482422,23.325000762939453,3635
2026-09-29 13:18:00,1790702280,GME,23.325000762939453,23.325000762939453,23.325000762939453,23.325000762939453,2337
2026-09-29 13:19:00,1790702340,GME,23.325000762939453,23.32990074157715,23.31999969482422,23.325000762939453,4290
2026-09-29 13:20:00,1790702400,GME,23.325000762939453,23.329999923706055,23.31999969482422,23.32029914855957,4020
2026-09-29 13:21:00,1790702460,GME,23.31999969482422,23.329999923706055,23.31999969482422,23.325000762939453,6726
2026-09-29 13:22:00,1790702520,GME,23.325000762939453,23.329999923706055,23.325000762939453,23.329999923706055,2368
2026-09-29 13:23:00,1790702580,GME,23.325000762939453,23.329999923706055,23.31999969482422,23.322900772094727,3939
2026-09-29 13:24:00,1790702640,GME,23.320100784301758,23.395000457763672,23.320100784301758,23.395000457763672,13922
2026-09-29 13:25:00,1790702700,GME,23.395000457763672,23.40999984741211,23.3799991607666,23.395000457763672,18126
2026-09-29 13:26:00,1790702760,GME,23.395000457763672,23.399900436401367,23.385000228881836,23.395000457763672,9054
2026-09-29 13:27:00,1790702820,GME,23.389999389648438,23.389999389648438,23.3700008392334,23.385000228881836,8471
2026-09-29 13:28:00,1790702880,GME,23.38789939880371,23.38789939880371,23.3700008392334,23.3700008392334,3250
2026-09-29 13:29:00,1790702940,GME,23.3700008392334,23.37980079650879,23.3700008392334,23.375,3187
2026-09-29 13:30:00,1790703000,GME,23.375,23.375,23.364999771118164,23.364999771118164,3583
2026-09-29 13:31:00,1790703060,GME,23.3700008392334,23.395000457763672,23.3700008392334,23.395000457763672,6952
2026-09-29 13:32:00,1790703120,GME,23.389999389648438,23.395099639892578,23.3799991607666,23.389999389648438,12431
2026-09-29 13:33:00,1790703180,GME,23.389999389648438,23.395000457763672,23.3799991607666,23.395000457763672,4555
2026-09-29 13:34:00,1790703240,GME,23.399999618530273,23.40999984741211,23.360000610351562,23.364999771118164,11007
2026-09-29 13:35:00,1790703300,GME,23.364999771118164,23.364999771118164,23.344999313354492,23.344999313354492,12117
2026-09-29 13:36:00,1790703360,GME,23.34000015258789,23.354999542236328,23.329999923706055,23.354999542236328,10932
2026-09-29 13:37:00,1790703420,GME,23.353099822998047,23.360000610351562,23.329999923706055,23.334999084472656,11971
2026-09-29 13:38:00,1790703480,GME,23.329999923706055,23.334999084472656,23.329999923706055,23.329999923706055,4064
2026-09-29 13:39:00,1790703540,GME,23.325000762939453,23.334999084472656,23.31999969482422,23.334999084472656,8836
2026-09-29 13:40:00,1790703600,GME,23.329999923706055,23.329999923706055,23.309999465942383,23.31999969482422,10468
2026-09-29 13:41:00,1790703660,GME,23.315000534057617,23.329999923706055,23.309999465942383,23.315000534057617,9257
2026-09-29 13:42:00,1790703720,GME,23.315000534057617,23.344999313354492,23.315000534057617,23.344999313354492,2193
2026-09-29 13:43:00,1790703780,GME,23.344999313354492,23.360000610351562,23.34000015258789,23.350000381469727,17540
2026-09-29 13:44:00,1790703840,GME,23.354999542236328,23.354999542236328,23.350000381469727,23.354999542236328,4388
2026-09-29 13:45:00,1790703900,GME,23.354999542236328,23.389999389648438,23.354999542236328,23.3799991607666,14342
2026-09-29 13:46:00,1790703960,GME,23.375,23.3799991607666,23.34000015258789,23.350000381469727,11999
2026-09-29 13:47:00,1790704020,GME,23.344999313354492,23.350000381469727,23.34000015258789,23.34000015258789,3004
2026-09-29 13:48:00,1790704080,GME,23.34000015258789,23.344999313354492,23.34000015258789,23.344999313354492,1232
2026-09-29 13:49:00,1790704140,GME,23.344999313354492,23.354999542236328,23.344999313354492,23.354999542236328,1694
2026-09-29 13:50:00,1790704200,GME,23.354999542236328,23.3700008392334,23.350000381469727,23.364999771118164,4388
2026-09-29 13:51:00,1790704260,GME,23.3700008392334,23.3700008392334,23.354999542236328,23.360000610351562,28641
2026-09-29 13:52:00,1790704320,GME,23.354999542236328,23.354999542236328,23.334999084472656,23.334999084472656,16443
2026-09-29 13:53:00,1790704380,GME,23.334999084472656,23.334999084472656,23.334800720214844,23.334999084472656,2410
2026-09-29 13:54:00,1790704440,GME,23.34000015258789,23.345699310302734,23.34000015258789,23.34000015258789,8203
2026-09-29 13:55:00,1790704500,GME,23.329999923706055,23.333900451660156,23.310100555419922,23.31760025024414,8501
2026-09-29 13:56:00,1790704560,GME,23.315000534057617,23.325000762939453,23.310300827026367,23.325000762939453,125483
2026-09-29 13:57:00,1790704620,GME,23.31999969482422,23.31999969482422,23.309999465942383,23.309999465942383,3339
2026-09-29 13:58:00,1790704680,GME,23.309999465942383,23.31999969482422,23.309999465942383,23.315000534057617,59897
2026-09-29 13:59:00,1790704740,GME,23.315000534057617,23.329999923706055,23.315000534057617,23.32990074157715,5992
2026-09-29 14:00:00,1790704800,GME,23.329999923706055,23.364999771118164,23.329999923706055,23.360000610351562,134917
2026-09-29 14:01:00,1790704860,GME,23.354999542236328,23.364999771118164,23.344999313354492,23.344999313354492,8876
2026-09-29 14:02:00,1790704920,GME,23.34000015258789,23.375,23.34000015258789,23.375,4562
2026-09-29 14:03:00,1790704980,GME,23.3700008392334,23.375,23.364999771118164,23.364999771118164,7626
2026-09-29 14:04:00,1790705040,GME,23.364999771118164,23.375,23.350000381469727,23.3700008392334,16728
2026-09-29 14:05:00,1790705100,GME,23.375,23.395000457763672,23.3700008392334,23.395000457763672,8513
2026-09-29 14:06:00,1790705160,GME,23.395000457763672,23.429100036621094,23.389999389648438,23.424999237060547,9185
2026-09-29 14:07:00,1790705220,GME,23.424999237060547,23.424999237060547,23.405000686645508,23.415000915527344,6955
2026-09-29 14:08:00,1790705280,GME,23.415000915527344,23.450000762939453,23.415000915527344,23.450000762939453,18410
2026-09-29 14:09:00,1790705340,GME,23.450000762939453,23.459999084472656,23.440000534057617,23.440000534057617,7918
2026-09-29 14:10:00,1790705400,GME,23.434999465942383,23.440000534057617,23.424999237060547,23.424999237060547,4112
2026-09-29 14:11:00,1790705460,GME,23.424999237060547,23.43000030517578,23.395099639892578,23.395099639892578,237870
2026-09-29 14:12:00,1790705520,GME,23.395000457763672,23.395099639892578,23.38010025024414,23.395099639892578,10439
2026-09-29 14:13:00,1790705580,GME,23.395000457763672,23.420000076293945,23.389999389648438,23.415000915527344,18363
2026-09-29 14:14:00,1790705640,GME,23.420000076293945,23.43000030517578,23.40999984741211,23.40999984741211,59566
2026-09-29 14:15:00,1790705700,GME,23.405000686645508,23.420000076293945,23.405000686645508,23.40999984741211,4026
2026-09-29 14:16:00,1790705760,GME,23.415000915527344,23.41510009765625,23.395000457763672,23.40999984741211,4789
2026-09-29 14:17:00,1790705820,GME,23.40999984741211,23.40999984741211,23.399999618530273,23.405000686645508,4770
2026-09-29 14:18:00,1790705880,GME,23.40326499938965,23.405000686645508,23.399999618530273,23.399999618530273,2789
2026-09-29 14:19:00,1790705940,GME,23.40999984741211,23.43000030517578,23.40999984741211,23.424999237060547,4301
2026-09-29 14:20:00,1790706000,GME,23.424999237060547,23.43000030517578,23.424999237060547,23.43000030517578,6354
2026-09-29 14:21:00,1790706060,GME,23.43000030517578,23.469999313354492,23.424999237060547,23.469999313354492,17731
2026-09-29 14:22:00,1790706120,GME,23.465200424194336,23.545000076293945,23.462499618530273,23.514999389648438,48989
2026-09-29 14:23:00,1790706180,GME,23.520000457763672,23.520000457763672,23.459999084472656,23.46500015258789,15582
2026-09-29 14:24:00,1790706240,GME,23.459999084472656,23.459999084472656,23.43000030517578,23.43000030517578,12057
2026-09-29 14:25:00,1790706300,GME,23.43239974975586,23.434999465942383,23.430099487304688,23.434999465942383,8335
2026-09-29 14:26:00,1790706360,GME,23.440000534057617,23.489999771118164,23.440000534057617,23.46500015258789,41861
2026-09-29 14:27:00,1790706420,GME,23.46500015258789,23.479999542236328,23.459999084472656,23.46500015258789,5965
2026-09-29 14:28:00,1790706480,GME,23.4601993560791,23.469999313354492,23.459999084472656,23.46500015258789,5595
2026-09-29 14:29:00,1790706540,GME,23.46500015258789,23.469999313354492,23.459999084472656,23.459999084472656,9670
2026-09-29 14:30:00,1790706600,GME,23.459999084472656,23.479999542236328,23.415000915527344,23.415000915527344,6790
2026-09-29 14:31:00,1790706660,GME,23.40999984741211,23.40999984741211,23.399999618530273,23.40999984741211,3027
2026-09-29 14:32:00,1790706720,GME,23.405000686645508,23.41990089416504,23.400100708007812,23.400100708007812,7985
2026-09-29 14:33:00,1790706780,GME,23.405000686645508,23.415000915527344,23.405000686645508,23.415000915527344,2331
2026-09-29 14:34:00,1790706840,GME,23.420000076293945,23.420000076293945,23.41010093688965,23.41010093688965,4220
2026-09-29 14:35:00,1790706900,GME,23.415000915527344,23.5,23.415000915527344,23.5,21518
2026-09-29 14:36:00,1790706960,GME,23.4950008392334,23.4950008392334,23.489999771118164,23.4950008392334,5790
2026-09-29 14:37:00,1790707020,GME,23.4950008392334,23.5,23.485000610351562,23.489500045776367,5853
2026-09-29 14:38:00,1790707080,GME,23.485000610351562,23.520000457763672,23.469999313354492,23.520000457763672,12715
2026-09-29 14:39:00,1790707140,GME,23.51259994506836,23.530000686645508,23.51259994506836,23.530000686645508,7670
2026-09-29 14:40:00,1790707200,GME,23.530000686645508,23.55500030517578,23.530000686645508,23.549999237060547,9602
2026-09-29 14:41:00,1790707260,GME,23.545000076293945,23.549999237060547,23.520000457763672,23.520000457763672,14921
2026-09-29 14:42:00,1790707320,GME,23.514999389648438,23.514999389648438,23.502700805664062,23.5049991607666,4968
2026-09-29 14:43:00,1790707380,GME,23.5,23.50189971923828,23.4950008392334,23.4950008392334,8468
2026-09-29 14:44:00,1790707440,GME,23.5,23.530000686645508,23.4950008392334,23.524999618530273,10346
2026-09-29 14:45:00,1790707500,GME,23.530000686645508,23.559799194335938,23.530000686645508,23.549999237060547,7418
2026-09-29 14:46:00,1790707560,GME,23.549999237060547,23.55500030517578,23.530000686645508,23.545000076293945,11333
2026-09-29 14:47:00,1790707620,GME,23.540000915527344,23.545000076293945,23.540000915527344,23.545000076293945,5657
2026-09-29 14:48:00,1790707680,GME,23.545000076293945,23.575000762939453,23.545000076293945,23.575000762939453,9292
2026-09-29 14:49:00,1790707740,GME,23.56999969482422,23.56999969482422,23.55500030517578,23.55500030517578,9828
2026-09-29 14:50:00,1790707800,GME,23.55500030517578,23.557600021362305,23.549999237060547,23.551700592041016,1735
2026-09-29 14:51:00,1790707860,GME,23.549999237060547,23.55419921875,23.540000915527344,23.545000076293945,8441
2026-09-29 14:52:00,1790707920,GME,23.540000915527344,23.540000915527344,23.524999618530273,23.524999618530273,3650
2026-09-29 14:53:00,1790707980,GME,23.524999618530273,23.530000686645508,23.524999618530273,23.524999618530273,3319
2026-09-29 14:54:00,1790708040,GME,23.524999618530273,23.53499984741211,23.514999389648438,23.53499984741211,7282
2026-09-29 14:55:00,1790708100,GME,23.53499984741211,23.53499984741211,23.530000686645508,23.530000686645508,4000
2026-09-29 14:56:00,1790708160,GME,23.540000915527344,23.540000915527344,23.530000686645508,23.53499984741211,2652
2026-09-29 14:57:00,1790708220,GME,23.53499984741211,23.53499984741211,23.530000686645508,23.53499984741211,4437
2026-09-29 14:58:00,1790708280,GME,23.53499984741211,23.540000915527344,23.53499984741211,23.53499984741211,3472
2026-09-29 14:59:00,1790708340,GME,23.53499984741211,23.540000915527344,23.520000457763672,23.524999618530273,5696
2026-09-29 15:00:00,1790708400,GME,23.520000457763672,23.530000686645508,23.514999389648438,23.514999389648438,5907
2026-09-29 15:01:00,1790708460,GME,23.514999389648438,23.514999389648438,23.514999389648438,23.514999389648438,2036
2026-09-29 15:02:00,1790708520,GME,23.514999389648438,23.514999389648438,23.489999771118164,23.5049991607666,20075
2026-09-29 15:03:00,1790708580,GME,23.5049991607666,23.5049991607666,23.489999771118164,23.489999771118164,4103
2026-09-29 15:04:00,1790708640,GME,23.489999771118164,23.489999771118164,23.440000534057617,23.44499969482422,10387
2026-09-29 15:05:00,1790708700,GME,23.44499969482422,23.454999923706055,23.440000534057617,23.440000534057617,5761
2026-09-29 15:06:00,1790708760,GME,23.44499969482422,23.44499969482422,23.434999465942383,23.434999465942383,2573
2026-09-29 15:07:00,1790708820,GME,23.43589973449707,23.43589973449707,23.424999237060547,23.424999237060547,6160
2026-09-29 15:08:00,1790708880,GME,23.43000030517578,23.434999465942383,23.424999237060547,23.434999465942383,9707
2026-09-29 15:09:00,1790708940,GME,23.43000030517578,23.435199737548828,23.399999618530273,23.420000076293945,23549
2026-09-29 15:10:00,1790709000,GME,23.420000076293945,23.424999237060547,23.415000915527344,23.415000915527344,6046
2026-09-29 15:11:00,1790709060,GME,23.415000915527344,23.420000076293945,23.40999984741211,23.415000915527344,4431
2026-09-29 15:12:00,1790709120,GME,23.415000915527344,23.420000076293945,23.40999984741211,23.415000915527344,3590
2026-09-29 15:13:00,1790709180,GME,23.40999984741211,23.40999984741211,23.399999618530273,23.399999618530273,4533
2026-09-29 15:14:00,1790709240,GME,23.402000427246094,23.41990089416504,23.399999618530273,23.41990089416504,11277
2026-09-29 15:15:00,1790709300,GME,23.415000915527344,23.420000076293945,23.395000457763672,23.405000686645508,20780
2026-09-29 15:16:00,1790709360,GME,23.405000686645508,23.424999237060547,23.405000686645508,23.424999237060547,9050
2026-09-29 15:17:00,1790709420,GME,23.424999237060547,23.434999465942383,23.405000686645508,23.405000686645508,15681
2026-09-29 15:18:00,1790709480,GME,23.405000686645508,23.43000030517578,23.405000686645508,23.424999237060547,6221
2026-09-29 15:19:00,1790709540,GME,23.424999237060547,23.424999237060547,23.399999618530273,23.405000686645508,6942
2026-09-29 15:20:00,1790709600,GME,23.399999618530273,23.405000686645508,23.395000457763672,23.405000686645508,61726
2026-09-29 15:21:00,1790709660,GME,23.40999984741211,23.454999923706055,23.40999984741211,23.450000762939453,146145
2026-09-29 15:22:00,1790709720,GME,23.44499969482422,23.44499969482422,23.440000534057617,23.44499969482422,216566
2026-09-29 15:23:00,1790709780,GME,23.44219970703125,23.519699096679688,23.440000534057617,23.479999542236328,367586
2026-09-29 15:24:00,1790709840,GME,23.479999542236328,23.4950008392334,23.479999542236328,23.4950008392334,10803
2026-09-29 15:25:00,1790709900,GME,23.4950008392334,23.4950008392334,23.479999542236328,23.485000610351562,8643
2026-09-29 15:26:00,1790709960,GME,23.485000610351562,23.48509979248047,23.454999923706055,23.454999923706055,8100
2026-09-29 15:27:00,1790710020,GME,23.454999923706055,23.454999923706055,23.415000915527344,23.415000915527344,11438
2026-09-29 15:28:00,1790710080,GME,23.415000915527344,23.5,23.399999618530273,23.479999542236328,493585
2026-09-29 15:29:00,1790710140,GME,23.489999771118164,23.510000228881836,23.475000381469727,23.475000381469727,11047
2026-09-29 15:30:00,1790710200,GME,23.475000381469727,23.489999771118164,23.475000381469727,23.489999771118164,13331
2026-09-29 15:31:00,1790710260,GME,23.489999771118164,23.510000228881836,23.485000610351562,23.497699737548828,15445
2026-09-29 15:32:00,1790710320,GME,23.4950008392334,23.510000228881836,23.485000610351562,23.485000610351562,8591
2026-09-29 15:33:00,1790710380,GME,23.479999542236328,23.485000610351562,23.469999313354492,23.478300094604492,10836
2026-09-29 15:34:00,1790710440,GME,23.475000381469727,23.4950008392334,23.469999313354492,23.485000610351562,14752
2026-09-29 15:35:00,1790710500,GME,23.485000610351562,23.487699508666992,23.454999923706055,23.469999313354492,11051
2026-09-29 15:36:00,1790710560,GME,23.479700088500977,23.520000457763672,23.46500015258789,23.510000228881836,28431
2026-09-29 15:37:00,1790710620,GME,23.514999389648438,23.559999465942383,23.51180076599121,23.55500030517578,20272
2026-09-29 15:38:00,1790710680,GME,23.559999465942383,23.59000015258789,23.559999465942383,23.56999969482422,22215
2026-09-29 15:39:00,1790710740,GME,23.565000534057617,23.59000015258789,23.565000534057617,23.584999084472656,12187
2026-09-29 15:40:00,1790710800,GME,23.584999084472656,23.59000015258789,23.56999969482422,23.59000015258789,19751
2026-09-29 15:41:00,1790710860,GME,23.584999084472656,23.584999084472656,23.56999969482422,23.575000762939453,13061
2026-09-29 15:42:00,1790710920,GME,23.579999923706055,23.59000015258789,23.56999969482422,23.584999084472656,19948
2026-09-29 15:43:00,1790710980,GME,23.584999084472656,23.584999084472656,23.545000076293945,23.545000076293945,22784
2026-09-29 15:44:00,1790711040,GME,23.545000076293945,23.577999114990234,23.540000915527344,23.572099685668945,21592
2026-09-29 15:45:00,1790711100,GME,23.575000762939453,23.584999084472656,23.575000762939453,23.575000762939453,16118
2026-09-29 15:46:00,1790711160,GME,23.575000762939453,23.625,23.570100784301758,23.6200008392334,29317
2026-09-29 15:47:00,1790711220,GME,23.614999771118164,23.639999389648438,23.61009979248047,23.635000228881836,36002
2026-09-29 15:48:00,1790711280,GME,23.6299991607666,23.649999618530273,23.6200008392334,23.645000457763672,20057
2026-09-29 15:49:00,1790711340,GME,23.645000457763672,23.649999618530273,23.594999313354492,23.639999389648438,39070
2026-09-29 15:50:00,1790711400,GME,23.645000457763672,23.649999618530273,23.625,23.6299991607666,32802
2026-09-29 15:51:00,1790711460,GME,23.635000228881836,23.635000228881836,23.59000015258789,23.59000015258789,18949
2026-09-29 15:52:00,1790711520,GME,23.594999313354492,23.600000381469727,23.59000015258789,23.594999313354492,10415
2026-09-29 15:53:00,1790711580,GME,23.594999313354492,23.635000228881836,23.594999313354492,23.619199752807617,38890
2026-09-29 15:54:00,1790711640,GME,23.614999771118164,23.6200008392334,23.575000762939453,23.575000762939453,29065
2026-09-29 15:55:00,1790711700,GME,23.56999969482422,23.65999984741211,23.549999237060547,23.655000686645508,62505
2026-09-29 15:56:00,1790711760,GME,23.65999984741211,23.700000762939453,23.65019989013672,23.68000030517578,52349
2026-09-29 15:57:00,1790711820,GME,23.690000534057617,23.719999313354492,23.68000030517578,23.69499969482422,73545
2026-09-29 15:58:00,1790711880,GME,23.69499969482422,23.75,23.68000030517578,23.735000610351562,137035
2026-09-29 15:59:00,1790711940,GME,23.735000610351562,23.780000686645508,23.735000610351562,23.760000228881836,228518
2026-09-29 16:00:00,1790712000,GME,23.760000228881836,23.760000228881836,23.760000228881836,23.760000228881836,0
2026-09-30 09:30:00,1790775000,GME,24.469999313354492,24.75,24.350000381469727,24.70490074157715,452445
2026-09-30 09:31:00,1790775060,GME,24.690000534057617,24.8799991607666,24.690000534057617,24.829999923706055,154351
2026-09-30 09:32:00,1790775120,GME,24.834999084472656,24.834999084472656,24.639999389648438,24.655000686645508,108525
2026-09-30 09:33:00,1790775180,GME,24.65999984741211,24.850000381469727,24.65999984741211,24.829999923706055,109060
2026-09-30 09:34:00,1790775240,GME,24.854999542236328,24.8700008392334,24.750099182128906,24.823999404907227,69313
2026-09-30 09:35:00,1790775300,GME,24.815000534057617,24.850000381469727,24.670000076293945,24.68000030517578,103351
2026-09-30 09:36:00,1790775360,GME,24.680099487304688,24.700000762939453,24.540000915527344,24.625,100332
2026-09-30 09:37:00,1790775420,GME,24.627700805664062,24.690000534057617,24.600000381469727,24.610000610351562,74054
2026-09-30 09:38:00,1790775480,GME,24.6200008392334,24.68000030517578,24.562000274658203,24.650999069213867,40220
2026-09-30 09:39:00,1790775540,GME,24.649999618530273,24.709999084472656,24.621000289916992,24.649999618530273,49412
2026-09-30 09:40:00,1790775600,GME,24.61709976196289,24.829999923706055,24.61709976196289,24.790000915527344,79639
2026-09-30 09:41:00,1790775660,GME,24.790000915527344,24.8700008392334,24.770000457763672,24.860000610351562,90695
2026-09-30 09:42:00,1790775720,GME,24.846099853515625,24.8799991607666,24.780000686645508,24.780000686645508,77725
2026-09-30 09:43:00,1790775780,GME,24.790000915527344,24.790000915527344,24.69499969482422,24.739999771118164,73894
2026-09-30 09:44:00,1790775840,GME,24.729999542236328,24.780000686645508,24.65999984741211,24.764999389648438,61239
2026-09-30 09:45:00,1790775900,GME,24.764999389648438,24.795000076293945,24.735000610351562,24.773300170898438,50477
2026-09-30 09:46:00,1790775960,GME,24.770000457763672,24.829999923706055,24.760000228881836,24.774999618530273,51242
2026-09-30 09:47:00,1790776020,GME,24.774999618530273,24.799999237060547,24.69499969482422,24.719999313354492,56516
2026-09-30 09:48:00,1790776080,GME,24.719999313354492,24.729999542236328,24.684999465942383,24.704999923706055,27491
2026-09-30 09:49:00,1790776140,GME,24.700000762939453,24.719999313354492,24.6200008392334,24.621599197387695,35847
2026-09-30 09:50:00,1790776200,GME,24.6299991607666,24.639999389648438,24.56999969482422,24.600000381469727,52591
2026-09-30 09:51:00,1790776260,GME,24.600000381469727,24.639999389648438,24.600000381469727,24.6299991607666,36299
2026-09-30 09:52:00,1790776320,GME,24.625,24.649999618530273,24.59000015258789,24.639999389648438,29542
2026-09-30 09:53:00,1790776380,GME,24.639999389648438,24.674999237060547,24.6200008392334,24.665000915527344,38819
2026-09-30 09:54:00,1790776440,GME,24.65999984741211,24.735000610351562,24.6299991607666,24.674999237060547,45925
2026-09-30 09:55:00,1790776500,GME,24.674999237060547,24.729900360107422,24.674999237060547,24.700000762939453,12463
2026-09-30 09:56:00,1790776560,GME,24.700000762939453,24.709999084472656,24.549999237060547,24.559999465942383,30179
2026-09-30 09:57:00,1790776620,GME,24.559999465942383,24.600000381469727,24.530000686645508,24.540000915527344,64939
2026-09-30 09:58:00,1790776680,GME,24.540000915527344,24.56999969482422,24.510000228881836,24.559999465942383,47105
2026-09-30 09:59:00,1790776740,GME,24.559999465942383,24.577800750732422,24.53499984741211,24.549999237060547,22081
2026-09-30 10:00:00,1790776800,GME,24.565000534057617,24.59000015258789,24.520000457763672,24.584999084472656,30752
2026-09-30 10:01:00,1790776860,GME,24.584999084472656,24.59000015258789,24.520000457763672,24.540000915527344,24213
2026-09-30 10:02:00,1790776920,GME,24.53499984741211,24.645000457763672,24.530000686645508,24.645000457763672,37584
2026-09-30 10:03:00,1790776980,GME,24.635000228881836,24.635000228881836,24.59000015258789,24.599899291992188,16260
2026-09-30 10:04:00,1790777040,GME,24.59000015258789,24.598899841308594,24.579999923706055,24.579999923706055,21399
2026-09-30 10:05:00,1790777100,GME,24.579999923706055,24.600000381469727,24.54050064086914,24.54050064086914,22895
2026-09-30 10:06:00,1790777160,GME,24.545000076293945,24.579999923706055,24.545000076293945,24.579999923706055,14057
2026-09-30 10:07:00,1790777220,GME,24.56999969482422,24.579999923706055,24.5049991607666,24.5049991607666,15207
2026-09-30 10:08:00,1790777280,GME,24.5049991607666,24.514999389648438,24.489999771118164,24.51460075378418,25451
2026-09-30 10:09:00,1790777340,GME,24.514999389648438,24.549999237060547,24.514999389648438,24.530000686645508,12198
2026-09-30 10:10:00,1790777400,GME,24.524999618530273,24.524999618530273,24.475000381469727,24.5049991607666,19435
2026-09-30 10:11:00,1790777460,GME,24.510000228881836,24.530000686645508,24.485000610351562,24.4950008392334,23618
2026-09-30 10:12:00,1790777520,GME,24.489999771118164,24.5,24.459999084472656,24.46500015258789,24112
2026-09-30 10:13:00,1790777580,GME,24.459999084472656,24.469999313354492,24.405000686645508,24.40999984741211,77996
2026-09-30 10:14:00,1790777640,GME,24.409900665283203,24.409900665283203,24.3700008392334,24.3700008392334,51208
2026-09-30 10:15:00,1790777700,GME,24.364999771118164,24.364999771118164,24.299999237060547,24.329999923706055,47214
2026-09-30 10:16:00,1790777760,GME,24.329999923706055,24.3700008392334,24.31999969482422,24.34000015258789,22034
2026-09-30 10:17:00,1790777820,GME,24.344999313354492,24.35300064086914,24.2549991607666,24.264999389648438,33183
2026-09-30 10:18:00,1790777880,GME,24.270000457763672,24.325000762939453,24.260000228881836,24.274999618530273,21107
2026-09-30 10:19:00,1790777940,GME,24.270000457763672,24.299999237060547,24.2450008392334,24.28499984741211,47565
2026-09-30 10:20:00,1790778000,GME,24.28499984741211,24.309999465942383,24.264999389648438,24.270000457763672,32557
2026-09-30 10:21:00,1790778060,GME,24.264999389648438,24.299999237060547,24.239999771118164,24.290000915527344,15956
2026-09-30 10:22:00,1790778120,GME,24.295000076293945,24.295000076293945,24.260000228881836,24.264999389648438,15004
2026-09-30 10:23:00,1790778180,GME,24.264999389648438,24.264999389648438,24.222000122070312,24.225000381469727,33768
2026-09-30 10:24:00,1790778240,GME,24.229999542236328,24.260000228881836,24.209999084472656,24.2450008392334,34117
2026-09-30 10:25:00,1790778300,GME,24.239999771118164,24.260000228881836,24.219999313354492,24.229999542236328,24789
2026-09-30 10:26:00,1790778360,GME,24.23200035095215,24.260000228881836,24.209999084472656,24.21500015258789,48131
2026-09-30 10:27:00,1790778420,GME,24.209999084472656,24.217500686645508,24.191999435424805,24.1924991607666,25313
2026-09-30 10:28:00,1790778480,GME,24.19499969482422,24.19499969482422,24.170000076293945,24.174999237060547,8667
2026-09-30 10:29:00,1790778540,GME,24.174999237060547,24.199899673461914,24.170000076293945,24.19499969482422,19056
2026-09-30 10:30:00,1790778600,GME,24.196300506591797,24.260000228881836,24.190000534057617,24.2549991607666,41630
2026-09-30 10:31:00,1790778660,GME,24.2549991607666,24.280000686645508,24.209999084472656,24.280000686645508,24378
2026-09-30 10:32:00,1790778720,GME,24.290000915527344,24.329999923706055,24.274999618530273,24.309900283813477,47126
2026-09-30 10:33:00,1790778780,GME,24.309999465942383,24.31999969482422,24.290000915527344,24.309999465942383,27117
2026-09-30 10:34:00,1790778840,GME,24.308000564575195,24.334999084472656,24.30500030517578,24.30500030517578,19931
2026-09-30 10:35:00,1790778900,GME,24.299999237060547,24.329999923706055,24.290000915527344,24.309999465942383,26137
2026-09-30 10:36:00,1790778960,GME,24.313400268554688,24.329999923706055,24.295000076293945,24.315000534057617,10053
2026-09-30 10:37:00,1790779020,GME,24.31999969482422,24.34000015258789,24.31999969482422,24.338699340820312,13721
2026-09-30 10:38:00,1790779080,GME,24.334999084472656,24.3700008392334,24.30500030517578,24.350000381469727,20164
2026-09-30 10:39:00,1790779140,GME,24.360000610351562,24.3799991607666,24.351200103759766,24.354999542236328,17546
2026-09-30 10:40:00,1790779200,GME,24.359399795532227,24.359399795532227,24.329999923706055,24.350000381469727,13097
2026-09-30 10:41:00,1790779260,GME,24.360000610351562,24.360000610351562,24.334999084472656,24.344999313354492,10510
2026-09-30 10:42:00,1790779320,GME,24.350000381469727,24.434999465942383,24.350000381469727,24.42009925842285,23448
2026-09-30 10:43:00,1790779380,GME,24.424999237060547,24.454999923706055,24.389999389648438,24.389999389648438,30063
2026-09-30 10:44:00,1790779440,GME,24.395000457763672,24.405000686645508,24.389999389648438,24.395000457763672,10643
2026-09-30 10:45:00,1790779500,GME,24.395000457763672,24.399999618530273,24.385000228881836,24.395000457763672,6676
2026-09-30 10:46:00,1790779560,GME,24.389999389648438,24.44499969482422,24.385000228881836,24.40999984741211,15650
2026-09-30 10:47:00,1790779620,GME,24.40049934387207,24.43000030517578,24.40049934387207,24.424999237060547,4763
2026-09-30 10:48:00,1790779680,GME,24.424999237060547,24.46500015258789,24.415000915527344,24.45509910583496,13706
2026-09-30 10:49:00,1790779740,GME,24.454999923706055,24.4950008392334,24.450300216674805,24.479999542236328,19296
2026-09-30 10:50:00,1790779800,GME,24.475000381469727,24.485000610351562,24.459999084472656,24.485000610351562,11432
2026-09-30 10:51:00,1790779860,GME,24.485000610351562,24.489999771118164,24.459999084472656,24.469999313354492,23249
2026-09-30 10:52:00,1790779920,GME,24.479999542236328,24.479999542236328,24.45009994506836,24.454999923706055,16614
2026-09-30 10:53:00,1790779980,GME,24.454999923706055,24.475000381469727,24.454999923706055,24.475000381469727,7635
2026-09-30 10:54:00,1790780040,GME,24.479999542236328,24.4950008392334,24.450000762939453,24.469999313354492,13757
2026-09-30 10:55:00,1790780100,GME,24.475000381469727,24.565900802612305,24.475000381469727,24.55500030517578,53360
2026-09-30 10:56:00,1790780160,GME,24.545000076293945,24.579999923706055,24.540000915527344,24.56999969482422,25616
2026-09-30 10:57:00,1790780220,GME,24.56999969482422,24.59000015258789,24.549999237060547,24.55139923095703,53873
2026-09-30 10:58:00,1790780280,GME,24.549999237060547,24.549999237060547,24.530000686645508,24.53499984741211,15307
2026-09-30 10:59:00,1790780340,GME,24.53499984741211,24.55500030517578,24.53499984741211,24.55500030517578,14394
2026-09-30 11:00:00,1790780400,GME,24.55500030517578,24.55500030517578,24.514999389648438,24.514999389648438,9465
2026-09-30 11:01:00,1790780460,GME,24.514999389648438,24.540000915527344,24.510000228881836,24.540000915527344,7974
2026-09-30 11:02:00,1790780520,GME,24.530000686645508,24.530000686645508,24.510000228881836,24.510000228881836,11053
2026-09-30 11:03:00,1790780580,GME,24.514999389648438,24.549999237060547,24.514999389648438,24.540000915527344,6462
2026-09-30 11:04:00,1790780640,GME,24.545000076293945,24.56999969482422,24.545000076293945,24.559999465942383,5704
2026-09-30 11:05:00,1790780700,GME,24.559999465942383,24.59000015258789,24.54400062561035,24.545000076293945,18603
2026-09-30 11:06:00,1790780760,GME,24.549999237060547,24.55500030517578,24.53499984741211,24.53499984741211,6919
2026-09-30 11:07:00,1790780820,GME,24.530000686645508,24.530000686645508,24.510000228881836,24.514999389648438,6749
2026-09-30 11:08:00,1790780880,GME,24.510000228881836,24.53499984741211,24.5,24.524999618530273,16014
2026-09-30 11:09:00,1790780940,GME,24.520000457763672,24.524999618530273,24.510000228881836,24.510000228881836,6546
2026-09-30 11:10:00,1790781000,GME,24.510000228881836,24.510000228881836,24.5,24.5049991607666,8560
2026-09-30 11:11:00,1790781060,GME,24.5,24.520000457763672,24.4950008392334,24.510000228881836,14649
2026-09-30 11:12:00,1790781120,GME,24.520000457763672,24.540000915527344,24.520000457763672,24.524999618530273,11978
2026-09-30 11:13:00,1790781180,GME,24.524999618530273,24.54439926147461,24.520000457763672,24.520000457763672,10463
2026-09-30 11:14:00,1790781240,GME,24.520000457763672,24.545000076293945,24.514999389648438,24.545000076293945,8148
2026-09-30 11:15:00,1790781300,GME,24.549999237060547,24.559999465942383,24.540000915527344,24.552400588989258,7616
2026-09-30 11:16:00,1790781360,GME,24.55970001220703,24.565000534057617,24.55500030517578,24.559999465942383,10545
2026-09-30 11:17:00,1790781420,GME,24.559999465942383,24.56999969482422,24.550100326538086,24.56719970703125,9631
2026-09-30 11:18:00,1790781480,GME,24.565000534057617,24.565000534057617,24.549999237060547,24.565000534057617,5296
2026-09-30 11:19:00,1790781540,GME,24.565000534057617,24.610000610351562,24.565000534057617,24.59000015258789,27605
2026-09-30 11:20:00,1790781600,GME,24.592500686645508,24.592500686645508,24.56999969482422,24.56999969482422,9082
2026-09-30 11:21:00,1790781660,GME,24.579999923706055,24.604999542236328,24.579999923706055,24.604999542236328,17641
2026-09-30 11:22:00,1790781720,GME,24.604999542236328,24.610000610351562,24.59000015258789,24.594999313354492,7509
2026-09-30 11:23:00,1790781780,GME,24.59000015258789,24.600000381469727,24.575000762939453,24.590700149536133,10467
2026-09-30 11:24:00,1790781840,GME,24.59000015258789,24.594999313354492,24.579999923706055,24.584999084472656,8425
2026-09-30 11:25:00,1790781900,GME,24.59000015258789,24.604999542236328,24.579999923706055,24.584999084472656,9137
2026-09-30 11:26:00,1790781960,GME,24.584999084472656,24.59000015258789,24.579999923706055,24.584999084472656,7048
2026-09-30 11:27:00,1790782020,GME,24.59000015258789,24.610000610351562,24.584999084472656,24.604999542236328,6543
2026-09-30 11:28:00,1790782080,GME,24.604999542236328,24.635000228881836,24.600000381469727,24.6299991607666,6514
2026-09-30 11:29:00,1790782140,GME,24.635000228881836,24.679800033569336,24.6299991607666,24.679800033569336,30089
2026-09-30 11:30:00,1790782200,GME,24.68000030517578,24.69499969482422,24.670000076293945,24.69499969482422,13389
2026-09-30 11:31:00,1790782260,GME,24.69499969482422,24.709999084472656,24.68000030517578,24.690000534057617,17576
2026-09-30 11:32:00,1790782320,GME,24.690000534057617,24.69499969482422,24.670000076293945,24.684999465942383,17591
2026-09-30 11:33:00,1790782380,GME,24.68910026550293,24.68910026550293,24.665000915527344,24.68000030517578,17937
2026-09-30 11:34:00,1790782440,GME,24.67009925842285,24.68000030517578,24.665000915527344,24.665000915527344,16178
2026-09-30 11:35:00,1790782500,GME,24.661100387573242,24.674999237060547,24.65999984741211,24.674999237060547,7300
2026-09-30 11:36:00,1790782560,GME,24.68000030517578,24.684999465942383,24.665000915527344,24.674999237060547,9391
2026-09-30 11:37:00,1790782620,GME,24.670000076293945,24.68000030517578,24.662200927734375,24.68000030517578,2867
2026-09-30 11:38:00,1790782680,GME,24.68000030517578,24.704999923706055,24.670000076293945,24.704999923706055,9120
2026-09-30 11:39:00,1790782740,GME,24.709999084472656,24.729999542236328,24.709999084472656,24.729999542236328,15622
2026-09-30 11:40:00,1790782800,GME,24.725000381469727,24.725000381469727,24.709999084472656,24.719999313354492,8625
2026-09-30 11:41:00,1790782860,GME,24.719900131225586,24.770000457763672,24.71500015258789,24.7549991607666,30607
2026-09-30 11:42:00,1790782920,GME,24.7549991607666,24.764999389648438,24.739999771118164,24.764999389648438,10331
2026-09-30 11:43:00,1790782980,GME,24.760000228881836,24.764999389648438,24.739999771118164,24.742399215698242,17171
2026-09-30 11:44:00,1790783040,GME,24.739999771118164,24.7549991607666,24.735000610351562,24.735000610351562,15877
2026-09-30 11:45:00,1790783100,GME,24.729999542236328,24.739999771118164,24.729999542236328,24.735000610351562,5352
2026-09-30 11:46:00,1790783160,GME,24.739999771118164,24.75,24.709999084472656,24.71500015258789,26873
2026-09-30 11:47:00,1790783220,GME,24.709999084472656,24.735000610351562,24.709999084472656,24.735000610351562,26460
2026-09-30 11:48:00,1790783280,GME,24.739999771118164,24.770000457763672,24.739999771118164,24.764999389648438,14033
2026-09-30 11:49:00,1790783340,GME,24.764999389648438,24.81999969482422,24.760000228881836,24.81999969482422,20215
2026-09-30 11:50:00,1790783400,GME,24.809999465942383,24.809999465942383,24.790000915527344,24.795000076293945,24980
2026-09-30 11:51:00,1790783460,GME,24.795000076293945,24.799999237060547,24.760000228881836,24.770099639892578,19140
2026-09-30 11:52:00,1790783520,GME,24.770000457763672,24.770000457763672,24.729999542236328,24.739999771118164,11707
2026-09-30 11:53:00,1790783580,GME,24.75,24.780000686645508,24.75,24.774999618530273,6134
2026-09-30 11:54:00,1790783640,GME,24.770000457763672,24.81999969482422,24.760000228881836,24.815000534057617,17167
2026-09-30 11:55:00,1790783700,GME,24.810100555419922,24.850000381469727,24.809999465942383,24.834999084472656,47147
2026-09-30 11:56:00,1790783760,GME,24.834999084472656,24.84000015258789,24.81999969482422,24.825000762939453,17963
2026-09-30 11:57:00,1790783820,GME,24.824600219726562,24.84000015258789,24.799999237060547,24.834999084472656,16936
2026-09-30 11:58:00,1790783880,GME,24.834999084472656,24.834999084472656,24.790000915527344,24.81999969482422,17316
2026-09-30 11:59:00,1790783940,GME,24.815000534057617,24.81999969482422,24.78499984741211,24.815000534057617,14812
2026-09-30 12:00:00,1790784000,GME,24.815000534057617,24.81999969482422,24.799999237060547,24.81999969482422,17471
2026-09-30 12:01:00,1790784060,GME,24.815000534057617,24.81999969482422,24.781356811523438,24.80500030517578,30700
2026-09-30 12:02:00,1790784120,GME,24.809999465942383,24.84000015258789,24.739999771118164,24.75,78902
2026-09-30 12:03:00,1790784180,GME,24.739999771118164,24.749900817871094,24.700000762939453,24.7450008392334,30311
2026-09-30 12:04:00,1790784240,GME,24.7450008392334,24.75,24.68000030517578,24.681400299072266,57445
2026-09-30 12:05:00,1790784300,GME,24.68000030517578,24.690000534057617,24.655000686645508,24.655000686645508,30955
2026-09-30 12:06:00,1790784360,GME,24.65169906616211,24.655000686645508,24.6200008392334,24.6299991607666,31571
2026-09-30 12:07:00,1790784420,GME,24.63629913330078,24.704999923706055,24.6299991607666,24.700000762939453,22179
2026-09-30 12:08:00,1790784480,GME,24.690000534057617,24.692399978637695,24.65999984741211,24.665000915527344,13304
2026-09-30 12:09:00,1790784540,GME,24.665000915527344,24.690000534057617,24.665000915527344,24.684999465942383,13723
2026-09-30 12:10:00,1790784600,GME,24.68000030517578,24.68000030517578,24.655000686645508,24.655000686645508,19789
2026-09-30 12:11:00,1790784660,GME,24.655000686645508,24.670000076293945,24.635000228881836,24.645000457763672,26336
2026-09-30 12:12:00,1790784720,GME,24.64859962463379,24.649900436401367,24.6299991607666,24.635000228881836,12097
2026-09-30 12:13:00,1790784780,GME,24.635099411010742,24.655000686645508,24.6299991607666,24.645000457763672,8271
2026-09-30 12:14:00,1790784840,GME,24.639999389648438,24.655000686645508,24.639999389648438,24.639999389648438,9219
2026-09-30 12:15:00,1790784900,GME,24.639999389648438,24.639999389648438,24.610000610351562,24.610000610351562,13487
2026-09-30 12:16:00,1790784960,GME,24.614999771118164,24.635000228881836,24.613500595092773,24.635000228881836,13391
2026-09-30 12:17:00,1790785020,GME,24.635000228881836,24.635000228881836,24.6200008392334,24.625,7250
2026-09-30 12:18:00,1790785080,GME,24.625,24.649999618530273,24.625,24.639999389648438,20123
2026-09-30 12:19:00,1790785140,GME,24.635000228881836,24.649999618530273,24.6299991607666,24.639999389648438,11930
2026-09-30 12:20:00,1790785200,GME,24.645000457763672,24.649999618530273,24.639999389648438,24.640100479125977,2617
2026-09-30 12:21:00,1790785260,GME,24.645000457763672,24.75,24.645000457763672,24.75,60262
2026-09-30 12:22:00,1790785320,GME,24.739999771118164,24.79990005493164,24.735000610351562,24.790000915527344,37226
2026-09-30 12:23:00,1790785380,GME,24.795000076293945,24.795000076293945,24.760000228881836,24.760000228881836,22226
2026-09-30 12:24:00,1790785440,GME,24.764999389648438,24.825000762939453,24.7549991607666,24.795000076293945,21988
2026-09-30 12:25:00,1790785500,GME,24.799999237060547,24.809999465942383,24.791000366210938,24.809900283813477,11698
2026-09-30 12:26:00,1790785560,GME,24.809999465942383,24.829999923706055,24.80500030517578,24.825000762939453,24011
2026-09-30 12:27:00,1790785620,GME,24.81999969482422,24.84000015258789,24.764999389648438,24.774999618530273,18662
2026-09-30 12:28:00,1790785680,GME,24.770000457763672,24.770000457763672,24.739999771118164,24.770000457763672,11996
2026-09-30 12:29:00,1790785740,GME,24.770000457763672,24.780000686645508,24.764999389648438,24.770000457763672,4964
2026-09-30 12:30:00,1790785800,GME,24.774999618530273,24.780000686645508,24.760000228881836,24.760000228881836,7905
2026-09-30 12:31:00,1790785860,GME,24.7549991607666,24.770000457763672,24.7549991607666,24.764999389648438,8465
2026-09-30 12:32:00,1790785920,GME,24.770000457763672,24.809999465942383,24.760000228881836,24.774999618530273,21857
2026-09-30 12:33:00,1790785980,GME,24.774999618530273,24.84000015258789,24.774999618530273,24.825000762939453,14089
2026-09-30 12:34:00,1790786040,GME,24.825000762939453,24.834999084472656,24.799999237060547,24.834999084472656,66762
2026-09-30 12:35:00,1790786100,GME,24.834999084472656,24.850000381469727,24.825000762939453,24.844999313354492,23200
2026-09-30 12:36:00,1790786160,GME,24.844999313354492,24.844999313354492,24.719999313354492,24.725000381469727,74189
2026-09-30 12:37:00,1790786220,GME,24.729999542236328,24.795000076293945,24.729999542236328,24.795000076293945,10928
2026-09-30 12:38:00,1790786280,GME,24.790000915527344,24.809999465942383,24.7549991607666,24.764999389648438,22800
2026-09-30 12:39:00,1790786340,GME,24.764999389648438,24.770000457763672,24.760000228881836,24.770000457763672,12067
2026-09-30 12:40:00,1790786400,GME,24.764999389648438,24.78499984741211,24.764999389648438,24.78499984741211,5880
2026-09-30 12:41:00,1790786460,GME,24.78499984741211,24.815000534057617,24.78499984741211,24.80372428894043,10099
2026-09-30 12:42:00,1790786520,GME,24.799999237060547,24.799999237060547,24.729999542236328,24.735000610351562,118950
2026-09-30 12:43:00,1790786580,GME,24.739999771118164,24.764999389648438,24.739999771118164,24.75,9909
2026-09-30 12:44:00,1790786640,GME,24.753599166870117,24.770000457763672,24.753599166870117,24.770000457763672,7566
2026-09-30 12:45:00,1790786700,GME,24.760000228881836,24.815000534057617,24.760000228881836,24.80500030517578,11370
2026-09-30 12:46:00,1790786760,GME,24.80500030517578,24.81999969482422,24.729999542236328,24.75,125765
2026-09-30 12:47:00,1790786820,GME,24.7450008392334,24.7450008392334,24.729999542236328,24.735000610351562,4616
2026-09-30 12:48:00,1790786880,GME,24.735000610351562,24.75,24.729999542236328,24.7450008392334,5209
2026-09-30 12:49:00,1790786940,GME,24.7450008392334,24.75,24.735000610351562,24.7450008392334,9702
2026-09-30 12:50:00,1790787000,GME,24.7450008392334,24.764999389648438,24.7450008392334,24.764999389648438,5311
2026-09-30 12:51:00,1790787060,GME,24.764999389648438,24.780000686645508,24.760000228881836,24.760000228881836,14525
2026-09-30 12:52:00,1790787120,GME,24.764999389648438,24.780000686645508,24.764999389648438,24.774999618530273,17101
2026-09-30 12:53:00,1790787180,GME,24.770000457763672,24.774999618530273,24.760000228881836,24.760000228881836,3932
2026-09-30 12:54:00,1790787240,GME,24.764999389648438,24.770000457763672,24.760000228881836,24.760000228881836,5077
2026-09-30 12:55:00,1790787300,GME,24.764999389648438,24.770000457763672,24.7549991607666,24.7549991607666,12134
2026-09-30 12:56:00,1790787360,GME,24.75,24.7549991607666,24.75,24.7549991607666,1700
2026-09-30 12:57:00,1790787420,GME,24.760000228881836,24.795000076293945,24.760000228881836,24.790000915527344,7544
2026-09-30 12:58:00,1790787480,GME,24.78499984741211,24.79949951171875,24.780000686645508,24.78499984741211,27538
2026-09-30 12:59:00,1790787540,GME,24.780000686645508,24.78179931640625,24.729999542236328,24.7450008392334,13015
2026-09-30 13:00:00,1790787600,GME,24.7450008392334,24.7450008392334,24.735000610351562,24.735000610351562,6671
2026-09-30 13:01:00,1790787660,GME,24.735000610351562,24.764999389648438,24.731599807739258,24.760000228881836,6114
2026-09-30 13:02:00,1790787720,GME,24.760000228881836,24.760000228881836,24.725000381469727,24.725000381469727,8978
2026-09-30 13:03:00,1790787780,GME,24.725000381469727,24.725000381469727,24.721200942993164,24.721200942993164,2296
2026-09-30 13:04:00,1790787840,GME,24.725000381469727,24.749000549316406,24.709999084472656,24.749000549316406,429183
2026-09-30 13:05:00,1790787900,GME,24.749900817871094,24.75,24.706300735473633,24.709999084472656,122244
2026-09-30 13:06:00,1790787960,GME,24.71500015258789,24.729999542236328,24.710100173950195,24.729999542236328,7219
2026-09-30 13:07:00,1790788020,GME,24.724899291992188,24.729999542236328,24.684999465942383,24.709999084472656,17202
2026-09-30 13:08:00,1790788080,GME,24.71500015258789,24.71500015258789,24.670000076293945,24.685100555419922,38467
2026-09-30 13:09:00,1790788140,GME,24.684999465942383,24.684999465942383,24.665000915527344,24.68000030517578,9549
2026-09-30 13:10:00,1790788200,GME,24.684999465942383,24.690000534057617,24.68000030517578,24.689899444580078,4815
2026-09-30 13:11:00,1790788260,GME,24.684999465942383,24.700000762939453,24.68000030517578,24.69499969482422,7759
2026-09-30 13:12:00,1790788320,GME,24.69409942626953,24.725000381469727,24.69379997253418,24.725000381469727,11446
2026-09-30 13:13:00,1790788380,GME,24.725000381469727,24.73509979248047,24.709999084472656,24.71769905090332,20070
2026-09-30 13:14:00,1790788440,GME,24.71500015258789,24.719999313354492,24.670000076293945,24.67799949645996,30083
2026-09-30 13:15:00,1790788500,GME,24.674999237060547,24.68000030517578,24.655000686645508,24.674999237060547,42959
2026-09-30 13:16:00,1790788560,GME,24.674999237060547,24.844999313354492,24.670000076293945,24.84000015258789,253350
2026-09-30 13:17:00,1790788620,GME,24.834999084472656,24.8700008392334,24.704999923706055,24.735000610351562,159299
2026-09-30 13:18:00,1790788680,GME,24.739999771118164,24.780000686645508,24.719999313354492,24.770000457763672,68276
2026-09-30 13:19:00,1790788740,GME,24.760099411010742,24.770000457763672,24.725000381469727,24.725000381469727,13830
2026-09-30 13:20:00,1790788800,GME,24.719999313354492,24.780000686645508,24.71500015258789,24.770000457763672,36503
2026-09-30 13:21:00,1790788860,GME,24.764999389648438,24.790000915527344,24.760000228881836,24.790000915527344,12600
2026-09-30 13:22:00,1790788920,GME,24.78499984741211,24.81800079345703,24.774999618530273,24.774999618530273,20336
2026-09-30 13:23:00,1790788980,GME,24.780000686645508,24.790000915527344,24.770099639892578,24.790000915527344,9583
2026-09-30 13:24:00,1790789040,GME,24.790000915527344,24.799999237060547,24.7549991607666,24.780000686645508,17497
2026-09-30 13:25:00,1790789100,GME,24.790000915527344,24.799999237060547,24.790000915527344,24.795000076293945,8222
2026-09-30 13:26:00,1790789160,GME,24.790000915527344,24.790000915527344,24.711700439453125,24.71500015258789,10018
2026-09-30 13:27:00,1790789220,GME,24.71500015258789,24.738800048828125,24.709999084472656,24.71500015258789,7719
2026-09-30 13:28:00,1790789280,GME,24.71500015258789,24.719999313354492,24.700000762939453,24.704999923706055,15047
2026-09-30 13:29:00,1790789340,GME,24.704999923706055,24.725000381469727,24.690000534057617,24.690000534057617,8928
2026-09-30 13:30:00,1790789400,GME,24.696800231933594,24.71500015258789,24.690000534057617,24.71500015258789,17321
2026-09-30 13:31:00,1790789460,GME,24.719999313354492,24.729999542236328,24.719999313354492,24.729999542236328,5229
2026-09-30 13:32:00,1790789520,GME,24.729900360107422,24.7450008392334,24.729900360107422,24.735000610351562,16563
2026-09-30 13:33:00,1790789580,GME,24.735000610351562,24.780000686645508,24.735000610351562,24.774999618530273,8233
2026-09-30 13:34:00,1790789640,GME,24.775100708007812,24.775100708007812,24.684999465942383,24.684999465942383,21122
2026-09-30 13:35:00,1790789700,GME,24.687599182128906,24.690000534057617,24.684999465942383,24.684999465942383,5577
2026-09-30 13:36:00,1790789760,GME,24.68000030517578,24.684999465942383,24.639999389648438,24.639999389648438,20067
2026-09-30 13:37:00,1790789820,GME,24.645000457763672,24.645000457763672,24.604999542236328,24.645000457763672,38456
2026-09-30 13:38:00,1790789880,GME,24.645099639892578,24.670000076293945,24.639999389648438,24.665000915527344,20577
2026-09-30 13:39:00,1790789940,GME,24.665000915527344,24.66900062561035,24.6299991607666,24.665000915527344,65845
2026-09-30 13:40:00,1790790000,GME,24.665000915527344,24.69499969482422,24.665000915527344,24.68000030517578,14618
2026-09-30 13:41:00,1790790060,GME,24.674999237060547,24.684999465942383,24.639999389648438,24.645000457763672,20418
2026-09-30 13:42:00,1790790120,GME,24.645000457763672,24.65999984741211,24.640199661254883,24.65049934387207,9772
2026-09-30 13:43:00,1790790180,GME,24.649999618530273,24.649999618530273,24.614999771118164,24.61750030517578,28220
2026-09-30 13:44:00,1790790240,GME,24.610000610351562,24.635000228881836,24.600000381469727,24.635000228881836,17687
2026-09-30 13:45:00,1790790300,GME,24.635000228881836,24.655000686645508,24.635000228881836,24.655000686645508,5721
2026-09-30 13:46:00,1790790360,GME,24.655000686645508,24.670000076293945,24.639999389648438,24.670000076293945,37010
2026-09-30 13:47:00,1790790420,GME,24.65999984741211,24.697999954223633,24.651899337768555,24.682899475097656,9922
2026-09-30 13:48:00,1790790480,GME,24.686599731445312,24.729999542236328,24.686599731445312,24.719999313354492,47349
2026-09-30 13:49:00,1790790540,GME,24.71500015258789,24.790000915527344,24.71500015258789,24.790000915527344,15915
2026-09-30 13:50:00,1790790600,GME,24.78499984741211,24.799999237060547,24.725000381469727,24.725000381469727,60966
2026-09-30 13:51:00,1790790660,GME,24.725000381469727,24.735000610351562,24.725000381469727,24.729999542236328,7812
2026-09-30 13:52:00,1790790720,GME,24.727800369262695,24.727800369262695,24.704999923706055,24.704999923706055,227333
2026-09-30 13:53:00,1790790780,GME,24.704999923706055,24.704999923706055,24.68000030517578,24.700000762939453,15774
2026-09-30 13:54:00,1790790840,GME,24.700000762939453,24.700000762939453,24.690000534057617,24.69499969482422,4663
2026-09-30 13:55:00,1790790900,GME,24.690000534057617,24.71500015258789,24.665000915527344,24.709999084472656,11691
2026-09-30 13:56:00,1790790960,GME,24.71500015258789,24.71500015258789,24.680099487304688,24.690000534057617,11629
2026-09-30 13:57:00,1790791020,GME,24.69499969482422,24.69499969482422,24.690000534057617,24.69499969482422,1726
2026-09-30 13:58:00,1790791080,GME,24.690000534057617,24.690000534057617,24.68000030517578,24.684999465942383,3751
2026-09-30 13:59:00,1790791140,GME,24.6875,24.690000534057617,24.68000030517578,24.684999465942383,3501
2026-09-30 14:00:00,1790791200,GME,24.684999465942383,24.690000534057617,24.674999237060547,24.674999237060547,10937
2026-09-30 14:01:00,1790791260,GME,24.674999237060547,24.690000534057617,24.674999237060547,24.684999465942383,9479
2026-09-30 14:02:00,1790791320,GME,24.684999465942383,24.68790054321289,24.674999237060547,24.684999465942383,10448
2026-09-30 14:03:00,1790791380,GME,24.684999465942383,24.75,24.684999465942383,24.719999313354492,19846
2026-09-30 14:04:00,1790791440,GME,24.719999313354492,24.729999542236328,24.704999923706055,24.71500015258789,8931
2026-09-30 14:05:00,1790791500,GME,24.709999084472656,24.760000228881836,24.709999084472656,24.7450008392334,25021
2026-09-30 14:06:00,1790791560,GME,24.739999771118164,24.7450008392334,24.700000762939453,24.700000762939453,21574
2026-09-30 14:07:00,1790791620,GME,24.690000534057617,24.69499969482422,24.670000076293945,24.674999237060547,8276
2026-09-30 14:08:00,1790791680,GME,24.68000030517578,24.690000534057617,24.665000915527344,24.674999237060547,10453
2026-09-30 14:09:00,1790791740,GME,24.674999237060547,24.690000534057617,24.674999237060547,24.68779945373535,5928
2026-09-30 14:10:00,1790791800,GME,24.690000534057617,24.690000534057617,24.665000915527344,24.674999237060547,11480
2026-09-30 14:11:00,1790791860,GME,24.674999237060547,24.69499969482422,24.650100708007812,24.662500381469727,12974
2026-09-30 14:12:00,1790791920,GME,24.665000915527344,24.68000030517578,24.65999984741211,24.670000076293945,10311
2026-09-30 14:13:00,1790791980,GME,24.670000076293945,24.684999465942383,24.670000076293945,24.674999237060547,6403
2026-09-30 14:14:00,1790792040,GME,24.674999237060547,24.68000030517578,24.665000915527344,24.674999237060547,9392
2026-09-30 14:15:00,1790792100,GME,24.674999237060547,24.690000534057617,24.674999237060547,24.688600540161133,5171
2026-09-30 14:16:00,1790792160,GME,24.68000030517578,24.68000030517578,24.674999237060547,24.674999237060547,183787
2026-09-30 14:17:00,1790792220,GME,24.68000030517578,24.69499969482422,24.649999618530273,24.649999618530273,417206
2026-09-30 14:18:00,1790792280,GME,24.655000686645508,24.725000381469727,24.655000686645508,24.725000381469727,18098
2026-09-30 14:19:00,1790792340,GME,24.725000381469727,24.725000381469727,24.69499969482422,24.700000762939453,14485
2026-09-30 14:20:00,1790792400,GME,24.70829963684082,24.709999084472656,24.690000534057617,24.690000534057617,5683
2026-09-30 14:21:00,1790792460,GME,24.69499969482422,24.69499969482422,24.65999984741211,24.670000076293945,7523
2026-09-30 14:22:00,1790792520,GME,24.665000915527344,24.670000076293945,24.65999984741211,24.670000076293945,5110
2026-09-30 14:23:00,1790792580,GME,24.665000915527344,24.729999542236328,24.665000915527344,24.725000381469727,85330
2026-09-30 14:24:00,1790792640,GME,24.725000381469727,24.729999542236328,24.700300216674805,24.725000381469727,27417
2026-09-30 14:25:00,1790792700,GME,24.725000381469727,24.728647232055664,24.69499969482422,24.69499969482422,16584
2026-09-30 14:26:00,1790792760,GME,24.69420051574707,24.760000228881836,24.69420051574707,24.760000228881836,12789
2026-09-30 14:27:00,1790792820,GME,24.760000228881836,24.770000457763672,24.7549991607666,24.7549991607666,16847
2026-09-30 14:28:00,1790792880,GME,24.7549991607666,24.757999420166016,24.725000381469727,24.725000381469727,116617
2026-09-30 14:29:00,1790792940,GME,24.725000381469727,24.735000610351562,24.719999313354492,24.725000381469727,9931
2026-09-30 14:30:00,1790793000,GME,24.729999542236328,24.729999542236328,24.719999313354492,24.719999313354492,4181
2026-09-30 14:31:00,1790793060,GME,24.719999313354492,24.725000381469727,24.700000762939453,24.704999923706055,11982
2026-09-30 14:32:00,1790793120,GME,24.704999923706055,24.709999084472656,24.68000030517578,24.684999465942383,8108
2026-09-30 14:33:00,1790793180,GME,24.684999465942383,24.700000762939453,24.68000030517578,24.700000762939453,13846
2026-09-30 14:34:00,1790793240,GME,24.695999145507812,24.704999923706055,24.68000030517578,24.700000762939453,19663
2026-09-30 14:35:00,1790793300,GME,24.69499969482422,24.700000762939453,24.68000030517578,24.684999465942383,13590
2026-09-30 14:36:00,1790793360,GME,24.684999465942383,24.7549991607666,24.684999465942383,24.7450008392334,18978
2026-09-30 14:37:00,1790793420,GME,24.739999771118164,24.739999771118164,24.725000381469727,24.729999542236328,13090
2026-09-30 14:38:00,1790793480,GME,24.739999771118164,24.774999618530273,24.739999771118164,24.774999618530273,10334
2026-09-30 14:39:00,1790793540,GME,24.780000686645508,24.780000686645508,24.760000228881836,24.764999389648438,12661
2026-09-30 14:40:00,1790793600,GME,24.763099670410156,24.770000457763672,24.739999771118164,24.7450008392334,30380
2026-09-30 14:41:00,1790793660,GME,24.7450008392334,24.774999618530273,24.735000610351562,24.739999771118164,20226
2026-09-30 14:42:00,1790793720,GME,24.739999771118164,24.7450008392334,24.729999542236328,24.735000610351562,5331
2026-09-30 14:43:00,1790793780,GME,24.735000610351562,24.780000686645508,24.735000610351562,24.774999618530273,8267
2026-09-30 14:44:00,1790793840,GME,24.770000457763672,24.770000457763672,24.7450008392334,24.760000228881836,13207
2026-09-30 14:45:00,1790793900,GME,24.7549991607666,24.764999389648438,24.75,24.760000228881836,4540
2026-09-30 14:46:00,1790793960,GME,24.7549991607666,24.760000228881836,24.75,24.75,3534
2026-09-30 14:47:00,1790794020,GME,24.75,24.770000457763672,24.739999771118164,24.770000457763672,11650
2026-09-30 14:48:00,1790794080,GME,24.777999877929688,24.809999465942383,24.770099639892578,24.809999465942383,22656
2026-09-30 14:49:00,1790794140,GME,24.809999465942383,24.844999313354492,24.799999237060547,24.81999969482422,20949
2026-09-30 14:50:00,1790794200,GME,24.825000762939453,24.825000762939453,24.780000686645508,24.795000076293945,16127
2026-09-30 14:51:00,1790794260,GME,24.790000915527344,24.79290008544922,24.780000686645508,24.79290008544922,6694
2026-09-30 14:52:00,1790794320,GME,24.799999237060547,24.81999969482422,24.790000915527344,24.81999969482422,16735
2026-09-30 14:53:00,1790794380,GME,24.815000534057617,24.81999969482422,24.790000915527344,24.795000076293945,18402
2026-09-30 14:54:00,1790794440,GME,24.795000076293945,24.809999465942383,24.792699813842773,24.809999465942383,5550
2026-09-30 14:55:00,1790794500,GME,24.815000534057617,24.829999923706055,24.80500030517578,24.825000762939453,12009
2026-09-30 14:56:00,1790794560,GME,24.825000762939453,24.8700008392334,24.823999404907227,24.864999771118164,12238
2026-09-30 14:57:00,1790794620,GME,24.861499786376953,24.8700008392334,24.850099563598633,24.8700008392334,17191
2026-09-30 14:58:00,1790794680,GME,24.861299514770508,24.875,24.860000610351562,24.8700008392334,23166
2026-09-30 14:59:00,1790794740,GME,24.864999771118164,24.8799991607666,24.829999923706055,24.829999923706055,58170
2026-09-30 15:00:00,1790794800,GME,24.837499618530273,24.860000610351562,24.834999084472656,24.860000610351562,12615
2026-09-30 15:01:00,1790794860,GME,24.850000381469727,24.8700008392334,24.8435001373291,24.8700008392334,34405
2026-09-30 15:02:00,1790794920,GME,24.864999771118164,24.8700008392334,24.81999969482422,24.825000762939453,22055
2026-09-30 15:03:00,1790794980,GME,24.81999969482422,24.82029914855957,24.809999465942383,24.815000534057617,8350
2026-09-30 15:04:00,1790795040,GME,24.815000534057617,24.815000534057617,24.790000915527344,24.797100067138672,15792
2026-09-30 15:05:00,1790795100,GME,24.795000076293945,24.79949951171875,24.780000686645508,24.78499984741211,12164
2026-09-30 15:06:00,1790795160,GME,24.790000915527344,24.795499801635742,24.780000686645508,24.790000915527344,17825
2026-09-30 15:07:00,1790795220,GME,24.790300369262695,24.795000076293945,24.760499954223633,24.777599334716797,20922
2026-09-30 15:08:00,1790795280,GME,24.774999618530273,24.780000686645508,24.770000457763672,24.774999618530273,18722
2026-09-30 15:09:00,1790795340,GME,24.780000686645508,24.78499984741211,24.739999771118164,24.78499984741211,34151
2026-09-30 15:10:00,1790795400,GME,24.786800384521484,24.786800384521484,24.7450008392334,24.7450008392334,27219
2026-09-30 15:11:00,1790795460,GME,24.739999771118164,24.7450008392334,24.719999313354492,24.719999313354492,24658
2026-09-30 15:12:00,1790795520,GME,24.709999084472656,24.719999313354492,24.684999465942383,24.704999923706055,17024
2026-09-30 15:13:00,1790795580,GME,24.700000762939453,24.735000610351562,24.690000534057617,24.735000610351562,16455
2026-09-30 15:14:00,1790795640,GME,24.735000610351562,24.78499984741211,24.729999542236328,24.774999618530273,36412
2026-09-30 15:15:00,1790795700,GME,24.779699325561523,24.795000076293945,24.770999908447266,24.78499984741211,27451
2026-09-30 15:16:00,1790795760,GME,24.78499984741211,24.799999237060547,24.780000686645508,24.780000686645508,10064
2026-09-30 15:17:00,1790795820,GME,24.774999618530273,24.780000686645508,24.770000457763672,24.77199935913086,6085
2026-09-30 15:18:00,1790795880,GME,24.774999618530273,24.78499984741211,24.760099411010742,24.770000457763672,19636
2026-09-30 15:19:00,1790795940,GME,24.770000457763672,24.790000915527344,24.76259994506836,24.774999618530273,14651
2026-09-30 15:20:00,1790796000,GME,24.770000457763672,24.770999908447266,24.725000381469727,24.735000610351562,21201
2026-09-30 15:21:00,1790796060,GME,24.735000610351562,24.7549991607666,24.730499267578125,24.7450008392334,12511
2026-09-30 15:22:00,1790796120,GME,24.7450008392334,24.75,24.7450008392334,24.7450008392334,8283
2026-09-30 15:23:00,1790796180,GME,24.75,24.774999618530273,24.729999542236328,24.729999542236328,23313
2026-09-30 15:24:00,1790796240,GME,24.729999542236328,24.739999771118164,24.71500015258789,24.71500015258789,12201
2026-09-30 15:25:00,1790796300,GME,24.71500015258789,24.725000381469727,24.71500015258789,24.725000381469727,8192
2026-09-30 15:26:00,1790796360,GME,24.725000381469727,24.729999542236328,24.719999313354492,24.729999542236328,14965
2026-09-30 15:27:00,1790796420,GME,24.720399856567383,24.729999542236328,24.690000534057617,24.69499969482422,15718
2026-09-30 15:28:00,1790796480,GME,24.690000534057617,24.690000534057617,24.639999389648438,24.655000686645508,42062
2026-09-30 15:29:00,1790796540,GME,24.655000686645508,24.670000076293945,24.639999389648438,24.639999389648438,16092
2026-09-30 15:30:00,1790796600,GME,24.645000457763672,24.684999465942383,24.645000457763672,24.665000915527344,36574
2026-09-30 15:31:00,1790796660,GME,24.665000915527344,24.69499969482422,24.665000915527344,24.68000030517578,13005
2026-09-30 15:32:00,1790796720,GME,24.68000030517578,24.689899444580078,24.665000915527344,24.670000076293945,17551
2026-09-30 15:33:00,1790796780,GME,24.674999237060547,24.690000534057617,24.6200008392334,24.620100021362305,28914
2026-09-30 15:34:00,1790796840,GME,24.620100021362305,24.6299991607666,24.6200008392334,24.625,10037
2026-09-30 15:35:00,1790796900,GME,24.625,24.670000076293945,24.625,24.670000076293945,23912
2026-09-30 15:36:00,1790796960,GME,24.670000076293945,24.674999237060547,24.65999984741211,24.665000915527344,20915
2026-09-30 15:37:00,1790797020,GME,24.65999984741211,24.66629981994629,24.645000457763672,24.645000457763672,14678
2026-09-30 15:38:00,1790797080,GME,24.645000457763672,24.663999557495117,24.635000228881836,24.657699584960938,17729
2026-09-30 15:39:00,1790797140,GME,24.655000686645508,24.69499969482422,24.64940071105957,24.69230079650879,39542
2026-09-30 15:40:00,1790797200,GME,24.6968994140625,24.719999313354492,24.690099716186523,24.71500015258789,24231
2026-09-30 15:41:00,1790797260,GME,24.71500015258789,24.780000686645508,24.71500015258789,24.77989959716797,76535
2026-09-30 15:42:00,1790797320,GME,24.774999618530273,24.790000915527344,24.729999542236328,24.729999542236328,32525
2026-09-30 15:43:00,1790797380,GME,24.735000610351562,24.780000686645508,24.729999542236328,24.774999618530273,27585
2026-09-30 15:44:00,1790797440,GME,24.780000686645508,24.799999237060547,24.774999618530273,24.790000915527344,15495
2026-09-30 15:45:00,1790797500,GME,24.78499984741211,24.790000915527344,24.729999542236328,24.735000610351562,24928
2026-09-30 15:46:00,1790797560,GME,24.729999542236328,24.746999740600586,24.725000381469727,24.73240089416504,26321
2026-09-30 15:47:00,1790797620,GME,24.735000610351562,24.739999771118164,24.729999542236328,24.735000610351562,17034
2026-09-30 15:48:00,1790797680,GME,24.735000610351562,24.78499984741211,24.735000610351562,24.774999618530273,32921
2026-09-30 15:49:00,1790797740,GME,24.774999618530273,24.795000076293945,24.684999465942383,24.71500015258789,101490
2026-09-30 15:50:00,1790797800,GME,24.709999084472656,24.7101993560791,24.639999389648438,24.649999618530273,86573
2026-09-30 15:51:00,1790797860,GME,24.649999618530273,24.684999465942383,24.649999618530273,24.674999237060547,39320
2026-09-30 15:52:00,1790797920,GME,24.674999237060547,24.709999084472656,24.674999237060547,24.704999923706055,64918
2026-09-30 15:53:00,1790797980,GME,24.704999923706055,24.729999542236328,24.700000762939453,24.719999313354492,43671
2026-09-30 15:54:00,1790798040,GME,24.71500015258789,24.770000457763672,24.709999084472656,24.764999389648438,78401
2026-09-30 15:55:00,1790798100,GME,24.760000228881836,24.795000076293945,24.7549991607666,24.781600952148438,68041
2026-09-30 15:56:00,1790798160,GME,24.78499984741211,24.78499984741211,24.700000762939453,24.719999313354492,75669
2026-09-30 15:57:00,1790798220,GME,24.719999313354492,24.719999313354492,24.684999465942383,24.700000762939453,83685
2026-09-30 15:58:00,1790798280,GME,24.704999923706055,24.71500015258789,24.670000076293945,24.684999465942383,123613
2026-09-30 15:59:00,1790798340,GME,24.689899444580078,24.700000762939453,24.639999389648438,24.649999618530273,301951
2026-09-30 16:00:00,1790798400,GME,24.649999618530273,24.649999618530273,24.649999618530273,24.649999618530273,0
2026-10-01 09:30:00,1790861400,GME,24.40999984741211,24.456300735473633,24.315799713134766,24.31999969482422,362008
2026-10-01 09:31:00,1790861460,GME,24.34280014038086,24.399999618530273,24.25,24.375,25570
2026-10-01 09:32:00,1790861520,GME,24.375,24.389999389648438,24.329999923706055,24.34000015258789,20595
2026-10-01 09:33:00,1790861580,GME,24.350000381469727,24.420000076293945,24.31999969482422,24.34000015258789,19492
2026-10-01 09:34:00,1790861640,GME,24.31999969482422,24.368999481201172,24.309999465942383,24.368999481201172,29594
2026-10-01 09:35:00,1790861700,GME,24.3700008392334,24.530000686645508,24.368999481201172,24.48259925842285,60504
2026-10-01 09:36:00,1790861760,GME,24.5049991607666,24.530000686645508,24.46500015258789,24.5,31777
2026-10-01 09:37:00,1790861820,GME,24.510000228881836,24.639999389648438,24.49650001525879,24.510000228881836,35155
2026-10-01 09:38:00,1790861880,GME,24.520000457763672,24.549999237060547,24.44569969177246,24.475000381469727,26283
2026-10-01 09:39:00,1790861940,GME,24.485000610351562,24.49530029296875,24.3700008392334,24.395000457763672,39788
2026-10-01 09:40:00,1790862000,GME,24.3799991607666,24.40089988708496,24.310100555419922,24.34000015258789,52927
2026-10-01 09:41:00,1790862060,GME,24.320100784301758,24.40999984741211,24.309999465942383,24.34000015258789,14669
2026-10-01 09:42:00,1790862120,GME,24.336599349975586,24.375,24.31999969482422,24.3700008392334,7832
2026-10-01 09:43:00,1790862180,GME,24.385000228881836,24.399999618530273,24.375,24.385000228881836,9932
2026-10-01 09:44:00,1790862240,GME,24.3799991607666,24.399999618530273,24.36009979248047,24.36009979248047,3656
2026-10-01 09:45:00,1790862300,GME,24.3700008392334,24.420000076293945,24.350000381469727,24.405000686645508,11481
2026-10-01 09:46:00,1790862360,GME,24.40250015258789,24.405000686645508,24.3700008392334,24.3700008392334,11580
2026-10-01 09:47:00,1790862420,GME,24.3700008392334,24.40999984741211,24.350000381469727,24.389999389648438,8311
2026-10-01 09:48:00,1790862480,GME,24.395000457763672,24.40999984741211,24.3799991607666,24.3799991607666,16326
2026-10-01 09:49:00,1790862540,GME,24.389999389648438,24.40999984741211,24.3700008392334,24.3799991607666,11866
2026-10-01 09:50:00,1790862600,GME,24.385000228881836,24.389999389648438,24.350000381469727,24.354999542236328,19803
2026-10-01 09:51:00,1790862660,GME,24.364999771118164,24.420000076293945,24.364999771118164,24.420000076293945,14945
2026-10-01 09:52:00,1790862720,GME,24.440000534057617,24.45989990234375,24.43000030517578,24.450000762939453,13474
2026-10-01 09:53:00,1790862780,GME,24.45009994506836,24.479999542236328,24.450000762939453,24.46500015258789,15085
2026-10-01 09:54:00,1790862840,GME,24.459999084472656,24.5,24.459999084472656,24.479999542236328,29043
2026-10-01 09:55:00,1790862900,GME,24.489999771118164,24.549999237060547,24.475000381469727,24.525800704956055,12392
2026-10-01 09:56:00,1790862960,GME,24.514999389648438,24.549999237060547,24.504600524902344,24.540000915527344,14549
2026-10-01 09:57:00,1790863020,GME,24.540000915527344,24.56999969482422,24.540000915527344,24.550100326538086,6575
2026-10-01 09:58:00,1790863080,GME,24.549999237060547,24.579999923706055,24.53499984741211,24.540000915527344,12834
2026-10-01 09:59:00,1790863140,GME,24.54599952697754,24.559999465942383,24.540000915527344,24.549699783325195,17119
2026-10-01 10:00:00,1790863200,GME,24.520099639892578,24.588600158691406,24.475000381469727,24.540000915527344,43112
2026-10-01 10:01:00,1790863260,GME,24.530000686645508,24.530000686645508,24.507999420166016,24.520000457763672,15877
2026-10-01 10:02:00,1790863320,GME,24.520000457763672,24.530000686645508,24.5049991607666,24.514999389648438,12849
2026-10-01 10:03:00,1790863380,GME,24.520000457763672,24.540000915527344,24.510000228881836,24.510000228881836,12455
2026-10-01 10:04:00,1790863440,GME,24.5049991607666,24.587400436401367,24.5,24.545000076293945,45177
2026-10-01 10:05:00,1790863500,GME,24.530099868774414,24.559900283813477,24.524999618530273,24.559900283813477,3566
2026-10-01 10:06:00,1790863560,GME,24.56999969482422,24.6299991607666,24.565000534057617,24.625,62167
2026-10-01 10:07:00,1790863620,GME,24.6299991607666,24.665000915527344,24.604999542236328,24.6200008392334,20416
2026-10-01 10:08:00,1790863680,GME,24.6299991607666,24.665000915527344,24.6200008392334,24.65999984741211,20300
2026-10-01 10:09:00,1790863740,GME,24.670000076293945,24.674999237060547,24.6200008392334,24.642000198364258,38681
2026-10-01 10:10:00,1790863800,GME,24.64189910888672,24.645000457763672,24.625,24.645000457763672,12090
2026-10-01 10:11:00,1790863860,GME,24.645000457763672,24.649999618530273,24.6200008392334,24.625,14062
2026-10-01 10:12:00,1790863920,GME,24.6200008392334,24.6200008392334,24.59000015258789,24.59000015258789,24880
2026-10-01 10:13:00,1790863980,GME,24.590299606323242,24.604999542236328,24.540000915527344,24.575000762939453,19679
2026-10-01 10:14:00,1790864040,GME,24.56999969482422,24.614999771118164,24.56999969482422,24.614999771118164,9708
2026-10-01 10:15:00,1790864100,GME,24.610000610351562,24.614999771118164,24.593700408935547,24.614999771118164,8376
2026-10-01 10:16:00,1790864160,GME,24.614999771118164,24.6200008392334,24.600000381469727,24.600000381469727,12213
2026-10-01 10:17:00,1790864220,GME,24.610000610351562,24.610000610351562,24.600000381469727,24.604999542236328,4755
2026-10-01 10:18:00,1790864280,GME,24.604999542236328,24.604999542236328,24.54759979248047,24.55500030517578,8037
2026-10-01 10:19:00,1790864340,GME,24.55500030517578,24.565000534057617,24.520000457763672,24.549999237060547,43186
2026-10-01 10:20:00,1790864400,GME,24.53499984741211,24.575000762939453,24.53499984741211,24.575000762939453,9732
2026-10-01 10:21:00,1790864460,GME,24.575000762939453,24.575000762939453,24.55500030517578,24.559999465942383,7634
2026-10-01 10:22:00,1790864520,GME,24.565000534057617,24.565000534057617,24.550100326538086,24.551000595092773,3572
2026-10-01 10:23:00,1790864580,GME,24.549999237060547,24.559999465942383,24.540000915527344,24.549999237060547,5910
2026-10-01 10:24:00,1790864640,GME,24.549999237060547,24.549999237060547,24.53499984741211,24.545000076293945,4565
2026-10-01 10:25:00,1790864700,GME,24.540000915527344,24.54949951171875,24.510000228881836,24.53499984741211,26092
2026-10-01 10:26:00,1790864760,GME,24.545000076293945,24.545000076293945,24.524999618530273,24.53499984741211,9144
2026-10-01 10:27:00,1790864820,GME,24.53499984741211,24.53499984741211,24.530099868774414,24.53499984741211,2628
2026-10-01 10:28:00,1790864880,GME,24.530000686645508,24.530000686645508,24.469999313354492,24.469999313354492,30159
2026-10-01 10:29:00,1790864940,GME,24.46500015258789,24.475000381469727,24.420000076293945,24.459999084472656,65437
2026-10-01 10:30:00,1790865000,GME,24.450000762939453,24.46500015258789,24.434999465942383,24.44499969482422,12171
2026-10-01 10:31:00,1790865060,GME,24.44499969482422,24.44499969482422,24.420000076293945,24.43000030517578,7101
2026-10-01 10:32:00,1790865120,GME,24.43000030517578,24.44499969482422,24.43000030517578,24.440000534057617,15200
2026-10-01 10:33:00,1790865180,GME,24.459999084472656,24.479999542236328,24.450000762939453,24.450000762939453,8520
2026-10-01 10:34:00,1790865240,GME,24.450000762939453,24.450000762939453,24.43000030517578,24.440000534057617,5593
2026-10-01 10:35:00,1790865300,GME,24.440000534057617,24.440000534057617,24.420000076293945,24.434999465942383,6279
2026-10-01 10:36:00,1790865360,GME,24.43000030517578,24.459999084472656,24.420000076293945,24.454999923706055,16456
2026-10-01 10:37:00,1790865420,GME,24.46500015258789,24.469999313354492,24.44499969482422,24.44499969482422,4727
2026-10-01 10:38:00,1790865480,GME,24.440500259399414,24.448200225830078,24.434999465942383,24.447900772094727,5796
2026-10-01 10:39:00,1790865540,GME,24.447999954223633,24.46500015258789,24.447999954223633,24.454999923706055,6874
2026-10-01 10:40:00,1790865600,GME,24.454999923706055,24.459999084472656,24.43000030517578,24.434999465942383,22555
2026-10-01 10:41:00,1790865660,GME,24.434999465942383,24.440000534057617,24.415000915527344,24.440000534057617,14958
2026-10-01 10:42:00,1790865720,GME,24.459999084472656,24.485000610351562,24.450000762939453,24.475000381469727,5656
2026-10-01 10:43:00,1790865780,GME,24.475000381469727,24.4950008392334,24.475000381469727,24.485000610351562,5311
2026-10-01 10:44:00,1790865840,GME,24.4768009185791,24.53499984741211,24.4768009185791,24.53499984741211,22787
2026-10-01 10:45:00,1790865900,GME,24.53499984741211,24.579999923706055,24.514999389648438,24.579999923706055,25908
2026-10-01 10:46:00,1790865960,GME,24.575000762939453,24.575000762939453,24.520000457763672,24.53499984741211,16704
2026-10-01 10:47:00,1790866020,GME,24.53499984741211,24.540000915527344,24.520000457763672,24.530000686645508,7884
2026-10-01 10:48:00,1790866080,GME,24.524999618530273,24.545000076293945,24.524999618530273,24.530000686645508,5646
2026-10-01 10:49:00,1790866140,GME,24.530000686645508,24.559499740600586,24.530000686645508,24.549999237060547,6911
2026-10-01 10:50:00,1790866200,GME,24.54010009765625,24.584999084472656,24.54010009765625,24.584999084472656,5336
2026-10-01 10:51:00,1790866260,GME,24.584999084472656,24.594999313354492,24.55500030517578,24.55500030517578,11367
2026-10-01 10:52:00,1790866320,GME,24.549999237060547,24.549999237060547,24.52199935913086,24.530000686645508,19925
2026-10-01 10:53:00,1790866380,GME,24.524999618530273,24.53499984741211,24.520000457763672,24.524999618530273,7267
2026-10-01 10:54:00,1790866440,GME,24.530000686645508,24.530000686645508,24.510000228881836,24.514999389648438,13786
2026-10-01 10:55:00,1790866500,GME,24.520000457763672,24.524999618530273,24.502599716186523,24.5049991607666,14898
2026-10-01 10:56:00,1790866560,GME,24.509899139404297,24.509899139404297,24.46500015258789,24.46500015258789,24782
2026-10-01 10:57:00,1790866620,GME,24.469999313354492,24.475000381469727,24.43000030517578,24.454999923706055,34213
2026-10-01 10:58:00,1790866680,GME,24.459999084472656,24.5049991607666,24.434999465942383,24.469999313354492,29373
2026-10-01 10:59:00,1790866740,GME,24.475000381469727,24.475000381469727,24.459999084472656,24.47010040283203,7679
2026-10-01 11:00:00,1790866800,GME,24.479999542236328,24.5,24.479999542236328,24.485000610351562,3500
2026-10-01 11:01:00,1790866860,GME,24.479999542236328,24.485000610351562,24.469999313354492,24.475000381469727,4739
2026-10-01 11:02:00,1790866920,GME,24.475000381469727,24.479999542236328,24.454999923706055,24.459999084472656,5704
2026-10-01 11:03:00,1790866980,GME,24.454999923706055,24.475000381469727,24.454999923706055,24.459999084472656,8286
2026-10-01 11:04:00,1790867040,GME,24.46500015258789,24.499900817871094,24.459999084472656,24.459999084472656,4046
2026-10-01 11:05:00,1790867100,GME,24.46500015258789,24.4950008392334,24.46500015258789,24.485000610351562,9010
2026-10-01 11:06:00,1790867160,GME,24.479999542236328,24.479999542236328,24.459999084472656,24.46500015258789,7048
2026-10-01 11:07:00,1790867220,GME,24.469999313354492,24.469999313354492,24.454999923706055,24.46500015258789,6285
2026-10-01 11:08:00,1790867280,GME,24.46500015258789,24.46500015258789,24.420000076293945,24.420000076293945,13093
2026-10-01 11:09:00,1790867340,GME,24.420000076293945,24.42009925842285,24.344999313354492,24.350000381469727,46788
2026-10-01 11:10:00,1790867400,GME,24.350000381469727,24.354999542236328,24.31999969482422,24.325000762939453,14086
2026-10-01 11:11:00,1790867460,GME,24.313199996948242,24.315000534057617,24.270000457763672,24.297000885009766,50517
2026-10-01 11:12:00,1790867520,GME,24.280099868774414,24.315000534057617,24.280000686645508,24.30500030517578,16679
2026-10-01 11:13:00,1790867580,GME,24.309999465942383,24.350000381469727,24.309999465942383,24.334999084472656,10127
2026-10-01 11:14:00,1790867640,GME,24.34000015258789,24.350000381469727,24.309999465942383,24.315000534057617,7122
2026-10-01 11:15:00,1790867700,GME,24.325000762939453,24.325000762939453,24.270999908447266,24.29509925842285,22930
2026-10-01 11:16:00,1790867760,GME,24.291400909423828,24.310100555419922,24.28499984741211,24.30500030517578,9423
2026-10-01 11:17:00,1790867820,GME,24.315000534057617,24.329999923706055,24.30500030517578,24.31999969482422,6644
2026-10-01 11:18:00,1790867880,GME,24.325000762939453,24.344999313354492,24.315000534057617,24.325000762939453,24122
2026-10-01 11:19:00,1790867940,GME,24.315000534057617,24.329999923706055,24.309999465942383,24.324800491333008,5092
2026-10-01 11:20:00,1790868000,GME,24.325000762939453,24.34000015258789,24.325000762939453,24.329999923706055,4800
2026-10-01 11:21:00,1790868060,GME,24.34000015258789,24.350000381469727,24.34000015258789,24.344999313354492,10609
2026-10-01 11:22:00,1790868120,GME,24.34000015258789,24.350000381469727,24.334999084472656,24.350000381469727,10669
2026-10-01 11:23:00,1790868180,GME,24.34000015258789,24.344999313354492,24.329999923706055,24.344999313354492,5313
2026-10-01 11:24:00,1790868240,GME,24.344999313354492,24.354999542236328,24.329999923706055,24.329999923706055,5398
2026-10-01 11:25:00,1790868300,GME,24.31999969482422,24.325000762939453,24.313800811767578,24.325000762939453,6808
2026-10-01 11:26:00,1790868360,GME,24.325000762939453,24.389999389648438,24.325000762939453,24.370100021362305,13359
2026-10-01 11:27:00,1790868420,GME,24.3799991607666,24.385000228881836,24.3700008392334,24.3700008392334,19708
2026-10-01 11:28:00,1790868480,GME,24.375,24.399999618530273,24.3700008392334,24.3700008392334,35835
2026-10-01 11:29:00,1790868540,GME,24.364999771118164,24.36870002746582,24.350000381469727,24.364999771118164,7679
2026-10-01 11:30:00,1790868600,GME,24.364999771118164,24.364999771118164,24.344999313354492,24.350000381469727,13351
2026-10-01 11:31:00,1790868660,GME,24.343799591064453,24.343799591064453,24.310400009155273,24.33989906311035,12866
2026-10-01 11:32:00,1790868720,GME,24.334999084472656,24.334999084472656,24.33009910583496,24.334999084472656,4472
2026-10-01 11:33:00,1790868780,GME,24.334999084472656,24.334999084472656,24.315000534057617,24.325000762939453,7431
2026-10-01 11:34:00,1790868840,GME,24.326000213623047,24.364999771118164,24.326000213623047,24.350000381469727,5847
2026-10-01 11:35:00,1790868900,GME,24.344999313354492,24.360000610351562,24.344999313354492,24.360000610351562,4134
2026-10-01 11:36:00,1790868960,GME,24.349899291992188,24.349899291992188,24.329999923706055,24.344999313354492,3954
2026-10-01 11:37:00,1790869020,GME,24.344999313354492,24.375,24.344999313354492,24.375,5633
2026-10-01 11:38:00,1790869080,GME,24.375,24.389999389648438,24.3700008392334,24.385000228881836,7996
2026-10-01 11:39:00,1790869140,GME,24.385000228881836,24.420000076293945,24.385000228881836,24.40999984741211,7317
2026-10-01 11:40:00,1790869200,GME,24.405000686645508,24.416900634765625,24.405000686645508,24.415000915527344,10265
2026-10-01 11:41:00,1790869260,GME,24.415000915527344,24.434999465942383,24.40999984741211,24.420000076293945,10133
2026-10-01 11:42:00,1790869320,GME,24.420000076293945,24.434999465942383,24.415000915527344,24.43000030517578,6158
2026-10-01 11:43:00,1790869380,GME,24.43000030517578,24.440000534057617,24.395000457763672,24.395000457763672,11258
2026-10-01 11:44:00,1790869440,GME,24.389999389648438,24.40999984741211,24.375,24.40999984741211,6813
2026-10-01 11:45:00,1790869500,GME,24.405000686645508,24.406200408935547,24.399999618530273,24.399999618530273,4138
2026-10-01 11:46:00,1790869560,GME,24.395000457763672,24.399999618530273,24.364999771118164,24.364999771118164,7629
2026-10-01 11:47:00,1790869620,GME,24.360300064086914,24.3700008392334,24.350000381469727,24.361099243164062,9267
2026-10-01 11:48:00,1790869680,GME,24.3700008392334,24.375,24.360000610351562,24.364999771118164,15181
2026-10-01 11:49:00,1790869740,GME,24.364999771118164,24.364999771118164,24.350000381469727,24.354999542236328,5001
2026-10-01 11:50:00,1790869800,GME,24.354999542236328,24.366100311279297,24.354999542236328,24.364999771118164,7423
2026-10-01 11:51:00,1790869860,GME,24.360000610351562,24.36989974975586,24.354999542236328,24.364999771118164,4488
2026-10-01 11:52:00,1790869920,GME,24.364999771118164,24.3700008392334,24.360000610351562,24.360000610351562,8794
2026-10-01 11:53:00,1790869980,GME,24.3700008392334,24.395000457763672,24.3700008392334,24.389999389648438,7388
2026-10-01 11:54:00,1790870040,GME,24.399999618530273,24.420000076293945,24.395000457763672,24.399999618530273,6219
2026-10-01 11:55:00,1790870100,GME,24.399999618530273,24.399999618530273,24.39259910583496,24.395000457763672,3171
2026-10-01 11:56:00,1790870160,GME,24.399999618530273,24.424999237060547,24.399999618530273,24.424999237060547,13969
2026-10-01 11:57:00,1790870220,GME,24.420000076293945,24.420000076293945,24.405000686645508,24.415000915527344,5324
2026-10-01 11:58:00,1790870280,GME,24.420000076293945,24.428699493408203,24.415000915527344,24.415000915527344,5523
2026-10-01 11:59:00,1790870340,GME,24.415000915527344,24.420000076293945,24.40999984741211,24.420000076293945,3233
2026-10-01 12:00:00,1790870400,GME,24.415000915527344,24.420000076293945,24.405000686645508,24.419200897216797,5817
2026-10-01 12:01:00,1790870460,GME,24.41629981994629,24.420000076293945,24.415000915527344,24.420000076293945,4535
2026-10-01 12:02:00,1790870520,GME,24.415000915527344,24.434999465942383,24.415000915527344,24.434999465942383,5675
2026-10-01 12:03:00,1790870580,GME,24.43779945373535,24.43779945373535,24.400999069213867,24.405000686645508,6809
2026-10-01 12:04:00,1790870640,GME,24.405000686645508,24.415000915527344,24.399999618530273,24.405000686645508,3987
2026-10-01 12:05:00,1790870700,GME,24.399999618530273,24.405000686645508,24.377700805664062,24.3799991607666,13726
2026-10-01 12:06:00,1790870760,GME,24.3700008392334,24.3700008392334,24.344999313354492,24.350099563598633,16569
2026-10-01 12:07:00,1790870820,GME,24.354999542236328,24.360000610351562,24.34000015258789,24.340999603271484,15211
2026-10-01 12:08:00,1790870880,GME,24.344999313354492,24.375,24.344999313354492,24.354999542236328,10470
2026-10-01 12:09:00,1790870940,GME,24.350000381469727,24.354999542236328,24.34000015258789,24.34000015258789,4212
2026-10-01 12:10:00,1790871000,GME,24.350000381469727,24.360000610351562,24.350000381469727,24.354999542236328,10334
2026-10-01 12:11:00,1790871060,GME,24.350000381469727,24.350000381469727,24.31999969482422,24.33009910583496,9794
2026-10-01 12:12:00,1790871120,GME,24.33989906311035,24.33989906311035,24.31999969482422,24.31999969482422,3888
2026-10-01 12:13:00,1790871180,GME,24.327499389648438,24.334999084472656,24.315000534057617,24.325000762939453,9914
2026-10-01 12:14:00,1790871240,GME,24.31999969482422,24.329999923706055,24.309999465942383,24.315000534057617,6766
2026-10-01 12:15:00,1790871300,GME,24.319900512695312,24.319900512695312,24.309999465942383,24.316299438476562,7194
2026-10-01 12:16:00,1790871360,GME,24.315000534057617,24.315000534057617,24.2450008392334,24.2450008392334,24343
2026-10-01 12:17:00,1790871420,GME,24.2450008392334,24.260000228881836,24.2450008392334,24.260000228881836,15952
2026-10-01 12:18:00,1790871480,GME,24.260000228881836,24.274999618530273,24.260000228881836,24.264999389648438,11164
2026-10-01 12:19:00,1790871540,GME,24.261699676513672,24.270000457763672,24.25,24.2549991607666,15671
2026-10-01 12:20:00,1790871600,GME,24.25,24.270000457763672,24.25,24.270000457763672,8153
2026-10-01 12:21:00,1790871660,GME,24.274999618530273,24.274999618530273,24.25,24.250099182128906,5680
2026-10-01 12:22:00,1790871720,GME,24.2549991607666,24.260000228881836,24.239999771118164,24.260000228881836,9379
2026-10-01 12:23:00,1790871780,GME,24.2549991607666,24.270000457763672,24.250900268554688,24.264999389648438,6314
2026-10-01 12:24:00,1790871840,GME,24.270000457763672,24.274999618530273,24.26180076599121,24.270000457763672,8289
2026-10-01 12:25:00,1790871900,GME,24.26580047607422,24.299999237060547,24.2450008392334,24.299999237060547,14771
2026-10-01 12:26:00,1790871960,GME,24.30500030517578,24.30500030517578,24.264999389648438,24.264999389648438,6991
2026-10-01 12:27:00,1790872020,GME,24.260000228881836,24.264999389648438,24.252399444580078,24.2549991607666,6103
2026-10-01 12:28:00,1790872080,GME,24.2450008392334,24.2450008392334,24.209999084472656,24.225000381469727,17971
2026-10-01 12:29:00,1790872140,GME,24.219999313354492,24.219999313354492,24.200000762939453,24.21500015258789,23407
2026-10-01 12:30:00,1790872200,GME,24.21500015258789,24.225000381469727,24.204999923706055,24.225000381469727,7462
2026-10-01 12:31:00,1790872260,GME,24.226299285888672,24.229999542236328,24.209999084472656,24.229999542236328,10819
2026-10-01 12:32:00,1790872320,GME,24.239999771118164,24.260000228881836,24.239999771118164,24.2549991607666,3450
2026-10-01 12:33:00,1790872380,GME,24.25779914855957,24.264999389648438,24.25,24.260000228881836,5512
2026-10-01 12:34:00,1790872440,GME,24.2549991607666,24.264999389648438,24.25,24.264999389648438,4878
2026-10-01 12:35:00,1790872500,GME,24.261999130249023,24.354999542236328,24.260099411010742,24.354999542236328,23638
2026-10-01 12:36:00,1790872560,GME,24.350000381469727,24.354999542236328,24.31999969482422,24.329999923706055,31329
2026-10-01 12:37:00,1790872620,GME,24.334999084472656,24.350000381469727,24.31999969482422,24.344999313354492,22888
2026-10-01 12:38:00,1790872680,GME,24.340099334716797,24.34589958190918,24.31999969482422,24.329999923706055,7378
2026-10-01 12:39:00,1790872740,GME,24.334999084472656,24.360000610351562,24.334999084472656,24.344999313354492,3597
2026-10-01 12:40:00,1790872800,GME,24.344999313354492,24.344999313354492,24.33009910583496,24.334999084472656,2147
2026-10-01 12:41:00,1790872860,GME,24.334999084472656,24.34000015258789,24.315000534057617,24.315000534057617,12815
2026-10-01 12:42:00,1790872920,GME,24.310100555419922,24.329999923706055,24.310100555419922,24.325000762939453,5659
2026-10-01 12:43:00,1790872980,GME,24.325000762939453,24.34000015258789,24.325000762939453,24.325000762939453,6862
2026-10-01 12:44:00,1790873040,GME,24.31999969482422,24.31999969482422,24.300100326538086,24.309999465942383,8589
2026-10-01 12:45:00,1790873100,GME,24.315000534057617,24.315000534057617,24.299999237060547,24.299999237060547,3003
2026-10-01 12:46:00,1790873160,GME,24.30500030517578,24.309999465942383,24.295000076293945,24.30500030517578,5149
2026-10-01 12:47:00,1790873220,GME,24.30500030517578,24.309999465942383,24.28499984741211,24.28499984741211,5275
2026-10-01 12:48:00,1790873280,GME,24.28499984741211,24.307100296020508,24.281200408935547,24.299999237060547,15121
2026-10-01 12:49:00,1790873340,GME,24.295000076293945,24.299999237060547,24.280000686645508,24.295000076293945,4967
2026-10-01 12:50:00,1790873400,GME,24.295000076293945,24.295000076293945,24.28499984741211,24.28499984741211,7069
2026-10-01 12:51:00,1790873460,GME,24.28499984741211,24.28499984741211,24.264999389648438,24.280000686645508,14523
2026-10-01 12:52:00,1790873520,GME,24.274999618530273,24.280000686645508,24.274999618530273,24.274999618530273,2289
2026-10-01 12:53:00,1790873580,GME,24.274999618530273,24.277599334716797,24.270000457763672,24.270000457763672,3534
2026-10-01 12:54:00,1790873640,GME,24.264999389648438,24.264999389648438,24.204999923706055,24.20829963684082,17998
2026-10-01 12:55:00,1790873700,GME,24.204999923706055,24.264999389648438,24.200000762939453,24.235000610351562,22089
2026-10-01 12:56:00,1790873760,GME,24.229999542236328,24.270000457763672,24.219999313354492,24.264999389648438,20047
2026-10-01 12:57:00,1790873820,GME,24.264999389648438,24.290000915527344,24.264999389648438,24.28499984741211,3796
2026-10-01 12:58:00,1790873880,GME,24.290000915527344,24.29509925842285,24.290000915527344,24.29509925842285,3529
2026-10-01 12:59:00,1790873940,GME,24.299999237060547,24.299999237060547,24.264999389648438,24.264999389648438,7499
2026-10-01 13:00:00,1790874000,GME,24.264999389648438,24.290000915527344,24.264999389648438,24.264999389648438,11081
2026-10-01 13:01:00,1790874060,GME,24.264999389648438,24.290000915527344,24.2450008392334,24.28499984741211,18140
2026-10-01 13:02:00,1790874120,GME,24.290000915527344,24.31999969482422,24.290000915527344,24.31999969482422,4600
2026-10-01 13:03:00,1790874180,GME,24.309999465942383,24.315000534057617,24.30500030517578,24.30500030517578,1812
2026-10-01 13:04:00,1790874240,GME,24.303300857543945,24.31999969482422,24.303300857543945,24.315000534057617,11150
2026-10-01 13:05:00,1790874300,GME,24.315000534057617,24.31999969482422,24.314300537109375,24.315000534057617,4182
2026-10-01 13:06:00,1790874360,GME,24.309999465942383,24.31999969482422,24.29360008239746,24.299999237060547,15139
2026-10-01 13:07:00,1790874420,GME,24.30725860595703,24.309999465942383,24.299999237060547,24.309999465942383,4183
2026-10-01 13:08:00,1790874480,GME,24.30500030517578,24.34000015258789,24.30500030517578,24.325000762939453,7733
2026-10-01 13:09:00,1790874540,GME,24.315000534057617,24.325000762939453,24.315000534057617,24.325000762939453,1941
2026-10-01 13:10:00,1790874600,GME,24.32990074157715,24.34000015258789,24.31999969482422,24.34000015258789,2097
2026-10-01 13:11:00,1790874660,GME,24.344999313354492,24.360000610351562,24.344999313354492,24.34510040283203,16736
2026-10-01 13:12:00,1790874720,GME,24.344999313354492,24.350000381469727,24.334999084472656,24.334999084472656,7187
2026-10-01 13:13:00,1790874780,GME,24.34000015258789,24.3700008392334,24.34000015258789,24.364999771118164,6956
2026-10-01 13:14:00,1790874840,GME,24.3700008392334,24.375,24.360000610351562,24.375,9051
2026-10-01 13:15:00,1790874900,GME,24.375,24.395000457763672,24.364999771118164,24.395000457763672,6881
2026-10-01 13:16:00,1790874960,GME,24.395000457763672,24.395000457763672,24.384700775146484,24.385000228881836,3911
2026-10-01 13:17:00,1790875020,GME,24.383800506591797,24.385000228881836,24.3799991607666,24.385000228881836,3705
2026-10-01 13:18:00,1790875080,GME,24.3799991607666,24.385000228881836,24.3700008392334,24.385000228881836,8182
2026-10-01 13:19:00,1790875140,GME,24.385000228881836,24.399999618530273,24.385000228881836,24.395000457763672,5633
2026-10-01 13:20:00,1790875200,GME,24.399999618530273,24.420000076293945,24.399999618530273,24.415000915527344,8907
2026-10-01 13:21:00,1790875260,GME,24.41320037841797,24.41320037841797,24.40239906311035,24.405000686645508,6121
2026-10-01 13:22:00,1790875320,GME,24.40999984741211,24.40999984741211,24.399999618530273,24.40999984741211,3642
2026-10-01 13:23:00,1790875380,GME,24.415000915527344,24.415000915527344,24.375,24.375,5492
2026-10-01 13:24:00,1790875440,GME,24.375,24.3799991607666,24.375,24.375,4268
2026-10-01 13:25:00,1790875500,GME,24.3799991607666,24.399999618530273,24.3799991607666,24.399999618530273,11599
2026-10-01 13:26:00,1790875560,GME,24.399900436401367,24.399999618530273,24.3700008392334,24.3799991607666,9648
2026-10-01 13:27:00,1790875620,GME,24.3799991607666,24.385000228881836,24.3799991607666,24.385000228881836,3058
2026-10-01 13:28:00,1790875680,GME,24.385000228881836,24.399999618530273,24.385000228881836,24.395000457763672,7538
2026-10-01 13:29:00,1790875740,GME,24.395000457763672,24.405000686645508,24.389999389648438,24.389999389648438,8578
2026-10-01 13:30:00,1790875800,GME,24.399999618530273,24.424999237060547,24.395000457763672,24.395000457763672,29544
2026-10-01 13:31:00,1790875860,GME,24.399999618530273,24.405000686645508,24.389999389648438,24.405000686645508,7273
2026-10-01 13:32:00,1790875920,GME,24.405000686645508,24.405000686645508,24.3799991607666,24.3799991607666,3316
2026-10-01 13:33:00,1790875980,GME,24.3700008392334,24.3799991607666,24.363100051879883,24.364999771118164,8623
2026-10-01 13:34:00,1790876040,GME,24.36989974975586,24.36989974975586,24.34000015258789,24.344999313354492,15607
2026-10-01 13:35:00,1790876100,GME,24.344999313354492,24.350000381469727,24.31999969482422,24.31999969482422,6786
2026-10-01 13:36:00,1790876160,GME,24.321300506591797,24.344999313354492,24.309999465942383,24.344999313354492,8581
2026-10-01 13:37:00,1790876220,GME,24.34000015258789,24.344999313354492,24.34000015258789,24.344999313354492,4157
2026-10-01 13:38:00,1790876280,GME,24.344999313354492,24.344999313354492,24.329999923706055,24.329999923706055,5775
2026-10-01 13:39:00,1790876340,GME,24.34000015258789,24.34000015258789,24.329999923706055,24.334999084472656,1907
2026-10-01 13:40:00,1790876400,GME,24.329999923706055,24.344999313354492,24.30500030517578,24.315000534057617,20906
2026-10-01 13:41:00,1790876460,GME,24.315000534057617,24.317399978637695,24.309999465942383,24.309999465942383,4420
2026-10-01 13:42:00,1790876520,GME,24.309999465942383,24.309999465942383,24.299999237060547,24.30500030517578,11763
2026-10-01 13:43:00,1790876580,GME,24.30500030517578,24.309999465942383,24.299999237060547,24.30500030517578,6674
2026-10-01 13:44:00,1790876640,GME,24.30500030517578,24.31999969482422,24.219999313354492,24.2450008392334,78566
2026-10-01 13:45:00,1790876700,GME,24.2450008392334,24.258399963378906,24.229999542236328,24.2549991607666,12908
2026-10-01 13:46:00,1790876760,GME,24.2549991607666,24.295000076293945,24.25,24.28499984741211,8233
2026-10-01 13:47:00,1790876820,GME,24.28499984741211,24.29990005493164,24.280000686645508,24.28499984741211,5494
2026-10-01 13:48:00,1790876880,GME,24.28499984741211,24.28499984741211,24.260000228881836,24.264999389648438,6290
2026-10-01 13:49:00,1790876940,GME,24.264999389648438,24.264999389648438,24.260000228881836,24.264999389648438,5173
2026-10-01 13:50:00,1790877000,GME,24.260000228881836,24.270000457763672,24.25,24.2549991607666,5376
2026-10-01 13:51:00,1790877060,GME,24.249900817871094,24.2549991607666,24.2450008392334,24.2549991607666,4108
2026-10-01 13:52:00,1790877120,GME,24.25,24.259899139404297,24.239999771118164,24.25,3993
2026-10-01 13:53:00,1790877180,GME,24.2450008392334,24.2450008392334,24.209999084472656,24.21500015258789,10942
2026-10-01 13:54:00,1790877240,GME,24.21500015258789,24.239999771118164,24.209999084472656,24.225000381469727,24300
2026-10-01 13:55:00,1790877300,GME,24.229999542236328,24.239999771118164,24.219999313354492,24.239999771118164,5573
2026-10-01 13:56:00,1790877360,GME,24.235000610351562,24.239999771118164,24.229999542236328,24.229999542236328,4081
2026-10-01 13:57:00,1790877420,GME,24.235000610351562,24.25,24.230499267578125,24.2450008392334,8722
2026-10-01 13:58:00,1790877480,GME,24.25,24.260000228881836,24.25,24.252399444580078,5238
2026-10-01 13:59:00,1790877540,GME,24.2549991607666,24.2549991607666,24.239999771118164,24.2450008392334,9370
2026-10-01 14:00:00,1790877600,GME,24.25,24.274999618530273,24.25,24.274999618530273,13832
2026-10-01 14:01:00,1790877660,GME,24.274999618530273,24.275100708007812,24.270000457763672,24.274999618530273,2719
2026-10-01 14:02:00,1790877720,GME,24.274999618530273,24.274999618530273,24.270000457763672,24.274999618530273,4634
2026-10-01 14:03:00,1790877780,GME,24.274999618530273,24.287500381469727,24.270000457763672,24.274999618530273,13242
2026-10-01 14:04:00,1790877840,GME,24.274999618530273,24.28499984741211,24.262500762939453,24.262500762939453,6504
2026-10-01 14:05:00,1790877900,GME,24.264999389648438,24.264999389648438,24.2450008392334,24.2450008392334,9829
2026-10-01 14:06:00,1790877960,GME,24.235000610351562,24.235000610351562,24.219999313354492,24.22260093688965,6118
2026-10-01 14:07:00,1790878020,GME,24.22010040283203,24.229999542236328,24.219999313354492,24.225000381469727,9131
2026-10-01 14:08:00,1790878080,GME,24.225000381469727,24.229999542236328,24.21500015258789,24.21500015258789,5889
2026-10-01 14:09:00,1790878140,GME,24.21500015258789,24.219999313354492,24.209999084472656,24.209999084472656,2891
2026-10-01 14:10:00,1790878200,GME,24.21500015258789,24.239999771118164,24.21500015258789,24.21500015258789,11088
2026-10-01 14:11:00,1790878260,GME,24.21500015258789,24.21500015258789,24.20479965209961,24.209999084472656,6991
2026-10-01 14:12:00,1790878320,GME,24.21500015258789,24.235000610351562,24.209999084472656,24.229999542236328,12892
2026-10-01 14:13:00,1790878380,GME,24.229999542236328,24.239999771118164,24.225000381469727,24.239999771118164,7714
2026-10-01 14:14:00,1790878440,GME,24.239700317382812,24.239700317382812,24.225000381469727,24.225000381469727,105022
2026-10-01 14:15:00,1790878500,GME,24.229999542236328,24.309999465942383,24.229999542236328,24.308000564575195,47200
2026-10-01 14:16:00,1790878560,GME,24.30500030517578,24.34000015258789,24.299999237060547,24.30500030517578,24466
2026-10-01 14:17:00,1790878620,GME,24.309999465942383,24.315000534057617,24.299999237060547,24.315000534057617,6221
2026-10-01 14:18:00,1790878680,GME,24.31800079345703,24.334999084472656,24.309999465942383,24.325000762939453,11131
2026-10-01 14:19:00,1790878740,GME,24.334999084472656,24.354999542236328,24.33009910583496,24.33180046081543,7948
2026-10-01 14:20:00,1790878800,GME,24.329999923706055,24.334999084472656,24.31999969482422,24.329999923706055,8305
2026-10-01 14:21:00,1790878860,GME,24.334999084472656,24.34000015258789,24.329999923706055,24.329999923706055,1984
2026-10-01 14:22:00,1790878920,GME,24.320600509643555,24.320600509643555,24.309999465942383,24.310100555419922,5877
2026-10-01 14:23:00,1790878980,GME,24.315000534057617,24.334999084472656,24.315000534057617,24.334999084472656,14198
2026-10-01 14:24:00,1790879040,GME,24.336000442504883,24.354999542236328,24.336000442504883,24.34600067138672,8190
2026-10-01 14:25:00,1790879100,GME,24.334999084472656,24.344999313354492,24.334999084472656,24.344999313354492,3976
2026-10-01 14:26:00,1790879160,GME,24.350000381469727,24.360000610351562,24.344999313354492,24.350000381469727,9128
2026-10-01 14:27:00,1790879220,GME,24.350000381469727,24.3700008392334,24.344999313354492,24.364999771118164,11140
2026-10-01 14:28:00,1790879280,GME,24.360000610351562,24.364999771118164,24.344999313354492,24.344999313354492,8099
2026-10-01 14:29:00,1790879340,GME,24.344999313354492,24.34760093688965,24.340099334716797,24.34760093688965,2703
2026-10-01 14:30:00,1790879400,GME,24.344999313354492,24.344999313354492,24.329999923706055,24.329999923706055,3288
2026-10-01 14:31:00,1790879460,GME,24.329999923706055,24.354999542236328,24.31999969482422,24.350000381469727,16648
2026-10-01 14:32:00,1790879520,GME,24.347200393676758,24.364999771118164,24.347200393676758,24.364999771118164,9439
2026-10-01 14:33:00,1790879580,GME,24.366199493408203,24.3700008392334,24.360000610351562,24.365100860595703,3425
2026-10-01 14:34:00,1790879640,GME,24.364999771118164,24.375,24.354999542236328,24.370100021362305,10231
2026-10-01 14:35:00,1790879700,GME,24.375,24.375,24.360000610351562,24.364999771118164,6487
2026-10-01 14:36:00,1790879760,GME,24.364999771118164,24.3700008392334,24.350000381469727,24.364999771118164,4950
2026-10-01 14:37:00,1790879820,GME,24.364999771118164,24.37619972229004,24.364999771118164,24.375,9070
2026-10-01 14:38:00,1790879880,GME,24.375,24.395000457763672,24.3700008392334,24.389999389648438,9282
2026-10-01 14:39:00,1790879940,GME,24.389999389648438,24.399900436401367,24.385000228881836,24.385000228881836,11045
2026-10-01 14:40:00,1790880000,GME,24.383699417114258,24.395000457763672,24.3799991607666,24.395000457763672,16675
2026-10-01 14:41:00,1790880060,GME,24.399799346923828,24.399999618530273,24.389999389648438,24.389999389648438,15405
2026-10-01 14:42:00,1790880120,GME,24.395000457763672,24.399999618530273,24.389999389648438,24.395000457763672,5287
2026-10-01 14:43:00,1790880180,GME,24.390100479125977,24.395000457763672,24.389999389648438,24.395000457763672,2314
2026-10-01 14:44:00,1790880240,GME,24.395000457763672,24.399999618530273,24.389999389648438,24.395000457763672,3460
2026-10-01 14:45:00,1790880300,GME,24.395000457763672,24.395000457763672,24.329999923706055,24.354999542236328,28083
2026-10-01 14:46:00,1790880360,GME,24.354999542236328,24.354999542236328,24.329999923706055,24.334999084472656,5227
2026-10-01 14:47:00,1790880420,GME,24.334999084472656,24.344999313354492,24.299999237060547,24.315000534057617,26545
2026-10-01 14:48:00,1790880480,GME,24.316699981689453,24.329999923706055,24.309999465942383,24.325000762939453,7466
2026-10-01 14:49:00,1790880540,GME,24.325000762939453,24.334999084472656,24.325000762939453,24.334999084472656,2505
2026-10-01 14:50:00,1790880600,GME,24.334999084472656,24.334999084472656,24.305099487304688,24.315000534057617,12254
2026-10-01 14:51:00,1790880660,GME,24.309999465942383,24.309999465942383,24.295000076293945,24.30500030517578,7736
2026-10-01 14:52:00,1790880720,GME,24.299999237060547,24.30500030517578,24.299999237060547,24.30500030517578,3470
2026-10-01 14:53:00,1790880780,GME,24.30500030517578,24.309999465942383,24.299999237060547,24.299999237060547,4687
2026-10-01 14:54:00,1790880840,GME,24.30500030517578,24.334999084472656,24.30500030517578,24.325000762939453,13780
2026-10-01 14:55:00,1790880900,GME,24.325000762939453,24.325000762939453,24.272300720214844,24.274999618530273,20939
2026-10-01 14:56:00,1790880960,GME,24.270000457763672,24.274999618530273,24.235000610351562,24.235000610351562,17514
2026-10-01 14:57:00,1790881020,GME,24.229999542236328,24.239900588989258,24.219999313354492,24.235000610351562,26242
2026-10-01 14:58:00,1790881080,GME,24.235000610351562,24.235000610351562,24.209999084472656,24.219999313354492,12708
2026-10-01 14:59:00,1790881140,GME,24.21500015258789,24.235000610351562,24.209999084472656,24.225000381469727,10065
2026-10-01 15:00:00,1790881200,GME,24.225000381469727,24.229999542236328,24.204999923706055,24.21500015258789,19562
2026-10-01 15:01:00,1790881260,GME,24.216400146484375,24.219999313354492,24.184999465942383,24.184999465942383,23457
2026-10-01 15:02:00,1790881320,GME,24.18000030517578,24.1825008392334,24.079999923706055,24.079999923706055,212242
2026-10-01 15:03:00,1790881380,GME,24.079999923706055,24.110000610351562,23.985000610351562,24.014999389648438,130682
2026-10-01 15:04:00,1790881440,GME,24.010000228881836,24.059900283813477,24.0049991607666,24.049999237060547,23897
2026-10-01 15:05:00,1790881500,GME,24.040000915527344,24.040000915527344,24.0,24.014999389648438,18317
2026-10-01 15:06:00,1790881560,GME,24.014999389648438,24.040000915527344,24.0,24.024999618530273,44670
2026-10-01 15:07:00,1790881620,GME,24.024999618530273,24.045000076293945,24.01650047302246,24.045000076293945,21691
2026-10-01 15:08:00,1790881680,GME,24.049999237060547,24.110000610351562,24.049999237060547,24.104999542236328,26391
2026-10-01 15:09:00,1790881740,GME,24.104999542236328,24.135000228881836,24.104999542236328,24.135000228881836,22856
2026-10-01 15:10:00,1790881800,GME,24.135000228881836,24.15999984741211,24.135000228881836,24.155000686645508,13488
2026-10-01 15:11:00,1790881860,GME,24.155000686645508,24.155000686645508,24.139999389648438,24.155000686645508,15565
2026-10-01 15:12:00,1790881920,GME,24.149999618530273,24.20599937438965,24.139999389648438,24.20599937438965,12729
2026-10-01 15:13:00,1790881980,GME,24.204999923706055,24.270000457763672,24.200000762939453,24.264999389648438,16172
2026-10-01 15:14:00,1790882040,GME,24.260000228881836,24.28890037536621,24.239999771118164,24.260000228881836,36921
2026-10-01 15:15:00,1790882100,GME,24.264999389648438,24.270000457763672,24.229999542236328,24.247800827026367,14864
2026-10-01 15:16:00,1790882160,GME,24.248600006103516,24.264999389648438,24.239999771118164,24.259899139404297,13939
2026-10-01 15:17:00,1790882220,GME,24.2549991607666,24.270000457763672,24.244300842285156,24.244300842285156,9133
2026-10-01 15:18:00,1790882280,GME,24.2450008392334,24.274999618530273,24.2450008392334,24.274999618530273,10022
2026-10-01 15:19:00,1790882340,GME,24.274999618530273,24.360000610351562,24.274999618530273,24.354999542236328,68873
2026-10-01 15:20:00,1790882400,GME,24.344999313354492,24.344999313354492,24.305099487304688,24.305099487304688,21282
2026-10-01 15:21:00,1790882460,GME,24.290000915527344,24.29789924621582,24.28499984741211,24.295000076293945,16901
2026-10-01 15:22:00,1790882520,GME,24.290000915527344,24.290000915527344,24.262100219726562,24.274999618530273,29795
2026-10-01 15:23:00,1790882580,GME,24.27989959716797,24.280000686645508,24.274999618530273,24.274999618530273,2578
2026-10-01 15:24:00,1790882640,GME,24.274999618530273,24.275100708007812,24.25,24.264999389648438,21073
2026-10-01 15:25:00,1790882700,GME,24.264999389648438,24.34000015258789,24.260000228881836,24.334999084472656,28049
2026-10-01 15:26:00,1790882760,GME,24.330799102783203,24.330799102783203,24.315000534057617,24.325000762939453,9900
2026-10-01 15:27:00,1790882820,GME,24.325000762939453,24.334999084472656,24.315000534057617,24.325000762939453,16046
2026-10-01 15:28:00,1790882880,GME,24.325000762939453,24.344999313354492,24.325000762939453,24.334999084472656,9191
2026-10-01 15:29:00,1790882940,GME,24.334999084472656,24.334999084472656,24.290000915527344,24.295000076293945,14639
2026-10-01 15:30:00,1790883000,GME,24.298200607299805,24.315000534057617,24.2450008392334,24.2549991607666,15939
2026-10-01 15:31:00,1790883060,GME,24.2549991607666,24.274999618530273,24.2549991607666,24.264999389648438,9265
2026-10-01 15:32:00,1790883120,GME,24.264999389648438,24.274999618530273,24.225000381469727,24.235000610351562,22788
2026-10-01 15:33:00,1790883180,GME,24.235000610351562,24.25,24.184999465942383,24.235000610351562,60411
2026-10-01 15:34:00,1790883240,GME,24.235000610351562,24.235000610351562,24.21500015258789,24.225000381469727,9522
2026-10-01 15:35:00,1790883300,GME,24.225000381469727,24.229999542236328,24.21500015258789,24.225000381469727,24810
2026-10-01 15:36:00,1790883360,GME,24.219999313354492,24.225400924682617,24.204999923706055,24.225000381469727,7974
2026-10-01 15:37:00,1790883420,GME,24.225000381469727,24.225000381469727,24.212200164794922,24.21500015258789,7610
2026-10-01 15:38:00,1790883480,GME,24.21500015258789,24.270000457763672,24.21500015258789,24.2549991607666,12435
2026-10-01 15:39:00,1790883540,GME,24.2549991607666,24.274999618530273,24.2450008392334,24.274999618530273,11955
2026-10-01 15:40:00,1790883600,GME,24.280000686645508,24.299999237060547,24.274999618530273,24.295000076293945,14415
2026-10-01 15:41:00,1790883660,GME,24.299999237060547,24.315000534057617,24.295000076293945,24.30500030517578,16017
2026-10-01 15:42:00,1790883720,GME,24.30500030517578,24.315000534057617,24.290000915527344,24.290000915527344,13910
2026-10-01 15:43:00,1790883780,GME,24.28499984741211,24.28499984741211,24.260000228881836,24.270000457763672,16347
2026-10-01 15:44:00,1790883840,GME,24.264999389648438,24.270000457763672,24.225000381469727,24.225000381469727,23484
2026-10-01 15:45:00,1790883900,GME,24.225000381469727,24.2450008392334,24.19499969482422,24.19499969482422,47810
2026-10-01 15:46:00,1790883960,GME,24.200000762939453,24.2549991607666,24.200000762939453,24.243099212646484,33112
2026-10-01 15:47:00,1790884020,GME,24.2450008392334,24.2450008392334,24.193099975585938,24.204999923706055,35058
2026-10-01 15:48:00,1790884080,GME,24.20009994506836,24.209999084472656,24.19499969482422,24.19499969482422,22489
2026-10-01 15:49:00,1790884140,GME,24.190000534057617,24.225000381469727,24.15999984741211,24.15999984741211,19886
2026-10-01 15:50:00,1790884200,GME,24.170000076293945,24.190000534057617,24.149999618530273,24.184999465942383,32017
2026-10-01 15:51:00,1790884260,GME,24.184999465942383,24.19499969482422,24.184999465942383,24.184999465942383,19745
2026-10-01 15:52:00,1790884320,GME,24.190000534057617,24.190000534057617,24.170000076293945,24.174999237060547,20965
2026-10-01 15:53:00,1790884380,GME,24.172700881958008,24.174999237060547,24.149999618530273,24.155000686645508,25859
2026-10-01 15:54:00,1790884440,GME,24.149999618530273,24.15570068359375,24.135000228881836,24.145000457763672,32671
2026-10-01 15:55:00,1790884500,GME,24.145000457763672,24.145000457763672,24.110000610351562,24.114999771118164,30527
2026-10-01 15:56:00,1790884560,GME,24.114999771118164,24.1200008392334,24.084999084472656,24.114999771118164,57992
2026-10-01 15:57:00,1790884620,GME,24.112699508666992,24.145000457763672,24.100000381469727,24.114999771118164,64238
2026-10-01 15:58:00,1790884680,GME,24.114999771118164,24.145000457763672,24.100000381469727,24.135000228881836,94877
2026-10-01 15:59:00,1790884740,GME,24.135000228881836,24.149999618530273,24.100000381469727,24.100000381469727,138822
2026-10-01 16:00:00,1790884800,GME,24.110000610351562,24.110000610351562,24.110000610351562,24.110000610351562,0
2026-10-02 09:30:00,1790947800,GME,24.200000762939453,24.350000381469727,24.145000457763672,24.260000228881836,221711
2026-10-02 09:31:00,1790947860,GME,24.260000228881836,24.309999465942383,24.229999542236328,24.25,12471
2026-10-02 09:32:00,1790947920,GME,24.209999084472656,24.291500091552734,24.209999084472656,24.25,20928
2026-10-02 09:33:00,1790947980,GME,24.2450008392334,24.329999923706055,24.229999542236328,24.301000595092773,11272
2026-10-02 09:34:00,1790948040,GME,24.299999237060547,24.399999618530273,24.299999237060547,24.395000457763672,27103
2026-10-02 09:35:00,1790948100,GME,24.399900436401367,24.440000534057617,24.368099212646484,24.399999618530273,75378
2026-10-02 09:36:00,1790948160,GME,24.399999618530273,24.434999465942383,24.391799926757812,24.40999984741211,18395
2026-10-02 09:37:00,1790948220,GME,24.420000076293945,24.420000076293945,24.3700008392334,24.385000228881836,12824
2026-10-02 09:38:00,1790948280,GME,24.3799991607666,24.416000366210938,24.33839988708496,24.350000381469727,37841
2026-10-02 09:39:00,1790948340,GME,24.350000381469727,24.440000534057617,24.31999969482422,24.420000076293945,10960
2026-10-02 09:40:00,1790948400,GME,24.420000076293945,24.459999084472656,24.360000610351562,24.360000610351562,45217
2026-10-02 09:41:00,1790948460,GME,24.360000610351562,24.393999099731445,24.350000381469727,24.375,37885
2026-10-02 09:42:00,1790948520,GME,24.385000228881836,24.4060001373291,24.360000610351562,24.4060001373291,11037
2026-10-02 09:43:00,1790948580,GME,24.399999618530273,24.450000762939453,24.395000457763672,24.420000076293945,15357
2026-10-02 09:44:00,1790948640,GME,24.422500610351562,24.43000030517578,24.399999618530273,24.40999984741211,28473
2026-10-02 09:45:00,1790948700,GME,24.40999984741211,24.469999313354492,24.389999389648438,24.395000457763672,61987
2026-10-02 09:46:00,1790948760,GME,24.389999389648438,24.451000213623047,24.3700008392334,24.450000762939453,22241
2026-10-02 09:47:00,1790948820,GME,24.450000762939453,24.463199615478516,24.43000030517578,24.463199615478516,17921
2026-10-02 09:48:00,1790948880,GME,24.459999084472656,24.465999603271484,24.3700008392334,24.399999618530273,19559
2026-10-02 09:49:00,1790948940,GME,24.40999984741211,24.420000076293945,24.383699417114258,24.383699417114258,11148
2026-10-02 09:50:00,1790949000,GME,24.375,24.420000076293945,24.375,24.400999069213867,13546
2026-10-02 09:51:00,1790949060,GME,24.399999618530273,24.40999984741211,24.3700008392334,24.389999389648438,13796
2026-10-02 09:52:00,1790949120,GME,24.395000457763672,24.4060001373291,24.3799991607666,24.389999389648438,9263
2026-10-02 09:53:00,1790949180,GME,24.3799991607666,24.3799991607666,24.329999923706055,24.360000610351562,12872
2026-10-02 09:54:00,1790949240,GME,24.360000610351562,24.3799991607666,24.360000610351562,24.3700008392334,6816
2026-10-02 09:55:00,1790949300,GME,24.360000610351562,24.399999618530273,24.360000610351562,24.395000457763672,10187
2026-10-02 09:56:00,1790949360,GME,24.395000457763672,24.40999984741211,24.36520004272461,24.367399215698242,11939
2026-10-02 09:57:00,1790949420,GME,24.3799991607666,24.40999984741211,24.36009979248047,24.399999618530273,18725
2026-10-02 09:58:00,1790949480,GME,24.395000457763672,24.395000457763672,24.350000381469727,24.360000610351562,24814
2026-10-02 09:59:00,1790949540,GME,24.36870002746582,24.399999618530273,24.36870002746582,24.399999618530273,3416
2026-10-02 10:00:00,1790949600,GME,24.381000518798828,24.389999389648438,24.321500778198242,24.3799991607666,18146
2026-10-02 10:01:00,1790949660,GME,24.3799991607666,24.3799991607666,24.329999923706055,24.34000015258789,8097
2026-10-02 10:02:00,1790949720,GME,24.34000015258789,24.360000610351562,24.329999923706055,24.344999313354492,22066
2026-10-02 10:03:00,1790949780,GME,24.350000381469727,24.350000381469727,24.21500015258789,24.228900909423828,56990
2026-10-02 10:04:00,1790949840,GME,24.229999542236328,24.274999618530273,24.229999542236328,24.274999618530273,20629
2026-10-02 10:05:00,1790949900,GME,24.270099639892578,24.299999237060547,24.2549991607666,24.290000915527344,15093
2026-10-02 10:06:00,1790949960,GME,24.280000686645508,24.280000686645508,24.190000534057617,24.190000534057617,18518
2026-10-02 10:07:00,1790950020,GME,24.19499969482422,24.209999084472656,24.18000030517578,24.18000030517578,18185
2026-10-02 10:08:00,1790950080,GME,24.18000030517578,24.204999923706055,24.18000030517578,24.19499969482422,19494
2026-10-02 10:09:00,1790950140,GME,24.19499969482422,24.19499969482422,24.079999923706055,24.079999923706055,53995
2026-10-02 10:10:00,1790950200,GME,24.079999923706055,24.100000381469727,24.079999923706055,24.079999923706055,29279
2026-10-02 10:11:00,1790950260,GME,24.079999923706055,24.079999923706055,24.0,24.014999389648438,51832
2026-10-02 10:12:00,1790950320,GME,24.010000228881836,24.019100189208984,23.940000534057617,23.950000762939453,80440
2026-10-02 10:13:00,1790950380,GME,23.950000762939453,23.975000381469727,23.934999465942383,23.966100692749023,22183
2026-10-02 10:14:00,1790950440,GME,23.969999313354492,23.989999771118164,23.96500015258789,23.96500015258789,22125
2026-10-02 10:15:00,1790950500,GME,23.969999313354492,23.969999313354492,23.899999618530273,23.915000915527344,40604
2026-10-02 10:16:00,1790950560,GME,23.91990089416504,23.920000076293945,23.8799991607666,23.900999069213867,31624
2026-10-02 10:17:00,1790950620,GME,23.90999984741211,23.915000915527344,23.8799991607666,23.895000457763672,15123
2026-10-02 10:18:00,1790950680,GME,23.89780044555664,23.909900665283203,23.875,23.885000228881836,21214
2026-10-02 10:19:00,1790950740,GME,23.885000228881836,23.940000534057617,23.8799991607666,23.940000534057617,18503
2026-10-02 10:20:00,1790950800,GME,23.93000030517578,23.940000534057617,23.905000686645508,23.920000076293945,29338
2026-10-02 10:21:00,1790950860,GME,23.915000915527344,23.979999542236328,23.915000915527344,23.979900360107422,12553
2026-10-02 10:22:00,1790950920,GME,23.975000381469727,24.0,23.96500015258789,23.969999313354492,26327
2026-10-02 10:23:00,1790950980,GME,23.969999313354492,24.003700256347656,23.96500015258789,23.996599197387695,7498
2026-10-02 10:24:00,1790951040,GME,23.9950008392334,23.9950008392334,23.979999542236328,23.985000610351562,5579
2026-10-02 10:25:00,1790951100,GME,23.985000610351562,23.985300064086914,23.954999923706055,23.96500015258789,12855
2026-10-02 10:26:00,1790951160,GME,23.959999084472656,24.0,23.934999465942383,23.985000610351562,23883
2026-10-02 10:27:00,1790951220,GME,23.985000610351562,24.020000457763672,23.985000610351562,23.9950008392334,24763
2026-10-02 10:28:00,1790951280,GME,23.9950008392334,24.00749969482422,23.9950008392334,24.00749969482422,9670
2026-10-02 10:29:00,1790951340,GME,24.0049991607666,24.040000915527344,24.0049991607666,24.03499984741211,24171
2026-10-02 10:30:00,1790951400,GME,24.03499984741211,24.05500030517578,24.0,24.0,28043
2026-10-02 10:31:00,1790951460,GME,24.010000228881836,24.09000015258789,24.0,24.075000762939453,50425
2026-10-02 10:32:00,1790951520,GME,24.075000762939453,24.094999313354492,24.040000915527344,24.08009910583496,24181
2026-10-02 10:33:00,1790951580,GME,24.079999923706055,24.084999084472656,24.065000534057617,24.065000534057617,9433
2026-10-02 10:34:00,1790951640,GME,24.065000534057617,24.100000381469727,24.059999465942383,24.09000015258789,10070
2026-10-02 10:35:00,1790951700,GME,24.09000015258789,24.117799758911133,24.06999969482422,24.112199783325195,24962
2026-10-02 10:36:00,1790951760,GME,24.114999771118164,24.125,24.094999313354492,24.100000381469727,24800
2026-10-02 10:37:00,1790951820,GME,24.104999542236328,24.1299991607666,24.079999923706055,24.08989906311035,26179
2026-10-02 10:38:00,1790951880,GME,24.09000015258789,24.110000610351562,24.09000015258789,24.104999542236328,6939
2026-10-02 10:39:00,1790951940,GME,24.100000381469727,24.100000381469727,24.084999084472656,24.09000015258789,4458
2026-10-02 10:40:00,1790952000,GME,24.094999313354492,24.114999771118164,24.09000015258789,24.114999771118164,7158
2026-10-02 10:41:00,1790952060,GME,24.115100860595703,24.139999389648438,24.112499237060547,24.139999389648438,4898
2026-10-02 10:42:00,1790952120,GME,24.145000457763672,24.145000457763672,24.114999771118164,24.114999771118164,6678
2026-10-02 10:43:00,1790952180,GME,24.110000610351562,24.110000610351562,24.084999084472656,24.100000381469727,8903
2026-10-02 10:44:00,1790952240,GME,24.094999313354492,24.114999771118164,24.094999313354492,24.114999771118164,12943
2026-10-02 10:45:00,1790952300,GME,24.11989974975586,24.1200008392334,24.114999771118164,24.114999771118164,2690
2026-10-02 10:46:00,1790952360,GME,24.114999771118164,24.15999984741211,24.110300064086914,24.155000686645508,22556
2026-10-02 10:47:00,1790952420,GME,24.155000686645508,24.15999984741211,24.145000457763672,24.145000457763672,7293
2026-10-02 10:48:00,1790952480,GME,24.145000457763672,24.155000686645508,24.1299991607666,24.135000228881836,5861
2026-10-02 10:49:00,1790952540,GME,24.1299991607666,24.1299991607666,24.094999313354492,24.107999801635742,7127
2026-10-02 10:50:00,1790952600,GME,24.100000381469727,24.1200008392334,24.094999313354492,24.114999771118164,18314
2026-10-02 10:51:00,1790952660,GME,24.110000610351562,24.110000610351562,24.084999084472656,24.084999084472656,2470
2026-10-02 10:52:00,1790952720,GME,24.084999084472656,24.094999313354492,24.065000534057617,24.079999923706055,10235
2026-10-02 10:53:00,1790952780,GME,24.084999084472656,24.09000015258789,24.065000534057617,24.065000534057617,5620
2026-10-02 10:54:00,1790952840,GME,24.065000534057617,24.06999969482422,24.05500030517578,24.05500030517578,8435
2026-10-02 10:55:00,1790952900,GME,24.049999237060547,24.05500030517578,24.040000915527344,24.05500030517578,21030
2026-10-02 10:56:00,1790952960,GME,24.049999237060547,24.05500030517578,24.030000686645508,24.05500030517578,9639
2026-10-02 10:57:00,1790953020,GME,24.049999237060547,24.075000762939453,24.049999237060547,24.065000534057617,17386
2026-10-02 10:58:00,1790953080,GME,24.059999465942383,24.100000381469727,24.059999465942383,24.069900512695312,12503
2026-10-02 10:59:00,1790953140,GME,24.065000534057617,24.0674991607666,24.045000076293945,24.045000076293945,7591
2026-10-02 11:00:00,1790953200,GME,24.040000915527344,24.05500030517578,24.040000915527344,24.045000076293945,10768
2026-10-02 11:01:00,1790953260,GME,24.040000915527344,24.040000915527344,24.030000686645508,24.036399841308594,4425
2026-10-02 11:02:00,1790953320,GME,24.03499984741211,24.045000076293945,24.020000457763672,24.04010009765625,14276
2026-10-02 11:03:00,1790953380,GME,24.045000076293945,24.046300888061523,24.045000076293945,24.045000076293945,1501
2026-10-02 11:04:00,1790953440,GME,24.045000076293945,24.049999237060547,24.040000915527344,24.045000076293945,5192
2026-10-02 11:05:00,1790953500,GME,24.049999237060547,24.084999084472656,24.049999237060547,24.055999755859375,10112
2026-10-02 11:06:00,1790953560,GME,24.049999237060547,24.059999465942383,24.045000076293945,24.05500030517578,11775
2026-10-02 11:07:00,1790953620,GME,24.05500030517578,24.065000534057617,24.04990005493164,24.05500030517578,11531
2026-10-02 11:08:00,1790953680,GME,24.05500030517578,24.1299991607666,24.05500030517578,24.1200008392334,29143
2026-10-02 11:09:00,1790953740,GME,24.1200008392334,24.145000457763672,24.1200008392334,24.125,17649
2026-10-02 11:10:00,1790953800,GME,24.125,24.149999618530273,24.125,24.145000457763672,9687
2026-10-02 11:11:00,1790953860,GME,24.140300750732422,24.145000457763672,24.135000228881836,24.14229965209961,12009
2026-10-02 11:12:00,1790953920,GME,24.148700714111328,24.149900436401367,24.104999542236328,24.104999542236328,31350
2026-10-02 11:13:00,1790953980,GME,24.110000610351562,24.145000457763672,24.104999542236328,24.139999389648438,11135
2026-10-02 11:14:00,1790954040,GME,24.139999389648438,24.145000457763672,24.135000228881836,24.139999389648438,6233
2026-10-02 11:15:00,1790954100,GME,24.139999389648438,24.149999618530273,24.1299991607666,24.14069938659668,7044
2026-10-02 11:16:00,1790954160,GME,24.139999389648438,24.14539909362793,24.139999389648438,24.14539909362793,4206
2026-10-02 11:17:00,1790954220,GME,24.145000457763672,24.155000686645508,24.1299991607666,24.1299991607666,18544
2026-10-02 11:18:00,1790954280,GME,24.1299991607666,24.165000915527344,24.1299991607666,24.145000457763672,9903
2026-10-02 11:19:00,1790954340,GME,24.149999618530273,24.155000686645508,24.149999618530273,24.149999618530273,4854
2026-10-02 11:20:00,1790954400,GME,24.149999618530273,24.19499969482422,24.149999618530273,24.19499969482422,13023
2026-10-02 11:21:00,1790954460,GME,24.19499969482422,24.200000762939453,24.155000686645508,24.155000686645508,9926
2026-10-02 11:22:00,1790954520,GME,24.15679931640625,24.170000076293945,24.155000686645508,24.170000076293945,5926
2026-10-02 11:23:00,1790954580,GME,24.167999267578125,24.184999465942383,24.162099838256836,24.184999465942383,9426
2026-10-02 11:24:00,1790954640,GME,24.184999465942383,24.184999465942383,24.1299991607666,24.1299991607666,30566
2026-10-02 11:25:00,1790954700,GME,24.1200008392334,24.125,24.1200008392334,24.125,3330
2026-10-02 11:26:00,1790954760,GME,24.125,24.15999984741211,24.110000610351562,24.15999984741211,26070
2026-10-02 11:27:00,1790954820,GME,24.155000686645508,24.189899444580078,24.150299072265625,24.184999465942383,5937
2026-10-02 11:28:00,1790954880,GME,24.190000534057617,24.199899673461914,24.18000030517578,24.184999465942383,8658
2026-10-02 11:29:00,1790954940,GME,24.184999465942383,24.190000534057617,24.170000076293945,24.190000534057617,5250
2026-10-02 11:30:00,1790955000,GME,24.184999465942383,24.200000762939453,24.184999465942383,24.191699981689453,7551
2026-10-02 11:31:00,1790955060,GME,24.19499969482422,24.229999542236328,24.190000534057617,24.21500015258789,14177
2026-10-02 11:32:00,1790955120,GME,24.219999313354492,24.235000610351562,24.21780014038086,24.21780014038086,5697
2026-10-02 11:33:00,1790955180,GME,24.21500015258789,24.25,24.210100173950195,24.2450008392334,4232
2026-10-02 11:34:00,1790955240,GME,24.2450008392334,24.264999389648438,24.240100860595703,24.264999389648438,10968
2026-10-02 11:35:00,1790955300,GME,24.270000457763672,24.280000686645508,24.2549991607666,24.274999618530273,6564
2026-10-02 11:36:00,1790955360,GME,24.27739906311035,24.299999237060547,24.274999618530273,24.28499984741211,11027
2026-10-02 11:37:00,1790955420,GME,24.28499984741211,24.299999237060547,24.260000228881836,24.28499984741211,9113
2026-10-02 11:38:00,1790955480,GME,24.270200729370117,24.290000915527344,24.270000457763672,24.28809928894043,4829
2026-10-02 11:39:00,1790955540,GME,24.289899826049805,24.299999237060547,24.28499984741211,24.290000915527344,4979
2026-10-02 11:40:00,1790955600,GME,24.298599243164062,24.298599243164062,24.270000457763672,24.280000686645508,11225
2026-10-02 11:41:00,1790955660,GME,24.272300720214844,24.280000686645508,24.240999221801758,24.2450008392334,15827
2026-10-02 11:42:00,1790955720,GME,24.25,24.295000076293945,24.25,24.295000076293945,38444
2026-10-02 11:43:00,1790955780,GME,24.299999237060547,24.30500030517578,24.280000686645508,24.280000686645508,17823
2026-10-02 11:44:00,1790955840,GME,24.280000686645508,24.344999313354492,24.280000686645508,24.334999084472656,16105
2026-10-02 11:45:00,1790955900,GME,24.34000015258789,24.344999313354492,24.329999923706055,24.34000015258789,13426
2026-10-02 11:46:00,1790955960,GME,24.34000015258789,24.350000381469727,24.329999923706055,24.344999313354492,7015
2026-10-02 11:47:00,1790956020,GME,24.350000381469727,24.350000381469727,24.325000762939453,24.325000762939453,11063
2026-10-02 11:48:00,1790956080,GME,24.325000762939453,24.326900482177734,24.31999969482422,24.325000762939453,2107
2026-10-02 11:49:00,1790956140,GME,24.325000762939453,24.334999084472656,24.311199188232422,24.312299728393555,8272
2026-10-02 11:50:00,1790956200,GME,24.311899185180664,24.329999923706055,24.30500030517578,24.30500030517578,12178
2026-10-02 11:51:00,1790956260,GME,24.30500030517578,24.326400756835938,24.30500030517578,24.326400756835938,6311
2026-10-02 11:52:00,1790956320,GME,24.32990074157715,24.344999313354492,24.32990074157715,24.334999084472656,6248
2026-10-02 11:53:00,1790956380,GME,24.334999084472656,24.34000015258789,24.325000762939453,24.325000762939453,3223
2026-10-02 11:54:00,1790956440,GME,24.325000762939453,24.329999923706055,24.315000534057617,24.31999969482422,6620
2026-10-02 11:55:00,1790956500,GME,24.312000274658203,24.31999969482422,24.309999465942383,24.315000534057617,3511
2026-10-02 11:56:00,1790956560,GME,24.309999465942383,24.334999084472656,24.309999465942383,24.334999084472656,5115
2026-10-02 11:57:00,1790956620,GME,24.329999923706055,24.344999313354492,24.320100784301758,24.344999313354492,4197
2026-10-02 11:58:00,1790956680,GME,24.334999084472656,24.334999084472656,24.333099365234375,24.334999084472656,5267
2026-10-02 11:59:00,1790956740,GME,24.334999084472656,24.360000610351562,24.334999084472656,24.360000610351562,10532
2026-10-02 12:00:00,1790956800,GME,24.360000610351562,24.364999771118164,24.350000381469727,24.3528995513916,12617
2026-10-02 12:01:00,1790956860,GME,24.354999542236328,24.405000686645508,24.354999542236328,24.3799991607666,16720
2026-10-02 12:02:00,1790956920,GME,24.385000228881836,24.38990020751953,24.364999771118164,24.364999771118164,16805
2026-10-02 12:03:00,1790956980,GME,24.364999771118164,24.364999771118164,24.341800689697266,24.354999542236328,5788
2026-10-02 12:04:00,1790957040,GME,24.350000381469727,24.375,24.350000381469727,24.375,71030
2026-10-02 12:05:00,1790957100,GME,24.375,24.385000228881836,24.375,24.385000228881836,7291
2026-10-02 12:06:00,1790957160,GME,24.385000228881836,24.405000686645508,24.385000228881836,24.395000457763672,17268
2026-10-02 12:07:00,1790957220,GME,24.395000457763672,24.434999465942383,24.385000228881836,24.434999465942383,19710
2026-10-02 12:08:00,1790957280,GME,24.434999465942383,24.44499969482422,24.420000076293945,24.420000076293945,12885
2026-10-02 12:09:00,1790957340,GME,24.424999237060547,24.424999237060547,24.399999618530273,24.399999618530273,14255
2026-10-02 12:10:00,1790957400,GME,24.389999389648438,24.395000457763672,24.3799991607666,24.389999389648438,4694
2026-10-02 12:11:00,1790957460,GME,24.399999618530273,24.399999618530273,24.3799991607666,24.3799991607666,11297
2026-10-02 12:12:00,1790957520,GME,24.3799991607666,24.385000228881836,24.375,24.381799697875977,7594
2026-10-02 12:13:00,1790957580,GME,24.3799991607666,24.399999618530273,24.3799991607666,24.399999618530273,3570
2026-10-02 12:14:00,1790957640,GME,24.40999984741211,24.40999984741211,24.405000686645508,24.406999588012695,4188
2026-10-02 12:15:00,1790957700,GME,24.399999618530273,24.399999618530273,24.34000015258789,24.34309959411621,18088
2026-10-02 12:16:00,1790957760,GME,24.344999313354492,24.354999542236328,24.329999923706055,24.354999542236328,19497
2026-10-02 12:17:00,1790957820,GME,24.350000381469727,24.395000457763672,24.350000381469727,24.38249969482422,8615
2026-10-02 12:18:00,1790957880,GME,24.389999389648438,24.389999389648438,24.375,24.385000228881836,4440
2026-10-02 12:19:00,1790957940,GME,24.3799991607666,24.385099411010742,24.3799991607666,24.385000228881836,1770
2026-10-02 12:20:00,1790958000,GME,24.385000228881836,24.395999908447266,24.385000228881836,24.385000228881836,5899
2026-10-02 12:21:00,1790958060,GME,24.389999389648438,24.420000076293945,24.389999389648438,24.420000076293945,13452
2026-10-02 12:22:00,1790958120,GME,24.43000030517578,24.434999465942383,24.405000686645508,24.405000686645508,19528
2026-10-02 12:23:00,1790958180,GME,24.405000686645508,24.405000686645508,24.395000457763672,24.399999618530273,7846
2026-10-02 12:24:00,1790958240,GME,24.389999389648438,24.395000457763672,24.389999389648438,24.389999389648438,2240
2026-10-02 12:25:00,1790958300,GME,24.385000228881836,24.389999389648438,24.375,24.375,4705
2026-10-02 12:26:00,1790958360,GME,24.372400283813477,24.385000228881836,24.360000610351562,24.360000610351562,5541
2026-10-02 12:27:00,1790958420,GME,24.350000381469727,24.360000610351562,24.334999084472656,24.354999542236328,12972
2026-10-02 12:28:00,1790958480,GME,24.358200073242188,24.360000610351562,24.344999313354492,24.350000381469727,4147
2026-10-02 12:29:00,1790958540,GME,24.344999313354492,24.350000381469727,24.334999084472656,24.334999084472656,5266
2026-10-02 12:30:00,1790958600,GME,24.33009910583496,24.350000381469727,24.33009910583496,24.343299865722656,5591
2026-10-02 12:31:00,1790958660,GME,24.350000381469727,24.354999542236328,24.350000381469727,24.350000381469727,3648
2026-10-02 12:32:00,1790958720,GME,24.344999313354492,24.344999313354492,24.334999084472656,24.34000015258789,4930
2026-10-02 12:33:00,1790958780,GME,24.350000381469727,24.360000610351562,24.350000381469727,24.350099563598633,5350
2026-10-02 12:34:00,1790958840,GME,24.360000610351562,24.3799991607666,24.360000610351562,24.360000610351562,2763
2026-10-02 12:35:00,1790958900,GME,24.36669921875,24.375,24.364999771118164,24.375,3383
2026-10-02 12:37:00,1790959020,GME,24.360300064086914,24.364999771118164,24.354999542236328,24.364999771118164,4910
2026-10-02 12:38:00,1790959080,GME,24.364999771118164,24.36989974975586,24.364999771118164,24.364999771118164,1141
2026-10-02 12:39:00,1790959140,GME,24.3700008392334,24.385000228881836,24.3700008392334,24.385000228881836,3236
2026-10-02 12:40:00,1790959200,GME,24.385000228881836,24.38800048828125,24.375,24.375,5222
2026-10-02 12:41:00,1790959260,GME,24.370100021362305,24.370100021362305,24.364999771118164,24.364999771118164,2922
2026-10-02 12:42:00,1790959320,GME,24.364999771118164,24.368600845336914,24.360000610351562,24.364999771118164,3730
2026-10-02 12:43:00,1790959380,GME,24.364999771118164,24.364999771118164,24.364999771118164,24.364999771118164,2009
2026-10-02 12:44:00,1790959440,GME,24.36520004272461,24.3700008392334,24.364999771118164,24.3700008392334,2112
2026-10-02 12:45:00,1790959500,GME,24.364999771118164,24.36750030517578,24.364999771118164,24.36750030517578,1045
2026-10-02 12:46:00,1790959560,GME,24.364999771118164,24.364999771118164,24.360000610351562,24.364999771118164,995
2026-10-02 12:47:00,1790959620,GME,24.36009979248047,24.389999389648438,24.354999542236328,24.375,44585
2026-10-02 12:48:00,1790959680,GME,24.375,24.385000228881836,24.375,24.385000228881836,2916
2026-10-02 12:49:00,1790959740,GME,24.385000228881836,24.39539909362793,24.385000228881836,24.385000228881836,3705
2026-10-02 12:50:00,1790959800,GME,24.389999389648438,24.399999618530273,24.389999389648438,24.395000457763672,9943
2026-10-02 12:51:00,1790959860,GME,24.399999618530273,24.399999618530273,24.3799991607666,24.395000457763672,12601
2026-10-02 12:52:00,1790959920,GME,24.395000457763672,24.409299850463867,24.385000228881836,24.405000686645508,5250
2026-10-02 12:53:00,1790959980,GME,24.399999618530273,24.40999984741211,24.395000457763672,24.405000686645508,5832
2026-10-02 12:54:00,1790960040,GME,24.399999618530273,24.40999984741211,24.399999618530273,24.405000686645508,1093
2026-10-02 12:55:00,1790960100,GME,24.40999984741211,24.40999984741211,24.395000457763672,24.395000457763672,1901
2026-10-02 12:56:00,1790960160,GME,24.395000457763672,24.405000686645508,24.39109992980957,24.405000686645508,3558
2026-10-02 12:57:00,1790960220,GME,24.405000686645508,24.405000686645508,24.399999618530273,24.405000686645508,1236
2026-10-02 12:58:00,1790960280,GME,24.405000686645508,24.40730094909668,24.375,24.3799991607666,3751
2026-10-02 12:59:00,1790960340,GME,24.378999710083008,24.399999618530273,24.364999771118164,24.389999389648438,30886
2026-10-02 13:00:00,1790960400,GME,24.385000228881836,24.415000915527344,24.3799991607666,24.415000915527344,6116
2026-10-02 13:01:00,1790960460,GME,24.415000915527344,24.424999237060547,24.41029930114746,24.41029930114746,8024
2026-10-02 13:02:00,1790960520,GME,24.420000076293945,24.424999237060547,24.415000915527344,24.420000076293945,6045
2026-10-02 13:03:00,1790960580,GME,24.43000030517578,24.440000534057617,24.415000915527344,24.43000030517578,9921
2026-10-02 13:04:00,1790960640,GME,24.43000030517578,24.43000030517578,24.41010093688965,24.415000915527344,6297
2026-10-02 13:05:00,1790960700,GME,24.415000915527344,24.415000915527344,24.412200927734375,24.415000915527344,2905
2026-10-02 13:06:00,1790960760,GME,24.417600631713867,24.43000030517578,24.415000915527344,24.424999237060547,3165
2026-10-02 13:07:00,1790960820,GME,24.424999237060547,24.43000030517578,24.40999984741211,24.415000915527344,5834
2026-10-02 13:08:00,1790960880,GME,24.41950035095215,24.434999465942383,24.41950035095215,24.424999237060547,26781
2026-10-02 13:09:00,1790960940,GME,24.424999237060547,24.44499969482422,24.424999237060547,24.44499969482422,10417
2026-10-02 13:10:00,1790961000,GME,24.440000534057617,24.454999923706055,24.434999465942383,24.454999923706055,11863
2026-10-02 13:11:00,1790961060,GME,24.450000762939453,24.454999923706055,24.44499969482422,24.44499969482422,2242
2026-10-02 13:12:00,1790961120,GME,24.44499969482422,24.459999084472656,24.440000534057617,24.448200225830078,4604
2026-10-02 13:13:00,1790961180,GME,24.450000762939453,24.454999923706055,24.44499969482422,24.454999923706055,7128
2026-10-02 13:14:00,1790961240,GME,24.459999084472656,24.540000915527344,24.440000534057617,24.514999389648438,66150
2026-10-02 13:15:00,1790961300,GME,24.519899368286133,24.545000076293945,24.510000228881836,24.520000457763672,33665
2026-10-02 13:16:00,1790961360,GME,24.519899368286133,24.649999618530273,24.510000228881836,24.59000015258789,45855
2026-10-02 13:17:00,1790961420,GME,24.584999084472656,24.649999618530273,24.584999084472656,24.604999542236328,53115
2026-10-02 13:18:00,1790961480,GME,24.610000610351562,24.610000610351562,24.549999237060547,24.575000762939453,23229
2026-10-02 13:19:00,1790961540,GME,24.579999923706055,24.59000015258789,24.575000762939453,24.58690071105957,19230
2026-10-02 13:20:00,1790961600,GME,24.579999923706055,24.579999923706055,24.55500030517578,24.55500030517578,27431
2026-10-02 13:21:00,1790961660,GME,24.55500030517578,24.55500030517578,24.469999313354492,24.485000610351562,35973
2026-10-02 13:22:00,1790961720,GME,24.485000610351562,24.498699188232422,24.479999542236328,24.4950008392334,9594
2026-10-02 13:23:00,1790961780,GME,24.489999771118164,24.4950008392334,24.440000534057617,24.440000534057617,12691
2026-10-02 13:24:00,1790961840,GME,24.440000534057617,24.454999923706055,24.440000534057617,24.454999923706055,7781
2026-10-02 13:25:00,1790961900,GME,24.454999923706055,24.459999084472656,24.43000030517578,24.434999465942383,25291
2026-10-02 13:26:00,1790961960,GME,24.434999465942383,24.440000534057617,24.40999984741211,24.415000915527344,10476
2026-10-02 13:27:00,1790962020,GME,24.415000915527344,24.420000076293945,24.40999984741211,24.40999984741211,6835
2026-10-02 13:28:00,1790962080,GME,24.415000915527344,24.415000915527344,24.405000686645508,24.405000686645508,10722
2026-10-02 13:29:00,1790962140,GME,24.407800674438477,24.407800674438477,24.40250015258789,24.405000686645508,5389
2026-10-02 13:30:00,1790962200,GME,24.399999618530273,24.459999084472656,24.399999618530273,24.459999084472656,20978
2026-10-02 13:31:00,1790962260,GME,24.44499969482422,24.475000381469727,24.44499969482422,24.475000381469727,12115
2026-10-02 13:32:00,1790962320,GME,24.475000381469727,24.485000610351562,24.469999313354492,24.485000610351562,10374
2026-10-02 13:33:00,1790962380,GME,24.489999771118164,24.489999771118164,24.48240089416504,24.485000610351562,6264
2026-10-02 13:34:00,1790962440,GME,24.489999771118164,24.489999771118164,24.450000762939453,24.450000762939453,5077
2026-10-02 13:35:00,1790962500,GME,24.454999923706055,24.45509910583496,24.420000076293945,24.435100555419922,12364
2026-10-02 13:36:00,1790962560,GME,24.43000030517578,24.434999465942383,24.420000076293945,24.424999237060547,5386
2026-10-02 13:37:00,1790962620,GME,24.43000030517578,24.450000762939453,24.42970085144043,24.43000030517578,18892
2026-10-02 13:38:00,1790962680,GME,24.43000030517578,24.43000030517578,24.420000076293945,24.424999237060547,3164
2026-10-02 13:39:00,1790962740,GME,24.421899795532227,24.43000030517578,24.415000915527344,24.41510009765625,10738
2026-10-02 13:40:00,1790962800,GME,24.415000915527344,24.459999084472656,24.415000915527344,24.454999923706055,8805
2026-10-02 13:41:00,1790962860,GME,24.45989990234375,24.459999084472656,24.450000762939453,24.454999923706055,7454
2026-10-02 13:42:00,1790962920,GME,24.450000762939453,24.46500015258789,24.450000762939453,24.46500015258789,2676
2026-10-02 13:43:00,1790962980,GME,24.46500015258789,24.489900588989258,24.46500015258789,24.489900588989258,6931
2026-10-02 13:44:00,1790963040,GME,24.485000610351562,24.5,24.469999313354492,24.485000610351562,23107
2026-10-02 13:45:00,1790963100,GME,24.485000610351562,24.4950008392334,24.481199264526367,24.485000610351562,6619
2026-10-02 13:46:00,1790963160,GME,24.485000610351562,24.489999771118164,24.485000610351562,24.485000610351562,4717
2026-10-02 13:47:00,1790963220,GME,24.485000610351562,24.489999771118164,24.450000762939453,24.485000610351562,17302
2026-10-02 13:48:00,1790963280,GME,24.485000610351562,24.514999389648438,24.479999542236328,24.514999389648438,9189
2026-10-02 13:49:00,1790963340,GME,24.514999389648438,24.540000915527344,24.514999389648438,24.530000686645508,30275
2026-10-02 13:50:00,1790963400,GME,24.52790069580078,24.548200607299805,24.514999389648438,24.532699584960938,9937
2026-10-02 13:51:00,1790963460,GME,24.540000915527344,24.540000915527344,24.524999618530273,24.52989959716797,19617
2026-10-02 13:52:00,1790963520,GME,24.520099639892578,24.524999618530273,24.520000457763672,24.520000457763672,11733
2026-10-02 13:53:00,1790963580,GME,24.517000198364258,24.517000198364258,24.469999313354492,24.469999313354492,7877
2026-10-02 13:54:00,1790963640,GME,24.46500015258789,24.46500015258789,24.459999084472656,24.46500015258789,7653
2026-10-02 13:55:00,1790963700,GME,24.469999313354492,24.469999313354492,24.40999984741211,24.40999984741211,255284
2026-10-02 13:56:00,1790963760,GME,24.40999984741211,24.40999984741211,24.395000457763672,24.405000686645508,5993
2026-10-02 13:57:00,1790963820,GME,24.405000686645508,24.41710090637207,24.402299880981445,24.415000915527344,3278
2026-10-02 13:58:00,1790963880,GME,24.420000076293945,24.440000534057617,24.420000076293945,24.434999465942383,11467
2026-10-02 13:59:00,1790963940,GME,24.434999465942383,24.434999465942383,24.420000076293945,24.424999237060547,5107
2026-10-02 14:00:00,1790964000,GME,24.43000030517578,24.434999465942383,24.43000030517578,24.43000030517578,4299
2026-10-02 14:01:00,1790964060,GME,24.434999465942383,24.434999465942383,24.415000915527344,24.415000915527344,5779
2026-10-02 14:02:00,1790964120,GME,24.41990089416504,24.440000534057617,24.41990089416504,24.440000534057617,9423
2026-10-02 14:03:00,1790964180,GME,24.434999465942383,24.45509910583496,24.40999984741211,24.415000915527344,19220
2026-10-02 14:04:00,1790964240,GME,24.420000076293945,24.44499969482422,24.420000076293945,24.44499969482422,3753
2026-10-02 14:05:00,1790964300,GME,24.440000534057617,24.459999084472656,24.440000534057617,24.454999923706055,8456
2026-10-02 14:06:00,1790964360,GME,24.459999084472656,24.469999313354492,24.454999923706055,24.454999923706055,5197
2026-10-02 14:07:00,1790964420,GME,24.459999084472656,24.469999313354492,24.44499969482422,24.44499969482422,9181
2026-10-02 14:08:00,1790964480,GME,24.44499969482422,24.44499969482422,24.43000030517578,24.434999465942383,7868
2026-10-02 14:09:00,1790964540,GME,24.434999465942383,24.44499969482422,24.434999465942383,24.44499969482422,3565
2026-10-02 14:10:00,1790964600,GME,24.44499969482422,24.454999923706055,24.44499969482422,24.454999923706055,2081
2026-10-02 14:11:00,1790964660,GME,24.450000762939453,24.469999313354492,24.450000762939453,24.469999313354492,10664
2026-10-02 14:12:00,1790964720,GME,24.479999542236328,24.479999542236328,24.475000381469727,24.479999542236328,1615
2026-10-02 14:13:00,1790964780,GME,24.475000381469727,24.479999542236328,24.475000381469727,24.475000381469727,4333
2026-10-02 14:14:00,1790964840,GME,24.475000381469727,24.4950008392334,24.469999313354492,24.485000610351562,11347
2026-10-02 14:15:00,1790964900,GME,24.479999542236328,24.479999542236328,24.475000381469727,24.479900360107422,4791
2026-10-02 14:16:00,1790964960,GME,24.475000381469727,24.489999771118164,24.475000381469727,24.485000610351562,3140
2026-10-02 14:17:00,1790965020,GME,24.489999771118164,24.489999771118164,24.451400756835938,24.454999923706055,9537
2026-10-02 14:18:00,1790965080,GME,24.454999923706055,24.454999923706055,24.424999237060547,24.43000030517578,11324
2026-10-02 14:19:00,1790965140,GME,24.424999237060547,24.424999237060547,24.420000076293945,24.420000076293945,4692
2026-10-02 14:20:00,1790965200,GME,24.420000076293945,24.420000076293945,24.415000915527344,24.415000915527344,2734
2026-10-02 14:21:00,1790965260,GME,24.415000915527344,24.434999465942383,24.415000915527344,24.420000076293945,10467
2026-10-02 14:22:00,1790965320,GME,24.420000076293945,24.43000030517578,24.395000457763672,24.405000686645508,15556
2026-10-02 14:23:00,1790965380,GME,24.399999618530273,24.399999618530273,24.375,24.375,13988
2026-10-02 14:24:00,1790965440,GME,24.375,24.389999389648438,24.364999771118164,24.3700008392334,117900
2026-10-02 14:25:00,1790965500,GME,24.3700008392334,24.399999618530273,24.360000610351562,24.395000457763672,19211
2026-10-02 14:26:00,1790965560,GME,24.389999389648438,24.389999389648438,24.38010025024414,24.385000228881836,2342
2026-10-02 14:27:00,1790965620,GME,24.385000228881836,24.38990020751953,24.3799991607666,24.385000228881836,7504
2026-10-02 14:28:00,1790965680,GME,24.385000228881836,24.389999389648438,24.38010025024414,24.385000228881836,4143
2026-10-02 14:29:00,1790965740,GME,24.385000228881836,24.415000915527344,24.385000228881836,24.405000686645508,10114
2026-10-02 14:30:00,1790965800,GME,24.399999618530273,24.399999618530273,24.395000457763672,24.395000457763672,6387
2026-10-02 14:31:00,1790965860,GME,24.395000457763672,24.395000457763672,24.3799991607666,24.3799991607666,5016
2026-10-02 14:32:00,1790965920,GME,24.375,24.375,24.3700008392334,24.375,4949
2026-10-02 14:33:00,1790965980,GME,24.375,24.405000686645508,24.375,24.405000686645508,11440
2026-10-02 14:34:00,1790966040,GME,24.40760040283203,24.434999465942383,24.399999618530273,24.424999237060547,26048
2026-10-02 14:35:00,1790966100,GME,24.420000076293945,24.420000076293945,24.405000686645508,24.405000686645508,5658
2026-10-02 14:36:00,1790966160,GME,24.40999984741211,24.415000915527344,24.40999984741211,24.415000915527344,2256
2026-10-02 14:37:00,1790966220,GME,24.420000076293945,24.434999465942383,24.420000076293945,24.426700592041016,7395
2026-10-02 14:38:00,1790966280,GME,24.43000030517578,24.43000030517578,24.40999984741211,24.415000915527344,10099
2026-10-02 14:39:00,1790966340,GME,24.40999984741211,24.40999984741211,24.399999618530273,24.399999618530273,4126
2026-10-02 14:40:00,1790966400,GME,24.395000457763672,24.40999984741211,24.389999389648438,24.405000686645508,12490
2026-10-02 14:41:00,1790966460,GME,24.40999984741211,24.420000076293945,24.40999984741211,24.415000915527344,3045
2026-10-02 14:42:00,1790966520,GME,24.415000915527344,24.415000915527344,24.405000686645508,24.405000686645508,2640
2026-10-02 14:43:00,1790966580,GME,24.405000686645508,24.40999984741211,24.389999389648438,24.40999984741211,18452
2026-10-02 14:44:00,1790966640,GME,24.40999984741211,24.424999237060547,24.399999618530273,24.424999237060547,4363
2026-10-02 14:45:00,1790966700,GME,24.424999237060547,24.440000534057617,24.424999237060547,24.434999465942383,4439
2026-10-02 14:46:00,1790966760,GME,24.434999465942383,24.440000534057617,24.434999465942383,24.440000534057617,3681
2026-10-02 14:47:00,1790966820,GME,24.440000534057617,24.459999084472656,24.435699462890625,24.44499969482422,10086
2026-10-02 14:48:00,1790966880,GME,24.44499969482422,24.450000762939453,24.44379997253418,24.44499969482422,7602
2026-10-02 14:49:00,1790966940,GME,24.44499969482422,24.454999923706055,24.44499969482422,24.450000762939453,6520
2026-10-02 14:50:00,1790967000,GME,24.44499969482422,24.450000762939453,24.424999237060547,24.434999465942383,10831
2026-10-02 14:51:00,1790967060,GME,24.440000534057617,24.440000534057617,24.43000030517578,24.434999465942383,6727
2026-10-02 14:52:00,1790967120,GME,24.43000030517578,24.43000030517578,24.424999237060547,24.424999237060547,4280
2026-10-02 14:53:00,1790967180,GME,24.424999237060547,24.434999465942383,24.31999969482422,24.3700008392334,502798
2026-10-02 14:54:00,1790967240,GME,24.364999771118164,24.367700576782227,24.34000015258789,24.340099334716797,11165
2026-10-02 14:55:00,1790967300,GME,24.344999313354492,24.364999771118164,24.34000015258789,24.344999313354492,16329
2026-10-02 14:56:00,1790967360,GME,24.34469985961914,24.344999313354492,24.309999465942383,24.315000534057617,46894
2026-10-02 14:57:00,1790967420,GME,24.315000534057617,24.315000534057617,24.270000457763672,24.28499984741211,24925
2026-10-02 14:58:00,1790967480,GME,24.28499984741211,24.315000534057617,24.274999618530273,24.309999465942383,23240
2026-10-02 14:59:00,1790967540,GME,24.319900512695312,24.31999969482422,24.305099487304688,24.305099487304688,563610
2026-10-02 15:00:00,1790967600,GME,24.30500030517578,24.364999771118164,24.299999237060547,24.354999542236328,552716
2026-10-02 15:01:00,1790967660,GME,24.354999542236328,24.354999542236328,24.31999969482422,24.329999923706055,19522
2026-10-02 15:02:00,1790967720,GME,24.33449935913086,24.350000381469727,24.325000762939453,24.325000762939453,6470
2026-10-02 15:03:00,1790967780,GME,24.327499389648438,24.359899520874023,24.325000762939453,24.347999572753906,29859
2026-10-02 15:04:00,1790967840,GME,24.350000381469727,24.350000381469727,24.299999237060547,24.299999237060547,16868
2026-10-02 15:05:00,1790967900,GME,24.295000076293945,24.315000534057617,24.295000076293945,24.30500030517578,16190
2026-10-02 15:06:00,1790967960,GME,24.304000854492188,24.309999465942383,24.290000915527344,24.290000915527344,19416
2026-10-02 15:07:00,1790968020,GME,24.280000686645508,24.280000686645508,24.260000228881836,24.260000228881836,48222
2026-10-02 15:08:00,1790968080,GME,24.264999389648438,24.270000457763672,24.25029945373535,24.264999389648438,18546
2026-10-02 15:09:00,1790968140,GME,24.264999389648438,24.31999969482422,24.264999389648438,24.28499984741211,19027
2026-10-02 15:10:00,1790968200,GME,24.280099868774414,24.290000915527344,24.273000717163086,24.280000686645508,10867
2026-10-02 15:11:00,1790968260,GME,24.280000686645508,24.329999923706055,24.274999618530273,24.322099685668945,13594
2026-10-02 15:12:00,1790968320,GME,24.325000762939453,24.3799991607666,24.325000762939453,24.375,70541
2026-10-02 15:13:00,1790968380,GME,24.37380027770996,24.399999618530273,24.37380027770996,24.38680076599121,18598
2026-10-02 15:14:00,1790968440,GME,24.389999389648438,24.405000686645508,24.385000228881836,24.405000686645508,7411
2026-10-02 15:15:00,1790968500,GME,24.399999618530273,24.420000076293945,24.395000457763672,24.415000915527344,7281
2026-10-02 15:16:00,1790968560,GME,24.415000915527344,24.415000915527344,24.395000457763672,24.405000686645508,13302
2026-10-02 15:17:00,1790968620,GME,24.40290069580078,24.40999984741211,24.40290069580078,24.405000686645508,1258
2026-10-02 15:18:00,1790968680,GME,24.405000686645508,24.43000030517578,24.389999389648438,24.43000030517578,14285
2026-10-02 15:19:00,1790968740,GME,24.43000030517578,24.43000030517578,24.420000076293945,24.424999237060547,14748
2026-10-02 15:20:00,1790968800,GME,24.422300338745117,24.450000762939453,24.42009925842285,24.434999465942383,22105
2026-10-02 15:21:00,1790968860,GME,24.434999465942383,24.439899444580078,24.395000457763672,24.395000457763672,8749
2026-10-02 15:22:00,1790968920,GME,24.395000457763672,24.408199310302734,24.395000457763672,24.408199310302734,16669
2026-10-02 15:23:00,1790968980,GME,24.405000686645508,24.415000915527344,24.389999389648438,24.395000457763672,5538
2026-10-02 15:24:00,1790969040,GME,24.395000457763672,24.415000915527344,24.3799991607666,24.3799991607666,19823
2026-10-02 15:25:00,1790969100,GME,24.375,24.395000457763672,24.3700008392334,24.395000457763672,12669
2026-10-02 15:26:00,1790969160,GME,24.395000457763672,24.399999618530273,24.389999389648438,24.395000457763672,5249
2026-10-02 15:27:00,1790969220,GME,24.389999389648438,24.395000457763672,24.3799991607666,24.395000457763672,8293
2026-10-02 15:28:00,1790969280,GME,24.389999389648438,24.395000457763672,24.385000228881836,24.388999938964844,14059
2026-10-02 15:29:00,1790969340,GME,24.385000228881836,24.434999465942383,24.375,24.43000030517578,28825
2026-10-02 15:30:00,1790969400,GME,24.43000030517578,24.450000762939453,24.375,24.405000686645508,65664
2026-10-02 15:31:00,1790969460,GME,24.405000686645508,24.405000686645508,24.3799991607666,24.385000228881836,18313
2026-10-02 15:32:00,1790969520,GME,24.3799991607666,24.405000686645508,24.362899780273438,24.405000686645508,36926
2026-10-02 15:33:00,1790969580,GME,24.405000686645508,24.459999084472656,24.405000686645508,24.459999084472656,18367
2026-10-02 15:34:00,1790969640,GME,24.45199966430664,24.454999923706055,24.440000534057617,24.454999923706055,14508
2026-10-02 15:35:00,1790969700,GME,24.459999084472656,24.549999237060547,24.459999084472656,24.545000076293945,52357
2026-10-02 15:36:00,1790969760,GME,24.545000076293945,24.559999465942383,24.530099868774414,24.530099868774414,26759
2026-10-02 15:37:00,1790969820,GME,24.530000686645508,24.53499984741211,24.520000457763672,24.524999618530273,21670
2026-10-02 15:38:00,1790969880,GME,24.524999618530273,24.54509925842285,24.524999618530273,24.53499984741211,13664
2026-10-02 15:39:00,1790969940,GME,24.53499984741211,24.540000915527344,24.527999877929688,24.540000915527344,23451
2026-10-02 15:40:00,1790970000,GME,24.53499984741211,24.539899826049805,24.524999618530273,24.524999618530273,9537
2026-10-02 15:41:00,1790970060,GME,24.524999618530273,24.645000457763672,24.524999618530273,24.614999771118164,115718
2026-10-02 15:42:00,1790970120,GME,24.614999771118164,24.614999771118164,24.55500030517578,24.584999084472656,73101
2026-10-02 15:43:00,1790970180,GME,24.579999923706055,24.639999389648438,24.575000762939453,24.600000381469727,33644
2026-10-02 15:44:00,1790970240,GME,24.604999542236328,24.604999542236328,24.579999923706055,24.594999313354492,44049
2026-10-02 15:45:00,1790970300,GME,24.600000381469727,24.6200008392334,24.59000015258789,24.59000015258789,25966
2026-10-02 15:46:00,1790970360,GME,24.59000015258789,24.600000381469727,24.579999923706055,24.592500686645508,27680
2026-10-02 15:47:00,1790970420,GME,24.594999313354492,24.600000381469727,24.565000534057617,24.579999923706055,22798
2026-10-02 15:48:00,1790970480,GME,24.584999084472656,24.607500076293945,24.575000762939453,24.604999542236328,19487
2026-10-02 15:49:00,1790970540,GME,24.600000381469727,24.610000610351562,24.579999923706055,24.58009910583496,58325
2026-10-02 15:50:00,1790970600,GME,24.584999084472656,24.635000228881836,24.56999969482422,24.620100021362305,70746
2026-10-02 15:51:00,1790970660,GME,24.6299991607666,24.65999984741211,24.6299991607666,24.635000228881836,46726
2026-10-02 15:52:00,1790970720,GME,24.635000228881836,24.635000228881836,24.59000015258789,24.614999771118164,34797
2026-10-02 15:53:00,1790970780,GME,24.6200008392334,24.6299991607666,24.600000381469727,24.610000610351562,42339
2026-10-02 15:54:00,1790970840,GME,24.604999542236328,24.6200008392334,24.594999313354492,24.600000381469727,33397
2026-10-02 15:55:00,1790970900,GME,24.594999313354492,24.674999237060547,24.594999313354492,24.674999237060547,73078
2026-10-02 15:56:00,1790970960,GME,24.68000030517578,24.69499969482422,24.673099517822266,24.674999237060547,44806
2026-10-02 15:57:00,1790971020,GME,24.68000030517578,24.68000030517578,24.6200008392334,24.635000228881836,84765
2026-10-02 15:58:00,1790971080,GME,24.635000228881836,24.68000030517578,24.6299991607666,24.662200927734375,171024
2026-10-02 15:59:00,1790971140,GME,24.670000076293945,24.700000762939453,24.65999984741211,24.700000762939453,252627
2026-10-02 16:00:00,1790971200,GME,24.700000762939453,24.700000762939453,24.700000762939453,24.700000762939453,0
2026-10-05 09:30:00,1791207000,GME,24.969999313354492,24.969999313354492,24.770000457763672,24.81920051574707,612584
2026-10-05 09:31:00,1791207060,GME,24.770000457763672,24.940000534057617,24.770000457763672,24.895000457763672,50854
2026-10-05 09:32:00,1791207120,GME,24.895000457763672,24.98040008544922,24.895000457763672,24.959999084472656,41684
2026-10-05 09:33:00,1791207180,GME,24.954999923706055,24.959999084472656,24.8799991607666,24.950000762939453,24355
2026-10-05 09:34:00,1791207240,GME,24.959999084472656,25.218000411987305,24.959999084472656,25.218000411987305,99262
2026-10-05 09:35:00,1791207300,GME,25.190000534057617,25.239999771118164,25.110000610351562,25.1299991607666,40749
2026-10-05 09:36:00,1791207360,GME,25.100000381469727,25.149999618530273,25.100000381469727,25.1200008392334,28812
2026-10-05 09:37:00,1791207420,GME,25.110000610351562,25.149999618530273,25.100000381469727,25.114999771118164,19813
2026-10-05 09:38:00,1791207480,GME,25.114999771118164,25.191999435424805,25.09000015258789,25.15999984741211,30570
2026-10-05 09:39:00,1791207540,GME,25.149999618530273,25.239999771118164,25.1200008392334,25.209999084472656,86959
2026-10-05 09:40:00,1791207600,GME,25.219499588012695,25.219999313354492,25.14900016784668,25.190099716186523,66663
2026-10-05 09:41:00,1791207660,GME,25.20989990234375,25.280000686645508,25.1200008392334,25.145000457763672,69406
2026-10-05 09:42:00,1791207720,GME,25.139999389648438,25.15999984741211,25.100000381469727,25.114999771118164,82811
2026-10-05 09:43:00,1791207780,GME,25.1200008392334,25.122299194335938,25.040000915527344,25.059999465942383,42984
2026-10-05 09:44:00,1791207840,GME,25.059999465942383,25.18000030517578,25.055299758911133,25.170000076293945,69369
2026-10-05 09:45:00,1791207900,GME,25.15999984741211,25.190000534057617,25.049999237060547,25.110000610351562,20981
2026-10-05 09:46:00,1791207960,GME,25.100000381469727,25.199100494384766,25.100000381469727,25.170000076293945,17135
2026-10-05 09:47:00,1791208020,GME,25.15999984741211,25.219999313354492,25.149999618530273,25.16900062561035,27031
2026-10-05 09:48:00,1791208080,GME,25.18000030517578,25.209999084472656,25.170000076293945,25.1825008392334,32648
2026-10-05 09:49:00,1791208140,GME,25.184999465942383,25.200000762939453,25.156099319458008,25.156099319458008,13065
2026-10-05 09:50:00,1791208200,GME,25.15999984741211,25.200000762939453,25.135000228881836,25.135000228881836,26795
2026-10-05 09:51:00,1791208260,GME,25.13330078125,25.170000076293945,25.1299991607666,25.1299991607666,11619
2026-10-05 09:52:00,1791208320,GME,25.1299991607666,25.190000534057617,25.1299991607666,25.185100555419922,13824
2026-10-05 09:53:00,1791208380,GME,25.190000534057617,25.229900360107422,25.160600662231445,25.18000030517578,23843
2026-10-05 09:54:00,1791208440,GME,25.174999237060547,25.229999542236328,25.15999984741211,25.174999237060547,23774
2026-10-05 09:55:00,1791208500,GME,25.177200317382812,25.209999084472656,25.16029930114746,25.190000534057617,46047
2026-10-05 09:56:00,1791208560,GME,25.200000762939453,25.239999771118164,25.157699584960938,25.170000076293945,23816
2026-10-05 09:57:00,1791208620,GME,25.170000076293945,25.190000534057617,25.159000396728516,25.18000030517578,3945
2026-10-05 09:58:00,1791208680,GME,25.15999984741211,25.15999984741211,25.120100021362305,25.139999389648438,13166
2026-10-05 09:59:00,1791208740,GME,25.139999389648438,25.15999984741211,25.110000610351562,25.149999618530273,88899
2026-10-05 10:00:00,1791208800,GME,25.165000915527344,25.18000030517578,25.1200008392334,25.123300552368164,12574
2026-10-05 10:01:00,1791208860,GME,25.125,25.155000686645508,25.110000610351562,25.155000686645508,10927
2026-10-05 10:02:00,1791208920,GME,25.155000686645508,25.235000610351562,25.155000686645508,25.21430015563965,42580
2026-10-05 10:03:00,1791208980,GME,25.21500015258789,25.25,25.209999084472656,25.235000610351562,100032
2026-10-05 10:04:00,1791209040,GME,25.235000610351562,25.278400421142578,25.229999542236328,25.2450008392334,35125
2026-10-05 10:05:00,1791209100,GME,25.24970054626465,25.389999389648438,25.2450008392334,25.387800216674805,91088
2026-10-05 10:06:00,1791209160,GME,25.385000228881836,25.424999237060547,25.350000381469727,25.3799991607666,48125
2026-10-05 10:07:00,1791209220,GME,25.388399124145508,25.420000076293945,25.354999542236328,25.417999267578125,38673
2026-10-05 10:08:00,1791209280,GME,25.420000076293945,25.440000534057617,25.405000686645508,25.440000534057617,35036
2026-10-05 10:09:00,1791209340,GME,25.440000534057617,25.44499969482422,25.395000457763672,25.440000534057617,46987
2026-10-05 10:10:00,1791209400,GME,25.440000534057617,25.450000762939453,25.40999984741211,25.40999984741211,37828
2026-10-05 10:11:00,1791209460,GME,25.415000915527344,25.420000076293945,25.375,25.389999389648438,40194
2026-10-05 10:12:00,1791209520,GME,25.389999389648438,25.389999389648438,25.309999465942383,25.315000534057617,42496
2026-10-05 10:13:00,1791209580,GME,25.313800811767578,25.3700008392334,25.303199768066406,25.3700008392334,23247
2026-10-05 10:14:00,1791209640,GME,25.360000610351562,25.377599716186523,25.354999542236328,25.354999542236328,10795
2026-10-05 10:15:00,1791209700,GME,25.354999542236328,25.3799991607666,25.34000015258789,25.3799991607666,11603
2026-10-05 10:16:00,1791209760,GME,25.379899978637695,25.389999389648438,25.3700008392334,25.389999389648438,14350
2026-10-05 10:17:00,1791209820,GME,25.389999389648438,25.440000534057617,25.389999389648438,25.420000076293945,33104
2026-10-05 10:18:00,1791209880,GME,25.415000915527344,25.420000076293945,25.3799991607666,25.3799991607666,15283
2026-10-05 10:19:00,1791209940,GME,25.385000228881836,25.389999389648438,25.374900817871094,25.375,9290
2026-10-05 10:20:00,1791210000,GME,25.375,25.420000076293945,25.3700008392334,25.420000076293945,17961
2026-10-05 10:21:00,1791210060,GME,25.422199249267578,25.430999755859375,25.415000915527344,25.43000030517578,13490
2026-10-05 10:22:00,1791210120,GME,25.424999237060547,25.459999084472656,25.420000076293945,25.459999084472656,30154
2026-10-05 10:23:00,1791210180,GME,25.459999084472656,25.579999923706055,25.459999084472656,25.565000534057617,92477
2026-10-05 10:24:00,1791210240,GME,25.565000534057617,25.584999084472656,25.559099197387695,25.563899993896484,66480
2026-10-05 10:25:00,1791210300,GME,25.56999969482422,25.65999984741211,25.56999969482422,25.625,67545
2026-10-05 10:26:00,1791210360,GME,25.621999740600586,25.674999237060547,25.621999740600586,25.674999237060547,44886
2026-10-05 10:27:00,1791210420,GME,25.670000076293945,25.670000076293945,25.579999923706055,25.600099563598633,45122
2026-10-05 10:28:00,1791210480,GME,25.600099563598633,25.68000030517578,25.579999923706055,25.594999313354492,151986
2026-10-05 10:29:00,1791210540,GME,25.600000381469727,25.628000259399414,25.579999923706055,25.584999084472656,81339
2026-10-05 10:30:00,1791210600,GME,25.579999923706055,25.604999542236328,25.549999237060547,25.58139991760254,95533
2026-10-05 10:31:00,1791210660,GME,25.584999084472656,25.627199172973633,25.57990074157715,25.614999771118164,36357
2026-10-05 10:32:00,1791210720,GME,25.614999771118164,25.719999313354492,25.614999771118164,25.69499969482422,69112
2026-10-05 10:33:00,1791210780,GME,25.69860076904297,25.69860076904297,25.6299991607666,25.64419937133789,46087
2026-10-05 10:34:00,1791210840,GME,25.649999618530273,25.684999465942383,25.6200008392334,25.655000686645508,54316
2026-10-05 10:35:00,1791210900,GME,25.655000686645508,25.700000762939453,25.635000228881836,25.684999465942383,87309
2026-10-05 10:36:00,1791210960,GME,25.684999465942383,25.709999084472656,25.649999618530273,25.70050048828125,116893
2026-10-05 10:37:00,1791211020,GME,25.709999084472656,25.739999771118164,25.70009994506836,25.719999313354492,26359
2026-10-05 10:38:00,1791211080,GME,25.71780014038086,25.770000457763672,25.68000030517578,25.739999771118164,95477
2026-10-05 10:39:00,1791211140,GME,25.735000610351562,25.774999618530273,25.725000381469727,25.7450008392334,22320
2026-10-05 10:40:00,1791211200,GME,25.739999771118164,25.75,25.704999923706055,25.735000610351562,39536
2026-10-05 10:41:00,1791211260,GME,25.735000610351562,25.735000610351562,25.674999237060547,25.68090057373047,25269
2026-10-05 10:42:00,1791211320,GME,25.68000030517578,25.69499969482422,25.614999771118164,25.625,58496
2026-10-05 10:43:00,1791211380,GME,25.625,25.649999618530273,25.600000381469727,25.6299991607666,40302
2026-10-05 10:44:00,1791211440,GME,25.625,25.689899444580078,25.604999542236328,25.665000915527344,51664
2026-10-05 10:45:00,1791211500,GME,25.665000915527344,25.690000534057617,25.639999389648438,25.66990089416504,74390
2026-10-05 10:46:00,1791211560,GME,25.665000915527344,25.670000076293945,25.6200008392334,25.6200008392334,31375
2026-10-05 10:47:00,1791211620,GME,25.6200008392334,25.625,25.591999053955078,25.600000381469727,18533
2026-10-05 10:48:00,1791211680,GME,25.594999313354492,25.600000381469727,25.54199981689453,25.545000076293945,40525
2026-10-05 10:49:00,1791211740,GME,25.540000915527344,25.549999237060547,25.520000457763672,25.537500381469727,30118
2026-10-05 10:50:00,1791211800,GME,25.53030014038086,25.53030014038086,25.4950008392334,25.520000457763672,27578
2026-10-05 10:51:00,1791211860,GME,25.520000457763672,25.530000686645508,25.50029945373535,25.5049991607666,19770
2026-10-05 10:52:00,1791211920,GME,25.5049991607666,25.545000076293945,25.503999710083008,25.530000686645508,21647
2026-10-05 10:53:00,1791211980,GME,25.524999618530273,25.53499984741211,25.5049991607666,25.5049991607666,16568
2026-10-05 10:54:00,1791212040,GME,25.5,25.5,25.482099533081055,25.4950008392334,25690
2026-10-05 10:55:00,1791212100,GME,25.4950008392334,25.510000228881836,25.479999542236328,25.5049991607666,28295
2026-10-05 10:56:00,1791212160,GME,25.50779914855957,25.559999465942383,25.4950008392334,25.55500030517578,33196
2026-10-05 10:57:00,1791212220,GME,25.55500030517578,25.579999923706055,25.540000915527344,25.579999923706055,37671
2026-10-05 10:58:00,1791212280,GME,25.57819938659668,25.57819938659668,25.559999465942383,25.575000762939453,11004
2026-10-05 10:59:00,1791212340,GME,25.575000762939453,25.579999923706055,25.575000762939453,25.579999923706055,6320
2026-10-05 11:00:00,1791212400,GME,25.575000762939453,25.625,25.575000762939453,25.614999771118164,18192
2026-10-05 11:01:00,1791212460,GME,25.614999771118164,25.614999771118164,25.579999923706055,25.579999923706055,17506
2026-10-05 11:02:00,1791212520,GME,25.575000762939453,25.600000381469727,25.575000762939453,25.584999084472656,10093
2026-10-05 11:03:00,1791212580,GME,25.584999084472656,25.65999984741211,25.584999084472656,25.645000457763672,244270
2026-10-05 11:04:00,1791212640,GME,25.649900436401367,25.649900436401367,25.600000381469727,25.614999771118164,20844
2026-10-05 11:05:00,1791212700,GME,25.61009979248047,25.614999771118164,25.559999465942383,25.567699432373047,31358
2026-10-05 11:06:00,1791212760,GME,25.56100082397461,25.56999969482422,25.524999618530273,25.524999618530273,17212
2026-10-05 11:07:00,1791212820,GME,25.524999618530273,25.626399993896484,25.524999618530273,25.614999771118164,44747
2026-10-05 11:08:00,1791212880,GME,25.6200008392334,25.6299991607666,25.579999923706055,25.594999313354492,26559
2026-10-05 11:09:00,1791212940,GME,25.59510040283203,25.600000381469727,25.590099334716797,25.594999313354492,7923
2026-10-05 11:10:00,1791213000,GME,25.594999313354492,25.639999389648438,25.575000762939453,25.63159942626953,16935
2026-10-05 11:11:00,1791213060,GME,25.635000228881836,25.635099411010742,25.584999084472656,25.59000015258789,12589
2026-10-05 11:12:00,1791213120,GME,25.59000015258789,25.655000686645508,25.59000015258789,25.649999618530273,32103
2026-10-05 11:13:00,1791213180,GME,25.655000686645508,25.655000686645508,25.639999389648438,25.649999618530273,15056
2026-10-05 11:14:00,1791213240,GME,25.655000686645508,25.65999984741211,25.645000457763672,25.65999984741211,17723
2026-10-05 11:15:00,1791213300,GME,25.670000076293945,25.700000762939453,25.639999389648438,25.645000457763672,45360
2026-10-05 11:16:00,1791213360,GME,25.635000228881836,25.635000228881836,25.610000610351562,25.625,16219
2026-10-05 11:17:00,1791213420,GME,25.620500564575195,25.649999618530273,25.6200008392334,25.645000457763672,7882
2026-10-05 11:18:00,1791213480,GME,25.645000457763672,25.649999618530273,25.639999389648438,25.645000457763672,6411
2026-10-05 11:19:00,1791213540,GME,25.649999618530273,25.649999618530273,25.639999389648438,25.645000457763672,15067
2026-10-05 11:20:00,1791213600,GME,25.645000457763672,25.68000030517578,25.635000228881836,25.674999237060547,10625
2026-10-05 11:21:00,1791213660,GME,25.68000030517578,25.690000534057617,25.67919921875,25.68000030517578,8858
2026-10-05 11:22:00,1791213720,GME,25.674999237060547,25.690500259399414,25.6299991607666,25.648700714111328,27955
2026-10-05 11:23:00,1791213780,GME,25.649999618530273,25.65920066833496,25.639999389648438,25.655000686645508,4978
2026-10-05 11:24:00,1791213840,GME,25.655000686645508,25.667299270629883,25.649999618530273,25.655000686645508,13346
2026-10-05 11:25:00,1791213900,GME,25.655000686645508,25.670000076293945,25.645000457763672,25.65999984741211,24535
2026-10-05 11:26:00,1791213960,GME,25.659500122070312,25.725000381469727,25.651355743408203,25.719999313354492,18918
2026-10-05 11:27:00,1791214020,GME,25.71500015258789,25.719999313354492,25.692800521850586,25.710100173950195,19455
2026-10-05 11:28:00,1791214080,GME,25.709999084472656,25.71500015258789,25.700000762939453,25.704999923706055,9838
2026-10-05 11:29:00,1791214140,GME,25.704999923706055,25.719999313354492,25.700000762939453,25.719999313354492,17434
2026-10-05 11:30:00,1791214200,GME,25.71500015258789,25.719999313354492,25.709999084472656,25.719999313354492,17342
2026-10-05 11:31:00,1791214260,GME,25.71500015258789,25.71500015258789,25.704999923706055,25.714000701904297,20939
2026-10-05 11:32:00,1791214320,GME,25.719999313354492,25.719999313354492,25.600000381469727,25.601999282836914,37700
2026-10-05 11:33:00,1791214380,GME,25.600000381469727,25.6200008392334,25.600000381469727,25.6200008392334,6259
2026-10-05 11:34:00,1791214440,GME,25.614999771118164,25.625,25.604999542236328,25.610000610351562,16097
2026-10-05 11:35:00,1791214500,GME,25.610000610351562,25.6299991607666,25.594999313354492,25.6200008392334,17521
2026-10-05 11:36:00,1791214560,GME,25.614999771118164,25.614999771118164,25.58169937133789,25.584999084472656,18825
2026-10-05 11:37:00,1791214620,GME,25.587499618530273,25.587499618530273,25.55500030517578,25.56999969482422,24803
2026-10-05 11:38:00,1791214680,GME,25.565000534057617,25.579999923706055,25.563331604003906,25.575000762939453,27632
2026-10-05 11:39:00,1791214740,GME,25.575000762939453,25.59000015258789,25.56999969482422,25.575000762939453,11554
2026-10-05 11:40:00,1791214800,GME,25.56999969482422,25.594999313354492,25.56999969482422,25.579999923706055,24040
2026-10-05 11:41:00,1791214860,GME,25.59000015258789,25.6200008392334,25.584999084472656,25.610000610351562,17751
2026-10-05 11:42:00,1791214920,GME,25.614999771118164,25.614999771118164,25.575000762939453,25.579999923706055,16834
2026-10-05 11:43:00,1791214980,GME,25.584999084472656,25.600000381469727,25.579999923706055,25.584999084472656,9852
2026-10-05 11:44:00,1791215040,GME,25.59000015258789,25.600000381469727,25.570100784301758,25.575000762939453,6701
2026-10-05 11:45:00,1791215100,GME,25.575000762939453,25.579999923706055,25.565000534057617,25.565000534057617,15688
2026-10-05 11:46:00,1791215160,GME,25.560100555419922,25.579999923706055,25.559999465942383,25.575000762939453,12858
2026-10-05 11:47:00,1791215220,GME,25.56999969482422,25.575000762939453,25.559999465942383,25.559999465942383,8574
2026-10-05 11:48:00,1791215280,GME,25.559999465942383,25.584999084472656,25.559999465942383,25.584999084472656,19104
2026-10-05 11:49:00,1791215340,GME,25.584999084472656,25.58989906311035,25.57200050354004,25.575000762939453,7452
2026-10-05 11:50:00,1791215400,GME,25.57229995727539,25.584999084472656,25.540000915527344,25.565000534057617,32672
2026-10-05 11:51:00,1791215460,GME,25.559999465942383,25.565000534057617,25.540000915527344,25.565000534057617,10223
2026-10-05 11:52:00,1791215520,GME,25.559999465942383,25.565000534057617,25.54949951171875,25.54949951171875,3492
2026-10-05 11:53:00,1791215580,GME,25.549999237060547,25.575000762939453,25.549999237060547,25.56999969482422,5576
2026-10-05 11:54:00,1791215640,GME,25.56999969482422,25.56999969482422,25.532499313354492,25.53499984741211,26931
2026-10-05 11:55:00,1791215700,GME,25.530000686645508,25.53499984741211,25.520000457763672,25.530000686645508,12203
2026-10-05 11:56:00,1791215760,GME,25.530099868774414,25.530099868774414,25.520000457763672,25.525100708007812,13387
2026-10-05 11:57:00,1791215820,GME,25.524999618530273,25.53499984741211,25.520999908447266,25.524999618530273,12957
2026-10-05 11:58:00,1791215880,GME,25.524999618530273,25.549999237060547,25.524999618530273,25.545000076293945,10243
2026-10-05 11:59:00,1791215940,GME,25.540000915527344,25.540000915527344,25.522199630737305,25.524999618530273,4748
2026-10-05 12:00:00,1791216000,GME,25.520000457763672,25.520000457763672,25.5,25.511999130249023,12098
2026-10-05 12:01:00,1791216060,GME,25.510099411010742,25.524999618530273,25.5,25.524999618530273,28304
2026-10-05 12:02:00,1791216120,GME,25.524999618530273,25.540000915527344,25.520000457763672,25.524999618530273,8559
2026-10-05 12:03:00,1791216180,GME,25.524999618530273,25.579999923706055,25.510000228881836,25.510000228881836,85549
2026-10-05 12:04:00,1791216240,GME,25.5049991607666,25.520000457763672,25.450000762939453,25.47010040283203,64089
2026-10-05 12:05:00,1791216300,GME,25.475000381469727,25.540000915527344,25.469999313354492,25.540000915527344,71591
2026-10-05 12:06:00,1791216360,GME,25.53499984741211,25.639999389648438,25.53499984741211,25.55500030517578,101501
2026-10-05 12:07:00,1791216420,GME,25.559999465942383,25.614999771118164,25.549999237060547,25.56999969482422,38275
2026-10-05 12:08:00,1791216480,GME,25.565000534057617,25.6200008392334,25.549999237060547,25.61127281188965,23378
2026-10-05 12:09:00,1791216540,GME,25.61240005493164,25.625,25.604999542236328,25.6200008392334,24908
2026-10-05 12:10:00,1791216600,GME,25.6299991607666,25.645000457763672,25.614999771118164,25.614999771118164,20286
2026-10-05 12:11:00,1791216660,GME,25.6200008392334,25.649999618530273,25.6200008392334,25.625,14254
2026-10-05 12:12:00,1791216720,GME,25.625,25.6299991607666,25.56999969482422,25.579999923706055,29850
2026-10-05 12:13:00,1791216780,GME,25.579999923706055,25.614999771118164,25.56999969482422,25.614999771118164,13386
2026-10-05 12:14:00,1791216840,GME,25.61240005493164,25.625,25.610000610351562,25.614999771118164,13134
2026-10-05 12:15:00,1791216900,GME,25.614999771118164,25.625,25.60140037536621,25.60140037536621,8954
2026-10-05 12:16:00,1791216960,GME,25.600000381469727,25.610000610351562,25.584999084472656,25.594999313354492,12083
2026-10-05 12:17:00,1791217020,GME,25.594999313354492,25.594999313354492,25.565000534057617,25.575000762939453,10881
2026-10-05 12:18:00,1791217080,GME,25.575000762939453,25.594999313354492,25.54050064086914,25.54050064086914,14523
2026-10-05 12:19:00,1791217140,GME,25.543800354003906,25.549999237060547,25.53219985961914,25.545000076293945,9546
2026-10-05 12:20:00,1791217200,GME,25.540000915527344,25.549999237060547,25.540000915527344,25.542200088500977,4098
2026-10-05 12:21:00,1791217260,GME,25.540000915527344,25.545000076293945,25.46500015258789,25.469999313354492,24773
2026-10-05 12:22:00,1791217320,GME,25.471200942993164,25.5,25.469999313354492,25.4950008392334,18073
2026-10-05 12:23:00,1791217380,GME,25.5,25.53499984741211,25.5,25.53499984741211,23871
2026-10-05 12:24:00,1791217440,GME,25.530000686645508,25.530000686645508,25.524999618530273,25.524999618530273,6831
2026-10-05 12:25:00,1791217500,GME,25.524999618530273,25.530000686645508,25.5,25.5049991607666,6322
2026-10-05 12:26:00,1791217560,GME,25.5049991607666,25.510000228881836,25.5049991607666,25.510000228881836,2527
2026-10-05 12:27:00,1791217620,GME,25.510000228881836,25.510000228881836,25.485000610351562,25.485000610351562,14248
2026-10-05 12:28:00,1791217680,GME,25.488100051879883,25.489999771118164,25.479999542236328,25.48200035095215,8132
2026-10-05 12:29:00,1791217740,GME,25.489999771118164,25.489999771118164,25.479999542236328,25.485000610351562,3499
2026-10-05 12:30:00,1791217800,GME,25.489999771118164,25.489999771118164,25.454999923706055,25.46500015258789,38528
2026-10-05 12:31:00,1791217860,GME,25.46500015258789,25.53499984741211,25.46500015258789,25.53499984741211,25765
2026-10-05 12:32:00,1791217920,GME,25.530000686645508,25.55500030517578,25.530000686645508,25.540000915527344,15017
2026-10-05 12:33:00,1791217980,GME,25.540000915527344,25.540000915527344,25.53499984741211,25.53499984741211,1553
2026-10-05 12:34:00,1791218040,GME,25.53499984741211,25.540000915527344,25.524999618530273,25.524999618530273,12686
2026-10-05 12:35:00,1791218100,GME,25.520099639892578,25.520099639892578,25.469999313354492,25.475000381469727,11000
2026-10-05 12:36:00,1791218160,GME,25.479999542236328,25.479999542236328,25.46500015258789,25.46500015258789,11566
2026-10-05 12:37:00,1791218220,GME,25.46500015258789,25.475000381469727,25.459999084472656,25.475000381469727,3647
2026-10-05 12:38:00,1791218280,GME,25.475000381469727,25.479999542236328,25.459999084472656,25.479999542236328,13239
2026-10-05 12:39:00,1791218340,GME,25.475000381469727,25.475000381469727,25.440000534057617,25.440000534057617,21581
2026-10-05 12:40:00,1791218400,GME,25.443199157714844,25.5,25.443199157714844,25.49839973449707,17878
2026-10-05 12:41:00,1791218460,GME,25.497148513793945,25.497148513793945,25.47800064086914,25.490100860595703,9607
2026-10-05 12:42:00,1791218520,GME,25.4950008392334,25.5,25.485000610351562,25.485000610351562,4283
2026-10-05 12:43:00,1791218580,GME,25.489999771118164,25.5,25.482099533081055,25.5,10822
2026-10-05 12:44:00,1791218640,GME,25.5049991607666,25.5049991607666,25.490100860595703,25.5,4061
2026-10-05 12:45:00,1791218700,GME,25.4950008392334,25.5,25.4950008392334,25.5,1653
2026-10-05 12:46:00,1791218760,GME,25.5,25.5,25.489999771118164,25.4950008392334,3250
2026-10-05 12:47:00,1791218820,GME,25.4950008392334,25.4950008392334,25.484800338745117,25.484800338745117,2196
2026-10-05 12:48:00,1791218880,GME,25.480199813842773,25.4950008392334,25.475000381469727,25.489999771118164,11089
2026-10-05 12:49:00,1791218940,GME,25.489999771118164,25.489999771118164,25.420000076293945,25.420000076293945,14861
2026-10-05 12:50:00,1791219000,GME,25.43000030517578,25.44499969482422,25.413999557495117,25.44499969482422,15630
2026-10-05 12:51:00,1791219060,GME,25.44499969482422,25.458099365234375,25.440000534057617,25.454999923706055,24362
2026-10-05 12:52:00,1791219120,GME,25.458099365234375,25.479999542236328,25.454999923706055,25.459999084472656,9832
2026-10-05 12:53:00,1791219180,GME,25.46500015258789,25.479999542236328,25.460399627685547,25.479999542236328,6054
2026-10-05 12:54:00,1791219240,GME,25.475000381469727,25.475000381469727,25.460500717163086,25.46500015258789,3581
2026-10-05 12:55:00,1791219300,GME,25.46500015258789,25.46980094909668,25.454999923706055,25.459999084472656,7812
2026-10-05 12:56:00,1791219360,GME,25.46419906616211,25.489999771118164,25.46419906616211,25.4822998046875,11065
2026-10-05 12:57:00,1791219420,GME,25.48150062561035,25.485000610351562,25.479999542236328,25.485000610351562,3058
2026-10-05 12:58:00,1791219480,GME,25.485000610351562,25.485000610351562,25.469999313354492,25.475000381469727,7617
2026-10-05 12:59:00,1791219540,GME,25.475000381469727,25.488019943237305,25.475000381469727,25.478300094604492,6448
2026-10-05 13:00:00,1791219600,GME,25.475000381469727,25.489999771118164,25.475000381469727,25.489999771118164,3426
2026-10-05 13:01:00,1791219660,GME,25.489999771118164,25.510000228881836,25.489999771118164,25.507299423217773,20388
2026-10-05 13:02:00,1791219720,GME,25.510000228881836,25.530000686645508,25.5,25.525800704956055,9403
2026-10-05 13:03:00,1791219780,GME,25.527799606323242,25.530000686645508,25.514999389648438,25.518400192260742,8376
2026-10-05 13:04:00,1791219840,GME,25.510000228881836,25.524999618530273,25.510000228881836,25.514999389648438,8773
2026-10-05 13:05:00,1791219900,GME,25.510000228881836,25.510000228881836,25.475000381469727,25.485000610351562,7630
2026-10-05 13:06:00,1791219960,GME,25.485000610351562,25.4950008392334,25.479999542236328,25.4950008392334,8130
2026-10-05 13:07:00,1791220020,GME,25.4950008392334,25.5,25.4950008392334,25.499900817871094,2183
2026-10-05 13:08:00,1791220080,GME,25.5,25.5,25.479999542236328,25.479999542236328,2844
2026-10-05 13:09:00,1791220140,GME,25.485000610351562,25.4950008392334,25.46500015258789,25.4950008392334,13293
2026-10-05 13:10:00,1791220200,GME,25.489999771118164,25.5049991607666,25.489999771118164,25.5049991607666,4753
2026-10-05 13:11:00,1791220260,GME,25.5049991607666,25.509899139404297,25.5,25.5,6020
2026-10-05 13:12:00,1791220320,GME,25.5,25.507600784301758,25.4950008392334,25.5049991607666,13818
2026-10-05 13:13:00,1791220380,GME,25.5049991607666,25.510000228881836,25.5049991607666,25.510000228881836,2099
2026-10-05 13:14:00,1791220440,GME,25.510000228881836,25.525100708007812,25.5,25.5,13920
2026-10-05 13:15:00,1791220500,GME,25.5049991607666,25.50950050354004,25.5049991607666,25.5049991607666,2699
2026-10-05 13:16:00,1791220560,GME,25.5049991607666,25.510000228881836,25.5049991607666,25.5049991607666,1618
2026-10-05 13:17:00,1791220620,GME,25.5049991607666,25.5049991607666,25.492300033569336,25.4950008392334,9112
2026-10-05 13:18:00,1791220680,GME,25.499900817871094,25.499900817871094,25.459999084472656,25.46500015258789,13242
2026-10-05 13:19:00,1791220740,GME,25.46500015258789,25.46500015258789,25.450000762939453,25.459999084472656,8854
2026-10-05 13:20:00,1791220800,GME,25.454999923706055,25.454999923706055,25.434999465942383,25.434999465942383,10636
2026-10-05 13:21:00,1791220860,GME,25.434999465942383,25.434999465942383,25.424999237060547,25.43000030517578,5726
2026-10-05 13:22:00,1791220920,GME,25.421899795532227,25.475000381469727,25.412099838256836,25.459999084472656,20870
2026-10-05 13:23:00,1791220980,GME,25.46500015258789,25.46500015258789,25.459999084472656,25.46500015258789,1795
2026-10-05 13:24:00,1791221040,GME,25.46500015258789,25.469999313354492,25.461999893188477,25.469999313354492,1413
2026-10-05 13:25:00,1791221100,GME,25.472000122070312,25.479999542236328,25.472000122070312,25.475000381469727,6479
2026-10-05 13:26:00,1791221160,GME,25.479999542236328,25.479999542236328,25.475000381469727,25.479999542236328,1561
2026-10-05 13:27:00,1791221220,GME,25.475000381469727,25.479999542236328,25.469999313354492,25.479999542236328,5438
2026-10-05 13:28:00,1791221280,GME,25.489999771118164,25.5,25.469999313354492,25.469999313354492,14728
2026-10-05 13:29:00,1791221340,GME,25.475000381469727,25.489999771118164,25.469999313354492,25.489999771118164,5856
2026-10-05 13:30:00,1791221400,GME,25.482900619506836,25.482900619506836,25.479999542236328,25.479999542236328,1085
2026-10-05 13:31:00,1791221460,GME,25.480100631713867,25.489999771118164,25.479999542236328,25.484100341796875,11941
2026-10-05 13:32:00,1791221520,GME,25.485000610351562,25.489999771118164,25.459999084472656,25.459999084472656,9229
2026-10-05 13:33:00,1791221580,GME,25.459999084472656,25.559999465942383,25.454999923706055,25.555099487304688,107192
2026-10-05 13:34:00,1791221640,GME,25.549999237060547,25.579999923706055,25.545000076293945,25.56999969482422,11644
2026-10-05 13:35:00,1791221700,GME,25.575000762939453,25.61989974975586,25.565000534057617,25.61989974975586,17418
2026-10-05 13:36:00,1791221760,GME,25.614999771118164,25.625,25.600000381469727,25.6200008392334,20423
2026-10-05 13:37:00,1791221820,GME,25.62299919128418,25.63990020751953,25.62299919128418,25.635000228881836,12804
2026-10-05 13:38:00,1791221880,GME,25.635099411010742,25.68000030517578,25.625,25.674999237060547,35781
2026-10-05 13:39:00,1791221940,GME,25.670000076293945,25.68000030517578,25.65999984741211,25.674999237060547,14736
2026-10-05 13:40:00,1791222000,GME,25.674999237060547,25.674999237060547,25.655000686645508,25.655000686645508,8575
2026-10-05 13:41:00,1791222060,GME,25.655000686645508,25.655000686645508,25.6299991607666,25.649999618530273,14745
2026-10-05 13:42:00,1791222120,GME,25.647499084472656,25.655000686645508,25.645000457763672,25.645000457763672,3987
2026-10-05 13:43:00,1791222180,GME,25.645000457763672,25.68000030517578,25.639999389648438,25.649999618530273,112564
2026-10-05 13:44:00,1791222240,GME,25.649999618530273,25.65999984741211,25.639999389648438,25.655000686645508,11686
2026-10-05 13:45:00,1791222300,GME,25.655000686645508,25.709999084472656,25.655000686645508,25.704999923706055,21739
2026-10-05 13:46:00,1791222360,GME,25.709999084472656,25.709999084472656,25.690000534057617,25.700000762939453,14995
2026-10-05 13:47:00,1791222420,GME,25.704999923706055,25.764999389648438,25.700000762939453,25.7549991607666,50712
2026-10-05 13:48:00,1791222480,GME,25.7549991607666,25.760000228881836,25.719999313354492,25.72879981994629,26025
2026-10-05 13:49:00,1791222540,GME,25.729999542236328,25.770000457763672,25.725000381469727,25.7549991607666,20985
2026-10-05 13:50:00,1791222600,GME,25.752399444580078,25.759899139404297,25.740100860595703,25.7450008392334,13930
2026-10-05 13:51:00,1791222660,GME,25.75,25.770000457763672,25.7450008392334,25.74850082397461,43015
2026-10-05 13:52:00,1791222720,GME,25.739999771118164,25.739999771118164,25.700000762939453,25.704999923706055,17075
2026-10-05 13:53:00,1791222780,GME,25.70009994506836,25.709999084472656,25.700000762939453,25.703899383544922,13176
2026-10-05 13:54:00,1791222840,GME,25.704999923706055,25.704999923706055,25.681900024414062,25.684999465942383,12878
2026-10-05 13:55:00,1791222900,GME,25.684999465942383,25.69499969482422,25.68000030517578,25.69379997253418,3829
2026-10-05 13:56:00,1791222960,GME,25.69499969482422,25.704999923706055,25.68000030517578,25.690000534057617,9558
2026-10-05 13:57:00,1791223020,GME,25.684999465942383,25.69499969482422,25.684999465942383,25.69499969482422,12258
2026-10-05 13:58:00,1791223080,GME,25.69499969482422,25.760000228881836,25.69499969482422,25.75,24095
2026-10-05 13:59:00,1791223140,GME,25.7450008392334,25.7450008392334,25.709999084472656,25.71500015258789,17176
2026-10-05 14:00:00,1791223200,GME,25.71500015258789,25.725000381469727,25.70050048828125,25.719999313354492,26124
2026-10-05 14:01:00,1791223260,GME,25.729999542236328,25.739999771118164,25.71500015258789,25.718599319458008,12828
2026-10-05 14:02:00,1791223320,GME,25.719999313354492,25.729999542236328,25.71500015258789,25.72450065612793,11471
2026-10-05 14:03:00,1791223380,GME,25.725000381469727,25.729999542236328,25.725000381469727,25.728099822998047,5542
2026-10-05 14:04:00,1791223440,GME,25.722200393676758,25.75,25.722200393676758,25.741100311279297,10471
2026-10-05 14:05:00,1791223500,GME,25.7450008392334,25.7450008392334,25.729999542236328,25.729999542236328,8082
2026-10-05 14:06:00,1791223560,GME,25.735000610351562,25.735000610351562,25.71500015258789,25.71500015258789,5728
2026-10-05 14:07:00,1791223620,GME,25.71500015258789,25.718000411987305,25.71500015258789,25.71500015258789,1596
2026-10-05 14:08:00,1791223680,GME,25.71500015258789,25.729999542236328,25.709999084472656,25.729999542236328,6146
2026-10-05 14:09:00,1791223740,GME,25.719999313354492,25.719999313354492,25.674999237060547,25.68000030517578,14201
2026-10-05 14:10:00,1791223800,GME,25.684999465942383,25.69499969482422,25.684999465942383,25.69219970703125,7062
2026-10-05 14:11:00,1791223860,GME,25.690000534057617,25.690000534057617,25.65999984741211,25.665000915527344,13139
2026-10-05 14:12:00,1791223920,GME,25.66990089416504,25.670000076293945,25.665000915527344,25.665000915527344,7552
2026-10-05 14:13:00,1791223980,GME,25.665000915527344,25.690000534057617,25.665000915527344,25.670000076293945,101711
2026-10-05 14:14:00,1791224040,GME,25.670000076293945,25.674999237060547,25.65999984741211,25.670000076293945,6969
2026-10-05 14:15:00,1791224100,GME,25.672000885009766,25.672000885009766,25.662900924682617,25.665000915527344,3028
2026-10-05 14:16:00,1791224160,GME,25.665000915527344,25.68000030517578,25.665000915527344,25.68000030517578,7774
2026-10-05 14:17:00,1791224220,GME,25.68000030517578,25.690000534057617,25.670000076293945,25.684999465942383,15712
2026-10-05 14:18:00,1791224280,GME,25.684999465942383,25.69499969482422,25.665000915527344,25.665000915527344,7454
2026-10-05 14:19:00,1791224340,GME,25.665000915527344,25.674999237060547,25.661399841308594,25.665000915527344,9745
2026-10-05 14:20:00,1791224400,GME,25.665000915527344,25.66629981994629,25.652799606323242,25.655000686645508,7851
2026-10-05 14:21:00,1791224460,GME,25.649999618530273,25.649999618530273,25.639999389648438,25.649999618530273,9779
2026-10-05 14:22:00,1791224520,GME,25.655000686645508,25.655000686645508,25.625,25.625,7640
2026-10-05 14:23:00,1791224580,GME,25.625,25.6299991607666,25.620100021362305,25.625,4379
2026-10-05 14:24:00,1791224640,GME,25.625,25.639999389648438,25.625,25.635000228881836,4154
2026-10-05 14:25:00,1791224700,GME,25.63010025024414,25.639999389648438,25.6299991607666,25.635000228881836,5899
2026-10-05 14:26:00,1791224760,GME,25.635000228881836,25.639999389648438,25.594999313354492,25.594999313354492,10791
2026-10-05 14:27:00,1791224820,GME,25.600000381469727,25.610000610351562,25.594999313354492,25.604999542236328,7058
2026-10-05 14:28:00,1791224880,GME,25.603099822998047,25.610000610351562,25.600000381469727,25.604999542236328,6649
2026-10-05 14:29:00,1791224940,GME,25.600000381469727,25.610000610351562,25.600000381469727,25.604999542236328,4064
2026-10-05 14:30:00,1791225000,GME,25.603700637817383,25.610000610351562,25.601699829101562,25.604999542236328,2364
2026-10-05 14:31:00,1791225060,GME,25.600000381469727,25.610000610351562,25.594999313354492,25.610000610351562,5885
2026-10-05 14:32:00,1791225120,GME,25.608999252319336,25.614999771118164,25.600000381469727,25.604999542236328,10329
2026-10-05 14:33:00,1791225180,GME,25.604999542236328,25.604999542236328,25.584999084472656,25.584999084472656,14210
2026-10-05 14:34:00,1791225240,GME,25.584999084472656,25.59000015258789,25.582799911499023,25.59000015258789,3706
2026-10-05 14:35:00,1791225300,GME,25.584999084472656,25.59000015258789,25.579999923706055,25.584999084472656,9183
2026-10-05 14:36:00,1791225360,GME,25.584999084472656,25.584999084472656,25.559999465942383,25.567800521850586,22855
2026-10-05 14:37:00,1791225420,GME,25.565000534057617,25.579999923706055,25.53499984741211,25.579999923706055,14129
2026-10-05 14:38:00,1791225480,GME,25.584999084472656,25.584999084472656,25.584999084472656,25.584999084472656,3018
2026-10-05 14:39:00,1791225540,GME,25.584999084472656,25.59000015258789,25.580400466918945,25.584999084472656,3608
2026-10-05 14:40:00,1791225600,GME,25.584999084472656,25.584999084472656,25.565000534057617,25.565000534057617,6995
2026-10-05 14:41:00,1791225660,GME,25.565000534057617,25.578500747680664,25.565000534057617,25.575000762939453,4429
2026-10-05 14:42:00,1791225720,GME,25.575000762939453,25.59000015258789,25.575000762939453,25.59000015258789,11200
2026-10-05 14:43:00,1791225780,GME,25.584999084472656,25.6299991607666,25.584999084472656,25.625,20087
2026-10-05 14:44:00,1791225840,GME,25.6299991607666,25.639999389648438,25.6200008392334,25.625,24505
2026-10-05 14:45:00,1791225900,GME,25.625,25.627700805664062,25.625,25.625,3446
2026-10-05 14:46:00,1791225960,GME,25.625,25.625,25.614999771118164,25.625,9308
2026-10-05 14:47:00,1791226020,GME,25.625,25.6299991607666,25.622400283813477,25.625,5730
2026-10-05 14:48:00,1791226080,GME,25.621400833129883,25.625,25.621400833129883,25.625,2804
2026-10-05 14:49:00,1791226140,GME,25.627199172973633,25.6299991607666,25.625,25.6299991607666,1490
2026-10-05 14:50:00,1791226200,GME,25.6299991607666,25.655000686645508,25.625,25.625,15134
2026-10-05 14:51:00,1791226260,GME,25.625,25.625,25.584999084472656,25.58989906311035,9345
2026-10-05 14:52:00,1791226320,GME,25.584999084472656,25.584999084472656,25.559999465942383,25.584999084472656,8686
2026-10-05 14:53:00,1791226380,GME,25.584999084472656,25.600000381469727,25.584999084472656,25.594999313354492,5020
2026-10-05 14:54:00,1791226440,GME,25.594999313354492,25.594999313354492,25.59000015258789,25.59000015258789,3103
2026-10-05 14:55:00,1791226500,GME,25.584999084472656,25.600000381469727,25.584999084472656,25.600000381469727,5152
2026-10-05 14:56:00,1791226560,GME,25.604999542236328,25.610000610351562,25.579999923706055,25.59819984436035,7816
2026-10-05 14:57:00,1791226620,GME,25.594999313354492,25.610000610351562,25.59000015258789,25.604999542236328,8315
2026-10-05 14:58:00,1791226680,GME,25.601499557495117,25.604999542236328,25.575000762939453,25.579999923706055,13291
2026-10-05 14:59:00,1791226740,GME,25.579999923706055,25.584999084472656,25.560100555419922,25.568199157714844,10796
2026-10-05 15:00:00,1791226800,GME,25.565000534057617,25.610000610351562,25.565000534057617,25.600000381469727,9324
2026-10-05 15:01:00,1791226860,GME,25.603500366210938,25.607999801635742,25.594999313354492,25.607999801635742,7422
2026-10-05 15:02:00,1791226920,GME,25.610000610351562,25.6200008392334,25.610000610351562,25.614999771118164,5155
2026-10-05 15:03:00,1791226980,GME,25.6200008392334,25.6200008392334,25.600500106811523,25.604999542236328,5719
2026-10-05 15:04:00,1791227040,GME,25.604999542236328,25.604999542236328,25.594999313354492,25.594999313354492,3825
2026-10-05 15:05:00,1791227100,GME,25.594999313354492,25.600000381469727,25.584999084472656,25.594999313354492,9562
2026-10-05 15:06:00,1791227160,GME,25.5939998626709,25.600000381469727,25.579999923706055,25.59000015258789,10697
2026-10-05 15:07:00,1791227220,GME,25.59000015258789,25.59000015258789,25.549999237060547,25.56999969482422,14764
2026-10-05 15:08:00,1791227280,GME,25.575000762939453,25.575000762939453,25.56999969482422,25.575000762939453,3267
2026-10-05 15:09:00,1791227340,GME,25.575000762939453,25.575000762939453,25.575000762939453,25.575000762939453,1691
2026-10-05 15:10:00,1791227400,GME,25.575000762939453,25.575000762939453,25.55500030517578,25.55500030517578,8427
2026-10-05 15:11:00,1791227460,GME,25.559999465942383,25.56999969482422,25.53499984741211,25.565000534057617,25642
2026-10-05 15:12:00,1791227520,GME,25.564599990844727,25.56999969482422,25.559999465942383,25.559999465942383,4034
2026-10-05 15:13:00,1791227580,GME,25.559999465942383,25.559999465942383,25.50200080871582,25.510000228881836,25789
2026-10-05 15:14:00,1791227640,GME,25.5049991607666,25.518999099731445,25.469999313354492,25.514999389648438,23330
2026-10-05 15:15:00,1791227700,GME,25.514999389648438,25.549999237060547,25.514999389648438,25.549999237060547,9207
2026-10-05 15:16:00,1791227760,GME,25.545000076293945,25.559999465942383,25.545000076293945,25.559999465942383,9318
2026-10-05 15:17:00,1791227820,GME,25.55500030517578,25.584999084472656,25.514999389648438,25.575000762939453,18330
2026-10-05 15:18:00,1791227880,GME,25.575000762939453,25.639999389648438,25.56999969482422,25.639999389648438,12906
2026-10-05 15:19:00,1791227940,GME,25.635000228881836,25.635099411010742,25.59000015258789,25.59000015258789,12781
2026-10-05 15:20:00,1791228000,GME,25.594999313354492,25.600000381469727,25.59000015258789,25.59000015258789,6442
2026-10-05 15:21:00,1791228060,GME,25.59000015258789,25.59000015258789,25.579999923706055,25.584999084472656,8916
2026-10-05 15:22:00,1791228120,GME,25.585399627685547,25.594999313354492,25.56999969482422,25.584999084472656,26072
2026-10-05 15:23:00,1791228180,GME,25.584999084472656,25.59000015258789,25.584999084472656,25.59000015258789,2715
2026-10-05 15:24:00,1791228240,GME,25.584999084472656,25.59000015258789,25.524999618530273,25.524999618530273,26303
2026-10-05 15:25:00,1791228300,GME,25.524999618530273,25.530000686645508,25.524999618530273,25.524999618530273,5456
2026-10-05 15:26:00,1791228360,GME,25.524999618530273,25.524999618530273,25.510000228881836,25.524999618530273,9882
2026-10-05 15:27:00,1791228420,GME,25.520000457763672,25.520000457763672,25.5,25.514999389648438,28453
2026-10-05 15:28:00,1791228480,GME,25.510099411010742,25.520000457763672,25.5049991607666,25.5049991607666,8868
2026-10-05 15:29:00,1791228540,GME,25.510000228881836,25.510000228881836,25.459999084472656,25.47100067138672,22158
2026-10-05 15:30:00,1791228600,GME,25.469999313354492,25.500999450683594,25.459999084472656,25.479999542236328,28052
2026-10-05 15:31:00,1791228660,GME,25.479999542236328,25.499900817871094,25.459999084472656,25.46500015258789,23992
2026-10-05 15:32:00,1791228720,GME,25.46500015258789,25.475000381469727,25.451000213623047,25.47010040283203,14992
2026-10-05 15:33:00,1791228780,GME,25.469999313354492,25.475000381469727,25.44499969482422,25.469999313354492,18652
2026-10-05 15:34:00,1791228840,GME,25.469999313354492,25.489999771118164,25.469999313354492,25.475200653076172,10960
2026-10-05 15:35:00,1791228900,GME,25.469999313354492,25.479999542236328,25.46500015258789,25.47100067138672,8650
2026-10-05 15:36:00,1791228960,GME,25.475000381469727,25.479999542236328,25.469999313354492,25.475000381469727,7182
2026-10-05 15:37:00,1791229020,GME,25.475000381469727,25.4950008392334,25.475000381469727,25.485000610351562,12573
2026-10-05 15:38:00,1791229080,GME,25.479999542236328,25.5049991607666,25.479999542236328,25.4950008392334,16422
2026-10-05 15:39:00,1791229140,GME,25.4950008392334,25.5,25.485000610351562,25.48550033569336,16243
2026-10-05 15:40:00,1791229200,GME,25.48509979248047,25.5,25.48509979248047,25.4950008392334,7492
2026-10-05 15:41:00,1791229260,GME,25.490999221801758,25.5049991607666,25.424999237060547,25.43000030517578,42624
2026-10-05 15:42:00,1791229320,GME,25.424999237060547,25.44499969482422,25.415000915527344,25.440000534057617,40186
2026-10-05 15:43:00,1791229380,GME,25.44499969482422,25.44499969482422,25.42009925842285,25.424999237060547,52307
2026-10-05 15:44:00,1791229440,GME,25.424999237060547,25.454999923706055,25.424999237060547,25.44499969482422,24333
2026-10-05 15:45:00,1791229500,GME,25.44499969482422,25.450000762939453,25.389999389648438,25.420000076293945,35455
2026-10-05 15:46:00,1791229560,GME,25.410999298095703,25.420000076293945,25.395000457763672,25.395000457763672,12660
2026-10-05 15:47:00,1791229620,GME,25.389999389648438,25.399999618530273,25.3700008392334,25.370100021362305,40974
2026-10-05 15:48:00,1791229680,GME,25.3799991607666,25.43000030517578,25.3799991607666,25.395000457763672,36620
2026-10-05 15:49:00,1791229740,GME,25.389999389648438,25.399999618530273,25.354999542236328,25.3700008392334,67830
2026-10-05 15:50:00,1791229800,GME,25.360000610351562,25.364999771118164,25.290000915527344,25.320999145507812,69893
2026-10-05 15:51:00,1791229860,GME,25.325000762939453,25.34000015258789,25.270000457763672,25.270999908447266,54498
2026-10-05 15:52:00,1791229920,GME,25.274999618530273,25.309999465942383,25.274999618530273,25.295000076293945,54825
2026-10-05 15:53:00,1791229980,GME,25.295000076293945,25.325000762939453,25.290000915527344,25.299999237060547,54262
2026-10-05 15:54:00,1791230040,GME,25.30500030517578,25.309999465942383,25.290000915527344,25.295000076293945,43088
2026-10-05 15:55:00,1791230100,GME,25.295000076293945,25.30500030517578,25.270000457763672,25.2810001373291,90104
2026-10-05 15:56:00,1791230160,GME,25.28499984741211,25.295000076293945,25.25,25.274999618530273,75037
2026-10-05 15:57:00,1791230220,GME,25.274999618530273,25.329999923706055,25.26099967956543,25.30500030517578,90322
2026-10-05 15:58:00,1791230280,GME,25.30500030517578,25.350000381469727,25.291000366210938,25.344999313354492,110851
2026-10-05 15:59:00,1791230340,GME,25.350000381469727,25.364999771118164,25.235000610351562,25.264999389648438,275474
2026-10-05 16:00:00,1791230400,GME,25.239999771118164,25.239999771118164,25.239999771118164,25.239999771118164,0
2026-10-06 09:30:00,1791293400,GME,25.03499984741211,25.049999237060547,24.850000381469727,24.8700008392334,294346
2026-10-06 09:31:00,1791293460,GME,24.905000686645508,24.950000762939453,24.850000381469727,24.885000228881836,41009
2026-10-06 09:32:00,1791293520,GME,24.885000228881836,24.885000228881836,24.649999618530273,24.68000030517578,98194
2026-10-06 09:33:00,1791293580,GME,24.700000762939453,24.770000457763672,24.649999618530273,24.770000457763672,42354
2026-10-06 09:34:00,1791293640,GME,24.759899139404297,24.879899978637695,24.759899139404297,24.849000930786133,22468
2026-10-06 09:35:00,1791293700,GME,24.82710075378418,24.881200790405273,24.799999237060547,24.81999969482422,37286
2026-10-06 09:36:00,1791293760,GME,24.825000762939453,24.834999084472656,24.75,24.799999237060547,21038
2026-10-06 09:37:00,1791293820,GME,24.814300537109375,24.889999389648438,24.782699584960938,24.889999389648438,15517
2026-10-06 09:38:00,1791293880,GME,24.889999389648438,24.920000076293945,24.850000381469727,24.920000076293945,22327
2026-10-06 09:39:00,1791293940,GME,24.931400299072266,25.020000457763672,24.931400299072266,24.951000213623047,37651
2026-10-06 09:40:00,1791294000,GME,24.954500198364258,24.979999542236328,24.899999618530273,24.899999618530273,19429
2026-10-06 09:41:00,1791294060,GME,24.959999084472656,24.979999542236328,24.940000534057617,24.959999084472656,13960
2026-10-06 09:42:00,1791294120,GME,24.959999084472656,24.979999542236328,24.959999084472656,24.975000381469727,4862
2026-10-06 09:43:00,1791294180,GME,24.98579978942871,24.98979949951172,24.960599899291992,24.979999542236328,14499
2026-10-06 09:44:00,1791294240,GME,24.987199783325195,24.999900817871094,24.96470069885254,24.987199783325195,6119
2026-10-06 09:45:00,1791294300,GME,24.979999542236328,24.979999542236328,24.864999771118164,24.885000228881836,83646
2026-10-06 09:46:00,1791294360,GME,24.899999618530273,24.899999618530273,24.799999237060547,24.84670066833496,36829
2026-10-06 09:47:00,1791294420,GME,24.829999923706055,24.829999923706055,24.795000076293945,24.829999923706055,27386
2026-10-06 09:48:00,1791294480,GME,24.829999923706055,24.860000610351562,24.81999969482422,24.860000610351562,9751
2026-10-06 09:49:00,1791294540,GME,24.864999771118164,24.920000076293945,24.860000610351562,24.889999389648438,31460
2026-10-06 09:50:00,1791294600,GME,24.898799896240234,24.940000534057617,24.889999389648438,24.905099868774414,17274
2026-10-06 09:51:00,1791294660,GME,24.899999618530273,24.899999618530273,24.875,24.875,28028
2026-10-06 09:52:00,1791294720,GME,24.874000549316406,24.899999618530273,24.850500106811523,24.860000610351562,29318
2026-10-06 09:53:00,1791294780,GME,24.864999771118164,24.8799991607666,24.84000015258789,24.844999313354492,12646
2026-10-06 09:54:00,1791294840,GME,24.844999313354492,24.864999771118164,24.84000015258789,24.854999542236328,7914
2026-10-06 09:55:00,1791294900,GME,24.85919952392578,24.8700008392334,24.84000015258789,24.850000381469727,44710
2026-10-06 09:56:00,1791294960,GME,24.844999313354492,24.850000381469727,24.80500030517578,24.829999923706055,17105
2026-10-06 09:57:00,1791295020,GME,24.81999969482422,24.829999923706055,24.814800262451172,24.829999923706055,10354
2026-10-06 09:58:00,1791295080,GME,24.81999969482422,24.85919952392578,24.81839942932129,24.848600387573242,15085
2026-10-06 09:59:00,1791295140,GME,24.844999313354492,24.8700008392334,24.844999313354492,24.864999771118164,11421
2026-10-06 10:00:00,1791295200,GME,24.860000610351562,24.860000610351562,24.799999237060547,24.809999465942383,28287
2026-10-06 10:01:00,1791295260,GME,24.815000534057617,24.81999969482422,24.780000686645508,24.815000534057617,27900
2026-10-06 10:02:00,1791295320,GME,24.815000534057617,24.81999969482422,24.790000915527344,24.7908992767334,25204
2026-10-06 10:03:00,1791295380,GME,24.795000076293945,24.809999465942383,24.790000915527344,24.795000076293945,20333
2026-10-06 10:04:00,1791295440,GME,24.795000076293945,24.799999237060547,24.77389907836914,24.774999618530273,13928
2026-10-06 10:05:00,1791295500,GME,24.774999618530273,24.790000915527344,24.774999618530273,24.78499984741211,10749
2026-10-06 10:06:00,1791295560,GME,24.790000915527344,24.799999237060547,24.770000457763672,24.775100708007812,21642
2026-10-06 10:07:00,1791295620,GME,24.774999618530273,24.780000686645508,24.7549991607666,24.774999618530273,7928
2026-10-06 10:08:00,1791295680,GME,24.764999389648438,24.809999465942383,24.760000228881836,24.809999465942383,19153
2026-10-06 10:09:00,1791295740,GME,24.810800552368164,24.8700008392334,24.809999465942383,24.825000762939453,42476
2026-10-06 10:10:00,1791295800,GME,24.81999969482422,24.81999969482422,24.71500015258789,24.71500015258789,20649
2026-10-06 10:11:00,1791295860,GME,24.700000762939453,24.7450008392334,24.69499969482422,24.735000610351562,21004
2026-10-06 10:12:00,1791295920,GME,24.733699798583984,24.770000457763672,24.709999084472656,24.764999389648438,21002
2026-10-06 10:13:00,1791295980,GME,24.764999389648438,24.790000915527344,24.764999389648438,24.790000915527344,16972
2026-10-06 10:14:00,1791296040,GME,24.78499984741211,24.81999969482422,24.78499984741211,24.809999465942383,12545
2026-10-06 10:15:00,1791296100,GME,24.799999237060547,24.8257999420166,24.799999237060547,24.815000534057617,22415
2026-10-06 10:16:00,1791296160,GME,24.815000534057617,24.815000534057617,24.780000686645508,24.795000076293945,13462
2026-10-06 10:17:00,1791296220,GME,24.795000076293945,24.795000076293945,24.704999923706055,24.725000381469727,22672
2026-10-06 10:18:00,1791296280,GME,24.725000381469727,24.725000381469727,24.700000762939453,24.704999923706055,36217
2026-10-06 10:19:00,1791296340,GME,24.704999923706055,24.725000381469727,24.704999923706055,24.704999923706055,13877
2026-10-06 10:20:00,1791296400,GME,24.704999923706055,24.75,24.690000534057617,24.748199462890625,25606
2026-10-06 10:21:00,1791296460,GME,24.739999771118164,24.739999771118164,24.719999313354492,24.735000610351562,5652
2026-10-06 10:22:00,1791296520,GME,24.735000610351562,24.760000228881836,24.719999313354492,24.7549991607666,36238
2026-10-06 10:23:00,1791296580,GME,24.7549991607666,24.7549991607666,24.719999313354492,24.729999542236328,10867
2026-10-06 10:24:00,1791296640,GME,24.734899520874023,24.75,24.719999313354492,24.75,17743
2026-10-06 10:25:00,1791296700,GME,24.75149917602539,24.764999389648438,24.735000610351562,24.7450008392334,16272
2026-10-06 10:26:00,1791296760,GME,24.7450008392334,24.760000228881836,24.739999771118164,24.7450008392334,23601
2026-10-06 10:27:00,1791296820,GME,24.741500854492188,24.780000686645508,24.741500854492188,24.780000686645508,13971
2026-10-06 10:28:00,1791296880,GME,24.790000915527344,24.795000076293945,24.75,24.774999618530273,35065
2026-10-06 10:29:00,1791296940,GME,24.770000457763672,24.790000915527344,24.770000457763672,24.790000915527344,9833
2026-10-06 10:30:00,1791297000,GME,24.795000076293945,24.81999969482422,24.795000076293945,24.815000534057617,11600
2026-10-06 10:31:00,1791297060,GME,24.818599700927734,25.040000915527344,24.818599700927734,25.0049991607666,118495
2026-10-06 10:32:00,1791297120,GME,25.010000228881836,25.040000915527344,24.959999084472656,24.969999313354492,74449
2026-10-06 10:33:00,1791297180,GME,24.959999084472656,24.969999313354492,24.93000030517578,24.96500015258789,10578
2026-10-06 10:34:00,1791297240,GME,24.96500015258789,25.0,24.96500015258789,24.985000610351562,15775
2026-10-06 10:35:00,1791297300,GME,24.985000610351562,24.985000610351562,24.940000534057617,24.969999313354492,15596
2026-10-06 10:36:00,1791297360,GME,24.959999084472656,24.979999542236328,24.954999923706055,24.979999542236328,11299
2026-10-06 10:37:00,1791297420,GME,24.985000610351562,24.98710060119629,24.950000762939453,24.950000762939453,19842
2026-10-06 10:38:00,1791297480,GME,24.94499969482422,25.0,24.94499969482422,24.989999771118164,7631
2026-10-06 10:39:00,1791297540,GME,24.979999542236328,25.024999618530273,24.979999542236328,25.020000457763672,18072
2026-10-06 10:40:00,1791297600,GME,25.010000228881836,25.079999923706055,25.010000228881836,25.065000534057617,32080
2026-10-06 10:41:00,1791297660,GME,25.06999969482422,25.09000015258789,25.040000915527344,25.09000015258789,11101
2026-10-06 10:42:00,1791297720,GME,25.100000381469727,25.1299991607666,25.094999313354492,25.104999542236328,18200
2026-10-06 10:43:00,1791297780,GME,25.100099563598633,25.104999542236328,25.079999923706055,25.100000381469727,14849
2026-10-06 10:44:00,1791297840,GME,25.104999542236328,25.104999542236328,25.084999084472656,25.084999084472656,4640
2026-10-06 10:45:00,1791297900,GME,25.079999923706055,25.1200008392334,25.0625,25.114999771118164,10944
2026-10-06 10:46:00,1791297960,GME,25.110000610351562,25.1200008392334,25.09000015258789,25.094999313354492,14086
2026-10-06 10:47:00,1791298020,GME,25.099899291992188,25.110000610351562,25.06999969482422,25.079999923706055,6536
2026-10-06 10:48:00,1791298080,GME,25.079999923706055,25.094999313354492,25.079999923706055,25.079999923706055,50641
2026-10-06 10:49:00,1791298140,GME,25.084999084472656,25.094999313354492,25.065000534057617,25.075000762939453,7661
2026-10-06 10:50:00,1791298200,GME,25.079999923706055,25.104999542236328,25.075000762939453,25.075000762939453,5248
2026-10-06 10:51:00,1791298260,GME,25.084999084472656,25.094999313354492,25.075000762939453,25.075000762939453,6765
2026-10-06 10:52:00,1791298320,GME,25.08009910583496,25.114999771118164,25.08009910583496,25.11009979248047,6785
2026-10-06 10:53:00,1791298380,GME,25.11840057373047,25.139999389648438,25.110000610351562,25.138999938964844,5051
2026-10-06 10:54:00,1791298440,GME,25.13800048828125,25.16990089416504,25.13010025024414,25.165000915527344,10621
2026-10-06 10:55:00,1791298500,GME,25.165000915527344,25.179899215698242,25.150100708007812,25.160200119018555,11147
2026-10-06 10:56:00,1791298560,GME,25.149999618530273,25.157699584960938,25.139999389648438,25.145000457763672,7022
2026-10-06 10:57:00,1791298620,GME,25.145000457763672,25.149999618530273,25.139999389648438,25.14859962463379,2530
2026-10-06 10:58:00,1791298680,GME,25.140100479125977,25.19499969482422,25.140100479125977,25.165000915527344,19164
2026-10-06 10:59:00,1791298740,GME,25.16010093688965,25.179899215698242,25.149999618530273,25.16939926147461,15979
2026-10-06 11:00:00,1791298800,GME,25.16990089416504,25.170000076293945,25.079999923706055,25.104999542236328,19415
2026-10-06 11:01:00,1791298860,GME,25.104999542236328,25.110000610351562,25.06999969482422,25.06999969482422,10423
2026-10-06 11:02:00,1791298920,GME,25.06999969482422,25.06999969482422,24.985000610351562,24.9950008392334,73962
2026-10-06 11:03:00,1791298980,GME,24.99139976501465,25.010000228881836,24.985000610351562,25.00979995727539,9973
2026-10-06 11:04:00,1791299040,GME,25.0049991607666,25.014999389648438,25.0,25.0049991607666,234519
2026-10-06 11:05:00,1791299100,GME,25.0049991607666,25.010000228881836,25.0,25.0,7171
2026-10-06 11:06:00,1791299160,GME,25.0049991607666,25.065000534057617,25.000099182128906,25.065000534057617,15060
2026-10-06 11:07:00,1791299220,GME,25.06999969482422,25.084999084472656,25.06999969482422,25.073200225830078,14977
2026-10-06 11:08:00,1791299280,GME,25.06999969482422,25.079999923706055,25.06999969482422,25.070100784301758,12462
2026-10-06 11:09:00,1791299340,GME,25.06999969482422,25.100000381469727,25.06999969482422,25.084800720214844,6315
2026-10-06 11:10:00,1791299400,GME,25.084999084472656,25.09000015258789,25.079999923706055,25.084999084472656,7240
2026-10-06 11:11:00,1791299460,GME,25.08049964904785,25.08049964904785,25.059999465942383,25.059999465942383,9902
2026-10-06 11:12:00,1791299520,GME,25.059999465942383,25.059999465942383,25.00149917602539,25.00149917602539,23777
2026-10-06 11:13:00,1791299580,GME,25.010000228881836,25.014999389648438,25.0,25.0,20677
2026-10-06 11:14:00,1791299640,GME,24.989999771118164,24.9950008392334,24.96500015258789,24.96780014038086,17986
2026-10-06 11:15:00,1791299700,GME,24.96500015258789,24.969900131225586,24.940000534057617,24.954999923706055,49685
2026-10-06 11:16:00,1791299760,GME,24.954999923706055,24.954999923706055,24.93000030517578,24.940000534057617,7370
2026-10-06 11:17:00,1791299820,GME,24.940000534057617,24.94499969482422,24.90999984741211,24.934999465942383,24996
2026-10-06 11:18:00,1791299880,GME,24.93000030517578,24.93000030517578,24.899999618530273,24.924999237060547,7295
2026-10-06 11:19:00,1791299940,GME,24.924999237060547,24.934999465942383,24.915000915527344,24.924999237060547,10131
2026-10-06 11:20:00,1791300000,GME,24.924999237060547,24.924999237060547,24.905000686645508,24.915000915527344,8109
2026-10-06 11:21:00,1791300060,GME,24.90999984741211,24.90999984741211,24.895000457763672,24.895000457763672,6052
2026-10-06 11:22:00,1791300120,GME,24.895000457763672,24.924999237060547,24.8700008392334,24.924999237060547,17644
2026-10-06 11:23:00,1791300180,GME,24.920000076293945,24.93000030517578,24.920000076293945,24.924999237060547,11089
2026-10-06 11:24:00,1791300240,GME,24.920000076293945,24.959999084472656,24.90999984741211,24.954999923706055,8836
2026-10-06 11:25:00,1791300300,GME,24.954999923706055,24.954999923706055,24.94499969482422,24.94499969482422,5862
2026-10-06 11:26:00,1791300360,GME,24.94499969482422,24.94499969482422,24.94499969482422,24.94499969482422,877
2026-10-06 11:27:00,1791300420,GME,24.950000762939453,24.989900588989258,24.950000762939453,24.989900588989258,3346
2026-10-06 11:28:00,1791300480,GME,24.979999542236328,24.997600555419922,24.969999313354492,24.985000610351562,11670
2026-10-06 11:29:00,1791300540,GME,24.985000610351562,24.989999771118164,24.985000610351562,24.989999771118164,2918
2026-10-06 11:30:00,1791300600,GME,24.985000610351562,24.985000610351562,24.969999313354492,24.974000930786133,6775
2026-10-06 11:31:00,1791300660,GME,24.975000381469727,24.979999542236328,24.9713191986084,24.975000381469727,3976
2026-10-06 11:32:00,1791300720,GME,24.979999542236328,24.979999542236328,24.950000762939453,24.96500015258789,12312
2026-10-06 11:33:00,1791300780,GME,24.96500015258789,24.9950008392334,24.96500015258789,24.9950008392334,5667
2026-10-06 11:34:00,1791300840,GME,25.0,25.0,24.96500015258789,24.96500015258789,3992
2026-10-06 11:35:00,1791300900,GME,24.959999084472656,24.96500015258789,24.940000534057617,24.94499969482422,9427
2026-10-06 11:36:00,1791300960,GME,24.94499969482422,24.985000610351562,24.94409942626953,24.985000610351562,14109
2026-10-06 11:37:00,1791301020,GME,24.979999542236328,24.979999542236328,24.96500015258789,24.96500015258789,5947
2026-10-06 11:38:00,1791301080,GME,24.96500015258789,24.979999542236328,24.96500015258789,24.975000381469727,16331
2026-10-06 11:39:00,1791301140,GME,24.975000381469727,24.979999542236328,24.969999313354492,24.975000381469727,2915
2026-10-06 11:40:00,1791301200,GME,24.979999542236328,24.985000610351562,24.979999542236328,24.985000610351562,1790
2026-10-06 11:41:00,1791301260,GME,24.979999542236328,24.979999542236328,24.975000381469727,24.979900360107422,3875
2026-10-06 11:42:00,1791301320,GME,24.979799270629883,24.990299224853516,24.969999313354492,24.969999313354492,11013
2026-10-06 11:43:00,1791301380,GME,24.969999313354492,24.979999542236328,24.969999313354492,24.979999542236328,23016
2026-10-06 11:44:00,1791301440,GME,24.985000610351562,25.049999237060547,24.969999313354492,25.014999389648438,58549
2026-10-06 11:45:00,1791301500,GME,25.014999389648438,25.030000686645508,25.013999938964844,25.014999389648438,12018
2026-10-06 11:46:00,1791301560,GME,25.014999389648438,25.014999389648438,25.0,25.00510025024414,4118
2026-10-06 11:47:00,1791301620,GME,25.00510025024414,25.00510025024414,25.00510025024414,25.00510025024414,985
2026-10-06 11:48:00,1791301680,GME,25.010000228881836,25.014999389648438,25.0,25.0049991607666,4877
2026-10-06 11:49:00,1791301740,GME,25.00510025024414,25.030000686645508,25.0,25.024999618530273,3737
2026-10-06 11:50:00,1791301800,GME,25.024999618530273,25.03499984741211,25.020000457763672,25.03499984741211,3281
2026-10-06 11:51:00,1791301860,GME,25.030000686645508,25.040000915527344,25.024999618530273,25.024999618530273,8884
2026-10-06 11:52:00,1791301920,GME,25.030000686645508,25.049999237060547,25.030000686645508,25.045000076293945,2885
2026-10-06 11:53:00,1791301980,GME,25.045000076293945,25.045000076293945,25.045000076293945,25.045000076293945,462
2026-10-06 11:54:00,1791302040,GME,25.045000076293945,25.047399520874023,25.030000686645508,25.040000915527344,9705
2026-10-06 11:55:00,1791302100,GME,25.03499984741211,25.040000915527344,25.030000686645508,25.040000915527344,3566
2026-10-06 11:56:00,1791302160,GME,25.045000076293945,25.049999237060547,25.040000915527344,25.04509925842285,7471
2026-10-06 11:57:00,1791302220,GME,25.040000915527344,25.040000915527344,25.03499984741211,25.03499984741211,1021
2026-10-06 11:58:00,1791302280,GME,25.030000686645508,25.03499984741211,25.010000228881836,25.014999389648438,7594
2026-10-06 11:59:00,1791302340,GME,25.010000228881836,25.010000228881836,24.989999771118164,24.9950008392334,11827
2026-10-06 12:00:00,1791302400,GME,25.0,25.024999618530273,24.959999084472656,24.969900131225586,32646
2026-10-06 12:01:00,1791302460,GME,24.96500015258789,24.96500015258789,24.920000076293945,24.924999237060547,10297
2026-10-06 12:02:00,1791302520,GME,24.924999237060547,24.929800033569336,24.920000076293945,24.920000076293945,6644
2026-10-06 12:03:00,1791302580,GME,24.920000076293945,24.924999237060547,24.899999618530273,24.899999618530273,5475
2026-10-06 12:04:00,1791302640,GME,24.90999984741211,24.90999984741211,24.875,24.89780044555664,15454
2026-10-06 12:05:00,1791302700,GME,24.899900436401367,24.899900436401367,24.885000228881836,24.885000228881836,2784
2026-10-06 12:06:00,1791302760,GME,24.889999389648438,24.895000457763672,24.86009979248047,24.864999771118164,9708
2026-10-06 12:07:00,1791302820,GME,24.8700008392334,24.8700008392334,24.844999313354492,24.860000610351562,16175
2026-10-06 12:08:00,1791302880,GME,24.860000610351562,24.864999771118164,24.840099334716797,24.864999771118164,4344
2026-10-06 12:09:00,1791302940,GME,24.860000610351562,24.8700008392334,24.844999313354492,24.86989974975586,7630
2026-10-06 12:10:00,1791303000,GME,24.875,24.8799991607666,24.850000381469727,24.854999542236328,13682
2026-10-06 12:11:00,1791303060,GME,24.860000610351562,24.860000610351562,24.854999542236328,24.854999542236328,4806
2026-10-06 12:12:00,1791303120,GME,24.851999282836914,24.860000610351562,24.834999084472656,24.854999542236328,11136
2026-10-06 12:13:00,1791303180,GME,24.860000610351562,24.864999771118164,24.850000381469727,24.854999542236328,4010
2026-10-06 12:14:00,1791303240,GME,24.850000381469727,24.850000381469727,24.829999923706055,24.850000381469727,16849
2026-10-06 12:15:00,1791303300,GME,24.854999542236328,24.8700008392334,24.850099563598633,24.86400032043457,5192
2026-10-06 12:16:00,1791303360,GME,24.864999771118164,24.864999771118164,24.81999969482422,24.829999923706055,10254
2026-10-06 12:17:00,1791303420,GME,24.825000762939453,24.825000762939453,24.809999465942383,24.809999465942383,3243
2026-10-06 12:18:00,1791303480,GME,24.809999465942383,24.84000015258789,24.809999465942383,24.820100784301758,11135
2026-10-06 12:19:00,1791303540,GME,24.829999923706055,24.834999084472656,24.815000534057617,24.81999969482422,7499
2026-10-06 12:20:00,1791303600,GME,24.825000762939453,24.834999084472656,24.809999465942383,24.834999084472656,23085
2026-10-06 12:21:00,1791303660,GME,24.829999923706055,24.829999923706055,24.820100784301758,24.822200775146484,1559
2026-10-06 12:22:00,1791303720,GME,24.825000762939453,24.825000762939453,24.799999237060547,24.80500030517578,8237
2026-10-06 12:23:00,1791303780,GME,24.801000595092773,24.809999465942383,24.77239990234375,24.77239990234375,12853
2026-10-06 12:24:00,1791303840,GME,24.774999618530273,24.780000686645508,24.735000610351562,24.760000228881836,43616
2026-10-06 12:25:00,1791303900,GME,24.770000457763672,24.78499984741211,24.760000228881836,24.78499984741211,14511
2026-10-06 12:26:00,1791303960,GME,24.78499984741211,24.799999237060547,24.78499984741211,24.795000076293945,14385
2026-10-06 12:27:00,1791304020,GME,24.795000076293945,24.795000076293945,24.780000686645508,24.78499984741211,13376
2026-10-06 12:28:00,1791304080,GME,24.790000915527344,24.799999237060547,24.781400680541992,24.795000076293945,8811
2026-10-06 12:29:00,1791304140,GME,24.79990005493164,24.79990005493164,24.780000686645508,24.79990005493164,6274
2026-10-06 12:30:00,1791304200,GME,24.79949951171875,24.829999923706055,24.79949951171875,24.825000762939453,15697
2026-10-06 12:31:00,1791304260,GME,24.81999969482422,24.825000762939453,24.809999465942383,24.825000762939453,12116
2026-10-06 12:32:00,1791304320,GME,24.829999923706055,24.83679962158203,24.829999923706055,24.829999923706055,5003
2026-10-06 12:33:00,1791304380,GME,24.825000762939453,24.829999923706055,24.770000457763672,24.78499984741211,21254
2026-10-06 12:34:00,1791304440,GME,24.78499984741211,24.790000915527344,24.780000686645508,24.780000686645508,3173
2026-10-06 12:35:00,1791304500,GME,24.780000686645508,24.780000686645508,24.774999618530273,24.774999618530273,2654
2026-10-06 12:36:00,1791304560,GME,24.774999618530273,24.78499984741211,24.770000457763672,24.780000686645508,6661
2026-10-06 12:37:00,1791304620,GME,24.78499984741211,24.790000915527344,24.78499984741211,24.78499984741211,2937
2026-10-06 12:38:00,1791304680,GME,24.780000686645508,24.799999237060547,24.780000686645508,24.799999237060547,15738
2026-10-06 12:39:00,1791304740,GME,24.809999465942383,24.809999465942383,24.7898006439209,24.795000076293945,12384
2026-10-06 12:40:00,1791304800,GME,24.795000076293945,24.795000076293945,24.784500122070312,24.790000915527344,4082
2026-10-06 12:41:00,1791304860,GME,24.790000915527344,24.795000076293945,24.774999618530273,24.774999618530273,5268
2026-10-06 12:42:00,1791304920,GME,24.770099639892578,24.780000686645508,24.764999389648438,24.76799964904785,3401
2026-10-06 12:43:00,1791304980,GME,24.770000457763672,24.770000457763672,24.760000228881836,24.764999389648438,9241
2026-10-06 12:44:00,1791305040,GME,24.764999389648438,24.769899368286133,24.760000228881836,24.764999389648438,2589
2026-10-06 12:45:00,1791305100,GME,24.760000228881836,24.760000228881836,24.75,24.7549991607666,5561
2026-10-06 12:46:00,1791305160,GME,24.7549991607666,24.7549991607666,24.691999435424805,24.710800170898438,21567
2026-10-06 12:47:00,1791305220,GME,24.709999084472656,24.719999313354492,24.709999084472656,24.709999084472656,7861
2026-10-06 12:48:00,1791305280,GME,24.712200164794922,24.719999313354492,24.709999084472656,24.719999313354492,2272
2026-10-06 12:49:00,1791305340,GME,24.709999084472656,24.725000381469727,24.70949935913086,24.719999313354492,6559
2026-10-06 12:50:00,1791305400,GME,24.725000381469727,24.7450008392334,24.725000381469727,24.7450008392334,4434
2026-10-06 12:51:00,1791305460,GME,24.741300582885742,24.7549991607666,24.741300582885742,24.75,8437
2026-10-06 12:52:00,1791305520,GME,24.7549991607666,24.760000228881836,24.75,24.75149917602539,3935
2026-10-06 12:53:00,1791305580,GME,24.7549991607666,24.7549991607666,24.729999542236328,24.7549991607666,15558
2026-10-06 12:54:00,1791305640,GME,24.751399993896484,24.751399993896484,24.739999771118164,24.7450008392334,2893
2026-10-06 12:55:00,1791305700,GME,24.739999771118164,24.739999771118164,24.725000381469727,24.729999542236328,2347
2026-10-06 12:56:00,1791305760,GME,24.725000381469727,24.735000610351562,24.719999313354492,24.735000610351562,7125
2026-10-06 12:57:00,1791305820,GME,24.732200622558594,24.735000610351562,24.729999542236328,24.729999542236328,1181
2026-10-06 12:58:00,1791305880,GME,24.735000610351562,24.739999771118164,24.729999542236328,24.729999542236328,3125
2026-10-06 12:59:00,1791305940,GME,24.737600326538086,24.739900588989258,24.729999542236328,24.73900032043457,5129
2026-10-06 13:00:00,1791306000,GME,24.729999542236328,24.75,24.729999542236328,24.7450008392334,6430
2026-10-06 13:01:00,1791306060,GME,24.7450008392334,24.75,24.7450008392334,24.7450008392334,4074
2026-10-06 13:02:00,1791306120,GME,24.7450008392334,24.7450008392334,24.730100631713867,24.730100631713867,5297
2026-10-06 13:03:00,1791306180,GME,24.735000610351562,24.739999771118164,24.720500946044922,24.729999542236328,5995
2026-10-06 13:04:00,1791306240,GME,24.732200622558594,24.7450008392334,24.732200622558594,24.7450008392334,2895
2026-10-06 13:05:00,1791306300,GME,24.75,24.75,24.7450008392334,24.75,2315
2026-10-06 13:06:00,1791306360,GME,24.7450008392334,24.749900817871094,24.720199584960938,24.739999771118164,8119
2026-10-06 13:07:00,1791306420,GME,24.7450008392334,24.75819969177246,24.740100860595703,24.7549991607666,7241
2026-10-06 13:08:00,1791306480,GME,24.758100509643555,24.780000686645508,24.7549991607666,24.774999618530273,2605
2026-10-06 13:09:00,1791306540,GME,24.774999618530273,24.809999465942383,24.774999618530273,24.78499984741211,40697
2026-10-06 13:10:00,1791306600,GME,24.780099868774414,24.780099868774414,24.760000228881836,24.764999389648438,14232
2026-10-06 13:11:00,1791306660,GME,24.760000228881836,24.78499984741211,24.760000228881836,24.774999618530273,18026
2026-10-06 13:12:00,1791306720,GME,24.770099639892578,24.780000686645508,24.770099639892578,24.774999618530273,6902
2026-10-06 13:13:00,1791306780,GME,24.770000457763672,24.770000457763672,24.760000228881836,24.764999389648438,3943
2026-10-06 13:14:00,1791306840,GME,24.760099411010742,24.774999618530273,24.760099411010742,24.774999618530273,3032
2026-10-06 13:15:00,1791306900,GME,24.775100708007812,24.78499984741211,24.775100708007812,24.78499984741211,1909
2026-10-06 13:16:00,1791306960,GME,24.78499984741211,24.790000915527344,24.780000686645508,24.780099868774414,4384
2026-10-06 13:17:00,1791307020,GME,24.780000686645508,24.780000686645508,24.764999389648438,24.764999389648438,2818
2026-10-06 13:18:00,1791307080,GME,24.760000228881836,24.760000228881836,24.75,24.7549991607666,4647
2026-10-06 13:19:00,1791307140,GME,24.760000228881836,24.774999618530273,24.75,24.75,5043
2026-10-06 13:20:00,1791307200,GME,24.7549991607666,24.760000228881836,24.75,24.7549991607666,3220
2026-10-06 13:21:00,1791307260,GME,24.7549991607666,24.7549991607666,24.7450008392334,24.75,4733
2026-10-06 13:22:00,1791307320,GME,24.759899139404297,24.770000457763672,24.759899139404297,24.770000457763672,4669
2026-10-06 13:23:00,1791307380,GME,24.762300491333008,24.764999389648438,24.760000228881836,24.764999389648438,3257
2026-10-06 13:24:00,1791307440,GME,24.764999389648438,24.764999389648438,24.760000228881836,24.760000228881836,1763
2026-10-06 13:25:00,1791307500,GME,24.7549991607666,24.765399932861328,24.75,24.764999389648438,8014
2026-10-06 13:26:00,1791307560,GME,24.764999389648438,24.766599655151367,24.7549991607666,24.7549991607666,2804
2026-10-06 13:27:00,1791307620,GME,24.75,24.75,24.729999542236328,24.73390007019043,14174
2026-10-06 13:28:00,1791307680,GME,24.729999542236328,24.739999771118164,24.729999542236328,24.739999771118164,5055
2026-10-06 13:29:00,1791307740,GME,24.735000610351562,24.745800018310547,24.735000610351562,24.735000610351562,4289
2026-10-06 13:30:00,1791307800,GME,24.735000610351562,24.7549991607666,24.735000610351562,24.75,5425
2026-10-06 13:31:00,1791307860,GME,24.739999771118164,24.739999771118164,24.729999542236328,24.735000610351562,3377
2026-10-06 13:32:00,1791307920,GME,24.735000610351562,24.735000610351562,24.719999313354492,24.729999542236328,4815
2026-10-06 13:33:00,1791307980,GME,24.729999542236328,24.729999542236328,24.719999313354492,24.725000381469727,6567
2026-10-06 13:34:00,1791308040,GME,24.725000381469727,24.729999542236328,24.71500015258789,24.729999542236328,5682
2026-10-06 13:35:00,1791308100,GME,24.735000610351562,24.739999771118164,24.729999542236328,24.729999542236328,5588
2026-10-06 13:36:00,1791308160,GME,24.729999542236328,24.729999542236328,24.709999084472656,24.71500015258789,9389
2026-10-06 13:37:00,1791308220,GME,24.71500015258789,24.729999542236328,24.709999084472656,24.725000381469727,7040
2026-10-06 13:38:00,1791308280,GME,24.729999542236328,24.729999542236328,24.719999313354492,24.719999313354492,1685
2026-10-06 13:39:00,1791308340,GME,24.725000381469727,24.735000610351562,24.725000381469727,24.735000610351562,4501
2026-10-06 13:40:00,1791308400,GME,24.735000610351562,24.735000610351562,24.725000381469727,24.725000381469727,4062
2026-10-06 13:41:00,1791308460,GME,24.725000381469727,24.728599548339844,24.719999313354492,24.72760009765625,3112
2026-10-06 13:42:00,1791308520,GME,24.719999313354492,24.719999313354492,24.690000534057617,24.69499969482422,8878
2026-10-06 13:43:00,1791308580,GME,24.69499969482422,24.700000762939453,24.690000534057617,24.690000534057617,6247
2026-10-06 13:44:00,1791308640,GME,24.684999465942383,24.690000534057617,24.670000076293945,24.690000534057617,22761
2026-10-06 13:45:00,1791308700,GME,24.690000534057617,24.719999313354492,24.68000030517578,24.71500015258789,10226
2026-10-06 13:46:00,1791308760,GME,24.71500015258789,24.71500015258789,24.709999084472656,24.709999084472656,8147
2026-10-06 13:47:00,1791308820,GME,24.71500015258789,24.718000411987305,24.710100173950195,24.71780014038086,5513
2026-10-06 13:48:00,1791308880,GME,24.71500015258789,24.747800827026367,24.71500015258789,24.747800827026367,10278
2026-10-06 13:49:00,1791308940,GME,24.740299224853516,24.75510025024414,24.729999542236328,24.7549991607666,7817
2026-10-06 13:50:00,1791309000,GME,24.75,24.759899139404297,24.739999771118164,24.739999771118164,3807
2026-10-06 13:51:00,1791309060,GME,24.7450008392334,24.7549991607666,24.7450008392334,24.7549991607666,1837
2026-10-06 13:52:00,1791309120,GME,24.75,24.75670051574707,24.7450008392334,24.7549991607666,4171
2026-10-06 13:53:00,1791309180,GME,24.750099182128906,24.7549991607666,24.749799728393555,24.749799728393555,5450
2026-10-06 13:54:00,1791309240,GME,24.7450008392334,24.7549991607666,24.741100311279297,24.74850082397461,6291
2026-10-06 13:55:00,1791309300,GME,24.7450008392334,24.7450008392334,24.621000289916992,24.625,77404
2026-10-06 13:56:00,1791309360,GME,24.625,24.635000228881836,24.610000610351562,24.6299991607666,30452
2026-10-06 13:57:00,1791309420,GME,24.625,24.665000915527344,24.625,24.65999984741211,14008
2026-10-06 13:58:00,1791309480,GME,24.65999984741211,24.670000076293945,24.65999984741211,24.665000915527344,11807
2026-10-06 13:59:00,1791309540,GME,24.665000915527344,24.690000534057617,24.66010093688965,24.684999465942383,5821
2026-10-06 14:00:00,1791309600,GME,24.689899444580078,24.690000534057617,24.674999237060547,24.674999237060547,9142
2026-10-06 14:01:00,1791309660,GME,24.670000076293945,24.709999084472656,24.66990089416504,24.690099716186523,13641
2026-10-06 14:02:00,1791309720,GME,24.69499969482422,24.69499969482422,24.69499969482422,24.69499969482422,1328
2026-10-06 14:03:00,1791309780,GME,24.690000534057617,24.692100524902344,24.684999465942383,24.684999465942383,4587
2026-10-06 14:04:00,1791309840,GME,24.684999465942383,24.700000762939453,24.68000030517578,24.693199157714844,13711
2026-10-06 14:05:00,1791309900,GME,24.69499969482422,24.700000762939453,24.69499969482422,24.700000762939453,2436
2026-10-06 14:06:00,1791309960,GME,24.704999923706055,24.709999084472656,24.7007999420166,24.709999084472656,5987
2026-10-06 14:07:00,1791310020,GME,24.710100173950195,24.719999313354492,24.704999923706055,24.704999923706055,6073
2026-10-06 14:08:00,1791310080,GME,24.704999923706055,24.709999084472656,24.69499969482422,24.709999084472656,7018
2026-10-06 14:09:00,1791310140,GME,24.704999923706055,24.71500015258789,24.704999923706055,24.71500015258789,3045
2026-10-06 14:10:00,1791310200,GME,24.719999313354492,24.719999313354492,24.709999084472656,24.71500015258789,11460
2026-10-06 14:11:00,1791310260,GME,24.713899612426758,24.729999542236328,24.709999084472656,24.729900360107422,7060
2026-10-06 14:12:00,1791310320,GME,24.719999313354492,24.725000381469727,24.709999084472656,24.709999084472656,5205
2026-10-06 14:13:00,1791310380,GME,24.704999923706055,24.709999084472656,24.68000030517578,24.69499969482422,9131
2026-10-06 14:14:00,1791310440,GME,24.69499969482422,24.700000762939453,24.692100524902344,24.694900512695312,1825
2026-10-06 14:15:00,1791310500,GME,24.69499969482422,24.700000762939453,24.690000534057617,24.700000762939453,8810
2026-10-06 14:16:00,1791310560,GME,24.70210075378418,24.70949935913086,24.70210075378418,24.704999923706055,964
2026-10-06 14:17:00,1791310620,GME,24.709999084472656,24.725000381469727,24.708200454711914,24.725000381469727,4473
2026-10-06 14:18:00,1791310680,GME,24.729999542236328,24.760000228881836,24.729999542236328,24.7549991607666,13340
2026-10-06 14:19:00,1791310740,GME,24.7549991607666,24.774999618530273,24.7450008392334,24.774999618530273,10328
2026-10-06 14:20:00,1791310800,GME,24.770099639892578,24.81999969482422,24.760000228881836,24.815000534057617,21301
2026-10-06 14:21:00,1791310860,GME,24.817699432373047,24.81999969482422,24.799999237060547,24.799999237060547,10389
2026-10-06 14:22:00,1791310920,GME,24.799999237060547,24.809999465942383,24.799999237060547,24.799999237060547,5950
2026-10-06 14:23:00,1791310980,GME,24.80500030517578,24.815000534057617,24.770000457763672,24.774999618530273,21347
2026-10-06 14:24:00,1791311040,GME,24.77869987487793,24.780000686645508,24.770000457763672,24.780000686645508,3252
2026-10-06 14:25:00,1791311100,GME,24.774999618530273,24.780000686645508,24.760000228881836,24.774999618530273,5408
2026-10-06 14:26:00,1791311160,GME,24.770000457763672,24.770000457763672,24.760000228881836,24.764999389648438,3538
2026-10-06 14:27:00,1791311220,GME,24.760000228881836,24.770000457763672,24.7549991607666,24.76580047607422,18266
2026-10-06 14:28:00,1791311280,GME,24.760000228881836,24.769500732421875,24.760000228881836,24.760000228881836,3272
2026-10-06 14:29:00,1791311340,GME,24.7549991607666,24.760000228881836,24.75,24.7549991607666,5134
2026-10-06 14:30:00,1791311400,GME,24.75309944152832,24.75309944152832,24.700000762939453,24.700000762939453,39211
2026-10-06 14:31:00,1791311460,GME,24.700000762939453,24.700000762939453,24.68000030517578,24.684999465942383,13653
2026-10-06 14:32:00,1791311520,GME,24.688800811767578,24.699899673461914,24.68000030517578,24.684999465942383,24017
2026-10-06 14:33:00,1791311580,GME,24.68000030517578,24.700000762939453,24.68000030517578,24.69499969482422,5956
2026-10-06 14:34:00,1791311640,GME,24.691699981689453,24.69499969482422,24.690000534057617,24.690000534057617,4707
2026-10-06 14:35:00,1791311700,GME,24.684999465942383,24.684999465942383,24.68000030517578,24.68000030517578,2571
2026-10-06 14:36:00,1791311760,GME,24.684999465942383,24.690000534057617,24.68000030517578,24.684999465942383,4318
2026-10-06 14:37:00,1791311820,GME,24.68000030517578,24.704999923706055,24.68000030517578,24.704999923706055,7577
2026-10-06 14:38:00,1791311880,GME,24.709999084472656,24.709999084472656,24.690000534057617,24.690000534057617,7793
2026-10-06 14:39:00,1791311940,GME,24.690000534057617,24.690000534057617,24.614999771118164,24.620100021362305,48038
2026-10-06 14:40:00,1791312000,GME,24.614999771118164,24.6200008392334,24.600000381469727,24.600000381469727,13626
2026-10-06 14:41:00,1791312060,GME,24.610000610351562,24.6200008392334,24.604999542236328,24.612300872802734,10891
2026-10-06 14:42:00,1791312120,GME,24.614999771118164,24.637699127197266,24.61009979248047,24.637399673461914,10496
2026-10-06 14:43:00,1791312180,GME,24.633190155029297,24.649999618530273,24.633190155029297,24.649999618530273,13284
2026-10-06 14:44:00,1791312240,GME,24.649999618530273,24.655000686645508,24.640100479125977,24.655000686645508,8395
2026-10-06 14:45:00,1791312300,GME,24.655000686645508,24.655000686645508,24.641700744628906,24.645000457763672,5898
2026-10-06 14:46:00,1791312360,GME,24.645000457763672,24.655000686645508,24.639999389648438,24.655000686645508,5019
2026-10-06 14:47:00,1791312420,GME,24.655000686645508,24.68000030517578,24.655000686645508,24.68000030517578,11793
2026-10-06 14:48:00,1791312480,GME,24.674999237060547,24.674999237060547,24.655000686645508,24.655000686645508,9937
2026-10-06 14:49:00,1791312540,GME,24.655000686645508,24.659700393676758,24.639999389648438,24.645000457763672,4529
2026-10-06 14:50:00,1791312600,GME,24.645000457763672,24.645000457763672,24.6200008392334,24.635000228881836,11532
2026-10-06 14:51:00,1791312660,GME,24.635000228881836,24.635700225830078,24.635000228881836,24.635700225830078,2382
2026-10-06 14:52:00,1791312720,GME,24.631999969482422,24.63800048828125,24.6299991607666,24.635000228881836,7131
2026-10-06 14:53:00,1791312780,GME,24.635000228881836,24.645000457763672,24.635000228881836,24.645000457763672,4321
2026-10-06 14:54:00,1791312840,GME,24.645000457763672,24.655000686645508,24.6299991607666,24.655000686645508,7581
2026-10-06 14:55:00,1791312900,GME,24.655000686645508,24.655000686645508,24.645000457763672,24.645000457763672,7341
2026-10-06 14:56:00,1791312960,GME,24.645000457763672,24.649999618530273,24.635000228881836,24.635000228881836,5577
2026-10-06 14:57:00,1791313020,GME,24.638200759887695,24.64739990234375,24.63010025024414,24.645000457763672,10739
2026-10-06 14:58:00,1791313080,GME,24.645000457763672,24.649999618530273,24.645000457763672,24.645000457763672,6356
2026-10-06 14:59:00,1791313140,GME,24.645000457763672,24.655000686645508,24.635000228881836,24.635000228881836,12952
2026-10-06 15:00:00,1791313200,GME,24.638399124145508,24.638399124145508,24.610000610351562,24.610000610351562,12005
2026-10-06 15:01:00,1791313260,GME,24.609899520874023,24.614999771118164,24.56999969482422,24.575000762939453,44588
2026-10-06 15:02:00,1791313320,GME,24.579700469970703,24.579700469970703,24.540000915527344,24.540000915527344,22819
2026-10-06 15:03:00,1791313380,GME,24.53499984741211,24.540000915527344,24.520000457763672,24.528200149536133,15101
2026-10-06 15:04:00,1791313440,GME,24.524999618530273,24.584999084472656,24.524999618530273,24.57990074157715,29700
2026-10-06 15:05:00,1791313500,GME,24.575000762939453,24.575000762939453,24.55500030517578,24.55500030517578,10605
2026-10-06 15:06:00,1791313560,GME,24.559999465942383,24.565000534057617,24.520000457763672,24.530000686645508,17188
2026-10-06 15:07:00,1791313620,GME,24.524999618530273,24.540000915527344,24.524999618530273,24.53499984741211,9450
2026-10-06 15:08:00,1791313680,GME,24.53499984741211,24.55500030517578,24.530099868774414,24.55500030517578,13000
2026-10-06 15:09:00,1791313740,GME,24.549999237060547,24.549999237060547,24.524999618530273,24.53499984741211,9146
2026-10-06 15:10:00,1791313800,GME,24.53499984741211,24.53499984741211,24.469999313354492,24.47130012512207,399125
2026-10-06 15:11:00,1791313860,GME,24.469999313354492,24.508499145507812,24.469999313354492,24.5049991607666,343081
2026-10-06 15:12:00,1791313920,GME,24.5049991607666,24.510000228881836,24.4950008392334,24.5,12206
2026-10-06 15:13:00,1791313980,GME,24.489999771118164,24.520000457763672,24.489999771118164,24.514999389648438,13943
2026-10-06 15:14:00,1791314040,GME,24.510000228881836,24.559999465942383,24.5,24.55500030517578,23695
2026-10-06 15:15:00,1791314100,GME,24.557600021362305,24.568300247192383,24.557600021362305,24.563100814819336,6107
2026-10-06 15:16:00,1791314160,GME,24.559999465942383,24.56999969482422,24.554899215698242,24.565000534057617,13992
2026-10-06 15:17:00,1791314220,GME,24.565000534057617,24.579999923706055,24.545000076293945,24.56999969482422,26015
2026-10-06 15:18:00,1791314280,GME,24.56130027770996,24.584999084472656,24.56130027770996,24.579999923706055,17236
2026-10-06 15:19:00,1791314340,GME,24.584999084472656,24.58989906311035,24.572999954223633,24.575000762939453,15739
2026-10-06 15:20:00,1791314400,GME,24.575000762939453,24.58009910583496,24.55500030517578,24.55500030517578,16995
2026-10-06 15:21:00,1791314460,GME,24.55500030517578,24.559999465942383,24.530000686645508,24.540000915527344,16319
2026-10-06 15:22:00,1791314520,GME,24.53499984741211,24.55133819580078,24.530000686645508,24.540000915527344,4652
2026-10-06 15:23:00,1791314580,GME,24.549999237060547,24.555099487304688,24.545000076293945,24.55500030517578,11690
2026-10-06 15:24:00,1791314640,GME,24.549999237060547,24.549999237060547,24.53499984741211,24.53499984741211,9468
2026-10-06 15:25:00,1791314700,GME,24.53499984741211,24.540000915527344,24.530000686645508,24.53499984741211,9704
2026-10-06 15:26:00,1791314760,GME,24.530000686645508,24.530000686645508,24.489999771118164,24.4950008392334,26144
2026-10-06 15:27:00,1791314820,GME,24.4950008392334,24.510000228881836,24.489999771118164,24.4950008392334,9717
2026-10-06 15:28:00,1791314880,GME,24.4950008392334,24.5049991607666,24.479999542236328,24.489999771118164,27097
2026-10-06 15:29:00,1791314940,GME,24.4950008392334,24.520000457763672,24.488800048828125,24.520000457763672,16657
2026-10-06 15:30:00,1791315000,GME,24.530000686645508,24.545000076293945,24.510000228881836,24.517799377441406,19215
2026-10-06 15:31:00,1791315060,GME,24.514999389648438,24.600000381469727,24.514999389648438,24.594999313354492,30492
2026-10-06 15:32:00,1791315120,GME,24.596200942993164,24.6200008392334,24.59000015258789,24.594999313354492,16991
2026-10-06 15:33:00,1791315180,GME,24.594999313354492,24.594999313354492,24.540000915527344,24.547800064086914,16448
2026-10-06 15:34:00,1791315240,GME,24.54990005493164,24.575000762939453,24.54990005493164,24.56765365600586,19613
2026-10-06 15:35:00,1791315300,GME,24.565000534057617,24.600000381469727,24.560100555419922,24.594999313354492,20688
2026-10-06 15:36:00,1791315360,GME,24.594999313354492,24.600000381469727,24.579999923706055,24.584999084472656,19819
2026-10-06 15:37:00,1791315420,GME,24.584999084472656,24.584999084472656,24.56999969482422,24.56999969482422,14908
2026-10-06 15:38:00,1791315480,GME,24.575000762939453,24.584999084472656,24.559999465942383,24.584999084472656,20883
2026-10-06 15:39:00,1791315540,GME,24.579999923706055,24.584999084472656,24.563600540161133,24.579999923706055,14919
2026-10-06 15:40:00,1791315600,GME,24.584999084472656,24.614999771118164,24.584999084472656,24.60689926147461,20648
2026-10-06 15:41:00,1791315660,GME,24.610000610351562,24.610000610351562,24.580400466918945,24.58989906311035,13939
2026-10-06 15:42:00,1791315720,GME,24.584999084472656,24.6200008392334,24.575000762939453,24.610000610351562,194160
2026-10-06 15:43:00,1791315780,GME,24.610000610351562,24.625,24.604999542236328,24.610000610351562,121952
2026-10-06 15:44:00,1791315840,GME,24.610000610351562,24.63990020751953,24.610000610351562,24.620100021362305,27734
2026-10-06 15:45:00,1791315900,GME,24.625,24.665000915527344,24.61009979248047,24.645000457763672,39743
2026-10-06 15:46:00,1791315960,GME,24.645000457763672,24.645000457763672,24.620100021362305,24.62969970703125,18223
2026-10-06 15:47:00,1791316020,GME,24.6299991607666,24.670000076293945,24.620100021362305,24.665000915527344,25667
2026-10-06 15:48:00,1791316080,GME,24.665000915527344,24.670000076293945,24.655000686645508,24.665000915527344,31705
2026-10-06 15:49:00,1791316140,GME,24.665000915527344,24.690000534057617,24.65220069885254,24.690000534057617,24626
2026-10-06 15:50:00,1791316200,GME,24.665000915527344,24.68000030517578,24.655000686645508,24.655000686645508,18923
2026-10-06 15:51:00,1791316260,GME,24.655000686645508,24.670000076293945,24.650100708007812,24.665000915527344,22117
2026-10-06 15:52:00,1791316320,GME,24.665000915527344,24.674999237060547,24.645000457763672,24.670000076293945,75413
2026-10-06 15:53:00,1791316380,GME,24.670000076293945,24.684999465942383,24.665000915527344,24.68000030517578,34794
2026-10-06 15:54:00,1791316440,GME,24.68000030517578,24.684999465942383,24.670000076293945,24.674999237060547,25889
2026-10-06 15:55:00,1791316500,GME,24.674999237060547,24.700000762939453,24.672300338745117,24.68079948425293,25994
2026-10-06 15:56:00,1791316560,GME,24.690000534057617,24.729999542236328,24.690000534057617,24.719999313354492,48304
2026-10-06 15:57:00,1791316620,GME,24.725000381469727,24.7450008392334,24.709999084472656,24.739999771118164,77155
2026-10-06 15:58:00,1791316680,GME,24.730100631713867,24.790000915527344,24.725000381469727,24.783100128173828,107968
2026-10-06 15:59:00,1791316740,GME,24.78499984741211,24.809999465942383,24.739999771118164,24.774999618530273,241420
2026-10-06 16:00:00,1791316800,GME,24.760000228881836,24.760000228881836,24.760000228881836,24.760000228881836,0
2026-10-07 09:30:00,1791379800,GME,24.530000686645508,24.610000610351562,24.434999465942383,24.469999313354492,491493
2026-10-07 09:31:00,1791379860,GME,24.469999313354492,24.6299991607666,24.459999084472656,24.59000015258789,19267
2026-10-07 09:32:00,1791379920,GME,24.6299991607666,24.6299991607666,24.590099334716797,24.60460090637207,6093
2026-10-07 09:33:00,1791379980,GME,24.579999923706055,24.6299991607666,24.56999969482422,24.56999969482422,8366
2026-10-07 09:34:00,1791380040,GME,24.579099655151367,24.581499099731445,24.520000457763672,24.52400016784668,6980
2026-10-07 09:35:00,1791380100,GME,24.530000686645508,24.559999465942383,24.479999542236328,24.545000076293945,13299
2026-10-07 09:36:00,1791380160,GME,24.55500030517578,24.59000015258789,24.54010009765625,24.559999465942383,13988
2026-10-07 09:37:00,1791380220,GME,24.575000762939453,24.610000610351562,24.560100555419922,24.604999542236328,23347
2026-10-07 09:38:00,1791380280,GME,24.610000610351562,24.65999984741211,24.565000534057617,24.565000534057617,22948
2026-10-07 09:39:00,1791380340,GME,24.56999969482422,24.56999969482422,24.5,24.514999389648438,30437
2026-10-07 09:40:00,1791380400,GME,24.500999450683594,24.549999237060547,24.5,24.5,11494
2026-10-07 09:41:00,1791380460,GME,24.500499725341797,24.530399322509766,24.5,24.530000686645508,11942
2026-10-07 09:42:00,1791380520,GME,24.524999618530273,24.530000686645508,24.489999771118164,24.520000457763672,20606
2026-10-07 09:43:00,1791380580,GME,24.510000228881836,24.510000228881836,24.430200576782227,24.489999771118164,18837
2026-10-07 09:44:00,1791380640,GME,24.479999542236328,24.510000228881836,24.459999084472656,24.489999771118164,8238
2026-10-07 09:45:00,1791380700,GME,24.4950008392334,24.549999237060547,24.489999771118164,24.549999237060547,8062
2026-10-07 09:46:00,1791380760,GME,24.545000076293945,24.545000076293945,24.489999771118164,24.489999771118164,10573
2026-10-07 09:47:00,1791380820,GME,24.469999313354492,24.49799919128418,24.469999313354492,24.479999542236328,1861
2026-10-07 09:48:00,1791380880,GME,24.479999542236328,24.489999771118164,24.46500015258789,24.479999542236328,3491
2026-10-07 09:49:00,1791380940,GME,24.495500564575195,24.5,24.469999313354492,24.48590087890625,4908
2026-10-07 09:50:00,1791381000,GME,24.495500564575195,24.57990074157715,24.4950008392334,24.549999237060547,37717
2026-10-07 09:51:00,1791381060,GME,24.56999969482422,24.6200008392334,24.56999969482422,24.6200008392334,5949
2026-10-07 09:52:00,1791381120,GME,24.6200008392334,24.6200008392334,24.589000701904297,24.600000381469727,3463
2026-10-07 09:53:00,1791381180,GME,24.6299991607666,24.65999984741211,24.596799850463867,24.65999984741211,12237
2026-10-07 09:54:00,1791381240,GME,24.665000915527344,24.670000076293945,24.639999389648438,24.64900016784668,4157
2026-10-07 09:55:00,1791381300,GME,24.649999618530273,24.68000030517578,24.649999618530273,24.670000076293945,9795
2026-10-07 09:56:00,1791381360,GME,24.663999557495117,24.674999237060547,24.65880012512207,24.65999984741211,5032
2026-10-07 09:57:00,1791381420,GME,24.679899215698242,24.68000030517578,24.652000427246094,24.658599853515625,3879
2026-10-07 09:58:00,1791381480,GME,24.65999984741211,24.68000030517578,24.600000381469727,24.600000381469727,8725
2026-10-07 09:59:00,1791381540,GME,24.62019920349121,24.62019920349121,24.610000610351562,24.6200008392334,2896
2026-10-07 10:00:00,1791381600,GME,24.614999771118164,24.639999389648438,24.600000381469727,24.6299991607666,7803
2026-10-07 10:01:00,1791381660,GME,24.670000076293945,24.709999084472656,24.639999389648438,24.670000076293945,11366
2026-10-07 10:02:00,1791381720,GME,24.68000030517578,24.690000534057617,24.68000030517578,24.68000030517578,7556
2026-10-07 10:03:00,1791381780,GME,24.68000030517578,24.719999313354492,24.670000076293945,24.674999237060547,10143
2026-10-07 10:04:00,1791381840,GME,24.670000076293945,24.670000076293945,24.649999618530273,24.649999618530273,4110
2026-10-07 10:05:00,1791381900,GME,24.649999618530273,24.65999984741211,24.625,24.635000228881836,9568
2026-10-07 10:06:00,1791381960,GME,24.635000228881836,24.649999618530273,24.635000228881836,24.649999618530273,2797
2026-10-07 10:07:00,1791382020,GME,24.645599365234375,24.649999618530273,24.611000061035156,24.614999771118164,7515
2026-10-07 10:08:00,1791382080,GME,24.614999771118164,24.6200008392334,24.610000610351562,24.610000610351562,3799
2026-10-07 10:09:00,1791382140,GME,24.6200008392334,24.700000762939453,24.6200008392334,24.67020034790039,18723
2026-10-07 10:10:00,1791382200,GME,24.670000076293945,24.670000076293945,24.622900009155273,24.622900009155273,12989
2026-10-07 10:11:00,1791382260,GME,24.6299991607666,24.639999389648438,24.628400802612305,24.639999389648438,4148
2026-10-07 10:12:00,1791382320,GME,24.635000228881836,24.639999389648438,24.604999542236328,24.610000610351562,7835
2026-10-07 10:13:00,1791382380,GME,24.610000610351562,24.610000610351562,24.59000015258789,24.59000015258789,7438
2026-10-07 10:14:00,1791382440,GME,24.59000015258789,24.600000381469727,24.575000762939453,24.600000381469727,7088
2026-10-07 10:15:00,1791382500,GME,24.610000610351562,24.614999771118164,24.600099563598633,24.610000610351562,3176
2026-10-07 10:16:00,1791382560,GME,24.610000610351562,24.635000228881836,24.59000015258789,24.609899520874023,11711
2026-10-07 10:17:00,1791382620,GME,24.614999771118164,24.639999389648438,24.614999771118164,24.639999389648438,5062
2026-10-07 10:18:00,1791382680,GME,24.635000228881836,24.65999984741211,24.635000228881836,24.65999984741211,2987
2026-10-07 10:19:00,1791382740,GME,24.649999618530273,24.68000030517578,24.639999389648438,24.65999984741211,6934
2026-10-07 10:20:00,1791382800,GME,24.656448364257812,24.68000030517578,24.655000686645508,24.670000076293945,3536
2026-10-07 10:21:00,1791382860,GME,24.670000076293945,24.68000030517578,24.670000076293945,24.68000030517578,2664
2026-10-07 10:22:00,1791382920,GME,24.65999984741211,24.690000534057617,24.65999984741211,24.684999465942383,3971
2026-10-07 10:23:00,1791382980,GME,24.68000030517578,24.700000762939453,24.655000686645508,24.65999984741211,10216
2026-10-07 10:24:00,1791383040,GME,24.670000076293945,24.670000076293945,24.670000076293945,24.670000076293945,1490
2026-10-07 10:25:00,1791383100,GME,24.670000076293945,24.68000030517578,24.65999984741211,24.68000030517578,1150
2026-10-07 10:26:00,1791383160,GME,24.670000076293945,24.674999237060547,24.670000076293945,24.670000076293945,1884
2026-10-07 10:27:00,1791383220,GME,24.65999984741211,24.65999984741211,24.645000457763672,24.649999618530273,7521
2026-10-07 10:28:00,1791383280,GME,24.645000457763672,24.65999984741211,24.643199920654297,24.649999618530273,5127
2026-10-07 10:29:00,1791383340,GME,24.649999618530273,24.670000076293945,24.649999618530273,24.670000076293945,6124
2026-10-07 10:30:00,1791383400,GME,24.664899826049805,24.664899826049805,24.639999389648438,24.649999618530273,4224
2026-10-07 10:31:00,1791383460,GME,24.645000457763672,24.700000762939453,24.645000457763672,24.700000762939453,9509
2026-10-07 10:32:00,1791383520,GME,24.690000534057617,24.700000762939453,24.680099487304688,24.680099487304688,3449
2026-10-07 10:33:00,1791383580,GME,24.690000534057617,24.700000762939453,24.59000015258789,24.6200008392334,13339
2026-10-07 10:34:00,1791383640,GME,24.6200008392334,24.6299991607666,24.610000610351562,24.610000610351562,3530
2026-10-07 10:35:00,1791383700,GME,24.6200008392334,24.6299991607666,24.614999771118164,24.625,3060
2026-10-07 10:36:00,1791383760,GME,24.6200008392334,24.6200008392334,24.614999771118164,24.614999771118164,3123
2026-10-07 10:37:00,1791383820,GME,24.614999771118164,24.6200008392334,24.614999771118164,24.6200008392334,7205
2026-10-07 10:38:00,1791383880,GME,24.6200008392334,24.639999389648438,24.6200008392334,24.6299991607666,5377
2026-10-07 10:39:00,1791383940,GME,24.6299991607666,24.6299991607666,24.59000015258789,24.610000610351562,6166
2026-10-07 10:40:00,1791384000,GME,24.6200008392334,24.6200008392334,24.6200008392334,24.6200008392334,609
2026-10-07 10:41:00,1791384060,GME,24.6200008392334,24.6200008392334,24.610000610351562,24.610000610351562,9921
2026-10-07 10:42:00,1791384120,GME,24.610000610351562,24.635000228881836,24.600000381469727,24.610000610351562,6532
2026-10-07 10:43:00,1791384180,GME,24.600000381469727,24.600000381469727,24.579999923706055,24.579999923706055,6720
2026-10-07 10:44:00,1791384240,GME,24.584999084472656,24.594999313354492,24.570499420166016,24.594999313354492,4164
2026-10-07 10:45:00,1791384300,GME,24.594999313354492,24.604999542236328,24.59000015258789,24.59000015258789,6292
2026-10-07 10:46:00,1791384360,GME,24.60449981689453,24.60449981689453,24.594999313354492,24.60449981689453,1958
2026-10-07 10:47:00,1791384420,GME,24.610000610351562,24.610000610351562,24.469999313354492,24.475000381469727,61232
2026-10-07 10:48:00,1791384480,GME,24.475000381469727,24.479999542236328,24.440000534057617,24.440000534057617,29256
2026-10-07 10:49:00,1791384540,GME,24.440000534057617,24.469999313354492,24.440000534057617,24.4507999420166,8613
2026-10-07 10:50:00,1791384600,GME,24.454999923706055,24.46500015258789,24.450000762939453,24.450000762939453,5150
2026-10-07 10:51:00,1791384660,GME,24.459999084472656,24.469999313354492,24.45800018310547,24.45989990234375,6566
2026-10-07 10:52:00,1791384720,GME,24.450000762939453,24.469999313354492,24.44499969482422,24.469999313354492,3939
2026-10-07 10:53:00,1791384780,GME,24.469999313354492,24.479900360107422,24.469999313354492,24.479900360107422,1668
2026-10-07 10:54:00,1791384840,GME,24.479999542236328,24.489999771118164,24.479999542236328,24.489999771118164,12986
2026-10-07 10:55:00,1791384900,GME,24.49799919128418,24.53499984741211,24.489999771118164,24.530000686645508,9924
2026-10-07 10:56:00,1791384960,GME,24.522199630737305,24.524999618530273,24.515899658203125,24.524999618530273,22214
2026-10-07 10:57:00,1791385020,GME,24.525100708007812,24.530000686645508,24.520000457763672,24.530000686645508,5794
2026-10-07 10:58:00,1791385080,GME,24.520000457763672,24.520000457763672,24.412799835205078,24.440000534057617,25103
2026-10-07 10:59:00,1791385140,GME,24.440000534057617,24.450300216674805,24.428300857543945,24.450300216674805,5075
2026-10-07 11:00:00,1791385200,GME,24.450000762939453,24.459999084472656,24.424999237060547,24.440000534057617,11404
2026-10-07 11:01:00,1791385260,GME,24.440000534057617,24.440000534057617,24.415000915527344,24.41819953918457,5072
2026-10-07 11:02:00,1791385320,GME,24.420000076293945,24.440000534057617,24.420000076293945,24.439899444580078,6101
2026-10-07 11:03:00,1791385380,GME,24.434999465942383,24.459999084472656,24.434999465942383,24.459999084472656,1788524
2026-10-07 11:04:00,1791385440,GME,24.459999084472656,24.479999542236328,24.459999084472656,24.479999542236328,3997
2026-10-07 11:05:00,1791385500,GME,24.489999771118164,24.510000228881836,24.469999313354492,24.5,118954
2026-10-07 11:06:00,1791385560,GME,24.4950008392334,24.4950008392334,24.479999542236328,24.487899780273438,4413
2026-10-07 11:07:00,1791385620,GME,24.485000610351562,24.489999771118164,24.480199813842773,24.489999771118164,28420
2026-10-07 11:08:00,1791385680,GME,24.485000610351562,24.5,24.485000610351562,24.4950008392334,6491
2026-10-07 11:09:00,1791385740,GME,24.497699737548828,24.52630043029785,24.497699737548828,24.52630043029785,5424
2026-10-07 11:10:00,1791385800,GME,24.518699645996094,24.520000457763672,24.514999389648438,24.520000457763672,2601
2026-10-07 11:11:00,1791385860,GME,24.524999618530273,24.530000686645508,24.510000228881836,24.524999618530273,5830
2026-10-07 11:12:00,1791385920,GME,24.530000686645508,24.559999465942383,24.530000686645508,24.55500030517578,5598
2026-10-07 11:13:00,1791385980,GME,24.55500030517578,24.59000015258789,24.55500030517578,24.584999084472656,6776
2026-10-07 11:14:00,1791386040,GME,24.59000015258789,24.611400604248047,24.565000534057617,24.59000015258789,22997
2026-10-07 11:15:00,1791386100,GME,24.584999084472656,24.6200008392334,24.584999084472656,24.6200008392334,3211
2026-10-07 11:16:00,1791386160,GME,24.604999542236328,24.610000610351562,24.604999542236328,24.610000610351562,1232
2026-10-07 11:17:00,1791386220,GME,24.61440086364746,24.649999618530273,24.6072998046875,24.645000457763672,702075
2026-10-07 11:18:00,1791386280,GME,24.645000457763672,24.645000457763672,24.639999389648438,24.639999389648438,1537
2026-10-07 11:19:00,1791386340,GME,24.635000228881836,24.700000762939453,24.635000228881836,24.670000076293945,10220
2026-10-07 11:20:00,1791386400,GME,24.68000030517578,24.684999465942383,24.670000076293945,24.670000076293945,12663
2026-10-07 11:21:00,1791386460,GME,24.674999237060547,24.674999237060547,24.645000457763672,24.645000457763672,6729
2026-10-07 11:22:00,1791386520,GME,24.639999389648438,24.665000915527344,24.639999389648438,24.665000915527344,4062
2026-10-07 11:23:00,1791386580,GME,24.665000915527344,24.670000076293945,24.639999389648438,24.645000457763672,4838
2026-10-07 11:24:00,1791386640,GME,24.645000457763672,24.64550018310547,24.6299991607666,24.63159942626953,9302
2026-10-07 11:25:00,1791386700,GME,24.6299991607666,24.639699935913086,24.621999740600586,24.621999740600586,5527
2026-10-07 11:26:00,1791386760,GME,24.6200008392334,24.6299991607666,24.613500595092773,24.613500595092773,3908
2026-10-07 11:27:00,1791386820,GME,24.6200008392334,24.649999618530273,24.6200008392334,24.639999389648438,7755
2026-10-07 11:28:00,1791386880,GME,24.6299991607666,24.6299991607666,24.610000610351562,24.610000610351562,3552
2026-10-07 11:29:00,1791386940,GME,24.599899291992188,24.639999389648438,24.59980010986328,24.6200008392334,49757
2026-10-07 11:30:00,1791387000,GME,24.6200008392334,24.6299991607666,24.604999542236328,24.604999542236328,2615
2026-10-07 11:31:00,1791387060,GME,24.600000381469727,24.610000610351562,24.584999084472656,24.610000610351562,9012
2026-10-07 11:32:00,1791387120,GME,24.604999542236328,24.604999542236328,24.600000381469727,24.604999542236328,1814
2026-10-07 11:33:00,1791387180,GME,24.600000381469727,24.600000381469727,24.579999923706055,24.579999923706055,3439
2026-10-07 11:34:00,1791387240,GME,24.579999923706055,24.58009910583496,24.56999969482422,24.579999923706055,2640
2026-10-07 11:35:00,1791387300,GME,24.57710075378418,24.580299377441406,24.57710075378418,24.579999923706055,1901
2026-10-07 11:36:00,1791387360,GME,24.579999923706055,24.579999923706055,24.565000534057617,24.565000534057617,5668
2026-10-07 11:37:00,1791387420,GME,24.565000534057617,24.565000534057617,24.540000915527344,24.549999237060547,10851
2026-10-07 11:38:00,1791387480,GME,24.559999465942383,24.56999969482422,24.549999237060547,24.549999237060547,3189
2026-10-07 11:39:00,1791387540,GME,24.549999237060547,24.559900283813477,24.540000915527344,24.540000915527344,2557
2026-10-07 11:40:00,1791387600,GME,24.540000915527344,24.549999237060547,24.540000915527344,24.549999237060547,1803
2026-10-07 11:41:00,1791387660,GME,24.549999237060547,24.549999237060547,24.54199981689453,24.545000076293945,1209
2026-10-07 11:42:00,1791387720,GME,24.545000076293945,24.55500030517578,24.545000076293945,24.550100326538086,4589
2026-10-07 11:43:00,1791387780,GME,24.559999465942383,24.579999923706055,24.55500030517578,24.579999923706055,9575
2026-10-07 11:44:00,1791387840,GME,24.575000762939453,24.575000762939453,24.575000762939453,24.575000762939453,880
2026-10-07 11:45:00,1791387900,GME,24.575000762939453,24.575000762939453,24.575000762939453,24.575000762939453,2075
2026-10-07 11:46:00,1791387960,GME,24.579999923706055,24.579999923706055,24.479999542236328,24.489999771118164,41444
2026-10-07 11:47:00,1791388020,GME,24.489999771118164,24.5049991607666,24.479999542236328,24.5,5627
2026-10-07 11:48:00,1791388080,GME,24.5,24.520000457763672,24.489999771118164,24.520000457763672,22675
2026-10-07 11:49:00,1791388140,GME,24.52120018005371,24.530000686645508,24.489999771118164,24.489999771118164,17361
2026-10-07 11:50:00,1791388200,GME,24.4950008392334,24.502599716186523,24.489999771118164,24.5,4162
2026-10-07 11:51:00,1791388260,GME,24.5,24.5,24.489999771118164,24.489999771118164,3316
2026-10-07 11:52:00,1791388320,GME,24.489999771118164,24.489999771118164,24.475000381469727,24.485000610351562,5804
2026-10-07 11:53:00,1791388380,GME,24.489999771118164,24.510000228881836,24.489999771118164,24.510000228881836,7275
2026-10-07 11:54:00,1791388440,GME,24.5,24.5,24.479999542236328,24.485000610351562,3220
2026-10-07 11:55:00,1791388500,GME,24.485000610351562,24.487699508666992,24.479999542236328,24.487699508666992,4545
2026-10-07 11:56:00,1791388560,GME,24.485000610351562,24.489999771118164,24.479999542236328,24.485000610351562,3068
2026-10-07 11:57:00,1791388620,GME,24.485000610351562,24.4950008392334,24.485000610351562,24.4950008392334,4666
2026-10-07 11:58:00,1791388680,GME,24.4950008392334,24.4950008392334,24.479999542236328,24.489999771118164,3316
2026-10-07 11:59:00,1791388740,GME,24.4950008392334,24.4950008392334,24.47010040283203,24.479999542236328,7917
2026-10-07 12:00:00,1791388800,GME,24.479999542236328,24.5,24.479999542236328,24.4950008392334,7107
2026-10-07 12:01:00,1791388860,GME,24.4950008392334,24.5,24.489999771118164,24.4950008392334,3830
2026-10-07 12:02:00,1791388920,GME,24.4950008392334,24.520000457763672,24.479999542236328,24.510000228881836,27146
2026-10-07 12:03:00,1791388980,GME,24.5049991607666,24.520000457763672,24.5049991607666,24.5049991607666,4635
2026-10-07 12:04:00,1791389040,GME,24.5049991607666,24.524999618530273,24.5049991607666,24.50979995727539,12111
2026-10-07 12:05:00,1791389100,GME,24.5,24.514999389648438,24.5,24.514999389648438,3389
2026-10-07 12:06:00,1791389160,GME,24.519800186157227,24.519800186157227,24.5049991607666,24.514999389648438,2466
2026-10-07 12:07:00,1791389220,GME,24.519899368286133,24.527299880981445,24.514999389648438,24.527299880981445,4129
2026-10-07 12:08:00,1791389280,GME,24.520000457763672,24.530000686645508,24.520000457763672,24.521699905395508,2539
2026-10-07 12:09:00,1791389340,GME,24.521400451660156,24.530000686645508,24.521400451660156,24.530000686645508,1074
2026-10-07 12:10:00,1791389400,GME,24.53499984741211,24.53499984741211,24.530000686645508,24.53499984741211,6008
2026-10-07 12:11:00,1791389460,GME,24.53499984741211,24.537799835205078,24.53499984741211,24.53499984741211,1220
2026-10-07 12:12:00,1791389520,GME,24.531700134277344,24.531700134277344,24.5049991607666,24.520000457763672,4755
2026-10-07 12:13:00,1791389580,GME,24.524999618530273,24.530000686645508,24.521799087524414,24.524999618530273,3419
2026-10-07 12:14:00,1791389640,GME,24.524999618530273,24.530000686645508,24.485000610351562,24.485000610351562,14479
2026-10-07 12:15:00,1791389700,GME,24.485000610351562,24.489999771118164,24.485000610351562,24.485000610351562,3013
2026-10-07 12:16:00,1791389760,GME,24.485000610351562,24.485000610351562,24.475000381469727,24.475000381469727,6951
2026-10-07 12:17:00,1791389820,GME,24.475000381469727,24.475000381469727,24.440000534057617,24.440000534057617,9951
2026-10-07 12:18:00,1791389880,GME,24.440000534057617,24.450000762939453,24.440000534057617,24.44499969482422,6278
2026-10-07 12:19:00,1791389940,GME,24.44499969482422,24.46660041809082,24.44379997253418,24.46660041809082,5291
2026-10-07 12:20:00,1791390000,GME,24.479999542236328,24.489999771118164,24.469999313354492,24.489999771118164,5527
2026-10-07 12:21:00,1791390060,GME,24.5,24.50510025024414,24.5,24.5049991607666,2071
2026-10-07 12:22:00,1791390120,GME,24.5049991607666,24.5049991607666,24.502300262451172,24.502300262451172,2313
2026-10-07 12:23:00,1791390180,GME,24.510000228881836,24.53499984741211,24.510000228881836,24.524999618530273,7150
2026-10-07 12:24:00,1791390240,GME,24.524999618530273,24.549999237060547,24.510000228881836,24.524999618530273,5851
2026-10-07 12:25:00,1791390300,GME,24.530000686645508,24.540000915527344,24.520000457763672,24.524999618530273,2898
2026-10-07 12:26:00,1791390360,GME,24.520000457763672,24.524999618530273,24.520000457763672,24.520000457763672,2399
2026-10-07 12:27:00,1791390420,GME,24.520000457763672,24.520000457763672,24.469999313354492,24.477399826049805,8589
2026-10-07 12:28:00,1791390480,GME,24.479999542236328,24.489999771118164,24.479999542236328,24.485000610351562,1658
2026-10-07 12:29:00,1791390540,GME,24.485000610351562,24.485000610351562,24.479999542236328,24.479999542236328,2292
2026-10-07 12:30:00,1791390600,GME,24.485000610351562,24.485000610351562,24.479999542236328,24.479999542236328,8113
2026-10-07 12:31:00,1791390660,GME,24.469999313354492,24.475000381469727,24.450000762939453,24.454999923706055,7762
2026-10-07 12:32:00,1791390720,GME,24.454999923706055,24.469999313354492,24.454999923706055,24.459999084472656,5716
2026-10-07 12:33:00,1791390780,GME,24.459999084472656,24.485000610351562,24.459999084472656,24.485000610351562,3614
2026-10-07 12:34:00,1791390840,GME,24.485000610351562,24.48780059814453,24.469999313354492,24.469999313354492,5268
2026-10-07 12:35:00,1791390900,GME,24.47100067138672,24.475000381469727,24.47100067138672,24.475000381469727,2370
2026-10-07 12:36:00,1791390960,GME,24.475000381469727,24.475000381469727,24.450000762939453,24.459999084472656,14496
2026-10-07 12:37:00,1791391020,GME,24.459999084472656,24.469999313354492,24.459999084472656,24.46500015258789,43570
2026-10-07 12:38:00,1791391080,GME,24.460100173950195,24.469999313354492,24.460100173950195,24.467899322509766,3746
2026-10-07 12:39:00,1791391140,GME,24.462900161743164,24.467599868774414,24.454999923706055,24.467599868774414,4858
2026-10-07 12:40:00,1791391200,GME,24.46500015258789,24.46500015258789,24.46430015563965,24.46500015258789,1185
2026-10-07 12:41:00,1791391260,GME,24.46500015258789,24.46500015258789,24.4606990814209,24.46500015258789,1105
2026-10-07 12:42:00,1791391320,GME,24.46500015258789,24.469999313354492,24.454999923706055,24.46500015258789,5522
2026-10-07 12:43:00,1791391380,GME,24.469999313354492,24.469999313354492,24.450000762939453,24.450000762939453,5947
2026-10-07 12:44:00,1791391440,GME,24.450000762939453,24.485000610351562,24.450000762939453,24.479999542236328,5985
2026-10-07 12:45:00,1791391500,GME,24.479999542236328,24.479999542236328,24.469999313354492,24.475000381469727,2320
2026-10-07 12:46:00,1791391560,GME,24.475000381469727,24.489999771118164,24.475000381469727,24.485000610351562,3769
2026-10-07 12:47:00,1791391620,GME,24.485000610351562,24.485000610351562,24.459999084472656,24.46500015258789,6405
2026-10-07 12:48:00,1791391680,GME,24.46500015258789,24.469999313354492,24.46500015258789,24.46500015258789,3951
2026-10-07 12:49:00,1791391740,GME,24.46500015258789,24.469999313354492,24.46500015258789,24.467599868774414,2312
2026-10-07 12:50:00,1791391800,GME,24.46500015258789,24.469999313354492,24.46500015258789,24.46500015258789,1502
2026-10-07 12:51:00,1791391860,GME,24.46500015258789,24.46500015258789,24.459999084472656,24.46500015258789,7184
2026-10-07 12:52:00,1791391920,GME,24.46500015258789,24.46500015258789,24.441499710083008,24.44499969482422,8912
2026-10-07 12:53:00,1791391980,GME,24.44499969482422,24.46500015258789,24.442100524902344,24.46179962158203,6407
2026-10-07 12:54:00,1791392040,GME,24.46500015258789,24.479999542236328,24.459999084472656,24.479999542236328,6442
2026-10-07 12:55:00,1791392100,GME,24.479999542236328,24.489999771118164,24.479999542236328,24.485000610351562,3896
2026-10-07 12:56:00,1791392160,GME,24.479999542236328,24.485000610351562,24.459999084472656,24.46500015258789,4714979
2026-10-07 12:57:00,1791392220,GME,24.467300415039062,24.469999313354492,24.461999893188477,24.46500015258789,3059
2026-10-07 12:58:00,1791392280,GME,24.46500015258789,24.469999313354492,24.46500015258789,24.469999313354492,2644
2026-10-07 12:59:00,1791392340,GME,24.489999771118164,24.4950008392334,24.479999542236328,24.479999542236328,3711
2026-10-07 13:00:00,1791392400,GME,24.475000381469727,24.475000381469727,24.472000122070312,24.472000122070312,1628
2026-10-07 13:01:00,1791392460,GME,24.475000381469727,24.4950008392334,24.475000381469727,24.489999771118164,6998
2026-10-07 13:02:00,1791392520,GME,24.489999771118164,24.520000457763672,24.489999771118164,24.489999771118164,11005
2026-10-07 13:03:00,1791392580,GME,24.4950008392334,24.5,24.479999542236328,24.479999542236328,7268
2026-10-07 13:04:00,1791392640,GME,24.479999542236328,24.489999771118164,24.479999542236328,24.485000610351562,2532
2026-10-07 13:05:00,1791392700,GME,24.479999542236328,24.5,24.475000381469727,24.5,220954
2026-10-07 13:06:00,1791392760,GME,24.5,24.5,24.469999313354492,24.5,218622
2026-10-07 13:07:00,1791392820,GME,24.5049991607666,24.518600463867188,24.5,24.514999389648438,2952
2026-10-07 13:08:00,1791392880,GME,24.514999389648438,24.524999618530273,24.514999389648438,24.522199630737305,17737
2026-10-07 13:09:00,1791392940,GME,24.510000228881836,24.510000228881836,24.492300033569336,24.5049991607666,3124
2026-10-07 13:10:00,1791393000,GME,24.5049991607666,24.509899139404297,24.489999771118164,24.4950008392334,3800
2026-10-07 13:11:00,1791393060,GME,24.4950008392334,24.5,24.489999771118164,24.4950008392334,5223341
2026-10-07 13:12:00,1791393120,GME,24.510000228881836,24.510000228881836,24.4950008392334,24.510000228881836,3308
2026-10-07 13:13:00,1791393180,GME,24.520000457763672,24.575000762939453,24.510000228881836,24.549999237060547,53054
2026-10-07 13:14:00,1791393240,GME,24.559999465942383,24.594999313354492,24.540000915527344,24.594999313354492,0
2026-10-07 13:15:00,1791393300,GME,24.594999313354492,24.600000381469727,24.579999923706055,24.584999084472656,219536
2026-10-07 13:16:00,1791393360,GME,24.579999923706055,24.613800048828125,24.579999923706055,24.613800048828125,4633
2026-10-07 13:17:00,1791393420,GME,24.610000610351562,24.6200008392334,24.610000610351562,24.610000610351562,2372
2026-10-07 13:18:00,1791393480,GME,24.600000381469727,24.604999542236328,24.594999313354492,24.594999313354492,4703
2026-10-07 13:19:00,1791393540,GME,24.59000015258789,24.6200008392334,24.59000015258789,24.6200008392334,19979
2026-10-07 13:20:00,1791393600,GME,24.614999771118164,24.6299991607666,24.614999771118164,24.625,3581
2026-10-07 13:21:00,1791393660,GME,24.625,24.625,24.58099937438965,24.584999084472656,14044
2026-10-07 13:22:00,1791393720,GME,24.584999084472656,24.600000381469727,24.584999084472656,24.59000015258789,3210
2026-10-07 13:23:00,1791393780,GME,24.5931396484375,24.635000228881836,24.59000015258789,24.635000228881836,5904
2026-10-07 13:24:00,1791393840,GME,24.635000228881836,24.635799407958984,24.610000610351562,24.610000610351562,14494
2026-10-07 13:25:00,1791393900,GME,24.614999771118164,24.618682861328125,24.614999771118164,24.614999771118164,1557
2026-10-07 13:26:00,1791393960,GME,24.6200008392334,24.6200008392334,24.610300064086914,24.614999771118164,4833
2026-10-07 13:27:00,1791394020,GME,24.614999771118164,24.61989974975586,24.604999542236328,24.610000610351562,2873
2026-10-07 13:28:00,1791394080,GME,24.610000610351562,24.610000610351562,24.584999084472656,24.584999084472656,8173
2026-10-07 13:29:00,1791394140,GME,24.584999084472656,24.584999084472656,24.570999145507812,24.570999145507812,3490
2026-10-07 13:30:00,1791394200,GME,24.56999969482422,24.575000762939453,24.545000076293945,24.575000762939453,8895
2026-10-07 13:31:00,1791394260,GME,24.59000015258789,24.59000015258789,24.56999969482422,24.59000015258789,7378
2026-10-07 13:32:00,1791394320,GME,24.59000015258789,24.594999313354492,24.584999084472656,24.584999084472656,5835
2026-10-07 13:33:00,1791394380,GME,24.575000762939453,24.588199615478516,24.56999969482422,24.56999969482422,3369
2026-10-07 13:34:00,1791394440,GME,24.565000534057617,24.565000534057617,24.559999465942383,24.559999465942383,1492
2026-10-07 13:35:00,1791394500,GME,24.55500030517578,24.575000762939453,24.55500030517578,24.559999465942383,12755
2026-10-07 13:36:00,1791394560,GME,24.559999465942383,24.565000534057617,24.549999237060547,24.549999237060547,3907
2026-10-07 13:37:00,1791394620,GME,24.545000076293945,24.559999465942383,24.545000076293945,24.549999237060547,4001
2026-10-07 13:38:00,1791394680,GME,24.545000076293945,24.545000076293945,24.520000457763672,24.520000457763672,13096
2026-10-07 13:39:00,1791394740,GME,24.540000915527344,24.540000915527344,24.510000228881836,24.524999618530273,31550
2026-10-07 13:40:00,1791394800,GME,24.520000457763672,24.520000457763672,24.511999130249023,24.514999389648438,8288
2026-10-07 13:41:00,1791394860,GME,24.514999389648438,24.514999389648438,24.514999389648438,24.514999389648438,1740
2026-10-07 13:42:00,1791394920,GME,24.514999389648438,24.520000457763672,24.5049991607666,24.520000457763672,3688
2026-10-07 13:43:00,1791394980,GME,24.514999389648438,24.520000457763672,24.51259994506836,24.51259994506836,1674
2026-10-07 13:44:00,1791395040,GME,24.511999130249023,24.511999130249023,24.489999771118164,24.4950008392334,5744
2026-10-07 13:45:00,1791395100,GME,24.4950008392334,24.514999389648438,24.4950008392334,24.514999389648438,3533
2026-10-07 13:46:00,1791395160,GME,24.514999389648438,24.559999465942383,24.514999389648438,24.540000915527344,14280
2026-10-07 13:47:00,1791395220,GME,24.53499984741211,24.55500030517578,24.53499984741211,24.55500030517578,6308
2026-10-07 13:48:00,1791395280,GME,24.55500030517578,24.559999465942383,24.545000076293945,24.55500030517578,8800
2026-10-07 13:49:00,1791395340,GME,24.558000564575195,24.575000762939453,24.55500030517578,24.55500030517578,5520
2026-10-07 13:50:00,1791395400,GME,24.549999237060547,24.549999237060547,24.53499984741211,24.53499984741211,2994
2026-10-07 13:51:00,1791395460,GME,24.53499984741211,24.53499984741211,24.530000686645508,24.530000686645508,2616
2026-10-07 13:52:00,1791395520,GME,24.528600692749023,24.53499984741211,24.520000457763672,24.530000686645508,6566
2026-10-07 13:53:00,1791395580,GME,24.540000915527344,24.545000076293945,24.530000686645508,24.540000915527344,3302
2026-10-07 13:54:00,1791395640,GME,24.53499984741211,24.53499984741211,24.53499984741211,24.53499984741211,798
2026-10-07 13:55:00,1791395700,GME,24.530000686645508,24.540000915527344,24.524999618530273,24.540000915527344,3958
2026-10-07 13:56:00,1791395760,GME,24.53499984741211,24.53499984741211,24.524999618530273,24.527799606323242,3967
2026-10-07 13:57:00,1791395820,GME,24.524999618530273,24.530000686645508,24.524999618530273,24.524999618530273,2268
2026-10-07 13:58:00,1791395880,GME,24.524999618530273,24.524999618530273,24.520000457763672,24.524999618530273,2943
2026-10-07 13:59:00,1791395940,GME,24.524999618530273,24.52989959716797,24.523799896240234,24.52790069580078,3825
2026-10-07 14:00:00,1791396000,GME,24.514999389648438,24.525100708007812,24.510000228881836,24.514999389648438,10585
2026-10-07 14:01:00,1791396060,GME,24.520000457763672,24.540000915527344,24.520000457763672,24.540000915527344,5061
2026-10-07 14:02:00,1791396120,GME,24.53499984741211,24.549999237060547,24.53499984741211,24.540000915527344,5517
2026-10-07 14:03:00,1791396180,GME,24.545000076293945,24.55500030517578,24.540000915527344,24.540000915527344,4723
2026-10-07 14:04:00,1791396240,GME,24.540000915527344,24.572900772094727,24.540000915527344,24.56999969482422,2724
2026-10-07 14:05:00,1791396300,GME,24.56999969482422,24.600000381469727,24.56999969482422,24.594999313354492,8368
2026-10-07 14:06:00,1791396360,GME,24.600000381469727,24.6200008392334,24.59079933166504,24.594999313354492,13046
2026-10-07 14:07:00,1791396420,GME,24.600000381469727,24.6200008392334,24.59000015258789,24.59000015258789,5782
2026-10-07 14:08:00,1791396480,GME,24.594999313354492,24.59637451171875,24.579999923706055,24.579999923706055,3754
2026-10-07 14:09:00,1791396540,GME,24.584999084472656,24.584999084472656,24.56999969482422,24.575000762939453,3889
2026-10-07 14:10:00,1791396600,GME,24.575000762939453,24.579999923706055,24.575000762939453,24.579999923706055,3480
2026-10-07 14:11:00,1791396660,GME,24.579999923706055,24.579999923706055,24.575000762939453,24.575000762939453,2338
2026-10-07 14:12:00,1791396720,GME,24.575000762939453,24.575000762939453,24.56999969482422,24.56999969482422,2059
2026-10-07 14:13:00,1791396780,GME,24.56999969482422,24.57509994506836,24.565000534057617,24.565000534057617,6126
2026-10-07 14:14:00,1791396840,GME,24.565000534057617,24.579999923706055,24.565000534057617,24.575000762939453,7556
2026-10-07 14:15:00,1791396900,GME,24.575000762939453,24.575000762939453,24.575000762939453,24.575000762939453,881
2026-10-07 14:16:00,1791396960,GME,24.579999923706055,24.614999771118164,24.579999923706055,24.614999771118164,4026
2026-10-07 14:17:00,1791397020,GME,24.614999771118164,24.6200008392334,24.610000610351562,24.612300872802734,3834
2026-10-07 14:18:00,1791397080,GME,24.619800567626953,24.665000915527344,24.610000610351562,24.655000686645508,16052
2026-10-07 14:19:00,1791397140,GME,24.655000686645508,24.665000915527344,24.639999389648438,24.645000457763672,16329
2026-10-07 14:20:00,1791397200,GME,24.645000457763672,24.674999237060547,24.640100479125977,24.674999237060547,9132
2026-10-07 14:21:00,1791397260,GME,24.674999237060547,24.67970085144043,24.665000915527344,24.67970085144043,7602
2026-10-07 14:22:00,1791397320,GME,24.68000030517578,24.735000610351562,24.68000030517578,24.728300094604492,27203
2026-10-07 14:23:00,1791397380,GME,24.720500946044922,24.739999771118164,24.719999313354492,24.729999542236328,40661
2026-10-07 14:24:00,1791397440,GME,24.728099822998047,24.728099822998047,24.659900665283203,24.65999984741211,31254
2026-10-07 14:25:00,1791397500,GME,24.665000915527344,24.665000915527344,24.639999389648438,24.645000457763672,10656
2026-10-07 14:26:00,1791397560,GME,24.645000457763672,24.645000457763672,24.6299991607666,24.635000228881836,7040
2026-10-07 14:27:00,1791397620,GME,24.635000228881836,24.639999389648438,24.630300521850586,24.635000228881836,1430
2026-10-07 14:28:00,1791397680,GME,24.635000228881836,24.635000228881836,24.63010025024414,24.635000228881836,3607
2026-10-07 14:29:00,1791397740,GME,24.6299991607666,24.6299991607666,24.610000610351562,24.614999771118164,4425
2026-10-07 14:30:00,1791397800,GME,24.610300064086914,24.6299991607666,24.610300064086914,24.625,3269
2026-10-07 14:31:00,1791397860,GME,24.625,24.625,24.604999542236328,24.610000610351562,7166
2026-10-07 14:32:00,1791397920,GME,24.604999542236328,24.625,24.600500106811523,24.625,3412
2026-10-07 14:33:00,1791397980,GME,24.625,24.6299991607666,24.625,24.625,1628
2026-10-07 14:34:00,1791398040,GME,24.625,24.625,24.6200008392334,24.625,1580
2026-10-07 14:35:00,1791398100,GME,24.625,24.635000228881836,24.625,24.635000228881836,3061
2026-10-07 14:36:00,1791398160,GME,24.635000228881836,24.635000228881836,24.614999771118164,24.616899490356445,3866
2026-10-07 14:37:00,1791398220,GME,24.614999771118164,24.614999771118164,24.614999771118164,24.614999771118164,4669
2026-10-07 14:38:00,1791398280,GME,24.611600875854492,24.614999771118164,24.604999542236328,24.604999542236328,2284
2026-10-07 14:39:00,1791398340,GME,24.604999542236328,24.610000610351562,24.604999542236328,24.604999542236328,2170
2026-10-07 14:40:00,1791398400,GME,24.604999542236328,24.6200008392334,24.604999542236328,24.6200008392334,5080
2026-10-07 14:41:00,1791398460,GME,24.6299991607666,24.645000457763672,24.610000610351562,24.629899978637695,23325
2026-10-07 14:42:00,1791398520,GME,24.6200008392334,24.6200008392334,24.614999771118164,24.614999771118164,2049
2026-10-07 14:43:00,1791398580,GME,24.614999771118164,24.625,24.614999771118164,24.625,12803
2026-10-07 14:44:00,1791398640,GME,24.623199462890625,24.623199462890625,24.60099983215332,24.610000610351562,3239
2026-10-07 14:45:00,1791398700,GME,24.610000610351562,24.639999389648438,24.600000381469727,24.614999771118164,13183
2026-10-07 14:46:00,1791398760,GME,24.610000610351562,24.6200008392334,24.610000610351562,24.614999771118164,1981
2026-10-07 14:47:00,1791398820,GME,24.610000610351562,24.610000610351562,24.600000381469727,24.600000381469727,2797
2026-10-07 14:48:00,1791398880,GME,24.594999313354492,24.604999542236328,24.59000015258789,24.604999542236328,3768
2026-10-07 14:49:00,1791398940,GME,24.59000015258789,24.59000015258789,24.57159996032715,24.57159996032715,6712
2026-10-07 14:50:00,1791399000,GME,24.575000762939453,24.645000457763672,24.559999465942383,24.638500213623047,18046
2026-10-07 14:51:00,1791399060,GME,24.635000228881836,24.635000228881836,24.6299991607666,24.6299991607666,6585
2026-10-07 14:52:00,1791399120,GME,24.624399185180664,24.624399185180664,24.624399185180664,24.624399185180664,818
2026-10-07 14:53:00,1791399180,GME,24.628000259399414,24.628999710083008,24.62019920349121,24.628999710083008,5368
2026-10-07 14:54:00,1791399240,GME,24.625,24.6299991607666,24.610000610351562,24.614999771118164,13106
2026-10-07 14:55:00,1791399300,GME,24.610000610351562,24.6299991607666,24.610000610351562,24.625,10078
2026-10-07 14:56:00,1791399360,GME,24.6299991607666,24.635000228881836,24.625,24.635000228881836,3860
2026-10-07 14:57:00,1791399420,GME,24.635000228881836,24.635000228881836,24.604999542236328,24.604999542236328,6481
2026-10-07 14:58:00,1791399480,GME,24.60810089111328,24.610000610351562,24.604999542236328,24.608200073242188,4742
2026-10-07 14:59:00,1791399540,GME,24.604999542236328,24.604999542236328,24.584999084472656,24.584999084472656,8946
2026-10-07 15:00:00,1791399600,GME,24.584999084472656,24.594999313354492,24.579999923706055,24.584999084472656,6458
2026-10-07 15:01:00,1791399660,GME,24.58009910583496,24.600000381469727,24.58009910583496,24.594999313354492,10179
2026-10-07 15:02:00,1791399720,GME,24.592300415039062,24.594999313354492,24.55500030517578,24.56999969482422,21983
2026-10-07 15:03:00,1791399780,GME,24.565000534057617,24.565000534057617,24.520000457763672,24.53499984741211,49478
2026-10-07 15:04:00,1791399840,GME,24.53499984741211,24.53499984741211,24.510000228881836,24.522199630737305,10439
2026-10-07 15:05:00,1791399900,GME,24.524999618530273,24.53700065612793,24.524999618530273,24.53700065612793,5737
2026-10-07 15:06:00,1791399960,GME,24.53499984741211,24.53499984741211,24.520000457763672,24.524999618530273,8436
2026-10-07 15:07:00,1791400020,GME,24.524999618530273,24.55500030517578,24.514999389648438,24.55500030517578,12077
2026-10-07 15:08:00,1791400080,GME,24.549999237060547,24.549999237060547,24.540000915527344,24.545000076293945,4004
2026-10-07 15:09:00,1791400140,GME,24.540000915527344,24.579999923706055,24.53499984741211,24.559999465942383,7557
2026-10-07 15:10:00,1791400200,GME,24.569000244140625,24.569000244140625,24.53499984741211,24.53499984741211,6300
2026-10-07 15:11:00,1791400260,GME,24.540000915527344,24.540000915527344,24.530099868774414,24.53499984741211,6453
2026-10-07 15:12:00,1791400320,GME,24.540000915527344,24.540000915527344,24.530099868774414,24.53499984741211,4301
2026-10-07 15:13:00,1791400380,GME,24.53499984741211,24.540000915527344,24.524999618530273,24.524999618530273,5744
2026-10-07 15:14:00,1791400440,GME,24.520000457763672,24.520000457763672,24.510099411010742,24.514999389648438,2626
2026-10-07 15:15:00,1791400500,GME,24.514999389648438,24.524999618530273,24.5,24.524999618530273,8638
2026-10-07 15:16:00,1791400560,GME,24.520000457763672,24.524999618530273,24.510099411010742,24.524999618530273,16462
2026-10-07 15:17:00,1791400620,GME,24.520299911499023,24.540000915527344,24.520299911499023,24.524999618530273,6544
2026-10-07 15:18:00,1791400680,GME,24.524999618530273,24.549999237060547,24.524999618530273,24.545000076293945,4092
2026-10-07 15:19:00,1791400740,GME,24.545000076293945,24.59000015258789,24.540000915527344,24.540000915527344,19637
2026-10-07 15:20:00,1791400800,GME,24.549999237060547,24.587099075317383,24.545000076293945,24.587099075317383,14645
2026-10-07 15:21:00,1791400860,GME,24.584999084472656,24.59000015258789,24.56999969482422,24.584999084472656,7500
2026-10-07 15:22:00,1791400920,GME,24.575000762939453,24.599700927734375,24.570100784301758,24.594999313354492,5458
2026-10-07 15:23:00,1791400980,GME,24.594999313354492,24.600000381469727,24.58799934387207,24.600000381469727,19497
2026-10-07 15:24:00,1791401040,GME,24.604999542236328,24.614999771118164,24.604999542236328,24.614999771118164,11187
2026-10-07 15:25:00,1791401100,GME,24.614999771118164,24.6200008392334,24.610000610351562,24.6200008392334,4042
2026-10-07 15:26:00,1791401160,GME,24.6200008392334,24.6200008392334,24.614999771118164,24.614999771118164,5883
2026-10-07 15:27:00,1791401220,GME,24.614999771118164,24.639999389648438,24.610000610351562,24.639999389648438,15658
2026-10-07 15:28:00,1791401280,GME,24.639999389648438,24.649999618530273,24.6200008392334,24.6200008392334,11646
2026-10-07 15:29:00,1791401340,GME,24.614999771118164,24.614999771118164,24.584999084472656,24.59000015258789,6831
2026-10-07 15:30:00,1791401400,GME,24.58099937438965,24.59000015258789,24.58099937438965,24.59000015258789,5537
2026-10-07 15:31:00,1791401460,GME,24.600000381469727,24.604999542236328,24.584999084472656,24.584999084472656,8037
2026-10-07 15:32:00,1791401520,GME,24.59000015258789,24.594999313354492,24.579999923706055,24.579999923706055,5490
2026-10-07 15:33:00,1791401580,GME,24.575000762939453,24.594999313354492,24.575000762939453,24.594999313354492,3578
2026-10-07 15:34:00,1791401640,GME,24.584999084472656,24.600000381469727,24.584999084472656,24.594999313354492,7293
2026-10-07 15:35:00,1791401700,GME,24.594999313354492,24.594999313354492,24.584999084472656,24.594999313354492,4075
2026-10-07 15:36:00,1791401760,GME,24.59000015258789,24.59000015258789,24.579999923706055,24.584999084472656,5350
2026-10-07 15:37:00,1791401820,GME,24.579999923706055,24.584999084472656,24.545000076293945,24.55500030517578,22482
2026-10-07 15:38:00,1791401880,GME,24.55270004272461,24.55500030517578,24.540000915527344,24.545000076293945,6028
2026-10-07 15:39:00,1791401940,GME,24.545000076293945,24.56999969482422,24.53499984741211,24.565000534057617,14730
2026-10-07 15:40:00,1791402000,GME,24.565000534057617,24.56999969482422,24.560100555419922,24.565000534057617,4353
2026-10-07 15:41:00,1791402060,GME,24.565000534057617,24.56999969482422,24.549999237060547,24.55500030517578,7260
2026-10-07 15:42:00,1791402120,GME,24.55500030517578,24.565000534057617,24.55500030517578,24.559999465942383,6238
2026-10-07 15:43:00,1791402180,GME,24.559999465942383,24.579999923706055,24.55500030517578,24.575000762939453,9153
2026-10-07 15:44:00,1791402240,GME,24.56999969482422,24.575000762939453,24.559999465942383,24.56999969482422,16220
2026-10-07 15:45:00,1791402300,GME,24.559999465942383,24.579999923706055,24.540000915527344,24.540000915527344,16737
2026-10-07 15:46:00,1791402360,GME,24.540000915527344,24.540000915527344,24.53499984741211,24.53499984741211,5506
2026-10-07 15:47:00,1791402420,GME,24.530000686645508,24.545000076293945,24.520000457763672,24.520000457763672,15550
2026-10-07 15:48:00,1791402480,GME,24.520000457763672,24.549999237060547,24.481000900268555,24.524999618530273,60843
2026-10-07 15:49:00,1791402540,GME,24.524999618530273,24.530000686645508,24.520000457763672,24.520000457763672,5125
2026-10-07 15:50:00,1791402600,GME,24.520000457763672,24.575000762939453,24.520000457763672,24.545000076293945,35367
2026-10-07 15:51:00,1791402660,GME,24.545000076293945,24.559999465942383,24.524999618530273,24.524999618530273,31485
2026-10-07 15:52:00,1791402720,GME,24.520000457763672,24.530000686645508,24.510000228881836,24.514999389648438,7916
2026-10-07 15:53:00,1791402780,GME,24.514999389648438,24.579999923706055,24.510000228881836,24.565000534057617,25746
2026-10-07 15:54:00,1791402840,GME,24.565000534057617,24.59000015258789,24.559999465942383,24.562299728393555,14978
2026-10-07 15:55:00,1791402900,GME,24.565000534057617,24.579999923706055,24.559999465942383,24.56999969482422,23337
2026-10-07 15:56:00,1791402960,GME,24.565000534057617,24.608299255371094,24.565000534057617,24.604999542236328,30436
2026-10-07 15:57:00,1791403020,GME,24.604999542236328,24.625,24.59000015258789,24.594999313354492,88856
2026-10-07 15:58:00,1791403080,GME,24.600000381469727,24.610000610351562,24.575000762939453,24.584999084472656,67019
2026-10-07 15:59:00,1791403140,GME,24.584999084472656,24.594999313354492,24.559999465942383,24.584999084472656,124680
2026-10-07 16:00:00,1791403200,GME,24.579999923706055,24.579999923706055,24.579999923706055,24.579999923706055,0
2026-10-08 09:30:00,1791466200,GME,24.100000381469727,24.239999771118164,24.040000915527344,24.139999389648438,257475
2026-10-08 09:31:00,1791466260,GME,24.1299991607666,24.229999542236328,24.100000381469727,24.229999542236328,19249
2026-10-08 09:32:00,1791466320,GME,24.212600708007812,24.329999923706055,24.170000076293945,24.329999923706055,31630
2026-10-08 09:33:00,1791466380,GME,24.34480094909668,24.415000915527344,24.329999923706055,24.415000915527344,15775
2026-10-08 09:34:00,1791466440,GME,24.3799991607666,24.3799991607666,24.280000686645508,24.329999923706055,26517
2026-10-08 09:35:00,1791466500,GME,24.38559913635254,24.38559913635254,24.31170082092285,24.31999969482422,13549
2026-10-08 09:36:00,1791466560,GME,24.31999969482422,24.334999084472656,24.271400451660156,24.285999298095703,27288
2026-10-08 09:37:00,1791466620,GME,24.280000686645508,24.280000686645508,24.19499969482422,24.219999313354492,19044
2026-10-08 09:38:00,1791466680,GME,24.209999084472656,24.246700286865234,24.190000534057617,24.209999084472656,12378
2026-10-08 09:39:00,1791466740,GME,24.229999542236328,24.360000610351562,24.229999542236328,24.31999969482422,50083
2026-10-08 09:40:00,1791466800,GME,24.3799991607666,24.3799991607666,24.296600341796875,24.309999465942383,15999
2026-10-08 09:41:00,1791466860,GME,24.280000686645508,24.290000915527344,24.260000228881836,24.290000915527344,15334
2026-10-08 09:42:00,1791466920,GME,24.290000915527344,24.329999923706055,24.290000915527344,24.315000534057617,11633
2026-10-08 09:43:00,1791466980,GME,24.299999237060547,24.299999237060547,24.229999542236328,24.25,7091
2026-10-08 09:44:00,1791467040,GME,24.270000457763672,24.315000534057617,24.270000457763672,24.314800262451172,5564
2026-10-08 09:45:00,1791467100,GME,24.315000534057617,24.36989974975586,24.315000534057617,24.350000381469727,8165
2026-10-08 09:46:00,1791467160,GME,24.334999084472656,24.350000381469727,24.334999084472656,24.350000381469727,1586
2026-10-08 09:47:00,1791467220,GME,24.347000122070312,24.347000122070312,24.28820037841797,24.28820037841797,5983
2026-10-08 09:48:00,1791467280,GME,24.290000915527344,24.309999465942383,24.290000915527344,24.299999237060547,3185
2026-10-08 09:49:00,1791467340,GME,24.31999969482422,24.350000381469727,24.307100296020508,24.350000381469727,5655
2026-10-08 09:50:00,1791467400,GME,24.33009910583496,24.36440086364746,24.32900047302246,24.338899612426758,3159
2026-10-08 09:51:00,1791467460,GME,24.3799991607666,24.40999984741211,24.3799991607666,24.4064998626709,10574
2026-10-08 09:52:00,1791467520,GME,24.399999618530273,24.469999313354492,24.389999389648438,24.43000030517578,59334
2026-10-08 09:53:00,1791467580,GME,24.43000030517578,24.459999084472656,24.40999984741211,24.420000076293945,9455
2026-10-08 09:54:00,1791467640,GME,24.420000076293945,24.450000762939453,24.420000076293945,24.450000762939453,14249
2026-10-08 09:55:00,1791467700,GME,24.459999084472656,24.469999313354492,24.441099166870117,24.44499969482422,30108
2026-10-08 09:56:00,1791467760,GME,24.44499969482422,24.479999542236328,24.440099716186523,24.479999542236328,45808
2026-10-08 09:57:00,1791467820,GME,24.489999771118164,24.510000228881836,24.450000762939453,24.450000762939453,17960
2026-10-08 09:58:00,1791467880,GME,24.450000762939453,24.469999313354492,24.440000534057617,24.447500228881836,10941
2026-10-08 09:59:00,1791467940,GME,24.44499969482422,24.475000381469727,24.44499969482422,24.469999313354492,7578
2026-10-08 10:00:00,1791468000,GME,24.450000762939453,24.469999313354492,24.399999618530273,24.459999084472656,23624
2026-10-08 10:01:00,1791468060,GME,24.479999542236328,24.495399475097656,24.389999389648438,24.424999237060547,43273
2026-10-08 10:02:00,1791468120,GME,24.420000076293945,24.440000534057617,24.3700008392334,24.420000076293945,12915
2026-10-08 10:03:00,1791468180,GME,24.450000762939453,24.459999084472656,24.43000030517578,24.454999923706055,9755
2026-10-08 10:04:00,1791468240,GME,24.46422576904297,24.46422576904297,24.450000762939453,24.45509910583496,4078
2026-10-08 10:05:00,1791468300,GME,24.454999923706055,24.459999084472656,24.43000030517578,24.459999084472656,3299
2026-10-08 10:06:00,1791468360,GME,24.459999084472656,24.459999084472656,24.420000076293945,24.420000076293945,9063
2026-10-08 10:07:00,1791468420,GME,24.43000030517578,24.43000030517578,24.422000885009766,24.43000030517578,2841
2026-10-08 10:08:00,1791468480,GME,24.420000076293945,24.424999237060547,24.40999984741211,24.420000076293945,10175
2026-10-08 10:09:00,1791468540,GME,24.399999618530273,24.399999618530273,24.370100021362305,24.399999618530273,7729
2026-10-08 10:10:00,1791468600,GME,24.404699325561523,24.415000915527344,24.395000457763672,24.415000915527344,4309
2026-10-08 10:11:00,1791468660,GME,24.40999984741211,24.430599212646484,24.399999618530273,24.399999618530273,7411
2026-10-08 10:12:00,1791468720,GME,24.405000686645508,24.40679931640625,24.395000457763672,24.395000457763672,4133
2026-10-08 10:13:00,1791468780,GME,24.395000457763672,24.485000610351562,24.395000457763672,24.469999313354492,8832
2026-10-08 10:14:00,1791468840,GME,24.450000762939453,24.450000762939453,24.43000030517578,24.43000030517578,2633
2026-10-08 10:15:00,1791468900,GME,24.43470001220703,24.434999465942383,24.420000076293945,24.43000030517578,8871
2026-10-08 10:16:00,1791468960,GME,24.42009925842285,24.440000534057617,24.40999984741211,24.440000534057617,4403
2026-10-08 10:17:00,1791469020,GME,24.440000534057617,24.450000762939453,24.440000534057617,24.450000762939453,1072
2026-10-08 10:18:00,1791469080,GME,24.458999633789062,24.520000457763672,24.458999633789062,24.520000457763672,22809
2026-10-08 10:19:00,1791469140,GME,24.513500213623047,24.540000915527344,24.510000228881836,24.527700424194336,5545
2026-10-08 10:20:00,1791469200,GME,24.530000686645508,24.537900924682617,24.52750015258789,24.53499984741211,2518
2026-10-08 10:21:00,1791469260,GME,24.53499984741211,24.623600006103516,24.530000686645508,24.610000610351562,41950
2026-10-08 10:22:00,1791469320,GME,24.6200008392334,24.6200008392334,24.610000610351562,24.610000610351562,13391
2026-10-08 10:23:00,1791469380,GME,24.614999771118164,24.625,24.594999313354492,24.625,27900
2026-10-08 10:24:00,1791469440,GME,24.621700286865234,24.637800216674805,24.6200008392334,24.621999740600586,8516
2026-10-08 10:25:00,1791469500,GME,24.6299991607666,24.639999389648438,24.620100021362305,24.625,6396
2026-10-08 10:26:00,1791469560,GME,24.625,24.6299991607666,24.520099639892578,24.530000686645508,35896
2026-10-08 10:27:00,1791469620,GME,24.540000915527344,24.579999923706055,24.540000915527344,24.573200225830078,7933
2026-10-08 10:28:00,1791469680,GME,24.559999465942383,24.56999969482422,24.54010009765625,24.56999969482422,4144
2026-10-08 10:29:00,1791469740,GME,24.56999969482422,24.575000762939453,24.56999969482422,24.575000762939453,2641
2026-10-08 10:30:00,1791469800,GME,24.575000762939453,24.6200008392334,24.56999969482422,24.6200008392334,5613
2026-10-08 10:31:00,1791469860,GME,24.614999771118164,24.66010093688965,24.614999771118164,24.65999984741211,17421
2026-10-08 10:32:00,1791469920,GME,24.65999984741211,24.679000854492188,24.649999618530273,24.674999237060547,8123
2026-10-08 10:33:00,1791469980,GME,24.68000030517578,24.689599990844727,24.665000915527344,24.684999465942383,6768
2026-10-08 10:34:00,1791470040,GME,24.68000030517578,24.690000534057617,24.665000915527344,24.665000915527344,6745
2026-10-08 10:35:00,1791470100,GME,24.670000076293945,24.68000030517578,24.65180015563965,24.68000030517578,24717
2026-10-08 10:36:00,1791470160,GME,24.690000534057617,24.729900360107422,24.684999465942383,24.729900360107422,14283
2026-10-08 10:37:00,1791470220,GME,24.723581314086914,24.760000228881836,24.710100173950195,24.760000228881836,34524
2026-10-08 10:38:00,1791470280,GME,24.825000762939453,24.84000015258789,24.774999618530273,24.825000762939453,21238
2026-10-08 10:39:00,1791470340,GME,24.81999969482422,24.829999923706055,24.809999465942383,24.82200050354004,10579
2026-10-08 10:40:00,1791470400,GME,24.825000762939453,24.834999084472656,24.809999465942383,24.827800750732422,21010
2026-10-08 10:41:00,1791470460,GME,24.81999969482422,24.81999969482422,24.799999237060547,24.80500030517578,31464
2026-10-08 10:42:00,1791470520,GME,24.802000045776367,24.825000762939453,24.799999237060547,24.81999969482422,13033
2026-10-08 10:43:00,1791470580,GME,24.825000762939453,24.825000762939453,24.770000457763672,24.795000076293945,15546
2026-10-08 10:44:00,1791470640,GME,24.795000076293945,24.825000762939453,24.790000915527344,24.81999969482422,13232
2026-10-08 10:45:00,1791470700,GME,24.81999969482422,24.8700008392334,24.809999465942383,24.854999542236328,20754
2026-10-08 10:46:00,1791470760,GME,24.860000610351562,24.864999771118164,24.844999313354492,24.864999771118164,24534
2026-10-08 10:47:00,1791470820,GME,24.864999771118164,24.86870002746582,24.834999084472656,24.854999542236328,13435
2026-10-08 10:48:00,1791470880,GME,24.850000381469727,24.850000381469727,24.809999465942383,24.809999465942383,12022
2026-10-08 10:49:00,1791470940,GME,24.813100814819336,24.8700008392334,24.813100814819336,24.84000015258789,37667
2026-10-08 10:50:00,1791471000,GME,24.829999923706055,24.84000015258789,24.815000534057617,24.815000534057617,12647
2026-10-08 10:51:00,1791471060,GME,24.815000534057617,24.81999969482422,24.780000686645508,24.795000076293945,62081
2026-10-08 10:52:00,1791471120,GME,24.790000915527344,24.81999969482422,24.790000915527344,24.81999969482422,10124
2026-10-08 10:53:00,1791471180,GME,24.829999923706055,24.829999923706055,24.809999465942383,24.815000534057617,9192
2026-10-08 10:54:00,1791471240,GME,24.81227684020996,24.81227684020996,24.791000366210938,24.795000076293945,16944
2026-10-08 10:55:00,1791471300,GME,24.799999237060547,24.84000015258789,24.79010009765625,24.81999969482422,27560
2026-10-08 10:56:00,1791471360,GME,24.850000381469727,24.889999389648438,24.850000381469727,24.885000228881836,22742
2026-10-08 10:57:00,1791471420,GME,24.885000228881836,24.905000686645508,24.864999771118164,24.8700008392334,54104
2026-10-08 10:58:00,1791471480,GME,24.8799991607666,24.8799991607666,24.834999084472656,24.850000381469727,48739
2026-10-08 10:59:00,1791471540,GME,24.84950065612793,24.8799991607666,24.84000015258789,24.84000015258789,32992
2026-10-08 11:00:00,1791471600,GME,24.850000381469727,24.850000381469727,24.829999923706055,24.829999923706055,4656
2026-10-08 11:01:00,1791471660,GME,24.829999923706055,24.84000015258789,24.81999969482422,24.81999969482422,12579
2026-10-08 11:02:00,1791471720,GME,24.829999923706055,24.83989906311035,24.82309913635254,24.825000762939453,5727
2026-10-08 11:03:00,1791471780,GME,24.825000762939453,24.84000015258789,24.81999969482422,24.81999969482422,5972
2026-10-08 11:04:00,1791471840,GME,24.825000762939453,24.844999313354492,24.809999465942383,24.829999923706055,5190
2026-10-08 11:05:00,1791471900,GME,24.834999084472656,24.84000015258789,24.799999237060547,24.809900283813477,21114
2026-10-08 11:06:00,1791471960,GME,24.80500030517578,24.829999923706055,24.80500030517578,24.81999969482422,5748
2026-10-08 11:07:00,1791472020,GME,24.829999923706055,24.844999313354492,24.81999969482422,24.829999923706055,17286
2026-10-08 11:08:00,1791472080,GME,24.829999923706055,24.854999542236328,24.825000762939453,24.854999542236328,7403
2026-10-08 11:09:00,1791472140,GME,24.854999542236328,24.860000610351562,24.829999923706055,24.84000015258789,7600
2026-10-08 11:10:00,1791472200,GME,24.83799934387207,24.84000015258789,24.822200775146484,24.834999084472656,22716
2026-10-08 11:11:00,1791472260,GME,24.829999923706055,24.854999542236328,24.829999923706055,24.850000381469727,5080
2026-10-08 11:12:00,1791472320,GME,24.854999542236328,24.860000610351562,24.850000381469727,24.850000381469727,3836
2026-10-08 11:13:00,1791472380,GME,24.84000015258789,24.854999542236328,24.83263397216797,24.854999542236328,3165
2026-10-08 11:14:00,1791472440,GME,24.854999542236328,24.854999542236328,24.815000534057617,24.815000534057617,5131
2026-10-08 11:15:00,1791472500,GME,24.815000534057617,24.81999969482422,24.790000915527344,24.809999465942383,25582
2026-10-08 11:16:00,1791472560,GME,24.809999465942383,24.809999465942383,24.790000915527344,24.799999237060547,5606
2026-10-08 11:17:00,1791472620,GME,24.790000915527344,24.809999465942383,24.790000915527344,24.80500030517578,8321
2026-10-08 11:18:00,1791472680,GME,24.80500030517578,24.809999465942383,24.79800033569336,24.80500030517578,4646
2026-10-08 11:19:00,1791472740,GME,24.80500030517578,24.80500030517578,24.78499984741211,24.795000076293945,11804
2026-10-08 11:20:00,1791472800,GME,24.795000076293945,24.795000076293945,24.78190040588379,24.790000915527344,2883
2026-10-08 11:21:00,1791472860,GME,24.78499984741211,24.799999237060547,24.760000228881836,24.79789924621582,8780
2026-10-08 11:22:00,1791472920,GME,24.809999465942383,24.81999969482422,24.800100326538086,24.809999465942383,5186
2026-10-08 11:23:00,1791472980,GME,24.799999237060547,24.799999237060547,24.79170036315918,24.799999237060547,3442
2026-10-08 11:24:00,1791473040,GME,24.799999237060547,24.809999465942383,24.790000915527344,24.809999465942383,6489
2026-10-08 11:25:00,1791473100,GME,24.815000534057617,24.81999969482422,24.809999465942383,24.815000534057617,6120
2026-10-08 11:26:00,1791473160,GME,24.81999969482422,24.844999313354492,24.81999969482422,24.84000015258789,6345
2026-10-08 11:27:00,1791473220,GME,24.834999084472656,24.834999084472656,24.832000732421875,24.834999084472656,1750
2026-10-08 11:28:00,1791473280,GME,24.84000015258789,24.8700008392334,24.84000015258789,24.860000610351562,4281
2026-10-08 11:29:00,1791473340,GME,24.8700008392334,24.879899978637695,24.850000381469727,24.860000610351562,3920
2026-10-08 11:30:00,1791473400,GME,24.850000381469727,24.850000381469727,24.84000015258789,24.850000381469727,9951
2026-10-08 11:31:00,1791473460,GME,24.854999542236328,24.8700008392334,24.850000381469727,24.860000610351562,5759
2026-10-08 11:32:00,1791473520,GME,24.86370086669922,24.864999771118164,24.860000610351562,24.864999771118164,1849
2026-10-08 11:33:00,1791473580,GME,24.864999771118164,24.895000457763672,24.860000610351562,24.885000228881836,11632
2026-10-08 11:34:00,1791473640,GME,24.885000228881836,24.899999618530273,24.8799991607666,24.895000457763672,17980
2026-10-08 11:35:00,1791473700,GME,24.899999618530273,24.905000686645508,24.8799991607666,24.8799991607666,20020
2026-10-08 11:36:00,1791473760,GME,24.875,24.875,24.81999969482422,24.820999145507812,10400
2026-10-08 11:37:00,1791473820,GME,24.825000762939453,24.850000381469727,24.799999237060547,24.84000015258789,18097
2026-10-08 11:38:00,1791473880,GME,24.844999313354492,24.844999313354492,24.834999084472656,24.834999084472656,2088
2026-10-08 11:39:00,1791473940,GME,24.836599349975586,24.875,24.83169937133789,24.854999542236328,12280
2026-10-08 11:40:00,1791474000,GME,24.854999542236328,24.854999542236328,24.825000762939453,24.834999084472656,18042
2026-10-08 11:41:00,1791474060,GME,24.834999084472656,24.90999984741211,24.834999084472656,24.90999984741211,86491
2026-10-08 11:42:00,1791474120,GME,24.905000686645508,24.979999542236328,24.899999618530273,24.975000381469727,2282043
2026-10-08 11:43:00,1791474180,GME,24.979999542236328,25.02989959716797,24.96500015258789,25.014999389648438,57277
2026-10-08 11:44:00,1791474240,GME,25.020000457763672,25.079999923706055,25.010099411010742,25.079999923706055,33212
2026-10-08 11:45:00,1791474300,GME,25.075000762939453,25.13990020751953,25.059999465942383,25.100099563598633,53407
2026-10-08 11:46:00,1791474360,GME,25.110000610351562,25.299999237060547,25.110000610351562,25.299999237060547,268695
2026-10-08 11:47:00,1791474420,GME,25.299999237060547,25.329999923706055,25.270000457763672,25.329999923706055,105973
2026-10-08 11:48:00,1791474480,GME,25.329999923706055,25.489999771118164,25.31999969482422,25.40999984741211,102505
2026-10-08 11:49:00,1791474540,GME,25.389999389648438,25.459999084472656,25.38319969177246,25.405000686645508,74324
2026-10-08 11:50:00,1791474600,GME,25.40999984741211,25.519899368286133,25.396799087524414,25.454999923706055,74703
2026-10-08 11:51:00,1791474660,GME,25.450000762939453,25.469999313354492,25.299999237060547,25.31999969482422,45123
2026-10-08 11:52:00,1791474720,GME,25.31999969482422,25.347999572753906,25.307300567626953,25.31999969482422,20065
2026-10-08 11:53:00,1791474780,GME,25.329999923706055,25.350000381469727,25.22010040283203,25.280000686645508,46392
2026-10-08 11:54:00,1791474840,GME,25.27280044555664,25.389999389648438,25.27280044555664,25.389400482177734,38602
2026-10-08 11:55:00,1791474900,GME,25.38960075378418,25.429000854492188,25.329999923706055,25.348499298095703,36778
2026-10-08 11:56:00,1791474960,GME,25.355899810791016,25.415000915527344,25.31999969482422,25.40999984741211,43010
2026-10-08 11:57:00,1791475020,GME,25.40999984741211,25.469999313354492,25.405000686645508,25.469900131225586,54734
2026-10-08 11:58:00,1791475080,GME,25.46500015258789,25.489999771118164,25.44499969482422,25.45989990234375,87991
2026-10-08 11:59:00,1791475140,GME,25.45009994506836,25.61989974975586,25.45009994506836,25.58009910583496,103386
2026-10-08 12:00:00,1791475200,GME,25.579999923706055,25.600000381469727,25.510000228881836,25.59000015258789,68958
2026-10-08 12:01:00,1791475260,GME,25.59000015258789,25.64419937133789,25.56999969482422,25.6200008392334,66995
2026-10-08 12:02:00,1791475320,GME,25.6299991607666,25.693300247192383,25.610000610351562,25.6299991607666,77161
2026-10-08 12:03:00,1791475380,GME,25.6299991607666,25.649999618530273,25.56999969482422,25.584999084472656,33879
2026-10-08 12:04:00,1791475440,GME,25.584999084472656,25.729999542236328,25.58329963684082,25.65999984741211,86890
2026-10-08 12:05:00,1791475500,GME,25.649999618530273,25.649999618530273,25.520000457763672,25.524999618530273,78238
2026-10-08 12:06:00,1791475560,GME,25.514999389648438,25.520000457763672,25.420000076293945,25.420000076293945,88231
2026-10-08 12:07:00,1791475620,GME,25.420000076293945,25.489999771118164,25.3799991607666,25.489999771118164,83215
2026-10-08 12:08:00,1791475680,GME,25.4950008392334,25.540000915527344,25.459999084472656,25.479999542236328,45457
2026-10-08 12:09:00,1791475740,GME,25.476499557495117,25.5,25.459999084472656,25.489999771118164,20624
2026-10-08 12:10:00,1791475800,GME,25.489999771118164,25.679899215698242,25.489999771118164,25.65999984741211,54217
2026-10-08 12:11:00,1791475860,GME,25.65999984741211,25.66990089416504,25.46500015258789,25.489999771118164,44367
2026-10-08 12:12:00,1791475920,GME,25.489999771118164,25.5,25.440000534057617,25.489999771118164,32119
2026-10-08 12:13:00,1791475980,GME,25.475000381469727,25.475000381469727,25.3700008392334,25.43000030517578,24676
2026-10-08 12:14:00,1791476040,GME,25.44499969482422,25.479999542236328,25.43000030517578,25.469999313354492,11114
2026-10-08 12:15:00,1791476100,GME,25.469999313354492,25.469999313354492,25.399999618530273,25.42300033569336,32344
2026-10-08 12:16:00,1791476160,GME,25.399999618530273,25.430999755859375,25.3700008392334,25.389999389648438,32184
2026-10-08 12:17:00,1791476220,GME,25.389999389648438,25.475000381469727,25.3799991607666,25.473499298095703,71449
2026-10-08 12:18:00,1791476280,GME,25.469999313354492,25.510000228881836,25.450000762939453,25.5049991607666,41503
2026-10-08 12:19:00,1791476340,GME,25.5,25.5,25.40999984741211,25.420000076293945,30899
2026-10-08 12:20:00,1791476400,GME,25.410999298095703,25.479999542236328,25.40999984741211,25.479999542236328,13177
2026-10-08 12:21:00,1791476460,GME,25.469999313354492,25.5,25.395000457763672,25.395000457763672,18554
2026-10-08 12:22:00,1791476520,GME,25.405000686645508,25.446800231933594,25.368999481201172,25.3799991607666,39371
2026-10-08 12:23:00,1791476580,GME,25.387300491333008,25.470699310302734,25.387300491333008,25.470699310302734,12195
2026-10-08 12:24:00,1791476640,GME,25.469999313354492,25.520000457763672,25.469999313354492,25.519899368286133,34694
2026-10-08 12:25:00,1791476700,GME,25.520000457763672,25.549999237060547,25.520000457763672,25.520000457763672,11724
2026-10-08 12:26:00,1791476760,GME,25.510000228881836,25.510000228881836,25.476999282836914,25.48310089111328,5219
2026-10-08 12:27:00,1791476820,GME,25.5,25.68000030517578,25.489999771118164,25.649999618530273,41376
2026-10-08 12:28:00,1791476880,GME,25.635000228881836,25.65999984741211,25.56100082397461,25.575000762939453,24869
2026-10-08 12:29:00,1791476940,GME,25.579999923706055,25.65999984741211,25.575000762939453,25.6299991607666,57355
2026-10-08 12:30:00,1791477000,GME,25.6299991607666,25.639999389648438,25.559999465942383,25.559999465942383,35261
2026-10-08 12:31:00,1791477060,GME,25.59000015258789,25.700000762939453,25.59000015258789,25.69499969482422,99900
2026-10-08 12:32:00,1791477120,GME,25.69499969482422,25.719999313354492,25.6200008392334,25.6200008392334,79873
2026-10-08 12:33:00,1791477180,GME,25.6299991607666,25.672199249267578,25.6299991607666,25.667200088500977,19429
2026-10-08 12:34:00,1791477240,GME,25.665000915527344,25.68000030517578,25.649999618530273,25.670000076293945,34684
2026-10-08 12:35:00,1791477300,GME,25.660999298095703,25.709999084472656,25.65019989013672,25.690000534057617,74069
2026-10-08 12:36:00,1791477360,GME,25.68199920654297,25.700000762939453,25.670000076293945,25.684999465942383,11570
2026-10-08 12:37:00,1791477420,GME,25.684600830078125,25.725000381469727,25.670000076293945,25.700000762939453,51128
2026-10-08 12:38:00,1791477480,GME,25.700000762939453,25.700000762939453,25.639999389648438,25.645000457763672,34148
2026-10-08 12:39:00,1791477540,GME,25.645000457763672,25.649999618530273,25.6200008392334,25.6299991607666,46416
2026-10-08 12:40:00,1791477600,GME,25.625,25.649999618530273,25.6200008392334,25.6200008392334,23150
2026-10-08 12:41:00,1791477660,GME,25.6200008392334,25.645000457763672,25.6200008392334,25.6299991607666,23631
2026-10-08 12:42:00,1791477720,GME,25.625,25.665000915527344,25.625,25.665000915527344,15199
2026-10-08 12:43:00,1791477780,GME,25.670000076293945,25.719999313354492,25.65999984741211,25.704999923706055,44382
2026-10-08 12:44:00,1791477840,GME,25.70789909362793,25.739900588989258,25.700000762939453,25.739900588989258,19165
2026-10-08 12:45:00,1791477900,GME,25.729999542236328,25.729999542236328,25.68000030517578,25.71660041809082,29315
2026-10-08 12:46:00,1791477960,GME,25.71500015258789,25.809999465942383,25.655000686645508,25.809999465942383,125833
2026-10-08 12:47:00,1791478020,GME,25.780000686645508,25.81999969482422,25.760000228881836,25.780000686645508,94315
2026-10-08 12:48:00,1791478080,GME,25.790000915527344,25.809999465942383,25.690000534057617,25.690000534057617,29066
2026-10-08 12:49:00,1791478140,GME,25.672100067138672,25.674999237060547,25.625,25.639299392700195,17532
2026-10-08 12:50:00,1791478200,GME,25.6299991607666,25.65999984741211,25.575000762939453,25.610000610351562,111919
2026-10-08 12:51:00,1791478260,GME,25.61009979248047,25.6299991607666,25.599899291992188,25.6200008392334,19296
2026-10-08 12:52:00,1791478320,GME,25.616899490356445,25.6299991607666,25.600000381469727,25.6200008392334,15976
2026-10-08 12:53:00,1791478380,GME,25.610000610351562,25.635099411010742,25.59000015258789,25.610000610351562,65088
2026-10-08 12:54:00,1791478440,GME,25.610000610351562,25.610000610351562,25.57089614868164,25.600000381469727,43350
2026-10-08 12:55:00,1791478500,GME,25.604999542236328,25.610000610351562,25.56999969482422,25.575000762939453,15616
2026-10-08 12:56:00,1791478560,GME,25.56999969482422,25.56999969482422,25.47010040283203,25.479999542236328,20935
2026-10-08 12:57:00,1791478620,GME,25.475299835205078,25.540000915527344,25.46500015258789,25.540000915527344,30110
2026-10-08 12:58:00,1791478680,GME,25.549999237060547,25.600000381469727,25.549999237060547,25.600000381469727,19661
2026-10-08 12:59:00,1791478740,GME,25.59000015258789,25.614999771118164,25.540000915527344,25.540000915527344,17634
2026-10-08 13:00:00,1791478800,GME,25.540000915527344,25.594999313354492,25.540000915527344,25.565000534057617,7401
2026-10-08 13:01:00,1791478860,GME,25.56559944152832,25.579999923706055,25.540000915527344,25.54010009765625,8767
2026-10-08 13:02:00,1791478920,GME,25.540000915527344,25.56999969482422,25.53499984741211,25.56999969482422,12917
2026-10-08 13:03:00,1791478980,GME,25.56999969482422,25.575000762939453,25.524999618530273,25.524999618530273,6587
2026-10-08 13:04:00,1791479040,GME,25.520000457763672,25.540000915527344,25.510099411010742,25.524999618530273,6516
2026-10-08 13:05:00,1791479100,GME,25.530000686645508,25.559999465942383,25.520000457763672,25.545000076293945,15350
2026-10-08 13:06:00,1791479160,GME,25.54829978942871,25.59000015258789,25.540000915527344,25.56999969482422,11845
2026-10-08 13:07:00,1791479220,GME,25.575000762939453,25.579999923706055,25.559999465942383,25.579999923706055,4808
2026-10-08 13:08:00,1791479280,GME,25.59000015258789,25.604999542236328,25.579999923706055,25.587900161743164,26308
2026-10-08 13:09:00,1791479340,GME,25.58009910583496,25.614999771118164,25.553199768066406,25.579999923706055,25329
2026-10-08 13:10:00,1791479400,GME,25.58139991760254,25.6200008392334,25.5762996673584,25.585500717163086,27322
2026-10-08 13:11:00,1791479460,GME,25.59000015258789,25.59000015258789,25.540000915527344,25.59000015258789,15947
2026-10-08 13:12:00,1791479520,GME,25.59000015258789,25.65999984741211,25.59000015258789,25.649999618530273,18967
2026-10-08 13:13:00,1791479580,GME,25.656099319458008,25.66550064086914,25.649999618530273,25.65999984741211,10817
2026-10-08 13:14:00,1791479640,GME,25.65999984741211,25.700000762939453,25.65999984741211,25.690099716186523,22004
2026-10-08 13:15:00,1791479700,GME,25.690000534057617,25.700000762939453,25.68000030517578,25.700000762939453,20595
2026-10-08 13:16:00,1791479760,GME,25.69499969482422,25.69499969482422,25.670000076293945,25.674999237060547,10039
2026-10-08 13:17:00,1791479820,GME,25.674999237060547,25.674999237060547,25.601999282836914,25.6200008392334,11655
2026-10-08 13:18:00,1791479880,GME,25.6299991607666,25.649900436401367,25.610000610351562,25.610000610351562,6830
2026-10-08 13:19:00,1791479940,GME,25.614900588989258,25.6299991607666,25.604999542236328,25.6200008392334,9548
2026-10-08 13:20:00,1791480000,GME,25.6299991607666,25.634000778198242,25.559999465942383,25.579999923706055,14272
2026-10-08 13:21:00,1791480060,GME,25.579999923706055,25.59000015258789,25.56999969482422,25.575000762939453,13737
2026-10-08 13:22:00,1791480120,GME,25.579999923706055,25.600000381469727,25.565000534057617,25.59000015258789,11799
2026-10-08 13:23:00,1791480180,GME,25.59000015258789,25.670000076293945,25.579999923706055,25.635000228881836,45201
2026-10-08 13:24:00,1791480240,GME,25.6299991607666,25.649999618530273,25.600099563598633,25.639999389648438,8653
2026-10-08 13:25:00,1791480300,GME,25.639999389648438,25.645000457763672,25.600000381469727,25.62969970703125,25352
2026-10-08 13:26:00,1791480360,GME,25.625,25.6299991607666,25.56999969482422,25.56999969482422,14062
2026-10-08 13:27:00,1791480420,GME,25.560100555419922,25.57990074157715,25.559999465942383,25.565000534057617,11797
2026-10-08 13:28:00,1791480480,GME,25.561899185180664,25.639999389648438,25.561899185180664,25.639999389648438,116709
2026-10-08 13:29:00,1791480540,GME,25.635000228881836,25.673599243164062,25.6299991607666,25.65999984741211,6839
2026-10-08 13:30:00,1791480600,GME,25.665000915527344,25.681400299072266,25.65999984741211,25.674999237060547,18035
2026-10-08 13:31:00,1791480660,GME,25.674999237060547,25.69499969482422,25.665000915527344,25.690000534057617,14341
2026-10-08 13:32:00,1791480720,GME,25.684999465942383,25.690000534057617,25.670000076293945,25.670000076293945,8595
2026-10-08 13:33:00,1791480780,GME,25.665000915527344,25.67970085144043,25.65999984741211,25.674999237060547,18791
2026-10-08 13:34:00,1791480840,GME,25.670000076293945,25.670000076293945,25.59000015258789,25.59000015258789,15111
2026-10-08 13:35:00,1791480900,GME,25.5802001953125,25.610000610351562,25.559999465942383,25.579999923706055,23525
2026-10-08 13:36:00,1791480960,GME,25.56999969482422,25.584999084472656,25.559999465942383,25.579999923706055,5929
2026-10-08 13:37:00,1791481020,GME,25.56999969482422,25.56999969482422,25.559999465942383,25.559999465942383,4106
2026-10-08 13:38:00,1791481080,GME,25.559999465942383,25.579999923706055,25.55500030517578,25.56999969482422,2073
2026-10-08 13:39:00,1791481140,GME,25.559999465942383,25.559999465942383,25.527599334716797,25.549999237060547,12218
2026-10-08 13:40:00,1791481200,GME,25.55500030517578,25.600000381469727,25.55500030517578,25.582199096679688,9414
2026-10-08 13:41:00,1791481260,GME,25.56999969482422,25.59000015258789,25.56999969482422,25.579999923706055,4790
2026-10-08 13:42:00,1791481320,GME,25.579999923706055,25.65999984741211,25.579999923706055,25.65999984741211,14694
2026-10-08 13:43:00,1791481380,GME,25.65999984741211,25.700000762939453,25.65999984741211,25.69499969482422,9655
2026-10-08 13:44:00,1791481440,GME,25.69499969482422,25.69499969482422,25.662736892700195,25.670000076293945,8259
2026-10-08 13:45:00,1791481500,GME,25.684999465942383,25.69499969482422,25.670000076293945,25.68000030517578,31651
2026-10-08 13:46:00,1791481560,GME,25.674999237060547,25.68000030517578,25.6299991607666,25.6299991607666,9479
2026-10-08 13:47:00,1791481620,GME,25.63319969177246,25.649999618530273,25.6299991607666,25.649999618530273,2826
2026-10-08 13:48:00,1791481680,GME,25.649999618530273,25.655000686645508,25.625,25.645000457763672,6708
2026-10-08 13:49:00,1791481740,GME,25.639999389648438,25.649999618530273,25.614999771118164,25.614999771118164,4371
2026-10-08 13:50:00,1791481800,GME,25.600000381469727,25.610000610351562,25.59000015258789,25.594999313354492,16249
2026-10-08 13:51:00,1791481860,GME,25.599899291992188,25.625,25.590200424194336,25.604999542236328,13429
2026-10-08 13:52:00,1791481920,GME,25.610000610351562,25.610000610351562,25.56999969482422,25.56999969482422,6226
2026-10-08 13:53:00,1791481980,GME,25.56999969482422,25.56999969482422,25.422000885009766,25.469999313354492,139178
2026-10-08 13:54:00,1791482040,GME,25.459999084472656,25.46500015258789,25.40999984741211,25.420000076293945,33848
2026-10-08 13:55:00,1791482100,GME,25.415000915527344,25.417999267578125,25.325000762939453,25.3700008392334,45162
2026-10-08 13:56:00,1791482160,GME,25.3700008392334,25.3700008392334,25.280000686645508,25.34000015258789,107741
2026-10-08 13:57:00,1791482220,GME,25.336299896240234,25.41990089416504,25.325000762939453,25.415000915527344,18353
2026-10-08 13:58:00,1791482280,GME,25.420000076293945,25.459999084472656,25.420000076293945,25.420000076293945,19267
2026-10-08 13:59:00,1791482340,GME,25.43000030517578,25.439899444580078,25.39550018310547,25.40999984741211,5587
2026-10-08 14:00:00,1791482400,GME,25.420000076293945,25.42169952392578,25.405000686645508,25.41990089416504,7262
2026-10-08 14:01:00,1791482460,GME,25.395000457763672,25.41950035095215,25.3799991607666,25.395000457763672,13649
2026-10-08 14:02:00,1791482520,GME,25.420000076293945,25.43000030517578,25.399999618530273,25.424999237060547,9766
2026-10-08 14:03:00,1791482580,GME,25.42799949645996,25.42799949645996,25.405000686645508,25.405000686645508,5438
2026-10-08 14:04:00,1791482640,GME,25.405000686645508,25.43000030517578,25.399999618530273,25.40999984741211,6326
2026-10-08 14:05:00,1791482700,GME,25.424999237060547,25.43000030517578,25.399999618530273,25.424999237060547,9960
2026-10-08 14:06:00,1791482760,GME,25.424999237060547,25.43000030517578,25.405000686645508,25.415000915527344,10113
2026-10-08 14:07:00,1791482820,GME,25.415000915527344,25.415000915527344,25.389999389648438,25.407499313354492,14226
2026-10-08 14:08:00,1791482880,GME,25.405000686645508,25.417999267578125,25.350000381469727,25.391300201416016,15619
2026-10-08 14:09:00,1791482940,GME,25.395000457763672,25.395099639892578,25.385000228881836,25.385000228881836,2293
2026-10-08 14:10:00,1791483000,GME,25.385000228881836,25.40049934387207,25.3799991607666,25.38010025024414,53575
2026-10-08 14:11:00,1791483060,GME,25.380199432373047,25.380199432373047,25.34440040588379,25.350000381469727,14199
2026-10-08 14:12:00,1791483120,GME,25.34000015258789,25.34000015258789,25.290000915527344,25.31999969482422,33722
2026-10-08 14:13:00,1791483180,GME,25.31999969482422,25.31999969482422,25.260000228881836,25.29010009765625,68807
2026-10-08 14:14:00,1791483240,GME,25.309999465942383,25.327999114990234,25.290000915527344,25.325000762939453,10837
2026-10-08 14:15:00,1791483300,GME,25.325000762939453,25.329599380493164,25.299999237060547,25.309999465942383,10021
2026-10-08 14:16:00,1791483360,GME,25.315000534057617,25.31999969482422,25.292200088500977,25.30500030517578,8560
2026-10-08 14:17:00,1791483420,GME,25.30500030517578,25.309999465942383,25.274999618530273,25.274999618530273,7309
2026-10-08 14:18:00,1791483480,GME,25.274999618530273,25.280000686645508,25.260099411010742,25.270000457763672,16201
2026-10-08 14:19:00,1791483540,GME,25.270000457763672,25.270000457763672,25.20199966430664,25.211599349975586,36663
2026-10-08 14:20:00,1791483600,GME,25.215499877929688,25.270000457763672,25.18000030517578,25.270000457763672,29253
2026-10-08 14:21:00,1791483660,GME,25.280000686645508,25.280000686645508,25.219999313354492,25.2450008392334,18692
2026-10-08 14:22:00,1791483720,GME,25.260099411010742,25.260099411010742,25.239999771118164,25.260099411010742,10912
2026-10-08 14:23:00,1791483780,GME,25.25,25.290000915527344,25.22010040283203,25.28499984741211,14607
2026-10-08 14:24:00,1791483840,GME,25.280000686645508,25.295000076293945,25.264999389648438,25.295000076293945,10493
2026-10-08 14:25:00,1791483900,GME,25.295000076293945,25.31999969482422,25.280000686645508,25.31999969482422,8480
2026-10-08 14:26:00,1791483960,GME,25.329999923706055,25.3700008392334,25.31999969482422,25.350500106811523,21217
2026-10-08 14:27:00,1791484020,GME,25.354999542236328,25.379899978637695,25.344999313354492,25.37220001220703,19445
2026-10-08 14:28:00,1791484080,GME,25.375,25.3799991607666,25.360000610351562,25.3700008392334,12537
2026-10-08 14:29:00,1791484140,GME,25.3700008392334,25.3700008392334,25.31999969482422,25.31999969482422,7817
2026-10-08 14:30:00,1791484200,GME,25.329999923706055,25.33989906311035,25.264999389648438,25.299999237060547,15593
2026-10-08 14:31:00,1791484260,GME,25.299999237060547,25.299999237060547,25.274999618530273,25.290000915527344,4997
2026-10-08 14:32:00,1791484320,GME,25.290000915527344,25.34000015258789,25.290000915527344,25.338300704956055,83955
2026-10-08 14:33:00,1791484380,GME,25.334999084472656,25.34000015258789,25.325000762939453,25.329999923706055,7801
2026-10-08 14:34:00,1791484440,GME,25.33609962463379,25.33609962463379,25.315000534057617,25.319900512695312,5255
2026-10-08 14:35:00,1791484500,GME,25.315000534057617,25.34000015258789,25.309999465942383,25.31999969482422,55956
2026-10-08 14:36:00,1791484560,GME,25.31999969482422,25.31999969482422,25.30500030517578,25.30500030517578,6552
2026-10-08 14:37:00,1791484620,GME,25.299999237060547,25.299999237060547,25.25,25.280000686645508,7885
2026-10-08 14:38:00,1791484680,GME,25.270000457763672,25.280000686645508,25.25589942932129,25.264999389648438,14457
2026-10-08 14:39:00,1791484740,GME,25.260000228881836,25.260000228881836,25.200000762939453,25.229999542236328,22901
2026-10-08 14:40:00,1791484800,GME,25.22100067138672,25.270000457763672,25.22100067138672,25.235000610351562,9311
2026-10-08 14:41:00,1791484860,GME,25.235000610351562,25.270000457763672,25.235000610351562,25.264999389648438,7067
2026-10-08 14:42:00,1791484920,GME,25.25,25.264999389648438,25.221399307250977,25.221399307250977,4931
2026-10-08 14:43:00,1791484980,GME,25.219999313354492,25.219999313354492,25.15999984741211,25.190000534057617,33831
2026-10-08 14:44:00,1791485040,GME,25.190000534057617,25.209999084472656,25.172300338745117,25.204999923706055,26765
2026-10-08 14:45:00,1791485100,GME,25.21500015258789,25.21500015258789,25.20050048828125,25.201499938964844,7508
2026-10-08 14:46:00,1791485160,GME,25.204999923706055,25.20509910583496,25.170000076293945,25.18000030517578,8090
2026-10-08 14:47:00,1791485220,GME,25.18000030517578,25.18000030517578,25.18000030517578,25.18000030517578,1560
2026-10-08 14:48:00,1791485280,GME,25.170000076293945,25.174999237060547,25.139999389648438,25.139999389648438,11162
2026-10-08 14:49:00,1791485340,GME,25.139999389648438,25.149999618530273,25.100200653076172,25.149999618530273,29875
2026-10-08 14:50:00,1791485400,GME,25.149999618530273,25.180099487304688,25.149999618530273,25.15999984741211,19794
2026-10-08 14:51:00,1791485460,GME,25.15999984741211,25.170000076293945,25.149999618530273,25.149999618530273,7683
2026-10-08 14:52:00,1791485520,GME,25.149999618530273,25.15999984741211,25.135000228881836,25.155000686645508,8498
2026-10-08 14:53:00,1791485580,GME,25.15999984741211,25.170000076293945,25.149999618530273,25.165000915527344,16408
2026-10-08 14:54:00,1791485640,GME,25.16990089416504,25.219999313354492,25.165000915527344,25.219999313354492,22515
2026-10-08 14:55:00,1791485700,GME,25.21820068359375,25.2549991607666,25.21820068359375,25.2450008392334,27305
2026-10-08 14:56:00,1791485760,GME,25.25,25.25,25.200000762939453,25.204999923706055,7011
2026-10-08 14:57:00,1791485820,GME,25.209999084472656,25.209999084472656,25.174999237060547,25.174999237060547,1913
2026-10-08 14:58:00,1791485880,GME,25.173099517822266,25.189899444580078,25.149999618530273,25.17180061340332,6991
2026-10-08 14:59:00,1791485940,GME,25.170000076293945,25.170000076293945,25.1200008392334,25.141799926757812,7243
2026-10-08 15:00:00,1791486000,GME,25.139999389648438,25.139999389648438,25.114999771118164,25.1299991607666,25623
2026-10-08 15:01:00,1791486060,GME,25.1200008392334,25.1200008392334,25.094999313354492,25.094999313354492,23769
2026-10-08 15:02:00,1791486120,GME,25.094999313354492,25.094999313354492,25.040000915527344,25.06999969482422,28378
2026-10-08 15:03:00,1791486180,GME,25.069900512695312,25.100000381469727,25.065000534057617,25.079999923706055,21737
2026-10-08 15:04:00,1791486240,GME,25.079999923706055,25.1299991607666,25.06999969482422,25.110000610351562,22444
2026-10-08 15:05:00,1791486300,GME,25.1200008392334,25.124300003051758,25.079999923706055,25.09000015258789,8936
2026-10-08 15:06:00,1791486360,GME,25.09000015258789,25.094999313354492,25.06999969482422,25.094999313354492,8462
2026-10-08 15:07:00,1791486420,GME,25.09000015258789,25.114999771118164,25.06999969482422,25.06999969482422,9266
2026-10-08 15:08:00,1791486480,GME,25.059999465942383,25.09000015258789,25.053600311279297,25.082500457763672,20250
2026-10-08 15:09:00,1791486540,GME,25.08209991455078,25.094999313354492,25.079999923706055,25.09000015258789,16749
2026-10-08 15:10:00,1791486600,GME,25.09000015258789,25.1299991607666,25.09000015258789,25.114999771118164,20054
2026-10-08 15:11:00,1791486660,GME,25.110000610351562,25.145000457763672,25.110000610351562,25.145000457763672,16155
2026-10-08 15:12:00,1791486720,GME,25.140100479125977,25.145000457763672,25.1200008392334,25.142799377441406,23446
2026-10-08 15:13:00,1791486780,GME,25.145000457763672,25.145000457763672,25.100000381469727,25.1200008392334,33550
2026-10-08 15:14:00,1791486840,GME,25.114999771118164,25.1200008392334,25.079999923706055,25.084999084472656,13799
2026-10-08 15:15:00,1791486900,GME,25.084999084472656,25.084999084472656,25.03499984741211,25.03499984741211,18102
2026-10-08 15:16:00,1791486960,GME,25.03499984741211,25.06999969482422,25.03499984741211,25.065000534057617,21472
2026-10-08 15:17:00,1791487020,GME,25.059999465942383,25.094999313354492,25.059999465942383,25.09000015258789,13028
2026-10-08 15:18:00,1791487080,GME,25.100000381469727,25.139999389648438,25.100000381469727,25.1299991607666,6047
2026-10-08 15:19:00,1791487140,GME,25.139999389648438,25.200000762939453,25.1299991607666,25.198999404907227,56162
2026-10-08 15:20:00,1791487200,GME,25.198400497436523,25.200000762939453,25.170000076293945,25.174999237060547,15545
2026-10-08 15:21:00,1791487260,GME,25.18000030517578,25.200000762939453,25.170000076293945,25.170000076293945,12325
2026-10-08 15:22:00,1791487320,GME,25.174999237060547,25.179500579833984,25.17009925842285,25.17009925842285,4028
2026-10-08 15:23:00,1791487380,GME,25.174999237060547,25.204999923706055,25.149999618530273,25.149999618530273,15973
2026-10-08 15:24:00,1791487440,GME,25.15999984741211,25.190000534057617,25.15999984741211,25.190000534057617,11181
2026-10-08 15:25:00,1791487500,GME,25.18000030517578,25.18000030517578,25.079999923706055,25.114999771118164,56060
2026-10-08 15:26:00,1791487560,GME,25.110200881958008,25.1200008392334,25.100000381469727,25.104999542236328,27768
2026-10-08 15:27:00,1791487620,GME,25.100000381469727,25.100000381469727,25.079999923706055,25.079999923706055,10606
2026-10-08 15:28:00,1791487680,GME,25.104999542236328,25.149999618530273,25.049999237060547,25.104999542236328,28668
2026-10-08 15:29:00,1791487740,GME,25.110000610351562,25.149999618530273,25.104999542236328,25.149999618530273,15189
2026-10-08 15:30:00,1791487800,GME,25.149999618530273,25.174999237060547,25.139999389648438,25.170000076293945,9625
2026-10-08 15:31:00,1791487860,GME,25.170000076293945,25.170000076293945,25.139999389648438,25.155000686645508,12482
2026-10-08 15:32:00,1791487920,GME,25.149999618530273,25.174999237060547,25.149999618530273,25.15999984741211,17827
2026-10-08 15:33:00,1791487980,GME,25.159900665283203,25.15999984741211,25.145000457763672,25.145000457763672,4089
2026-10-08 15:34:00,1791488040,GME,25.139999389648438,25.149999618530273,25.135000228881836,25.139999389648438,12760
2026-10-08 15:35:00,1791488100,GME,25.149999618530273,25.260000228881836,25.145000457763672,25.260000228881836,21212
2026-10-08 15:36:00,1791488160,GME,25.260000228881836,25.364999771118164,25.25,25.364999771118164,46435
2026-10-08 15:37:00,1791488220,GME,25.3700008392334,25.43000030517578,25.350099563598633,25.350099563598633,66456
2026-10-08 15:38:00,1791488280,GME,25.363399505615234,25.41990089416504,25.363399505615234,25.399999618530273,31104
2026-10-08 15:39:00,1791488340,GME,25.395000457763672,25.395000457763672,25.360000610351562,25.3799991607666,25794
2026-10-08 15:40:00,1791488400,GME,25.37579917907715,25.389999389648438,25.3700008392334,25.3700008392334,7316
2026-10-08 15:41:00,1791488460,GME,25.3700008392334,25.3700008392334,25.36079978942871,25.364999771118164,9226
2026-10-08 15:42:00,1791488520,GME,25.360000610351562,25.36009979248047,25.31999969482422,25.34000015258789,12281
2026-10-08 15:43:00,1791488580,GME,25.350000381469727,25.350000381469727,25.299999237060547,25.309999465942383,9591
2026-10-08 15:44:00,1791488640,GME,25.309999465942383,25.344999313354492,25.280000686645508,25.290000915527344,23787
2026-10-08 15:45:00,1791488700,GME,25.286100387573242,25.359899520874023,25.286100387573242,25.347200393676758,13152
2026-10-08 15:46:00,1791488760,GME,25.344999313354492,25.359899520874023,25.299999237060547,25.309999465942383,18050
2026-10-08 15:47:00,1791488820,GME,25.315000534057617,25.315000534057617,25.30500030517578,25.309999465942383,9355
2026-10-08 15:48:00,1791488880,GME,25.309999465942383,25.313100814819336,25.281999588012695,25.309999465942383,31702
2026-10-08 15:49:00,1791488940,GME,25.30500030517578,25.344999313354492,25.30500030517578,25.34000015258789,26866
2026-10-08 15:50:00,1791489000,GME,25.34000015258789,25.34000015258789,25.299999237060547,25.315000534057617,18884
2026-10-08 15:51:00,1791489060,GME,25.315000534057617,25.31999969482422,25.29990005493164,25.315000534057617,12868
2026-10-08 15:52:00,1791489120,GME,25.309999465942383,25.325000762939453,25.28499984741211,25.309999465942383,30614
2026-10-08 15:53:00,1791489180,GME,25.309999465942383,25.315000534057617,25.28499984741211,25.299999237060547,19921
2026-10-08 15:54:00,1791489240,GME,25.299999237060547,25.299999237060547,25.280000686645508,25.280000686645508,31141
2026-10-08 15:55:00,1791489300,GME,25.28499984741211,25.29789924621582,25.2450008392334,25.2549991607666,52584
2026-10-08 15:56:00,1791489360,GME,25.2549991607666,25.2549991607666,25.225000381469727,25.235000610351562,83579
2026-10-08 15:57:00,1791489420,GME,25.235000610351562,25.2450008392334,25.197500228881836,25.235000610351562,108936
2026-10-08 15:58:00,1791489480,GME,25.229999542236328,25.274999618530273,25.209999084472656,25.274999618530273,139960
2026-10-08 15:59:00,1791489540,GME,25.274999618530273,25.290000915527344,25.235000610351562,25.25,259511
2026-10-08 16:00:00,1791489600,GME,25.280000686645508,25.280000686645508,25.280000686645508,25.280000686645508,0
