timestamp_et,epoch,ticker,open,high,low,close,volume
2026-09-30 09:30:00,1790775000,IEX,230.69000244140625,230.88499450683594,230.42999267578125,230.4949951171875,0
2026-09-30 09:35:00,1790775300,IEX,230.61000061035156,230.61000061035156,230.60000610351562,230.60000610351562,2285
2026-09-30 09:36:00,1790775360,IEX,230.60499572753906,230.60499572753906,230.60499572753906,230.60499572753906,339
2026-09-30 09:37:00,1790775420,IEX,231.02499389648438,231.02499389648438,231.02499389648438,231.02499389648438,1674
2026-09-30 09:40:00,1790775600,IEX,230.83425903320312,230.99000549316406,230.7100067138672,230.92999267578125,3416
2026-09-30 09:41:00,1790775660,IEX,230.5500030517578,230.75,230.51499938964844,230.75,1199
2026-09-30 09:44:00,1790775840,IEX,230.4499969482422,230.4499969482422,230.4499969482422,230.4499969482422,951
2026-09-30 09:47:00,1790776020,IEX,230.24000549316406,230.24000549316406,230.24000549316406,230.24000549316406,355
2026-09-30 09:50:00,1790776200,IEX,230.27000427246094,230.27000427246094,230.27000427246094,230.27000427246094,149
2026-09-30 09:51:00,1790776260,IEX,230.7100067138672,230.7100067138672,230.38999938964844,230.38999938964844,674
2026-09-30 09:53:00,1790776380,IEX,230.47500610351562,230.47500610351562,230.47500610351562,230.47500610351562,311
2026-09-30 09:56:00,1790776560,IEX,230.6300048828125,230.6300048828125,230.6300048828125,230.6300048828125,492
2026-09-30 09:58:00,1790776680,IEX,230.8300018310547,230.8300018310547,230.8300018310547,230.8300018310547,914
2026-09-30 10:01:00,1790776860,IEX,229.89999389648438,229.89999389648438,229.89999389648438,229.89999389648438,572
2026-09-30 10:03:00,1790776980,IEX,230.06500244140625,230.07000732421875,230.02000427246094,230.0449981689453,3450
2026-09-30 10:04:00,1790777040,IEX,230.1300048828125,230.55999755859375,230.1300048828125,230.55999755859375,1676
2026-09-30 10:05:00,1790777100,IEX,230.58999633789062,230.9149932861328,230.58999633789062,230.9149932861328,2308
2026-09-30 10:07:00,1790777220,IEX,231.06500244140625,231.06500244140625,230.57000732421875,230.61000061035156,4709
2026-09-30 10:08:00,1790777280,IEX,230.5449981689453,230.9600067138672,230.47000122070312,230.58999633789062,21653
2026-09-30 10:09:00,1790777340,IEX,230.4499969482422,230.4499969482422,230.4499969482422,230.4499969482422,404
2026-09-30 10:11:00,1790777460,IEX,230.19000244140625,230.22500610351562,229.92999267578125,229.92999267578125,942
2026-09-30 10:12:00,1790777520,IEX,230.25999450683594,230.57000732421875,230.25,230.57000732421875,1472
2026-09-30 10:13:00,1790777580,IEX,230.4199981689453,230.4199981689453,230.4199981689453,230.4199981689453,1048
2026-09-30 10:14:00,1790777640,IEX,230.65499877929688,230.66000366210938,230.00999450683594,230.00999450683594,2395
2026-09-30 10:15:00,1790777700,IEX,230.24000549316406,230.24000549316406,230.00999450683594,230.1199951171875,1429
2026-09-30 10:16:00,1790777760,IEX,229.77999877929688,229.9199981689453,229.77999877929688,229.9199981689453,779
2026-09-30 10:17:00,1790777820,IEX,229.74000549316406,229.78500366210938,229.6699981689453,229.77499389648438,2176
2026-09-30 10:18:00,1790777880,IEX,229.8925018310547,229.8925018310547,229.875,229.875,277
2026-09-30 10:19:00,1790777940,IEX,229.8800048828125,230.02999877929688,229.8800048828125,230.02999877929688,793
2026-09-30 10:21:00,1790778060,IEX,230.21499633789062,230.35000610351562,230.21499633789062,230.35000610351562,336
2026-09-30 10:22:00,1790778120,IEX,230.1750030517578,230.3300018310547,230.1750030517578,230.3300018310547,548
2026-09-30 10:24:00,1790778240,IEX,230.1750030517578,230.35000610351562,230.1750030517578,230.35000610351562,1428
2026-09-30 10:25:00,1790778300,IEX,230.1750030517578,230.1750030517578,229.82000732421875,230.0449981689453,1599
2026-09-30 10:27:00,1790778420,IEX,229.91000366210938,229.91000366210938,229.85499572753906,229.85499572753906,451
2026-09-30 10:28:00,1790778480,IEX,229.82730102539062,229.82730102539062,229.74000549316406,229.78500366210938,1357
2026-09-30 10:30:00,1790778600,IEX,229.7100067138672,229.7100067138672,229.7100067138672,229.7100067138672,364
2026-09-30 10:31:00,1790778660,IEX,229.4499969482422,229.49000549316406,229.27999877929688,229.49000549316406,1418
2026-09-30 10:32:00,1790778720,IEX,229.58999633789062,229.58999633789062,229.58999633789062,229.58999633789062,500
2026-09-30 10:34:00,1790778840,IEX,229.5850067138672,229.5850067138672,229.1699981689453,229.1699981689453,1302
2026-09-30 10:35:00,1790778900,IEX,229.2100067138672,229.2100067138672,229.17999267578125,229.17999267578125,702
2026-09-30 10:40:00,1790779200,IEX,229.55499267578125,229.55499267578125,229.55499267578125,229.55499267578125,108
2026-09-30 10:41:00,1790779260,IEX,229.40750122070312,229.40750122070312,229.40750122070312,229.40750122070312,655
2026-09-30 10:43:00,1790779380,IEX,229.86000061035156,229.86000061035156,229.73500061035156,229.7449951171875,1128
2026-09-30 10:44:00,1790779440,IEX,229.7550048828125,230.02000427246094,229.7550048828125,229.90499877929688,2520
2026-09-30 10:45:00,1790779500,IEX,229.86000061035156,229.89500427246094,229.86000061035156,229.86000061035156,1326
2026-09-30 10:47:00,1790779620,IEX,229.90499877929688,229.9250030517578,229.90499877929688,229.91000366210938,1689
2026-09-30 10:50:00,1790779800,IEX,229.67999267578125,229.67999267578125,229.67999267578125,229.67999267578125,1622
2026-09-30 10:59:00,1790780340,IEX,230.26499938964844,230.26499938964844,230.08999633789062,230.08999633789062,2695
2026-09-30 11:01:00,1790780460,IEX,230.02000427246094,230.02000427246094,230.02000427246094,230.02000427246094,212
2026-09-30 11:02:00,1790780520,IEX,229.98500061035156,230.0850067138672,229.98500061035156,230.0850067138672,1863
2026-09-30 11:07:00,1790780820,IEX,230.43499755859375,230.43499755859375,230.43499755859375,230.43499755859375,766
2026-09-30 11:10:00,1790781000,IEX,230.3800048828125,230.3800048828125,230.3800048828125,230.3800048828125,530
2026-09-30 11:12:00,1790781120,IEX,230.22000122070312,230.22000122070312,230.13999938964844,230.13999938964844,1089
2026-09-30 11:13:00,1790781180,IEX,230.3300018310547,230.36000061035156,230.3300018310547,230.36000061035156,1057
2026-09-30 11:16:00,1790781360,IEX,230.6300048828125,230.6300048828125,230.5800018310547,230.5800018310547,602
2026-09-30 11:18:00,1790781480,IEX,230.2899932861328,230.2899932861328,230.0850067138672,230.0850067138672,805
2026-09-30 11:21:00,1790781660,IEX,230.07000732421875,230.07000732421875,230.07000732421875,230.07000732421875,577
2026-09-30 11:24:00,1790781840,IEX,229.69000244140625,229.69000244140625,229.69000244140625,229.69000244140625,247
2026-09-30 11:25:00,1790781900,IEX,229.50369262695312,229.64999389648438,229.50369262695312,229.64999389648438,425
2026-09-30 11:27:00,1790782020,IEX,229.75,229.75,229.75,229.75,900
2026-09-30 11:29:00,1790782140,IEX,230.02999877929688,230.02999877929688,230.02999877929688,230.02999877929688,211
2026-09-30 11:30:00,1790782200,IEX,230.02000427246094,230.03500366210938,230.02000427246094,230.03500366210938,208
2026-09-30 11:31:00,1790782260,IEX,230.05499267578125,230.05499267578125,230.05499267578125,230.05499267578125,373
2026-09-30 11:34:00,1790782440,IEX,229.85000610351562,229.85000610351562,229.85000610351562,229.85000610351562,573
2026-09-30 11:36:00,1790782560,IEX,229.55999755859375,229.55999755859375,229.55999755859375,229.55999755859375,597
2026-09-30 11:40:00,1790782800,IEX,229.52000427246094,229.52000427246094,229.52000427246094,229.52000427246094,457
2026-09-30 11:42:00,1790782920,IEX,229.49000549316406,229.5,229.49000549316406,229.5,567
2026-09-30 11:43:00,1790782980,IEX,229.22999572753906,229.25706481933594,229.22999572753906,229.25706481933594,1119
2026-09-30 11:45:00,1790783100,IEX,229.0,229.0,229.0,229.0,526
2026-09-30 11:51:00,1790783460,IEX,229.0500030517578,229.0500030517578,228.92999267578125,229.0500030517578,1673
2026-09-30 11:54:00,1790783640,IEX,228.88999938964844,228.88999938964844,228.88999938964844,228.88999938964844,731
2026-09-30 12:01:00,1790784060,IEX,229.19000244140625,229.19000244140625,229.02000427246094,229.02000427246094,593
2026-09-30 12:04:00,1790784240,IEX,229.14999389648438,229.24000549316406,229.14999389648438,229.24000549316406,1811
2026-09-30 12:05:00,1790784300,IEX,229.8574981689453,229.875,229.8574981689453,229.875,487
2026-09-30 12:08:00,1790784480,IEX,229.63999938964844,229.6699981689453,229.60000610351562,229.61000061035156,1727
2026-09-30 12:09:00,1790784540,IEX,229.5749969482422,229.5749969482422,229.5749969482422,229.5749969482422,993
2026-09-30 12:13:00,1790784780,IEX,229.61500549316406,229.61500549316406,229.61500549316406,229.61500549316406,131
2026-09-30 12:14:00,1790784840,IEX,229.9600067138672,229.9600067138672,229.9600067138672,229.9600067138672,356
2026-09-30 12:17:00,1790785020,IEX,229.64999389648438,229.64999389648438,229.64999389648438,229.64999389648438,886
2026-09-30 12:18:00,1790785080,IEX,229.61000061035156,229.61000061035156,229.61000061035156,229.61000061035156,1382
2026-09-30 12:19:00,1790785140,IEX,229.61000061035156,229.61000061035156,229.61000061035156,229.61000061035156,382
2026-09-30 12:21:00,1790785260,IEX,229.6199951171875,229.6199951171875,229.6199951171875,229.6199951171875,311
2026-09-30 12:22:00,1790785320,IEX,229.86000061035156,229.86000061035156,229.86000061035156,229.86000061035156,307
2026-09-30 12:23:00,1790785380,IEX,229.61500549316406,229.61500549316406,229.61500549316406,229.61500549316406,557
2026-09-30 12:28:00,1790785680,IEX,229.64999389648438,229.64999389648438,229.64999389648438,229.64999389648438,172
2026-09-30 12:29:00,1790785740,IEX,229.9199981689453,229.94000244140625,229.72999572753906,229.72999572753906,3228
2026-09-30 12:31:00,1790785860,IEX,229.78500366210938,229.92999267578125,229.66000366210938,229.77000427246094,13978
2026-09-30 12:32:00,1790785920,IEX,229.76499938964844,229.76499938964844,229.5800018310547,229.5800018310547,3529
2026-09-30 12:33:00,1790785980,IEX,229.8000030517578,229.80999755859375,229.8000030517578,229.80999755859375,921
2026-09-30 12:34:00,1790786040,IEX,229.80999755859375,229.80999755859375,229.80999755859375,229.80999755859375,770
2026-09-30 12:35:00,1790786100,IEX,229.88499450683594,230.11000061035156,229.82000732421875,229.82000732421875,4672
2026-09-30 12:37:00,1790786220,IEX,230.0399932861328,230.07000732421875,229.9149932861328,229.9149932861328,1698
2026-09-30 12:38:00,1790786280,IEX,229.93499755859375,230.05999755859375,229.93499755859375,230.05999755859375,1444
2026-09-30 12:39:00,1790786340,IEX,229.7899932861328,229.7899932861328,229.72500610351562,229.75250244140625,1491
2026-09-30 12:40:00,1790786400,IEX,229.72999572753906,229.72999572753906,229.72999572753906,229.72999572753906,802
2026-09-30 12:44:00,1790786640,IEX,229.83999633789062,229.85000610351562,229.83999633789062,229.85000610351562,667
2026-09-30 12:46:00,1790786760,IEX,229.8000030517578,229.8300018310547,229.77000427246094,229.77000427246094,1706
2026-09-30 12:47:00,1790786820,IEX,229.57000732421875,229.6199951171875,229.57000732421875,229.6199951171875,749
2026-09-30 12:48:00,1790786880,IEX,229.5500030517578,229.5500030517578,229.5500030517578,229.5500030517578,486
2026-09-30 12:50:00,1790787000,IEX,229.33999633789062,229.33999633789062,229.33999633789062,229.33999633789062,399
2026-09-30 12:52:00,1790787120,IEX,229.5800018310547,229.58999633789062,229.5800018310547,229.58999633789062,1493
2026-09-30 12:55:00,1790787300,IEX,229.5749969482422,229.69000244140625,229.5749969482422,229.69000244140625,772
2026-09-30 12:56:00,1790787360,IEX,229.69000244140625,229.88999938964844,229.69000244140625,229.86000061035156,2097
2026-09-30 12:57:00,1790787420,IEX,229.9149932861328,229.9149932861328,229.9149932861328,229.9149932861328,254
2026-09-30 12:59:00,1790787540,IEX,229.9550018310547,229.9550018310547,229.9550018310547,229.9550018310547,1600
2026-09-30 13:03:00,1790787780,IEX,229.94000244140625,229.94500732421875,229.77999877929688,229.84500122070312,9283
2026-09-30 13:04:00,1790787840,IEX,229.3300018310547,229.52000427246094,229.3300018310547,229.52000427246094,1321
2026-09-30 13:05:00,1790787900,IEX,229.57000732421875,229.58999633789062,229.55999755859375,229.58999633789062,914
2026-09-30 13:06:00,1790787960,IEX,229.52000427246094,229.52000427246094,229.35000610351562,229.35000610351562,549
2026-09-30 13:08:00,1790788080,IEX,229.36500549316406,229.36500549316406,229.36500549316406,229.36500549316406,382
2026-09-30 13:12:00,1790788320,IEX,229.6199951171875,229.6300048828125,229.6199951171875,229.6300048828125,1295
2026-09-30 13:14:00,1790788440,IEX,229.4700927734375,229.4700927734375,229.4700927734375,229.4700927734375,258
2026-09-30 13:15:00,1790788500,IEX,229.47000122070312,229.47000122070312,229.47000122070312,229.47000122070312,274
2026-09-30 13:16:00,1790788560,IEX,229.3000030517578,229.3000030517578,229.1699981689453,229.1699981689453,911
2026-09-30 13:17:00,1790788620,IEX,229.27999877929688,229.27999877929688,229.27499389648438,229.27499389648438,381
2026-09-30 13:18:00,1790788680,IEX,229.41000366210938,229.63999938964844,229.38999938964844,229.38999938964844,5447
2026-09-30 13:21:00,1790788860,IEX,229.63999938964844,229.63999938964844,229.63999938964844,229.63999938964844,483
2026-09-30 13:22:00,1790788920,IEX,229.55999755859375,229.55999755859375,229.55999755859375,229.55999755859375,254
2026-09-30 13:23:00,1790788980,IEX,229.5449981689453,229.5449981689453,229.5449981689453,229.5449981689453,1839
2026-09-30 13:27:00,1790789220,IEX,229.60499572753906,229.60499572753906,229.60499572753906,229.60499572753906,473
2026-09-30 13:28:00,1790789280,IEX,229.69000244140625,229.69000244140625,229.69000244140625,229.69000244140625,1039
2026-09-30 13:30:00,1790789400,IEX,229.625,229.625,229.625,229.625,968
2026-09-30 13:31:00,1790789460,IEX,229.625,229.625,229.625,229.625,166
2026-09-30 13:34:00,1790789640,IEX,229.7899932861328,229.8300018310547,229.63499450683594,229.63499450683594,1169
2026-09-30 13:36:00,1790789760,IEX,229.65750122070312,229.65750122070312,229.65750122070312,229.65750122070312,324
2026-09-30 13:39:00,1790789940,IEX,229.8699951171875,229.8699951171875,229.81500244140625,229.81500244140625,2503
2026-09-30 13:41:00,1790790060,IEX,229.8249969482422,229.8249969482422,229.8249969482422,229.8249969482422,541
2026-09-30 13:42:00,1790790120,IEX,230.02999877929688,230.02999877929688,230.02999877929688,230.02999877929688,560
2026-09-30 13:44:00,1790790240,IEX,230.00999450683594,230.05999755859375,229.97000122070312,230.05999755859375,1905
2026-09-30 13:45:00,1790790300,IEX,230.0500030517578,230.11000061035156,229.9199981689453,229.97999572753906,3273
2026-09-30 13:46:00,1790790360,IEX,229.6999969482422,229.6999969482422,229.57000732421875,229.57000732421875,967
2026-09-30 13:47:00,1790790420,IEX,229.35000610351562,229.35000610351562,229.17999267578125,229.17999267578125,363
2026-09-30 13:49:00,1790790540,IEX,229.5449981689453,229.5449981689453,229.5449981689453,229.5449981689453,617
2026-09-30 13:53:00,1790790780,IEX,229.4499969482422,229.4499969482422,229.4499969482422,229.4499969482422,331
2026-09-30 13:55:00,1790790900,IEX,229.36000061035156,229.36000061035156,229.36000061035156,229.36000061035156,993
2026-09-30 14:00:00,1790791200,IEX,229.5449981689453,229.5449981689453,229.5449981689453,229.5449981689453,187
2026-09-30 14:01:00,1790791260,IEX,229.53500366210938,229.53500366210938,229.53500366210938,229.53500366210938,384
2026-09-30 14:02:00,1790791320,IEX,229.6300048828125,229.85000610351562,229.6300048828125,229.6750030517578,3987
2026-09-30 14:10:00,1790791800,IEX,229.7100067138672,229.7100067138672,229.41000366210938,229.47500610351562,5239
2026-09-30 14:11:00,1790791860,IEX,229.3800048828125,229.3800048828125,229.3800048828125,229.3800048828125,103
2026-09-30 14:12:00,1790791920,IEX,229.64999389648438,229.64999389648438,229.64999389648438,229.64999389648438,279
2026-09-30 14:13:00,1790791980,IEX,229.52000427246094,229.52000427246094,229.52000427246094,229.52000427246094,276
2026-09-30 14:14:00,1790792040,IEX,229.52000427246094,229.5500030517578,229.52000427246094,229.5500030517578,1273
2026-09-30 14:15:00,1790792100,IEX,229.5800018310547,229.5800018310547,229.5800018310547,229.5800018310547,1426
2026-09-30 14:16:00,1790792160,IEX,229.52000427246094,229.52000427246094,229.52000427246094,229.52000427246094,203
2026-09-30 14:18:00,1790792280,IEX,229.60000610351562,229.6699981689453,229.5449981689453,229.64999389648438,2371
2026-09-30 14:20:00,1790792400,IEX,229.5,229.5850067138672,229.47999572753906,229.51499938964844,1873
2026-09-30 14:21:00,1790792460,IEX,229.5,229.5,229.5,229.5,474
2026-09-30 14:24:00,1790792640,IEX,229.38999938964844,229.38999938964844,229.3800048828125,229.3800048828125,246
2026-09-30 14:25:00,1790792700,IEX,229.24000549316406,229.3249969482422,229.16000366210938,229.16000366210938,1926
2026-09-30 14:26:00,1790792760,IEX,229.09500122070312,229.19500732421875,229.09500122070312,229.19500732421875,1018
2026-09-30 14:30:00,1790793000,IEX,229.14999389648438,229.49000549316406,229.14999389648438,229.36000061035156,2747
2026-09-30 14:31:00,1790793060,IEX,229.34500122070312,229.38999938964844,229.34500122070312,229.38999938964844,245
2026-09-30 14:32:00,1790793120,IEX,229.17010498046875,229.50999450683594,229.17010498046875,229.50999450683594,1282
2026-09-30 14:34:00,1790793240,IEX,229.5800018310547,229.61000061035156,229.4499969482422,229.4499969482422,1761
2026-09-30 14:36:00,1790793360,IEX,229.42999267578125,229.42999267578125,229.42999267578125,229.42999267578125,789
2026-09-30 14:39:00,1790793540,IEX,229.6199951171875,229.6199951171875,229.53500366210938,229.53500366210938,1280
2026-09-30 14:42:00,1790793720,IEX,229.61500549316406,229.61500549316406,229.61500549316406,229.61500549316406,548
2026-09-30 14:44:00,1790793840,IEX,229.6199951171875,229.6199951171875,229.6199951171875,229.6199951171875,591
2026-09-30 14:45:00,1790793900,IEX,229.6199951171875,229.7550048828125,229.61000061035156,229.63999938964844,5014
2026-09-30 14:46:00,1790793960,IEX,229.47000122070312,229.47000122070312,229.35499572753906,229.36000061035156,1817
2026-09-30 14:48:00,1790794080,IEX,229.1699981689453,229.1699981689453,229.13999938964844,229.13999938964844,1274
2026-09-30 14:49:00,1790794140,IEX,229.14500427246094,229.35000610351562,229.14500427246094,229.14500427246094,2351
2026-09-30 14:52:00,1790794320,IEX,229.13999938964844,229.13999938964844,229.13999938964844,229.13999938964844,520
2026-09-30 14:53:00,1790794380,IEX,229.22000122070312,229.22000122070312,229.22000122070312,229.22000122070312,685
2026-09-30 14:54:00,1790794440,IEX,229.22000122070312,229.22000122070312,229.2050018310547,229.2050018310547,1158
2026-09-30 14:55:00,1790794500,IEX,229.33999633789062,229.33999633789062,229.33999633789062,229.33999633789062,1246
2026-09-30 14:57:00,1790794620,IEX,229.30999755859375,229.30999755859375,229.30999755859375,229.30999755859375,783
2026-09-30 14:58:00,1790794680,IEX,229.4199981689453,229.4199981689453,229.41000366210938,229.41000366210938,800
2026-09-30 14:59:00,1790794740,IEX,229.3800048828125,229.44000244140625,229.32000732421875,229.3699951171875,7209
2026-09-30 15:00:00,1790794800,IEX,229.3000030517578,229.3000030517578,229.27499389648438,229.27499389648438,714
2026-09-30 15:01:00,1790794860,IEX,229.3000030517578,229.39999389648438,229.3000030517578,229.39999389648438,1444
2026-09-30 15:02:00,1790794920,IEX,229.3000030517578,229.3000030517578,229.3000030517578,229.3000030517578,220
2026-09-30 15:03:00,1790794980,IEX,229.2949981689453,229.2949981689453,229.29249572753906,229.2949981689453,973
2026-09-30 15:04:00,1790795040,IEX,229.30499267578125,229.30499267578125,229.30499267578125,229.30499267578125,946
2026-09-30 15:05:00,1790795100,IEX,229.27000427246094,229.27000427246094,229.10000610351562,229.27000427246094,2491
2026-09-30 15:06:00,1790795160,IEX,229.125,229.125,229.125,229.125,689
2026-09-30 15:07:00,1790795220,IEX,228.8350067138672,228.83999633789062,228.8350067138672,228.8350067138672,306
2026-09-30 15:08:00,1790795280,IEX,228.8350067138672,228.8350067138672,228.8350067138672,228.8350067138672,685
2026-09-30 15:09:00,1790795340,IEX,228.8350067138672,228.8350067138672,228.8350067138672,228.8350067138672,1039
2026-09-30 15:11:00,1790795460,IEX,228.99000549316406,229.00999450683594,228.9199981689453,228.9199981689453,1938
2026-09-30 15:12:00,1790795520,IEX,228.72999572753906,228.72999572753906,228.53500366210938,228.53500366210938,8466
2026-09-30 15:14:00,1790795640,IEX,228.69000244140625,228.72999572753906,228.69000244140625,228.72999572753906,2193
2026-09-30 15:16:00,1790795760,IEX,228.78500366210938,228.7949981689453,228.78500366210938,228.7949981689453,691
2026-09-30 15:18:00,1790795880,IEX,228.84500122070312,228.84500122070312,228.84500122070312,228.84500122070312,994
2026-09-30 15:20:00,1790796000,IEX,228.97999572753906,228.97999572753906,228.97999572753906,228.97999572753906,1097
2026-09-30 15:22:00,1790796120,IEX,228.92999267578125,228.93499755859375,228.80999755859375,228.82000732421875,8638
2026-09-30 15:23:00,1790796180,IEX,228.67999267578125,228.67999267578125,228.67999267578125,228.67999267578125,428
2026-09-30 15:24:00,1790796240,IEX,228.5399932861328,228.5399932861328,228.5399932861328,228.5399932861328,904
2026-09-30 15:25:00,1790796300,IEX,228.61500549316406,228.61500549316406,228.61500549316406,228.61500549316406,354
2026-09-30 15:26:00,1790796360,IEX,228.4199981689453,228.4199981689453,228.4199981689453,228.4199981689453,325
2026-09-30 15:27:00,1790796420,IEX,228.5,228.50999450683594,228.41000366210938,228.41000366210938,998
2026-09-30 15:28:00,1790796480,IEX,228.4149932861328,228.4149932861328,228.4149932861328,228.4149932861328,272
2026-09-30 15:29:00,1790796540,IEX,228.4149932861328,228.4149932861328,228.4149932861328,228.4149932861328,218
2026-09-30 15:30:00,1790796600,IEX,228.4199981689453,228.91000366210938,228.4149932861328,228.8000030517578,8535
2026-09-30 15:31:00,1790796660,IEX,228.8000030517578,228.86000061035156,228.5435028076172,228.75999450683594,17685
2026-09-30 15:32:00,1790796720,IEX,228.75999450683594,228.75999450683594,228.75999450683594,228.75999450683594,736
2026-09-30 15:33:00,1790796780,IEX,228.75999450683594,228.75999450683594,228.7550048828125,228.7550048828125,2012
2026-09-30 15:34:00,1790796840,IEX,228.7550048828125,228.7550048828125,228.7550048828125,228.7550048828125,1488
2026-09-30 15:35:00,1790796900,IEX,228.7550048828125,228.9199981689453,228.7550048828125,228.90499877929688,2078
2026-09-30 15:36:00,1790796960,IEX,229.0500030517578,229.05999755859375,229.0500030517578,229.05999755859375,360
2026-09-30 15:37:00,1790797020,IEX,229.0850067138672,229.1300048828125,229.02000427246094,229.02000427246094,3400
2026-09-30 15:38:00,1790797080,IEX,228.9199981689453,228.92999267578125,228.9199981689453,228.92999267578125,935
2026-09-30 15:40:00,1790797200,IEX,228.94000244140625,228.94000244140625,228.94000244140625,228.94000244140625,611
2026-09-30 15:41:00,1790797260,IEX,229.0800018310547,229.0800018310547,229.0800018310547,229.0800018310547,801
2026-09-30 15:42:00,1790797320,IEX,229.0399932861328,229.13999938964844,229.0399932861328,229.0500030517578,1623
2026-09-30 15:43:00,1790797380,IEX,229.14999389648438,229.14999389648438,229.14999389648438,229.14999389648438,613
2026-09-30 15:44:00,1790797440,IEX,229.1699981689453,229.1699981689453,229.14500427246094,229.14500427246094,419
2026-09-30 15:45:00,1790797500,IEX,229.0500030517578,229.1199951171875,228.89999389648438,228.9600067138672,24877
2026-09-30 15:46:00,1790797560,IEX,228.97000122070312,229.0800018310547,228.97000122070312,229.0800018310547,1103
2026-09-30 15:47:00,1790797620,IEX,228.96499633789062,228.96499633789062,228.96499633789062,228.96499633789062,369
2026-09-30 15:48:00,1790797680,IEX,228.72999572753906,228.86000061035156,228.72999572753906,228.81500244140625,3506
2026-09-30 15:49:00,1790797740,IEX,228.81500244140625,228.8249969482422,228.77999877929688,228.82000732421875,3509
2026-09-30 15:50:00,1790797800,IEX,228.63999938964844,228.75,228.5500030517578,228.64500427246094,2648
2026-09-30 15:51:00,1790797860,IEX,228.5,228.5,228.38999938964844,228.5,4156
2026-09-30 15:52:00,1790797920,IEX,228.5500030517578,228.5500030517578,228.47000122070312,228.47000122070312,2057
2026-09-30 15:53:00,1790797980,IEX,228.66000366210938,229.33999633789062,228.66000366210938,228.9499969482422,7140
2026-09-30 15:54:00,1790798040,IEX,229.0,229.24000549316406,228.75999450683594,228.75999450683594,10880
2026-09-30 15:55:00,1790798100,IEX,228.75999450683594,228.8300018310547,228.26499938964844,228.64999389648438,34767
2026-09-30 15:56:00,1790798160,IEX,228.4600067138672,228.6699981689453,228.4600067138672,228.6699981689453,2075
2026-09-30 15:57:00,1790798220,IEX,228.5399932861328,228.5399932861328,228.08999633789062,228.08999633789062,11177
2026-09-30 15:58:00,1790798280,IEX,228.1820068359375,228.1999969482422,227.9199981689453,227.97000122070312,14263
2026-09-30 15:59:00,1790798340,IEX,227.97000122070312,228.36000061035156,227.9199981689453,228.02000427246094,59664
2026-09-30 16:00:00,1790798400,IEX,227.97999572753906,227.97999572753906,227.97999572753906,227.97999572753906,0
2026-10-01 09:30:00,1790861400,IEX,226.72000122070312,227.05499267578125,225.64999389648438,227.05499267578125,6446
2026-10-01 09:33:00,1790861580,IEX,228.33999633789062,229.38499450683594,228.33999633789062,229.38499450683594,547
2026-10-01 09:35:00,1790861700,IEX,229.41000366210938,229.41000366210938,229.41000366210938,229.41000366210938,330
2026-10-01 09:36:00,1790861760,IEX,228.63999938964844,228.64999389648438,228.63999938964844,228.64999389648438,277
2026-10-01 09:37:00,1790861820,IEX,228.6199951171875,228.6199951171875,228.6199951171875,228.6199951171875,240
2026-10-01 09:38:00,1790861880,IEX,229.0,229.0,229.0,229.0,435
2026-10-01 09:39:00,1790861940,IEX,228.27999877929688,228.27999877929688,228.27499389648438,228.27499389648438,1237
2026-10-01 09:40:00,1790862000,IEX,228.22470092773438,228.53500366210938,228.22470092773438,228.53500366210938,4459
2026-10-01 09:41:00,1790862060,IEX,228.00999450683594,228.22500610351562,227.75999450683594,228.1199951171875,2588
2026-10-01 09:43:00,1790862180,IEX,228.13999938964844,228.14999389648438,227.75999450683594,227.75999450683594,1312
2026-10-01 09:44:00,1790862240,IEX,228.17999267578125,228.17999267578125,228.17999267578125,228.17999267578125,382
2026-10-01 09:45:00,1790862300,IEX,228.3300018310547,228.3300018310547,228.3300018310547,228.3300018310547,351
2026-10-01 09:46:00,1790862360,IEX,228.6300048828125,228.74000549316406,228.3000030517578,228.3000030517578,695
2026-10-01 09:47:00,1790862420,IEX,228.3000030517578,228.92999267578125,228.3000030517578,228.92999267578125,1479
2026-10-01 09:48:00,1790862480,IEX,228.50999450683594,228.58999633789062,228.50999450683594,228.5850067138672,708
2026-10-01 09:49:00,1790862540,IEX,228.27000427246094,228.27000427246094,228.26499938964844,228.26499938964844,2420
2026-10-01 09:50:00,1790862600,IEX,228.25999450683594,228.77999877929688,228.25999450683594,228.77999877929688,2620
2026-10-01 09:52:00,1790862720,IEX,229.19000244140625,229.19000244140625,229.19000244140625,229.19000244140625,175
2026-10-01 09:53:00,1790862780,IEX,228.74000549316406,228.74000549316406,228.74000549316406,228.74000549316406,614
2026-10-01 09:54:00,1790862840,IEX,228.9499969482422,228.9499969482422,228.9499969482422,228.9499969482422,330
2026-10-01 09:55:00,1790862900,IEX,228.97999572753906,229.1999969482422,228.97999572753906,229.19000244140625,1493
2026-10-01 09:56:00,1790862960,IEX,229.17999267578125,229.33999633789062,228.9199981689453,228.9199981689453,1227
2026-10-01 09:57:00,1790863020,IEX,229.1199951171875,229.1199951171875,228.77999877929688,228.77999877929688,890
2026-10-01 09:58:00,1790863080,IEX,228.6699981689453,228.9949951171875,228.6699981689453,228.9949951171875,761
2026-10-01 09:59:00,1790863140,IEX,228.97999572753906,228.97999572753906,228.97999572753906,228.97999572753906,793
2026-10-01 10:00:00,1790863200,IEX,228.52999877929688,228.52999877929688,228.52999877929688,228.52999877929688,373
2026-10-01 10:01:00,1790863260,IEX,228.39999389648438,228.39999389648438,228.39999389648438,228.39999389648438,1084
2026-10-01 10:03:00,1790863380,IEX,228.10000610351562,228.10000610351562,228.10000610351562,228.10000610351562,228
2026-10-01 10:04:00,1790863440,IEX,228.69000244140625,229.11000061035156,228.36000061035156,228.75999450683594,8253
2026-10-01 10:07:00,1790863620,IEX,229.11990356445312,229.11990356445312,228.69500732421875,228.69500732421875,1394
2026-10-01 10:08:00,1790863680,IEX,228.56019592285156,228.77499389648438,228.42999267578125,228.5449981689453,1436
2026-10-01 10:09:00,1790863740,IEX,228.47999572753906,228.52499389648438,228.36000061035156,228.3699951171875,2647
2026-10-01 10:10:00,1790863800,IEX,228.22000122070312,228.22000122070312,228.02999877929688,228.02999877929688,975
2026-10-01 10:11:00,1790863860,IEX,228.02999877929688,228.02999877929688,228.02999877929688,228.02999877929688,633
2026-10-01 10:12:00,1790863920,IEX,228.38999938964844,228.97500610351562,228.3699951171875,228.97500610351562,3526
2026-10-01 10:13:00,1790863980,IEX,228.5399932861328,228.8000030517578,228.5399932861328,228.8000030517578,1251
2026-10-01 10:15:00,1790864100,IEX,229.22000122070312,229.22999572753906,229.17999267578125,229.22999572753906,1945
2026-10-01 10:17:00,1790864220,IEX,229.52999877929688,229.52999877929688,229.2899932861328,229.2899932861328,827
2026-10-01 10:18:00,1790864280,IEX,229.13999938964844,229.13999938964844,229.13999938964844,229.13999938964844,1045
2026-10-01 10:19:00,1790864340,IEX,229.5,229.5,229.5,229.5,717
2026-10-01 10:21:00,1790864460,IEX,229.40499877929688,229.52999877929688,229.24000549316406,229.25999450683594,7789
2026-10-01 10:22:00,1790864520,IEX,228.9499969482422,228.9949951171875,228.9499969482422,228.9600067138672,1129
2026-10-01 10:24:00,1790864640,IEX,228.8800048828125,228.8800048828125,228.8800048828125,228.8800048828125,619
2026-10-01 10:26:00,1790864760,IEX,229.08999633789062,229.08999633789062,229.08999633789062,229.08999633789062,2299
2026-10-01 10:27:00,1790864820,IEX,229.00999450683594,229.0800018310547,229.00999450683594,229.0800018310547,1814
2026-10-01 10:29:00,1790864940,IEX,229.0500030517578,229.10000610351562,229.0500030517578,229.10000610351562,813
2026-10-01 10:30:00,1790865000,IEX,229.28500366210938,229.55999755859375,229.28500366210938,229.4199981689453,1770
2026-10-01 10:31:00,1790865060,IEX,229.4199981689453,229.4199981689453,229.02000427246094,229.02000427246094,1969
2026-10-01 10:34:00,1790865240,IEX,229.25999450683594,229.25999450683594,229.25999450683594,229.25999450683594,509
2026-10-01 10:36:00,1790865360,IEX,229.57000732421875,229.6699981689453,229.57000732421875,229.6699981689453,1243
2026-10-01 10:38:00,1790865480,IEX,229.97999572753906,229.97999572753906,229.85000610351562,229.85000610351562,1013
2026-10-01 10:40:00,1790865600,IEX,229.67999267578125,229.69000244140625,229.67999267578125,229.69000244140625,1438
2026-10-01 10:45:00,1790865900,IEX,229.97999572753906,229.97999572753906,229.97999572753906,229.97999572753906,1646
2026-10-01 10:48:00,1790866080,IEX,229.77999877929688,229.77999877929688,229.77999877929688,229.77999877929688,475
2026-10-01 10:49:00,1790866140,IEX,229.80999755859375,229.80999755859375,229.7899932861328,229.8000030517578,881
2026-10-01 10:50:00,1790866200,IEX,229.68499755859375,229.68499755859375,229.68499755859375,229.68499755859375,452
2026-10-01 10:52:00,1790866320,IEX,229.66000366210938,229.66000366210938,229.66000366210938,229.66000366210938,420
2026-10-01 10:53:00,1790866380,IEX,229.3000030517578,229.3000030517578,229.3000030517578,229.3000030517578,1141
2026-10-01 10:56:00,1790866560,IEX,229.4199981689453,229.4199981689453,229.38999938964844,229.38999938964844,1147
2026-10-01 10:58:00,1790866680,IEX,229.6300048828125,229.64999389648438,229.61000061035156,229.61000061035156,980
2026-10-01 11:00:00,1790866800,IEX,229.7949981689453,229.7949981689453,229.7949981689453,229.7949981689453,608
2026-10-01 11:01:00,1790866860,IEX,229.14999389648438,229.14999389648438,229.14999389648438,229.14999389648438,1719
2026-10-01 11:06:00,1790867160,IEX,229.08999633789062,229.08999633789062,229.08999633789062,229.08999633789062,896
2026-10-01 11:09:00,1790867340,IEX,229.07000732421875,229.19000244140625,229.07000732421875,229.19000244140625,1034
2026-10-01 11:10:00,1790867400,IEX,229.00999450683594,229.00999450683594,229.00999450683594,229.00999450683594,1330
2026-10-01 11:14:00,1790867640,IEX,229.35000610351562,229.35000610351562,229.35000610351562,229.35000610351562,718
2026-10-01 11:16:00,1790867760,IEX,229.1199951171875,229.1199951171875,229.1199951171875,229.1199951171875,465
2026-10-01 11:17:00,1790867820,IEX,229.1699981689453,229.18499755859375,229.1699981689453,229.18499755859375,1440
2026-10-01 11:18:00,1790867880,IEX,229.25,229.25,229.25,229.25,877
2026-10-01 11:20:00,1790868000,IEX,229.27999877929688,229.27999877929688,229.27999877929688,229.27999877929688,1105
2026-10-01 11:22:00,1790868120,IEX,229.63999938964844,229.63999938964844,229.63999938964844,229.63999938964844,3823
2026-10-01 11:23:00,1790868180,IEX,229.6999969482422,229.75999450683594,229.6999969482422,229.75999450683594,1312
2026-10-01 11:28:00,1790868480,IEX,229.82000732421875,229.82000732421875,229.82000732421875,229.82000732421875,1272
2026-10-01 11:32:00,1790868720,IEX,229.63999938964844,229.63999938964844,229.63999938964844,229.63999938964844,220
2026-10-01 11:33:00,1790868780,IEX,229.6699981689453,229.6699981689453,229.6699981689453,229.6699981689453,903
2026-10-01 11:36:00,1790868960,IEX,229.86000061035156,229.86000061035156,229.86000061035156,229.86000061035156,450
2026-10-01 11:37:00,1790869020,IEX,229.9600067138672,229.9600067138672,229.9600067138672,229.9600067138672,1096
2026-10-01 11:39:00,1790869140,IEX,230.17999267578125,230.36500549316406,230.17999267578125,230.36500549316406,647
2026-10-01 11:40:00,1790869200,IEX,230.38999938964844,230.38999938964844,230.38999938964844,230.38999938964844,481
2026-10-01 11:41:00,1790869260,IEX,230.30999755859375,230.5,230.3000030517578,230.5,882
2026-10-01 11:42:00,1790869320,IEX,230.5500030517578,230.5500030517578,230.5500030517578,230.5500030517578,735
2026-10-01 11:43:00,1790869380,IEX,230.60000610351562,230.60000610351562,230.35000610351562,230.35000610351562,2359
2026-10-01 11:47:00,1790869620,IEX,230.55990600585938,230.58999633789062,230.55990600585938,230.58999633789062,4277
2026-10-01 11:51:00,1790869860,IEX,230.3249969482422,230.3249969482422,230.3249969482422,230.3249969482422,804
2026-10-01 11:53:00,1790869980,IEX,230.3800048828125,230.3800048828125,230.3800048828125,230.3800048828125,998
2026-10-01 11:55:00,1790870100,IEX,230.58999633789062,230.60000610351562,230.58999633789062,230.60000610351562,747
2026-10-01 11:56:00,1790870160,IEX,230.8300018310547,231.22999572753906,230.8300018310547,231.1649932861328,3558
2026-10-01 11:57:00,1790870220,IEX,231.21499633789062,231.21499633789062,231.21499633789062,231.21499633789062,483
2026-10-01 11:58:00,1790870280,IEX,231.15499877929688,231.15499877929688,231.15499877929688,231.15499877929688,570
2026-10-01 12:00:00,1790870400,IEX,231.35499572753906,231.97500610351562,231.35499572753906,231.97500610351562,6204
2026-10-01 12:01:00,1790870460,IEX,231.9499969482422,232.02000427246094,231.66000366210938,231.67250061035156,2154
2026-10-01 12:02:00,1790870520,IEX,231.60000610351562,231.75,231.47999572753906,231.63499450683594,2675
2026-10-01 12:03:00,1790870580,IEX,231.8699951171875,231.91000366210938,231.8699951171875,231.91000366210938,909
2026-10-01 12:05:00,1790870700,IEX,231.9550018310547,231.9550018310547,231.7899932861328,231.7899932861328,1208
2026-10-01 12:08:00,1790870880,IEX,231.7550048828125,231.7550048828125,231.7550048828125,231.7550048828125,316
2026-10-01 12:09:00,1790870940,IEX,231.71499633789062,231.72500610351562,231.7100067138672,231.7100067138672,776
2026-10-01 12:10:00,1790871000,IEX,231.47999572753906,231.47999572753906,231.47999572753906,231.47999572753906,538
2026-10-01 12:11:00,1790871060,IEX,231.6999969482422,231.6999969482422,231.6999969482422,231.6999969482422,697
2026-10-01 12:14:00,1790871240,IEX,231.61000061035156,231.75,231.61000061035156,231.75,1357
2026-10-01 12:15:00,1790871300,IEX,231.69500732421875,231.69500732421875,231.48500061035156,231.52000427246094,1285
2026-10-01 12:16:00,1790871360,IEX,231.66000366210938,231.77000427246094,231.66000366210938,231.77000427246094,2163
2026-10-01 12:17:00,1790871420,IEX,231.89999389648438,231.89999389648438,231.89999389648438,231.89999389648438,386
2026-10-01 12:18:00,1790871480,IEX,231.88999938964844,231.88999938964844,231.88999938964844,231.88999938964844,342
2026-10-01 12:19:00,1790871540,IEX,231.77499389648438,231.77499389648438,231.77499389648438,231.77499389648438,733
2026-10-01 12:20:00,1790871600,IEX,231.66000366210938,231.66000366210938,231.66000366210938,231.66000366210938,292
2026-10-01 12:21:00,1790871660,IEX,231.77499389648438,231.77499389648438,231.5800018310547,231.5800018310547,1010
2026-10-01 12:22:00,1790871720,IEX,231.61000061035156,231.61000061035156,231.61000061035156,231.61000061035156,484
2026-10-01 12:23:00,1790871780,IEX,231.625,231.625,231.625,231.625,188
2026-10-01 12:24:00,1790871840,IEX,231.625,231.6300048828125,231.625,231.6300048828125,581
2026-10-01 12:25:00,1790871900,IEX,231.44000244140625,231.44000244140625,231.44000244140625,231.44000244140625,466
2026-10-01 12:26:00,1790871960,IEX,231.55999755859375,231.55999755859375,231.55999755859375,231.55999755859375,559
2026-10-01 12:27:00,1790872020,IEX,231.4949951171875,231.6300048828125,231.47999572753906,231.47999572753906,1260
2026-10-01 12:30:00,1790872200,IEX,231.52999877929688,231.64999389648438,231.52999877929688,231.64999389648438,742
2026-10-01 12:31:00,1790872260,IEX,231.6999969482422,231.739501953125,231.6999969482422,231.739501953125,673
2026-10-01 12:32:00,1790872320,IEX,231.61500549316406,231.75,231.47999572753906,231.75,1101
2026-10-01 12:33:00,1790872380,IEX,231.8000030517578,231.8000030517578,231.8000030517578,231.8000030517578,830
2026-10-01 12:35:00,1790872500,IEX,231.85000610351562,231.85000610351562,231.75999450683594,231.75999450683594,1099
2026-10-01 12:36:00,1790872560,IEX,231.75999450683594,231.75999450683594,231.75,231.75999450683594,1590
2026-10-01 12:37:00,1790872620,IEX,231.63999938964844,231.67999267578125,231.173095703125,231.173095703125,5908
2026-10-01 12:38:00,1790872680,IEX,231.3350067138672,231.3350067138672,231.3350067138672,231.3350067138672,607
2026-10-01 12:40:00,1790872800,IEX,231.28500366210938,231.28500366210938,231.28500366210938,231.28500366210938,499
2026-10-01 12:42:00,1790872920,IEX,231.19000244140625,231.19000244140625,231.19000244140625,231.19000244140625,365
2026-10-01 12:43:00,1790872980,IEX,231.50149536132812,231.58999633789062,231.50149536132812,231.58999633789062,1278
2026-10-01 12:45:00,1790873100,IEX,231.52999877929688,231.52999877929688,231.52999877929688,231.52999877929688,391
2026-10-01 12:46:00,1790873160,IEX,231.52999877929688,231.53500366210938,231.52999877929688,231.53500366210938,1100
2026-10-01 12:48:00,1790873280,IEX,231.49000549316406,231.49000549316406,231.47999572753906,231.49000549316406,502
2026-10-01 12:50:00,1790873400,IEX,231.52000427246094,231.52999877929688,231.32000732421875,231.32000732421875,3139
2026-10-01 12:51:00,1790873460,IEX,231.2449951171875,231.2449951171875,230.94000244140625,230.94000244140625,1513
2026-10-01 12:54:00,1790873640,IEX,231.02000427246094,231.02000427246094,231.02000427246094,231.02000427246094,466
2026-10-01 12:55:00,1790873700,IEX,230.9149932861328,230.9149932861328,230.75999450683594,230.75999450683594,831
2026-10-01 12:56:00,1790873760,IEX,230.8699951171875,230.8699951171875,230.8699951171875,230.8699951171875,823
2026-10-01 12:57:00,1790873820,IEX,230.92999267578125,230.92999267578125,230.92999267578125,230.92999267578125,1175
2026-10-01 13:00:00,1790874000,IEX,231.0399932861328,231.0399932861328,231.0399932861328,231.0399932861328,363
2026-10-01 13:01:00,1790874060,IEX,231.07000732421875,231.07000732421875,231.07000732421875,231.07000732421875,1932
2026-10-01 13:02:00,1790874120,IEX,231.3300018310547,231.3300018310547,231.3300018310547,231.3300018310547,1514
2026-10-01 13:03:00,1790874180,IEX,231.66900634765625,231.66900634765625,231.66900634765625,231.66900634765625,408
2026-10-01 13:05:00,1790874300,IEX,231.65499877929688,231.65499877929688,231.64999389648438,231.64999389648438,901
2026-10-01 13:06:00,1790874360,IEX,231.67250061035156,231.8195037841797,231.67250061035156,231.73500061035156,696
2026-10-01 13:07:00,1790874420,IEX,231.58999633789062,231.58999633789062,231.47000122070312,231.47000122070312,1852
2026-10-01 13:12:00,1790874720,IEX,231.2100067138672,231.2100067138672,231.2100067138672,231.2100067138672,913
2026-10-01 13:15:00,1790874900,IEX,231.42999267578125,231.42999267578125,231.42999267578125,231.42999267578125,871
2026-10-01 13:16:00,1790874960,IEX,231.63499450683594,231.63499450683594,231.50999450683594,231.58999633789062,1942
2026-10-01 13:17:00,1790875020,IEX,231.55999755859375,231.61000061035156,231.4600067138672,231.5850067138672,1950
2026-10-01 13:18:00,1790875080,IEX,231.61000061035156,231.61000061035156,231.5850067138672,231.5850067138672,315
2026-10-01 13:19:00,1790875140,IEX,231.67999267578125,231.67999267578125,231.67999267578125,231.67999267578125,1225
2026-10-01 13:20:00,1790875200,IEX,231.86000061035156,231.88999938964844,231.86000061035156,231.88999938964844,1009
2026-10-01 13:21:00,1790875260,IEX,231.84500122070312,231.84500122070312,231.84500122070312,231.84500122070312,814
2026-10-01 13:22:00,1790875320,IEX,231.77499389648438,231.77499389648438,231.77499389648438,231.77499389648438,485
2026-10-01 13:23:00,1790875380,IEX,231.78500366210938,231.78500366210938,231.77999877929688,231.77999877929688,830
2026-10-01 13:25:00,1790875500,IEX,231.80499267578125,231.80499267578125,231.80499267578125,231.80499267578125,707
2026-10-01 13:27:00,1790875620,IEX,231.85499572753906,231.85499572753906,231.61000061035156,231.61000061035156,984
2026-10-01 13:28:00,1790875680,IEX,231.85000610351562,231.85000610351562,231.60000610351562,231.60000610351562,1605
2026-10-01 13:30:00,1790875800,IEX,231.9600067138672,232.11000061035156,231.5,231.5,3317
2026-10-01 13:31:00,1790875860,IEX,231.7449951171875,231.7449951171875,231.74000549316406,231.7449951171875,1779
2026-10-01 13:32:00,1790875920,IEX,231.3699951171875,231.41000366210938,231.3699951171875,231.41000366210938,667
2026-10-01 13:33:00,1790875980,IEX,231.43499755859375,231.43499755859375,231.4250030517578,231.4250030517578,595
2026-10-01 13:34:00,1790876040,IEX,231.4250030517578,231.48500061035156,231.4250030517578,231.48500061035156,2113
2026-10-01 13:35:00,1790876100,IEX,231.48500061035156,231.48500061035156,231.48500061035156,231.48500061035156,835
2026-10-01 13:38:00,1790876280,IEX,231.51499938964844,231.51499938964844,231.51499938964844,231.51499938964844,493
2026-10-01 13:39:00,1790876340,IEX,231.51499938964844,231.51499938964844,231.51499938964844,231.51499938964844,519
2026-10-01 13:40:00,1790876400,IEX,231.4949951171875,231.4949951171875,231.4949951171875,231.4949951171875,483
2026-10-01 13:41:00,1790876460,IEX,231.14999389648438,231.14999389648438,231.14999389648438,231.14999389648438,598
2026-10-01 13:42:00,1790876520,IEX,231.75,231.80999755859375,231.75,231.7675018310547,1913
2026-10-01 13:43:00,1790876580,IEX,231.82000732421875,231.875,231.69000244140625,231.69000244140625,1030
2026-10-01 13:44:00,1790876640,IEX,231.5449981689453,231.5449981689453,231.5449981689453,231.5449981689453,304
2026-10-01 13:46:00,1790876760,IEX,231.5800018310547,231.5800018310547,231.5800018310547,231.5800018310547,666
2026-10-01 13:47:00,1790876820,IEX,231.50999450683594,231.50999450683594,231.38999938964844,231.38999938964844,750
2026-10-01 13:48:00,1790876880,IEX,231.3800048828125,231.3800048828125,231.3800048828125,231.3800048828125,439
2026-10-01 13:49:00,1790876940,IEX,231.33999633789062,231.33999633789062,231.33999633789062,231.33999633789062,828
2026-10-01 13:52:00,1790877120,IEX,231.05499267578125,231.05499267578125,231.05499267578125,231.05499267578125,379
2026-10-01 13:53:00,1790877180,IEX,231.0500030517578,231.0500030517578,231.0500030517578,231.0500030517578,277
2026-10-01 13:54:00,1790877240,IEX,230.74000549316406,230.75,230.64500427246094,230.64500427246094,1128
2026-10-01 13:55:00,1790877300,IEX,230.3177947998047,230.49000549316406,230.3177947998047,230.49000549316406,452
2026-10-01 13:56:00,1790877360,IEX,230.5800018310547,230.5800018310547,230.5800018310547,230.5800018310547,536
2026-10-01 13:57:00,1790877420,IEX,230.2899932861328,230.2899932861328,230.2899932861328,230.2899932861328,446
2026-10-01 13:58:00,1790877480,IEX,230.3300018310547,230.3300018310547,230.3249969482422,230.3249969482422,535
2026-10-01 14:00:00,1790877600,IEX,230.30999755859375,230.30999755859375,230.30999755859375,230.30999755859375,851
2026-10-01 14:01:00,1790877660,IEX,230.02499389648438,230.02499389648438,230.02499389648438,230.02499389648438,407
2026-10-01 14:02:00,1790877720,IEX,229.9199981689453,229.9199981689453,229.9199981689453,229.9199981689453,1422
2026-10-01 14:05:00,1790877900,IEX,229.63999938964844,229.93499755859375,229.63999938964844,229.93499755859375,283
2026-10-01 14:06:00,1790877960,IEX,229.93499755859375,229.93499755859375,229.93499755859375,229.93499755859375,461
2026-10-01 14:07:00,1790878020,IEX,229.92999267578125,229.92999267578125,229.92999267578125,229.92999267578125,454
2026-10-01 14:08:00,1790878080,IEX,230.17349243164062,230.17349243164062,230.17349243164062,230.17349243164062,471
2026-10-01 14:09:00,1790878140,IEX,230.19000244140625,230.19000244140625,229.9550018310547,229.9550018310547,804
2026-10-01 14:11:00,1790878260,IEX,229.9600067138672,229.9600067138672,229.94000244140625,229.94000244140625,1346
2026-10-01 14:12:00,1790878320,IEX,230.0175018310547,230.0175018310547,229.9875030517578,229.9875030517578,1801
2026-10-01 14:13:00,1790878380,IEX,230.36000061035156,230.36000061035156,230.2899932861328,230.3000030517578,2368
2026-10-01 14:15:00,1790878500,IEX,230.6199951171875,230.6199951171875,230.43499755859375,230.50999450683594,2129
2026-10-01 14:16:00,1790878560,IEX,230.42999267578125,230.42999267578125,230.42999267578125,230.42999267578125,118
2026-10-01 14:17:00,1790878620,IEX,230.57000732421875,230.57000732421875,230.57000732421875,230.57000732421875,938
2026-10-01 14:18:00,1790878680,IEX,230.61500549316406,230.61500549316406,230.61500549316406,230.61500549316406,874
2026-10-01 14:19:00,1790878740,IEX,230.6199951171875,230.6199951171875,230.6199951171875,230.6199951171875,265
2026-10-01 14:20:00,1790878800,IEX,230.6199951171875,230.6199951171875,230.6199951171875,230.6199951171875,311
2026-10-01 14:21:00,1790878860,IEX,230.49000549316406,230.53500366210938,230.4600067138672,230.53500366210938,1411
2026-10-01 14:22:00,1790878920,IEX,230.4600067138672,230.4600067138672,230.4600067138672,230.4600067138672,1612
2026-10-01 14:24:00,1790879040,IEX,230.5800018310547,230.7816925048828,230.5800018310547,230.7816925048828,1048
2026-10-01 14:26:00,1790879160,IEX,230.7635040283203,230.7635040283203,230.7635040283203,230.7635040283203,159
2026-10-01 14:27:00,1790879220,IEX,230.61000061035156,230.75,230.61000061035156,230.75,519
2026-10-01 14:28:00,1790879280,IEX,230.60499572753906,230.60499572753906,230.60000610351562,230.60000610351562,1189
2026-10-01 14:29:00,1790879340,IEX,230.52499389648438,230.63999938964844,230.52499389648438,230.63999938964844,1041
2026-10-01 14:30:00,1790879400,IEX,230.63999938964844,230.63999938964844,230.63999938964844,230.63999938964844,252
2026-10-01 14:31:00,1790879460,IEX,230.625,230.625,230.625,230.625,374
2026-10-01 14:32:00,1790879520,IEX,230.61000061035156,230.61000061035156,230.61000061035156,230.61000061035156,1449
2026-10-01 14:33:00,1790879580,IEX,230.58999633789062,230.69000244140625,230.58999633789062,230.69000244140625,1529
2026-10-01 14:34:00,1790879640,IEX,230.61000061035156,231.0500030517578,230.61000061035156,231.0500030517578,2474
2026-10-01 14:35:00,1790879700,IEX,231.02499389648438,231.02499389648438,231.02000427246094,231.02000427246094,324
2026-10-01 14:36:00,1790879760,IEX,231.02499389648438,231.02499389648438,230.75999450683594,230.75999450683594,1742
2026-10-01 14:38:00,1790879880,IEX,230.9149932861328,230.9149932861328,230.56500244140625,230.56500244140625,962
2026-10-01 14:39:00,1790879940,IEX,230.55499267578125,230.55499267578125,230.4250030517578,230.4250030517578,970
2026-10-01 14:41:00,1790880060,IEX,230.39500427246094,230.39500427246094,230.39500427246094,230.39500427246094,661
2026-10-01 14:43:00,1790880180,IEX,230.3699951171875,230.3699951171875,230.3699951171875,230.3699951171875,1606
2026-10-01 14:44:00,1790880240,IEX,230.6529998779297,230.67999267578125,230.6300048828125,230.63499450683594,1334
2026-10-01 14:45:00,1790880300,IEX,230.64500427246094,230.64500427246094,230.6374969482422,230.64500427246094,1225
2026-10-01 14:46:00,1790880360,IEX,230.64999389648438,230.64999389648438,230.61500549316406,230.61500549316406,522
2026-10-01 14:47:00,1790880420,IEX,230.6199951171875,230.6199951171875,230.6199951171875,230.6199951171875,1173
2026-10-01 14:48:00,1790880480,IEX,230.5800018310547,230.5800018310547,230.5800018310547,230.5800018310547,378
2026-10-01 14:49:00,1790880540,IEX,230.59500122070312,230.59500122070312,230.59500122070312,230.59500122070312,464
2026-10-01 14:50:00,1790880600,IEX,230.63499450683594,230.63499450683594,230.50999450683594,230.50999450683594,2522
2026-10-01 14:52:00,1790880720,IEX,230.5399932861328,230.5399932861328,230.5399932861328,230.5399932861328,347
2026-10-01 14:53:00,1790880780,IEX,230.79849243164062,230.79849243164062,230.79849243164062,230.79849243164062,136
2026-10-01 14:54:00,1790880840,IEX,230.63999938964844,230.63999938964844,230.60000610351562,230.60000610351562,1461
2026-10-01 14:55:00,1790880900,IEX,230.60000610351562,230.60000610351562,230.60000610351562,230.60000610351562,434
2026-10-01 14:56:00,1790880960,IEX,230.6699981689453,230.67999267578125,230.64500427246094,230.64500427246094,826
2026-10-01 14:57:00,1790881020,IEX,230.75,230.80999755859375,230.75,230.7899932861328,1417
2026-10-01 14:58:00,1790881080,IEX,230.89999389648438,230.9949951171875,230.89999389648438,230.9949951171875,890
2026-10-01 14:59:00,1790881140,IEX,231.0399932861328,231.0850067138672,231.0399932861328,231.0850067138672,794
2026-10-01 15:00:00,1790881200,IEX,231.0,231.14999389648438,230.97999572753906,231.0,3112
2026-10-01 15:04:00,1790881440,IEX,231.0850067138672,231.0850067138672,231.0850067138672,231.0850067138672,357
2026-10-01 15:05:00,1790881500,IEX,231.0800018310547,231.0800018310547,231.0800018310547,231.0800018310547,227
2026-10-01 15:07:00,1790881620,IEX,231.08999633789062,231.08999633789062,231.08999633789062,231.08999633789062,983
2026-10-01 15:09:00,1790881740,IEX,231.1300048828125,231.1300048828125,230.9499969482422,231.12100219726562,554
2026-10-01 15:10:00,1790881800,IEX,230.97999572753906,230.97999572753906,230.9499969482422,230.9499969482422,1164
2026-10-01 15:11:00,1790881860,IEX,231.0449981689453,231.0449981689453,231.04249572753906,231.0449981689453,2345
2026-10-01 15:12:00,1790881920,IEX,231.11000061035156,231.19000244140625,231.08999633789062,231.13999938964844,2836
2026-10-01 15:13:00,1790881980,IEX,231.25,231.2949981689453,231.25,231.2949981689453,638
2026-10-01 15:14:00,1790882040,IEX,231.3000030517578,231.3000030517578,231.3000030517578,231.3000030517578,286
2026-10-01 15:15:00,1790882100,IEX,231.27000427246094,231.31500244140625,231.27000427246094,231.27999877929688,1852
2026-10-01 15:16:00,1790882160,IEX,231.22999572753906,231.22999572753906,231.08999633789062,231.08999633789062,1444
2026-10-01 15:18:00,1790882280,IEX,231.0500030517578,231.19000244140625,231.0399932861328,231.0399932861328,1516
2026-10-01 15:19:00,1790882340,IEX,231.18499755859375,231.18499755859375,231.18499755859375,231.18499755859375,291
2026-10-01 15:20:00,1790882400,IEX,231.3300018310547,231.3300018310547,231.3300018310547,231.3300018310547,397
2026-10-01 15:21:00,1790882460,IEX,231.18499755859375,231.2100067138672,231.18499755859375,231.2100067138672,1184
2026-10-01 15:22:00,1790882520,IEX,231.2899932861328,231.2899932861328,231.2899932861328,231.2899932861328,364
2026-10-01 15:24:00,1790882640,IEX,231.37899780273438,231.37899780273438,231.3350067138672,231.3350067138672,1166
2026-10-01 15:25:00,1790882700,IEX,231.3350067138672,231.3350067138672,231.2050018310547,231.2050018310547,3249
2026-10-01 15:28:00,1790882880,IEX,231.35000610351562,231.35000610351562,231.22999572753906,231.22999572753906,1245
2026-10-01 15:29:00,1790882940,IEX,231.32899475097656,231.33999633789062,231.2449951171875,231.2449951171875,1167
2026-10-01 15:30:00,1790883000,IEX,231.36000061035156,231.3699951171875,231.36000061035156,231.3699951171875,753
2026-10-01 15:31:00,1790883060,IEX,231.39999389648438,231.39999389648438,231.33999633789062,231.36000061035156,1119
2026-10-01 15:32:00,1790883120,IEX,231.34500122070312,231.64500427246094,231.34500122070312,231.64500427246094,2235
2026-10-01 15:33:00,1790883180,IEX,231.64500427246094,231.72999572753906,231.47500610351562,231.625,2713
2026-10-01 15:34:00,1790883240,IEX,231.64999389648438,231.64999389648438,231.64999389648438,231.64999389648438,1037
2026-10-01 15:35:00,1790883300,IEX,231.71499633789062,231.71499633789062,231.71499633789062,231.71499633789062,367
2026-10-01 15:36:00,1790883360,IEX,231.71499633789062,231.71499633789062,231.35499572753906,231.35499572753906,7196
2026-10-01 15:37:00,1790883420,IEX,231.375,231.3800048828125,231.1699981689453,231.1699981689453,2092
2026-10-01 15:38:00,1790883480,IEX,231.19000244140625,231.33999633789062,231.19000244140625,231.33999633789062,536
2026-10-01 15:39:00,1790883540,IEX,231.4199981689453,231.4199981689453,231.19000244140625,231.3000030517578,1974
2026-10-01 15:40:00,1790883600,IEX,231.2899932861328,231.3000030517578,231.19000244140625,231.3000030517578,908
2026-10-01 15:41:00,1790883660,IEX,231.1999969482422,231.31500244140625,231.1999969482422,231.2100067138672,1257
2026-10-01 15:42:00,1790883720,IEX,231.39999389648438,231.44000244140625,231.39999389648438,231.4149932861328,3773
2026-10-01 15:43:00,1790883780,IEX,231.3800048828125,231.4499969482422,231.27999877929688,231.40499877929688,4150
2026-10-01 15:44:00,1790883840,IEX,231.40499877929688,231.40499877929688,231.38499450683594,231.38499450683594,558
2026-10-01 15:45:00,1790883900,IEX,231.3000030517578,231.35000610351562,231.24000549316406,231.24000549316406,2552
2026-10-01 15:46:00,1790883960,IEX,231.24000549316406,231.33999633789062,231.24000549316406,231.33999633789062,4255
2026-10-01 15:47:00,1790884020,IEX,231.36000061035156,231.3800048828125,231.22000122070312,231.2899932861328,5713
2026-10-01 15:48:00,1790884080,IEX,231.2899932861328,231.2899932861328,231.0,231.0,6037
2026-10-01 15:49:00,1790884140,IEX,231.0,231.0,230.8800048828125,230.8800048828125,2108
2026-10-01 15:50:00,1790884200,IEX,230.92999267578125,230.99000549316406,230.75599670410156,230.75599670410156,6487
2026-10-01 15:51:00,1790884260,IEX,230.94000244140625,231.10000610351562,230.94000244140625,231.03500366210938,9579
2026-10-01 15:52:00,1790884320,IEX,231.03500366210938,231.05999755859375,230.81500244140625,230.83999633789062,5673
2026-10-01 15:53:00,1790884380,IEX,230.83999633789062,230.83999633789062,230.41000366210938,230.75,7390
2026-10-01 15:54:00,1790884440,IEX,230.63999938964844,230.6649932861328,230.3300018310547,230.36000061035156,5319
2026-10-01 15:55:00,1790884500,IEX,230.43499755859375,230.4600067138672,230.13999938964844,230.1649932861328,14878
2026-10-01 15:56:00,1790884560,IEX,230.24000549316406,230.30999755859375,230.07000732421875,230.07000732421875,15041
2026-10-01 15:57:00,1790884620,IEX,230.10000610351562,230.11749267578125,229.75,229.80499267578125,20675
2026-10-01 15:58:00,1790884680,IEX,229.85000610351562,229.9499969482422,229.67999267578125,229.67999267578125,25578
2026-10-01 15:59:00,1790884740,IEX,229.7550048828125,229.9199981689453,229.6300048828125,229.82000732421875,22250
2026-10-01 16:00:00,1790884800,IEX,229.85000610351562,229.85000610351562,229.85000610351562,229.85000610351562,0
2026-10-02 09:30:00,1790947800,IEX,231.1699981689453,232.08999633789062,231.1699981689453,231.88999938964844,0
2026-10-02 09:31:00,1790947860,IEX,230.25,230.4499969482422,230.02000427246094,230.02000427246094,2060
2026-10-02 09:32:00,1790947920,IEX,230.88999938964844,230.88999938964844,230.88999938964844,230.88999938964844,523
2026-10-02 09:33:00,1790947980,IEX,231.22000122070312,231.22999572753906,231.0449981689453,231.0449981689453,499
2026-10-02 09:34:00,1790948040,IEX,231.0399932861328,231.0399932861328,231.0,231.0,390
2026-10-02 09:35:00,1790948100,IEX,231.5500030517578,231.5500030517578,231.1374969482422,231.1374969482422,297
2026-10-02 09:37:00,1790948220,IEX,231.94000244140625,231.99000549316406,231.94000244140625,231.99000549316406,1385
2026-10-02 09:42:00,1790948520,IEX,231.97999572753906,231.97999572753906,231.97999572753906,231.97999572753906,187
2026-10-02 09:43:00,1790948580,IEX,231.92999267578125,232.6699981689453,231.92999267578125,232.66000366210938,9424
2026-10-02 09:44:00,1790948640,IEX,231.8800048828125,231.8800048828125,231.8800048828125,231.8800048828125,422
2026-10-02 09:45:00,1790948700,IEX,232.47000122070312,232.92999267578125,232.47000122070312,232.9199981689453,894
2026-10-02 09:46:00,1790948760,IEX,232.7624969482422,232.86500549316406,232.7624969482422,232.86500549316406,545
2026-10-02 09:47:00,1790948820,IEX,232.25999450683594,232.25999450683594,232.16000366210938,232.16000366210938,900
2026-10-02 09:48:00,1790948880,IEX,232.52200317382812,232.52200317382812,232.52200317382812,232.52200317382812,548
2026-10-02 09:49:00,1790948940,IEX,231.78500366210938,231.78500366210938,231.78500366210938,231.78500366210938,286
2026-10-02 09:50:00,1790949000,IEX,231.96499633789062,231.96499633789062,231.96499633789062,231.96499633789062,139
2026-10-02 09:51:00,1790949060,IEX,231.94000244140625,231.94000244140625,231.94000244140625,231.94000244140625,191
2026-10-02 09:52:00,1790949120,IEX,232.0850067138672,232.0850067138672,232.0850067138672,232.0850067138672,617
2026-10-02 09:54:00,1790949240,IEX,231.36000061035156,231.39999389648438,231.36000061035156,231.39999389648438,645
2026-10-02 09:55:00,1790949300,IEX,230.94000244140625,230.94000244140625,230.85499572753906,230.86000061035156,6289
2026-10-02 09:56:00,1790949360,IEX,230.86500549316406,230.86500549316406,230.44000244140625,230.44000244140625,962
2026-10-02 09:57:00,1790949420,IEX,230.56500244140625,230.56500244140625,230.4375,230.4375,293
2026-10-02 09:58:00,1790949480,IEX,230.50999450683594,230.50999450683594,230.50999450683594,230.50999450683594,430
2026-10-02 09:59:00,1790949540,IEX,230.25999450683594,230.25999450683594,230.25999450683594,230.25999450683594,222
2026-10-02 10:00:00,1790949600,IEX,230.08999633789062,230.49954223632812,230.08999633789062,230.49954223632812,1952
2026-10-02 10:01:00,1790949660,IEX,230.75,230.80999755859375,230.72500610351562,230.80999755859375,1994
2026-10-02 10:02:00,1790949720,IEX,230.7449951171875,230.7550048828125,230.7449951171875,230.75250244140625,2117
2026-10-02 10:03:00,1790949780,IEX,230.75999450683594,231.0800018310547,230.75999450683594,231.0800018310547,571
2026-10-02 10:04:00,1790949840,IEX,231.19000244140625,231.19000244140625,231.0800018310547,231.08999633789062,1340
2026-10-02 10:05:00,1790949900,IEX,231.1699981689453,231.1699981689453,231.11500549316406,231.11500549316406,740
2026-10-02 10:06:00,1790949960,IEX,231.125,231.125,230.99000549316406,230.99000549316406,940
2026-10-02 10:07:00,1790950020,IEX,231.30999755859375,231.35499572753906,231.09500122070312,231.09500122070312,6084
2026-10-02 10:08:00,1790950080,IEX,231.32000732421875,231.32000732421875,231.13499450683594,231.13499450683594,493
2026-10-02 10:09:00,1790950140,IEX,231.10000610351562,231.1125030517578,230.94000244140625,230.9499969482422,2160
2026-10-02 10:12:00,1790950320,IEX,230.73500061035156,230.73500061035156,230.61000061035156,230.61000061035156,879
2026-10-02 10:13:00,1790950380,IEX,230.8300018310547,230.8300018310547,230.8300018310547,230.8300018310547,386
2026-10-02 10:14:00,1790950440,IEX,230.66000366210938,230.69500732421875,230.63999938964844,230.63999938964844,990
2026-10-02 10:16:00,1790950560,IEX,230.44000244140625,230.55999755859375,230.44000244140625,230.55999755859375,601
2026-10-02 10:17:00,1790950620,IEX,230.3800048828125,230.3800048828125,230.3800048828125,230.3800048828125,608
2026-10-02 10:18:00,1790950680,IEX,230.64999389648438,230.64999389648438,230.64999389648438,230.64999389648438,426
2026-10-02 10:20:00,1790950800,IEX,230.52499389648438,230.58999633789062,230.51499938964844,230.52000427246094,1164
2026-10-02 10:21:00,1790950860,IEX,230.55999755859375,230.55999755859375,230.55999755859375,230.55999755859375,395
2026-10-02 10:23:00,1790950980,IEX,230.52499389648438,230.5850067138672,230.50750732421875,230.5850067138672,1985
2026-10-02 10:24:00,1790951040,IEX,230.77999877929688,230.9199981689453,230.77999877929688,230.90499877929688,1209
2026-10-02 10:25:00,1790951100,IEX,230.89999389648438,230.89999389648438,230.6699981689453,230.6699981689453,462
2026-10-02 10:26:00,1790951160,IEX,230.63999938964844,230.82000732421875,230.38999938964844,230.82000732421875,11032
2026-10-02 10:28:00,1790951280,IEX,230.7949981689453,230.7949981689453,230.7949981689453,230.7949981689453,861
2026-10-02 10:30:00,1790951400,IEX,230.5,230.5399932861328,230.49000549316406,230.5,980
2026-10-02 10:31:00,1790951460,IEX,230.58999633789062,230.58999633789062,230.58999633789062,230.58999633789062,749
2026-10-02 10:34:00,1790951640,IEX,230.625,230.625,230.55499267578125,230.60000610351562,758
2026-10-02 10:35:00,1790951700,IEX,230.86000061035156,230.86000061035156,230.86000061035156,230.86000061035156,250
2026-10-02 10:36:00,1790951760,IEX,230.9600067138672,230.9600067138672,230.9600067138672,230.9600067138672,453
2026-10-02 10:38:00,1790951880,IEX,231.1199951171875,231.1199951171875,231.1199951171875,231.1199951171875,800
2026-10-02 10:39:00,1790951940,IEX,230.97500610351562,230.97500610351562,230.97500610351562,230.97500610351562,448
2026-10-02 10:40:00,1790952000,IEX,230.97500610351562,231.05999755859375,230.97500610351562,231.05999755859375,1095
2026-10-02 10:42:00,1790952120,IEX,231.19000244140625,231.19000244140625,231.19000244140625,231.19000244140625,348
2026-10-02 10:43:00,1790952180,IEX,231.1999969482422,231.3300018310547,231.1999969482422,231.3300018310547,1086
2026-10-02 10:44:00,1790952240,IEX,231.3300018310547,231.3300018310547,231.3300018310547,231.3300018310547,240
2026-10-02 10:45:00,1790952300,IEX,231.30499267578125,231.30499267578125,231.3000030517578,231.3000030517578,727
2026-10-02 10:48:00,1790952480,IEX,231.66000366210938,231.66000366210938,231.66000366210938,231.66000366210938,512
2026-10-02 10:50:00,1790952600,IEX,231.6699981689453,231.6699981689453,231.4499969482422,231.4499969482422,1296
2026-10-02 10:51:00,1790952660,IEX,231.5,231.5500030517578,231.48500061035156,231.5500030517578,928
2026-10-02 10:52:00,1790952720,IEX,231.49000549316406,231.50999450683594,231.49000549316406,231.49000549316406,3925
2026-10-02 10:53:00,1790952780,IEX,231.52499389648438,231.77499389648438,231.3867950439453,231.77499389648438,3104
2026-10-02 10:54:00,1790952840,IEX,231.72999572753906,231.72999572753906,231.5500030517578,231.5500030517578,256
2026-10-02 10:55:00,1790952900,IEX,231.72000122070312,231.9149932861328,231.6649932861328,231.9149932861328,954
2026-10-02 10:56:00,1790952960,IEX,231.91000366210938,231.91000366210938,231.91000366210938,231.91000366210938,253
2026-10-02 10:57:00,1790953020,IEX,231.9499969482422,231.9499969482422,231.9499969482422,231.9499969482422,208
2026-10-02 10:58:00,1790953080,IEX,231.75999450683594,231.75999450683594,231.63999938964844,231.63999938964844,1396
2026-10-02 10:59:00,1790953140,IEX,231.6750030517578,231.6750030517578,231.6750030517578,231.6750030517578,625
2026-10-02 11:01:00,1790953260,IEX,231.81500244140625,231.92999267578125,231.39999389648438,231.39999389648438,1797
2026-10-02 11:02:00,1790953320,IEX,231.8300018310547,232.18499755859375,231.8300018310547,232.11749267578125,2864
2026-10-02 11:03:00,1790953380,IEX,232.22999572753906,232.22999572753906,232.22999572753906,232.22999572753906,1650
2026-10-02 11:04:00,1790953440,IEX,232.1999969482422,232.4199981689453,232.1999969482422,232.22999572753906,3913
2026-10-02 11:05:00,1790953500,IEX,232.4199981689453,232.52000427246094,232.3000030517578,232.52000427246094,3967
2026-10-02 11:06:00,1790953560,IEX,232.47999572753906,232.83999633789062,232.47999572753906,232.66000366210938,3324
2026-10-02 11:08:00,1790953680,IEX,232.76499938964844,232.76499938964844,232.75999450683594,232.76499938964844,863
2026-10-02 11:09:00,1790953740,IEX,232.75999450683594,232.75999450683594,232.50999450683594,232.60000610351562,3604
2026-10-02 11:10:00,1790953800,IEX,232.27999877929688,232.4250030517578,232.14500427246094,232.4250030517578,2588
2026-10-02 11:12:00,1790953920,IEX,232.4199981689453,232.4550018310547,232.4199981689453,232.4550018310547,568
2026-10-02 11:13:00,1790953980,IEX,232.47999572753906,232.47999572753906,232.27000427246094,232.27000427246094,759
2026-10-02 11:14:00,1790954040,IEX,232.52000427246094,232.52000427246094,232.46499633789062,232.46499633789062,683
2026-10-02 11:15:00,1790954100,IEX,232.42999267578125,232.42999267578125,232.1300048828125,232.24000549316406,1979
2026-10-02 11:16:00,1790954160,IEX,232.25,232.3000030517578,231.92999267578125,232.1199951171875,1639
2026-10-02 11:18:00,1790954280,IEX,231.9499969482422,231.9499969482422,231.9499969482422,231.9499969482422,197
2026-10-02 11:19:00,1790954340,IEX,232.09500122070312,232.09500122070312,232.0,232.0,761
2026-10-02 11:20:00,1790954400,IEX,231.83999633789062,231.98500061035156,231.77000427246094,231.77000427246094,1923
2026-10-02 11:21:00,1790954460,IEX,231.8000030517578,231.8000030517578,231.8000030517578,231.8000030517578,761
2026-10-02 11:23:00,1790954580,IEX,231.82000732421875,232.1199951171875,231.82000732421875,232.1199951171875,1007
2026-10-02 11:26:00,1790954760,IEX,232.1699981689453,232.63999938964844,232.1699981689453,232.42999267578125,2082
2026-10-02 11:28:00,1790954880,IEX,232.60000610351562,232.60000610351562,232.60000610351562,232.60000610351562,620
2026-10-02 11:29:00,1790954940,IEX,232.63499450683594,232.9149932861328,232.63499450683594,232.9149932861328,1236
2026-10-02 11:32:00,1790955120,IEX,232.97000122070312,232.97000122070312,232.74000549316406,232.74000549316406,227
2026-10-02 11:33:00,1790955180,IEX,232.86500549316406,232.86500549316406,232.85000610351562,232.85000610351562,1137
2026-10-02 11:35:00,1790955300,IEX,232.77000427246094,233.1300048828125,232.77000427246094,233.1300048828125,1386
2026-10-02 11:36:00,1790955360,IEX,233.30999755859375,233.30999755859375,232.88999938964844,232.88999938964844,1317
2026-10-02 11:37:00,1790955420,IEX,233.2100067138672,233.2100067138672,232.6699981689453,232.6699981689453,2336
2026-10-02 11:38:00,1790955480,IEX,232.6699981689453,232.6699981689453,232.6199951171875,232.6699981689453,820
2026-10-02 11:39:00,1790955540,IEX,232.8000030517578,232.82000732421875,232.8000030517578,232.82000732421875,578
2026-10-02 11:40:00,1790955600,IEX,232.80999755859375,232.92999267578125,232.80999755859375,232.92999267578125,698
2026-10-02 11:41:00,1790955660,IEX,232.89999389648438,232.92999267578125,232.89999389648438,232.89999389648438,1121
2026-10-02 11:42:00,1790955720,IEX,232.97999572753906,232.97999572753906,232.97999572753906,232.97999572753906,148
2026-10-02 11:43:00,1790955780,IEX,233.0,233.0,233.0,233.0,405
2026-10-02 11:44:00,1790955840,IEX,233.10499572753906,233.10499572753906,233.10499572753906,233.10499572753906,152
2026-10-02 11:45:00,1790955900,IEX,233.0749969482422,233.0749969482422,233.0749969482422,233.0749969482422,366
2026-10-02 11:46:00,1790955960,IEX,233.10000610351562,233.10000610351562,233.10000610351562,233.10000610351562,923
2026-10-02 11:48:00,1790956080,IEX,233.27000427246094,233.4600067138672,233.27000427246094,233.4600067138672,653
2026-10-02 11:49:00,1790956140,IEX,233.47999572753906,233.47999572753906,233.25999450683594,233.25999450683594,1630
2026-10-02 11:50:00,1790956200,IEX,233.25,233.25,233.25,233.25,746
2026-10-02 11:52:00,1790956320,IEX,233.38999938964844,233.38999938964844,233.38999938964844,233.38999938964844,495
2026-10-02 11:55:00,1790956500,IEX,233.47500610351562,233.47500610351562,233.4600067138672,233.4600067138672,1203
2026-10-02 11:57:00,1790956620,IEX,233.27999877929688,233.27999877929688,233.27999877929688,233.27999877929688,1018
2026-10-02 11:58:00,1790956680,IEX,233.30999755859375,233.30999755859375,233.30999755859375,233.30999755859375,1064
2026-10-02 11:59:00,1790956740,IEX,233.1699981689453,233.1750030517578,233.0,233.0,2992
2026-10-02 12:00:00,1790956800,IEX,233.1750030517578,233.35000610351562,232.97999572753906,233.35000610351562,3198
2026-10-02 12:01:00,1790956860,IEX,233.27999877929688,233.27999877929688,232.97000122070312,232.97000122070312,1411
2026-10-02 12:02:00,1790956920,IEX,232.9499969482422,233.22000122070312,232.9499969482422,233.19000244140625,10950
2026-10-02 12:03:00,1790956980,IEX,232.9499969482422,233.0,232.9499969482422,233.0,514
2026-10-02 12:04:00,1790957040,IEX,232.9499969482422,233.0,232.7100067138672,232.71499633789062,9973
2026-10-02 12:05:00,1790957100,IEX,232.8800048828125,232.8800048828125,232.8800048828125,232.8800048828125,763
2026-10-02 12:07:00,1790957220,IEX,232.67999267578125,232.67999267578125,232.67999267578125,232.67999267578125,490
2026-10-02 12:08:00,1790957280,IEX,232.69000244140625,232.75999450683594,232.69000244140625,232.7550048828125,601
2026-10-02 12:09:00,1790957340,IEX,232.72999572753906,232.72999572753906,232.72999572753906,232.72999572753906,551
2026-10-02 12:11:00,1790957460,IEX,232.75,232.75,232.75,232.75,429
2026-10-02 12:14:00,1790957640,IEX,232.72000122070312,232.72000122070312,232.61000061035156,232.61000061035156,1073
2026-10-02 12:15:00,1790957700,IEX,232.47999572753906,232.47999572753906,232.47999572753906,232.47999572753906,184
2026-10-02 12:16:00,1790957760,IEX,232.52999877929688,232.52999877929688,232.52999877929688,232.52999877929688,369
2026-10-02 12:17:00,1790957820,IEX,232.52999877929688,232.58999633789062,232.4600067138672,232.58999633789062,1582
2026-10-02 12:20:00,1790958000,IEX,232.61500549316406,232.61500549316406,232.61500549316406,232.61500549316406,248
2026-10-02 12:22:00,1790958120,IEX,232.625,232.625,232.6199951171875,232.6199951171875,1589
2026-10-02 12:24:00,1790958240,IEX,232.32000732421875,232.48500061035156,232.32000732421875,232.44000244140625,711
2026-10-02 12:26:00,1790958360,IEX,232.3000030517578,232.3000030517578,232.3000030517578,232.3000030517578,601
2026-10-02 12:28:00,1790958480,IEX,232.21499633789062,232.21499633789062,232.21499633789062,232.21499633789062,842
2026-10-02 12:30:00,1790958600,IEX,232.24000549316406,232.36000061035156,232.24000549316406,232.36000061035156,716
2026-10-02 12:31:00,1790958660,IEX,232.44000244140625,232.4600067138672,232.44000244140625,232.4600067138672,934
2026-10-02 12:34:00,1790958840,IEX,232.27999877929688,232.27999877929688,232.27999877929688,232.27999877929688,277
2026-10-02 12:35:00,1790958900,IEX,232.3249969482422,232.3249969482422,232.3249969482422,232.3249969482422,187
2026-10-02 12:36:00,1790958960,IEX,232.34500122070312,232.34500122070312,232.34500122070312,232.34500122070312,450
2026-10-02 12:38:00,1790959080,IEX,232.3800048828125,232.3800048828125,232.3800048828125,232.3800048828125,184
2026-10-02 12:39:00,1790959140,IEX,232.5,232.5,232.5,232.5,148
2026-10-02 12:40:00,1790959200,IEX,232.42999267578125,232.42999267578125,232.42999267578125,232.42999267578125,438
2026-10-02 12:41:00,1790959260,IEX,232.44000244140625,232.44000244140625,232.44000244140625,232.44000244140625,298
2026-10-02 12:42:00,1790959320,IEX,232.5,232.61000061035156,232.4600067138672,232.5,4949
2026-10-02 12:43:00,1790959380,IEX,232.6199951171875,232.6199951171875,232.6199951171875,232.6199951171875,316
2026-10-02 12:44:00,1790959440,IEX,232.58999633789062,232.7550048828125,232.58999633789062,232.7550048828125,423
2026-10-02 12:45:00,1790959500,IEX,232.5850067138672,232.5850067138672,232.5850067138672,232.5850067138672,605
2026-10-02 12:46:00,1790959560,IEX,232.72500610351562,232.72500610351562,232.61000061035156,232.61000061035156,280
2026-10-02 12:47:00,1790959620,IEX,232.6300048828125,232.6300048828125,232.6300048828125,232.6300048828125,608
2026-10-02 12:50:00,1790959800,IEX,232.60499572753906,232.60499572753906,232.60499572753906,232.60499572753906,610
2026-10-02 12:53:00,1790959980,IEX,232.6999969482422,232.6999969482422,232.69500732421875,232.69500732421875,635
2026-10-02 12:54:00,1790960040,IEX,232.75,232.75,232.75,232.75,184
2026-10-02 12:55:00,1790960100,IEX,232.9600067138672,232.9600067138672,232.85000610351562,232.85000610351562,796
2026-10-02 12:56:00,1790960160,IEX,232.74000549316406,232.75999450683594,232.74000549316406,232.75999450683594,1088
2026-10-02 12:57:00,1790960220,IEX,232.7550048828125,232.7550048828125,232.7550048828125,232.7550048828125,11769
2026-10-02 13:06:00,1790960760,IEX,232.8249969482422,232.8249969482422,232.82000732421875,232.82000732421875,892
2026-10-02 13:07:00,1790960820,IEX,232.67999267578125,232.67999267578125,232.67999267578125,232.67999267578125,1003
2026-10-02 13:11:00,1790961060,IEX,232.6750030517578,232.6750030517578,232.6750030517578,232.6750030517578,718
2026-10-02 13:14:00,1790961240,IEX,232.8300018310547,232.86000061035156,232.65499877929688,232.65499877929688,2184
2026-10-02 13:16:00,1790961360,IEX,232.72000122070312,232.89999389648438,232.72000122070312,232.89999389648438,623
2026-10-02 13:18:00,1790961480,IEX,232.8800048828125,232.8800048828125,232.8800048828125,232.8800048828125,617
2026-10-02 13:21:00,1790961660,IEX,232.89999389648438,232.89999389648438,232.86000061035156,232.86000061035156,518
2026-10-02 13:22:00,1790961720,IEX,232.6699981689453,232.6699981689453,232.6699981689453,232.6699981689453,380
2026-10-02 13:23:00,1790961780,IEX,232.85499572753906,232.85499572753906,232.85499572753906,232.85499572753906,382
2026-10-02 13:24:00,1790961840,IEX,232.6699981689453,232.6699981689453,232.6699981689453,232.6699981689453,362
2026-10-02 13:25:00,1790961900,IEX,232.66000366210938,232.66000366210938,232.66000366210938,232.66000366210938,235
2026-10-02 13:26:00,1790961960,IEX,232.61000061035156,232.61000061035156,232.61000061035156,232.61000061035156,181
2026-10-02 13:27:00,1790962020,IEX,232.6199951171875,232.6199951171875,232.6199951171875,232.6199951171875,1083
2026-10-02 13:29:00,1790962140,IEX,232.60000610351562,232.60000610351562,232.5800018310547,232.5800018310547,723
2026-10-02 13:30:00,1790962200,IEX,232.66000366210938,232.6699981689453,232.66000366210938,232.6699981689453,375
2026-10-02 13:31:00,1790962260,IEX,232.72999572753906,232.77000427246094,232.72999572753906,232.77000427246094,781
2026-10-02 13:34:00,1790962440,IEX,233.02999877929688,233.0399932861328,233.02999877929688,233.02999877929688,990
2026-10-02 13:36:00,1790962560,IEX,232.9499969482422,232.9499969482422,232.9499969482422,232.9499969482422,517
2026-10-02 13:37:00,1790962620,IEX,232.9199981689453,232.9199981689453,232.9199981689453,232.9199981689453,247
2026-10-02 13:38:00,1790962680,IEX,232.97000122070312,232.97000122070312,232.97000122070312,232.97000122070312,1091
2026-10-02 13:48:00,1790963280,IEX,232.89500427246094,232.89500427246094,232.89500427246094,232.89500427246094,447
2026-10-02 13:49:00,1790963340,IEX,232.89500427246094,232.89500427246094,232.89500427246094,232.89500427246094,650
2026-10-02 13:50:00,1790963400,IEX,232.7949981689453,232.8000030517578,232.74000549316406,232.74000549316406,4267
2026-10-02 13:51:00,1790963460,IEX,233.0050048828125,233.0050048828125,233.0050048828125,233.0050048828125,334
2026-10-02 13:52:00,1790963520,IEX,232.9499969482422,232.9499969482422,232.9499969482422,232.9499969482422,232
2026-10-02 13:53:00,1790963580,IEX,232.9550018310547,232.9550018310547,232.9550018310547,232.9550018310547,268
2026-10-02 13:54:00,1790963640,IEX,232.9600067138672,232.9600067138672,232.9600067138672,232.9600067138672,119
2026-10-02 13:55:00,1790963700,IEX,232.97000122070312,232.97000122070312,232.7899932861328,232.7899932861328,711
2026-10-02 13:56:00,1790963760,IEX,232.82000732421875,232.9199981689453,232.75999450683594,232.86000061035156,6405
2026-10-02 13:59:00,1790963940,IEX,232.875,232.875,232.875,232.875,858
2026-10-02 14:00:00,1790964000,IEX,232.96499633789062,233.13999938964844,232.96499633789062,233.13999938964844,937
2026-10-02 14:01:00,1790964060,IEX,232.97999572753906,233.07000732421875,232.97999572753906,233.07000732421875,1039
2026-10-02 14:02:00,1790964120,IEX,233.08999633789062,233.08999633789062,233.08999633789062,233.08999633789062,402
2026-10-02 14:04:00,1790964240,IEX,233.07000732421875,233.07000732421875,232.8300018310547,232.90499877929688,2097
2026-10-02 14:05:00,1790964300,IEX,232.89999389648438,233.25,232.89999389648438,233.25,1259
2026-10-02 14:06:00,1790964360,IEX,233.375,233.375,233.375,233.375,590
2026-10-02 14:09:00,1790964540,IEX,233.33999633789062,233.33999633789062,233.33999633789062,233.33999633789062,701
2026-10-02 14:12:00,1790964720,IEX,233.30999755859375,233.30999755859375,233.14999389648438,233.14999389648438,1307
2026-10-02 14:13:00,1790964780,IEX,233.14999389648438,233.14999389648438,233.1300048828125,233.1300048828125,563
2026-10-02 14:14:00,1790964840,IEX,233.10000610351562,233.10000610351562,233.10000610351562,233.10000610351562,294
2026-10-02 14:15:00,1790964900,IEX,233.1649932861328,233.1649932861328,233.1649932861328,233.1649932861328,208
2026-10-02 14:16:00,1790964960,IEX,232.99000549316406,232.99000549316406,232.99000549316406,232.99000549316406,462
2026-10-02 14:17:00,1790965020,IEX,232.9600067138672,232.97500610351562,232.9600067138672,232.97500610351562,821
2026-10-02 14:18:00,1790965080,IEX,232.97500610351562,233.02000427246094,232.97500610351562,232.99000549316406,1724
2026-10-02 14:20:00,1790965200,IEX,232.99000549316406,233.1999969482422,232.99000549316406,233.1999969482422,2243
2026-10-02 14:22:00,1790965320,IEX,233.19000244140625,233.19000244140625,233.19000244140625,233.19000244140625,173
2026-10-02 14:23:00,1790965380,IEX,233.0800018310547,233.125,233.0800018310547,233.125,1368
2026-10-02 14:28:00,1790965680,IEX,233.08999633789062,233.1199951171875,233.08999633789062,233.1199951171875,896
2026-10-02 14:32:00,1790965920,IEX,233.22999572753906,233.22999572753906,233.1300048828125,233.1300048828125,1215
2026-10-02 14:33:00,1790965980,IEX,233.33999633789062,233.33999633789062,233.33999633789062,233.33999633789062,554
2026-10-02 14:35:00,1790966100,IEX,233.3000030517578,233.3000030517578,233.3000030517578,233.3000030517578,1102
2026-10-02 14:37:00,1790966220,IEX,233.3300018310547,233.3300018310547,233.1999969482422,233.1999969482422,1492
2026-10-02 14:38:00,1790966280,IEX,233.19000244140625,233.19000244140625,233.17999267578125,233.17999267578125,1427
2026-10-02 14:39:00,1790966340,IEX,233.16000366210938,233.16000366210938,233.16000366210938,233.16000366210938,206
2026-10-02 14:40:00,1790966400,IEX,233.13999938964844,233.13999938964844,233.02999877929688,233.13999938964844,568
2026-10-02 14:42:00,1790966520,IEX,233.25,233.25,233.13999938964844,233.13999938964844,1802
2026-10-02 14:44:00,1790966640,IEX,233.40499877929688,233.40499877929688,233.40499877929688,233.40499877929688,1168
2026-10-02 14:47:00,1790966820,IEX,233.47999572753906,233.5749969482422,233.47999572753906,233.5749969482422,1622
2026-10-02 14:49:00,1790966940,IEX,233.42999267578125,233.42999267578125,233.4199981689453,233.4199981689453,1821
2026-10-02 14:50:00,1790967000,IEX,233.27999877929688,233.27999877929688,233.27999877929688,233.27999877929688,386
2026-10-02 14:51:00,1790967060,IEX,233.28500366210938,233.44500732421875,233.28500366210938,233.44500732421875,206
2026-10-02 14:52:00,1790967120,IEX,233.27999877929688,233.27999877929688,233.27999877929688,233.27999877929688,520
2026-10-02 14:53:00,1790967180,IEX,233.27999877929688,233.47000122070312,233.27999877929688,233.4600067138672,1930
2026-10-02 14:55:00,1790967300,IEX,233.44000244140625,233.44000244140625,233.44000244140625,233.44000244140625,171
2026-10-02 14:56:00,1790967360,IEX,233.52000427246094,233.52000427246094,233.43499755859375,233.52000427246094,1114
2026-10-02 14:57:00,1790967420,IEX,233.55499267578125,233.55499267578125,233.55499267578125,233.55499267578125,879
2026-10-02 14:59:00,1790967540,IEX,233.47999572753906,233.5500030517578,233.47999572753906,233.50999450683594,696
2026-10-02 15:00:00,1790967600,IEX,233.57000732421875,233.625,233.49000549316406,233.49000549316406,4220
2026-10-02 15:01:00,1790967660,IEX,233.5050048828125,233.5050048828125,233.5050048828125,233.5050048828125,189
2026-10-02 15:02:00,1790967720,IEX,233.61000061035156,233.61000061035156,233.60000610351562,233.61000061035156,1083
2026-10-02 15:03:00,1790967780,IEX,233.66000366210938,233.66000366210938,233.66000366210938,233.66000366210938,668
2026-10-02 15:04:00,1790967840,IEX,233.6999969482422,233.72500610351562,233.69000244140625,233.72500610351562,652
2026-10-02 15:05:00,1790967900,IEX,233.7100067138672,233.7100067138672,233.7100067138672,233.7100067138672,1081
2026-10-02 15:07:00,1790968020,IEX,233.77000427246094,233.77000427246094,233.72000122070312,233.72000122070312,1067
2026-10-02 15:09:00,1790968140,IEX,233.61000061035156,233.61000061035156,233.5500030517578,233.5500030517578,1946
2026-10-02 15:11:00,1790968260,IEX,233.66000366210938,233.66000366210938,233.66000366210938,233.66000366210938,518
2026-10-02 15:12:00,1790968320,IEX,233.77000427246094,233.77000427246094,233.77000427246094,233.77000427246094,1023
2026-10-02 15:15:00,1790968500,IEX,233.7550048828125,233.7550048828125,233.7550048828125,233.7550048828125,430
2026-10-02 15:16:00,1790968560,IEX,233.77999877929688,233.77999877929688,233.67999267578125,233.72999572753906,3275
2026-10-02 15:17:00,1790968620,IEX,233.82000732421875,233.93499755859375,233.82000732421875,233.93499755859375,962
2026-10-02 15:18:00,1790968680,IEX,233.8699951171875,233.8699951171875,233.8699951171875,233.8699951171875,110
2026-10-02 15:19:00,1790968740,IEX,233.9499969482422,233.9499969482422,233.64999389648438,233.64999389648438,1387
2026-10-02 15:20:00,1790968800,IEX,233.77999877929688,233.80999755859375,233.77999877929688,233.80999755859375,572
2026-10-02 15:21:00,1790968860,IEX,233.83999633789062,233.83999633789062,233.71499633789062,233.71499633789062,425
2026-10-02 15:22:00,1790968920,IEX,233.91000366210938,233.91000366210938,233.91000366210938,233.91000366210938,1136
2026-10-02 15:26:00,1790969160,IEX,233.83999633789062,233.83999633789062,233.8300018310547,233.83999633789062,1478
2026-10-02 15:27:00,1790969220,IEX,233.72999572753906,233.74000549316406,233.68499755859375,233.74000549316406,4948
2026-10-02 15:29:00,1790969340,IEX,233.86000061035156,233.86000061035156,233.86000061035156,233.86000061035156,3818
2026-10-02 15:34:00,1790969640,IEX,233.89500427246094,233.94000244140625,233.88999938964844,233.94000244140625,3094
2026-10-02 15:35:00,1790969700,IEX,233.97000122070312,233.97000122070312,233.83999633789062,233.8699951171875,4027
2026-10-02 15:36:00,1790969760,IEX,233.82000732421875,233.89999389648438,233.82000732421875,233.89999389648438,1893
2026-10-02 15:37:00,1790969820,IEX,233.97999572753906,233.97999572753906,233.97999572753906,233.97999572753906,277
2026-10-02 15:38:00,1790969880,IEX,233.9600067138672,233.9600067138672,233.80999755859375,233.80999755859375,3157
2026-10-02 15:39:00,1790969940,IEX,233.72999572753906,233.72999572753906,233.61000061035156,233.61000061035156,1025
2026-10-02 15:40:00,1790970000,IEX,233.61000061035156,233.64999389648438,233.59500122070312,233.59500122070312,1572
2026-10-02 15:41:00,1790970060,IEX,233.63999938964844,233.63999938964844,233.60499572753906,233.60499572753906,453
2026-10-02 15:42:00,1790970120,IEX,233.69000244140625,233.90499877929688,233.69000244140625,233.85000610351562,3258
2026-10-02 15:43:00,1790970180,IEX,233.80999755859375,233.80999755859375,233.77999877929688,233.77999877929688,1693
2026-10-02 15:44:00,1790970240,IEX,233.82000732421875,233.8699951171875,233.82000732421875,233.8699951171875,592
2026-10-02 15:45:00,1790970300,IEX,233.81500244140625,233.81500244140625,233.66000366210938,233.72000122070312,1074
2026-10-02 15:47:00,1790970420,IEX,233.86000061035156,233.86000061035156,233.72000122070312,233.72000122070312,1846
2026-10-02 15:48:00,1790970480,IEX,233.77499389648438,233.7899932861328,233.6699981689453,233.6999969482422,3591
2026-10-02 15:49:00,1790970540,IEX,233.60000610351562,233.60000610351562,233.42999267578125,233.4499969482422,2913
2026-10-02 15:50:00,1790970600,IEX,233.35499572753906,233.35499572753906,233.1999969482422,233.1999969482422,1242
2026-10-02 15:52:00,1790970720,IEX,233.32000732421875,233.32000732421875,233.32000732421875,233.32000732421875,3008
2026-10-02 15:53:00,1790970780,IEX,233.3300018310547,233.3300018310547,233.26499938964844,233.26499938964844,1634
2026-10-02 15:54:00,1790970840,IEX,233.35000610351562,233.83999633789062,233.31500244140625,233.83999633789062,12234
2026-10-02 15:55:00,1790970900,IEX,233.7324981689453,233.86000061035156,233.33999633789062,233.50999450683594,34506
2026-10-02 15:56:00,1790970960,IEX,233.5399932861328,233.5500030517578,233.4199981689453,233.5,5829
2026-10-02 15:57:00,1790971020,IEX,233.4949951171875,233.57000732421875,233.4149932861328,233.57000732421875,12850
2026-10-02 15:58:00,1790971080,IEX,233.52000427246094,233.55999755859375,233.3350067138672,233.3699951171875,14210
2026-10-02 15:59:00,1790971140,IEX,233.3800048828125,233.3800048828125,233.00999450683594,233.07000732421875,25995
2026-10-02 16:00:00,1790971200,IEX,232.99000549316406,232.99000549316406,232.99000549316406,232.99000549316406,0
2026-10-05 09:30:00,1791207000,IEX,232.1300048828125,232.6199951171875,232.1300048828125,232.4949951171875,4661
2026-10-05 09:35:00,1791207300,IEX,232.4199981689453,233.13999938964844,232.13999938964844,233.13999938964844,1136
2026-10-05 09:36:00,1791207360,IEX,233.57000732421875,233.57000732421875,233.26499938964844,233.26499938964844,934
2026-10-05 09:40:00,1791207600,IEX,232.62368774414062,232.62368774414062,232.62368774414062,232.62368774414062,335
2026-10-05 09:41:00,1791207660,IEX,232.44000244140625,232.44000244140625,232.35000610351562,232.35000610351562,814
2026-10-05 09:43:00,1791207780,IEX,232.35000610351562,232.35000610351562,232.35000610351562,232.35000610351562,122
2026-10-05 09:44:00,1791207840,IEX,231.90499877929688,231.90499877929688,231.90499877929688,231.90499877929688,908
2026-10-05 09:47:00,1791208020,IEX,232.4199981689453,232.4199981689453,232.4199981689453,232.4199981689453,216
2026-10-05 09:48:00,1791208080,IEX,232.50999450683594,232.8300018310547,232.27000427246094,232.27999877929688,3861
2026-10-05 09:49:00,1791208140,IEX,232.3699951171875,232.51499938964844,232.3699951171875,232.39999389648438,2127
2026-10-05 09:50:00,1791208200,IEX,232.69000244140625,232.69000244140625,232.69000244140625,232.69000244140625,182
2026-10-05 09:51:00,1791208260,IEX,232.7550048828125,233.2899932861328,232.7550048828125,233.2899932861328,7259
2026-10-05 09:52:00,1791208320,IEX,232.75,232.75999450683594,232.75,232.75999450683594,1281
2026-10-05 09:53:00,1791208380,IEX,232.77000427246094,232.77000427246094,232.77000427246094,232.77000427246094,2096
2026-10-05 09:54:00,1791208440,IEX,232.76499938964844,232.76499938964844,232.76499938964844,232.76499938964844,390
2026-10-05 09:55:00,1791208500,IEX,232.67999267578125,233.1300048828125,232.63999938964844,233.1300048828125,8222
2026-10-05 09:56:00,1791208560,IEX,233.22000122070312,233.22000122070312,233.22000122070312,233.22000122070312,717
2026-10-05 09:59:00,1791208740,IEX,233.49000549316406,233.49000549316406,233.49000549316406,233.49000549316406,596
2026-10-05 10:00:00,1791208800,IEX,233.625,233.625,233.13999938964844,233.13999938964844,3868
2026-10-05 10:01:00,1791208860,IEX,233.1699981689453,233.1699981689453,232.85000610351562,232.85000610351562,1456
2026-10-05 10:03:00,1791208980,IEX,233.53500366210938,233.53500366210938,233.53500366210938,233.53500366210938,1217
2026-10-05 10:06:00,1791209160,IEX,234.07000732421875,234.07000732421875,233.72999572753906,233.72999572753906,862
2026-10-05 10:07:00,1791209220,IEX,234.10000610351562,234.11000061035156,234.0800018310547,234.11000061035156,1225
2026-10-05 10:09:00,1791209340,IEX,234.17750549316406,234.1875,233.6999969482422,233.6999969482422,1247
2026-10-05 10:10:00,1791209400,IEX,233.72450256347656,233.89999389648438,233.658203125,233.89999389648438,709
2026-10-05 10:12:00,1791209520,IEX,233.9499969482422,233.9499969482422,233.9499969482422,233.9499969482422,667
2026-10-05 10:14:00,1791209640,IEX,234.22000122070312,234.22000122070312,234.22000122070312,234.22000122070312,4129
2026-10-05 10:19:00,1791209940,IEX,235.52000427246094,236.16000366210938,235.50999450683594,235.5449981689453,11075
2026-10-05 10:21:00,1791210060,IEX,235.75999450683594,236.00999450683594,235.13999938964844,235.13999938964844,5900
2026-10-05 10:22:00,1791210120,IEX,235.5850067138672,235.5850067138672,235.5850067138672,235.5850067138672,1589
2026-10-05 10:23:00,1791210180,IEX,235.6300048828125,235.6300048828125,235.07000732421875,235.07000732421875,2106
2026-10-05 10:26:00,1791210360,IEX,235.2100067138672,235.2100067138672,235.02999877929688,235.02999877929688,1045
2026-10-05 10:29:00,1791210540,IEX,235.02499389648438,235.02499389648438,235.02499389648438,235.02499389648438,493
2026-10-05 10:31:00,1791210660,IEX,234.85000610351562,234.85000610351562,234.5800018310547,234.5800018310547,403
2026-10-05 10:32:00,1791210720,IEX,234.5500030517578,234.5500030517578,234.34249877929688,234.52000427246094,2995
2026-10-05 10:33:00,1791210780,IEX,234.3000030517578,234.4499969482422,234.10000610351562,234.10000610351562,715
2026-10-05 10:34:00,1791210840,IEX,234.07000732421875,234.07000732421875,234.07000732421875,234.07000732421875,470
2026-10-05 10:35:00,1791210900,IEX,233.76499938964844,233.76499938964844,233.76499938964844,233.76499938964844,489
2026-10-05 10:36:00,1791210960,IEX,233.89999389648438,233.89999389648438,233.77999877929688,233.77999877929688,228
2026-10-05 10:37:00,1791211020,IEX,233.69500732421875,233.69500732421875,233.5500030517578,233.59800720214844,2376
2026-10-05 10:40:00,1791211200,IEX,233.8300018310547,233.85000610351562,233.8300018310547,233.85000610351562,525
2026-10-05 10:41:00,1791211260,IEX,233.85000610351562,233.85000610351562,233.85000610351562,233.85000610351562,398
2026-10-05 10:43:00,1791211380,IEX,234.0,234.03500366210938,233.9600067138672,234.03500366210938,3050
2026-10-05 10:47:00,1791211620,IEX,234.38999938964844,234.38999938964844,234.14999389648438,234.14999389648438,555
2026-10-05 10:48:00,1791211680,IEX,234.3800048828125,234.3800048828125,234.16000366210938,234.27000427246094,893
2026-10-05 10:49:00,1791211740,IEX,234.32000732421875,234.32000732421875,234.32000732421875,234.32000732421875,313
2026-10-05 10:51:00,1791211860,IEX,234.24000549316406,234.24000549316406,234.16000366210938,234.16000366210938,2668
2026-10-05 10:54:00,1791212040,IEX,234.2899932861328,234.2899932861328,234.2899932861328,234.2899932861328,847
2026-10-05 10:56:00,1791212160,IEX,234.25999450683594,234.25999450683594,234.25999450683594,234.25999450683594,167
2026-10-05 10:58:00,1791212280,IEX,234.25999450683594,234.25999450683594,234.25999450683594,234.25999450683594,1872
2026-10-05 11:02:00,1791212520,IEX,234.24000549316406,234.24000549316406,234.02000427246094,234.11000061035156,1778
2026-10-05 11:04:00,1791212640,IEX,234.10000610351562,234.10000610351562,234.10000610351562,234.10000610351562,931
2026-10-05 11:08:00,1791212880,IEX,234.1199951171875,234.1199951171875,234.1199951171875,234.1199951171875,300
2026-10-05 11:09:00,1791212940,IEX,233.88999938964844,234.3000030517578,233.85000610351562,234.00999450683594,17146
2026-10-05 11:10:00,1791213000,IEX,234.19000244140625,234.19000244140625,234.19000244140625,234.19000244140625,806
2026-10-05 11:11:00,1791213060,IEX,234.33999633789062,234.33999633789062,234.33999633789062,234.33999633789062,462
2026-10-05 11:12:00,1791213120,IEX,234.02999877929688,234.02999877929688,234.02999877929688,234.02999877929688,228
2026-10-05 11:13:00,1791213180,IEX,234.22999572753906,234.22999572753906,234.22999572753906,234.22999572753906,695
2026-10-05 11:16:00,1791213360,IEX,234.2100067138672,234.2100067138672,234.2100067138672,234.2100067138672,263
2026-10-05 11:17:00,1791213420,IEX,234.21499633789062,234.21499633789062,233.96499633789062,234.05999755859375,1337
2026-10-05 11:18:00,1791213480,IEX,234.13499450683594,234.13499450683594,234.13499450683594,234.13499450683594,336
2026-10-05 11:19:00,1791213540,IEX,233.8699951171875,234.0,233.8699951171875,234.0,1262
2026-10-05 11:21:00,1791213660,IEX,233.99000549316406,234.05499267578125,233.99000549316406,234.05499267578125,1227
2026-10-05 11:22:00,1791213720,IEX,234.27000427246094,234.3300018310547,234.2449951171875,234.3300018310547,1366
2026-10-05 11:26:00,1791213960,IEX,234.60000610351562,234.60000610351562,234.60000610351562,234.60000610351562,427
2026-10-05 11:28:00,1791214080,IEX,234.35499572753906,234.35499572753906,234.35499572753906,234.35499572753906,626
2026-10-05 11:31:00,1791214260,IEX,234.6199951171875,234.6199951171875,234.6199951171875,234.6199951171875,323
2026-10-05 11:33:00,1791214380,IEX,234.61000061035156,234.61000061035156,234.61000061035156,234.61000061035156,900
2026-10-05 11:37:00,1791214620,IEX,234.69000244140625,234.69000244140625,234.69000244140625,234.69000244140625,827
2026-10-05 11:40:00,1791214800,IEX,234.89999389648438,234.92999267578125,234.89999389648438,234.90170288085938,1046
2026-10-05 11:41:00,1791214860,IEX,235.02999877929688,235.02999877929688,235.02999877929688,235.02999877929688,538
2026-10-05 11:43:00,1791214980,IEX,234.99000549316406,235.0,234.99000549316406,235.0,862
2026-10-05 11:45:00,1791215100,IEX,234.6300048828125,234.75999450683594,234.6300048828125,234.75999450683594,1406
2026-10-05 11:47:00,1791215220,IEX,234.84500122070312,234.84500122070312,234.84500122070312,234.84500122070312,315
2026-10-05 11:48:00,1791215280,IEX,234.83999633789062,234.83999633789062,234.83999633789062,234.83999633789062,641
2026-10-05 11:51:00,1791215460,IEX,234.8800048828125,234.91000366210938,234.8800048828125,234.91000366210938,1105
2026-10-05 11:54:00,1791215640,IEX,234.7550048828125,234.7550048828125,234.7550048828125,234.7550048828125,1328
2026-10-05 11:58:00,1791215880,IEX,234.5800018310547,234.5800018310547,234.5800018310547,234.5800018310547,325
2026-10-05 11:59:00,1791215940,IEX,234.7550048828125,234.7550048828125,234.71499633789062,234.71499633789062,1051
2026-10-05 12:01:00,1791216060,IEX,234.57000732421875,234.69000244140625,234.57000732421875,234.69000244140625,1899
2026-10-05 12:04:00,1791216240,IEX,234.8300018310547,234.8300018310547,234.8300018310547,234.8300018310547,188
2026-10-05 12:05:00,1791216300,IEX,234.83999633789062,234.97999572753906,234.83999633789062,234.97999572753906,889
2026-10-05 12:07:00,1791216420,IEX,234.9600067138672,234.9600067138672,234.9600067138672,234.9600067138672,547
2026-10-05 12:08:00,1791216480,IEX,234.99000549316406,234.99000549316406,234.99000549316406,234.99000549316406,907
2026-10-05 12:09:00,1791216540,IEX,235.11000061035156,235.2050018310547,235.11000061035156,235.1199951171875,1141
2026-10-05 12:11:00,1791216660,IEX,235.44000244140625,235.44000244140625,235.44000244140625,235.44000244140625,297
2026-10-05 12:12:00,1791216720,IEX,235.47000122070312,235.47000122070312,235.47000122070312,235.47000122070312,387
2026-10-05 12:14:00,1791216840,IEX,235.625,235.625,235.61500549316406,235.61500549316406,1346
2026-10-05 12:16:00,1791216960,IEX,235.74000549316406,235.74000549316406,235.60499572753906,235.61500549316406,1084
2026-10-05 12:17:00,1791217020,IEX,235.61000061035156,235.61000061035156,235.61000061035156,235.61000061035156,1714
2026-10-05 12:23:00,1791217380,IEX,235.59249877929688,235.59249877929688,235.59249877929688,235.59249877929688,1155
2026-10-05 12:26:00,1791217560,IEX,235.6999969482422,235.6999969482422,235.5749969482422,235.5749969482422,980
2026-10-05 12:28:00,1791217680,IEX,235.4499969482422,235.61000061035156,235.38999938964844,235.61000061035156,4260
2026-10-05 12:32:00,1791217920,IEX,235.8249969482422,235.8249969482422,235.8249969482422,235.8249969482422,261
2026-10-05 12:33:00,1791217980,IEX,236.0399932861328,236.0399932861328,236.0399932861328,236.0399932861328,707
2026-10-05 12:34:00,1791218040,IEX,235.9250030517578,236.10499572753906,235.9250030517578,236.10000610351562,4898
2026-10-05 12:35:00,1791218100,IEX,236.10000610351562,236.10000610351562,235.9499969482422,236.08749389648438,2111
2026-10-05 12:36:00,1791218160,IEX,236.3000030517578,236.3000030517578,236.3000030517578,236.3000030517578,385
2026-10-05 12:37:00,1791218220,IEX,236.02999877929688,236.0500030517578,235.97999572753906,236.0399932861328,1300
2026-10-05 12:38:00,1791218280,IEX,236.13999938964844,236.13999938964844,236.13999938964844,236.13999938964844,235
2026-10-05 12:39:00,1791218340,IEX,236.13999938964844,236.13999938964844,236.13999938964844,236.13999938964844,466
2026-10-05 12:40:00,1791218400,IEX,236.13999938964844,236.13999938964844,236.13999938964844,236.13999938964844,1788
2026-10-05 12:44:00,1791218640,IEX,236.40499877929688,236.40499877929688,236.40499877929688,236.40499877929688,267
2026-10-05 12:45:00,1791218700,IEX,236.40499877929688,236.40499877929688,236.17999267578125,236.1999969482422,4358
2026-10-05 12:49:00,1791218940,IEX,236.11000061035156,236.11000061035156,236.11000061035156,236.11000061035156,442
2026-10-05 12:50:00,1791219000,IEX,236.10000610351562,236.11000061035156,236.07000732421875,236.11000061035156,977
2026-10-05 12:51:00,1791219060,IEX,236.25999450683594,236.25999450683594,236.25999450683594,236.25999450683594,624
2026-10-05 12:52:00,1791219120,IEX,236.32000732421875,236.32000732421875,236.32000732421875,236.32000732421875,561
2026-10-05 12:53:00,1791219180,IEX,236.30499267578125,236.30999755859375,236.30499267578125,236.30999755859375,399
2026-10-05 12:54:00,1791219240,IEX,236.0500030517578,236.125,236.0399932861328,236.12249755859375,1896
2026-10-05 12:55:00,1791219300,IEX,236.27999877929688,236.27999877929688,236.27999877929688,236.27999877929688,208
2026-10-05 12:56:00,1791219360,IEX,236.10000610351562,236.10000610351562,236.10000610351562,236.10000610351562,653
2026-10-05 12:57:00,1791219420,IEX,236.24000549316406,236.24000549316406,236.24000549316406,236.24000549316406,565
2026-10-05 12:58:00,1791219480,IEX,236.27000427246094,236.27000427246094,236.27000427246094,236.27000427246094,415
2026-10-05 12:59:00,1791219540,IEX,236.24000549316406,236.24000549316406,236.11500549316406,236.11500549316406,846
2026-10-05 13:00:00,1791219600,IEX,236.3300018310547,236.3300018310547,236.3300018310547,236.3300018310547,1075
2026-10-05 13:03:00,1791219780,IEX,236.24000549316406,236.24000549316406,236.24000549316406,236.24000549316406,700
2026-10-05 13:05:00,1791219900,IEX,236.47000122070312,236.47000122070312,236.47000122070312,236.47000122070312,1227
2026-10-05 13:10:00,1791220200,IEX,236.50579833984375,236.50579833984375,236.44000244140625,236.44000244140625,1035
2026-10-05 13:11:00,1791220260,IEX,236.25250244140625,236.25250244140625,236.24249267578125,236.24249267578125,555
2026-10-05 13:13:00,1791220380,IEX,236.23500061035156,236.30999755859375,236.23500061035156,236.2899932861328,2503
2026-10-05 13:18:00,1791220680,IEX,236.22999572753906,236.22999572753906,236.21499633789062,236.21499633789062,820
2026-10-05 13:19:00,1791220740,IEX,236.36590576171875,236.36590576171875,236.36590576171875,236.36590576171875,439
2026-10-05 13:20:00,1791220800,IEX,236.22999572753906,236.22999572753906,236.19000244140625,236.19000244140625,2130
2026-10-05 13:21:00,1791220860,IEX,236.19000244140625,236.1999969482422,236.15249633789062,236.15249633789062,2314
2026-10-05 13:25:00,1791221100,IEX,236.27000427246094,236.2899932861328,236.22500610351562,236.28500366210938,2239
2026-10-05 13:26:00,1791221160,IEX,236.27999877929688,236.27999877929688,236.27999877929688,236.27999877929688,1138
2026-10-05 13:30:00,1791221400,IEX,236.52999877929688,236.5800018310547,236.52999877929688,236.5800018310547,1516
2026-10-05 13:31:00,1791221460,IEX,236.52000427246094,236.52000427246094,236.52000427246094,236.52000427246094,2359
2026-10-05 13:35:00,1791221700,IEX,236.51499938964844,236.51499938964844,236.51499938964844,236.51499938964844,1574
2026-10-05 13:41:00,1791222060,IEX,236.6999969482422,236.6999969482422,236.6999969482422,236.6999969482422,710
2026-10-05 13:43:00,1791222180,IEX,236.74000549316406,237.0,236.72000122070312,236.9499969482422,4507
2026-10-05 13:44:00,1791222240,IEX,236.9550018310547,237.0800018310547,236.9550018310547,237.0800018310547,1282
2026-10-05 13:45:00,1791222300,IEX,237.11000061035156,237.11000061035156,237.11000061035156,237.11000061035156,518
2026-10-05 13:47:00,1791222420,IEX,237.19000244140625,237.19000244140625,237.19000244140625,237.19000244140625,134
2026-10-05 13:48:00,1791222480,IEX,237.1999969482422,237.1999969482422,237.0449981689453,237.0449981689453,1884
2026-10-05 13:51:00,1791222660,IEX,237.24000549316406,237.30999755859375,237.24000549316406,237.30999755859375,1539
2026-10-05 13:54:00,1791222840,IEX,237.5399932861328,237.57000732421875,237.5399932861328,237.57000732421875,583
2026-10-05 13:55:00,1791222900,IEX,237.4824981689453,237.60000610351562,237.4824981689453,237.60000610351562,498
2026-10-05 13:56:00,1791222960,IEX,237.47000122070312,237.47000122070312,237.47000122070312,237.47000122070312,1123
2026-10-05 13:57:00,1791223020,IEX,237.6300048828125,237.77000427246094,237.6300048828125,237.73500061035156,1796
2026-10-05 13:58:00,1791223080,IEX,237.8800048828125,238.0399932861328,237.86000061035156,238.02000427246094,1341
2026-10-05 13:59:00,1791223140,IEX,238.0449981689453,238.0449981689453,237.86000061035156,238.03500366210938,2988
2026-10-05 14:00:00,1791223200,IEX,238.25,238.25,238.25,238.25,1028
2026-10-05 14:01:00,1791223260,IEX,238.17999267578125,238.17999267578125,238.17999267578125,238.17999267578125,370
2026-10-05 14:02:00,1791223320,IEX,238.25999450683594,238.25999450683594,238.11000061035156,238.11000061035156,1365
2026-10-05 14:03:00,1791223380,IEX,238.11000061035156,238.11000061035156,238.11000061035156,238.11000061035156,579
2026-10-05 14:05:00,1791223500,IEX,238.11000061035156,238.11000061035156,237.92999267578125,238.10000610351562,1934
2026-10-05 14:06:00,1791223560,IEX,238.10000610351562,238.10000610351562,237.97999572753906,238.00999450683594,1720
2026-10-05 14:07:00,1791223620,IEX,238.08999633789062,238.08999633789062,237.9600067138672,238.0,1825
2026-10-05 14:09:00,1791223740,IEX,238.1699981689453,238.19000244140625,238.13999938964844,238.13999938964844,1512
2026-10-05 14:11:00,1791223860,IEX,238.3000030517578,238.55999755859375,238.3000030517578,238.55999755859375,1509
2026-10-05 14:12:00,1791223920,IEX,238.57000732421875,238.57000732421875,238.4250030517578,238.4250030517578,1451
2026-10-05 14:16:00,1791224160,IEX,238.4250030517578,238.50999450683594,238.4250030517578,238.50999450683594,994
2026-10-05 14:17:00,1791224220,IEX,238.52000427246094,238.52000427246094,238.4199981689453,238.4199981689453,1029
2026-10-05 14:18:00,1791224280,IEX,238.4199981689453,238.4199981689453,238.4199981689453,238.4199981689453,389
2026-10-05 14:19:00,1791224340,IEX,238.2100067138672,238.22999572753906,238.19000244140625,238.21499633789062,3263
2026-10-05 14:20:00,1791224400,IEX,238.24000549316406,238.24000549316406,238.24000549316406,238.24000549316406,1632
2026-10-05 14:24:00,1791224640,IEX,238.07000732421875,238.07000732421875,238.07000732421875,238.07000732421875,108
2026-10-05 14:25:00,1791224700,IEX,238.2100067138672,238.44000244140625,237.8000030517578,237.85499572753906,9098
2026-10-05 14:26:00,1791224760,IEX,237.72999572753906,237.77999877929688,237.72999572753906,237.77999877929688,1258
2026-10-05 14:27:00,1791224820,IEX,237.80999755859375,237.84500122070312,237.72000122070312,237.84500122070312,2872
2026-10-05 14:29:00,1791224940,IEX,237.77999877929688,237.77999877929688,237.5850067138672,237.66000366210938,2553
2026-10-05 14:30:00,1791225000,IEX,238.02000427246094,238.02000427246094,237.7949981689453,237.7949981689453,4715
2026-10-05 14:31:00,1791225060,IEX,238.00999450683594,238.00999450683594,237.67999267578125,238.00999450683594,2737
2026-10-05 14:32:00,1791225120,IEX,237.7050018310547,238.0,237.7050018310547,238.0,1598
2026-10-05 14:35:00,1791225300,IEX,237.8800048828125,237.8800048828125,237.8800048828125,237.8800048828125,291
2026-10-05 14:36:00,1791225360,IEX,237.97000122070312,237.97000122070312,237.97000122070312,237.97000122070312,1049
2026-10-05 14:38:00,1791225480,IEX,237.8699951171875,237.88999938964844,237.69500732421875,237.69500732421875,902
2026-10-05 14:39:00,1791225540,IEX,237.69500732421875,237.69500732421875,237.69500732421875,237.69500732421875,541
2026-10-05 14:41:00,1791225660,IEX,237.69500732421875,237.69500732421875,237.69500732421875,237.69500732421875,889
2026-10-05 14:42:00,1791225720,IEX,237.69500732421875,237.69500732421875,237.69500732421875,237.69500732421875,1160
2026-10-05 14:43:00,1791225780,IEX,237.69500732421875,237.69500732421875,237.69500732421875,237.69500732421875,427
2026-10-05 14:44:00,1791225840,IEX,237.82000732421875,237.82000732421875,237.82000732421875,237.82000732421875,1023
2026-10-05 14:46:00,1791225960,IEX,237.8800048828125,237.8800048828125,237.8800048828125,237.8800048828125,179
2026-10-05 14:47:00,1791226020,IEX,237.69500732421875,237.69500732421875,237.69500732421875,237.69500732421875,1116
2026-10-05 14:48:00,1791226080,IEX,237.72000122070312,237.72000122070312,237.52999877929688,237.72000122070312,2662
2026-10-05 14:49:00,1791226140,IEX,237.72000122070312,237.72000122070312,237.72000122070312,237.72000122070312,495
2026-10-05 14:50:00,1791226200,IEX,237.72000122070312,237.77499389648438,237.5449981689453,237.6699981689453,1035
2026-10-05 14:51:00,1791226260,IEX,237.7550048828125,237.7550048828125,237.7550048828125,237.7550048828125,370
2026-10-05 14:52:00,1791226320,IEX,237.7550048828125,237.7550048828125,237.64999389648438,237.69000244140625,890
2026-10-05 14:53:00,1791226380,IEX,237.7550048828125,237.7550048828125,237.6300048828125,237.6300048828125,1618
2026-10-05 14:54:00,1791226440,IEX,237.7375030517578,237.7550048828125,237.52999877929688,237.52999877929688,4890
2026-10-05 14:55:00,1791226500,IEX,237.69500732421875,237.69500732421875,237.69500732421875,237.69500732421875,296
2026-10-05 14:56:00,1791226560,IEX,237.69500732421875,237.69500732421875,237.69500732421875,237.69500732421875,764
2026-10-05 14:57:00,1791226620,IEX,237.66749572753906,237.66749572753906,237.39500427246094,237.5,2806
2026-10-05 14:58:00,1791226680,IEX,237.3300018310547,237.5500030517578,237.3300018310547,237.5449981689453,1763
2026-10-05 14:59:00,1791226740,IEX,237.6300048828125,237.75999450683594,237.60499572753906,237.75999450683594,1944
2026-10-05 15:00:00,1791226800,IEX,237.69000244140625,237.69000244140625,237.69000244140625,237.69000244140625,509
2026-10-05 15:01:00,1791226860,IEX,237.7100067138672,237.88999938964844,237.7100067138672,237.8300018310547,2673
2026-10-05 15:02:00,1791226920,IEX,237.77999877929688,237.77999877929688,237.77999877929688,237.77999877929688,273
2026-10-05 15:03:00,1791226980,IEX,237.80999755859375,237.8800048828125,237.80999755859375,237.875,3281
2026-10-05 15:04:00,1791227040,IEX,237.875,237.875,237.875,237.875,1523
2026-10-05 15:05:00,1791227100,IEX,238.08999633789062,238.08999633789062,238.0050048828125,238.00999450683594,610
2026-10-05 15:06:00,1791227160,IEX,238.02499389648438,238.0500030517578,238.02499389648438,238.0500030517578,1134
2026-10-05 15:07:00,1791227220,IEX,238.0500030517578,238.0500030517578,238.02749633789062,238.04249572753906,738
2026-10-05 15:08:00,1791227280,IEX,238.0449981689453,238.0449981689453,238.0449981689453,238.0449981689453,2031
2026-10-05 15:10:00,1791227400,IEX,238.09500122070312,238.09500122070312,238.09249877929688,238.09249877929688,249
2026-10-05 15:11:00,1791227460,IEX,238.24000549316406,238.24000549316406,237.99000549316406,237.99000549316406,4069
2026-10-05 15:12:00,1791227520,IEX,237.99000549316406,237.99000549316406,237.9199981689453,237.9199981689453,1220
2026-10-05 15:13:00,1791227580,IEX,238.0500030517578,238.05999755859375,237.93499755859375,237.93499755859375,745
2026-10-05 15:14:00,1791227640,IEX,237.93499755859375,238.20750427246094,237.93499755859375,238.20750427246094,1532
2026-10-05 15:15:00,1791227700,IEX,238.05999755859375,238.05999755859375,237.9199981689453,238.01499938964844,1775
2026-10-05 15:16:00,1791227760,IEX,237.8800048828125,238.01499938964844,237.8800048828125,238.01499938964844,1036
2026-10-05 15:17:00,1791227820,IEX,238.00999450683594,238.00999450683594,238.00999450683594,238.00999450683594,675
2026-10-05 15:18:00,1791227880,IEX,238.00999450683594,238.00999450683594,238.00999450683594,238.00999450683594,339
2026-10-05 15:19:00,1791227940,IEX,238.08999633789062,238.24000549316406,238.02499389648438,238.21249389648438,2256
2026-10-05 15:20:00,1791228000,IEX,238.21499633789062,238.2899932861328,238.21499633789062,238.2899932861328,943
2026-10-05 15:21:00,1791228060,IEX,238.27000427246094,238.27000427246094,238.25999450683594,238.25999450683594,547
2026-10-05 15:22:00,1791228120,IEX,238.27000427246094,238.27000427246094,238.27000427246094,238.27000427246094,1128
2026-10-05 15:23:00,1791228180,IEX,238.3000030517578,238.3000030517578,238.2100067138672,238.22000122070312,1450
2026-10-05 15:24:00,1791228240,IEX,238.1199951171875,238.25999450683594,237.89500427246094,237.89500427246094,22545
2026-10-05 15:25:00,1791228300,IEX,238.05999755859375,238.05999755859375,238.0,238.0,1949
2026-10-05 15:27:00,1791228420,IEX,238.07000732421875,238.07000732421875,238.05999755859375,238.05999755859375,2236
2026-10-05 15:28:00,1791228480,IEX,238.01499938964844,238.03500366210938,238.01499938964844,238.03500366210938,761
2026-10-05 15:29:00,1791228540,IEX,238.02999877929688,238.13999938964844,238.02999877929688,238.11000061035156,2774
2026-10-05 15:30:00,1791228600,IEX,238.0,238.00999450683594,237.9600067138672,238.0050048828125,3242
2026-10-05 15:31:00,1791228660,IEX,237.88999938964844,237.9199981689453,237.69500732421875,237.69500732421875,2701
2026-10-05 15:32:00,1791228720,IEX,237.61000061035156,237.61000061035156,237.47950744628906,237.47950744628906,1248
2026-10-05 15:33:00,1791228780,IEX,237.47000122070312,237.47000122070312,237.47000122070312,237.47000122070312,1017
2026-10-05 15:34:00,1791228840,IEX,237.63999938964844,237.63999938964844,237.52499389648438,237.52499389648438,2410
2026-10-05 15:35:00,1791228900,IEX,237.5749969482422,237.5749969482422,237.44749450683594,237.44749450683594,4020
2026-10-05 15:36:00,1791228960,IEX,237.33999633789062,237.33999633789062,237.27000427246094,237.2725067138672,1707
2026-10-05 15:37:00,1791229020,IEX,237.27499389648438,237.27499389648438,237.27499389648438,237.27499389648438,1565
2026-10-05 15:39:00,1791229140,IEX,237.23500061035156,237.23500061035156,237.0800018310547,237.12750244140625,3688
2026-10-05 15:40:00,1791229200,IEX,237.0800018310547,237.1699981689453,237.0800018310547,237.1699981689453,1579
2026-10-05 15:41:00,1791229260,IEX,237.2100067138672,237.2100067138672,237.1750030517578,237.1750030517578,1259
2026-10-05 15:42:00,1791229320,IEX,237.2677001953125,237.2677001953125,237.2677001953125,237.2677001953125,844
2026-10-05 15:43:00,1791229380,IEX,237.25,237.30999755859375,237.1649932861328,237.30999755859375,2787
2026-10-05 15:44:00,1791229440,IEX,237.30999755859375,237.30999755859375,237.10000610351562,237.11000061035156,4488
2026-10-05 15:45:00,1791229500,IEX,237.0399932861328,237.0500030517578,236.94000244140625,236.97500610351562,2554
2026-10-05 15:47:00,1791229620,IEX,236.9250030517578,236.9250030517578,236.72500610351562,236.72500610351562,5980
2026-10-05 15:48:00,1791229680,IEX,236.71499633789062,236.75999450683594,236.6750030517578,236.6750030517578,2441
2026-10-05 15:49:00,1791229740,IEX,236.66000366210938,236.66000366210938,236.5399932861328,236.66000366210938,2872
2026-10-05 15:50:00,1791229800,IEX,236.6300048828125,236.6300048828125,236.3699951171875,236.41000366210938,5485
2026-10-05 15:51:00,1791229860,IEX,236.4199981689453,236.4199981689453,235.6199951171875,236.04249572753906,7950
2026-10-05 15:52:00,1791229920,IEX,236.0449981689453,236.0449981689453,235.61000061035156,235.64999389648438,5949
2026-10-05 15:53:00,1791229980,IEX,235.67999267578125,235.67999267578125,235.08599853515625,235.44000244140625,11262
2026-10-05 15:54:00,1791230040,IEX,235.50999450683594,235.7050018310547,235.32000732421875,235.7050018310547,4028
2026-10-05 15:55:00,1791230100,IEX,235.7050018310547,235.7050018310547,235.47999572753906,235.6699981689453,6659
2026-10-05 15:56:00,1791230160,IEX,235.60000610351562,235.7550048828125,235.60000610351562,235.6199951171875,8442
2026-10-05 15:57:00,1791230220,IEX,235.6999969482422,235.72999572753906,235.5,235.5,25661
2026-10-05 15:58:00,1791230280,IEX,235.49000549316406,235.7050018310547,235.35000610351562,235.49000549316406,31851
2026-10-05 15:59:00,1791230340,IEX,235.47000122070312,235.52499389648438,235.1699981689453,235.47000122070312,23770
2026-10-05 16:00:00,1791230400,IEX,235.2899932861328,235.2899932861328,235.2899932861328,235.2899932861328,0
2026-10-06 09:30:00,1791293400,IEX,236.11000061035156,236.72999572753906,236.11000061035156,236.72999572753906,0
2026-10-06 09:31:00,1791293460,IEX,235.5,235.5,235.4824981689453,235.4824981689453,525
2026-10-06 09:33:00,1791293580,IEX,236.11000061035156,236.24000549316406,236.11000061035156,236.14500427246094,578
2026-10-06 09:34:00,1791293640,IEX,236.47000122070312,236.57000732421875,236.47000122070312,236.57000732421875,381
2026-10-06 09:36:00,1791293760,IEX,236.39999389648438,237.0,236.39999389648438,237.0,847
2026-10-06 09:40:00,1791294000,IEX,237.1999969482422,237.1999969482422,237.1999969482422,237.1999969482422,402
2026-10-06 09:42:00,1791294120,IEX,237.3000030517578,237.3000030517578,237.3000030517578,237.3000030517578,151
2026-10-06 09:43:00,1791294180,IEX,236.8000030517578,237.0,236.8000030517578,236.83999633789062,667
2026-10-06 09:44:00,1791294240,IEX,237.19000244140625,237.19000244140625,237.19000244140625,237.19000244140625,110
2026-10-06 09:45:00,1791294300,IEX,236.81500244140625,237.6300048828125,236.81500244140625,237.6300048828125,888
2026-10-06 09:46:00,1791294360,IEX,237.3300018310547,237.3300018310547,237.3300018310547,237.3300018310547,684
2026-10-06 09:49:00,1791294540,IEX,237.52999877929688,237.52999877929688,237.52999877929688,237.52999877929688,265
2026-10-06 09:50:00,1791294600,IEX,237.77999877929688,237.80999755859375,237.77999877929688,237.80999755859375,402
2026-10-06 09:53:00,1791294780,IEX,237.67999267578125,237.67999267578125,237.67999267578125,237.67999267578125,294
2026-10-06 09:54:00,1791294840,IEX,237.99000549316406,238.02000427246094,237.99000549316406,238.02000427246094,386
2026-10-06 09:55:00,1791294900,IEX,237.7100067138672,237.9499969482422,237.7100067138672,237.82749938964844,14240
2026-10-06 09:56:00,1791294960,IEX,238.55999755859375,238.55999755859375,238.55999755859375,238.55999755859375,544
2026-10-06 09:58:00,1791295080,IEX,237.8800048828125,237.8800048828125,237.8800048828125,237.8800048828125,215
2026-10-06 09:59:00,1791295140,IEX,237.27999877929688,237.85000610351562,237.27999877929688,237.3249969482422,805
2026-10-06 10:00:00,1791295200,IEX,237.69500732421875,237.74000549316406,237.69500732421875,237.74000549316406,2430
2026-10-06 10:01:00,1791295260,IEX,237.71499633789062,237.86000061035156,237.5,237.86000061035156,3170
2026-10-06 10:04:00,1791295440,IEX,238.05499267578125,238.05499267578125,238.0500030517578,238.05499267578125,941
2026-10-06 10:05:00,1791295500,IEX,237.96749877929688,237.96749877929688,237.96749877929688,237.96749877929688,422
2026-10-06 10:07:00,1791295620,IEX,237.59010314941406,238.50999450683594,237.59010314941406,238.50999450683594,719
2026-10-06 10:08:00,1791295680,IEX,238.03500366210938,238.03500366210938,238.03500366210938,238.03500366210938,612
2026-10-06 10:09:00,1791295740,IEX,237.7449951171875,237.7449951171875,237.7449951171875,237.7449951171875,2556
2026-10-06 10:13:00,1791295980,IEX,238.58999633789062,238.58999633789062,238.58999633789062,238.58999633789062,607
2026-10-06 10:14:00,1791296040,IEX,238.0,238.0,238.0,238.0,707
2026-10-06 10:17:00,1791296220,IEX,237.42999267578125,237.4550018310547,237.25999450683594,237.25999450683594,3039
2026-10-06 10:18:00,1791296280,IEX,237.09500122070312,237.09500122070312,236.97999572753906,236.97999572753906,2584
2026-10-06 10:20:00,1791296400,IEX,236.9499969482422,236.9499969482422,236.9499969482422,236.9499969482422,670
2026-10-06 10:22:00,1791296520,IEX,237.2550048828125,237.2550048828125,237.2550048828125,237.2550048828125,1551
2026-10-06 10:30:00,1791297000,IEX,236.63499450683594,236.63499450683594,236.61500549316406,236.61500549316406,1063
2026-10-06 10:32:00,1791297120,IEX,236.875,236.875,236.875,236.875,1021
2026-10-06 10:33:00,1791297180,IEX,236.61000061035156,236.94000244140625,236.5800018310547,236.63999938964844,3518
2026-10-06 10:34:00,1791297240,IEX,237.3300018310547,237.44000244140625,237.0500030517578,237.39999389648438,1432
2026-10-06 10:35:00,1791297300,IEX,237.0800018310547,237.4499969482422,237.0800018310547,237.4499969482422,1235
2026-10-06 10:38:00,1791297480,IEX,237.73500061035156,237.73500061035156,237.73500061035156,237.73500061035156,650
2026-10-06 10:42:00,1791297720,IEX,237.64999389648438,237.97999572753906,237.64999389648438,237.97999572753906,1706
2026-10-06 10:44:00,1791297840,IEX,237.3800048828125,237.3800048828125,237.3800048828125,237.3800048828125,322
2026-10-06 10:45:00,1791297900,IEX,237.5050048828125,237.5050048828125,237.5050048828125,237.5050048828125,1251
2026-10-06 10:48:00,1791298080,IEX,237.59500122070312,237.59500122070312,237.59500122070312,237.59500122070312,660
2026-10-06 10:51:00,1791298260,IEX,237.51499938964844,237.56500244140625,237.51499938964844,237.56500244140625,784
2026-10-06 10:53:00,1791298380,IEX,237.42999267578125,237.42999267578125,237.42999267578125,237.42999267578125,173
2026-10-06 10:54:00,1791298440,IEX,237.72999572753906,237.72999572753906,237.72999572753906,237.72999572753906,500
2026-10-06 10:55:00,1791298500,IEX,237.75999450683594,237.75999450683594,237.75999450683594,237.75999450683594,843
2026-10-06 10:56:00,1791298560,IEX,237.875,237.875,237.875,237.875,362
2026-10-06 10:57:00,1791298620,IEX,237.6199951171875,237.6199951171875,237.6199951171875,237.6199951171875,461
2026-10-06 10:58:00,1791298680,IEX,237.6699981689453,237.6699981689453,237.60000610351562,237.60000610351562,1145
2026-10-06 11:02:00,1791298920,IEX,237.5500030517578,237.8000030517578,237.5500030517578,237.8000030517578,1597
2026-10-06 11:04:00,1791299040,IEX,237.92999267578125,237.92999267578125,237.92999267578125,237.92999267578125,325
2026-10-06 11:05:00,1791299100,IEX,238.0399932861328,238.0399932861328,238.0399932861328,238.0399932861328,442
2026-10-06 11:06:00,1791299160,IEX,238.27999877929688,238.30999755859375,238.05499267578125,238.27000427246094,1448
2026-10-06 11:07:00,1791299220,IEX,238.1199951171875,238.1199951171875,238.1199951171875,238.1199951171875,683
2026-10-06 11:12:00,1791299520,IEX,238.4149932861328,238.47500610351562,238.4149932861328,238.47500610351562,1456
2026-10-06 11:17:00,1791299820,IEX,239.28500366210938,239.28500366210938,239.2675018310547,239.2675018310547,1067
2026-10-06 11:18:00,1791299880,IEX,239.19500732421875,239.19500732421875,239.19500732421875,239.19500732421875,685
2026-10-06 11:19:00,1791299940,IEX,239.28500366210938,239.2899932861328,239.2449951171875,239.2449951171875,3333
2026-10-06 11:22:00,1791300120,IEX,239.3699951171875,239.3699951171875,239.33999633789062,239.33999633789062,1657
2026-10-06 11:23:00,1791300180,IEX,239.4600067138672,239.58999633789062,239.3800048828125,239.47000122070312,4224
2026-10-06 11:24:00,1791300240,IEX,239.47999572753906,239.47999572753906,239.4250030517578,239.4250030517578,495
2026-10-06 11:25:00,1791300300,IEX,239.64999389648438,239.6999969482422,239.6199951171875,239.6199951171875,2280
2026-10-06 11:28:00,1791300480,IEX,239.5749969482422,239.5749969482422,239.57000732421875,239.57000732421875,1723
2026-10-06 11:30:00,1791300600,IEX,239.14999389648438,239.35000610351562,238.99000549316406,239.35000610351562,2532
2026-10-06 11:31:00,1791300660,IEX,239.16000366210938,239.16000366210938,239.0399932861328,239.0399932861328,933
2026-10-06 11:35:00,1791300900,IEX,238.97500610351562,238.97500610351562,238.97000122070312,238.97000122070312,963
2026-10-06 11:37:00,1791301020,IEX,238.89999389648438,238.89999389648438,238.89999389648438,238.89999389648438,551
2026-10-06 11:38:00,1791301080,IEX,239.05999755859375,239.14999389648438,239.05999755859375,239.14999389648438,1042
2026-10-06 11:40:00,1791301200,IEX,238.8300018310547,238.8300018310547,238.8300018310547,238.8300018310547,2135
2026-10-06 11:41:00,1791301260,IEX,239.05999755859375,239.3800048828125,239.05999755859375,239.375,1886
2026-10-06 11:42:00,1791301320,IEX,239.19000244140625,239.19749450683594,238.93499755859375,239.13250732421875,6848
2026-10-06 11:43:00,1791301380,IEX,239.30999755859375,239.30999755859375,239.30999755859375,239.30999755859375,824
2026-10-06 11:46:00,1791301560,IEX,239.2949981689453,239.2949981689453,239.17999267578125,239.17999267578125,2705
2026-10-06 11:53:00,1791301980,IEX,239.3000030517578,239.3000030517578,239.25999450683594,239.25999450683594,1224
2026-10-06 11:55:00,1791302100,IEX,239.13999938964844,239.1699981689453,239.13999938964844,239.1699981689453,429
2026-10-06 11:56:00,1791302160,IEX,239.22000122070312,239.22000122070312,239.22000122070312,239.22000122070312,536
2026-10-06 11:57:00,1791302220,IEX,239.19000244140625,239.22000122070312,239.19000244140625,239.19000244140625,1218
2026-10-06 11:59:00,1791302340,IEX,239.1199951171875,239.1199951171875,239.11500549316406,239.11500549316406,588
2026-10-06 12:00:00,1791302400,IEX,239.11500549316406,239.11500549316406,239.11500549316406,239.11500549316406,507
2026-10-06 12:01:00,1791302460,IEX,239.0,239.0,239.0,239.0,1005
2026-10-06 12:04:00,1791302640,IEX,239.00999450683594,239.00999450683594,239.00999450683594,239.00999450683594,1102
2026-10-06 12:06:00,1791302760,IEX,239.02999877929688,239.1199951171875,239.02999877929688,239.1199951171875,914
2026-10-06 12:08:00,1791302880,IEX,239.16000366210938,239.16000366210938,239.16000366210938,239.16000366210938,838
2026-10-06 12:11:00,1791303060,IEX,238.89999389648438,239.00999450683594,238.89999389648438,239.00999450683594,866
2026-10-06 12:13:00,1791303180,IEX,239.05999755859375,239.05999755859375,239.05999755859375,239.05999755859375,1732
2026-10-06 12:19:00,1791303540,IEX,239.0050048828125,239.0050048828125,239.0050048828125,239.0050048828125,923
2026-10-06 12:20:00,1791303600,IEX,238.86000061035156,238.86000061035156,238.8300018310547,238.8300018310547,1879
2026-10-06 12:22:00,1791303720,IEX,238.78500366210938,238.78500366210938,238.78500366210938,238.78500366210938,440
2026-10-06 12:24:00,1791303840,IEX,238.8699951171875,238.8699951171875,238.86000061035156,238.86000061035156,811
2026-10-06 12:25:00,1791303900,IEX,238.74000549316406,238.74000549316406,238.74000549316406,238.74000549316406,464
2026-10-06 12:26:00,1791303960,IEX,238.72000122070312,238.72000122070312,238.72000122070312,238.72000122070312,772
2026-10-06 12:29:00,1791304140,IEX,238.9199981689453,238.9199981689453,238.9199981689453,238.9199981689453,299
2026-10-06 12:30:00,1791304200,IEX,238.5399932861328,238.5399932861328,238.5399932861328,238.5399932861328,917
2026-10-06 12:35:00,1791304500,IEX,238.6199951171875,238.6199951171875,238.6199951171875,238.6199951171875,1318
2026-10-06 12:40:00,1791304800,IEX,238.5399932861328,238.5399932861328,238.5399932861328,238.5399932861328,235
2026-10-06 12:41:00,1791304860,IEX,238.5399932861328,238.5399932861328,238.5399932861328,238.5399932861328,413
2026-10-06 12:43:00,1791304980,IEX,238.53500366210938,238.53500366210938,238.53500366210938,238.53500366210938,890
2026-10-06 12:46:00,1791305160,IEX,238.56500244140625,238.56500244140625,238.56500244140625,238.56500244140625,334
2026-10-06 12:48:00,1791305280,IEX,238.47000122070312,238.7100067138672,238.47000122070312,238.57000732421875,1502
2026-10-06 12:49:00,1791305340,IEX,238.47999572753906,238.47999572753906,238.47999572753906,238.47999572753906,911
2026-10-06 12:55:00,1791305700,IEX,238.58999633789062,238.69000244140625,238.5800018310547,238.69000244140625,2445
2026-10-06 12:56:00,1791305760,IEX,238.60000610351562,238.63999938964844,238.5399932861328,238.5399932861328,1539
2026-10-06 13:01:00,1791306060,IEX,238.5399932861328,238.5800018310547,238.4499969482422,238.4499969482422,1890
2026-10-06 13:05:00,1791306300,IEX,238.58999633789062,238.58999633789062,238.58999633789062,238.58999633789062,679
2026-10-06 13:06:00,1791306360,IEX,238.6999969482422,238.6999969482422,238.6999969482422,238.6999969482422,1037
2026-10-06 13:11:00,1791306660,IEX,238.77999877929688,238.8699951171875,238.77999877929688,238.8699951171875,1831
2026-10-06 13:15:00,1791306900,IEX,238.69500732421875,238.69500732421875,238.69500732421875,238.69500732421875,932
2026-10-06 13:16:00,1791306960,IEX,238.69500732421875,238.82000732421875,238.69500732421875,238.69500732421875,4196
2026-10-06 13:17:00,1791307020,IEX,238.8699951171875,239.07000732421875,238.8699951171875,239.07000732421875,4876
2026-10-06 13:18:00,1791307080,IEX,238.94000244140625,238.94000244140625,238.94000244140625,238.94000244140625,634
2026-10-06 13:20:00,1791307200,IEX,238.97000122070312,238.97000122070312,238.69000244140625,238.77000427246094,4034
2026-10-06 13:28:00,1791307680,IEX,238.73500061035156,238.91000366210938,238.73500061035156,238.91000366210938,658
2026-10-06 13:29:00,1791307740,IEX,238.97999572753906,238.97999572753906,238.97999572753906,238.97999572753906,134
2026-10-06 13:30:00,1791307800,IEX,238.74000549316406,238.74000549316406,238.74000549316406,238.74000549316406,393
2026-10-06 13:32:00,1791307920,IEX,238.69500732421875,238.69500732421875,238.69500732421875,238.69500732421875,2228
2026-10-06 13:43:00,1791308580,IEX,238.6999969482422,238.6999969482422,238.6999969482422,238.6999969482422,470
2026-10-06 13:45:00,1791308700,IEX,238.88999938964844,238.88999938964844,238.57000732421875,238.7100067138672,622
2026-10-06 13:46:00,1791308760,IEX,238.7100067138672,238.7100067138672,238.7100067138672,238.7100067138672,160
2026-10-06 13:47:00,1791308820,IEX,238.7100067138672,238.7100067138672,238.7100067138672,238.7100067138672,478
2026-10-06 13:49:00,1791308940,IEX,238.71499633789062,238.88999938964844,238.71499633789062,238.77999877929688,1120
2026-10-06 13:50:00,1791309000,IEX,238.7899932861328,238.7899932861328,238.72999572753906,238.72999572753906,872
2026-10-06 13:51:00,1791309060,IEX,238.72500610351562,238.72500610351562,238.72500610351562,238.72500610351562,431
2026-10-06 13:54:00,1791309240,IEX,238.63999938964844,238.63999938964844,238.6374969482422,238.6374969482422,329
2026-10-06 13:55:00,1791309300,IEX,238.72500610351562,238.72500610351562,238.72500610351562,238.72500610351562,504
2026-10-06 13:57:00,1791309420,IEX,238.63499450683594,238.63499450683594,238.63499450683594,238.63499450683594,196
2026-10-06 13:58:00,1791309480,IEX,238.5677032470703,238.64999389648438,238.5399932861328,238.64999389648438,1599
2026-10-06 13:59:00,1791309540,IEX,238.69000244140625,238.69000244140625,238.61500549316406,238.67999267578125,1055
2026-10-06 14:00:00,1791309600,IEX,238.61000061035156,238.6699981689453,238.61000061035156,238.6699981689453,1207
2026-10-06 14:01:00,1791309660,IEX,238.6649932861328,238.77999877929688,238.6199951171875,238.6199951171875,1279
2026-10-06 14:02:00,1791309720,IEX,238.72000122070312,238.72000122070312,238.60000610351562,238.6750030517578,730
2026-10-06 14:03:00,1791309780,IEX,238.6699981689453,238.6699981689453,238.5399932861328,238.5399932861328,1433
2026-10-06 14:04:00,1791309840,IEX,238.375,238.3800048828125,238.375,238.3800048828125,377
2026-10-06 14:05:00,1791309900,IEX,238.3625030517578,238.3625030517578,238.3625030517578,238.3625030517578,139
2026-10-06 14:06:00,1791309960,IEX,238.4499969482422,238.4499969482422,238.34500122070312,238.34500122070312,1104
2026-10-06 14:08:00,1791310080,IEX,238.3300018310547,238.3300018310547,238.3300018310547,238.3300018310547,804
2026-10-06 14:09:00,1791310140,IEX,238.3249969482422,238.3249969482422,238.32000732421875,238.3249969482422,1324
2026-10-06 14:10:00,1791310200,IEX,238.42999267578125,238.42999267578125,238.35000610351562,238.35000610351562,990
2026-10-06 14:12:00,1791310320,IEX,238.47999572753906,238.5500030517578,238.40499877929688,238.40499877929688,1961
2026-10-06 14:14:00,1791310440,IEX,238.39999389648438,238.6300048828125,238.39999389648438,238.43499755859375,1444
2026-10-06 14:15:00,1791310500,IEX,238.42999267578125,238.6699981689453,238.41000366210938,238.41000366210938,2787
2026-10-06 14:16:00,1791310560,IEX,238.48500061035156,238.63999938964844,238.48500061035156,238.60000610351562,1504
2026-10-06 14:17:00,1791310620,IEX,238.39999389648438,238.39999389648438,238.32000732421875,238.32000732421875,1106
2026-10-06 14:18:00,1791310680,IEX,238.19000244140625,238.19000244140625,238.19000244140625,238.19000244140625,213
2026-10-06 14:19:00,1791310740,IEX,238.1300048828125,238.1300048828125,238.08999633789062,238.08999633789062,595
2026-10-06 14:20:00,1791310800,IEX,238.0850067138672,238.0850067138672,238.0850067138672,238.0850067138672,585
2026-10-06 14:21:00,1791310860,IEX,238.08999633789062,238.08999633789062,238.08999633789062,238.08999633789062,679
2026-10-06 14:22:00,1791310920,IEX,237.96499633789062,237.96499633789062,237.96499633789062,237.96499633789062,269
2026-10-06 14:23:00,1791310980,IEX,237.89500427246094,237.97000122070312,237.88499450683594,237.94000244140625,1206
2026-10-06 14:24:00,1791311040,IEX,237.9600067138672,238.07000732421875,237.93499755859375,238.07000732421875,1681
2026-10-06 14:25:00,1791311100,IEX,238.17999267578125,238.1898956298828,238.16000366210938,238.1898956298828,2015
2026-10-06 14:26:00,1791311160,IEX,237.9550018310547,237.99000549316406,237.9550018310547,237.97250366210938,748
2026-10-06 14:28:00,1791311280,IEX,237.9250030517578,237.9250030517578,237.9250030517578,237.9250030517578,1106
2026-10-06 14:29:00,1791311340,IEX,237.75,237.75,237.63999938964844,237.63999938964844,1360
2026-10-06 14:31:00,1791311460,IEX,237.6199951171875,237.83999633789062,237.6199951171875,237.83999633789062,860
2026-10-06 14:32:00,1791311520,IEX,237.5500030517578,237.5500030517578,237.5500030517578,237.5500030517578,305
2026-10-06 14:33:00,1791311580,IEX,237.77999877929688,237.77999877929688,237.77999877929688,237.77999877929688,514
2026-10-06 14:34:00,1791311640,IEX,237.64500427246094,237.64500427246094,237.64500427246094,237.64500427246094,629
2026-10-06 14:35:00,1791311700,IEX,237.88999938964844,237.90249633789062,237.77999877929688,237.77999877929688,1031
2026-10-06 14:37:00,1791311820,IEX,237.9199981689453,237.9199981689453,237.9199981689453,237.9199981689453,416
2026-10-06 14:39:00,1791311940,IEX,237.77499389648438,237.77499389648438,237.77499389648438,237.77499389648438,430
2026-10-06 14:40:00,1791312000,IEX,237.73500061035156,237.73500061035156,237.73500061035156,237.73500061035156,483
2026-10-06 14:41:00,1791312060,IEX,237.72000122070312,237.98500061035156,237.72000122070312,237.98500061035156,1374
2026-10-06 14:42:00,1791312120,IEX,237.8800048828125,237.92999267578125,237.8800048828125,237.8800048828125,1342
2026-10-06 14:43:00,1791312180,IEX,237.89500427246094,237.89500427246094,237.88999938964844,237.88999938964844,558
2026-10-06 14:45:00,1791312300,IEX,237.99000549316406,237.99000549316406,237.99000549316406,237.99000549316406,935
2026-10-06 14:46:00,1791312360,IEX,238.0050048828125,238.0050048828125,238.0050048828125,238.0050048828125,365
2026-10-06 14:48:00,1791312480,IEX,238.01499938964844,238.01499938964844,238.01499938964844,238.01499938964844,211
2026-10-06 14:49:00,1791312540,IEX,238.05999755859375,238.16000366210938,238.05999755859375,238.16000366210938,1046
2026-10-06 14:50:00,1791312600,IEX,237.99000549316406,237.99000549316406,237.99000549316406,237.99000549316406,489
2026-10-06 14:51:00,1791312660,IEX,237.88999938964844,237.88999938964844,237.88999938964844,237.88999938964844,1243
2026-10-06 14:53:00,1791312780,IEX,237.8249969482422,237.8249969482422,237.6999969482422,237.6999969482422,2121
2026-10-06 14:55:00,1791312900,IEX,237.61000061035156,237.61000061035156,237.61000061035156,237.61000061035156,796
2026-10-06 14:58:00,1791313080,IEX,237.44000244140625,237.44000244140625,237.44000244140625,237.44000244140625,1251
2026-10-06 15:01:00,1791313260,IEX,237.6199951171875,237.6199951171875,237.6199951171875,237.6199951171875,718
2026-10-06 15:02:00,1791313320,IEX,237.6300048828125,237.6300048828125,237.6300048828125,237.6300048828125,1400
2026-10-06 15:06:00,1791313560,IEX,237.65499877929688,237.65499877929688,237.6199951171875,237.6199951171875,1353
2026-10-06 15:08:00,1791313680,IEX,237.66000366210938,237.80999755859375,237.5500030517578,237.57000732421875,2839
2026-10-06 15:09:00,1791313740,IEX,237.50999450683594,237.5800018310547,237.50999450683594,237.5749969482422,2997
2026-10-06 15:10:00,1791313800,IEX,237.6699981689453,237.6699981689453,237.6699981689453,237.6699981689453,588
2026-10-06 15:11:00,1791313860,IEX,237.5749969482422,237.5749969482422,237.48590087890625,237.48590087890625,325
2026-10-06 15:12:00,1791313920,IEX,237.4949951171875,237.5399932861328,237.44000244140625,237.5399932861328,2513
2026-10-06 15:13:00,1791313980,IEX,237.5225067138672,237.5225067138672,237.5225067138672,237.5225067138672,488
2026-10-06 15:14:00,1791314040,IEX,237.61000061035156,237.64500427246094,237.61000061035156,237.64500427246094,1375
2026-10-06 15:16:00,1791314160,IEX,237.625,237.63999938964844,237.625,237.63999938964844,375
2026-10-06 15:17:00,1791314220,IEX,237.625,237.75,237.5,237.5,7624
2026-10-06 15:18:00,1791314280,IEX,237.4550018310547,237.4550018310547,237.36000061035156,237.36000061035156,1713
2026-10-06 15:20:00,1791314400,IEX,237.4499969482422,237.4499969482422,237.44000244140625,237.44500732421875,929
2026-10-06 15:21:00,1791314460,IEX,237.4199981689453,237.4199981689453,237.4199981689453,237.4199981689453,335
2026-10-06 15:22:00,1791314520,IEX,237.4149932861328,237.4149932861328,237.4149932861328,237.4149932861328,494
2026-10-06 15:23:00,1791314580,IEX,237.3300018310547,237.3300018310547,237.25999450683594,237.25999450683594,1492
2026-10-06 15:24:00,1791314640,IEX,237.35000610351562,237.35000610351562,237.22000122070312,237.35000610351562,1388
2026-10-06 15:25:00,1791314700,IEX,237.30999755859375,237.30999755859375,237.30999755859375,237.30999755859375,1604
2026-10-06 15:26:00,1791314760,IEX,237.14999389648438,237.14999389648438,237.14999389648438,237.14999389648438,269
2026-10-06 15:27:00,1791314820,IEX,237.11500549316406,237.11500549316406,237.05999755859375,237.05999755859375,2231
2026-10-06 15:28:00,1791314880,IEX,236.97999572753906,236.97999572753906,236.97999572753906,236.97999572753906,477
2026-10-06 15:29:00,1791314940,IEX,236.99000549316406,237.0,236.99000549316406,237.0,893
2026-10-06 15:30:00,1791315000,IEX,237.11000061035156,237.11000061035156,236.88999938964844,236.99000549316406,1009
2026-10-06 15:31:00,1791315060,IEX,236.88999938964844,237.07000732421875,236.875,236.8800048828125,2512
2026-10-06 15:32:00,1791315120,IEX,236.77999877929688,236.77999877929688,236.77999877929688,236.77999877929688,352
2026-10-06 15:33:00,1791315180,IEX,236.77999877929688,236.77999877929688,236.77999877929688,236.77999877929688,974
2026-10-06 15:34:00,1791315240,IEX,236.77000427246094,236.88999938964844,236.77000427246094,236.77000427246094,1708
2026-10-06 15:35:00,1791315300,IEX,236.7899932861328,236.88999938964844,236.7899932861328,236.88499450683594,3146
2026-10-06 15:36:00,1791315360,IEX,236.88999938964844,236.88999938964844,236.82000732421875,236.88999938964844,1048
2026-10-06 15:37:00,1791315420,IEX,236.80999755859375,236.91000366210938,236.65499877929688,236.91000366210938,1430
2026-10-06 15:38:00,1791315480,IEX,236.72500610351562,236.8000030517578,236.6999969482422,236.8000030517578,1885
2026-10-06 15:39:00,1791315540,IEX,236.7100067138672,236.8699951171875,236.7100067138672,236.8699951171875,1748
2026-10-06 15:40:00,1791315600,IEX,236.88999938964844,236.89500427246094,236.88999938964844,236.89500427246094,1482
2026-10-06 15:41:00,1791315660,IEX,236.89500427246094,237.05999755859375,236.89500427246094,237.02999877929688,3341
2026-10-06 15:42:00,1791315720,IEX,236.94000244140625,236.94000244140625,236.5,236.63999938964844,12108
2026-10-06 15:43:00,1791315780,IEX,236.5850067138672,236.5850067138672,236.45750427246094,236.45750427246094,2658
2026-10-06 15:44:00,1791315840,IEX,236.5198974609375,236.5198974609375,236.41000366210938,236.4149932861328,5963
2026-10-06 15:45:00,1791315900,IEX,236.38499450683594,236.47999572753906,236.3000030517578,236.32000732421875,4016
2026-10-06 15:46:00,1791315960,IEX,236.30999755859375,236.38999938964844,236.25,236.25,1399
2026-10-06 15:47:00,1791316020,IEX,236.39999389648438,236.39999389648438,236.25,236.25999450683594,1316
2026-10-06 15:48:00,1791316080,IEX,236.26499938964844,236.4600067138672,236.26499938964844,236.4600067138672,2839
2026-10-06 15:49:00,1791316140,IEX,236.5500030517578,236.5500030517578,236.42999267578125,236.5500030517578,2168
2026-10-06 15:50:00,1791316200,IEX,236.32000732421875,236.5,236.0449981689453,236.49000549316406,3204
2026-10-06 15:51:00,1791316260,IEX,236.47000122070312,236.58999633789062,236.32000732421875,236.32000732421875,6371
2026-10-06 15:52:00,1791316320,IEX,236.4499969482422,236.4499969482422,236.2050018310547,236.2050018310547,976
2026-10-06 15:53:00,1791316380,IEX,236.2050018310547,236.25999450683594,236.2050018310547,236.2550048828125,3168
2026-10-06 15:54:00,1791316440,IEX,236.1300048828125,236.38999938964844,236.1199951171875,236.38999938964844,4928
2026-10-06 15:55:00,1791316500,IEX,236.30499267578125,236.47500610351562,236.1300048828125,236.47500610351562,8025
2026-10-06 15:56:00,1791316560,IEX,236.53500366210938,236.63999938964844,236.5050048828125,236.5050048828125,6724
2026-10-06 15:57:00,1791316620,IEX,236.52499389648438,236.55499267578125,236.41000366210938,236.55499267578125,9487
2026-10-06 15:58:00,1791316680,IEX,236.5500030517578,236.6199951171875,236.4199981689453,236.42999267578125,23048
2026-10-06 15:59:00,1791316740,IEX,236.43499755859375,236.47999572753906,236.25999450683594,236.32000732421875,14783
2026-10-06 16:00:00,1791316800,IEX,236.27999877929688,236.27999877929688,236.27999877929688,236.27999877929688,0
2026-10-07 09:30:00,1791379800,IEX,234.00999450683594,236.50999450683594,234.00999450683594,234.97000122070312,5517
2026-10-07 09:40:00,1791380400,IEX,234.99295043945312,234.99295043945312,234.99295043945312,234.99295043945312,510
2026-10-07 09:42:00,1791380520,IEX,235.08999633789062,235.08999633789062,235.08999633789062,235.08999633789062,231
2026-10-07 09:43:00,1791380580,IEX,235.40499877929688,235.40499877929688,235.40499877929688,235.40499877929688,1106
2026-10-07 09:44:00,1791380640,IEX,235.4199981689453,235.4199981689453,235.00999450683594,235.00999450683594,2374
2026-10-07 09:46:00,1791380760,IEX,235.0399932861328,235.27999877929688,235.0399932861328,235.27999877929688,730
2026-10-07 09:47:00,1791380820,IEX,235.0,235.00999450683594,235.0,235.00999450683594,836
2026-10-07 09:50:00,1791381000,IEX,235.05999755859375,235.49000549316406,234.97500610351562,235.25999450683594,5807
2026-10-07 09:51:00,1791381060,IEX,235.1750030517578,235.24000549316406,235.1750030517578,235.24000549316406,839
2026-10-07 09:52:00,1791381120,IEX,235.1750030517578,235.8300018310547,235.1750030517578,235.3350067138672,6912
2026-10-07 09:54:00,1791381240,IEX,235.3350067138672,235.3350067138672,235.3350067138672,235.3350067138672,240
2026-10-07 09:55:00,1791381300,IEX,235.3300018310547,235.3300018310547,235.3300018310547,235.3300018310547,731
2026-10-07 09:56:00,1791381360,IEX,235.36500549316406,235.36500549316406,235.16000366210938,235.16000366210938,664
2026-10-07 09:57:00,1791381420,IEX,235.22999572753906,235.22999572753906,235.22999572753906,235.22999572753906,1953
2026-10-07 09:58:00,1791381480,IEX,234.91000366210938,234.97000122070312,234.63999938964844,234.8350067138672,3777
2026-10-07 10:02:00,1791381720,IEX,234.07000732421875,234.07000732421875,234.07000732421875,234.07000732421875,935
2026-10-07 10:03:00,1791381780,IEX,234.05499267578125,234.05499267578125,234.05499267578125,234.05499267578125,1154
2026-10-07 10:06:00,1791381960,IEX,234.1300048828125,234.1300048828125,233.6999969482422,234.06500244140625,1154
2026-10-07 10:07:00,1791382020,IEX,234.1300048828125,234.1300048828125,234.10000610351562,234.10000610351562,606
2026-10-07 10:08:00,1791382080,IEX,233.6999969482422,233.90499877929688,233.55499267578125,233.55499267578125,1841
2026-10-07 10:09:00,1791382140,IEX,233.32000732421875,233.36000061035156,233.14999389648438,233.36000061035156,2926
2026-10-07 10:11:00,1791382260,IEX,233.39999389648438,233.39999389648438,233.39999389648438,233.39999389648438,573
2026-10-07 10:12:00,1791382320,IEX,233.55499267578125,233.55499267578125,233.55499267578125,233.55499267578125,353
2026-10-07 10:13:00,1791382380,IEX,233.53500366210938,233.86990356445312,233.43499755859375,233.43499755859375,1069
2026-10-07 10:16:00,1791382560,IEX,233.4199981689453,233.52000427246094,233.4199981689453,233.52000427246094,557
2026-10-07 10:17:00,1791382620,IEX,233.61000061035156,233.66000366210938,233.5399932861328,233.66000366210938,633
2026-10-07 10:19:00,1791382740,IEX,233.77000427246094,233.77000427246094,233.55999755859375,233.58999633789062,1958
2026-10-07 10:20:00,1791382800,IEX,233.6699981689453,233.6699981689453,233.64999389648438,233.64999389648438,1248
2026-10-07 10:21:00,1791382860,IEX,233.64999389648438,233.64999389648438,233.64999389648438,233.64999389648438,506
2026-10-07 10:22:00,1791382920,IEX,233.50999450683594,233.50999450683594,233.50999450683594,233.50999450683594,656
2026-10-07 10:23:00,1791382980,IEX,233.4600067138672,233.4600067138672,233.4600067138672,233.4600067138672,659
2026-10-07 10:27:00,1791383220,IEX,233.2899932861328,233.52000427246094,233.2899932861328,233.52000427246094,456
2026-10-07 10:28:00,1791383280,IEX,233.77000427246094,233.77000427246094,233.77000427246094,233.77000427246094,239
2026-10-07 10:29:00,1791383340,IEX,233.6699981689453,234.1199951171875,233.6699981689453,234.09249877929688,4304
2026-10-07 10:30:00,1791383400,IEX,234.0850067138672,234.0850067138672,234.0850067138672,234.0850067138672,361
2026-10-07 10:31:00,1791383460,IEX,234.0800018310547,234.0800018310547,234.0800018310547,234.0800018310547,164
2026-10-07 10:32:00,1791383520,IEX,234.0800018310547,234.0800018310547,234.0800018310547,234.0800018310547,703
2026-10-07 10:33:00,1791383580,IEX,233.9550018310547,233.9550018310547,233.9499969482422,233.9499969482422,2207
2026-10-07 10:34:00,1791383640,IEX,233.89999389648438,233.89999389648438,233.89999389648438,233.89999389648438,192
2026-10-07 10:35:00,1791383700,IEX,233.6300048828125,233.6699981689453,233.6300048828125,233.6699981689453,2146
2026-10-07 10:36:00,1791383760,IEX,233.77999877929688,233.77999877929688,233.7100067138672,233.7100067138672,843
2026-10-07 10:37:00,1791383820,IEX,233.6999969482422,233.71499633789062,233.55999755859375,233.71499633789062,792
2026-10-07 10:38:00,1791383880,IEX,233.71499633789062,233.72500610351562,233.71499633789062,233.72500610351562,405
2026-10-07 10:40:00,1791384000,IEX,233.83999633789062,233.94000244140625,233.7899932861328,233.8300018310547,2443
2026-10-07 10:42:00,1791384120,IEX,234.0,234.00999450683594,233.97999572753906,234.00999450683594,782
2026-10-07 10:43:00,1791384180,IEX,234.07000732421875,234.07000732421875,233.8524932861328,233.8524932861328,1444
2026-10-07 10:44:00,1791384240,IEX,233.63999938964844,233.64999389648438,233.4600067138672,233.4600067138672,1666
2026-10-07 10:45:00,1791384300,IEX,233.4600067138672,233.4600067138672,233.35499572753906,233.35499572753906,1141
2026-10-07 10:47:00,1791384420,IEX,233.38499450683594,233.38499450683594,233.38499450683594,233.38499450683594,564
2026-10-07 10:48:00,1791384480,IEX,233.40499877929688,233.40499877929688,233.40499877929688,233.40499877929688,742
2026-10-07 10:49:00,1791384540,IEX,233.39999389648438,233.39999389648438,232.92250061035156,232.92250061035156,6485
2026-10-07 10:50:00,1791384600,IEX,233.1199951171875,233.1300048828125,233.11000061035156,233.11000061035156,1133
2026-10-07 10:51:00,1791384660,IEX,233.1300048828125,233.1300048828125,232.89999389648438,233.0749969482422,3616
2026-10-07 10:52:00,1791384720,IEX,233.0749969482422,233.0749969482422,233.07000732421875,233.07000732421875,1073
2026-10-07 10:53:00,1791384780,IEX,233.07000732421875,233.27000427246094,233.06500244140625,233.27000427246094,2969
2026-10-07 10:55:00,1791384900,IEX,233.35000610351562,233.35000610351562,233.35000610351562,233.35000610351562,305
2026-10-07 10:56:00,1791384960,IEX,233.32000732421875,233.32000732421875,233.32000732421875,233.32000732421875,415
2026-10-07 10:57:00,1791385020,IEX,233.3249969482422,233.69000244140625,233.3249969482422,233.69000244140625,1571
2026-10-07 10:59:00,1791385140,IEX,233.69000244140625,233.69000244140625,233.69000244140625,233.69000244140625,241
2026-10-07 11:00:00,1791385200,IEX,233.69000244140625,233.69000244140625,233.69000244140625,233.69000244140625,230
2026-10-07 11:01:00,1791385260,IEX,233.36000061035156,233.36000061035156,233.31500244140625,233.31500244140625,1565
2026-10-07 11:03:00,1791385380,IEX,233.28500366210938,233.28500366210938,233.28500366210938,233.28500366210938,383
2026-10-07 11:04:00,1791385440,IEX,233.22000122070312,233.2449951171875,233.22000122070312,233.2449951171875,359
2026-10-07 11:05:00,1791385500,IEX,233.2449951171875,233.27999877929688,233.2449951171875,233.27999877929688,1279
2026-10-07 11:08:00,1791385680,IEX,233.42999267578125,233.49000549316406,233.42999267578125,233.4600067138672,1121
2026-10-07 11:09:00,1791385740,IEX,233.63999938964844,233.63999938964844,233.63999938964844,233.63999938964844,741
2026-10-07 11:11:00,1791385860,IEX,233.8000030517578,233.8000030517578,233.8000030517578,233.8000030517578,173
2026-10-07 11:12:00,1791385920,IEX,233.7899932861328,233.7899932861328,233.7899932861328,233.7899932861328,971
2026-10-07 11:13:00,1791385980,IEX,233.7899932861328,233.7899932861328,233.7899932861328,233.7899932861328,417
2026-10-07 11:14:00,1791386040,IEX,233.63999938964844,233.63999938964844,233.4499969482422,233.49000549316406,3137
2026-10-07 11:15:00,1791386100,IEX,233.41000366210938,233.41000366210938,233.41000366210938,233.41000366210938,266
2026-10-07 11:16:00,1791386160,IEX,233.1999969482422,233.1999969482422,232.97999572753906,232.97999572753906,4202
2026-10-07 11:17:00,1791386220,IEX,232.9600067138672,232.9600067138672,232.9600067138672,232.9600067138672,920
2026-10-07 11:18:00,1791386280,IEX,232.88999938964844,232.92999267578125,232.88999938964844,232.92999267578125,1433
2026-10-07 11:19:00,1791386340,IEX,233.0,233.33999633789062,232.90809631347656,233.33999633789062,2581
2026-10-07 11:20:00,1791386400,IEX,233.33999633789062,233.33999633789062,233.2899932861328,233.3300018310547,2942
2026-10-07 11:21:00,1791386460,IEX,233.92999267578125,233.92999267578125,233.92999267578125,233.92999267578125,574
2026-10-07 11:22:00,1791386520,IEX,233.47999572753906,233.47999572753906,233.47999572753906,233.47999572753906,474
2026-10-07 11:23:00,1791386580,IEX,233.6199951171875,233.6300048828125,233.61500549316406,233.6199951171875,1239
2026-10-07 11:24:00,1791386640,IEX,233.36000061035156,233.6300048828125,233.36000061035156,233.6300048828125,499
2026-10-07 11:25:00,1791386700,IEX,233.60000610351562,233.9600067138672,233.52000427246094,233.9600067138672,5564
2026-10-07 11:26:00,1791386760,IEX,233.92999267578125,233.92999267578125,233.80999755859375,233.80999755859375,1547
2026-10-07 11:27:00,1791386820,IEX,234.07000732421875,234.17999267578125,233.65249633789062,233.65249633789062,6324
2026-10-07 11:34:00,1791387240,IEX,233.6699981689453,233.6699981689453,233.3699951171875,233.4250030517578,2762
2026-10-07 11:36:00,1791387360,IEX,233.4199981689453,233.4199981689453,232.89999389648438,233.36500549316406,15657
2026-10-07 11:37:00,1791387420,IEX,233.32000732421875,233.36749267578125,233.01499938964844,233.01499938964844,4044
2026-10-07 11:38:00,1791387480,IEX,232.97999572753906,232.97999572753906,232.97999572753906,232.97999572753906,294
2026-10-07 11:39:00,1791387540,IEX,232.97000122070312,232.98500061035156,232.97000122070312,232.98500061035156,699
2026-10-07 11:41:00,1791387660,IEX,233.08999633789062,233.27000427246094,233.08999633789062,233.27000427246094,2065
2026-10-07 11:42:00,1791387720,IEX,233.27999877929688,233.27999877929688,233.27999877929688,233.27999877929688,590
2026-10-07 11:43:00,1791387780,IEX,233.35000610351562,233.35000610351562,233.33999633789062,233.33999633789062,474
2026-10-07 11:44:00,1791387840,IEX,233.30499267578125,233.30499267578125,233.30499267578125,233.30499267578125,533
2026-10-07 11:45:00,1791387900,IEX,233.21009826660156,233.3699951171875,233.1699981689453,233.1699981689453,1592
2026-10-07 11:46:00,1791387960,IEX,233.38999938964844,233.38999938964844,233.38999938964844,233.38999938964844,661
2026-10-07 11:47:00,1791388020,IEX,233.16000366210938,233.16000366210938,233.16000366210938,233.16000366210938,266
2026-10-07 11:48:00,1791388080,IEX,233.3300018310547,233.3300018310547,233.3300018310547,233.3300018310547,803
2026-10-07 11:49:00,1791388140,IEX,233.3800048828125,233.3800048828125,233.3800048828125,233.3800048828125,560
2026-10-07 11:50:00,1791388200,IEX,233.3800048828125,233.3800048828125,233.3800048828125,233.3800048828125,622
2026-10-07 11:52:00,1791388320,IEX,233.2449951171875,233.4199981689453,233.2449951171875,233.4199981689453,402
2026-10-07 11:53:00,1791388380,IEX,233.1977996826172,233.39999389648438,233.1977996826172,233.22999572753906,1685
2026-10-07 11:54:00,1791388440,IEX,233.41000366210938,233.41000366210938,233.41000366210938,233.41000366210938,315
2026-10-07 11:55:00,1791388500,IEX,233.47999572753906,233.47999572753906,233.44000244140625,233.4499969482422,1349
2026-10-07 11:57:00,1791388620,IEX,233.57000732421875,233.72000122070312,233.57000732421875,233.72000122070312,660
2026-10-07 11:58:00,1791388680,IEX,233.7100067138672,233.7100067138672,233.7100067138672,233.7100067138672,253
2026-10-07 11:59:00,1791388740,IEX,233.72000122070312,233.82000732421875,233.72000122070312,233.80999755859375,1396
2026-10-07 12:00:00,1791388800,IEX,233.83999633789062,233.83999633789062,233.83999633789062,233.83999633789062,959
2026-10-07 12:01:00,1791388860,IEX,234.11000061035156,234.11000061035156,233.72000122070312,233.72000122070312,5238
2026-10-07 12:02:00,1791388920,IEX,233.72000122070312,233.72000122070312,233.72000122070312,233.72000122070312,710
2026-10-07 12:04:00,1791389040,IEX,233.9282989501953,233.9282989501953,233.9282989501953,233.9282989501953,872
2026-10-07 12:05:00,1791389100,IEX,233.68499755859375,233.68499755859375,233.68499755859375,233.68499755859375,237
2026-10-07 12:06:00,1791389160,IEX,233.85000610351562,233.85000610351562,233.85000610351562,233.85000610351562,176
2026-10-07 12:07:00,1791389220,IEX,233.8300018310547,233.8300018310547,233.8300018310547,233.8300018310547,378
2026-10-07 12:08:00,1791389280,IEX,233.50999450683594,233.73500061035156,233.50999450683594,233.72999572753906,3111
2026-10-07 12:10:00,1791389400,IEX,233.7899932861328,233.7899932861328,233.7899932861328,233.7899932861328,347
2026-10-07 12:11:00,1791389460,IEX,233.85000610351562,233.85000610351562,233.8300018310547,233.8300018310547,1052
2026-10-07 12:12:00,1791389520,IEX,233.8249969482422,233.8249969482422,233.8249969482422,233.8249969482422,578
2026-10-07 12:13:00,1791389580,IEX,233.72000122070312,233.80499267578125,233.72000122070312,233.72000122070312,1252
2026-10-07 12:14:00,1791389640,IEX,233.77000427246094,233.77000427246094,233.77000427246094,233.77000427246094,319
2026-10-07 12:15:00,1791389700,IEX,233.77000427246094,233.77000427246094,233.77000427246094,233.77000427246094,432
2026-10-07 12:16:00,1791389760,IEX,233.89999389648438,233.89999389648438,233.8800048828125,233.8800048828125,452
2026-10-07 12:17:00,1791389820,IEX,233.9499969482422,233.9499969482422,233.9499969482422,233.9499969482422,392
2026-10-07 12:19:00,1791389940,IEX,233.81500244140625,233.82000732421875,233.78500366210938,233.78500366210938,1248
2026-10-07 12:21:00,1791390060,IEX,233.80499267578125,233.80499267578125,233.60499572753906,233.60499572753906,2500
2026-10-07 12:23:00,1791390180,IEX,233.47999572753906,233.47999572753906,233.47999572753906,233.47999572753906,466
2026-10-07 12:25:00,1791390300,IEX,233.38999938964844,233.38999938964844,233.36000061035156,233.36000061035156,1772
2026-10-07 12:29:00,1791390540,IEX,233.4499969482422,233.4499969482422,233.4499969482422,233.4499969482422,1152
2026-10-07 12:31:00,1791390660,IEX,233.60000610351562,233.6824951171875,233.5399932861328,233.64999389648438,1553
2026-10-07 12:32:00,1791390720,IEX,233.64500427246094,233.64500427246094,233.64500427246094,233.64500427246094,548
2026-10-07 12:34:00,1791390840,IEX,233.9199981689453,234.00999450683594,233.78500366210938,233.78500366210938,3328
2026-10-07 12:35:00,1791390900,IEX,233.78500366210938,233.78500366210938,233.78500366210938,233.78500366210938,1557
2026-10-07 12:36:00,1791390960,IEX,233.8300018310547,233.875,233.8300018310547,233.875,1542
2026-10-07 12:37:00,1791391020,IEX,233.73500061035156,233.73500061035156,233.73500061035156,233.73500061035156,140
2026-10-07 12:38:00,1791391080,IEX,233.73500061035156,233.73500061035156,233.56500244140625,233.56500244140625,2974
2026-10-07 12:40:00,1791391200,IEX,233.4499969482422,233.4499969482422,233.4499969482422,233.4499969482422,2570
2026-10-07 12:41:00,1791391260,IEX,233.3300018310547,233.3300018310547,233.3300018310547,233.3300018310547,675
2026-10-07 12:43:00,1791391380,IEX,233.35000610351562,233.35000610351562,233.35000610351562,233.35000610351562,379
2026-10-07 12:44:00,1791391440,IEX,233.3800048828125,233.46499633789062,233.3800048828125,233.46499633789062,3669
2026-10-07 12:46:00,1791391560,IEX,233.7899932861328,234.07000732421875,233.7899932861328,234.07000732421875,1525
2026-10-07 12:47:00,1791391620,IEX,233.82000732421875,233.82000732421875,233.82000732421875,233.82000732421875,781
2026-10-07 12:49:00,1791391740,IEX,233.77999877929688,233.77999877929688,233.77999877929688,233.77999877929688,1125
2026-10-07 12:50:00,1791391800,IEX,233.57000732421875,233.57000732421875,233.57000732421875,233.57000732421875,555
2026-10-07 12:51:00,1791391860,IEX,233.5500030517578,233.5500030517578,233.5500030517578,233.5500030517578,614
2026-10-07 12:52:00,1791391920,IEX,233.4250030517578,233.4250030517578,233.4250030517578,233.4250030517578,451
2026-10-07 12:53:00,1791391980,IEX,233.40499877929688,233.40499877929688,233.40499877929688,233.40499877929688,507
2026-10-07 12:55:00,1791392100,IEX,233.4600067138672,233.49000549316406,233.4600067138672,233.49000549316406,1332
2026-10-07 12:59:00,1791392340,IEX,233.63999938964844,233.72999572753906,233.63999938964844,233.72999572753906,1470
2026-10-07 13:01:00,1791392460,IEX,233.8300018310547,233.8300018310547,233.8300018310547,233.8300018310547,308
2026-10-07 13:02:00,1791392520,IEX,233.8699951171875,234.02499389648438,233.86000061035156,234.02499389648438,1572
2026-10-07 13:05:00,1791392700,IEX,234.02999877929688,234.02999877929688,234.02999877929688,234.02999877929688,182
2026-10-07 13:06:00,1791392760,IEX,234.0399932861328,234.0399932861328,234.0399932861328,234.0399932861328,411
2026-10-07 13:08:00,1791392880,IEX,233.7899932861328,234.07000732421875,233.7899932861328,234.07000732421875,604
2026-10-07 13:09:00,1791392940,IEX,234.07000732421875,234.08999633789062,234.07000732421875,234.08999633789062,1145
2026-10-07 13:10:00,1791393000,IEX,233.97999572753906,233.97999572753906,233.97999572753906,233.97999572753906,144
2026-10-07 13:11:00,1791393060,IEX,233.92999267578125,234.1199951171875,233.92999267578125,234.1199951171875,431
2026-10-07 13:13:00,1791393180,IEX,234.07000732421875,234.08999633789062,234.07000732421875,234.08999633789062,893
2026-10-07 13:15:00,1791393300,IEX,234.0399932861328,234.0399932861328,234.02200317382812,234.02200317382812,788
2026-10-07 13:16:00,1791393360,IEX,234.1300048828125,234.25999450683594,234.01010131835938,234.01010131835938,1242
2026-10-07 13:17:00,1791393420,IEX,234.13999938964844,234.22000122070312,234.13999938964844,234.13999938964844,3344
2026-10-07 13:18:00,1791393480,IEX,234.27000427246094,234.27999877929688,234.27000427246094,234.27999877929688,546
2026-10-07 13:19:00,1791393540,IEX,234.19000244140625,234.3699951171875,234.19000244140625,234.3699951171875,331
2026-10-07 13:20:00,1791393600,IEX,234.3699951171875,234.76499938964844,234.3699951171875,234.64999389648438,4969
2026-10-07 13:21:00,1791393660,IEX,234.63999938964844,234.8000030517578,234.6199951171875,234.8000030517578,1587
2026-10-07 13:22:00,1791393720,IEX,234.7899932861328,234.7899932861328,234.7899932861328,234.7899932861328,398
2026-10-07 13:23:00,1791393780,IEX,234.7899932861328,234.7899932861328,234.7899932861328,234.7899932861328,1789
2026-10-07 13:24:00,1791393840,IEX,235.0,235.15499877929688,234.99000549316406,235.0850067138672,8378
2026-10-07 13:25:00,1791393900,IEX,235.0850067138672,235.0850067138672,234.77000427246094,234.7899932861328,4754
2026-10-07 13:26:00,1791393960,IEX,234.6199951171875,234.6199951171875,234.6199951171875,234.6199951171875,228
2026-10-07 13:28:00,1791394080,IEX,234.60000610351562,234.60000610351562,234.60000610351562,234.60000610351562,1256
2026-10-07 13:29:00,1791394140,IEX,234.7100067138672,234.7100067138672,234.7100067138672,234.7100067138672,710
2026-10-07 13:30:00,1791394200,IEX,234.5399932861328,234.625,234.4199981689453,234.62249755859375,6326
2026-10-07 13:31:00,1791394260,IEX,234.61000061035156,234.61000061035156,234.61000061035156,234.61000061035156,515
2026-10-07 13:32:00,1791394320,IEX,234.61500549316406,234.61500549316406,234.59750366210938,234.60499572753906,2100
2026-10-07 13:33:00,1791394380,IEX,234.60499572753906,234.60499572753906,234.60499572753906,234.60499572753906,182
2026-10-07 13:34:00,1791394440,IEX,234.42999267578125,234.44000244140625,234.42999267578125,234.42999267578125,2148
2026-10-07 13:35:00,1791394500,IEX,234.39500427246094,234.39500427246094,234.39500427246094,234.39500427246094,193
2026-10-07 13:36:00,1791394560,IEX,234.4149932861328,234.4149932861328,234.4149932861328,234.4149932861328,370
2026-10-07 13:37:00,1791394620,IEX,234.42999267578125,234.44000244140625,234.42999267578125,234.44000244140625,682
2026-10-07 13:39:00,1791394740,IEX,234.25,234.39500427246094,234.25,234.39500427246094,2270
2026-10-07 13:40:00,1791394800,IEX,234.39500427246094,234.39500427246094,234.22000122070312,234.36000061035156,2353
2026-10-07 13:43:00,1791394980,IEX,234.44000244140625,234.44000244140625,234.44000244140625,234.44000244140625,380
2026-10-07 13:44:00,1791395040,IEX,234.2949981689453,234.2949981689453,234.2949981689453,234.2949981689453,440
2026-10-07 13:45:00,1791395100,IEX,234.42999267578125,234.5,234.42999267578125,234.5,653
2026-10-07 13:46:00,1791395160,IEX,234.39500427246094,234.39500427246094,234.39500427246094,234.39500427246094,134
2026-10-07 13:47:00,1791395220,IEX,234.42999267578125,234.46499633789062,234.42999267578125,234.4499969482422,1973
2026-10-07 13:48:00,1791395280,IEX,234.42999267578125,234.42999267578125,234.42999267578125,234.42999267578125,513
2026-10-07 13:49:00,1791395340,IEX,234.42999267578125,234.42999267578125,234.42999267578125,234.42999267578125,507
2026-10-07 13:51:00,1791395460,IEX,234.47000122070312,234.47000122070312,234.25999450683594,234.35499572753906,3830
2026-10-07 13:53:00,1791395580,IEX,234.4199981689453,234.5500030517578,234.4199981689453,234.5449981689453,2197
2026-10-07 13:54:00,1791395640,IEX,234.5449981689453,234.57000732421875,234.5449981689453,234.55499267578125,1887
2026-10-07 13:55:00,1791395700,IEX,234.55499267578125,234.55499267578125,234.47999572753906,234.52999877929688,1178
2026-10-07 13:56:00,1791395760,IEX,234.47000122070312,234.47000122070312,234.3249969482422,234.3249969482422,1884
2026-10-07 14:00:00,1791396000,IEX,234.42999267578125,234.42999267578125,234.42999267578125,234.42999267578125,433
2026-10-07 14:01:00,1791396060,IEX,234.35000610351562,234.44500732421875,234.35000610351562,234.35000610351562,568
2026-10-07 14:02:00,1791396120,IEX,234.42999267578125,234.52000427246094,234.42999267578125,234.4499969482422,3655
2026-10-07 14:04:00,1791396240,IEX,234.42999267578125,234.42999267578125,234.42999267578125,234.42999267578125,625
2026-10-07 14:05:00,1791396300,IEX,234.34500122070312,234.34500122070312,234.34500122070312,234.34500122070312,308
2026-10-07 14:06:00,1791396360,IEX,234.4199981689453,234.4199981689453,234.19000244140625,234.19000244140625,2647
2026-10-07 14:07:00,1791396420,IEX,234.13999938964844,234.13999938964844,234.13999938964844,234.13999938964844,712
2026-10-07 14:08:00,1791396480,IEX,234.11000061035156,234.11000061035156,234.11000061035156,234.11000061035156,363
2026-10-07 14:09:00,1791396540,IEX,234.11000061035156,234.22000122070312,233.99000549316406,234.22000122070312,2677
2026-10-07 14:10:00,1791396600,IEX,234.1999969482422,234.1999969482422,234.18499755859375,234.1999969482422,576
2026-10-07 14:12:00,1791396720,IEX,234.24000549316406,234.24000549316406,234.24000549316406,234.24000549316406,602
2026-10-07 14:13:00,1791396780,IEX,234.21499633789062,234.21499633789062,234.21499633789062,234.21499633789062,548
2026-10-07 14:14:00,1791396840,IEX,234.24000549316406,234.24000549316406,234.24000549316406,234.24000549316406,1298
2026-10-07 14:17:00,1791397020,IEX,234.22000122070312,234.22999572753906,234.22000122070312,234.22000122070312,1328
2026-10-07 14:18:00,1791397080,IEX,234.21499633789062,234.21499633789062,234.08999633789062,234.1750030517578,1638
2026-10-07 14:19:00,1791397140,IEX,234.2100067138672,234.22500610351562,234.08999633789062,234.18499755859375,2081
2026-10-07 14:20:00,1791397200,IEX,234.1300048828125,234.18499755859375,234.1300048828125,234.18499755859375,932
2026-10-07 14:21:00,1791397260,IEX,234.18499755859375,234.1875,234.14500427246094,234.14500427246094,2595
2026-10-07 14:22:00,1791397320,IEX,234.14500427246094,234.14500427246094,234.10000610351562,234.10000610351562,1764
2026-10-07 14:23:00,1791397380,IEX,234.14500427246094,234.19500732421875,234.1199951171875,234.1925048828125,1959
2026-10-07 14:24:00,1791397440,IEX,234.08999633789062,234.08999633789062,234.08999633789062,234.08999633789062,292
2026-10-07 14:25:00,1791397500,IEX,234.11000061035156,234.11000061035156,234.10000610351562,234.10000610351562,680
2026-10-07 14:26:00,1791397560,IEX,234.05999755859375,234.05999755859375,234.05999755859375,234.05999755859375,617
2026-10-07 14:27:00,1791397620,IEX,234.06500244140625,234.09500122070312,234.06500244140625,234.09500122070312,1100
2026-10-07 14:28:00,1791397680,IEX,234.08999633789062,234.17999267578125,234.08999633789062,234.17999267578125,1619
2026-10-07 14:29:00,1791397740,IEX,234.1699981689453,234.1699981689453,234.08999633789062,234.08999633789062,859
2026-10-07 14:30:00,1791397800,IEX,234.08999633789062,234.09500122070312,234.08999633789062,234.09500122070312,437
2026-10-07 14:31:00,1791397860,IEX,234.08999633789062,234.1999969482422,234.08999633789062,234.1999969482422,1708
2026-10-07 14:32:00,1791397920,IEX,234.38999938964844,234.38999938964844,234.19749450683594,234.19749450683594,1831
2026-10-07 14:33:00,1791397980,IEX,234.09500122070312,234.09500122070312,233.96600341796875,233.96600341796875,1014
2026-10-07 14:34:00,1791398040,IEX,234.0850067138672,234.0850067138672,233.8800048828125,233.88009643554688,2687
2026-10-07 14:35:00,1791398100,IEX,234.00999450683594,234.00999450683594,234.00999450683594,234.00999450683594,489
2026-10-07 14:36:00,1791398160,IEX,233.93499755859375,234.1199951171875,233.93499755859375,234.1199951171875,2185
2026-10-07 14:38:00,1791398280,IEX,234.05250549316406,234.05250549316406,234.05250549316406,234.05250549316406,232
2026-10-07 14:39:00,1791398340,IEX,234.02749633789062,234.02749633789062,234.02749633789062,234.02749633789062,221
2026-10-07 14:40:00,1791398400,IEX,234.0124969482422,234.0124969482422,234.0124969482422,234.0124969482422,729
2026-10-07 14:41:00,1791398460,IEX,233.99249267578125,234.01499938964844,233.99000549316406,233.99000549316406,508
2026-10-07 14:42:00,1791398520,IEX,233.98500061035156,233.98500061035156,233.98500061035156,233.98500061035156,925
2026-10-07 14:44:00,1791398640,IEX,233.96499633789062,233.96499633789062,233.96499633789062,233.96499633789062,290
2026-10-07 14:45:00,1791398700,IEX,233.96499633789062,233.96499633789062,233.96499633789062,233.96499633789062,715
2026-10-07 14:46:00,1791398760,IEX,234.0050048828125,234.0050048828125,234.0050048828125,234.0050048828125,615
2026-10-07 14:47:00,1791398820,IEX,233.9600067138672,233.9600067138672,233.8000030517578,233.80999755859375,1885
2026-10-07 14:48:00,1791398880,IEX,233.77999877929688,233.77999877929688,233.77999877929688,233.77999877929688,958
2026-10-07 14:50:00,1791399000,IEX,233.8800048828125,233.8800048828125,233.8800048828125,233.8800048828125,488
2026-10-07 14:51:00,1791399060,IEX,233.8300018310547,233.8300018310547,233.80999755859375,233.8125,1596
2026-10-07 14:53:00,1791399180,IEX,233.81500244140625,233.81500244140625,233.81500244140625,233.81500244140625,239
2026-10-07 14:54:00,1791399240,IEX,233.8125,233.8125,233.8000030517578,233.8000030517578,954
2026-10-07 14:56:00,1791399360,IEX,233.8000030517578,233.89999389648438,233.8000030517578,233.84500122070312,1859
2026-10-07 14:57:00,1791399420,IEX,233.83999633789062,233.83999633789062,233.83999633789062,233.83999633789062,706
2026-10-07 14:58:00,1791399480,IEX,233.83999633789062,233.83999633789062,233.8350067138672,233.8350067138672,2035
2026-10-07 15:01:00,1791399660,IEX,233.83999633789062,233.83999633789062,233.83999633789062,233.83999633789062,330
2026-10-07 15:02:00,1791399720,IEX,233.9499969482422,234.11000061035156,233.94000244140625,234.0,6208
2026-10-07 15:03:00,1791399780,IEX,234.11599731445312,234.1999969482422,234.11599731445312,234.1999969482422,1436
2026-10-07 15:04:00,1791399840,IEX,234.10000610351562,234.19000244140625,234.10000610351562,234.19000244140625,2202
2026-10-07 15:05:00,1791399900,IEX,234.1999969482422,234.1999969482422,234.1999969482422,234.1999969482422,1077
2026-10-07 15:08:00,1791400080,IEX,234.22000122070312,234.22000122070312,234.22000122070312,234.22000122070312,237
2026-10-07 15:09:00,1791400140,IEX,234.16000366210938,234.16000366210938,234.16000366210938,234.16000366210938,1168
2026-10-07 15:12:00,1791400320,IEX,234.3000030517578,234.30999755859375,234.3000030517578,234.30999755859375,1308
2026-10-07 15:13:00,1791400380,IEX,234.30999755859375,234.30999755859375,234.30999755859375,234.30999755859375,260
2026-10-07 15:14:00,1791400440,IEX,234.22500610351562,234.22500610351562,234.22500610351562,234.22500610351562,682
2026-10-07 15:15:00,1791400500,IEX,234.13999938964844,234.22999572753906,234.0,234.0,4029
2026-10-07 15:16:00,1791400560,IEX,234.0500030517578,234.0800018310547,233.99000549316406,234.03500366210938,1633
2026-10-07 15:17:00,1791400620,IEX,233.92999267578125,234.18499755859375,233.92999267578125,234.18499755859375,897
2026-10-07 15:18:00,1791400680,IEX,234.18499755859375,234.18499755859375,234.0850067138672,234.10000610351562,2331
2026-10-07 15:19:00,1791400740,IEX,234.0,234.0500030517578,234.0,234.0,1075
2026-10-07 15:20:00,1791400800,IEX,234.10000610351562,234.10000610351562,234.0,234.0,1395
2026-10-07 15:21:00,1791400860,IEX,233.98500061035156,233.98500061035156,233.89999389648438,233.89999389648438,3415
2026-10-07 15:22:00,1791400920,IEX,233.89999389648438,233.89999389648438,233.89999389648438,233.89999389648438,658
2026-10-07 15:23:00,1791400980,IEX,233.89500427246094,233.89500427246094,233.89500427246094,233.89500427246094,1246
2026-10-07 15:25:00,1791401100,IEX,233.9199981689453,233.9199981689453,233.9199981689453,233.9199981689453,478
2026-10-07 15:26:00,1791401160,IEX,233.9199981689453,233.9199981689453,233.9199981689453,233.9199981689453,671
2026-10-07 15:27:00,1791401220,IEX,234.0399932861328,234.0500030517578,234.0399932861328,234.0500030517578,1416
2026-10-07 15:28:00,1791401280,IEX,233.9949951171875,233.9949951171875,233.9949951171875,233.9949951171875,618
2026-10-07 15:29:00,1791401340,IEX,233.97500610351562,234.1699981689453,233.97500610351562,234.12249755859375,4975
2026-10-07 15:30:00,1791401400,IEX,234.1199951171875,234.125,234.1199951171875,234.125,2346
2026-10-07 15:31:00,1791401460,IEX,234.1024932861328,234.1024932861328,233.90499877929688,233.90499877929688,3170
2026-10-07 15:32:00,1791401520,IEX,233.91000366210938,234.02000427246094,233.7899932861328,233.7899932861328,1868
2026-10-07 15:33:00,1791401580,IEX,233.88499450683594,233.90499877929688,233.8300018310547,233.8300018310547,1869
2026-10-07 15:34:00,1791401640,IEX,233.83999633789062,233.97000122070312,233.8300018310547,233.89999389648438,3584
2026-10-07 15:36:00,1791401760,IEX,233.97999572753906,233.97999572753906,233.97999572753906,233.97999572753906,650
2026-10-07 15:37:00,1791401820,IEX,233.97999572753906,233.99000549316406,233.7550048828125,233.7550048828125,4218
2026-10-07 15:38:00,1791401880,IEX,233.7550048828125,233.77000427246094,233.69000244140625,233.69500732421875,4318
2026-10-07 15:39:00,1791401940,IEX,233.60000610351562,233.69000244140625,233.60000610351562,233.69000244140625,1432
2026-10-07 15:40:00,1791402000,IEX,233.67999267578125,233.67999267578125,233.47999572753906,233.47999572753906,3224
2026-10-07 15:42:00,1791402120,IEX,233.47500610351562,233.47500610351562,233.47000122070312,233.47000122070312,1513
2026-10-07 15:43:00,1791402180,IEX,233.5800018310547,233.60000610351562,233.42999267578125,233.42999267578125,3892
2026-10-07 15:44:00,1791402240,IEX,233.375,233.375,233.375,233.375,103
2026-10-07 15:45:00,1791402300,IEX,233.375,233.41250610351562,233.375,233.375,1651
2026-10-07 15:46:00,1791402360,IEX,233.375,233.375,233.1750030517578,233.1750030517578,2679
2026-10-07 15:47:00,1791402420,IEX,233.18499755859375,233.3800048828125,233.18499755859375,233.3800048828125,5292
2026-10-07 15:48:00,1791402480,IEX,233.375,233.375,233.18499755859375,233.18499755859375,4053
2026-10-07 15:49:00,1791402540,IEX,233.3000030517578,233.3000030517578,233.22000122070312,233.22999572753906,1576
2026-10-07 15:50:00,1791402600,IEX,233.3699951171875,233.64999389648438,233.22999572753906,233.64999389648438,4108
2026-10-07 15:51:00,1791402660,IEX,233.4600067138672,233.72999572753906,233.25999450683594,233.27499389648438,6531
2026-10-07 15:52:00,1791402720,IEX,233.25,233.25,233.1199951171875,233.1199951171875,2853
2026-10-07 15:53:00,1791402780,IEX,233.1300048828125,233.2100067138672,232.97000122070312,232.97000122070312,2614
2026-10-07 15:54:00,1791402840,IEX,233.05499267578125,233.1999969482422,232.99000549316406,233.0399932861328,2510
2026-10-07 15:55:00,1791402900,IEX,233.0399932861328,233.42999267578125,233.02499389648438,233.3000030517578,7178
2026-10-07 15:56:00,1791402960,IEX,233.3000030517578,233.50999450683594,233.0500030517578,233.10000610351562,10609
2026-10-07 15:57:00,1791403020,IEX,233.10000610351562,233.10000610351562,232.94000244140625,232.96499633789062,9406
2026-10-07 15:58:00,1791403080,IEX,232.97000122070312,233.02999877929688,232.8350067138672,232.8350067138672,15547
2026-10-07 15:59:00,1791403140,IEX,232.82000732421875,233.14999389648438,232.82000732421875,232.9199981689453,24843
2026-10-07 16:00:00,1791403200,IEX,232.91000366210938,232.91000366210938,232.91000366210938,232.91000366210938,0
2026-10-08 09:30:00,1791466200,IEX,232.05999755859375,233.80999755859375,231.94000244140625,231.94000244140625,3330
2026-10-08 09:31:00,1791466260,IEX,231.0,232.0399932861328,231.0,231.5399932861328,1665
2026-10-08 09:32:00,1791466320,IEX,232.11500549316406,232.11500549316406,232.11500549316406,232.11500549316406,497
2026-10-08 09:33:00,1791466380,IEX,231.88999938964844,231.88999938964844,231.75999450683594,231.75999450683594,1250
2026-10-08 09:36:00,1791466560,IEX,231.14999389648438,231.14999389648438,230.86000061035156,230.86000061035156,594
2026-10-08 09:37:00,1791466620,IEX,230.4550018310547,230.4550018310547,230.4550018310547,230.4550018310547,249
2026-10-08 09:38:00,1791466680,IEX,230.4949951171875,230.4949951171875,230.4949951171875,230.4949951171875,333
2026-10-08 09:39:00,1791466740,IEX,230.4949951171875,230.61000061035156,230.4949951171875,230.61000061035156,206
2026-10-08 09:40:00,1791466800,IEX,230.7865447998047,230.7865447998047,230.55999755859375,230.55999755859375,763
2026-10-08 09:41:00,1791466860,IEX,230.55999755859375,230.55999755859375,230.55999755859375,230.55999755859375,174
2026-10-08 09:42:00,1791466920,IEX,230.5449981689453,230.93499755859375,230.5449981689453,230.75999450683594,1809
2026-10-08 09:44:00,1791467040,IEX,230.38999938964844,230.38999938964844,230.38999938964844,230.38999938964844,324
2026-10-08 09:45:00,1791467100,IEX,230.2449951171875,230.5,230.2449951171875,230.5,1238
2026-10-08 09:47:00,1791467220,IEX,229.9550018310547,229.9550018310547,229.9550018310547,229.9550018310547,529
2026-10-08 09:49:00,1791467340,IEX,230.13999938964844,230.13999938964844,230.05999755859375,230.05999755859375,1025
2026-10-08 09:50:00,1791467400,IEX,230.36000061035156,230.36000061035156,230.36000061035156,230.36000061035156,1152
2026-10-08 09:51:00,1791467460,IEX,230.3699951171875,230.7100067138672,230.3699951171875,230.4600067138672,1063
2026-10-08 09:52:00,1791467520,IEX,230.7100067138672,230.7100067138672,230.7100067138672,230.7100067138672,1036
2026-10-08 09:54:00,1791467640,IEX,230.86000061035156,231.0,230.86000061035156,231.0,2380
2026-10-08 09:55:00,1791467700,IEX,231.14999389648438,231.16000366210938,231.0050048828125,231.05499267578125,3080
2026-10-08 09:56:00,1791467760,IEX,231.13999938964844,231.24000549316406,231.13999938964844,231.13999938964844,1363
2026-10-08 09:57:00,1791467820,IEX,231.24920654296875,231.24920654296875,230.77999877929688,230.97500610351562,10842
2026-10-08 09:59:00,1791467940,IEX,230.55999755859375,230.55999755859375,230.1699981689453,230.5399932861328,7555
2026-10-08 10:00:00,1791468000,IEX,230.81500244140625,230.81500244140625,230.81500244140625,230.81500244140625,8693
2026-10-08 10:01:00,1791468060,IEX,230.77999877929688,230.8800048828125,230.77999877929688,230.8699951171875,1111
2026-10-08 10:02:00,1791468120,IEX,230.875,230.88250732421875,230.875,230.8800048828125,3390
2026-10-08 10:03:00,1791468180,IEX,230.88499450683594,231.18499755859375,230.86000061035156,230.86000061035156,4792
2026-10-08 10:04:00,1791468240,IEX,230.86000061035156,231.3800048828125,230.86000061035156,231.30499267578125,7224
2026-10-08 10:05:00,1791468300,IEX,231.3000030517578,231.3000030517578,231.16000366210938,231.3000030517578,6621
2026-10-08 10:06:00,1791468360,IEX,231.3000030517578,231.3000030517578,231.3000030517578,231.3000030517578,117
2026-10-08 10:07:00,1791468420,IEX,231.2899932861328,231.2899932861328,231.2899932861328,231.2899932861328,360
2026-10-08 10:08:00,1791468480,IEX,230.97999572753906,230.97999572753906,230.97999572753906,230.97999572753906,1423
2026-10-08 10:09:00,1791468540,IEX,230.77000427246094,230.77499389648438,230.77000427246094,230.77000427246094,10691
2026-10-08 10:10:00,1791468600,IEX,230.77000427246094,230.77000427246094,230.77000427246094,230.77000427246094,694
2026-10-08 10:11:00,1791468660,IEX,230.39999389648438,230.39999389648438,230.2050018310547,230.23500061035156,2552
2026-10-08 10:12:00,1791468720,IEX,230.23500061035156,230.47999572753906,230.15499877929688,230.22500610351562,2136
2026-10-08 10:14:00,1791468840,IEX,230.63999938964844,230.63999938964844,230.63999938964844,230.63999938964844,423
2026-10-08 10:15:00,1791468900,IEX,229.88999938964844,229.88999938964844,229.88999938964844,229.88999938964844,739
2026-10-08 10:16:00,1791468960,IEX,229.7899932861328,229.7899932861328,229.7899932861328,229.7899932861328,183
2026-10-08 10:17:00,1791469020,IEX,229.97500610351562,229.97500610351562,229.36700439453125,229.36700439453125,1372
2026-10-08 10:18:00,1791469080,IEX,229.9499969482422,229.97999572753906,229.9499969482422,229.97999572753906,344
2026-10-08 10:19:00,1791469140,IEX,230.00999450683594,230.00999450683594,230.00999450683594,230.00999450683594,314
2026-10-08 10:20:00,1791469200,IEX,230.0,230.0,229.92999267578125,229.92999267578125,1496
2026-10-08 10:21:00,1791469260,IEX,229.69009399414062,229.69009399414062,229.69009399414062,229.69009399414062,486
2026-10-08 10:22:00,1791469320,IEX,229.64500427246094,229.64500427246094,229.5800018310547,229.5800018310547,1444
2026-10-08 10:23:00,1791469380,IEX,229.42999267578125,229.42999267578125,229.13499450683594,229.17750549316406,1539
2026-10-08 10:24:00,1791469440,IEX,229.10000610351562,229.13999938964844,228.9199981689453,228.9199981689453,1563
2026-10-08 10:25:00,1791469500,IEX,229.1300048828125,229.52999877929688,229.1300048828125,229.14999389648438,451
2026-10-08 10:26:00,1791469560,IEX,229.2100067138672,229.2100067138672,229.1999969482422,229.2050018310547,1282
2026-10-08 10:27:00,1791469620,IEX,229.22500610351562,229.22500610351562,228.94000244140625,229.125,7628
2026-10-08 10:28:00,1791469680,IEX,229.16000366210938,229.1649932861328,229.16000366210938,229.1649932861328,619
2026-10-08 10:29:00,1791469740,IEX,229.41000366210938,229.55999755859375,229.3800048828125,229.42999267578125,3029
2026-10-08 10:30:00,1791469800,IEX,229.4499969482422,229.4499969482422,229.4499969482422,229.4499969482422,799
2026-10-08 10:32:00,1791469920,IEX,229.5500030517578,229.5500030517578,229.5500030517578,229.5500030517578,288
2026-10-08 10:33:00,1791469980,IEX,229.8249969482422,229.8249969482422,229.6300048828125,229.6300048828125,2588
2026-10-08 10:36:00,1791470160,IEX,229.2949981689453,229.2949981689453,229.29249572753906,229.2949981689453,331
2026-10-08 10:37:00,1791470220,IEX,229.4199981689453,229.52999877929688,229.4199981689453,229.52999877929688,1776
2026-10-08 10:41:00,1791470460,IEX,229.67999267578125,229.67999267578125,229.67999267578125,229.67999267578125,541
2026-10-08 10:43:00,1791470580,IEX,229.64999389648438,229.64999389648438,229.64999389648438,229.64999389648438,496
2026-10-08 10:45:00,1791470700,IEX,229.7050018310547,229.7050018310547,229.7050018310547,229.7050018310547,211
2026-10-08 10:46:00,1791470760,IEX,229.47500610351562,229.74000549316406,229.4499969482422,229.74000549316406,2125
2026-10-08 10:47:00,1791470820,IEX,229.6699981689453,229.74000549316406,229.6699981689453,229.6750030517578,1701
2026-10-08 10:50:00,1791471000,IEX,229.80999755859375,229.85499572753906,229.75999450683594,229.77999877929688,4821
2026-10-08 10:51:00,1791471060,IEX,229.82000732421875,229.8249969482422,229.82000732421875,229.82000732421875,1027
2026-10-08 10:52:00,1791471120,IEX,229.60000610351562,229.60000610351562,229.60000610351562,229.60000610351562,1534
2026-10-08 10:53:00,1791471180,IEX,229.59500122070312,229.59500122070312,229.59500122070312,229.59500122070312,667
2026-10-08 10:55:00,1791471300,IEX,229.36000061035156,229.38499450683594,229.36000061035156,229.38499450683594,1322
2026-10-08 10:57:00,1791471420,IEX,229.38499450683594,229.38499450683594,229.38499450683594,229.38499450683594,951
2026-10-08 10:59:00,1791471540,IEX,229.39500427246094,229.42999267578125,229.39500427246094,229.39500427246094,8467
2026-10-08 11:02:00,1791471720,IEX,229.1699981689453,229.1699981689453,229.13999938964844,229.13999938964844,1180
2026-10-08 11:03:00,1791471780,IEX,229.47000122070312,229.47000122070312,229.47000122070312,229.47000122070312,701
2026-10-08 11:05:00,1791471900,IEX,229.1750030517578,229.3800048828125,229.1750030517578,229.3800048828125,464
2026-10-08 11:06:00,1791471960,IEX,229.16000366210938,229.25999450683594,229.16000366210938,229.25999450683594,474
2026-10-08 11:07:00,1791472020,IEX,229.1699981689453,229.1699981689453,229.1699981689453,229.1699981689453,466
2026-10-08 11:10:00,1791472200,IEX,229.16000366210938,229.25,229.16000366210938,229.25,2000
2026-10-08 11:11:00,1791472260,IEX,229.3000030517578,229.32000732421875,229.3000030517578,229.32000732421875,942
2026-10-08 11:13:00,1791472380,IEX,229.2100067138672,229.2100067138672,229.2100067138672,229.2100067138672,236
2026-10-08 11:14:00,1791472440,IEX,229.1199951171875,229.1300048828125,229.11000061035156,229.1300048828125,2473
2026-10-08 11:15:00,1791472500,IEX,229.14999389648438,229.29989624023438,229.14999389648438,229.18299865722656,3110
2026-10-08 11:16:00,1791472560,IEX,229.18499755859375,229.18499755859375,229.0500030517578,229.1024932861328,536
2026-10-08 11:17:00,1791472620,IEX,229.0,229.0,229.0,229.0,348
2026-10-08 11:18:00,1791472680,IEX,229.17999267578125,229.17999267578125,229.17999267578125,229.17999267578125,863
2026-10-08 11:21:00,1791472860,IEX,229.11000061035156,229.11000061035156,229.02999877929688,229.02999877929688,827
2026-10-08 11:22:00,1791472920,IEX,229.16000366210938,229.1999969482422,229.16000366210938,229.16000366210938,878
2026-10-08 11:23:00,1791472980,IEX,229.25,229.25,229.25,229.25,634
2026-10-08 11:25:00,1791473100,IEX,229.18499755859375,229.18499755859375,229.18499755859375,229.18499755859375,969
2026-10-08 11:27:00,1791473220,IEX,229.1699981689453,229.375,229.1699981689453,229.36500549316406,2154
2026-10-08 11:28:00,1791473280,IEX,229.39500427246094,229.52999877929688,229.32000732421875,229.52000427246094,5324
2026-10-08 11:29:00,1791473340,IEX,229.52499389648438,229.72999572753906,229.52499389648438,229.72999572753906,3001
2026-10-08 11:30:00,1791473400,IEX,229.86000061035156,229.86000061035156,229.86000061035156,229.86000061035156,721
2026-10-08 11:32:00,1791473520,IEX,229.74000549316406,229.7725067138672,229.72999572753906,229.7725067138672,1424
2026-10-08 11:34:00,1791473640,IEX,229.47999572753906,229.47999572753906,229.47999572753906,229.47999572753906,698
2026-10-08 11:35:00,1791473700,IEX,229.5500030517578,229.5500030517578,229.5500030517578,229.5500030517578,547
2026-10-08 11:37:00,1791473820,IEX,229.6699981689453,229.75999450683594,229.6699981689453,229.69500732421875,909
2026-10-08 11:38:00,1791473880,IEX,229.7899932861328,229.8699951171875,229.7899932861328,229.8699951171875,948
2026-10-08 11:39:00,1791473940,IEX,229.67999267578125,229.67999267578125,229.67999267578125,229.67999267578125,193
2026-10-08 11:40:00,1791474000,IEX,229.77000427246094,229.92999267578125,229.77000427246094,229.92999267578125,508
2026-10-08 11:41:00,1791474060,IEX,230.00999450683594,230.0500030517578,230.00999450683594,230.0500030517578,908
2026-10-08 11:44:00,1791474240,IEX,230.0800018310547,230.0800018310547,230.0800018310547,230.0800018310547,271
2026-10-08 11:45:00,1791474300,IEX,230.1199951171875,230.1199951171875,230.1199951171875,230.1199951171875,493
2026-10-08 11:47:00,1791474420,IEX,230.02999877929688,230.03500366210938,230.02999877929688,230.03500366210938,943
2026-10-08 11:48:00,1791474480,IEX,229.9199981689453,229.9199981689453,229.71499633789062,229.71499633789062,1613
2026-10-08 11:50:00,1791474600,IEX,229.86000061035156,230.30999755859375,229.86000061035156,230.2550048828125,5406
2026-10-08 11:51:00,1791474660,IEX,230.3000030517578,230.3000030517578,230.3000030517578,230.3000030517578,688
2026-10-08 11:54:00,1791474840,IEX,230.3800048828125,230.3800048828125,230.13290405273438,230.13290405273438,2853
2026-10-08 11:55:00,1791474900,IEX,230.30499267578125,230.5,230.3000030517578,230.32000732421875,10837
2026-10-08 11:56:00,1791474960,IEX,230.4199981689453,230.63999938964844,230.3000030517578,230.63499450683594,6955
2026-10-08 11:57:00,1791475020,IEX,230.63999938964844,230.64500427246094,230.63999938964844,230.64500427246094,912
2026-10-08 11:58:00,1791475080,IEX,230.63999938964844,230.63999938964844,230.6199951171875,230.6199951171875,565
2026-10-08 11:59:00,1791475140,IEX,230.5399932861328,230.64999389648438,230.5399932861328,230.64999389648438,698
2026-10-08 12:00:00,1791475200,IEX,230.47999572753906,230.60000610351562,230.4499969482422,230.60000610351562,1299
2026-10-08 12:01:00,1791475260,IEX,230.5800018310547,230.6999969482422,230.50999450683594,230.67999267578125,4609
2026-10-08 12:02:00,1791475320,IEX,230.69000244140625,230.6999969482422,230.5,230.5,3273
2026-10-08 12:09:00,1791475740,IEX,230.7100067138672,230.74000549316406,230.63999938964844,230.72000122070312,10088
2026-10-08 12:10:00,1791475800,IEX,230.64500427246094,230.88999938964844,230.64500427246094,230.80499267578125,4113
2026-10-08 12:12:00,1791475920,IEX,230.8000030517578,230.8000030517578,230.7100067138672,230.7949981689453,1093
2026-10-08 12:13:00,1791475980,IEX,230.6999969482422,230.76499938964844,230.65499877929688,230.76499938964844,1407
2026-10-08 12:14:00,1791476040,IEX,230.61000061035156,230.61000061035156,230.61000061035156,230.61000061035156,387
2026-10-08 12:17:00,1791476220,IEX,230.74000549316406,232.0500030517578,230.7100067138672,231.68499755859375,21257
2026-10-08 12:18:00,1791476280,IEX,231.2899932861328,231.5,231.00999450683594,231.125,4091
2026-10-08 12:19:00,1791476340,IEX,230.875,230.875,230.875,230.875,218
2026-10-08 12:20:00,1791476400,IEX,230.75999450683594,230.75999450683594,230.6999969482422,230.6999969482422,583
2026-10-08 12:21:00,1791476460,IEX,230.8000030517578,230.88499450683594,230.8000030517578,230.88499450683594,1579
2026-10-08 12:23:00,1791476580,IEX,230.6699981689453,230.80999755859375,230.25,230.33999633789062,21425
2026-10-08 12:24:00,1791476640,IEX,230.36000061035156,230.3699951171875,230.36000061035156,230.3699951171875,690
2026-10-08 12:25:00,1791476700,IEX,230.3125,230.38499450683594,230.3125,230.38499450683594,1079
2026-10-08 12:26:00,1791476760,IEX,230.31500244140625,230.35000610351562,230.31500244140625,230.35000610351562,428
2026-10-08 12:27:00,1791476820,IEX,230.16000366210938,230.16000366210938,230.15499877929688,230.15499877929688,1248
2026-10-08 12:29:00,1791476940,IEX,230.27000427246094,230.27999877929688,230.27000427246094,230.27999877929688,586
2026-10-08 12:30:00,1791477000,IEX,230.32000732421875,230.32000732421875,230.32000732421875,230.32000732421875,982
2026-10-08 12:31:00,1791477060,IEX,230.3800048828125,230.3800048828125,230.3800048828125,230.3800048828125,156
2026-10-08 12:32:00,1791477120,IEX,230.4499969482422,230.61000061035156,230.4499969482422,230.58999633789062,1088
2026-10-08 12:33:00,1791477180,IEX,230.60499572753906,230.6199951171875,230.60499572753906,230.6199951171875,521
2026-10-08 12:34:00,1791477240,IEX,230.5399932861328,230.5399932861328,230.5,230.5,1551
2026-10-08 12:37:00,1791477420,IEX,230.35000610351562,230.35000610351562,230.35000610351562,230.35000610351562,1116
2026-10-08 12:40:00,1791477600,IEX,230.27000427246094,230.50999450683594,230.27000427246094,230.50999450683594,2219
2026-10-08 12:42:00,1791477720,IEX,230.47500610351562,230.47500610351562,230.47000122070312,230.47000122070312,561
2026-10-08 12:44:00,1791477840,IEX,230.47500610351562,230.47500610351562,230.47500610351562,230.47500610351562,733
2026-10-08 12:46:00,1791477960,IEX,230.27999877929688,230.27999877929688,230.27999877929688,230.27999877929688,198
2026-10-08 12:47:00,1791478020,IEX,230.27999877929688,230.27999877929688,230.27999877929688,230.27999877929688,1056
2026-10-08 12:48:00,1791478080,IEX,230.19000244140625,230.1999969482422,230.19000244140625,230.1999969482422,687
2026-10-08 12:49:00,1791478140,IEX,230.1999969482422,230.1999969482422,230.1999969482422,230.1999969482422,3011
2026-10-08 12:51:00,1791478260,IEX,230.1750030517578,230.1750030517578,230.1750030517578,230.1750030517578,805
2026-10-08 12:52:00,1791478320,IEX,230.31500244140625,230.31500244140625,230.1300048828125,230.1300048828125,1886
2026-10-08 12:53:00,1791478380,IEX,229.97000122070312,229.97000122070312,229.7949981689453,229.7949981689453,1455
2026-10-08 12:54:00,1791478440,IEX,229.80499267578125,230.16000366210938,229.80499267578125,230.06500244140625,1634
2026-10-08 12:55:00,1791478500,IEX,230.16000366210938,230.1699981689453,230.13999938964844,230.1699981689453,1728
2026-10-08 12:58:00,1791478680,IEX,229.99000549316406,229.99000549316406,229.8350067138672,229.8350067138672,1272
2026-10-08 13:00:00,1791478800,IEX,229.80499267578125,229.80499267578125,229.80499267578125,229.80499267578125,1651
2026-10-08 13:01:00,1791478860,IEX,229.60000610351562,229.60000610351562,229.60000610351562,229.60000610351562,973
2026-10-08 13:03:00,1791478980,IEX,229.49000549316406,229.49000549316406,229.27999877929688,229.27999877929688,752
2026-10-08 13:04:00,1791479040,IEX,229.2100067138672,229.22000122070312,229.2050018310547,229.2050018310547,789
2026-10-08 13:05:00,1791479100,IEX,229.11500549316406,229.11500549316406,229.11500549316406,229.11500549316406,248
2026-10-08 13:06:00,1791479160,IEX,228.9600067138672,229.25999450683594,228.9600067138672,229.25999450683594,2360
2026-10-08 13:07:00,1791479220,IEX,229.44000244140625,229.52000427246094,229.44000244140625,229.52000427246094,846
2026-10-08 13:08:00,1791479280,IEX,229.67999267578125,229.67999267578125,229.67999267578125,229.67999267578125,572
2026-10-08 13:09:00,1791479340,IEX,229.71249389648438,229.9499969482422,229.71249389648438,229.9499969482422,683
2026-10-08 13:10:00,1791479400,IEX,230.0500030517578,230.0500030517578,230.0500030517578,230.0500030517578,894
2026-10-08 13:11:00,1791479460,IEX,230.14999389648438,230.14999389648438,230.14999389648438,230.14999389648438,1171
2026-10-08 13:14:00,1791479640,IEX,230.00999450683594,230.00999450683594,230.00999450683594,230.00999450683594,846
2026-10-08 13:15:00,1791479700,IEX,230.0800018310547,230.0800018310547,230.0800018310547,230.0800018310547,166
2026-10-08 13:16:00,1791479760,IEX,230.0800018310547,230.0800018310547,229.77000427246094,229.77000427246094,1766
2026-10-08 13:17:00,1791479820,IEX,229.6649932861328,229.6649932861328,229.6649932861328,229.6649932861328,449
2026-10-08 13:18:00,1791479880,IEX,229.8699951171875,230.14999389648438,229.8699951171875,230.14999389648438,750
2026-10-08 13:19:00,1791479940,IEX,230.14999389648438,230.16000366210938,230.0399932861328,230.0399932861328,724
2026-10-08 13:20:00,1791480000,IEX,230.05999755859375,230.05999755859375,230.05999755859375,230.05999755859375,2137
2026-10-08 13:26:00,1791480360,IEX,230.10000610351562,230.10000610351562,230.0800018310547,230.0800018310547,2871
2026-10-08 13:30:00,1791480600,IEX,230.35000610351562,230.57000732421875,230.35000610351562,230.5124969482422,3397
2026-10-08 13:32:00,1791480720,IEX,230.60000610351562,230.6649932861328,230.4949951171875,230.4949951171875,13812
2026-10-08 13:33:00,1791480780,IEX,230.52499389648438,230.5749969482422,230.5,230.5749969482422,1819
2026-10-08 13:34:00,1791480840,IEX,230.5749969482422,230.75999450683594,230.5749969482422,230.67999267578125,3690
2026-10-08 13:36:00,1791480960,IEX,230.52000427246094,230.60499572753906,230.52000427246094,230.60499572753906,3103
2026-10-08 13:37:00,1791481020,IEX,230.38999938964844,230.38999938964844,230.3300018310547,230.3300018310547,2106
2026-10-08 13:39:00,1791481140,IEX,230.44000244140625,230.66749572753906,230.44000244140625,230.65750122070312,5919
2026-10-08 13:40:00,1791481200,IEX,230.6649932861328,230.6649932861328,230.5800018310547,230.59500122070312,2535
2026-10-08 13:41:00,1791481260,IEX,230.6649932861328,230.8699951171875,230.6649932861328,230.8699951171875,5679
2026-10-08 13:42:00,1791481320,IEX,231.25,231.25,231.25,231.25,1398
2026-10-08 13:45:00,1791481500,IEX,231.22999572753906,231.22999572753906,231.14999389648438,231.14999389648438,1320
2026-10-08 13:46:00,1791481560,IEX,231.16000366210938,231.1750030517578,231.14999389648438,231.14999389648438,1277
2026-10-08 13:47:00,1791481620,IEX,231.1699981689453,231.32000732421875,231.1699981689453,231.32000732421875,2317
2026-10-08 13:48:00,1791481680,IEX,231.19000244140625,231.19000244140625,231.16000366210938,231.1699981689453,2098
2026-10-08 13:49:00,1791481740,IEX,231.0399932861328,231.0399932861328,231.01499938964844,231.01499938964844,523
2026-10-08 13:50:00,1791481800,IEX,230.97000122070312,230.97000122070312,230.9499969482422,230.9499969482422,907
2026-10-08 13:52:00,1791481920,IEX,231.21499633789062,231.21499633789062,231.21499633789062,231.21499633789062,166
2026-10-08 13:53:00,1791481980,IEX,231.14999389648438,231.4600067138672,231.0800018310547,231.4600067138672,17159
2026-10-08 13:54:00,1791482040,IEX,231.39999389648438,231.75,231.375,231.75,1356
2026-10-08 13:55:00,1791482100,IEX,231.64500427246094,231.64500427246094,231.64500427246094,231.64500427246094,552
2026-10-08 13:56:00,1791482160,IEX,231.80999755859375,231.80999755859375,231.3699951171875,231.3699951171875,2020
2026-10-08 13:57:00,1791482220,IEX,231.19000244140625,231.19000244140625,231.19000244140625,231.19000244140625,1591
2026-10-08 14:04:00,1791482640,IEX,230.7449951171875,230.9949951171875,230.7449951171875,230.9949951171875,2390
2026-10-08 14:10:00,1791483000,IEX,230.97000122070312,231.1300048828125,230.97000122070312,231.1300048828125,1191
2026-10-08 14:14:00,1791483240,IEX,231.2899932861328,231.35000610351562,231.2899932861328,231.35000610351562,843
2026-10-08 14:16:00,1791483360,IEX,231.42999267578125,231.42999267578125,231.42999267578125,231.42999267578125,1050
2026-10-08 14:17:00,1791483420,IEX,231.5399932861328,231.5399932861328,231.38999938964844,231.4499969482422,8107
2026-10-08 14:18:00,1791483480,IEX,231.42999267578125,231.60000610351562,231.19000244140625,231.19000244140625,3354
2026-10-08 14:19:00,1791483540,IEX,231.19500732421875,231.27999877929688,231.19500732421875,231.27999877929688,1595
2026-10-08 14:21:00,1791483660,IEX,231.1199951171875,231.19000244140625,231.08999633789062,231.1199951171875,2392
2026-10-08 14:22:00,1791483720,IEX,231.00999450683594,231.02000427246094,231.0,231.02000427246094,2455
2026-10-08 14:24:00,1791483840,IEX,231.3699951171875,231.47000122070312,231.3300018310547,231.47000122070312,2887
2026-10-08 14:25:00,1791483900,IEX,231.4199981689453,231.4199981689453,231.4199981689453,231.4199981689453,815
2026-10-08 14:26:00,1791483960,IEX,231.39999389648438,231.39999389648438,231.2899932861328,231.2899932861328,2467
2026-10-08 14:27:00,1791484020,IEX,231.1999969482422,231.1999969482422,231.1999969482422,231.1999969482422,627
2026-10-08 14:29:00,1791484140,IEX,231.19000244140625,231.19000244140625,231.19000244140625,231.19000244140625,614
2026-10-08 14:30:00,1791484200,IEX,231.10000610351562,231.10000610351562,230.88999938964844,230.88999938964844,1391
2026-10-08 14:32:00,1791484320,IEX,230.88499450683594,230.88499450683594,230.86500549316406,230.86500549316406,961
2026-10-08 14:33:00,1791484380,IEX,230.875,231.07000732421875,230.875,231.07000732421875,1147
2026-10-08 14:34:00,1791484440,IEX,231.0800018310547,231.1199951171875,231.0800018310547,231.1199951171875,1576
2026-10-08 14:37:00,1791484620,IEX,231.35000610351562,231.35000610351562,231.35000610351562,231.35000610351562,821
2026-10-08 14:39:00,1791484740,IEX,231.14999389648438,231.14999389648438,231.14999389648438,231.14999389648438,1115
2026-10-08 14:42:00,1791484920,IEX,231.21800231933594,231.21800231933594,231.21800231933594,231.21800231933594,1559
2026-10-08 14:46:00,1791485160,IEX,231.2100067138672,231.2100067138672,231.2100067138672,231.2100067138672,688
2026-10-08 14:47:00,1791485220,IEX,231.08999633789062,231.08999633789062,231.02000427246094,231.02000427246094,1700
2026-10-08 14:48:00,1791485280,IEX,231.0500030517578,231.0500030517578,231.0500030517578,231.0500030517578,1094
2026-10-08 14:52:00,1791485520,IEX,231.0850067138672,231.0850067138672,231.0850067138672,231.0850067138672,339
2026-10-08 14:53:00,1791485580,IEX,231.1074981689453,231.1074981689453,231.1074981689453,231.1074981689453,470
2026-10-08 14:54:00,1791485640,IEX,231.22000122070312,231.25,231.22000122070312,231.25,1917
2026-10-08 14:55:00,1791485700,IEX,231.33250427246094,231.3350067138672,231.33250427246094,231.3350067138672,712
2026-10-08 14:57:00,1791485820,IEX,231.2100067138672,231.2100067138672,231.16000366210938,231.16000366210938,5992
2026-10-08 14:58:00,1791485880,IEX,230.91000366210938,230.91000366210938,230.91000366210938,230.91000366210938,1236
2026-10-08 15:00:00,1791486000,IEX,230.7100067138672,230.7100067138672,230.7100067138672,230.7100067138672,721
2026-10-08 15:01:00,1791486060,IEX,230.72000122070312,230.77999877929688,230.61000061035156,230.61000061035156,754
2026-10-08 15:02:00,1791486120,IEX,230.67999267578125,230.69000244140625,230.67999267578125,230.69000244140625,1483
2026-10-08 15:03:00,1791486180,IEX,230.60000610351562,230.60000610351562,230.60000610351562,230.60000610351562,725
2026-10-08 15:05:00,1791486300,IEX,230.75999450683594,230.75999450683594,230.75999450683594,230.75999450683594,1565
2026-10-08 15:08:00,1791486480,IEX,230.8800048828125,231.1199951171875,230.8800048828125,231.1199951171875,1218
2026-10-08 15:10:00,1791486600,IEX,231.24000549316406,231.24000549316406,231.24000549316406,231.24000549316406,533
2026-10-08 15:11:00,1791486660,IEX,231.08999633789062,231.08999633789062,231.08999633789062,231.08999633789062,873
2026-10-08 15:13:00,1791486780,IEX,231.12249755859375,231.12249755859375,231.12249755859375,231.12249755859375,431
2026-10-08 15:14:00,1791486840,IEX,231.1750030517578,231.1750030517578,231.16000366210938,231.16000366210938,1241
2026-10-08 15:15:00,1791486900,IEX,231.02000427246094,231.0449981689453,231.02000427246094,231.0449981689453,1513
2026-10-08 15:16:00,1791486960,IEX,231.17999267578125,231.17999267578125,231.17999267578125,231.17999267578125,721
2026-10-08 15:17:00,1791487020,IEX,231.2899932861328,231.3249969482422,231.25999450683594,231.3249969482422,2710
2026-10-08 15:20:00,1791487200,IEX,231.22000122070312,231.22000122070312,231.2050018310547,231.2050018310547,1780
2026-10-08 15:21:00,1791487260,IEX,231.25,231.3000030517578,231.25,231.3000030517578,776
2026-10-08 15:22:00,1791487320,IEX,231.30499267578125,231.36000061035156,231.3000030517578,231.3000030517578,1699
2026-10-08 15:24:00,1791487440,IEX,231.1999969482422,231.1999969482422,231.17999267578125,231.17999267578125,1863
2026-10-08 15:25:00,1791487500,IEX,231.08999633789062,231.08999633789062,230.96800231933594,231.0800018310547,556
2026-10-08 15:26:00,1791487560,IEX,231.11500549316406,231.11500549316406,231.09500122070312,231.09500122070312,1517
2026-10-08 15:28:00,1791487680,IEX,231.08999633789062,231.08999633789062,231.05999755859375,231.07000732421875,1629
2026-10-08 15:29:00,1791487740,IEX,231.06500244140625,231.17999267578125,231.06500244140625,231.17999267578125,1184
2026-10-08 15:30:00,1791487800,IEX,231.05999755859375,231.27000427246094,231.05999755859375,231.27000427246094,1759
2026-10-08 15:31:00,1791487860,IEX,231.27000427246094,231.27000427246094,231.125,231.125,952
2026-10-08 15:32:00,1791487920,IEX,230.99000549316406,230.99000549316406,230.86000061035156,230.86000061035156,2115
2026-10-08 15:33:00,1791487980,IEX,231.02499389648438,231.02499389648438,230.86000061035156,230.8699951171875,1678
2026-10-08 15:35:00,1791488100,IEX,230.76400756835938,230.76400756835938,230.76400756835938,230.76400756835938,100
2026-10-08 15:36:00,1791488160,IEX,230.86000061035156,230.86000061035156,230.6999969482422,230.6999969482422,1633
2026-10-08 15:37:00,1791488220,IEX,230.76499938964844,230.8800048828125,230.76499938964844,230.80999755859375,3668
2026-10-08 15:38:00,1791488280,IEX,230.97500610351562,230.97500610351562,230.97500610351562,230.97500610351562,589
2026-10-08 15:39:00,1791488340,IEX,230.97500610351562,231.0500030517578,230.97500610351562,231.0500030517578,3092
2026-10-08 15:42:00,1791488520,IEX,231.0500030517578,231.0500030517578,230.79100036621094,230.79100036621094,1962
2026-10-08 15:43:00,1791488580,IEX,230.7689971923828,230.82000732421875,230.7689971923828,230.7949981689453,1193
2026-10-08 15:44:00,1791488640,IEX,230.75,230.75,230.63499450683594,230.67999267578125,3286
2026-10-08 15:45:00,1791488700,IEX,230.75999450683594,231.0,230.75,230.97999572753906,3374
2026-10-08 15:46:00,1791488760,IEX,230.89999389648438,230.89999389648438,230.89999389648438,230.89999389648438,138
2026-10-08 15:47:00,1791488820,IEX,230.88999938964844,230.88999938964844,230.88999938964844,230.88999938964844,1923
2026-10-08 15:48:00,1791488880,IEX,230.85000610351562,230.93499755859375,230.85000610351562,230.93499755859375,1608
2026-10-08 15:49:00,1791488940,IEX,230.9550018310547,231.10000610351562,230.9550018310547,231.10000610351562,2250
2026-10-08 15:50:00,1791489000,IEX,231.16000366210938,231.36500549316406,231.0749969482422,231.36500549316406,3584
2026-10-08 15:51:00,1791489060,IEX,231.375,231.375,231.16000366210938,231.16000366210938,3234
2026-10-08 15:52:00,1791489120,IEX,231.08999633789062,231.08999633789062,231.05999755859375,231.05999755859375,1044
2026-10-08 15:53:00,1791489180,IEX,230.97000122070312,230.97000122070312,230.9199981689453,230.97000122070312,2336
2026-10-08 15:54:00,1791489240,IEX,231.00999450683594,231.1199951171875,231.00999450683594,231.1199951171875,1660
2026-10-08 15:55:00,1791489300,IEX,231.1199951171875,231.35000610351562,231.0500030517578,231.27000427246094,11034
2026-10-08 15:56:00,1791489360,IEX,231.25999450683594,231.6999969482422,231.14999389648438,231.39999389648438,23213
2026-10-08 15:57:00,1791489420,IEX,231.38999938964844,231.66000366210938,231.27499389648438,231.64999389648438,15601
2026-10-08 15:58:00,1791489480,IEX,231.64999389648438,231.81500244140625,231.64999389648438,231.8000030517578,16387
2026-10-08 15:59:00,1791489540,IEX,231.8000030517578,231.85000610351562,231.5,231.69000244140625,35616
2026-10-08 16:00:00,1791489600,IEX,231.75,231.75,231.75,231.75,0
2026-10-09 09:30:00,1791552600,IEX,233.30999755859375,233.30999755859375,233.30999755859375,233.30999755859375,0
2026-10-09 09:33:00,1791552780,IEX,232.0823974609375,232.0823974609375,232.0823974609375,232.0823974609375,349
2026-10-09 09:34:00,1791552840,IEX,232.60499572753906,232.60499572753906,232.60499572753906,232.60499572753906,128
2026-10-09 09:35:00,1791552900,IEX,232.6074981689453,233.35000610351562,232.30499267578125,233.35000610351562,5989
2026-10-09 09:36:00,1791552960,IEX,233.41000366210938,233.85240173339844,233.10000610351562,233.10000610351562,1507
2026-10-09 09:37:00,1791553020,IEX,233.36500549316406,233.36500549316406,233.36500549316406,233.36500549316406,523
2026-10-09 09:38:00,1791553080,IEX,233.5,233.5,233.36500549316406,233.36500549316406,611
2026-10-09 09:39:00,1791553140,IEX,233.36500549316406,233.36500549316406,233.10000610351562,233.10000610351562,613
2026-10-09 09:40:00,1791553200,IEX,233.0500030517578,233.0500030517578,233.0500030517578,233.0500030517578,279
2026-10-09 09:41:00,1791553260,IEX,233.1300048828125,233.47250366210938,233.1300048828125,233.36000061035156,2815
2026-10-09 09:42:00,1791553320,IEX,233.33999633789062,233.33999633789062,233.05999755859375,233.05999755859375,849
2026-10-09 09:43:00,1791553380,IEX,233.02999877929688,233.30499267578125,233.02999877929688,233.30499267578125,887
2026-10-09 09:44:00,1791553440,IEX,233.30499267578125,233.30499267578125,232.99000549316406,232.99000549316406,955
2026-10-09 09:45:00,1791553500,IEX,232.8000030517578,232.8000030517578,232.8000030517578,232.8000030517578,230
2026-10-09 09:46:00,1791553560,IEX,232.72000122070312,232.72000122070312,232.72000122070312,232.72000122070312,320
2026-10-09 09:47:00,1791553620,IEX,232.66000366210938,232.72000122070312,232.66000366210938,232.72000122070312,637
2026-10-09 09:48:00,1791553680,IEX,232.6199951171875,232.6199951171875,232.6199951171875,232.6199951171875,893
2026-10-09 09:49:00,1791553740,IEX,233.24000549316406,233.24000549316406,233.0500030517578,233.09500122070312,2375
2026-10-09 09:50:00,1791553800,IEX,233.27999877929688,233.27999877929688,233.1199951171875,233.16000366210938,1334
2026-10-09 09:51:00,1791553860,IEX,233.1649932861328,233.25,233.0800018310547,233.1649932861328,10367
2026-10-09 09:52:00,1791553920,IEX,233.1649932861328,233.25999450683594,233.10000610351562,233.11000061035156,9924
2026-10-09 09:53:00,1791553980,IEX,233.3800048828125,233.3800048828125,233.3800048828125,233.3800048828125,1313
2026-10-09 09:56:00,1791554160,IEX,233.57000732421875,233.57000732421875,233.57000732421875,233.57000732421875,426
2026-10-09 09:58:00,1791554280,IEX,233.77999877929688,233.77999877929688,233.77999877929688,233.77999877929688,817
2026-10-09 09:59:00,1791554340,IEX,233.77499389648438,233.83999633789062,233.77499389648438,233.77499389648438,5195
2026-10-09 10:00:00,1791554400,IEX,233.8800048828125,234.56500244140625,233.77499389648438,234.56500244140625,11726
2026-10-09 10:01:00,1791554460,IEX,234.6999969482422,234.6999969482422,234.6999969482422,234.6999969482422,306
2026-10-09 10:02:00,1791554520,IEX,234.58999633789062,234.80999755859375,234.5800018310547,234.75,1873
2026-10-09 10:03:00,1791554580,IEX,234.17999267578125,234.17999267578125,234.17999267578125,234.17999267578125,868
2026-10-09 10:04:00,1791554640,IEX,234.17999267578125,234.17999267578125,234.17999267578125,234.17999267578125,598
2026-10-09 10:05:00,1791554700,IEX,234.375,234.375,234.375,234.375,428
2026-10-09 10:06:00,1791554760,IEX,234.53500366210938,234.53500366210938,234.53500366210938,234.53500366210938,100
2026-10-09 10:07:00,1791554820,IEX,234.39500427246094,234.6300048828125,234.39500427246094,234.40499877929688,1688
2026-10-09 10:08:00,1791554880,IEX,234.3699951171875,234.3699951171875,234.10000610351562,234.10000610351562,746
2026-10-09 10:09:00,1791554940,IEX,234.11000061035156,234.11000061035156,233.93499755859375,233.93499755859375,1362
2026-10-09 10:11:00,1791555060,IEX,234.0050048828125,234.0050048828125,234.0050048828125,234.0050048828125,681
2026-10-09 10:13:00,1791555180,IEX,233.97999572753906,233.97999572753906,233.97999572753906,233.97999572753906,677
2026-10-09 10:15:00,1791555300,IEX,233.67999267578125,233.67999267578125,233.67999267578125,233.67999267578125,592
2026-10-09 10:18:00,1791555480,IEX,233.63999938964844,233.63999938964844,233.4600067138672,233.4600067138672,989
2026-10-09 10:19:00,1791555540,IEX,233.39999389648438,233.39999389648438,233.39999389648438,233.39999389648438,840
2026-10-09 10:20:00,1791555600,IEX,233.36500549316406,233.36500549316406,233.36500549316406,233.36500549316406,592
2026-10-09 10:22:00,1791555720,IEX,233.49000549316406,233.60000610351562,233.49000549316406,233.60000610351562,752
2026-10-09 10:24:00,1791555840,IEX,233.80999755859375,233.80999755859375,233.80999755859375,233.80999755859375,687
2026-10-09 10:26:00,1791555960,IEX,233.7449951171875,233.7449951171875,233.7449951171875,233.7449951171875,495
2026-10-09 10:28:00,1791556080,IEX,233.33999633789062,233.33999633789062,233.07000732421875,233.07000732421875,1520
2026-10-09 10:29:00,1791556140,IEX,233.05999755859375,233.05999755859375,233.05999755859375,233.05999755859375,430
2026-10-09 10:31:00,1791556260,IEX,233.0574951171875,233.11000061035156,232.9499969482422,233.02000427246094,1948
2026-10-09 10:37:00,1791556620,IEX,233.08999633789062,233.08999633789062,233.08999633789062,233.08999633789062,197
2026-10-09 10:38:00,1791556680,IEX,232.9949951171875,233.2100067138672,232.9949951171875,233.2100067138672,983
2026-10-09 10:39:00,1791556740,IEX,232.8632049560547,232.8632049560547,232.8632049560547,232.8632049560547,1397
2026-10-09 10:42:00,1791556920,IEX,233.2899932861328,233.2899932861328,233.2899932861328,233.2899932861328,347
2026-10-09 10:43:00,1791556980,IEX,233.28500366210938,233.28500366210938,233.28500366210938,233.28500366210938,150
2026-10-09 10:44:00,1791557040,IEX,233.28500366210938,233.28500366210938,233.28500366210938,233.28500366210938,863
2026-10-09 10:46:00,1791557160,IEX,233.47000122070312,233.92999267578125,233.47000122070312,233.9250030517578,1486
2026-10-09 10:47:00,1791557220,IEX,234.19000244140625,234.55499267578125,234.19000244140625,234.55499267578125,6014
2026-10-09 10:48:00,1791557280,IEX,234.42999267578125,234.42999267578125,234.4199981689453,234.4199981689453,2839
2026-10-09 10:49:00,1791557340,IEX,234.4550018310547,234.66000366210938,234.2899932861328,234.3300018310547,6200
2026-10-09 10:50:00,1791557400,IEX,234.2899932861328,234.2899932861328,234.2899932861328,234.2899932861328,394
2026-10-09 10:51:00,1791557460,IEX,234.22999572753906,234.5850067138672,234.22999572753906,234.3300018310547,3710
2026-10-09 10:53:00,1791557580,IEX,234.34500122070312,234.5,234.34500122070312,234.4600067138672,958
2026-10-09 10:54:00,1791557640,IEX,234.1199951171875,234.1199951171875,234.1199951171875,234.1199951171875,611
2026-10-09 10:55:00,1791557700,IEX,234.07000732421875,234.125,234.07000732421875,234.125,2039
2026-10-09 11:00:00,1791558000,IEX,234.14999389648438,234.14999389648438,234.02000427246094,234.02000427246094,2436
2026-10-09 11:02:00,1791558120,IEX,234.2050018310547,234.2050018310547,234.1199951171875,234.14999389648438,3149
2026-10-09 11:03:00,1791558180,IEX,234.2100067138672,234.44000244140625,234.2100067138672,234.2100067138672,1793
2026-10-09 11:04:00,1791558240,IEX,234.27000427246094,234.27000427246094,234.27000427246094,234.27000427246094,557
2026-10-09 11:05:00,1791558300,IEX,234.0399932861328,234.0399932861328,233.99000549316406,234.0,1488
2026-10-09 11:06:00,1791558360,IEX,234.1199951171875,234.13499450683594,234.1199951171875,234.13499450683594,1388
2026-10-09 11:10:00,1791558600,IEX,234.30999755859375,234.6199951171875,234.1199951171875,234.6199951171875,2657
2026-10-09 11:12:00,1791558720,IEX,234.5449981689453,234.88999938964844,234.5449981689453,234.78500366210938,5354
2026-10-09 11:13:00,1791558780,IEX,234.7899932861328,234.7899932861328,234.7899932861328,234.7899932861328,426
2026-10-09 11:14:00,1791558840,IEX,234.7899932861328,234.91000366210938,234.7899932861328,234.89999389648438,4033
2026-10-09 11:15:00,1791558900,IEX,235.0,235.11000061035156,234.97000122070312,235.11000061035156,912
2026-10-09 11:16:00,1791558960,IEX,234.9600067138672,234.97250366210938,234.94000244140625,234.9600067138672,2137
2026-10-09 11:18:00,1791559080,IEX,234.7899932861328,234.7899932861328,234.7449951171875,234.7449951171875,656
2026-10-09 11:19:00,1791559140,IEX,234.7949981689453,234.7949981689453,234.7949981689453,234.7949981689453,476
2026-10-09 11:20:00,1791559200,IEX,234.74000549316406,234.74000549316406,234.74000549316406,234.74000549316406,951
2026-10-09 11:23:00,1791559380,IEX,234.69000244140625,234.69000244140625,234.69000244140625,234.69000244140625,641
2026-10-09 11:24:00,1791559440,IEX,234.52999877929688,234.67250061035156,234.52999877929688,234.67250061035156,1025
2026-10-09 11:27:00,1791559620,IEX,234.61500549316406,234.61500549316406,234.61500549316406,234.61500549316406,525
2026-10-09 11:29:00,1791559740,IEX,234.77000427246094,234.77000427246094,234.77000427246094,234.77000427246094,264
2026-10-09 11:30:00,1791559800,IEX,234.74000549316406,234.74000549316406,234.74000549316406,234.74000549316406,277
2026-10-09 11:31:00,1791559860,IEX,234.7449951171875,234.7449951171875,234.61000061035156,234.61000061035156,1269
2026-10-09 11:35:00,1791560100,IEX,234.55999755859375,234.63999938964844,234.49000549316406,234.63999938964844,703
2026-10-09 11:36:00,1791560160,IEX,234.5,234.55999755859375,234.5,234.55999755859375,1666
2026-10-09 11:37:00,1791560220,IEX,234.44000244140625,234.47500610351562,234.39999389648438,234.39999389648438,1293
2026-10-09 11:38:00,1791560280,IEX,234.41000366210938,234.41000366210938,234.38999938964844,234.38999938964844,947
2026-10-09 11:42:00,1791560520,IEX,234.41000366210938,234.41000366210938,234.35000610351562,234.35000610351562,2463
2026-10-09 11:49:00,1791560940,IEX,234.25999450683594,234.25999450683594,234.25999450683594,234.25999450683594,1528
2026-10-09 11:55:00,1791561300,IEX,234.55999755859375,234.72500610351562,234.55999755859375,234.72000122070312,4426
2026-10-09 11:56:00,1791561360,IEX,234.5800018310547,234.5800018310547,234.5800018310547,234.5800018310547,173
2026-10-09 11:57:00,1791561420,IEX,234.7100067138672,234.74000549316406,234.52999877929688,234.52999877929688,5581
2026-10-09 11:58:00,1791561480,IEX,234.6374969482422,234.6374969482422,234.6374969482422,234.6374969482422,276
2026-10-09 11:59:00,1791561540,IEX,234.72000122070312,234.7899932861328,234.63499450683594,234.7899932861328,3963
2026-10-09 12:00:00,1791561600,IEX,234.67999267578125,234.75,234.67999267578125,234.74000549316406,3464
2026-10-09 12:02:00,1791561720,IEX,234.89999389648438,234.91000366210938,234.75,234.75,1391
2026-10-09 12:03:00,1791561780,IEX,234.66000366210938,234.66000366210938,234.66000366210938,234.66000366210938,931
2026-10-09 12:05:00,1791561900,IEX,234.66000366210938,234.85000610351562,234.4499969482422,234.85000610351562,2119
2026-10-09 12:10:00,1791562200,IEX,234.44000244140625,234.44000244140625,234.44000244140625,234.44000244140625,1023
2026-10-09 12:12:00,1791562320,IEX,234.63999938964844,234.63999938964844,234.63999938964844,234.63999938964844,577
2026-10-09 12:14:00,1791562440,IEX,234.6999969482422,234.74000549316406,234.69500732421875,234.69500732421875,1208
2026-10-09 12:15:00,1791562500,IEX,234.71499633789062,234.71499633789062,234.63999938964844,234.6999969482422,2814
2026-10-09 12:17:00,1791562620,IEX,234.75999450683594,234.75999450683594,234.75999450683594,234.75999450683594,645
2026-10-09 12:20:00,1791562800,IEX,234.72000122070312,234.72000122070312,234.72000122070312,234.72000122070312,654
2026-10-09 12:21:00,1791562860,IEX,234.6999969482422,234.6999969482422,234.6999969482422,234.6999969482422,217
2026-10-09 12:22:00,1791562920,IEX,234.7050018310547,234.7050018310547,234.7050018310547,234.7050018310547,529
2026-10-09 12:23:00,1791562980,IEX,234.6999969482422,234.6999969482422,234.6999969482422,234.6999969482422,2197
2026-10-09 12:26:00,1791563160,IEX,234.58999633789062,234.58999633789062,234.55999755859375,234.5800018310547,1596
2026-10-09 12:27:00,1791563220,IEX,234.61000061035156,234.61000061035156,234.61000061035156,234.61000061035156,806
2026-10-09 12:28:00,1791563280,IEX,234.64999389648438,234.64999389648438,234.64999389648438,234.64999389648438,1489
2026-10-09 12:30:00,1791563400,IEX,234.6999969482422,234.72999572753906,234.6999969482422,234.6999969482422,3206
2026-10-09 12:31:00,1791563460,IEX,234.6999969482422,234.8699951171875,234.6999969482422,234.80999755859375,1994
2026-10-09 12:32:00,1791563520,IEX,234.83999633789062,234.83999633789062,234.83999633789062,234.83999633789062,807
2026-10-09 12:33:00,1791563580,IEX,234.74000549316406,234.74000549316406,234.74000549316406,234.74000549316406,2046
2026-10-09 12:41:00,1791564060,IEX,234.66000366210938,234.66000366210938,234.66000366210938,234.66000366210938,133
2026-10-09 12:42:00,1791564120,IEX,234.65499877929688,234.65499877929688,234.65499877929688,234.65499877929688,519
2026-10-09 12:43:00,1791564180,IEX,234.52999877929688,234.52999877929688,234.52000427246094,234.52000427246094,998
2026-10-09 12:45:00,1791564300,IEX,234.6300048828125,234.7100067138672,234.6300048828125,234.7100067138672,1345
2026-10-09 12:47:00,1791564420,IEX,234.6300048828125,234.67999267578125,234.57000732421875,234.67999267578125,2111
2026-10-09 12:48:00,1791564480,IEX,234.6300048828125,234.6300048828125,234.6300048828125,234.6300048828125,375
2026-10-09 12:49:00,1791564540,IEX,234.47000122070312,234.47000122070312,234.47000122070312,234.47000122070312,982
2026-10-09 12:52:00,1791564720,IEX,234.61000061035156,234.61000061035156,234.61000061035156,234.61000061035156,954
2026-10-09 12:53:00,1791564780,IEX,234.55999755859375,234.55999755859375,234.5399932861328,234.5399932861328,1882
2026-10-09 12:56:00,1791564960,IEX,234.5500030517578,234.57000732421875,234.5500030517578,234.57000732421875,1212
2026-10-09 12:58:00,1791565080,IEX,234.5449981689453,234.75,234.42999267578125,234.42999267578125,3374
2026-10-09 13:07:00,1791565620,IEX,234.72000122070312,234.72000122070312,234.72000122070312,234.72000122070312,289
2026-10-09 13:08:00,1791565680,IEX,234.63999938964844,234.8000030517578,234.63999938964844,234.75999450683594,2374
2026-10-09 13:14:00,1791566040,IEX,234.81500244140625,234.81500244140625,234.81500244140625,234.81500244140625,500
2026-10-09 13:16:00,1791566160,IEX,234.88999938964844,234.9199981689453,234.82000732421875,234.9199981689453,1402
2026-10-09 13:17:00,1791566220,IEX,234.91749572753906,234.91749572753906,234.91749572753906,234.91749572753906,940
2026-10-09 13:20:00,1791566400,IEX,235.07000732421875,235.10000610351562,235.07000732421875,235.10000610351562,1389
2026-10-09 13:21:00,1791566460,IEX,234.9600067138672,234.9600067138672,234.86000061035156,234.86000061035156,2595
2026-10-09 13:24:00,1791566640,IEX,234.89999389648438,234.89999389648438,234.89999389648438,234.89999389648438,898
2026-10-09 13:30:00,1791567000,IEX,234.7550048828125,234.7550048828125,234.6999969482422,234.6999969482422,1911
2026-10-09 13:35:00,1791567300,IEX,234.8699951171875,234.8699951171875,234.8699951171875,234.8699951171875,339
2026-10-09 13:37:00,1791567420,IEX,234.8699951171875,234.8699951171875,234.8699951171875,234.8699951171875,260
2026-10-09 13:38:00,1791567480,IEX,234.7899932861328,234.7899932861328,234.7899932861328,234.7899932861328,1334
2026-10-09 13:44:00,1791567840,IEX,234.92999267578125,234.92999267578125,234.92999267578125,234.92999267578125,773
2026-10-09 13:47:00,1791568020,IEX,234.9199981689453,234.9199981689453,234.9199981689453,234.9199981689453,768
2026-10-09 13:50:00,1791568200,IEX,234.97000122070312,234.97000122070312,234.97000122070312,234.97000122070312,153
2026-10-09 13:51:00,1791568260,IEX,234.97500610351562,234.97500610351562,234.97500610351562,234.97500610351562,973
2026-10-09 13:53:00,1791568380,IEX,234.97999572753906,234.97999572753906,234.97000122070312,234.97999572753906,522
2026-10-09 13:54:00,1791568440,IEX,234.97999572753906,234.97999572753906,234.97999572753906,234.97999572753906,467
2026-10-09 13:56:00,1791568560,IEX,234.99749755859375,234.99749755859375,234.99749755859375,234.99749755859375,767
2026-10-09 13:58:00,1791568680,IEX,235.0749969482422,235.08999633789062,235.05999755859375,235.05999755859375,629
2026-10-09 13:59:00,1791568740,IEX,235.0749969482422,235.0749969482422,235.07249450683594,235.0749969482422,1108
2026-10-09 14:00:00,1791568800,IEX,235.0399932861328,235.0399932861328,235.02000427246094,235.02999877929688,1840
2026-10-09 14:01:00,1791568860,IEX,235.11000061035156,235.11000061035156,234.97000122070312,235.03750610351562,2573
2026-10-09 14:02:00,1791568920,IEX,235.0399932861328,235.06500244140625,235.03500366210938,235.05999755859375,1854
2026-10-09 14:04:00,1791569040,IEX,235.05999755859375,235.05999755859375,235.05999755859375,235.05999755859375,113
2026-10-09 14:05:00,1791569100,IEX,235.05999755859375,235.05999755859375,235.05999755859375,235.05999755859375,432
2026-10-09 14:06:00,1791569160,IEX,235.06500244140625,235.08749389648438,234.9600067138672,235.05999755859375,6043
2026-10-09 14:07:00,1791569220,IEX,235.06500244140625,235.22000122070312,235.05999755859375,235.22000122070312,601
2026-10-09 14:08:00,1791569280,IEX,235.0675048828125,235.08250427246094,235.05999755859375,235.05999755859375,3202
2026-10-09 14:09:00,1791569340,IEX,235.02999877929688,235.02999877929688,235.02999877929688,235.02999877929688,178
2026-10-09 14:10:00,1791569400,IEX,235.02999877929688,235.02999877929688,235.02999877929688,235.02999877929688,462
2026-10-09 14:12:00,1791569520,IEX,235.0749969482422,235.0749969482422,235.0749969482422,235.0749969482422,334
2026-10-09 14:13:00,1791569580,IEX,235.125,235.125,235.125,235.125,204
2026-10-09 14:14:00,1791569640,IEX,235.125,235.125,235.125,235.125,354
2026-10-09 14:15:00,1791569700,IEX,235.11500549316406,235.11500549316406,235.05999755859375,235.07000732421875,810
2026-10-09 14:17:00,1791569820,IEX,235.07000732421875,235.07000732421875,235.0399932861328,235.0399932861328,1719
2026-10-09 14:18:00,1791569880,IEX,234.97500610351562,235.02000427246094,234.96499633789062,235.02000427246094,2071
2026-10-09 14:20:00,1791570000,IEX,235.02000427246094,235.0399932861328,235.02000427246094,235.0399932861328,1063
2026-10-09 14:23:00,1791570180,IEX,235.00999450683594,235.0500030517578,234.99000549316406,235.0500030517578,1345
2026-10-09 14:24:00,1791570240,IEX,235.0500030517578,235.0500030517578,235.0500030517578,235.0500030517578,218
2026-10-09 14:25:00,1791570300,IEX,235.0399932861328,235.0399932861328,235.0399932861328,235.0399932861328,169
2026-10-09 14:26:00,1791570360,IEX,234.9499969482422,234.9499969482422,234.89999389648438,234.89999389648438,1845
2026-10-09 14:28:00,1791570480,IEX,234.92999267578125,234.92999267578125,234.92999267578125,234.92999267578125,561
2026-10-09 14:31:00,1791570660,IEX,234.9250030517578,234.9250030517578,234.9250030517578,234.9250030517578,448
2026-10-09 14:32:00,1791570720,IEX,234.94000244140625,234.94000244140625,234.94000244140625,234.94000244140625,464
2026-10-09 14:34:00,1791570840,IEX,234.9499969482422,234.9499969482422,234.9499969482422,234.9499969482422,0
2026-10-09 14:37:00,1791571020,IEX,234.8300018310547,234.8300018310547,234.8300018310547,234.8300018310547,1495
2026-10-09 14:39:00,1791571140,IEX,234.8000030517578,234.88999938964844,234.8000030517578,234.88999938964844,521
2026-10-09 14:41:00,1791571260,IEX,234.88499450683594,234.89500427246094,234.88499450683594,234.89500427246094,1104
2026-10-09 14:44:00,1791571440,IEX,234.90499877929688,234.90499877929688,234.90499877929688,234.90499877929688,433
2026-10-09 14:46:00,1791571560,IEX,234.88999938964844,234.99000549316406,234.88999938964844,234.99000549316406,1724
2026-10-09 14:48:00,1791571680,IEX,234.94000244140625,234.94000244140625,234.85000610351562,234.89999389648438,5680
