timestamp_et,epoch,ticker,open,high,low,close,volume
2026-09-21 09:30:00,1789997400,JCI,143.94000244140625,143.94000244140625,143.60499572753906,143.8000030517578,19649
2026-09-21 09:31:00,1789997460,JCI,143.77000427246094,143.77000427246094,143.11500549316406,143.11500549316406,3379
2026-09-21 09:32:00,1789997520,JCI,143.44000244140625,143.44000244140625,142.99000549316406,143.3300018310547,2364
2026-09-21 09:33:00,1789997580,JCI,142.94000244140625,142.94000244140625,142.94000244140625,142.94000244140625,132
2026-09-21 09:34:00,1789997640,JCI,143.3300018310547,143.3300018310547,143.3300018310547,143.3300018310547,1482
2026-09-21 09:35:00,1789997700,JCI,143.3300018310547,143.33999633789062,143.21446228027344,143.33999633789062,3823
2026-09-21 09:37:00,1789997820,JCI,143.35499572753906,143.35499572753906,143.35499572753906,143.35499572753906,1083
2026-09-21 09:39:00,1789997940,JCI,143.33999633789062,143.35000610351562,143.33999633789062,143.35000610351562,2005
2026-09-21 09:40:00,1789998000,JCI,143.31324768066406,143.35000610351562,143.31324768066406,143.34500122070312,790
2026-09-21 09:41:00,1789998060,JCI,143.34500122070312,143.3699951171875,143.34500122070312,143.3699951171875,691
2026-09-21 09:42:00,1789998120,JCI,143.3699951171875,143.3699951171875,143.3300018310547,143.3300018310547,1096
2026-09-21 09:43:00,1789998180,JCI,143.22999572753906,143.3000030517578,143.22999572753906,143.23500061035156,1505
2026-09-21 09:44:00,1789998240,JCI,143.33999633789062,143.36000061035156,143.3000030517578,143.3000030517578,3214
2026-09-21 09:45:00,1789998300,JCI,143.44000244140625,143.6199951171875,143.44000244140625,143.6199951171875,2330
2026-09-21 09:46:00,1789998360,JCI,143.55499267578125,143.68499755859375,143.55499267578125,143.625,3398
2026-09-21 09:47:00,1789998420,JCI,143.6750030517578,143.6999969482422,143.67250061035156,143.6999969482422,863
2026-09-21 09:48:00,1789998480,JCI,143.77999877929688,144.0850067138672,143.77000427246094,144.0850067138672,5440
2026-09-21 09:49:00,1789998540,JCI,143.99000549316406,143.99000549316406,143.7100067138672,143.77000427246094,4584
2026-09-21 09:50:00,1789998600,JCI,143.6750030517578,143.74000549316406,143.6750030517578,143.73500061035156,2201
2026-09-21 09:51:00,1789998660,JCI,143.88999938964844,144.07000732421875,143.88999938964844,144.07000732421875,1238
2026-09-21 09:52:00,1789998720,JCI,143.97000122070312,143.97000122070312,143.64999389648438,143.6750030517578,5587
2026-09-21 09:53:00,1789998780,JCI,143.77999877929688,143.77999877929688,143.63999938964844,143.6649932861328,1829
2026-09-21 09:54:00,1789998840,JCI,143.6699981689453,143.6699981689453,143.63999938964844,143.63999938964844,359
2026-09-21 09:55:00,1789998900,JCI,143.64999389648438,143.6699981689453,143.55999755859375,143.6699981689453,2848
2026-09-21 09:56:00,1789998960,JCI,143.5500030517578,143.55999755859375,143.52999877929688,143.55999755859375,1866
2026-09-21 09:57:00,1789999020,JCI,143.39999389648438,143.55999755859375,143.39999389648438,143.5500030517578,2942
2026-09-21 09:58:00,1789999080,JCI,143.52749633789062,143.52749633789062,143.42999267578125,143.47000122070312,1602
2026-09-21 09:59:00,1789999140,JCI,143.5312042236328,143.53500366210938,143.44000244140625,143.44000244140625,1881
2026-09-21 10:00:00,1789999200,JCI,143.42999267578125,143.4600067138672,143.36000061035156,143.4600067138672,3768
2026-09-21 10:01:00,1789999260,JCI,143.42999267578125,143.42999267578125,143.42999267578125,143.42999267578125,1394
2026-09-21 10:02:00,1789999320,JCI,143.36000061035156,143.6999969482422,143.3249969482422,143.6999969482422,5113
2026-09-21 10:03:00,1789999380,JCI,143.75999450683594,143.75999450683594,143.5800018310547,143.5800018310547,2497
2026-09-21 10:04:00,1789999440,JCI,143.5850067138672,143.5850067138672,143.25999450683594,143.25999450683594,5106
2026-09-21 10:05:00,1789999500,JCI,143.36000061035156,143.3800048828125,143.25,143.25,8327
2026-09-21 10:06:00,1789999560,JCI,143.19500732421875,143.19500732421875,143.10000610351562,143.14999389648438,1392
2026-09-21 10:07:00,1789999620,JCI,143.2449951171875,143.40989685058594,143.2449951171875,143.40989685058594,1298
2026-09-21 10:08:00,1789999680,JCI,143.17999267578125,143.19500732421875,143.1699981689453,143.19500732421875,1127
2026-09-21 10:09:00,1789999740,JCI,143.19500732421875,143.1999969482422,143.1699981689453,143.1999969482422,1082
2026-09-21 10:10:00,1789999800,JCI,143.25,143.39999389648438,143.25,143.39999389648438,1191
2026-09-21 10:11:00,1789999860,JCI,143.4199981689453,143.5500030517578,143.4199981689453,143.5500030517578,1482
2026-09-21 10:12:00,1789999920,JCI,143.5399932861328,143.63999938964844,143.49749755859375,143.63999938964844,2527
2026-09-21 10:13:00,1789999980,JCI,143.5500030517578,143.5500030517578,143.5500030517578,143.5500030517578,2101
2026-09-21 10:14:00,1790000040,JCI,143.56500244140625,143.64999389648438,143.56500244140625,143.64999389648438,1573
2026-09-21 10:15:00,1790000100,JCI,143.64999389648438,143.64999389648438,143.49000549316406,143.5,2854
2026-09-21 10:16:00,1790000160,JCI,143.61000061035156,143.61000061035156,143.61000061035156,143.61000061035156,988
2026-09-21 10:17:00,1790000220,JCI,143.7100067138672,143.7799072265625,143.7100067138672,143.7799072265625,2108
2026-09-21 10:18:00,1790000280,JCI,143.77000427246094,143.7899932861328,143.77000427246094,143.7899932861328,3033
2026-09-21 10:19:00,1790000340,JCI,143.7949981689453,143.8000030517578,143.7949981689453,143.8000030517578,1113
2026-09-21 10:20:00,1790000400,JCI,143.8000030517578,143.8000030517578,143.74000549316406,143.74000549316406,2219
2026-09-21 10:21:00,1790000460,JCI,143.72999572753906,143.83999633789062,143.72999572753906,143.8350067138672,3282
2026-09-21 10:22:00,1790000520,JCI,143.84500122070312,144.0,143.84500122070312,144.0,2078
2026-09-21 10:23:00,1790000580,JCI,144.07781982421875,144.07781982421875,143.8699951171875,143.8699951171875,2485
2026-09-21 10:24:00,1790000640,JCI,143.88499450683594,144.06500244140625,143.88499450683594,144.06500244140625,3592
2026-09-21 10:25:00,1790000700,JCI,144.07000732421875,144.09500122070312,144.07000732421875,144.09500122070312,1852
2026-09-21 10:26:00,1790000760,JCI,144.10499572753906,144.16990661621094,144.10499572753906,144.11000061035156,1711
2026-09-21 10:27:00,1790000820,JCI,144.11000061035156,144.11000061035156,144.05999755859375,144.11000061035156,2085
2026-09-21 10:28:00,1790000880,JCI,144.11000061035156,144.22999572753906,144.11000061035156,144.17999267578125,4365
2026-09-21 10:29:00,1790000940,JCI,144.22500610351562,144.25,144.16000366210938,144.19000244140625,18090
2026-09-21 10:30:00,1790001000,JCI,144.13499450683594,144.1999969482422,144.0500030517578,144.19500732421875,3464
2026-09-21 10:31:00,1790001060,JCI,144.21499633789062,144.3000030517578,144.21499633789062,144.25,4166
2026-09-21 10:32:00,1790001120,JCI,144.25,144.27000427246094,144.25,144.27000427246094,743
2026-09-21 10:33:00,1790001180,JCI,144.25999450683594,144.27000427246094,144.14500427246094,144.17999267578125,2267
2026-09-21 10:34:00,1790001240,JCI,144.03500366210938,144.08999633789062,143.9949951171875,144.08999633789062,884
2026-09-21 10:35:00,1790001300,JCI,144.1199951171875,144.1199951171875,144.1199951171875,144.1199951171875,233
2026-09-21 10:36:00,1790001360,JCI,144.1300048828125,144.1300048828125,144.0500030517578,144.08999633789062,1988
2026-09-21 10:37:00,1790001420,JCI,144.1439971923828,144.16000366210938,144.0500030517578,144.125,3875
2026-09-21 10:38:00,1790001480,JCI,144.1300048828125,144.1300048828125,144.00999450683594,144.06500244140625,3437
2026-09-21 10:40:00,1790001600,JCI,144.07000732421875,144.10499572753906,144.07000732421875,144.10499572753906,2015
2026-09-21 10:41:00,1790001660,JCI,144.14999389648438,144.25,143.9600067138672,144.0,8661
2026-09-21 10:42:00,1790001720,JCI,144.07000732421875,144.2100067138672,144.07000732421875,144.16000366210938,2180
2026-09-21 10:43:00,1790001780,JCI,144.1699981689453,144.2050018310547,144.14999389648438,144.14999389648438,2072
2026-09-21 10:44:00,1790001840,JCI,144.125,144.125,144.12420654296875,144.12420654296875,1302
2026-09-21 10:45:00,1790001900,JCI,144.1300048828125,144.19500732421875,144.1199951171875,144.19500732421875,15761
2026-09-21 10:46:00,1790001960,JCI,144.25,144.25999450683594,144.19000244140625,144.19000244140625,2006
2026-09-21 10:47:00,1790002020,JCI,144.16000366210938,144.16000366210938,144.10000610351562,144.13499450683594,2063
2026-09-21 10:48:00,1790002080,JCI,144.17999267578125,144.2698974609375,144.14999389648438,144.2698974609375,1313
2026-09-21 10:49:00,1790002140,JCI,144.27000427246094,144.3699951171875,144.27000427246094,144.30999755859375,4336
2026-09-21 10:50:00,1790002200,JCI,144.30999755859375,144.30999755859375,144.15499877929688,144.15499877929688,3665
2026-09-21 10:51:00,1790002260,JCI,144.35000610351562,144.35000610351562,144.35000610351562,144.35000610351562,297
2026-09-21 10:52:00,1790002320,JCI,144.31500244140625,144.31500244140625,144.25999450683594,144.3000030517578,3568
2026-09-21 10:53:00,1790002380,JCI,144.25,144.25,144.17999267578125,144.19500732421875,4443
2026-09-21 10:54:00,1790002440,JCI,144.13999938964844,144.33999633789062,144.08999633789062,144.33999633789062,7111
2026-09-21 10:55:00,1790002500,JCI,144.30499267578125,144.30999755859375,144.30499267578125,144.30999755859375,1964
2026-09-21 10:56:00,1790002560,JCI,144.30999755859375,144.30999755859375,144.11000061035156,144.11000061035156,8177
2026-09-21 10:57:00,1790002620,JCI,144.10000610351562,144.10000610351562,144.0800018310547,144.10000610351562,1527
2026-09-21 10:58:00,1790002680,JCI,144.15499877929688,144.15499877929688,144.0800018310547,144.08999633789062,2124
2026-09-21 10:59:00,1790002740,JCI,144.13999938964844,144.13999938964844,144.13999938964844,144.13999938964844,647
2026-09-21 11:00:00,1790002800,JCI,144.17999267578125,144.27999877929688,144.17999267578125,144.27999877929688,1483
2026-09-21 11:01:00,1790002860,JCI,144.27999877929688,144.27999877929688,144.24000549316406,144.25,2152
2026-09-21 11:02:00,1790002920,JCI,144.28500366210938,144.2949981689453,144.28500366210938,144.28500366210938,3573
2026-09-21 11:03:00,1790002980,JCI,144.25,144.4250030517578,144.25,144.4250030517578,4501
2026-09-21 11:04:00,1790003040,JCI,144.4550018310547,144.52999877929688,144.4550018310547,144.52999877929688,1253
2026-09-21 11:05:00,1790003100,JCI,144.55999755859375,144.5800018310547,144.5500030517578,144.55999755859375,3978
2026-09-21 11:06:00,1790003160,JCI,144.5399932861328,144.55499267578125,144.5399932861328,144.55499267578125,4571
2026-09-21 11:07:00,1790003220,JCI,144.61000061035156,144.6300048828125,144.61000061035156,144.6300048828125,1599
2026-09-21 11:09:00,1790003340,JCI,144.68499755859375,144.73500061035156,144.68499755859375,144.6999969482422,2605
2026-09-21 11:10:00,1790003400,JCI,144.63999938964844,144.63999938964844,144.58999633789062,144.58999633789062,2052
2026-09-21 11:11:00,1790003460,JCI,144.5500030517578,144.5500030517578,144.51010131835938,144.52999877929688,1945
2026-09-21 11:12:00,1790003520,JCI,144.50909423828125,144.7100067138672,144.50909423828125,144.7100067138672,3010
2026-09-21 11:13:00,1790003580,JCI,144.7698974609375,144.8000030517578,144.71499633789062,144.8000030517578,2350
2026-09-21 11:14:00,1790003640,JCI,144.8249969482422,144.8300018310547,144.8249969482422,144.8300018310547,427
2026-09-21 11:15:00,1790003700,JCI,144.8300018310547,144.8699951171875,144.7899932861328,144.7899932861328,2466
2026-09-21 11:16:00,1790003760,JCI,144.82000732421875,144.82000732421875,144.82000732421875,144.82000732421875,385
2026-09-21 11:17:00,1790003820,JCI,144.8300018310547,144.8300018310547,144.8300018310547,144.8300018310547,1313
2026-09-21 11:19:00,1790003940,JCI,144.90499877929688,144.9333953857422,144.90499877929688,144.91659545898438,2615
2026-09-21 11:20:00,1790004000,JCI,144.91000366210938,145.0,144.91000366210938,144.96499633789062,13898
2026-09-21 11:21:00,1790004060,JCI,144.96499633789062,144.96499633789062,144.80999755859375,144.86000061035156,2977
2026-09-21 11:22:00,1790004120,JCI,144.80999755859375,145.04769897460938,144.80999755859375,145.04769897460938,4425
2026-09-21 11:23:00,1790004180,JCI,145.0399932861328,145.14999389648438,145.0,145.0,20986
2026-09-21 11:24:00,1790004240,JCI,144.9683074951172,145.0500030517578,144.9683074951172,145.0500030517578,767
2026-09-21 11:25:00,1790004300,JCI,145.1300048828125,145.27000427246094,145.1300048828125,145.1999969482422,2623
2026-09-21 11:26:00,1790004360,JCI,145.22999572753906,145.27000427246094,145.19009399414062,145.25250244140625,7546
2026-09-21 11:27:00,1790004420,JCI,145.3000030517578,145.3000030517578,145.2100067138672,145.22000122070312,4357
2026-09-21 11:28:00,1790004480,JCI,145.24000549316406,145.24000549316406,145.1199951171875,145.1199951171875,10416
2026-09-21 11:30:00,1790004600,JCI,145.125,145.125,145.0399932861328,145.1199951171875,3825
2026-09-21 11:31:00,1790004660,JCI,145.13999938964844,145.25,145.13999938964844,145.24000549316406,1902
2026-09-21 11:32:00,1790004720,JCI,145.22999572753906,145.25999450683594,145.1999969482422,145.1999969482422,2061
2026-09-21 11:34:00,1790004840,JCI,145.27000427246094,145.27000427246094,145.16000366210938,145.16000366210938,3575
2026-09-21 11:35:00,1790004900,JCI,145.21499633789062,145.3000030517578,145.2100067138672,145.24000549316406,3628
2026-09-21 11:36:00,1790004960,JCI,145.24000549316406,145.28500366210938,145.22000122070312,145.22999572753906,5080
2026-09-21 11:37:00,1790005020,JCI,145.27499389648438,145.27499389648438,145.22999572753906,145.2550048828125,1679
2026-09-21 11:38:00,1790005080,JCI,145.2550048828125,145.2899932861328,145.25,145.2899932861328,874
2026-09-21 11:39:00,1790005140,JCI,145.27999877929688,145.2899932861328,145.17999267578125,145.17999267578125,4665
2026-09-21 11:40:00,1790005200,JCI,145.1750030517578,145.1750030517578,145.08999633789062,145.08999633789062,1729
2026-09-21 11:41:00,1790005260,JCI,145.10499572753906,145.14999389648438,145.08999633789062,145.14999389648438,3127
2026-09-21 11:42:00,1790005320,JCI,145.2100067138672,145.2100067138672,145.14999389648438,145.14999389648438,2716
2026-09-21 11:43:00,1790005380,JCI,145.1699981689453,145.1999969482422,145.1300048828125,145.1999969482422,1867
2026-09-21 11:44:00,1790005440,JCI,145.2100067138672,145.2100067138672,145.16000366210938,145.19000244140625,2830
2026-09-21 11:46:00,1790005560,JCI,145.25,145.27999877929688,145.25,145.27999877929688,950
2026-09-21 11:47:00,1790005620,JCI,145.33999633789062,145.33999633789062,145.32000732421875,145.3350067138672,3153
2026-09-21 11:48:00,1790005680,JCI,145.21319580078125,145.26499938964844,145.21319580078125,145.26499938964844,428
2026-09-21 11:49:00,1790005740,JCI,145.26499938964844,145.30999755859375,145.2550048828125,145.30999755859375,1188
2026-09-21 11:50:00,1790005800,JCI,145.3699951171875,145.3699951171875,145.22999572753906,145.22999572753906,5789
2026-09-21 11:51:00,1790005860,JCI,145.22000122070312,145.23500061035156,145.14999389648438,145.18499755859375,9556
2026-09-21 11:52:00,1790005920,JCI,145.19000244140625,145.19000244140625,145.19000244140625,145.19000244140625,574
2026-09-21 11:53:00,1790005980,JCI,145.14999389648438,145.14999389648438,145.11000061035156,145.11000061035156,1826
2026-09-21 11:54:00,1790006040,JCI,145.13999938964844,145.13999938964844,145.07000732421875,145.07000732421875,1815
2026-09-21 11:55:00,1790006100,JCI,145.0850067138672,145.14500427246094,145.0850067138672,145.14500427246094,1531
2026-09-21 11:56:00,1790006160,JCI,145.17999267578125,145.17999267578125,145.1300048828125,145.1300048828125,1395
2026-09-21 11:57:00,1790006220,JCI,145.14500427246094,145.14500427246094,145.14500427246094,145.14500427246094,308
2026-09-21 11:58:00,1790006280,JCI,145.19000244140625,145.23500061035156,145.19000244140625,145.2100067138672,1839
2026-09-21 11:59:00,1790006340,JCI,145.17999267578125,145.2050018310547,145.14999389648438,145.2050018310547,3823
2026-09-21 12:00:00,1790006400,JCI,145.2100067138672,145.2100067138672,145.2100067138672,145.2100067138672,237
2026-09-21 12:01:00,1790006460,JCI,145.16009521484375,145.38499450683594,145.16009521484375,145.38499450683594,4650
2026-09-21 12:02:00,1790006520,JCI,145.39500427246094,145.39500427246094,145.39500427246094,145.39500427246094,810
2026-09-21 12:03:00,1790006580,JCI,145.42999267578125,145.5800018310547,145.4199981689453,145.5800018310547,5813
2026-09-21 12:04:00,1790006640,JCI,145.5850067138672,145.5850067138672,145.5850067138672,145.5850067138672,1110
2026-09-21 12:05:00,1790006700,JCI,145.52999877929688,145.55999755859375,145.50999450683594,145.53500366210938,2624
2026-09-21 12:06:00,1790006760,JCI,145.53500366210938,145.53500366210938,145.41000366210938,145.4250030517578,4352
2026-09-21 12:07:00,1790006820,JCI,145.4250030517578,145.6300048828125,145.3699951171875,145.40499877929688,10612
2026-09-21 12:08:00,1790006880,JCI,145.4250030517578,145.4250030517578,145.4199981689453,145.4199981689453,1130
2026-09-21 12:09:00,1790006940,JCI,145.44000244140625,145.57000732421875,145.44000244140625,145.57000732421875,2553
2026-09-21 12:10:00,1790007000,JCI,145.58999633789062,145.67999267578125,145.58999633789062,145.67999267578125,961
2026-09-21 12:11:00,1790007060,JCI,145.72000122070312,145.72000122070312,145.6699981689453,145.72000122070312,1758
2026-09-21 12:12:00,1790007120,JCI,145.71600341796875,145.77999877929688,145.67999267578125,145.7050018310547,5772
2026-09-21 12:13:00,1790007180,JCI,145.66000366210938,145.66000366210938,145.66000366210938,145.66000366210938,609
2026-09-21 12:14:00,1790007240,JCI,145.65499877929688,145.66000366210938,145.61000061035156,145.66000366210938,1165
2026-09-21 12:15:00,1790007300,JCI,145.6699981689453,145.6699981689453,145.64999389648438,145.64999389648438,1391
2026-09-21 12:16:00,1790007360,JCI,145.64999389648438,145.69000244140625,145.64999389648438,145.67999267578125,1092
2026-09-21 12:17:00,1790007420,JCI,145.69000244140625,145.69000244140625,145.61000061035156,145.6199951171875,2432
2026-09-21 12:18:00,1790007480,JCI,145.58999633789062,145.63999938964844,145.58999633789062,145.63999938964844,1477
2026-09-21 12:19:00,1790007540,JCI,145.6300048828125,145.66000366210938,145.60000610351562,145.63999938964844,1896
2026-09-21 12:20:00,1790007600,JCI,145.63499450683594,145.63499450683594,145.5800018310547,145.5800018310547,967
2026-09-21 12:21:00,1790007660,JCI,145.63499450683594,145.63499450683594,145.63499450683594,145.63499450683594,202
2026-09-21 12:22:00,1790007720,JCI,145.63499450683594,145.69000244140625,145.63499450683594,145.69000244140625,3246
2026-09-21 12:23:00,1790007780,JCI,145.67999267578125,145.67999267578125,145.6699981689453,145.6699981689453,1259
2026-09-21 12:24:00,1790007840,JCI,145.7100067138672,145.7100067138672,145.6699981689453,145.69000244140625,2041
2026-09-21 12:26:00,1790007960,JCI,145.7100067138672,145.77999877929688,145.7100067138672,145.75,1886
2026-09-21 12:27:00,1790008020,JCI,145.77999877929688,145.80999755859375,145.75,145.75,2880
2026-09-21 12:28:00,1790008080,JCI,145.74000549316406,145.74000549316406,145.7100067138672,145.7100067138672,1573
2026-09-21 12:29:00,1790008140,JCI,145.7100067138672,145.71499633789062,145.6300048828125,145.6300048828125,6835
2026-09-21 12:30:00,1790008200,JCI,145.6300048828125,145.66000366210938,145.58999633789062,145.64999389648438,2470
2026-09-21 12:31:00,1790008260,JCI,145.67999267578125,145.72000122070312,145.66000366210938,145.72000122070312,1846
2026-09-21 12:32:00,1790008320,JCI,145.72999572753906,145.72999572753906,145.6501007080078,145.6501007080078,1420
2026-09-21 12:33:00,1790008380,JCI,145.72000122070312,145.8000030517578,145.72000122070312,145.77000427246094,3422
2026-09-21 12:34:00,1790008440,JCI,145.75,145.75,145.75,145.75,639
2026-09-21 12:35:00,1790008500,JCI,145.7449951171875,145.8300018310547,145.7449951171875,145.8300018310547,1846
2026-09-21 12:37:00,1790008620,JCI,145.77000427246094,145.77999877929688,145.69000244140625,145.69000244140625,3984
2026-09-21 12:38:00,1790008680,JCI,145.66000366210938,145.6750030517578,145.66000366210938,145.6750030517578,1577
2026-09-21 12:39:00,1790008740,JCI,145.6300048828125,145.6300048828125,145.57009887695312,145.57009887695312,1616
2026-09-21 12:40:00,1790008800,JCI,145.56500244140625,145.58999633789062,145.56500244140625,145.57000732421875,1658
2026-09-21 12:41:00,1790008860,JCI,145.6291961669922,145.6291961669922,145.6291961669922,145.6291961669922,1135
2026-09-21 12:42:00,1790008920,JCI,145.5800018310547,145.5850067138672,145.57000732421875,145.57000732421875,1768
2026-09-21 12:43:00,1790008980,JCI,145.5500030517578,145.5800018310547,145.52000427246094,145.5800018310547,1812
2026-09-21 12:44:00,1790009040,JCI,145.55499267578125,145.55499267578125,145.55499267578125,145.55499267578125,231
2026-09-21 12:45:00,1790009100,JCI,145.56500244140625,145.67999267578125,145.56500244140625,145.67999267578125,2301
2026-09-21 12:46:00,1790009160,JCI,145.72000122070312,145.7550048828125,145.6699981689453,145.6699981689453,2928
2026-09-21 12:47:00,1790009220,JCI,145.66000366210938,145.66000366210938,145.66000366210938,145.66000366210938,810
2026-09-21 12:49:00,1790009340,JCI,145.66000366210938,145.67999267578125,145.64999389648438,145.6649932861328,2743
2026-09-21 12:50:00,1790009400,JCI,145.67999267578125,145.72000122070312,145.67999267578125,145.72000122070312,1931
2026-09-21 12:51:00,1790009460,JCI,145.7100067138672,145.7100067138672,145.64999389648438,145.64999389648438,1865
2026-09-21 12:52:00,1790009520,JCI,145.66000366210938,145.66000366210938,145.60000610351562,145.6199951171875,3728
2026-09-21 12:55:00,1790009700,JCI,145.64999389648438,145.64999389648438,145.64999389648438,145.64999389648438,1062
2026-09-21 12:56:00,1790009760,JCI,145.6300048828125,145.63999938964844,145.6300048828125,145.63999938964844,1514
2026-09-21 12:57:00,1790009820,JCI,145.61000061035156,145.61000061035156,145.58999633789062,145.58999633789062,888
2026-09-21 12:58:00,1790009880,JCI,145.58999633789062,145.60000610351562,145.58999633789062,145.60000610351562,1198
2026-09-21 12:59:00,1790009940,JCI,145.6199951171875,145.62399291992188,145.5399932861328,145.5399932861328,3157
2026-09-21 13:00:00,1790010000,JCI,145.55999755859375,145.55999755859375,145.55999755859375,145.55999755859375,1289
2026-09-21 13:01:00,1790010060,JCI,145.61000061035156,145.63999938964844,145.60000610351562,145.60000610351562,1153
2026-09-21 13:02:00,1790010120,JCI,145.58999633789062,145.58999633789062,145.5399932861328,145.58999633789062,1487
2026-09-21 13:03:00,1790010180,JCI,145.5850067138672,145.63999938964844,145.5800018310547,145.61000061035156,12354
2026-09-21 13:04:00,1790010240,JCI,145.57000732421875,145.57000732421875,145.52000427246094,145.57000732421875,2221
2026-09-21 13:05:00,1790010300,JCI,145.5449981689453,145.61000061035156,145.5449981689453,145.61000061035156,4255
2026-09-21 13:06:00,1790010360,JCI,145.57000732421875,145.57000732421875,145.4499969482422,145.48500061035156,2858
2026-09-21 13:07:00,1790010420,JCI,145.44000244140625,145.44000244140625,145.4199981689453,145.4199981689453,1482
2026-09-21 13:08:00,1790010480,JCI,145.44000244140625,145.4420928955078,145.39999389648438,145.39999389648438,898
2026-09-21 13:09:00,1790010540,JCI,145.39500427246094,145.39500427246094,145.32000732421875,145.3800048828125,2443
2026-09-21 13:10:00,1790010600,JCI,145.38999938964844,145.38999938964844,145.3249969482422,145.35110473632812,4870
2026-09-21 13:11:00,1790010660,JCI,145.3000030517578,145.33999633789062,145.3000030517578,145.33999633789062,1056
2026-09-21 13:12:00,1790010720,JCI,145.3300018310547,145.38999938964844,145.32000732421875,145.38999938964844,548
2026-09-21 13:13:00,1790010780,JCI,145.38999938964844,145.41749572753906,145.36000061035156,145.41749572753906,9459
2026-09-21 13:14:00,1790010840,JCI,145.35110473632812,145.36000061035156,145.22000122070312,145.27499389648438,10019
2026-09-21 13:15:00,1790010900,JCI,145.22000122070312,145.24000549316406,145.2100067138672,145.24000549316406,1675
2026-09-21 13:17:00,1790011020,JCI,145.2100067138672,145.22000122070312,145.14999389648438,145.14999389648438,1666
2026-09-21 13:18:00,1790011080,JCI,145.17999267578125,145.2100067138672,145.17999267578125,145.2100067138672,1495
2026-09-21 13:19:00,1790011140,JCI,145.16000366210938,145.1649932861328,145.16000366210938,145.1649932861328,250
2026-09-21 13:20:00,1790011200,JCI,145.1300048828125,145.14999389648438,145.11000061035156,145.11000061035156,1848
2026-09-21 13:21:00,1790011260,JCI,145.125,145.125,145.125,145.125,147
2026-09-21 13:22:00,1790011320,JCI,145.125,145.125,145.07000732421875,145.07000732421875,1820
2026-09-21 13:23:00,1790011380,JCI,145.0511016845703,145.1197052001953,145.0449981689453,145.0449981689453,1951
2026-09-21 13:24:00,1790011440,JCI,145.0800018310547,145.08999633789062,145.0500030517578,145.05999755859375,1411
2026-09-21 13:25:00,1790011500,JCI,145.02999877929688,145.02999877929688,144.97999572753906,144.97999572753906,1784
2026-09-21 13:26:00,1790011560,JCI,144.94000244140625,144.94000244140625,144.8800048828125,144.88510131835938,2169
2026-09-21 13:27:00,1790011620,JCI,144.88999938964844,144.97999572753906,144.88999938964844,144.97999572753906,2216
2026-09-21 13:28:00,1790011680,JCI,145.0,145.0,145.0,145.0,1032
2026-09-21 13:29:00,1790011740,JCI,145.02000427246094,145.02000427246094,144.9949951171875,144.9949951171875,459
2026-09-21 13:30:00,1790011800,JCI,144.97000122070312,144.97000122070312,144.8699951171875,144.8699951171875,2291
2026-09-21 13:31:00,1790011860,JCI,144.83999633789062,144.83999633789062,144.7899932861328,144.80499267578125,3043
2026-09-21 13:32:00,1790011920,JCI,144.77000427246094,144.77999877929688,144.75999450683594,144.77999877929688,1496
2026-09-21 13:33:00,1790011980,JCI,144.78500366210938,144.78500366210938,144.7100067138672,144.71499633789062,2102
2026-09-21 13:35:00,1790012100,JCI,144.72000122070312,144.72500610351562,144.72000122070312,144.72500610351562,1845
2026-09-21 13:36:00,1790012160,JCI,144.7100067138672,144.75999450683594,144.7100067138672,144.72000122070312,3554
2026-09-21 13:37:00,1790012220,JCI,144.7050018310547,144.7050018310547,144.7050018310547,144.7050018310547,900
2026-09-21 13:38:00,1790012280,JCI,144.75,144.75,144.6300048828125,144.63999938964844,3039
2026-09-21 13:39:00,1790012340,JCI,144.67999267578125,144.7100067138672,144.67999267578125,144.70010375976562,1666
2026-09-21 13:40:00,1790012400,JCI,144.61000061035156,144.66000366210938,144.61000061035156,144.66000366210938,1519
2026-09-21 13:41:00,1790012460,JCI,144.6649932861328,144.6649932861328,144.6649932861328,144.6649932861328,1583
2026-09-21 13:42:00,1790012520,JCI,144.64999389648438,144.66000366210938,144.64999389648438,144.66000366210938,1741
2026-09-21 13:43:00,1790012580,JCI,144.67999267578125,144.7949981689453,144.64999389648438,144.7949981689453,4023
2026-09-21 13:44:00,1790012640,JCI,144.77000427246094,144.77999877929688,144.74000549316406,144.74000549316406,1991
2026-09-21 13:45:00,1790012700,JCI,144.80499267578125,144.80499267578125,144.80499267578125,144.80499267578125,834
2026-09-21 13:46:00,1790012760,JCI,144.83819580078125,144.83999633789062,144.7801055908203,144.80999755859375,1432
2026-09-21 13:47:00,1790012820,JCI,144.7899932861328,144.7899932861328,144.75999450683594,144.75999450683594,1690
2026-09-21 13:48:00,1790012880,JCI,144.77999877929688,144.77999877929688,144.77999877929688,144.77999877929688,323
2026-09-21 13:49:00,1790012940,JCI,144.77999877929688,144.77999877929688,144.6999969482422,144.6999969482422,2511
2026-09-21 13:50:00,1790013000,JCI,144.6699981689453,144.69000244140625,144.6199951171875,144.6199951171875,1957
2026-09-21 13:51:00,1790013060,JCI,144.60009765625,144.62249755859375,144.60009765625,144.61000061035156,1203
2026-09-21 13:52:00,1790013120,JCI,144.625,144.625,144.625,144.625,528
2026-09-21 13:53:00,1790013180,JCI,144.625,144.625,144.625,144.625,1083
2026-09-21 13:54:00,1790013240,JCI,144.60000610351562,144.60000610351562,144.52000427246094,144.52000427246094,1879
2026-09-21 13:55:00,1790013300,JCI,144.50999450683594,144.52499389648438,144.50999450683594,144.52499389648438,3104
2026-09-21 13:56:00,1790013360,JCI,144.5,144.50999450683594,144.5,144.50999450683594,942
2026-09-21 13:58:00,1790013480,JCI,144.50999450683594,144.51499938964844,144.42999267578125,144.4600067138672,6492
2026-09-21 13:59:00,1790013540,JCI,144.4600067138672,144.5050048828125,144.4499969482422,144.4949951171875,2464
2026-09-21 14:00:00,1790013600,JCI,144.4949951171875,144.52999877929688,144.4499969482422,144.4499969482422,4126
2026-09-21 14:01:00,1790013660,JCI,144.39999389648438,144.42999267578125,144.39999389648438,144.4250030517578,8424
2026-09-21 14:02:00,1790013720,JCI,144.47000122070312,144.4799041748047,144.42999267578125,144.4499969482422,2276
2026-09-21 14:04:00,1790013840,JCI,144.4199981689453,144.48609924316406,144.3865966796875,144.48609924316406,5057
2026-09-21 14:05:00,1790013900,JCI,144.49000549316406,144.5,144.46499633789062,144.5,1458
2026-09-21 14:06:00,1790013960,JCI,144.5050048828125,144.5050048828125,144.49000549316406,144.4949951171875,1589
2026-09-21 14:07:00,1790014020,JCI,144.5050048828125,144.50999450683594,144.5,144.5,1109
2026-09-21 14:08:00,1790014080,JCI,144.5050048828125,144.5500030517578,144.5050048828125,144.5399932861328,5004
2026-09-21 14:09:00,1790014140,JCI,144.53500366210938,144.53500366210938,144.5,144.5,1306
2026-09-21 14:10:00,1790014200,JCI,144.52000427246094,144.52000427246094,144.52000427246094,144.52000427246094,585
2026-09-21 14:11:00,1790014260,JCI,144.52499389648438,144.52999877929688,144.52499389648438,144.52499389648438,4205
2026-09-21 14:12:00,1790014320,JCI,144.52499389648438,144.52499389648438,144.4600067138672,144.47000122070312,3125
2026-09-21 14:13:00,1790014380,JCI,144.47999572753906,144.5,144.47000122070312,144.47999572753906,7958
2026-09-21 14:14:00,1790014440,JCI,144.47000122070312,144.60000610351562,144.4199981689453,144.55499267578125,14881
2026-09-21 14:15:00,1790014500,JCI,144.5449981689453,144.69500732421875,144.5449981689453,144.69500732421875,10913
2026-09-21 14:16:00,1790014560,JCI,144.71499633789062,144.72000122070312,144.6999969482422,144.7100067138672,2660
2026-09-21 14:17:00,1790014620,JCI,144.69000244140625,144.69000244140625,144.64999389648438,144.6699981689453,3371
2026-09-21 14:18:00,1790014680,JCI,144.6699981689453,144.8000030517578,144.6699981689453,144.77000427246094,11712
2026-09-21 14:19:00,1790014740,JCI,144.75999450683594,144.86000061035156,144.66000366210938,144.86000061035156,10069
2026-09-21 14:20:00,1790014800,JCI,144.89999389648438,144.89999389648438,144.84500122070312,144.88499450683594,1873
2026-09-21 14:21:00,1790014860,JCI,144.88999938964844,144.88999938964844,144.88999938964844,144.88999938964844,145
2026-09-21 14:22:00,1790014920,JCI,144.91000366210938,144.9488067626953,144.91000366210938,144.9488067626953,4978
2026-09-21 14:23:00,1790014980,JCI,144.91000366210938,144.94000244140625,144.91000366210938,144.9149932861328,3208
2026-09-21 14:24:00,1790015040,JCI,144.8800048828125,144.89999389648438,144.86000061035156,144.88499450683594,1804
2026-09-21 14:25:00,1790015100,JCI,144.875,144.88499450683594,144.875,144.88499450683594,1869
2026-09-21 14:26:00,1790015160,JCI,144.83999633789062,144.8699951171875,144.82000732421875,144.83999633789062,0
2026-09-21 14:27:00,1790015220,JCI,144.84249877929688,144.85000610351562,144.84249877929688,144.85000610351562,654
2026-09-21 14:28:00,1790015280,JCI,144.85000610351562,144.85000610351562,144.80999755859375,144.80999755859375,4134
2026-09-21 14:29:00,1790015340,JCI,144.8249969482422,144.8699951171875,144.8249969482422,144.86000061035156,4887
2026-09-21 14:30:00,1790015400,JCI,144.9250030517578,144.9250030517578,144.9250030517578,144.9250030517578,676
2026-09-21 14:31:00,1790015460,JCI,144.9600067138672,144.9600067138672,144.93499755859375,144.93499755859375,2016
2026-09-21 14:32:00,1790015520,JCI,144.93499755859375,144.93499755859375,144.93499755859375,144.93499755859375,1508
2026-09-21 14:33:00,1790015580,JCI,144.94000244140625,144.94000244140625,144.94000244140625,144.94000244140625,1229
2026-09-21 14:34:00,1790015640,JCI,144.9250030517578,144.9250030517578,144.9250030517578,144.9250030517578,2149
2026-09-21 14:35:00,1790015700,JCI,144.93499755859375,144.93499755859375,144.73500061035156,144.77999877929688,9519
2026-09-21 14:36:00,1790015760,JCI,144.7550048828125,144.75750732421875,144.7550048828125,144.75750732421875,1690
2026-09-21 14:37:00,1790015820,JCI,144.75999450683594,144.75999450683594,144.75999450683594,144.75999450683594,3166
2026-09-21 14:38:00,1790015880,JCI,144.75999450683594,144.7899932861328,144.75999450683594,144.75999450683594,2188
2026-09-21 14:39:00,1790015940,JCI,144.75999450683594,144.77999877929688,144.75,144.77468872070312,4189
2026-09-21 14:39:57,1790015997,JCI,144.7747039794922,144.7747039794922,144.7747039794922,144.7747039794922,0
2026-09-21 14:40:00,1790016000,JCI,144.77499389648438,144.77499389648438,144.77499389648438,144.77499389648438,1089
2026-09-21 14:43:00,1790016180,JCI,144.77999877929688,144.77999877929688,144.72999572753906,144.76499938964844,3057
2026-09-21 14:44:00,1790016240,JCI,144.72999572753906,144.75999450683594,144.72999572753906,144.75999450683594,1432
2026-09-21 14:45:00,1790016300,JCI,144.8000030517578,144.90499877929688,144.77999877929688,144.90499877929688,6688
2026-09-21 14:46:00,1790016360,JCI,144.90499877929688,144.90499877929688,144.8699951171875,144.8699951171875,2354
2026-09-21 14:47:00,1790016420,JCI,144.88499450683594,144.89999389648438,144.88499450683594,144.89999389648438,1912
2026-09-21 14:48:00,1790016480,JCI,144.89999389648438,144.89999389648438,144.89999389648438,144.89999389648438,142
2026-09-21 14:49:00,1790016540,JCI,144.89999389648438,144.9199981689453,144.89999389648438,144.9199981689453,708
2026-09-21 14:50:00,1790016600,JCI,144.9199981689453,144.92999267578125,144.86000061035156,144.86000061035156,3299
2026-09-21 14:51:00,1790016660,JCI,144.88999938964844,144.88999938964844,144.88999938964844,144.88999938964844,189
2026-09-21 14:52:00,1790016720,JCI,144.8699951171875,144.89500427246094,144.8699951171875,144.8699951171875,2251
2026-09-21 14:53:00,1790016780,JCI,144.85000610351562,144.89999389648438,144.85000610351562,144.85009765625,2309
2026-09-21 14:54:00,1790016840,JCI,144.88499450683594,144.96499633789062,144.88499450683594,144.96499633789062,2513
2026-09-21 14:55:00,1790016900,JCI,145.00999450683594,145.0500030517578,144.99000549316406,145.03500366210938,4844
2026-09-21 14:56:00,1790016960,JCI,144.97999572753906,145.0050048828125,144.97000122070312,145.0050048828125,1634
2026-09-21 14:57:00,1790017020,JCI,144.99000549316406,144.99000549316406,144.99000549316406,144.99000549316406,789
2026-09-21 14:58:00,1790017080,JCI,144.9499969482422,144.97000122070312,144.92999267578125,144.97000122070312,3647
2026-09-21 14:59:00,1790017140,JCI,144.97500610351562,144.97500610351562,144.8699951171875,144.8699951171875,8292
2026-09-21 15:00:00,1790017200,JCI,144.8699951171875,144.88499450683594,144.83999633789062,144.8800048828125,2102
2026-09-21 15:01:00,1790017260,JCI,144.88499450683594,144.89999389648438,144.88499450683594,144.89999389648438,1600
2026-09-21 15:02:00,1790017320,JCI,144.89999389648438,144.9600067138672,144.88999938964844,144.89999389648438,5112
2026-09-21 15:03:00,1790017380,JCI,144.9149932861328,144.9149932861328,144.85000610351562,144.85000610351562,2236
2026-09-21 15:04:00,1790017440,JCI,144.8699951171875,144.8699951171875,144.75999450683594,144.83999633789062,6443
2026-09-21 15:06:00,1790017560,JCI,144.85000610351562,144.85000610351562,144.8000030517578,144.82000732421875,3042
2026-09-21 15:07:00,1790017620,JCI,144.85000610351562,144.88999938964844,144.8000030517578,144.88999938964844,5978
2026-09-21 15:08:00,1790017680,JCI,144.85499572753906,144.85499572753906,144.77999877929688,144.80499267578125,4164
2026-09-21 15:09:00,1790017740,JCI,144.77999877929688,144.79510498046875,144.77000427246094,144.79510498046875,903
2026-09-21 15:10:00,1790017800,JCI,144.77000427246094,144.77999877929688,144.74000549316406,144.7550048828125,3032
2026-09-21 15:11:00,1790017860,JCI,144.77000427246094,144.8625030517578,144.77000427246094,144.83999633789062,4429
2026-09-21 15:12:00,1790017920,JCI,144.8000030517578,144.80250549316406,144.75999450683594,144.75999450683594,2477
2026-09-21 15:13:00,1790017980,JCI,144.77000427246094,144.82000732421875,144.74000549316406,144.82000732421875,8846
2026-09-21 15:14:00,1790018040,JCI,144.80499267578125,144.8350067138672,144.80499267578125,144.80999755859375,2283
2026-09-21 15:15:00,1790018100,JCI,144.77999877929688,144.77999877929688,144.75,144.77999877929688,3026
2026-09-21 15:16:00,1790018160,JCI,144.77999877929688,144.77999877929688,144.75,144.75,2705
2026-09-21 15:17:00,1790018220,JCI,144.75999450683594,144.77999877929688,144.75999450683594,144.77499389648438,1707
2026-09-21 15:18:00,1790018280,JCI,144.75,144.75,144.72000122070312,144.74000549316406,3913
2026-09-21 15:19:00,1790018340,JCI,144.74000549316406,144.74000549316406,144.64999389648438,144.67999267578125,5793
2026-09-21 15:20:00,1790018400,JCI,144.6699981689453,144.6699981689453,144.6199951171875,144.6199951171875,2542
2026-09-21 15:21:00,1790018460,JCI,144.63999938964844,144.63999938964844,144.610107421875,144.610107421875,1136
2026-09-21 15:22:00,1790018520,JCI,144.60000610351562,144.61000061035156,144.59500122070312,144.61000061035156,1715
2026-09-21 15:23:00,1790018580,JCI,144.6300048828125,144.6300048828125,144.6199951171875,144.6199951171875,1384
2026-09-21 15:24:00,1790018640,JCI,144.60000610351562,144.60000610351562,144.5301055908203,144.5301055908203,4802
2026-09-21 15:25:00,1790018700,JCI,144.5500030517578,144.55999755859375,144.5,144.5,6413
2026-09-21 15:26:00,1790018760,JCI,144.5050048828125,144.52999877929688,144.49000549316406,144.5050048828125,8002
2026-09-21 15:27:00,1790018820,JCI,144.49000549316406,144.49000549316406,144.47000122070312,144.49000549316406,4168
2026-09-21 15:28:00,1790018880,JCI,144.5,144.52999877929688,144.5,144.52999877929688,2912
2026-09-21 15:29:00,1790018940,JCI,144.50999450683594,144.5399932861328,144.4499969482422,144.47999572753906,6182
2026-09-21 15:30:00,1790019000,JCI,144.52999877929688,144.5399932861328,144.42999267578125,144.44500732421875,8369
2026-09-21 15:31:00,1790019060,JCI,144.4199981689453,144.47000122070312,144.3699951171875,144.4600067138672,6723
2026-09-21 15:32:00,1790019120,JCI,144.42999267578125,144.4600067138672,144.36000061035156,144.36000061035156,5065
2026-09-21 15:33:00,1790019180,JCI,144.36000061035156,144.36000061035156,144.22999572753906,144.25999450683594,5443
2026-09-21 15:34:00,1790019240,JCI,144.2899932861328,144.30999755859375,144.2550048828125,144.25999450683594,7313
2026-09-21 15:35:00,1790019300,JCI,144.2899932861328,144.34500122070312,144.25999450683594,144.32000732421875,8805
2026-09-21 15:36:00,1790019360,JCI,144.3249969482422,144.3249969482422,144.24249267578125,144.2449951171875,4815
2026-09-21 15:37:00,1790019420,JCI,144.27000427246094,144.27499389648438,144.27000427246094,144.27499389648438,3842
2026-09-21 15:38:00,1790019480,JCI,144.3000030517578,144.39999389648438,144.3000030517578,144.39999389648438,5828
2026-09-21 15:39:00,1790019540,JCI,144.39999389648438,144.44000244140625,144.35000610351562,144.38999938964844,9565
2026-09-21 15:40:00,1790019600,JCI,144.3300018310547,144.35499572753906,144.31649780273438,144.31649780273438,4460
2026-09-21 15:41:00,1790019660,JCI,144.30999755859375,144.32000732421875,144.3000030517578,144.3000030517578,6118
2026-09-21 15:42:00,1790019720,JCI,144.2899932861328,144.32000732421875,144.22999572753906,144.25,11194
2026-09-21 15:43:00,1790019780,JCI,144.22030639648438,144.3000030517578,144.22030639648438,144.27000427246094,8221
2026-09-21 15:44:00,1790019840,JCI,144.27000427246094,144.33999633789062,144.27000427246094,144.30999755859375,8683
2026-09-21 15:45:00,1790019900,JCI,144.32000732421875,144.3800048828125,144.3000030517578,144.35000610351562,7702
2026-09-21 15:46:00,1790019960,JCI,144.35000610351562,144.35000610351562,144.22999572753906,144.24000549316406,6744
2026-09-21 15:47:00,1790020020,JCI,144.2550048828125,144.36000061035156,144.22999572753906,144.36000061035156,9308
2026-09-21 15:48:00,1790020080,JCI,144.3699951171875,144.41000366210938,144.35499572753906,144.36500549316406,9429
2026-09-21 15:49:00,1790020140,JCI,144.38999938964844,144.39999389648438,144.34500122070312,144.39999389648438,16555
2026-09-21 15:50:00,1790020200,JCI,144.3800048828125,144.41000366210938,144.3000030517578,144.33999633789062,12464
2026-09-21 15:51:00,1790020260,JCI,144.33999633789062,144.36500549316406,144.32000732421875,144.35000610351562,6945
2026-09-21 15:52:00,1790020320,JCI,144.3699951171875,144.3800048828125,144.3300018310547,144.3800048828125,4516
2026-09-21 15:53:00,1790020380,JCI,144.375,144.4199981689453,144.35000610351562,144.3699951171875,17438
2026-09-21 15:54:00,1790020440,JCI,144.42999267578125,144.94000244140625,144.42999267578125,144.85000610351562,26286
2026-09-21 15:55:00,1790020500,JCI,144.83999633789062,145.11000061035156,144.83999633789062,144.97999572753906,29798
2026-09-21 15:56:00,1790020560,JCI,144.97999572753906,145.07000732421875,144.94000244140625,145.07000732421875,30876
2026-09-21 15:57:00,1790020620,JCI,145.10000610351562,145.22000122070312,145.08999633789062,145.19000244140625,28098
2026-09-21 15:58:00,1790020680,JCI,145.17999267578125,145.27999877929688,145.17999267578125,145.1999969482422,45973
2026-09-21 15:59:00,1790020740,JCI,145.22999572753906,145.2899932861328,145.1699981689453,145.1699981689453,63128
2026-09-21 16:00:00,1790020800,JCI,145.17999267578125,145.17999267578125,145.17999267578125,145.17999267578125,0
2026-09-22 09:30:00,1790083800,JCI,145.0,145.2100067138672,145.0,145.2100067138672,0
2026-09-22 09:31:00,1790083860,JCI,145.22500610351562,145.24000549316406,145.1649932861328,145.1649932861328,1485
2026-09-22 09:33:00,1790083980,JCI,145.3350067138672,146.33999633789062,145.3350067138672,146.22000122070312,7791
2026-09-22 09:34:00,1790084040,JCI,146.0500030517578,146.07000732421875,145.9600067138672,145.9600067138672,1063
2026-09-22 09:35:00,1790084100,JCI,145.9499969482422,146.0,145.77999877929688,145.84500122070312,4595
2026-09-22 09:36:00,1790084160,JCI,145.9600067138672,146.2698974609375,145.77999877929688,146.2698974609375,808
2026-09-22 09:37:00,1790084220,JCI,145.74000549316406,145.74000549316406,145.4600067138672,145.47500610351562,1704
2026-09-22 09:38:00,1790084280,JCI,145.47500610351562,145.5749969482422,145.47500610351562,145.5749969482422,552
2026-09-22 09:39:00,1790084340,JCI,145.60000610351562,145.60000610351562,145.60000610351562,145.60000610351562,733
2026-09-22 09:40:00,1790084400,JCI,145.57440185546875,145.8300018310547,145.57440185546875,145.8300018310547,1772
2026-09-22 09:41:00,1790084460,JCI,145.66000366210938,145.75999450683594,145.66000366210938,145.66000366210938,2352
2026-09-22 09:42:00,1790084520,JCI,145.7449951171875,145.7449951171875,145.63999938964844,145.63999938964844,1218
2026-09-22 09:43:00,1790084580,JCI,145.61500549316406,145.72999572753906,145.61500549316406,145.6999969482422,4265
2026-09-22 09:44:00,1790084640,JCI,145.6199951171875,145.68499755859375,145.6199951171875,145.64999389648438,2213
2026-09-22 09:45:00,1790084700,JCI,145.5500030517578,145.57000732421875,145.4199981689453,145.4250030517578,3285
2026-09-22 09:46:00,1790084760,JCI,145.33999633789062,145.47000122070312,145.28500366210938,145.28500366210938,3121
2026-09-22 09:47:00,1790084820,JCI,145.17999267578125,145.24000549316406,145.05999755859375,145.05999755859375,1637
2026-09-22 09:48:00,1790084880,JCI,145.07000732421875,145.2550048828125,145.07000732421875,145.2550048828125,3286
2026-09-22 09:49:00,1790084940,JCI,145.26499938964844,145.3800048828125,145.26499938964844,145.3800048828125,1921
2026-09-22 09:50:00,1790085000,JCI,145.22999572753906,145.3300018310547,145.11500549316406,145.3300018310547,3308
2026-09-22 09:51:00,1790085060,JCI,145.3800048828125,145.3800048828125,145.26499938964844,145.35499572753906,3392
2026-09-22 09:53:00,1790085180,JCI,145.22000122070312,145.24000549316406,145.1199951171875,145.1199951171875,3903
2026-09-22 09:54:00,1790085240,JCI,145.11000061035156,145.25,145.11000061035156,145.25,1963
2026-09-22 09:55:00,1790085300,JCI,145.25999450683594,145.2899932861328,145.22500610351562,145.25,2162
2026-09-22 09:56:00,1790085360,JCI,145.27000427246094,145.27000427246094,145.15499877929688,145.25999450683594,1834
2026-09-22 09:57:00,1790085420,JCI,145.2899932861328,145.4199981689453,145.27000427246094,145.3350067138672,5668
2026-09-22 09:58:00,1790085480,JCI,145.3350067138672,145.5,145.3350067138672,145.5,3130
2026-09-22 09:59:00,1790085540,JCI,145.42999267578125,145.65499877929688,145.4199981689453,145.65499877929688,5163
2026-09-22 10:00:00,1790085600,JCI,145.6699981689453,145.6699981689453,145.52000427246094,145.55999755859375,2442
2026-09-22 10:01:00,1790085660,JCI,145.52999877929688,145.60000610351562,145.47000122070312,145.50999450683594,6731
2026-09-22 10:02:00,1790085720,JCI,145.4499969482422,145.4499969482422,145.35499572753906,145.35499572753906,2248
2026-09-22 10:03:00,1790085780,JCI,145.4600067138672,145.4600067138672,145.3300018310547,145.3300018310547,1826
2026-09-22 10:04:00,1790085840,JCI,145.35000610351562,145.4499969482422,145.35000610351562,145.4499969482422,1380
2026-09-22 10:05:00,1790085900,JCI,145.47999572753906,145.5392608642578,145.4600067138672,145.4600067138672,3412
2026-09-22 10:06:00,1790085960,JCI,145.47500610351562,145.47500610351562,145.4550018310547,145.4600067138672,1721
2026-09-22 10:07:00,1790086020,JCI,145.47500610351562,145.47500610351562,145.2899932861328,145.3699951171875,4036
2026-09-22 10:08:00,1790086080,JCI,145.25999450683594,145.27000427246094,145.1699981689453,145.1699981689453,1581
2026-09-22 10:09:00,1790086140,JCI,145.15499877929688,145.1699981689453,145.09500122070312,145.1300048828125,2305
2026-09-22 10:10:00,1790086200,JCI,145.19000244140625,145.19000244140625,145.0,145.0449981689453,4412
2026-09-22 10:11:00,1790086260,JCI,145.08999633789062,145.08999633789062,144.9600067138672,145.02499389648438,2386
2026-09-22 10:12:00,1790086320,JCI,145.10000610351562,145.25,145.0449981689453,145.0850067138672,4010
2026-09-22 10:13:00,1790086380,JCI,145.0800018310547,145.0800018310547,144.68499755859375,144.8249969482422,14123
2026-09-22 10:14:00,1790086440,JCI,144.88999938964844,144.9600067138672,144.88999938964844,144.9499969482422,1694
2026-09-22 10:15:00,1790086500,JCI,144.75999450683594,144.75999450683594,144.51010131835938,144.5500030517578,4319
2026-09-22 10:16:00,1790086560,JCI,144.42999267578125,144.5500030517578,144.2899932861328,144.2899932861328,2812
2026-09-22 10:17:00,1790086620,JCI,144.29849243164062,144.4199981689453,144.27999877929688,144.4199981689453,4449
2026-09-22 10:18:00,1790086680,JCI,144.41000366210938,144.51499938964844,144.34500122070312,144.51499938964844,13859
2026-09-22 10:19:00,1790086740,JCI,144.65499877929688,144.78500366210938,144.64999389648438,144.67999267578125,5255
2026-09-22 10:20:00,1790086800,JCI,144.625,144.72000122070312,144.625,144.72000122070312,1163
2026-09-22 10:21:00,1790086860,JCI,144.6199951171875,144.86000061035156,144.61000061035156,144.78738403320312,10098
2026-09-22 10:22:00,1790086920,JCI,144.76499938964844,144.86000061035156,144.76499938964844,144.86000061035156,2579
2026-09-22 10:23:00,1790086980,JCI,144.97500610351562,144.97500610351562,144.9199981689453,144.97500610351562,2131
2026-09-22 10:24:00,1790087040,JCI,144.97500610351562,145.17999267578125,144.97500610351562,145.14439392089844,1975
2026-09-22 10:25:00,1790087100,JCI,145.1199951171875,145.15499877929688,145.08999633789062,145.1300048828125,4357
2026-09-22 10:26:00,1790087160,JCI,145.1199951171875,145.14999389648438,144.93499755859375,145.02000427246094,12173
2026-09-22 10:27:00,1790087220,JCI,145.07000732421875,145.08999633789062,145.07000732421875,145.08999633789062,760
2026-09-22 10:28:00,1790087280,JCI,145.08999633789062,145.10000610351562,145.02499389648438,145.08999633789062,2246
2026-09-22 10:29:00,1790087340,JCI,145.11500549316406,145.11500549316406,145.11500549316406,145.11500549316406,3560
2026-09-22 10:30:00,1790087400,JCI,145.11500549316406,145.30999755859375,145.02499389648438,145.19000244140625,5291
2026-09-22 10:31:00,1790087460,JCI,145.19000244140625,145.38999938964844,145.18499755859375,145.36000061035156,4339
2026-09-22 10:32:00,1790087520,JCI,145.38999938964844,145.38999938964844,145.27000427246094,145.32000732421875,6940
2026-09-22 10:33:00,1790087580,JCI,145.41000366210938,145.47000122070312,145.41000366210938,145.4199981689453,2995
2026-09-22 10:34:00,1790087640,JCI,145.3800048828125,145.4199981689453,145.24000549316406,145.24000549316406,5504
2026-09-22 10:35:00,1790087700,JCI,145.25,145.25999450683594,145.07000732421875,145.08999633789062,4394
2026-09-22 10:36:00,1790087760,JCI,144.92999267578125,144.93499755859375,144.86000061035156,144.86000061035156,1958
2026-09-22 10:37:00,1790087820,JCI,144.88999938964844,144.97000122070312,144.88999938964844,144.9149932861328,2995
2026-09-22 10:38:00,1790087880,JCI,144.9499969482422,144.9499969482422,144.90199279785156,144.90199279785156,1255
2026-09-22 10:39:00,1790087940,JCI,145.0,145.10000610351562,144.89999389648438,144.89999389648438,5495
2026-09-22 10:41:00,1790088060,JCI,144.85000610351562,144.88999938964844,144.85000610351562,144.8699951171875,2032
2026-09-22 10:42:00,1790088120,JCI,144.8300018310547,144.8300018310547,144.8300018310547,144.8300018310547,1324
2026-09-22 10:43:00,1790088180,JCI,144.75,144.8000030517578,144.75,144.8000030517578,1496
2026-09-22 10:44:00,1790088240,JCI,144.74000549316406,144.8300018310547,144.74000549316406,144.81500244140625,1122
2026-09-22 10:45:00,1790088300,JCI,144.72999572753906,144.72999572753906,144.6699981689453,144.6999969482422,1676
2026-09-22 10:46:00,1790088360,JCI,144.5500030517578,144.5500030517578,144.5500030517578,144.5500030517578,606
2026-09-22 10:47:00,1790088420,JCI,144.5749969482422,144.67999267578125,144.5749969482422,144.67999267578125,1288
2026-09-22 10:48:00,1790088480,JCI,144.68499755859375,144.75,144.64500427246094,144.74000549316406,4371
2026-09-22 10:50:00,1790088600,JCI,144.83999633789062,144.88999938964844,144.8300018310547,144.8300018310547,2768
2026-09-22 10:51:00,1790088660,JCI,144.80999755859375,144.88800048828125,144.75,144.75,2978
2026-09-22 10:52:00,1790088720,JCI,144.75,144.86000061035156,144.75,144.8000030517578,3343
2026-09-22 10:53:00,1790088780,JCI,144.8000030517578,144.8000030517578,144.75,144.75,2172
2026-09-22 10:54:00,1790088840,JCI,144.75,144.7899932861328,144.71009826660156,144.7899932861328,2902
2026-09-22 10:55:00,1790088900,JCI,144.75999450683594,144.88999938964844,144.75999450683594,144.88999938964844,2020
2026-09-22 10:56:00,1790088960,JCI,144.91000366210938,144.91000366210938,144.8350067138672,144.85499572753906,1783
2026-09-22 10:57:00,1790089020,JCI,144.85499572753906,144.89990234375,144.80540466308594,144.85000610351562,1191
2026-09-22 10:58:00,1790089080,JCI,144.89999389648438,144.89999389648438,144.80499267578125,144.80499267578125,2544
2026-09-22 10:59:00,1790089140,JCI,144.75999450683594,144.75999450683594,144.72000122070312,144.75999450683594,1319
2026-09-22 11:00:00,1790089200,JCI,144.7899932861328,144.8699951171875,144.76499938964844,144.8699951171875,1325
2026-09-22 11:01:00,1790089260,JCI,144.82000732421875,144.88499450683594,144.77000427246094,144.88499450683594,2075
2026-09-22 11:02:00,1790089320,JCI,144.88499450683594,144.88499450683594,144.8000030517578,144.8000030517578,2498
2026-09-22 11:03:00,1790089380,JCI,144.86000061035156,144.86000061035156,144.7899932861328,144.7899932861328,1949
2026-09-22 11:04:00,1790089440,JCI,144.8000030517578,144.88999938964844,144.8000030517578,144.88999938964844,1462
2026-09-22 11:05:00,1790089500,JCI,144.8300018310547,144.94000244140625,144.8300018310547,144.94000244140625,2135
2026-09-22 11:06:00,1790089560,JCI,144.94000244140625,144.97000122070312,144.83999633789062,144.88560485839844,3874
2026-09-22 11:07:00,1790089620,JCI,144.9199981689453,144.97999572753906,144.90499877929688,144.9499969482422,1718
2026-09-22 11:08:00,1790089680,JCI,144.91000366210938,144.91000366210938,144.8699951171875,144.91000366210938,1550
2026-09-22 11:09:00,1790089740,JCI,144.8699951171875,144.9499969482422,144.8699951171875,144.93849182128906,939
2026-09-22 11:10:00,1790089800,JCI,144.88999938964844,144.9600067138672,144.88999938964844,144.9600067138672,1488
2026-09-22 11:11:00,1790089860,JCI,144.92999267578125,144.92999267578125,144.89999389648438,144.89999389648438,1656
2026-09-22 11:12:00,1790089920,JCI,144.89999389648438,144.9600067138672,144.85000610351562,144.9600067138672,1477
2026-09-22 11:13:00,1790089980,JCI,144.89999389648438,145.0,144.83999633789062,145.0,4723
2026-09-22 11:14:00,1790090040,JCI,145.08999633789062,145.13499450683594,145.05999755859375,145.0800018310547,3513
2026-09-22 11:15:00,1790090100,JCI,145.06500244140625,145.10000610351562,145.06500244140625,145.0800018310547,2139
2026-09-22 11:16:00,1790090160,JCI,145.0500030517578,145.0500030517578,145.02000427246094,145.02499389648438,2231
2026-09-22 11:17:00,1790090220,JCI,144.99000549316406,145.0,144.94000244140625,144.94000244140625,1582
2026-09-22 11:18:00,1790090280,JCI,144.80999755859375,144.86000061035156,144.78500366210938,144.84500122070312,3397
2026-09-22 11:19:00,1790090340,JCI,144.8300018310547,144.85000610351562,144.7899932861328,144.7899932861328,1884
2026-09-22 11:20:00,1790090400,JCI,144.75,144.7550048828125,144.7100067138672,144.72000122070312,1168
2026-09-22 11:21:00,1790090460,JCI,144.7899932861328,144.88999938964844,144.7899932861328,144.8699951171875,2057
2026-09-22 11:22:00,1790090520,JCI,144.875,144.91000366210938,144.84500122070312,144.84500122070312,4246
2026-09-22 11:23:00,1790090580,JCI,144.77999877929688,144.8800048828125,144.77999877929688,144.85000610351562,3349
2026-09-22 11:24:00,1790090640,JCI,144.88999938964844,144.88999938964844,144.86000061035156,144.86000061035156,1421
2026-09-22 11:25:00,1790090700,JCI,144.91000366210938,145.0399932861328,144.91000366210938,145.0399932861328,3615
2026-09-22 11:26:00,1790090760,JCI,144.9499969482422,144.97000122070312,144.9499969482422,144.97000122070312,1278
2026-09-22 11:27:00,1790090820,JCI,144.91000366210938,144.91000366210938,144.8748016357422,144.8748016357422,940
2026-09-22 11:28:00,1790090880,JCI,144.9199981689453,145.0,144.89999389648438,144.9600067138672,6473
2026-09-22 11:29:00,1790090940,JCI,144.9600067138672,144.9600067138672,144.9199981689453,144.9600067138672,1920
2026-09-22 11:30:00,1790091000,JCI,144.9600067138672,145.10000610351562,144.9600067138672,145.0449981689453,6167
2026-09-22 11:31:00,1790091060,JCI,145.0449981689453,145.16000366210938,145.0041046142578,145.1199951171875,2786
2026-09-22 11:32:00,1790091120,JCI,145.125,145.125,145.1199951171875,145.125,1994
2026-09-22 11:33:00,1790091180,JCI,145.10000610351562,145.10000610351562,145.0500030517578,145.0800018310547,883
2026-09-22 11:34:00,1790091240,JCI,145.0800018310547,145.0800018310547,145.05499267578125,145.05999755859375,1070
2026-09-22 11:35:00,1790091300,JCI,145.02000427246094,145.08999633789062,145.02000427246094,145.05499267578125,7017
2026-09-22 11:36:00,1790091360,JCI,145.02999877929688,145.18600463867188,145.02999877929688,145.14999389648438,6607
2026-09-22 11:37:00,1790091420,JCI,145.16000366210938,145.1999969482422,145.15499877929688,145.1699981689453,3286
2026-09-22 11:38:00,1790091480,JCI,145.1649932861328,145.2100067138672,145.16000366210938,145.2100067138672,2472
2026-09-22 11:39:00,1790091540,JCI,145.25999450683594,145.25999450683594,145.25999450683594,145.25999450683594,2433
2026-09-22 11:40:00,1790091600,JCI,145.25999450683594,145.25999450683594,145.1649932861328,145.1999969482422,5307
2026-09-22 11:41:00,1790091660,JCI,145.17999267578125,145.25,145.05499267578125,145.0850067138672,5343
2026-09-22 11:42:00,1790091720,JCI,145.1300048828125,145.1300048828125,145.11000061035156,145.11000061035156,1750
2026-09-22 11:43:00,1790091780,JCI,145.16510009765625,145.25,145.16510009765625,145.25,1985
2026-09-22 11:44:00,1790091840,JCI,145.23500061035156,145.24000549316406,145.17999267578125,145.1999969482422,1520
2026-09-22 11:45:00,1790091900,JCI,145.1999969482422,145.24000549316406,145.1199951171875,145.1199951171875,4258
2026-09-22 11:46:00,1790091960,JCI,145.1199951171875,145.13999938964844,145.05499267578125,145.05499267578125,2689
2026-09-22 11:47:00,1790092020,JCI,145.05499267578125,145.15899658203125,145.05499267578125,145.15899658203125,4236
2026-09-22 11:48:00,1790092080,JCI,145.16000366210938,145.1699981689453,145.16000366210938,145.1699981689453,827
2026-09-22 11:49:00,1790092140,JCI,145.1300048828125,145.17999267578125,145.1300048828125,145.13999938964844,1991
2026-09-22 11:50:00,1790092200,JCI,145.1199951171875,145.32000732421875,145.1199951171875,145.32000732421875,6299
2026-09-22 11:51:00,1790092260,JCI,145.3000030517578,145.33999633789062,145.3000030517578,145.32000732421875,2806
2026-09-22 11:52:00,1790092320,JCI,145.3000030517578,145.36000061035156,145.3000030517578,145.36000061035156,944
2026-09-22 11:53:00,1790092380,JCI,145.39999389648438,145.44000244140625,145.3800048828125,145.4199981689453,4736
2026-09-22 11:54:00,1790092440,JCI,145.41000366210938,145.49000549316406,145.41000366210938,145.48500061035156,2728
2026-09-22 11:55:00,1790092500,JCI,145.5,145.6199951171875,145.5,145.5800018310547,2729
2026-09-22 11:56:00,1790092560,JCI,145.5850067138672,145.6699981689453,145.5850067138672,145.6699981689453,2321
2026-09-22 11:57:00,1790092620,JCI,145.67999267578125,145.67999267578125,145.67999267578125,145.67999267578125,656
2026-09-22 11:58:00,1790092680,JCI,145.77000427246094,145.77000427246094,145.6999969482422,145.7100067138672,7034
2026-09-22 11:59:00,1790092740,JCI,145.7100067138672,145.9250030517578,145.7100067138672,145.9250030517578,5141
2026-09-22 12:00:00,1790092800,JCI,145.8699951171875,146.05999755859375,145.8699951171875,146.01499938964844,6822
2026-09-22 12:01:00,1790092860,JCI,146.02000427246094,146.05999755859375,145.8300018310547,145.9199981689453,8800
2026-09-22 12:02:00,1790092920,JCI,145.91000366210938,145.9499969482422,145.88999938964844,145.9199981689453,1030
2026-09-22 12:03:00,1790092980,JCI,145.94900512695312,145.94900512695312,145.8699951171875,145.94000244140625,2455
2026-09-22 12:04:00,1790093040,JCI,145.94000244140625,145.94000244140625,145.8699951171875,145.8699951171875,1892
2026-09-22 12:05:00,1790093100,JCI,145.8699951171875,145.89999389648438,145.74000549316406,145.7899932861328,2422
2026-09-22 12:06:00,1790093160,JCI,145.7899932861328,145.7899932861328,145.7899932861328,145.7899932861328,878
2026-09-22 12:07:00,1790093220,JCI,145.7899932861328,145.86000061035156,145.7899932861328,145.86000061035156,2461
2026-09-22 12:08:00,1790093280,JCI,145.86500549316406,145.91000366210938,145.86500549316406,145.91000366210938,1073
2026-09-22 12:09:00,1790093340,JCI,145.875,145.875,145.75999450683594,145.80999755859375,2520
2026-09-22 12:10:00,1790093400,JCI,145.77499389648438,145.79989624023438,145.74000549316406,145.79989624023438,1519
2026-09-22 12:11:00,1790093460,JCI,145.77499389648438,145.77499389648438,145.77499389648438,145.77499389648438,1748
2026-09-22 12:12:00,1790093520,JCI,145.77499389648438,145.77499389648438,145.77499389648438,145.77499389648438,388
2026-09-22 12:13:00,1790093580,JCI,145.77499389648438,145.82000732421875,145.77499389648438,145.82000732421875,2356
2026-09-22 12:14:00,1790093640,JCI,145.8000030517578,145.8000030517578,145.77499389648438,145.8000030517578,3695
2026-09-22 12:15:00,1790093700,JCI,145.6750030517578,145.6750030517578,145.6750030517578,145.6750030517578,1027
2026-09-22 12:16:00,1790093760,JCI,145.64999389648438,145.6999969482422,145.64999389648438,145.6999969482422,933
2026-09-22 12:17:00,1790093820,JCI,145.66000366210938,145.72999572753906,145.63499450683594,145.7100067138672,4581
2026-09-22 12:18:00,1790093880,JCI,145.71499633789062,145.74000549316406,145.7050018310547,145.74000549316406,1999
2026-09-22 12:19:00,1790093940,JCI,145.72500610351562,145.72500610351562,145.69000244140625,145.69000244140625,1351
2026-09-22 12:20:00,1790094000,JCI,145.6300048828125,145.6300048828125,145.5749969482422,145.5800018310547,3822
2026-09-22 12:22:00,1790094120,JCI,145.61500549316406,145.61500549316406,145.61500549316406,145.61500549316406,778
2026-09-22 12:23:00,1790094180,JCI,145.61500549316406,145.61500549316406,145.46749877929688,145.46749877929688,4447
2026-09-22 12:24:00,1790094240,JCI,145.4499969482422,145.4499969482422,145.43629455566406,145.43629455566406,502
2026-09-22 12:25:00,1790094300,JCI,145.47500610351562,145.5399932861328,145.47500610351562,145.52000427246094,2917
2026-09-22 12:26:00,1790094360,JCI,145.5,145.5,145.4600067138672,145.4600067138672,2276
2026-09-22 12:27:00,1790094420,JCI,145.4250030517578,145.4250030517578,145.4250030517578,145.4250030517578,367
2026-09-22 12:28:00,1790094480,JCI,145.44500732421875,145.4499969482422,145.42100524902344,145.42100524902344,1640
2026-09-22 12:29:00,1790094540,JCI,145.47000122070312,145.47999572753906,145.4199981689453,145.47999572753906,6429
2026-09-22 12:30:00,1790094600,JCI,145.50999450683594,145.5800018310547,145.50999450683594,145.56500244140625,2130
2026-09-22 12:31:00,1790094660,JCI,145.56500244140625,145.5749969482422,145.56500244140625,145.5749969482422,1356
2026-09-22 12:32:00,1790094720,JCI,145.57000732421875,145.57000732421875,145.57000732421875,145.57000732421875,335
2026-09-22 12:33:00,1790094780,JCI,145.52999877929688,145.52999877929688,145.47999572753906,145.47999572753906,3258
2026-09-22 12:34:00,1790094840,JCI,145.4199981689453,145.47000122070312,145.41000366210938,145.47000122070312,3576
2026-09-22 12:36:00,1790094960,JCI,145.42999267578125,145.4499969482422,145.42999267578125,145.4499969482422,2717
2026-09-22 12:37:00,1790095020,JCI,145.4199981689453,145.4199981689453,145.38999938964844,145.38999938964844,1591
2026-09-22 12:38:00,1790095080,JCI,145.43150329589844,145.43150329589844,145.35000610351562,145.35000610351562,2438
2026-09-22 12:39:00,1790095140,JCI,145.38499450683594,145.42999267578125,145.38499450683594,145.39999389648438,2675
2026-09-22 12:40:00,1790095200,JCI,145.41000366210938,145.4199981689453,145.40249633789062,145.4199981689453,2686
2026-09-22 12:42:00,1790095320,JCI,145.4600067138672,145.4600067138672,145.44500732421875,145.44500732421875,1302
2026-09-22 12:43:00,1790095380,JCI,145.4499969482422,145.4550018310547,145.4499969482422,145.4550018310547,799
2026-09-22 12:44:00,1790095440,JCI,145.4550018310547,145.4550018310547,145.44000244140625,145.44000244140625,1454
2026-09-22 12:45:00,1790095500,JCI,145.42999267578125,145.5449981689453,145.42999267578125,145.51499938964844,6414
2026-09-22 12:46:00,1790095560,JCI,145.5399932861328,145.5800018310547,145.5399932861328,145.5800018310547,2764
2026-09-22 12:47:00,1790095620,JCI,145.5800018310547,145.6300048828125,145.5800018310547,145.60499572753906,4156
2026-09-22 12:48:00,1790095680,JCI,145.60499572753906,145.69500732421875,145.58999633789062,145.69500732421875,6425
2026-09-22 12:49:00,1790095740,JCI,145.69000244140625,145.8000030517578,145.69000244140625,145.77000427246094,4141
2026-09-22 12:50:00,1790095800,JCI,145.77000427246094,145.77000427246094,145.6649932861328,145.6999969482422,2323
2026-09-22 12:51:00,1790095860,JCI,145.68499755859375,145.68499755859375,145.68499755859375,145.68499755859375,467
2026-09-22 12:52:00,1790095920,JCI,145.63999938964844,145.74000549316406,145.63999938964844,145.6699981689453,930
2026-09-22 12:53:00,1790095980,JCI,145.60000610351562,145.84640502929688,145.60000610351562,145.84640502929688,3471
2026-09-22 12:54:00,1790096040,JCI,145.80999755859375,145.9199981689453,145.80999755859375,145.83999633789062,29823
2026-09-22 12:55:00,1790096100,JCI,145.875,145.875,145.86000061035156,145.86000061035156,1099
2026-09-22 12:56:00,1790096160,JCI,145.7899932861328,145.83999633789062,145.72000122070312,145.72000122070312,4069
2026-09-22 12:57:00,1790096220,JCI,145.72000122070312,145.72000122070312,145.6300048828125,145.6999969482422,6808
2026-09-22 12:58:00,1790096280,JCI,145.77000427246094,145.77000427246094,145.75,145.75,1643
2026-09-22 12:59:00,1790096340,JCI,145.74000549316406,145.7949981689453,145.74000549316406,145.7949981689453,1769
2026-09-22 13:00:00,1790096400,JCI,145.8000030517578,145.83990478515625,145.8000030517578,145.83990478515625,1297
2026-09-22 13:01:00,1790096460,JCI,145.77000427246094,145.7899932861328,145.69000244140625,145.69000244140625,2458
2026-09-22 13:02:00,1790096520,JCI,145.63999938964844,145.69000244140625,145.6300048828125,145.67999267578125,4359
2026-09-22 13:03:00,1790096580,JCI,145.63999938964844,145.63999938964844,145.63999938964844,145.63999938964844,1026
2026-09-22 13:04:00,1790096640,JCI,145.6699981689453,145.6699981689453,145.66000366210938,145.66000366210938,947
2026-09-22 13:05:00,1790096700,JCI,145.60009765625,145.6999969482422,145.60009765625,145.69000244140625,1849
2026-09-22 13:06:00,1790096760,JCI,145.66000366210938,145.6999969482422,145.63999938964844,145.6999969482422,1168
2026-09-22 13:07:00,1790096820,JCI,145.63999938964844,145.6790008544922,145.58999633789062,145.6790008544922,2294
2026-09-22 13:08:00,1790096880,JCI,145.63499450683594,145.67999267578125,145.63499450683594,145.6699981689453,2592
2026-09-22 13:09:00,1790096940,JCI,145.6199951171875,145.6199951171875,145.5800018310547,145.5800018310547,3559
2026-09-22 13:10:00,1790097000,JCI,145.5800018310547,145.64999389648438,145.5800018310547,145.64999389648438,2091
2026-09-22 13:11:00,1790097060,JCI,145.61000061035156,145.64999389648438,145.52999877929688,145.52999877929688,3361
2026-09-22 13:12:00,1790097120,JCI,145.5487060546875,145.5487060546875,145.52999877929688,145.52999877929688,1417
2026-09-22 13:13:00,1790097180,JCI,145.5399932861328,145.5399932861328,145.41000366210938,145.41000366210938,3388
2026-09-22 13:14:00,1790097240,JCI,145.4149932861328,145.4149932861328,145.3000030517578,145.35000610351562,3079
2026-09-22 13:15:00,1790097300,JCI,145.35499572753906,145.35499572753906,145.30999755859375,145.30999755859375,1463
2026-09-22 13:16:00,1790097360,JCI,145.33999633789062,145.40499877929688,145.3350067138672,145.40499877929688,1438
2026-09-22 13:17:00,1790097420,JCI,145.40499877929688,145.4398956298828,145.40499877929688,145.42129516601562,2738
2026-09-22 13:18:00,1790097480,JCI,145.4600067138672,145.47999572753906,145.4600067138672,145.47999572753906,2057
2026-09-22 13:19:00,1790097540,JCI,145.44000244140625,145.47500610351562,145.44000244140625,145.47500610351562,1159
2026-09-22 13:20:00,1790097600,JCI,145.47500610351562,145.47500610351562,145.41000366210938,145.43359375,2679
2026-09-22 13:22:00,1790097720,JCI,145.38999938964844,145.38999938964844,145.3000030517578,145.33999633789062,3939
2026-09-22 13:23:00,1790097780,JCI,145.30499267578125,145.30499267578125,145.30499267578125,145.30499267578125,588
2026-09-22 13:24:00,1790097840,JCI,145.3300018310547,145.36000061035156,145.2899932861328,145.36000061035156,3346
2026-09-22 13:25:00,1790097900,JCI,145.27999877929688,145.27999877929688,145.27999877929688,145.27999877929688,0
2026-09-22 13:26:00,1790097960,JCI,145.25,145.2899932861328,145.25,145.2899932861328,2163
2026-09-22 13:27:00,1790098020,JCI,145.2899932861328,145.3000030517578,145.2899932861328,145.2949981689453,2017
2026-09-22 13:28:00,1790098080,JCI,145.2949981689453,145.3300018310547,145.2949981689453,145.3300018310547,3628
2026-09-22 13:29:00,1790098140,JCI,145.41000366210938,145.44000244140625,145.41000366210938,145.44000244140625,2172
2026-09-22 13:30:00,1790098200,JCI,145.44000244140625,145.47999572753906,145.44000244140625,145.47999572753906,1314
2026-09-22 13:31:00,1790098260,JCI,145.47000122070312,145.47000122070312,145.4600067138672,145.4600067138672,3635
2026-09-22 13:32:00,1790098320,JCI,145.49000549316406,145.49000549316406,145.49000549316406,145.49000549316406,477
2026-09-22 13:33:00,1790098380,JCI,145.49000549316406,145.55999755859375,145.49000549316406,145.55999755859375,1761
2026-09-22 13:34:00,1790098440,JCI,145.55999755859375,145.5850067138672,145.55999755859375,145.5800018310547,2445
2026-09-22 13:35:00,1790098500,JCI,145.58999633789062,145.61000061035156,145.58859252929688,145.58859252929688,2543
2026-09-22 13:36:00,1790098560,JCI,145.58999633789062,145.6300048828125,145.5500946044922,145.6300048828125,16373
2026-09-22 13:37:00,1790098620,JCI,145.57009887695312,145.57009887695312,145.50999450683594,145.50999450683594,12717
2026-09-22 13:38:00,1790098680,JCI,145.52000427246094,145.52000427246094,145.38999938964844,145.38999938964844,2209
2026-09-22 13:39:00,1790098740,JCI,145.36000061035156,145.37600708007812,145.36000061035156,145.37600708007812,1025
2026-09-22 13:39:46,1790098786,JCI,145.37600708007812,145.37600708007812,145.37600708007812,145.37600708007812,0
2026-09-22 13:40:00,1790098800,JCI,145.3800048828125,145.3800048828125,145.3800048828125,145.3800048828125,417
2026-09-22 13:41:00,1790098860,JCI,145.35499572753906,145.41000366210938,145.35499572753906,145.38999938964844,2907
2026-09-22 13:42:00,1790098920,JCI,145.38999938964844,145.42999267578125,145.38999938964844,145.4199981689453,2941
2026-09-22 13:43:00,1790098980,JCI,145.4600067138672,145.47000122070312,145.4600067138672,145.47000122070312,987
2026-09-22 13:44:00,1790099040,JCI,145.44749450683594,145.50689697265625,145.44749450683594,145.47999572753906,3316
2026-09-22 13:45:00,1790099100,JCI,145.49000549316406,145.60000610351562,145.49000549316406,145.5749969482422,3187
2026-09-22 13:46:00,1790099160,JCI,145.5749969482422,145.5749969482422,145.5500030517578,145.5500030517578,1899
2026-09-22 13:47:00,1790099220,JCI,145.5800018310547,145.5800018310547,145.5399932861328,145.5399932861328,2899
2026-09-22 13:48:00,1790099280,JCI,145.55999755859375,145.57000732421875,145.55999755859375,145.57000732421875,1346
2026-09-22 13:49:00,1790099340,JCI,145.55999755859375,145.6699981689453,145.5449981689453,145.6300048828125,11942
2026-09-22 13:50:00,1790099400,JCI,145.64999389648438,145.75,145.63499450683594,145.7449951171875,5918
2026-09-22 13:51:00,1790099460,JCI,145.7449951171875,145.75,145.7449951171875,145.75,1220
2026-09-22 13:52:00,1790099520,JCI,145.75,145.9199981689453,145.75,145.88999938964844,17649
2026-09-22 13:53:00,1790099580,JCI,145.85000610351562,145.88999938964844,145.7899932861328,145.8300018310547,4191
2026-09-22 13:54:00,1790099640,JCI,145.8300018310547,145.9600067138672,145.82000732421875,145.9600067138672,20053
2026-09-22 13:55:00,1790099700,JCI,145.99000549316406,146.0478973388672,145.96499633789062,145.96499633789062,3954
2026-09-22 13:56:00,1790099760,JCI,146.0,146.0500030517578,145.85000610351562,145.99000549316406,8380
2026-09-22 13:57:00,1790099820,JCI,145.97500610351562,145.99000549316406,145.97500610351562,145.99000549316406,3540
2026-09-22 13:58:00,1790099880,JCI,145.98500061035156,146.02999877929688,145.98500061035156,146.0050048828125,2992
2026-09-22 13:59:00,1790099940,JCI,146.02000427246094,146.02000427246094,146.02000427246094,146.02000427246094,998
2026-09-22 14:00:00,1790100000,JCI,146.02000427246094,146.02000427246094,145.94000244140625,145.94500732421875,4105
2026-09-22 14:01:00,1790100060,JCI,145.94500732421875,145.94500732421875,145.8699951171875,145.90499877929688,3179
2026-09-22 14:02:00,1790100120,JCI,145.86000061035156,145.9600067138672,145.8350067138672,145.9600067138672,3543
2026-09-22 14:03:00,1790100180,JCI,145.9550018310547,145.97999572753906,145.9550018310547,145.97999572753906,1716
2026-09-22 14:04:00,1790100240,JCI,146.0050048828125,146.14500427246094,146.0,146.14500427246094,7814
2026-09-22 14:05:00,1790100300,JCI,146.14999389648438,146.1999969482422,146.14999389648438,146.1999969482422,1888
2026-09-22 14:06:00,1790100360,JCI,146.1999969482422,146.3174285888672,146.1999969482422,146.27999877929688,9292
2026-09-22 14:07:00,1790100420,JCI,146.27000427246094,146.30999755859375,146.19000244140625,146.19000244140625,4716
2026-09-22 14:08:00,1790100480,JCI,146.24000549316406,146.34500122070312,146.24000549316406,146.3350067138672,3984
2026-09-22 14:10:00,1790100600,JCI,146.32000732421875,146.52000427246094,146.30499267578125,146.40249633789062,32017
2026-09-22 14:11:00,1790100660,JCI,146.4600067138672,146.4600067138672,146.25999450683594,146.36000061035156,3783
2026-09-22 14:12:00,1790100720,JCI,146.3300018310547,146.3800048828125,146.3300018310547,146.3350067138672,1631
2026-09-22 14:13:00,1790100780,JCI,146.27999877929688,146.32000732421875,146.1699981689453,146.2100067138672,6170
2026-09-22 14:14:00,1790100840,JCI,146.2100067138672,146.25999450683594,146.2100067138672,146.22000122070312,4341
2026-09-22 14:15:00,1790100900,JCI,146.25,146.3699951171875,146.24000549316406,146.3300018310547,7002
2026-09-22 14:16:00,1790100960,JCI,146.3699951171875,146.4250030517578,146.3300018310547,146.4250030517578,4584
2026-09-22 14:17:00,1790101020,JCI,146.3699951171875,146.3699951171875,146.33999633789062,146.33999633789062,5371
2026-09-22 14:18:00,1790101080,JCI,146.22999572753906,146.27499389648438,146.22000122070312,146.22000122070312,4037
2026-09-22 14:19:00,1790101140,JCI,146.19500732421875,146.22999572753906,146.19500732421875,146.22999572753906,1987
2026-09-22 14:20:00,1790101200,JCI,146.36000061035156,146.36000061035156,146.36000061035156,146.36000061035156,1674
2026-09-22 14:21:00,1790101260,JCI,146.39999389648438,146.4250030517578,146.38999938964844,146.38999938964844,3575
2026-09-22 14:22:00,1790101320,JCI,146.4149932861328,146.4149932861328,146.3699951171875,146.3800048828125,2380
2026-09-22 14:23:00,1790101380,JCI,146.35000610351562,146.3800048828125,146.35000610351562,146.3699951171875,2910
2026-09-22 14:24:00,1790101440,JCI,146.35000610351562,146.42999267578125,146.32000732421875,146.375,5512
2026-09-22 14:25:00,1790101500,JCI,146.375,146.39930725097656,146.375,146.375,4145
2026-09-22 14:26:00,1790101560,JCI,146.375,146.4199981689453,146.375,146.40499877929688,4570
2026-09-22 14:27:00,1790101620,JCI,146.3800048828125,146.3800048828125,146.360107421875,146.3699951171875,3713
2026-09-22 14:28:00,1790101680,JCI,146.3699951171875,146.3699951171875,146.35000610351562,146.35000610351562,1329
2026-09-22 14:29:00,1790101740,JCI,146.3800048828125,146.44000244140625,146.3800048828125,146.42999267578125,4219
2026-09-22 14:30:00,1790101800,JCI,146.43499755859375,146.43499755859375,146.34500122070312,146.35000610351562,2557
2026-09-22 14:31:00,1790101860,JCI,146.35000610351562,146.35000610351562,146.3000030517578,146.30999755859375,3511
2026-09-22 14:32:00,1790101920,JCI,146.27999877929688,146.2899932861328,146.22999572753906,146.25,2223
2026-09-22 14:33:00,1790101980,JCI,146.25,146.25,146.1649932861328,146.1649932861328,3600
2026-09-22 14:34:00,1790102040,JCI,146.13999938964844,146.17999267578125,146.1300048828125,146.1300048828125,3694
2026-09-22 14:35:00,1790102100,JCI,146.13499450683594,146.13499450683594,146.10499572753906,146.11000061035156,2492
2026-09-22 14:36:00,1790102160,JCI,146.11000061035156,146.13999938964844,146.08999633789062,146.08999633789062,3455
2026-09-22 14:37:00,1790102220,JCI,146.05499267578125,146.07000732421875,146.02999877929688,146.02999877929688,1757
2026-09-22 14:38:00,1790102280,JCI,146.02000427246094,146.0500030517578,146.00999450683594,146.0500030517578,2830
2026-09-22 14:39:00,1790102340,JCI,146.0399932861328,146.1300048828125,146.0399932861328,146.11000061035156,4331
2026-09-22 14:40:00,1790102400,JCI,146.0800018310547,146.1074981689453,146.0800018310547,146.10499572753906,1926
2026-09-22 14:41:00,1790102460,JCI,146.11000061035156,146.11000061035156,145.9550018310547,145.9550018310547,4165
2026-09-22 14:42:00,1790102520,JCI,145.99000549316406,146.02000427246094,145.97500610351562,146.0,3918
2026-09-22 14:43:00,1790102580,JCI,145.97500610351562,145.97500610351562,145.88999938964844,145.88999938964844,4363
2026-09-22 14:44:00,1790102640,JCI,145.88999938964844,145.92999267578125,145.88999938964844,145.92999267578125,2076
2026-09-22 14:45:00,1790102700,JCI,145.92999267578125,145.96499633789062,145.92999267578125,145.96499633789062,2364
2026-09-22 14:46:00,1790102760,JCI,145.9499969482422,145.96499633789062,145.93499755859375,145.93499755859375,2835
2026-09-22 14:47:00,1790102820,JCI,145.93499755859375,145.93499755859375,145.85000610351562,145.8800048828125,4144
2026-09-22 14:48:00,1790102880,JCI,145.8800048828125,145.8800048828125,145.85000610351562,145.85000610351562,1597
2026-09-22 14:49:00,1790102940,JCI,145.875,145.94000244140625,145.875,145.93499755859375,3963
2026-09-22 14:50:00,1790103000,JCI,145.9550018310547,146.02999877929688,145.9550018310547,146.02999877929688,4023
2026-09-22 14:51:00,1790103060,JCI,146.0,146.0500030517578,145.99000549316406,146.00999450683594,6386
2026-09-22 14:52:00,1790103120,JCI,146.00999450683594,146.07000732421875,146.00999450683594,146.07000732421875,3764
2026-09-22 14:53:00,1790103180,JCI,146.0800018310547,146.0800018310547,146.0800018310547,146.0800018310547,1590
2026-09-22 14:54:00,1790103240,JCI,146.1199951171875,146.1199951171875,146.08999633789062,146.08999633789062,2366
2026-09-22 14:55:00,1790103300,JCI,146.0850067138672,146.11000061035156,146.0800018310547,146.11000061035156,3356
2026-09-22 14:56:00,1790103360,JCI,146.0500030517578,146.07000732421875,146.02999877929688,146.03500366210938,3285
2026-09-22 14:57:00,1790103420,JCI,145.97999572753906,145.97999572753906,145.94000244140625,145.9499969482422,1752
2026-09-22 14:58:00,1790103480,JCI,145.9499969482422,146.0449981689453,145.9499969482422,146.0449981689453,5520
2026-09-22 14:59:00,1790103540,JCI,146.0449981689453,146.08999633789062,146.02000427246094,146.0399932861328,4559
2026-09-22 15:00:00,1790103600,JCI,146.05999755859375,146.0800018310547,146.02999877929688,146.0800018310547,3389
2026-09-22 15:01:00,1790103660,JCI,146.08999633789062,146.08999633789062,146.02000427246094,146.02000427246094,4695
2026-09-22 15:02:00,1790103720,JCI,146.0500030517578,146.0500030517578,146.0,146.00999450683594,2310
2026-09-22 15:03:00,1790103780,JCI,146.00999450683594,146.0500030517578,146.00999450683594,146.0500030517578,2518
2026-09-22 15:04:00,1790103840,JCI,146.0449981689453,146.14990234375,146.0449981689453,146.125,4705
2026-09-22 15:05:00,1790103900,JCI,146.125,146.125,146.07000732421875,146.08250427246094,2643
2026-09-22 15:06:00,1790103960,JCI,146.09500122070312,146.17999267578125,146.09500122070312,146.17999267578125,2433
2026-09-22 15:07:00,1790104020,JCI,146.18499755859375,146.2050018310547,146.16000366210938,146.16000366210938,4385
2026-09-22 15:08:00,1790104080,JCI,146.1649932861328,146.19000244140625,146.13499450683594,146.15150451660156,4743
2026-09-22 15:09:00,1790104140,JCI,146.1999969482422,146.1999969482422,146.1649932861328,146.1649932861328,3651
2026-09-22 15:10:00,1790104200,JCI,146.14999389648438,146.17999267578125,146.14999389648438,146.1699981689453,2153
2026-09-22 15:11:00,1790104260,JCI,146.1699981689453,146.2100067138672,146.16000366210938,146.2100067138672,2960
2026-09-22 15:12:00,1790104320,JCI,146.22999572753906,146.24000549316406,146.22999572753906,146.22999572753906,4299
2026-09-22 15:13:00,1790104380,JCI,146.25,146.32000732421875,146.22999572753906,146.31500244140625,5072
2026-09-22 15:14:00,1790104440,JCI,146.31500244140625,146.31500244140625,146.22500610351562,146.2899932861328,7760
2026-09-22 15:15:00,1790104500,JCI,146.27999877929688,146.36000061035156,146.27999877929688,146.3350067138672,2067
2026-09-22 15:16:00,1790104560,JCI,146.33999633789062,146.34500122070312,146.1649932861328,146.1999969482422,8524
2026-09-22 15:17:00,1790104620,JCI,146.2100067138672,146.22999572753906,146.18670654296875,146.1999969482422,5649
2026-09-22 15:18:00,1790104680,JCI,146.16000366210938,146.19000244140625,146.13999938964844,146.19000244140625,1489
2026-09-22 15:19:00,1790104740,JCI,146.1750030517578,146.1750030517578,146.14500427246094,146.14500427246094,4427
2026-09-22 15:20:00,1790104800,JCI,146.1300048828125,146.13999938964844,146.08999633789062,146.1199951171875,5444
2026-09-22 15:21:00,1790104860,JCI,146.11749267578125,146.13999938964844,146.0800018310547,146.09500122070312,4139
2026-09-22 15:22:00,1790104920,JCI,146.09500122070312,146.1699981689453,146.08999633789062,146.13999938964844,6395
2026-09-22 15:23:00,1790104980,JCI,146.1300048828125,146.1300048828125,146.0850067138672,146.0850067138672,3432
2026-09-22 15:24:00,1790105040,JCI,146.11000061035156,146.19000244140625,146.11000061035156,146.11000061035156,7580
2026-09-22 15:25:00,1790105100,JCI,146.07000732421875,146.1699981689453,146.05499267578125,146.14500427246094,5428
2026-09-22 15:26:00,1790105160,JCI,146.17990112304688,146.17990112304688,146.1300048828125,146.1300048828125,4514
2026-09-22 15:27:00,1790105220,JCI,146.14999389648438,146.1699981689453,146.14999389648438,146.1699981689453,3672
2026-09-22 15:28:00,1790105280,JCI,146.1699981689453,146.1699981689453,146.13499450683594,146.13499450683594,7118
2026-09-22 15:29:00,1790105340,JCI,146.10000610351562,146.10000610351562,146.04100036621094,146.05499267578125,5391
2026-09-22 15:30:00,1790105400,JCI,146.0500030517578,146.07000732421875,146.02499389648438,146.0500030517578,7987
2026-09-22 15:31:00,1790105460,JCI,146.07000732421875,146.11000061035156,146.02000427246094,146.07000732421875,6308
2026-09-22 15:32:00,1790105520,JCI,146.06500244140625,146.1649932861328,146.0500030517578,146.1649932861328,8395
2026-09-22 15:33:00,1790105580,JCI,146.17999267578125,146.17999267578125,146.06500244140625,146.11500549316406,7958
2026-09-22 15:34:00,1790105640,JCI,146.11000061035156,146.1699981689453,146.0800018310547,146.16000366210938,10970
2026-09-22 15:35:00,1790105700,JCI,146.22000122070312,146.2449951171875,146.16749572753906,146.16749572753906,9669
2026-09-22 15:36:00,1790105760,JCI,146.17999267578125,146.22999572753906,146.16000366210938,146.2100067138672,5462
2026-09-22 15:37:00,1790105820,JCI,146.21499633789062,146.27999877929688,146.18150329589844,146.24000549316406,8682
2026-09-22 15:38:00,1790105880,JCI,146.2449951171875,146.30499267578125,146.2449951171875,146.2949981689453,5886
2026-09-22 15:39:00,1790105940,JCI,146.2949981689453,146.32000732421875,146.27999877929688,146.27999877929688,8740
2026-09-22 15:40:00,1790106000,JCI,146.3000030517578,146.3000030517578,146.22000122070312,146.22000122070312,10294
2026-09-22 15:41:00,1790106060,JCI,146.22999572753906,146.25,146.2050018310547,146.2100067138672,4119
2026-09-22 15:42:00,1790106120,JCI,146.19000244140625,146.22000122070312,146.14999389648438,146.14999389648438,8969
2026-09-22 15:43:00,1790106180,JCI,146.15789794921875,146.17999267578125,146.14500427246094,146.17999267578125,4785
2026-09-22 15:44:00,1790106240,JCI,146.16000366210938,146.1649932861328,146.09500122070312,146.13999938964844,8635
2026-09-22 15:45:00,1790106300,JCI,146.14999389648438,146.20899963378906,146.14329528808594,146.19500732421875,11465
2026-09-22 15:46:00,1790106360,JCI,146.19509887695312,146.24000549316406,146.19509887695312,146.22999572753906,7252
2026-09-22 15:47:00,1790106420,JCI,146.24000549316406,146.3300018310547,146.24000549316406,146.3300018310547,8806
2026-09-22 15:48:00,1790106480,JCI,146.35000610351562,146.42999267578125,146.35000610351562,146.41000366210938,7265
2026-09-22 15:49:00,1790106540,JCI,146.4149932861328,146.4499969482422,146.35000610351562,146.35000610351562,13750
2026-09-22 15:50:00,1790106600,JCI,146.3300018310547,146.35000610351562,146.27999877929688,146.35000610351562,12509
2026-09-22 15:51:00,1790106660,JCI,146.35000610351562,146.47999572753906,146.3300018310547,146.47999572753906,10354
2026-09-22 15:52:00,1790106720,JCI,146.49000549316406,146.56500244140625,146.49000549316406,146.55499267578125,11540
2026-09-22 15:53:00,1790106780,JCI,146.5500030517578,146.5590057373047,146.48500061035156,146.48500061035156,14951
2026-09-22 15:54:00,1790106840,JCI,146.49000549316406,146.69000244140625,146.49000549316406,146.6649932861328,58980
2026-09-22 15:55:00,1790106900,JCI,146.67999267578125,146.9340057373047,146.67999267578125,146.77999877929688,76482
2026-09-22 15:56:00,1790106960,JCI,146.8000030517578,146.87950134277344,146.61000061035156,146.65499877929688,62527
2026-09-22 15:57:00,1790107020,JCI,146.67999267578125,146.67999267578125,146.57000732421875,146.5800018310547,33829
2026-09-22 15:58:00,1790107080,JCI,146.56500244140625,146.697998046875,146.52999877929688,146.6300048828125,58339
2026-09-22 15:59:00,1790107140,JCI,146.64999389648438,146.6699981689453,146.41000366210938,146.55999755859375,106367
2026-09-22 16:00:00,1790107200,JCI,146.44000244140625,146.44000244140625,146.44000244140625,146.44000244140625,0
2026-09-23 09:30:00,1790170200,JCI,146.0399932861328,146.3000030517578,145.50619506835938,146.17999267578125,0
2026-09-23 09:31:00,1790170260,JCI,146.16000366210938,146.16000366210938,146.16000366210938,146.16000366210938,614
2026-09-23 09:32:00,1790170320,JCI,146.13999938964844,146.13999938964844,146.13999938964844,146.13999938964844,1677
2026-09-23 09:33:00,1790170380,JCI,146.0850067138672,146.0850067138672,146.0850067138672,146.0850067138672,1793
2026-09-23 09:34:00,1790170440,JCI,146.0749969482422,146.0749969482422,146.0500030517578,146.0500030517578,2413
2026-09-23 09:35:00,1790170500,JCI,146.0449981689453,146.44000244140625,145.9949951171875,146.0050048828125,3651
2026-09-23 09:36:00,1790170560,JCI,145.94000244140625,145.94000244140625,145.9199981689453,145.9199981689453,1365
2026-09-23 09:37:00,1790170620,JCI,145.91000366210938,146.08999633789062,145.6999969482422,145.875,2186
2026-09-23 09:38:00,1790170680,JCI,146.0800018310547,146.3759002685547,146.0800018310547,146.22999572753906,3315
2026-09-23 09:39:00,1790170740,JCI,146.10000610351562,146.1999969482422,146.00999450683594,146.16000366210938,7470
2026-09-23 09:40:00,1790170800,JCI,146.14859008789062,146.5399932861328,146.08999633789062,146.18499755859375,4624
2026-09-23 09:41:00,1790170860,JCI,146.22000122070312,146.2949981689453,145.97999572753906,146.1199951171875,4609
2026-09-23 09:42:00,1790170920,JCI,146.35000610351562,146.35000610351562,146.19000244140625,146.1999969482422,1348
2026-09-23 09:43:00,1790170980,JCI,146.19500732421875,146.25999450683594,146.1300048828125,146.1300048828125,2713
2026-09-23 09:44:00,1790171040,JCI,145.97000122070312,146.0850067138672,145.9199981689453,146.0850067138672,1033
2026-09-23 09:45:00,1790171100,JCI,145.9499969482422,146.19000244140625,145.92999267578125,146.11000061035156,3604
2026-09-23 09:46:00,1790171160,JCI,146.0850067138672,146.0850067138672,145.8699951171875,145.88499450683594,4587
2026-09-23 09:47:00,1790171220,JCI,145.75999450683594,145.75999450683594,145.6699981689453,145.6875,2804
2026-09-23 09:48:00,1790171280,JCI,145.5850067138672,145.8000030517578,145.5800018310547,145.78500366210938,6750
2026-09-23 09:49:00,1790171340,JCI,145.72999572753906,145.83999633789062,145.63499450683594,145.82000732421875,7470
2026-09-23 09:50:00,1790171400,JCI,145.91000366210938,145.91000366210938,145.64500427246094,145.69000244140625,6214
2026-09-23 09:51:00,1790171460,JCI,145.77000427246094,145.77000427246094,145.6199951171875,145.6199951171875,1329
2026-09-23 09:52:00,1790171520,JCI,145.6199951171875,145.6300048828125,145.30999755859375,145.5,6438
2026-09-23 09:53:00,1790171580,JCI,145.60000610351562,145.7899932861328,145.60000610351562,145.78500366210938,6051
2026-09-23 09:54:00,1790171640,JCI,145.78750610351562,145.88999938964844,145.78750610351562,145.88999938964844,4851
2026-09-23 09:55:00,1790171700,JCI,145.9199981689453,146.0399932861328,145.875,146.0399932861328,2879
2026-09-23 09:56:00,1790171760,JCI,146.08999633789062,146.08999633789062,145.89999389648438,145.95750427246094,4862
2026-09-23 09:57:00,1790171820,JCI,145.9550018310547,146.02999877929688,145.9550018310547,146.02999877929688,2388
2026-09-23 09:58:00,1790171880,JCI,145.97500610351562,146.2899932861328,145.97500610351562,146.27000427246094,4451
2026-09-23 09:59:00,1790171940,JCI,146.35000610351562,146.4199981689453,146.32000732421875,146.3249969482422,1953
2026-09-23 10:00:00,1790172000,JCI,146.4199981689453,146.64999389648438,146.4199981689453,146.5050048828125,8689
2026-09-23 10:01:00,1790172060,JCI,146.4600067138672,146.56500244140625,146.38999938964844,146.38999938964844,6178
2026-09-23 10:02:00,1790172120,JCI,146.39500427246094,146.4600067138672,146.27499389648438,146.4600067138672,4518
2026-09-23 10:03:00,1790172180,JCI,146.4600067138672,146.60000610351562,146.4600067138672,146.50999450683594,2796
2026-09-23 10:04:00,1790172240,JCI,146.47279357910156,146.61000061035156,146.47279357910156,146.60000610351562,2588
2026-09-23 10:05:00,1790172300,JCI,146.67999267578125,146.67999267578125,146.60000610351562,146.61500549316406,3432
2026-09-23 10:06:00,1790172360,JCI,146.67999267578125,146.83999633789062,146.67999267578125,146.8300018310547,5239
2026-09-23 10:07:00,1790172420,JCI,146.8300018310547,147.00999450683594,146.72500610351562,147.00999450683594,6020
2026-09-23 10:08:00,1790172480,JCI,146.82009887695312,146.9600067138672,146.82009887695312,146.9600067138672,1125
2026-09-23 10:09:00,1790172540,JCI,146.8300018310547,146.86500549316406,146.7100067138672,146.7100067138672,3268
2026-09-23 10:10:00,1790172600,JCI,146.82000732421875,146.94940185546875,146.82000732421875,146.8300018310547,1871
2026-09-23 10:11:00,1790172660,JCI,146.8074951171875,146.83999633789062,146.6750030517578,146.74000549316406,5221
2026-09-23 10:12:00,1790172720,JCI,146.74000549316406,147.02000427246094,146.72000122070312,146.89999389648438,6735
2026-09-23 10:13:00,1790172780,JCI,146.875,147.02000427246094,146.86000061035156,146.89500427246094,6267
2026-09-23 10:14:00,1790172840,JCI,146.92999267578125,146.96499633789062,146.9250030517578,146.9250030517578,2699
2026-09-23 10:15:00,1790172900,JCI,146.9600067138672,146.97999572753906,146.9600067138672,146.96499633789062,1075
2026-09-23 10:16:00,1790172960,JCI,146.9550018310547,147.0500030517578,146.9149932861328,146.9149932861328,4008
2026-09-23 10:17:00,1790173020,JCI,146.89999389648438,146.9550018310547,146.8300018310547,146.9499969482422,2410
2026-09-23 10:18:00,1790173080,JCI,147.02000427246094,147.02000427246094,146.88999938964844,146.91000366210938,2722
2026-09-23 10:19:00,1790173140,JCI,146.9600067138672,146.9600067138672,146.72999572753906,146.77000427246094,2453
2026-09-23 10:20:00,1790173200,JCI,146.76499938964844,146.88265991210938,146.75,146.88265991210938,4035
2026-09-23 10:21:00,1790173260,JCI,146.75999450683594,146.80999755859375,146.74000549316406,146.80999755859375,3308
2026-09-23 10:22:00,1790173320,JCI,146.82000732421875,146.82000732421875,146.72999572753906,146.74000549316406,3059
2026-09-23 10:23:00,1790173380,JCI,146.73500061035156,146.8000030517578,146.6750030517578,146.69500732421875,5299
2026-09-23 10:24:00,1790173440,JCI,146.64999389648438,146.6699981689453,146.63499450683594,146.63499450683594,884
2026-09-23 10:25:00,1790173500,JCI,146.6649932861328,146.67750549316406,146.6649932861328,146.67750549316406,4340
2026-09-23 10:26:00,1790173560,JCI,146.66000366210938,146.66000366210938,146.58999633789062,146.61990356445312,1425
2026-09-23 10:27:00,1790173620,JCI,146.6199951171875,146.69500732421875,146.6199951171875,146.69500732421875,1472
2026-09-23 10:28:00,1790173680,JCI,146.72500610351562,146.80999755859375,146.72500610351562,146.78500366210938,2567
2026-09-23 10:29:00,1790173740,JCI,146.6699981689453,146.72999572753906,146.6699981689453,146.7100067138672,778
2026-09-23 10:30:00,1790173800,JCI,146.80999755859375,146.80999755859375,146.69000244140625,146.69000244140625,992
2026-09-23 10:31:00,1790173860,JCI,146.7100067138672,146.7949981689453,146.7100067138672,146.7100067138672,4113
2026-09-23 10:32:00,1790173920,JCI,146.65249633789062,146.65499877929688,146.63999938964844,146.63999938964844,2748
2026-09-23 10:33:00,1790173980,JCI,146.6999969482422,146.77000427246094,146.6999969482422,146.76499938964844,5879
2026-09-23 10:34:00,1790174040,JCI,146.7449951171875,146.9199981689453,146.7449951171875,146.875,12713
2026-09-23 10:35:00,1790174100,JCI,146.875,146.90499877929688,146.86000061035156,146.90499877929688,3936
2026-09-23 10:36:00,1790174160,JCI,146.9149932861328,147.17999267578125,146.9149932861328,147.1300048828125,30608
2026-09-23 10:37:00,1790174220,JCI,147.14500427246094,147.22999572753906,147.10000610351562,147.18499755859375,6950
2026-09-23 10:38:00,1790174280,JCI,147.11000061035156,147.1199951171875,147.0399932861328,147.0399932861328,5610
2026-09-23 10:39:00,1790174340,JCI,147.0399932861328,147.0399932861328,146.875,146.9250030517578,3929
2026-09-23 10:40:00,1790174400,JCI,146.8800048828125,146.91000366210938,146.85499572753906,146.88999938964844,5489
2026-09-23 10:41:00,1790174460,JCI,146.89999389648438,146.89999389648438,146.74000549316406,146.74000549316406,2180
2026-09-23 10:42:00,1790174520,JCI,146.77999877929688,146.82000732421875,146.7449951171875,146.81500244140625,6541
2026-09-23 10:43:00,1790174580,JCI,146.81500244140625,146.81500244140625,146.75,146.75999450683594,2369
2026-09-23 10:44:00,1790174640,JCI,146.76499938964844,146.76499938964844,146.76499938964844,146.76499938964844,338
2026-09-23 10:45:00,1790174700,JCI,146.76499938964844,146.76499938964844,146.5050048828125,146.51499938964844,2883
2026-09-23 10:46:00,1790174760,JCI,146.57000732421875,146.58999633789062,146.57000732421875,146.58999633789062,1004
2026-09-23 10:47:00,1790174820,JCI,146.61000061035156,146.61500549316406,146.5399932861328,146.5399932861328,2124
2026-09-23 10:48:00,1790174880,JCI,146.59750366210938,146.59750366210938,146.47000122070312,146.4949951171875,1987
2026-09-23 10:49:00,1790174940,JCI,146.5500030517578,146.58999633789062,146.5500030517578,146.5749969482422,2007
2026-09-23 10:50:00,1790175000,JCI,146.66000366210938,146.7050018310547,146.57000732421875,146.57000732421875,3440
2026-09-23 10:51:00,1790175060,JCI,146.6199951171875,146.86000061035156,146.6199951171875,146.6649932861328,21697
2026-09-23 10:52:00,1790175120,JCI,146.66000366210938,146.8000030517578,146.66000366210938,146.66000366210938,19946
2026-09-23 10:53:00,1790175180,JCI,146.66000366210938,146.89999389648438,146.49000549316406,146.89999389648438,23498
2026-09-23 10:54:00,1790175240,JCI,146.9600067138672,147.02999877929688,146.85000610351562,146.85000610351562,9025
2026-09-23 10:55:00,1790175300,JCI,146.86000061035156,146.89999389648438,146.8300018310547,146.8300018310547,1919
2026-09-23 10:56:00,1790175360,JCI,146.85000610351562,146.9250030517578,146.85000610351562,146.89500427246094,3286
2026-09-23 10:57:00,1790175420,JCI,146.89500427246094,146.89500427246094,146.8300018310547,146.88499450683594,6815
2026-09-23 10:58:00,1790175480,JCI,146.80999755859375,146.80999755859375,146.69000244140625,146.69000244140625,2550
2026-09-23 10:59:00,1790175540,JCI,146.75,146.85499572753906,146.6999969482422,146.85499572753906,7043
2026-09-23 11:00:00,1790175600,JCI,146.85000610351562,146.9499969482422,146.85000610351562,146.9499969482422,1358
2026-09-23 11:01:00,1790175660,JCI,146.9600067138672,147.0500030517578,146.89999389648438,146.91000366210938,7512
2026-09-23 11:02:00,1790175720,JCI,146.91000366210938,146.9550018310547,146.8300018310547,146.86000061035156,3259
2026-09-23 11:03:00,1790175780,JCI,146.86000061035156,146.86000061035156,146.73500061035156,146.73500061035156,1607
2026-09-23 11:04:00,1790175840,JCI,146.69000244140625,146.69000244140625,146.60130310058594,146.60130310058594,3806
2026-09-23 11:05:00,1790175900,JCI,146.63999938964844,146.66000366210938,146.50999450683594,146.50999450683594,4163
2026-09-23 11:06:00,1790175960,JCI,146.52000427246094,146.6999969482422,146.52000427246094,146.6750030517578,4564
2026-09-23 11:07:00,1790176020,JCI,146.57000732421875,146.60000610351562,146.52999877929688,146.52999877929688,1237
2026-09-23 11:08:00,1790176080,JCI,146.5449981689453,146.6300048828125,146.52049255371094,146.6300048828125,3308
2026-09-23 11:09:00,1790176140,JCI,146.6300048828125,146.77000427246094,146.6300048828125,146.77000427246094,6595
2026-09-23 11:10:00,1790176200,JCI,146.77999877929688,146.8699951171875,146.77999877929688,146.8699951171875,2556
2026-09-23 11:11:00,1790176260,JCI,146.82000732421875,146.82000732421875,146.75999450683594,146.75999450683594,659
2026-09-23 11:12:00,1790176320,JCI,146.7550048828125,146.94000244140625,146.7550048828125,146.92999267578125,11089
2026-09-23 11:13:00,1790176380,JCI,146.93499755859375,146.93499755859375,146.75010681152344,146.84500122070312,14417
2026-09-23 11:14:00,1790176440,JCI,146.84500122070312,146.84500122070312,146.77000427246094,146.82510375976562,3281
2026-09-23 11:15:00,1790176500,JCI,146.8000030517578,146.8000030517578,146.8000030517578,146.8000030517578,564
2026-09-23 11:16:00,1790176560,JCI,146.82000732421875,146.91000366210938,146.8000030517578,146.85000610351562,11738
2026-09-23 11:17:00,1790176620,JCI,146.84500122070312,146.84500122070312,146.77999877929688,146.8249969482422,2138
2026-09-23 11:18:00,1790176680,JCI,146.8300018310547,146.98500061035156,146.8300018310547,146.97000122070312,7979
2026-09-23 11:19:00,1790176740,JCI,146.97000122070312,146.97000122070312,146.97000122070312,146.97000122070312,3130
2026-09-23 11:20:00,1790176800,JCI,146.97000122070312,147.00999450683594,146.94000244140625,146.94000244140625,13441
2026-09-23 11:21:00,1790176860,JCI,146.89999389648438,146.9199981689453,146.83999633789062,146.88499450683594,6081
2026-09-23 11:22:00,1790176920,JCI,146.9199981689453,146.9199981689453,146.9199981689453,146.9199981689453,282
2026-09-23 11:23:00,1790176980,JCI,146.91000366210938,146.91000366210938,146.72999572753906,146.72999572753906,3925
2026-09-23 11:24:00,1790177040,JCI,146.72999572753906,146.83999633789062,146.72000122070312,146.8000030517578,1775
2026-09-23 11:25:00,1790177100,JCI,146.8249969482422,146.85000610351562,146.78500366210938,146.78500366210938,2493
2026-09-23 11:26:00,1790177160,JCI,146.8000030517578,146.80999755859375,146.8000030517578,146.80999755859375,2666
2026-09-23 11:27:00,1790177220,JCI,146.72000122070312,146.72999572753906,146.7100067138672,146.7100067138672,1647
2026-09-23 11:28:00,1790177280,JCI,146.72999572753906,146.72999572753906,146.64999389648438,146.64999389648438,3111
2026-09-23 11:29:00,1790177340,JCI,146.6300048828125,146.6300048828125,146.58999633789062,146.58999633789062,2352
2026-09-23 11:30:00,1790177400,JCI,146.57000732421875,146.57000732421875,146.4600067138672,146.49000549316406,9916
2026-09-23 11:31:00,1790177460,JCI,146.4600067138672,146.4600067138672,146.3000030517578,146.3000030517578,12049
2026-09-23 11:32:00,1790177520,JCI,146.27999877929688,146.30499267578125,146.13999938964844,146.13999938964844,15589
2026-09-23 11:33:00,1790177580,JCI,146.14999389648438,146.16000366210938,146.08999633789062,146.08999633789062,7861
2026-09-23 11:34:00,1790177640,JCI,146.125,146.3300018310547,146.05999755859375,146.3300018310547,20525
2026-09-23 11:35:00,1790177700,JCI,146.27999877929688,146.35499572753906,146.2100067138672,146.34500122070312,5555
2026-09-23 11:36:00,1790177760,JCI,146.34500122070312,146.34500122070312,146.27000427246094,146.27999877929688,2714
2026-09-23 11:37:00,1790177820,JCI,146.36000061035156,146.47000122070312,146.36000061035156,146.42999267578125,7890
2026-09-23 11:38:00,1790177880,JCI,146.4499969482422,146.4499969482422,146.42999267578125,146.44000244140625,1470
2026-09-23 11:39:00,1790177940,JCI,146.46499633789062,146.46499633789062,146.375,146.375,1512
2026-09-23 11:40:00,1790178000,JCI,146.35000610351562,146.41000366210938,146.35000610351562,146.41000366210938,588
2026-09-23 11:41:00,1790178060,JCI,146.43499755859375,146.43499755859375,146.38999938964844,146.38999938964844,2862
2026-09-23 11:42:00,1790178120,JCI,146.42999267578125,146.5500030517578,146.42999267578125,146.52000427246094,12924
2026-09-23 11:43:00,1790178180,JCI,146.52000427246094,146.60000610351562,146.41000366210938,146.60000610351562,11051
2026-09-23 11:44:00,1790178240,JCI,146.5500030517578,146.5500030517578,146.52000427246094,146.52000427246094,2239
2026-09-23 11:45:00,1790178300,JCI,146.52000427246094,146.58999633789062,146.50999450683594,146.50999450683594,8490
2026-09-23 11:46:00,1790178360,JCI,146.5399932861328,146.5399932861328,146.47000122070312,146.47000122070312,1816
2026-09-23 11:47:00,1790178420,JCI,146.5,146.5066680908203,146.3300018310547,146.3300018310547,7606
2026-09-23 11:48:00,1790178480,JCI,146.3000030517578,146.3000030517578,146.22999572753906,146.22999572753906,5238
2026-09-23 11:49:00,1790178540,JCI,146.2550048828125,146.3300018310547,146.22000122070312,146.24000549316406,6290
2026-09-23 11:50:00,1790178600,JCI,146.25999450683594,146.25999450683594,146.1999969482422,146.22000122070312,2657
2026-09-23 11:51:00,1790178660,JCI,146.1999969482422,146.22000122070312,146.08999633789062,146.10000610351562,6009
2026-09-23 11:52:00,1790178720,JCI,146.10000610351562,146.17999267578125,146.08999633789062,146.14999389648438,4832
2026-09-23 11:53:00,1790178780,JCI,146.16000366210938,146.25999450683594,146.110107421875,146.25999450683594,6854
2026-09-23 11:54:00,1790178840,JCI,146.17999267578125,146.22999572753906,146.16000366210938,146.17999267578125,6589
2026-09-23 11:55:00,1790178900,JCI,146.16000366210938,146.16000366210938,146.16000366210938,146.16000366210938,325
2026-09-23 11:56:00,1790178960,JCI,146.1999969482422,146.23500061035156,146.14999389648438,146.23500061035156,4994
2026-09-23 11:57:00,1790179020,JCI,146.22000122070312,146.22000122070312,146.1300048828125,146.14500427246094,4488
2026-09-23 11:58:00,1790179080,JCI,146.08999633789062,146.22000122070312,146.08999633789062,146.22000122070312,2568
2026-09-23 11:59:00,1790179140,JCI,146.08999633789062,146.1199951171875,146.02999877929688,146.0500030517578,12827
2026-09-23 12:00:00,1790179200,JCI,146.0500030517578,146.15499877929688,145.9600067138672,146.14999389648438,21078
2026-09-23 12:01:00,1790179260,JCI,146.1199951171875,146.14500427246094,146.02000427246094,146.02000427246094,2460
2026-09-23 12:02:00,1790179320,JCI,146.0,146.1199951171875,146.0,146.11000061035156,4948
2026-09-23 12:03:00,1790179380,JCI,146.1300048828125,146.17999267578125,146.1199951171875,146.13999938964844,5824
2026-09-23 12:04:00,1790179440,JCI,146.13999938964844,146.13999938964844,146.08999633789062,146.09500122070312,1740
2026-09-23 12:05:00,1790179500,JCI,146.09500122070312,146.17999267578125,146.08999633789062,146.17999267578125,2630
2026-09-23 12:06:00,1790179560,JCI,146.1425018310547,146.18499755859375,146.1425018310547,146.18499755859375,1948
2026-09-23 12:07:00,1790179620,JCI,146.24000549316406,146.33999633789062,146.24000549316406,146.33999633789062,2277
2026-09-23 12:08:00,1790179680,JCI,146.32000732421875,146.3300018310547,146.22999572753906,146.22999572753906,2555
2026-09-23 12:09:00,1790179740,JCI,146.1999969482422,146.1999969482422,146.1699981689453,146.1699981689453,1360
2026-09-23 12:10:00,1790179800,JCI,146.19500732421875,146.22000122070312,146.19500732421875,146.22000122070312,1747
2026-09-23 12:12:00,1790179920,JCI,146.30999755859375,146.3300018310547,146.27999877929688,146.27999877929688,1898
2026-09-23 12:13:00,1790179980,JCI,146.3300018310547,146.36000061035156,146.3300018310547,146.33999633789062,2303
2026-09-23 12:14:00,1790180040,JCI,146.35000610351562,146.4199981689453,146.35000610351562,146.4199981689453,2514
2026-09-23 12:15:00,1790180100,JCI,146.42999267578125,146.47999572753906,146.42999267578125,146.44000244140625,2358
2026-09-23 12:16:00,1790180160,JCI,146.42999267578125,146.49000549316406,146.42999267578125,146.49000549316406,2471
2026-09-23 12:17:00,1790180220,JCI,146.44000244140625,146.4499969482422,146.2899932861328,146.2899932861328,3083
2026-09-23 12:18:00,1790180280,JCI,146.31500244140625,146.3249969482422,146.3000030517578,146.3000030517578,2405
2026-09-23 12:19:00,1790180340,JCI,146.3000030517578,146.3000030517578,146.19000244140625,146.19000244140625,4209
2026-09-23 12:20:00,1790180400,JCI,146.1999969482422,146.39500427246094,146.1999969482422,146.35499572753906,14405
2026-09-23 12:21:00,1790180460,JCI,146.36500549316406,146.36500549316406,146.3000030517578,146.32000732421875,3823
2026-09-23 12:22:00,1790180520,JCI,146.35499572753906,146.3800048828125,146.30999755859375,146.3800048828125,5779
2026-09-23 12:23:00,1790180580,JCI,146.39999389648438,146.39999389648438,146.34500122070312,146.34500122070312,1500
2026-09-23 12:24:00,1790180640,JCI,146.38499450683594,146.38499450683594,146.38499450683594,146.38499450683594,1295
2026-09-23 12:25:00,1790180700,JCI,146.3800048828125,146.43499755859375,146.3800048828125,146.43499755859375,1684
2026-09-23 12:26:00,1790180760,JCI,146.38999938964844,146.39999389648438,146.33999633789062,146.38999938964844,2887
2026-09-23 12:27:00,1790180820,JCI,146.38999938964844,146.44000244140625,146.3699951171875,146.38499450683594,7188
2026-09-23 12:28:00,1790180880,JCI,146.3350067138672,146.3925018310547,146.3300018310547,146.3925018310547,5804
2026-09-23 12:29:00,1790180940,JCI,146.38499450683594,146.42999267578125,146.36000061035156,146.3800048828125,9516
2026-09-23 12:30:00,1790181000,JCI,146.38499450683594,146.47999572753906,146.38499450683594,146.47500610351562,11750
2026-09-23 12:31:00,1790181060,JCI,146.47000122070312,146.47000122070312,146.47000122070312,146.47000122070312,968
2026-09-23 12:32:00,1790181120,JCI,146.47000122070312,146.47000122070312,146.42999267578125,146.42999267578125,2946
2026-09-23 12:33:00,1790181180,JCI,146.4199981689453,146.4250030517578,146.3350067138672,146.3350067138672,2922
2026-09-23 12:34:00,1790181240,JCI,146.33999633789062,146.33999633789062,146.3300018310547,146.3300018310547,1109
2026-09-23 12:35:00,1790181300,JCI,146.32000732421875,146.38999938964844,146.32000732421875,146.38999938964844,9354
2026-09-23 12:36:00,1790181360,JCI,146.40499877929688,146.42999267578125,146.39999389648438,146.42999267578125,7159
2026-09-23 12:37:00,1790181420,JCI,146.39999389648438,146.50999450683594,146.3800048828125,146.50999450683594,26596
2026-09-23 12:38:00,1790181480,JCI,146.5050048828125,146.5050048828125,146.42999267578125,146.49000549316406,7306
2026-09-23 12:39:00,1790181540,JCI,146.4949951171875,146.5800018310547,146.4949951171875,146.5800018310547,1466
2026-09-23 12:40:00,1790181600,JCI,146.6300048828125,146.6300048828125,146.6300048828125,146.6300048828125,574
2026-09-23 12:41:00,1790181660,JCI,146.66000366210938,146.6699981689453,146.58999633789062,146.58999633789062,1816
2026-09-23 12:42:00,1790181720,JCI,146.5800018310547,146.5850067138672,146.57000732421875,146.57000732421875,1126
2026-09-23 12:43:00,1790181780,JCI,146.56500244140625,146.5800018310547,146.5500030517578,146.5500030517578,1729
2026-09-23 12:44:00,1790181840,JCI,146.55999755859375,146.58999633789062,146.55999755859375,146.58999633789062,1436
2026-09-23 12:45:00,1790181900,JCI,146.58999633789062,146.58999633789062,146.51499938964844,146.55499267578125,3491
2026-09-23 12:46:00,1790181960,JCI,146.60000610351562,146.64999389648438,146.57000732421875,146.625,15439
2026-09-23 12:47:00,1790182020,JCI,146.625,146.6999969482422,146.625,146.66000366210938,4564
2026-09-23 12:48:00,1790182080,JCI,146.69000244140625,146.69000244140625,146.69000244140625,146.69000244140625,727
2026-09-23 12:49:00,1790182140,JCI,146.7010040283203,146.7100067138672,146.6999969482422,146.7100067138672,1934
2026-09-23 12:50:00,1790182200,JCI,146.63999938964844,146.72999572753906,146.61000061035156,146.7100067138672,2254
2026-09-23 12:51:00,1790182260,JCI,146.67999267578125,146.67999267578125,146.55999755859375,146.61000061035156,6536
2026-09-23 12:53:00,1790182380,JCI,146.5399932861328,146.58999633789062,146.52999877929688,146.58999633789062,1793
2026-09-23 12:55:00,1790182500,JCI,146.61500549316406,146.6300048828125,146.61500549316406,146.6300048828125,749
2026-09-23 12:56:00,1790182560,JCI,146.64999389648438,146.6999969482422,146.6199951171875,146.63999938964844,4442
2026-09-23 12:57:00,1790182620,JCI,146.64999389648438,146.64999389648438,146.57000732421875,146.57000732421875,1893
2026-09-23 12:58:00,1790182680,JCI,146.5800018310547,146.5800018310547,146.5500030517578,146.55999755859375,2045
2026-09-23 12:59:00,1790182740,JCI,146.55999755859375,146.60000610351562,146.55999755859375,146.60000610351562,2307
2026-09-23 13:00:00,1790182800,JCI,146.61000061035156,146.61000061035156,146.61000061035156,146.61000061035156,895
2026-09-23 13:01:00,1790182860,JCI,146.6300048828125,146.6300048828125,146.6300048828125,146.6300048828125,1084
2026-09-23 13:02:00,1790182920,JCI,146.58999633789062,146.58999633789062,146.33999633789062,146.34500122070312,5653
2026-09-23 13:03:00,1790182980,JCI,146.3000030517578,146.3699951171875,146.07000732421875,146.07000732421875,3883
2026-09-23 13:04:00,1790183040,JCI,146.0749969482422,146.22999572753906,146.0500030517578,146.17999267578125,6477
2026-09-23 13:05:00,1790183100,JCI,146.14999389648438,146.19000244140625,146.11000061035156,146.14500427246094,2328
2026-09-23 13:06:00,1790183160,JCI,146.11000061035156,146.17999267578125,146.11000061035156,146.16000366210938,1876
2026-09-23 13:07:00,1790183220,JCI,146.1199951171875,146.14500427246094,146.0399932861328,146.0399932861328,2482
2026-09-23 13:08:00,1790183280,JCI,146.0800018310547,146.11000061035156,146.07000732421875,146.11000061035156,1390
2026-09-23 13:09:00,1790183340,JCI,146.0800018310547,146.11000061035156,146.0800018310547,146.11000061035156,2151
2026-09-23 13:10:00,1790183400,JCI,146.17999267578125,146.19000244140625,146.09500122070312,146.1300048828125,2978
2026-09-23 13:11:00,1790183460,JCI,146.17999267578125,146.17999267578125,146.1199951171875,146.1199951171875,1466
2026-09-23 13:12:00,1790183520,JCI,146.13999938964844,146.14500427246094,146.125,146.1425018310547,1622
2026-09-23 13:13:00,1790183580,JCI,146.14999389648438,146.14999389648438,146.14999389648438,146.14999389648438,925
2026-09-23 13:14:00,1790183640,JCI,146.14999389648438,146.25,146.14999389648438,146.25,4127
2026-09-23 13:15:00,1790183700,JCI,146.21499633789062,146.27999877929688,146.21499633789062,146.2550048828125,2228
2026-09-23 13:16:00,1790183760,JCI,146.23500061035156,146.23500061035156,146.23500061035156,146.23500061035156,107
2026-09-23 13:17:00,1790183820,JCI,146.22999572753906,146.22999572753906,146.1199951171875,146.1199951171875,10026
2026-09-23 13:18:00,1790183880,JCI,146.1199951171875,146.2100067138672,146.11000061035156,146.1999969482422,4603
2026-09-23 13:19:00,1790183940,JCI,146.1999969482422,146.3000030517578,146.1999969482422,146.25999450683594,2527
2026-09-23 13:20:00,1790184000,JCI,146.1999969482422,146.1999969482422,146.1699981689453,146.1699981689453,1346
2026-09-23 13:21:00,1790184060,JCI,146.19000244140625,146.19000244140625,146.19000244140625,146.19000244140625,1796
2026-09-23 13:22:00,1790184120,JCI,146.22999572753906,146.3000030517578,146.22999572753906,146.3000030517578,1585
2026-09-23 13:23:00,1790184180,JCI,146.3249969482422,146.35499572753906,146.2899932861328,146.2899932861328,2292
2026-09-23 13:24:00,1790184240,JCI,146.22000122070312,146.25999450683594,146.22000122070312,146.25999450683594,1498
2026-09-23 13:26:00,1790184360,JCI,146.24000549316406,146.24000549316406,146.1699981689453,146.17999267578125,1162
2026-09-23 13:27:00,1790184420,JCI,146.18499755859375,146.25,146.18499755859375,146.25,2037
2026-09-23 13:28:00,1790184480,JCI,146.2949981689453,146.3000030517578,146.2550048828125,146.25999450683594,2467
2026-09-23 13:29:00,1790184540,JCI,146.27999877929688,146.27999877929688,146.22999572753906,146.22999572753906,1647
2026-09-23 13:30:00,1790184600,JCI,146.19500732421875,146.22000122070312,146.19500732421875,146.22000122070312,3434
2026-09-23 13:31:00,1790184660,JCI,146.1999969482422,146.2100067138672,146.17999267578125,146.2100067138672,3508
2026-09-23 13:32:00,1790184720,JCI,146.1699981689453,146.1699981689453,146.16000366210938,146.1649932861328,1007
2026-09-23 13:33:00,1790184780,JCI,146.1649932861328,146.1999969482422,146.1649932861328,146.18499755859375,2147
2026-09-23 13:34:00,1790184840,JCI,146.17999267578125,146.25,146.17999267578125,146.2449951171875,2476
2026-09-23 13:35:00,1790184900,JCI,146.2449951171875,146.3000030517578,146.22999572753906,146.2899932861328,13415
2026-09-23 13:36:00,1790184960,JCI,146.30499267578125,146.39500427246094,146.30499267578125,146.39500427246094,4221
2026-09-23 13:37:00,1790185020,JCI,146.4499969482422,146.50999450683594,146.4499969482422,146.4499969482422,0
2026-09-23 13:38:00,1790185080,JCI,146.44500732421875,146.4499969482422,146.40499877929688,146.40499877929688,1228
2026-09-23 13:39:00,1790185140,JCI,146.3800048828125,146.39500427246094,146.3699951171875,146.375,1195
2026-09-23 13:40:00,1790185200,JCI,146.3885040283203,146.49000549316406,146.3300018310547,146.4199981689453,6376
2026-09-23 13:41:00,1790185260,JCI,146.40499877929688,146.4600067138672,146.3800048828125,146.4199981689453,2421
2026-09-23 13:42:00,1790185320,JCI,146.4199981689453,146.52999877929688,146.4199981689453,146.52999877929688,3598
2026-09-23 13:43:00,1790185380,JCI,146.61500549316406,146.63999938964844,146.61500549316406,146.63999938964844,2364
2026-09-23 13:44:00,1790185440,JCI,146.6750030517578,146.6999969482422,146.6750030517578,146.6999969482422,1263
2026-09-23 13:45:00,1790185500,JCI,146.69000244140625,146.6999969482422,146.68499755859375,146.6999969482422,1487
2026-09-23 13:46:00,1790185560,JCI,146.75,146.779296875,146.72500610351562,146.72500610351562,4419
2026-09-23 13:47:00,1790185620,JCI,146.73789978027344,146.73789978027344,146.69000244140625,146.71499633789062,3311
2026-09-23 13:49:00,1790185740,JCI,146.80499267578125,146.80499267578125,146.80499267578125,146.80499267578125,393
2026-09-23 13:50:00,1790185800,JCI,146.82000732421875,146.8249969482422,146.77999877929688,146.77999877929688,2224
2026-09-23 13:51:00,1790185860,JCI,146.8000030517578,146.8000030517578,146.77999877929688,146.77999877929688,1580
2026-09-23 13:52:00,1790185920,JCI,146.75,146.77000427246094,146.75,146.77000427246094,1590
2026-09-23 13:53:00,1790185980,JCI,146.75,146.77499389648438,146.75,146.77499389648438,1479
2026-09-23 13:53:14,1790185994,JCI,146.77000427246094,146.77000427246094,146.77000427246094,146.77000427246094,0
2026-09-23 13:54:00,1790186040,JCI,146.75,146.77000427246094,146.74000549316406,146.77000427246094,1790
2026-09-23 13:55:00,1790186100,JCI,146.77999877929688,146.80499267578125,146.75999450683594,146.75999450683594,1491
2026-09-23 13:56:00,1790186160,JCI,146.77499389648438,146.8699951171875,146.77499389648438,146.82000732421875,2365
2026-09-23 13:57:00,1790186220,JCI,146.80999755859375,146.83999633789062,146.80999755859375,146.8350067138672,1531
2026-09-23 13:58:00,1790186280,JCI,146.8350067138672,146.89999389648438,146.8350067138672,146.89999389648438,1382
2026-09-23 13:59:00,1790186340,JCI,146.91000366210938,146.94000244140625,146.91000366210938,146.9199981689453,2092
2026-09-23 14:00:00,1790186400,JCI,146.91000366210938,146.9550018310547,146.91000366210938,146.9199981689453,7289
2026-09-23 14:01:00,1790186460,JCI,146.9600067138672,147.02000427246094,146.9199981689453,147.0,11201
2026-09-23 14:02:00,1790186520,JCI,147.0,147.0,146.89999389648438,146.89999389648438,3785
2026-09-23 14:03:00,1790186580,JCI,146.83999633789062,146.94000244140625,146.83999633789062,146.8800048828125,6929
2026-09-23 14:04:00,1790186640,JCI,146.88999938964844,146.91000366210938,146.88499450683594,146.88499450683594,1916
2026-09-23 14:05:00,1790186700,JCI,146.86000061035156,146.86000061035156,146.77999877929688,146.80499267578125,3963
2026-09-23 14:06:00,1790186760,JCI,146.8300018310547,146.8699951171875,146.8300018310547,146.8699951171875,3564
2026-09-23 14:07:00,1790186820,JCI,146.86000061035156,146.9600067138672,146.86000061035156,146.8800048828125,15557
2026-09-23 14:08:00,1790186880,JCI,146.92999267578125,146.97000122070312,146.8800048828125,146.9250030517578,7540
2026-09-23 14:09:00,1790186940,JCI,146.9199981689453,146.9199981689453,146.8000030517578,146.8000030517578,27333
2026-09-23 14:10:00,1790187000,JCI,146.8249969482422,146.85000610351562,146.8000030517578,146.82000732421875,8130
2026-09-23 14:11:00,1790187060,JCI,146.81500244140625,146.81500244140625,146.7899932861328,146.8000030517578,2588
2026-09-23 14:12:00,1790187120,JCI,146.8000030517578,146.81500244140625,146.72500610351562,146.75,4213
2026-09-23 14:13:00,1790187180,JCI,146.75999450683594,146.75999450683594,146.61000061035156,146.64999389648438,15907
2026-09-23 14:14:00,1790187240,JCI,146.65499877929688,146.69000244140625,146.65499877929688,146.69000244140625,3519
2026-09-23 14:15:00,1790187300,JCI,146.7100067138672,146.75999450683594,146.6649932861328,146.6699981689453,5406
2026-09-23 14:16:00,1790187360,JCI,146.7100067138672,146.7100067138672,146.67999267578125,146.67999267578125,2128
2026-09-23 14:17:00,1790187420,JCI,146.67999267578125,146.6999969482422,146.6750030517578,146.6750030517578,2616
2026-09-23 14:18:00,1790187480,JCI,146.67999267578125,146.69000244140625,146.65499877929688,146.67999267578125,2488
2026-09-23 14:19:00,1790187540,JCI,146.67999267578125,146.68499755859375,146.67999267578125,146.67999267578125,1039
2026-09-23 14:20:00,1790187600,JCI,146.7198028564453,146.7198028564453,146.6699981689453,146.67999267578125,2394
2026-09-23 14:21:00,1790187660,JCI,146.67999267578125,146.69500732421875,146.66000366210938,146.69000244140625,2897
2026-09-23 14:22:00,1790187720,JCI,146.6750030517578,146.6750030517578,146.64999389648438,146.64999389648438,1286
2026-09-23 14:23:00,1790187780,JCI,146.65499877929688,146.6699981689453,146.64999389648438,146.66000366210938,1556
2026-09-23 14:24:00,1790187840,JCI,146.67999267578125,146.67999267578125,146.64999389648438,146.6750030517578,1927
2026-09-23 14:25:00,1790187900,JCI,146.6699981689453,146.6750030517578,146.6699981689453,146.6750030517578,1136
2026-09-23 14:26:00,1790187960,JCI,146.6750030517578,146.6999969482422,146.61000061035156,146.61500549316406,5521
2026-09-23 14:27:00,1790188020,JCI,146.6199951171875,146.625,146.6199951171875,146.625,1579
2026-09-23 14:28:00,1790188080,JCI,146.60000610351562,146.61000061035156,146.59449768066406,146.59449768066406,1019
2026-09-23 14:29:00,1790188140,JCI,146.61500549316406,146.6300048828125,146.61500549316406,146.6199951171875,1460
2026-09-23 14:30:00,1790188200,JCI,146.63999938964844,146.69500732421875,146.6300048828125,146.6300048828125,4163
2026-09-23 14:31:00,1790188260,JCI,146.6199951171875,146.6199951171875,146.5449981689453,146.5500030517578,4374
2026-09-23 14:32:00,1790188320,JCI,146.57000732421875,146.58999633789062,146.56500244140625,146.58999633789062,1965
2026-09-23 14:33:00,1790188380,JCI,146.58999633789062,146.60000610351562,146.58999633789062,146.60000610351562,1385
2026-09-23 14:34:00,1790188440,JCI,146.5800018310547,146.64999389648438,146.5800018310547,146.60000610351562,2797
2026-09-23 14:35:00,1790188500,JCI,146.60499572753906,146.60499572753906,146.49000549316406,146.49000549316406,5544
2026-09-23 14:36:00,1790188560,JCI,146.51499938964844,146.52999877929688,146.5050048828125,146.51499938964844,4542
2026-09-23 14:37:00,1790188620,JCI,146.47999572753906,146.49000549316406,146.41000366210938,146.4250030517578,3750
2026-09-23 14:38:00,1790188680,JCI,146.39500427246094,146.39500427246094,146.30999755859375,146.33999633789062,2028
2026-09-23 14:39:00,1790188740,JCI,146.33999633789062,146.39999389648438,146.3300018310547,146.3300018310547,2657
2026-09-23 14:40:00,1790188800,JCI,146.375,146.42999267578125,146.375,146.42999267578125,2553
2026-09-23 14:41:00,1790188860,JCI,146.42999267578125,146.42999267578125,146.3249969482422,146.3249969482422,3738
2026-09-23 14:42:00,1790188920,JCI,146.3000030517578,146.3000030517578,146.25,146.26499938964844,2982
2026-09-23 14:43:00,1790188980,JCI,146.26499938964844,146.3011016845703,146.24000549316406,146.24000549316406,2516
2026-09-23 14:44:00,1790189040,JCI,146.25,146.3000030517578,146.2100067138672,146.28500366210938,8269
2026-09-23 14:45:00,1790189100,JCI,146.28500366210938,146.30999755859375,146.0800018310547,146.0800018310547,4859
2026-09-23 14:46:00,1790189160,JCI,146.0749969482422,146.1300048828125,146.0749969482422,146.10000610351562,2241
2026-09-23 14:47:00,1790189220,JCI,146.10000610351562,146.13999938964844,146.10000610351562,146.11000061035156,2985
2026-09-23 14:48:00,1790189280,JCI,146.10499572753906,146.15499877929688,146.10499572753906,146.15499877929688,2393
2026-09-23 14:49:00,1790189340,JCI,146.11000061035156,146.14999389648438,146.11000061035156,146.1300048828125,2069
2026-09-23 14:50:00,1790189400,JCI,146.14999389648438,146.14999389648438,146.10000610351562,146.13999938964844,3768
2026-09-23 14:51:00,1790189460,JCI,146.13999938964844,146.14500427246094,146.10000610351562,146.14500427246094,2503
2026-09-23 14:52:00,1790189520,JCI,146.10000610351562,146.11500549316406,146.05999755859375,146.10499572753906,3564
2026-09-23 14:53:00,1790189580,JCI,146.14999389648438,146.22000122070312,146.14999389648438,146.22000122070312,5201
2026-09-23 14:55:00,1790189700,JCI,146.25999450683594,146.25999450683594,146.17999267578125,146.17999267578125,3063
2026-09-23 14:56:00,1790189760,JCI,146.25,146.29249572753906,146.2100067138672,146.27499389648438,4084
2026-09-23 14:57:00,1790189820,JCI,146.2899932861328,146.2899932861328,146.25,146.25,1484
2026-09-23 14:58:00,1790189880,JCI,146.2899932861328,146.39010620117188,146.2899932861328,146.38999938964844,2293
2026-09-23 14:59:00,1790189940,JCI,146.38499450683594,146.4199981689453,146.38499450683594,146.39500427246094,1481
2026-09-23 15:00:00,1790190000,JCI,146.39999389648438,146.47000122070312,146.39999389648438,146.47000122070312,3465
2026-09-23 15:01:00,1790190060,JCI,146.48500061035156,146.52000427246094,146.47999572753906,146.47999572753906,4004
2026-09-23 15:02:00,1790190120,JCI,146.47999572753906,146.5,146.44000244140625,146.44000244140625,2562
2026-09-23 15:03:00,1790190180,JCI,146.4600067138672,146.47999572753906,146.38999938964844,146.39999389648438,3472
2026-09-23 15:04:00,1790190240,JCI,146.3800048828125,146.47000122070312,146.3800048828125,146.47000122070312,3368
2026-09-23 15:05:00,1790190300,JCI,146.47000122070312,146.47000122070312,146.47000122070312,146.47000122070312,1096
2026-09-23 15:06:00,1790190360,JCI,146.50999450683594,146.5800018310547,146.50999450683594,146.56500244140625,3972
2026-09-23 15:07:00,1790190420,JCI,146.52999877929688,146.58999633789062,146.52999877929688,146.52999877929688,3411
2026-09-23 15:08:00,1790190480,JCI,146.49009704589844,146.5,146.47999572753906,146.47999572753906,1085
2026-09-23 15:09:00,1790190540,JCI,146.46499633789062,146.55819702148438,146.38999938964844,146.4250030517578,5638
2026-09-23 15:11:00,1790190660,JCI,146.43499755859375,146.51499938964844,146.43499755859375,146.50999450683594,1873
2026-09-23 15:12:00,1790190720,JCI,146.52999877929688,146.52999877929688,146.47999572753906,146.49000549316406,3739
2026-09-23 15:13:00,1790190780,JCI,146.4499969482422,146.4499969482422,146.38999938964844,146.44000244140625,2546
2026-09-23 15:14:00,1790190840,JCI,146.4600067138672,146.5,146.4600067138672,146.47500610351562,1839
2026-09-23 15:15:00,1790190900,JCI,146.50999450683594,146.5399932861328,146.47999572753906,146.47999572753906,3167
2026-09-23 15:16:00,1790190960,JCI,146.49000549316406,146.5500030517578,146.49000549316406,146.5500030517578,3291
2026-09-23 15:17:00,1790191020,JCI,146.55999755859375,146.55999755859375,146.41000366210938,146.41000366210938,5005
2026-09-23 15:18:00,1790191080,JCI,146.4499969482422,146.4499969482422,146.39999389648438,146.44000244140625,2093
2026-09-23 15:19:00,1790191140,JCI,146.47000122070312,146.47999572753906,146.42999267578125,146.4550018310547,2428
2026-09-23 15:20:00,1790191200,JCI,146.42999267578125,146.42999267578125,146.25999450683594,146.2899932861328,6531
2026-09-23 15:21:00,1790191260,JCI,146.27000427246094,146.31500244140625,146.27000427246094,146.31500244140625,5919
2026-09-23 15:22:00,1790191320,JCI,146.27000427246094,146.27999877929688,146.2100067138672,146.2449951171875,3978
2026-09-23 15:23:00,1790191380,JCI,146.2449951171875,146.25,146.19000244140625,146.22000122070312,4604
2026-09-23 15:24:00,1790191440,JCI,146.22999572753906,146.27999877929688,146.22999572753906,146.27999877929688,2724
2026-09-23 15:25:00,1790191500,JCI,146.32000732421875,146.35000610351562,146.3000030517578,146.3000030517578,3246
2026-09-23 15:26:00,1790191560,JCI,146.28089904785156,146.28089904785156,146.1999969482422,146.21499633789062,5812
2026-09-23 15:27:00,1790191620,JCI,146.2100067138672,146.30999755859375,146.16000366210938,146.24000549316406,3537
2026-09-23 15:28:00,1790191680,JCI,146.22000122070312,146.22000122070312,146.1699981689453,146.19000244140625,5317
2026-09-23 15:29:00,1790191740,JCI,146.19000244140625,146.3000030517578,146.19000244140625,146.3000030517578,12107
2026-09-23 15:30:00,1790191800,JCI,146.27000427246094,146.27000427246094,146.22999572753906,146.27000427246094,5096
2026-09-23 15:31:00,1790191860,JCI,146.27999877929688,146.3699951171875,146.27000427246094,146.3699951171875,5483
2026-09-23 15:32:00,1790191920,JCI,146.3699951171875,146.44000244140625,146.36099243164062,146.44000244140625,9756
2026-09-23 15:33:00,1790191980,JCI,146.44500732421875,146.50999450683594,146.42999267578125,146.50999450683594,4186
2026-09-23 15:34:00,1790192040,JCI,146.55999755859375,146.5800018310547,146.55999755859375,146.5800018310547,1654
2026-09-23 15:35:00,1790192100,JCI,146.55999755859375,146.55999755859375,146.50999450683594,146.50999450683594,8600
2026-09-23 15:36:00,1790192160,JCI,146.5050048828125,146.57000732421875,146.49000549316406,146.5500030517578,4956
2026-09-23 15:37:00,1790192220,JCI,146.52000427246094,146.5399932861328,146.52000427246094,146.5399932861328,2265
2026-09-23 15:38:00,1790192280,JCI,146.55999755859375,146.6199951171875,146.5500030517578,146.55999755859375,6730
2026-09-23 15:39:00,1790192340,JCI,146.5500030517578,146.6199951171875,146.5,146.6199951171875,38427
2026-09-23 15:40:00,1790192400,JCI,146.6199951171875,146.66000366210938,146.55499267578125,146.66000366210938,5940
2026-09-23 15:41:00,1790192460,JCI,146.6699981689453,146.7100067138672,146.64999389648438,146.68499755859375,3750
2026-09-23 15:42:00,1790192520,JCI,146.66000366210938,146.66000366210938,146.54100036621094,146.54100036621094,6404
2026-09-23 15:43:00,1790192580,JCI,146.55999755859375,146.56500244140625,146.4600067138672,146.4600067138672,7109
2026-09-23 15:44:00,1790192640,JCI,146.4499969482422,146.47000122070312,146.4199981689453,146.47000122070312,7105
2026-09-23 15:45:00,1790192700,JCI,146.47000122070312,146.52000427246094,146.4499969482422,146.4499969482422,4205
2026-09-23 15:46:00,1790192760,JCI,146.42999267578125,146.44000244140625,146.3000030517578,146.36000061035156,8046
2026-09-23 15:47:00,1790192820,JCI,146.41000366210938,146.5399932861328,146.38999938964844,146.52000427246094,4123
2026-09-23 15:48:00,1790192880,JCI,146.52999877929688,146.57000732421875,146.49000549316406,146.49000549316406,4012
2026-09-23 15:49:00,1790192940,JCI,146.47000122070312,146.47000122070312,146.14999389648438,146.25999450683594,15281
2026-09-23 15:50:00,1790193000,JCI,146.22999572753906,146.27999877929688,145.99000549316406,146.07000732421875,20551
2026-09-23 15:51:00,1790193060,JCI,146.0800018310547,146.0800018310547,145.9250030517578,145.97999572753906,19063
2026-09-23 15:52:00,1790193120,JCI,146.00999450683594,146.02000427246094,145.9199981689453,145.9199981689453,13668
2026-09-23 15:53:00,1790193180,JCI,145.9499969482422,146.1199951171875,145.91000366210938,146.11000061035156,13920
2026-09-23 15:54:00,1790193240,JCI,146.10499572753906,146.24000549316406,146.08999633789062,146.1300048828125,13021
2026-09-23 15:55:00,1790193300,JCI,146.17999267578125,146.17999267578125,146.00999450683594,146.00999450683594,24294
2026-09-23 15:56:00,1790193360,JCI,146.00999450683594,146.02999877929688,145.91000366210938,145.9600067138672,23330
2026-09-23 15:57:00,1790193420,JCI,145.97999572753906,146.10000610351562,145.9600067138672,146.02999877929688,68621
2026-09-23 15:58:00,1790193480,JCI,146.07000732421875,146.07249450683594,145.8300018310547,145.92999267578125,102797
2026-09-23 15:59:00,1790193540,JCI,145.92999267578125,145.99000549316406,145.72000122070312,145.8800048828125,137710
2026-09-23 16:00:00,1790193600,JCI,145.89999389648438,145.89999389648438,145.89999389648438,145.89999389648438,0
2026-09-24 09:30:00,1790256600,JCI,144.14999389648438,145.1649932861328,144.11000061035156,145.1649932861328,31346
2026-09-24 09:31:00,1790256660,JCI,144.69500732421875,144.69500732421875,143.66009521484375,144.05499267578125,9561
2026-09-24 09:32:00,1790256720,JCI,144.05499267578125,144.75,144.05499267578125,144.53500366210938,7895
2026-09-24 09:33:00,1790256780,JCI,144.52999877929688,144.52999877929688,144.25999450683594,144.4199981689453,2545
2026-09-24 09:34:00,1790256840,JCI,144.10000610351562,144.10000610351562,144.10000610351562,144.10000610351562,187
2026-09-24 09:35:00,1790256900,JCI,144.4250030517578,144.4250030517578,143.74000549316406,144.1750030517578,8385
2026-09-24 09:36:00,1790256960,JCI,144.25,144.32000732421875,143.8800048828125,143.8800048828125,3077
2026-09-24 09:37:00,1790257020,JCI,143.67999267578125,143.8800048828125,143.6199951171875,143.6199951171875,3500
2026-09-24 09:38:00,1790257080,JCI,143.6199951171875,144.02999877929688,143.57000732421875,144.02999877929688,2928
2026-09-24 09:39:00,1790257140,JCI,143.8800048828125,144.0749969482422,143.74000549316406,144.0749969482422,2437
2026-09-24 09:40:00,1790257200,JCI,143.94313049316406,144.4499969482422,143.94313049316406,144.27999877929688,7456
2026-09-24 09:41:00,1790257260,JCI,144.22000122070312,144.36000061035156,144.17999267578125,144.17999267578125,3076
2026-09-24 09:42:00,1790257320,JCI,144.17999267578125,144.28500366210938,144.13999938964844,144.13999938964844,17335
2026-09-24 09:43:00,1790257380,JCI,144.30999755859375,144.30999755859375,143.88999938964844,144.0500030517578,5619
2026-09-24 09:44:00,1790257440,JCI,144.0500030517578,144.16000366210938,144.0,144.10000610351562,2960
2026-09-24 09:45:00,1790257500,JCI,144.10000610351562,144.27499389648438,143.9600067138672,144.0,7795
2026-09-24 09:46:00,1790257560,JCI,144.0800018310547,144.52000427246094,144.0800018310547,144.52000427246094,8144
2026-09-24 09:47:00,1790257620,JCI,144.47999572753906,144.6699981689453,144.38999938964844,144.49000549316406,5387
2026-09-24 09:48:00,1790257680,JCI,144.42999267578125,144.47500610351562,144.30999755859375,144.47500610351562,2651
2026-09-24 09:49:00,1790257740,JCI,144.33999633789062,144.63999938964844,144.32000732421875,144.5449981689453,2938
2026-09-24 09:50:00,1790257800,JCI,144.51499938964844,144.9532012939453,144.51499938964844,144.89999389648438,3802
2026-09-24 09:51:00,1790257860,JCI,144.7100067138672,144.97999572753906,144.6300048828125,144.68499755859375,5840
2026-09-24 09:52:00,1790257920,JCI,144.69000244140625,144.85000610351562,144.6699981689453,144.7100067138672,10997
2026-09-24 09:53:00,1790257980,JCI,144.60000610351562,144.8350067138672,144.60000610351562,144.8350067138672,5187
2026-09-24 09:54:00,1790258040,JCI,144.85000610351562,144.86500549316406,144.67999267578125,144.67999267578125,7643
2026-09-24 09:55:00,1790258100,JCI,144.6750030517578,144.8300018310547,144.6750030517578,144.76499938964844,4528
2026-09-24 09:56:00,1790258160,JCI,144.6999969482422,144.7949981689453,144.6199951171875,144.7949981689453,3368
2026-09-24 09:57:00,1790258220,JCI,144.6999969482422,145.03500366210938,144.6999969482422,145.03500366210938,4609
2026-09-24 09:58:00,1790258280,JCI,145.00999450683594,145.25,144.97000122070312,145.25,7089
2026-09-24 09:59:00,1790258340,JCI,145.25999450683594,145.28500366210938,145.11000061035156,145.1199951171875,4935
2026-09-24 10:00:00,1790258400,JCI,145.11000061035156,145.24000549316406,144.97000122070312,145.11000061035156,6309
2026-09-24 10:01:00,1790258460,JCI,145.25,145.39999389648438,145.24000549316406,145.33999633789062,5250
2026-09-24 10:02:00,1790258520,JCI,145.38999938964844,145.55499267578125,145.38999938964844,145.53750610351562,2467
2026-09-24 10:03:00,1790258580,JCI,145.44000244140625,145.44000244140625,145.27000427246094,145.27000427246094,2439
2026-09-24 10:04:00,1790258640,JCI,145.25999450683594,145.47000122070312,145.25,145.4499969482422,5564
2026-09-24 10:05:00,1790258700,JCI,145.35000610351562,145.5800018310547,145.35000610351562,145.5800018310547,4705
2026-09-24 10:06:00,1790258760,JCI,145.65870666503906,145.75,145.57000732421875,145.75,8063
2026-09-24 10:07:00,1790258820,JCI,145.75,145.89500427246094,145.61000061035156,145.8800048828125,8613
2026-09-24 10:08:00,1790258880,JCI,145.77000427246094,145.77000427246094,145.5500030517578,145.57000732421875,3344
2026-09-24 10:09:00,1790258940,JCI,145.6999969482422,145.83999633789062,145.50999450683594,145.5800018310547,7675
2026-09-24 10:10:00,1790259000,JCI,145.49000549316406,145.72999572753906,145.44000244140625,145.72999572753906,6518
2026-09-24 10:11:00,1790259060,JCI,145.7550048828125,145.83999633789062,145.66000366210938,145.66000366210938,3340
2026-09-24 10:12:00,1790259120,JCI,145.6199951171875,145.69000244140625,145.49009704589844,145.69000244140625,4779
2026-09-24 10:13:00,1790259180,JCI,145.6199951171875,145.6199951171875,145.4875030517578,145.5500030517578,2984
2026-09-24 10:14:00,1790259240,JCI,145.57000732421875,145.71499633789062,145.47999572753906,145.57000732421875,5022
2026-09-24 10:15:00,1790259300,JCI,145.50999450683594,145.5709991455078,145.40499877929688,145.41000366210938,3095
2026-09-24 10:16:00,1790259360,JCI,145.38999938964844,145.5800018310547,145.38999938964844,145.52999877929688,5311
2026-09-24 10:17:00,1790259420,JCI,145.57000732421875,145.6300048828125,145.47999572753906,145.60000610351562,3878
2026-09-24 10:18:00,1790259480,JCI,145.61500549316406,145.72000122070312,145.58999633789062,145.63499450683594,8751
2026-09-24 10:19:00,1790259540,JCI,145.61500549316406,145.61500549316406,145.3000030517578,145.43499755859375,5214
2026-09-24 10:20:00,1790259600,JCI,145.43499755859375,145.46499633789062,145.42999267578125,145.4600067138672,1897
2026-09-24 10:21:00,1790259660,JCI,145.4600067138672,145.4600067138672,145.38999938964844,145.38999938964844,1009
2026-09-24 10:22:00,1790259720,JCI,145.38499450683594,145.39999389648438,145.27999877929688,145.35000610351562,5823
2026-09-24 10:23:00,1790259780,JCI,145.35000610351562,145.35000610351562,145.05499267578125,145.05499267578125,4481
2026-09-24 10:24:00,1790259840,JCI,145.05499267578125,145.1199951171875,144.97000122070312,145.0449981689453,9143
2026-09-24 10:25:00,1790259900,JCI,145.0449981689453,145.05499267578125,144.9499969482422,145.03500366210938,13965
2026-09-24 10:26:00,1790259960,JCI,145.03500366210938,145.0399932861328,144.9199981689453,145.0399932861328,6764
2026-09-24 10:27:00,1790260020,JCI,145.1199951171875,145.1300048828125,145.1199951171875,145.1199951171875,1673
2026-09-24 10:28:00,1790260080,JCI,145.0800018310547,145.1999969482422,145.0800018310547,145.13499450683594,2233
2026-09-24 10:29:00,1790260140,JCI,145.2100067138672,145.27499389648438,145.1199951171875,145.27499389648438,3757
2026-09-24 10:30:00,1790260200,JCI,145.22500610351562,145.2899932861328,145.22500610351562,145.2899932861328,1250
2026-09-24 10:31:00,1790260260,JCI,145.2949981689453,145.42999267578125,145.24000549316406,145.36000061035156,6559
2026-09-24 10:32:00,1790260320,JCI,145.36500549316406,145.42999267578125,145.33999633789062,145.3800048828125,2306
2026-09-24 10:33:00,1790260380,JCI,145.3800048828125,145.50999450683594,145.3800048828125,145.50999450683594,3358
2026-09-24 10:34:00,1790260440,JCI,145.51499938964844,145.64199829101562,145.44000244140625,145.60000610351562,4946
2026-09-24 10:35:00,1790260500,JCI,145.60499572753906,145.60499572753906,145.3300018310547,145.42999267578125,7680
2026-09-24 10:36:00,1790260560,JCI,145.46499633789062,145.5500030517578,145.4199981689453,145.47500610351562,9029
2026-09-24 10:37:00,1790260620,JCI,145.5399932861328,145.6699981689453,145.5399932861328,145.61000061035156,3681
2026-09-24 10:38:00,1790260680,JCI,145.61000061035156,145.61000061035156,145.52999877929688,145.57000732421875,3606
2026-09-24 10:39:00,1790260740,JCI,145.55499267578125,145.60499572753906,145.41000366210938,145.41000366210938,5637
2026-09-24 10:40:00,1790260800,JCI,145.4149932861328,145.4600067138672,145.41000366210938,145.4600067138672,3144
2026-09-24 10:41:00,1790260860,JCI,145.42999267578125,145.47000122070312,145.36000061035156,145.42999267578125,1982
2026-09-24 10:42:00,1790260920,JCI,145.42999267578125,145.5399932861328,145.3300018310547,145.3300018310547,11820
2026-09-24 10:43:00,1790260980,JCI,145.3300018310547,145.52000427246094,145.32000732421875,145.41000366210938,9844
2026-09-24 10:44:00,1790261040,JCI,145.47000122070312,145.47000122070312,145.39999389648438,145.41000366210938,3024
2026-09-24 10:45:00,1790261100,JCI,145.4149932861328,145.47999572753906,145.4149932861328,145.4149932861328,921
2026-09-24 10:46:00,1790261160,JCI,145.4149932861328,145.57000732421875,145.35000610351562,145.57000732421875,10388
2026-09-24 10:47:00,1790261220,JCI,145.5800018310547,145.58999633789062,145.5800018310547,145.5850067138672,2680
2026-09-24 10:48:00,1790261280,JCI,145.5850067138672,145.5850067138672,145.5,145.5,2728
2026-09-24 10:49:00,1790261340,JCI,145.5,145.5500030517578,145.5,145.5449981689453,2455
2026-09-24 10:50:00,1790261400,JCI,145.61000061035156,145.73500061035156,145.61000061035156,145.65499877929688,7111
2026-09-24 10:51:00,1790261460,JCI,145.58999633789062,145.58999633789062,145.39999389648438,145.4499969482422,5927
2026-09-24 10:52:00,1790261520,JCI,145.4499969482422,145.4499969482422,145.27999877929688,145.36500549316406,2559
2026-09-24 10:53:00,1790261580,JCI,145.36500549316406,145.36500549316406,145.3000030517578,145.35499572753906,1927
2026-09-24 10:54:00,1790261640,JCI,145.35499572753906,145.35499572753906,145.35000610351562,145.35000610351562,741
2026-09-24 10:55:00,1790261700,JCI,145.3000030517578,145.34500122070312,145.19000244140625,145.27999877929688,17554
2026-09-24 10:56:00,1790261760,JCI,145.2899932861328,145.30499267578125,145.24009704589844,145.30499267578125,4293
2026-09-24 10:57:00,1790261820,JCI,145.30499267578125,145.30499267578125,145.17999267578125,145.2050018310547,4196
2026-09-24 10:58:00,1790261880,JCI,145.2050018310547,145.2050018310547,145.1699981689453,145.1750030517578,6260
2026-09-24 10:59:00,1790261940,JCI,145.13999938964844,145.25,145.1199951171875,145.25,7840
2026-09-24 11:00:00,1790262000,JCI,145.22999572753906,145.27000427246094,145.16000366210938,145.22000122070312,6697
2026-09-24 11:01:00,1790262060,JCI,145.1999969482422,145.22000122070312,145.14999389648438,145.19000244140625,4963
2026-09-24 11:02:00,1790262120,JCI,145.19000244140625,145.19000244140625,145.13999938964844,145.13999938964844,3192
2026-09-24 11:03:00,1790262180,JCI,145.19000244140625,145.19000244140625,145.10000610351562,145.19000244140625,6136
2026-09-24 11:04:00,1790262240,JCI,145.16000366210938,145.19000244140625,145.0399932861328,145.0800018310547,2748
2026-09-24 11:05:00,1790262300,JCI,145.0800018310547,145.0800018310547,144.91000366210938,144.96499633789062,4878
2026-09-24 11:06:00,1790262360,JCI,144.9600067138672,144.9600067138672,144.89999389648438,144.94000244140625,3402
2026-09-24 11:07:00,1790262420,JCI,144.91000366210938,145.0,144.86000061035156,144.97999572753906,6389
2026-09-24 11:08:00,1790262480,JCI,144.97999572753906,144.97999572753906,144.83999633789062,144.83999633789062,4166
2026-09-24 11:09:00,1790262540,JCI,144.93499755859375,144.9600067138672,144.77999877929688,144.77999877929688,6129
2026-09-24 11:10:00,1790262600,JCI,144.80999755859375,144.80999755859375,144.71499633789062,144.8000030517578,6337
2026-09-24 11:11:00,1790262660,JCI,144.76499938964844,144.88999938964844,144.76499938964844,144.77999877929688,6530
2026-09-24 11:12:00,1790262720,JCI,144.80999755859375,144.81500244140625,144.64999389648438,144.64999389648438,8023
2026-09-24 11:13:00,1790262780,JCI,144.64999389648438,144.66000366210938,144.52000427246094,144.52000427246094,3404
2026-09-24 11:14:00,1790262840,JCI,144.55999755859375,144.58999633789062,144.52000427246094,144.52000427246094,3987
2026-09-24 11:15:00,1790262900,JCI,144.5399932861328,144.60000610351562,144.50999450683594,144.5850067138672,5736
2026-09-24 11:16:00,1790262960,JCI,144.5850067138672,144.75999450683594,144.5850067138672,144.72000122070312,7405
2026-09-24 11:17:00,1790263020,JCI,144.6999969482422,144.8699951171875,144.63999938964844,144.69000244140625,7911
2026-09-24 11:18:00,1790263080,JCI,144.6999969482422,144.6999969482422,144.60000610351562,144.67999267578125,11687
2026-09-24 11:19:00,1790263140,JCI,144.67999267578125,144.6999969482422,144.63499450683594,144.63499450683594,4541
2026-09-24 11:20:00,1790263200,JCI,144.63499450683594,144.63499450683594,144.41000366210938,144.44000244140625,11235
2026-09-24 11:21:00,1790263260,JCI,144.47999572753906,144.52999877929688,144.43499755859375,144.5,9245
2026-09-24 11:22:00,1790263320,JCI,144.38999938964844,144.63999938964844,144.38999938964844,144.61000061035156,5081
2026-09-24 11:23:00,1790263380,JCI,144.6699981689453,144.69000244140625,144.58999633789062,144.64971923828125,2515
2026-09-24 11:24:00,1790263440,JCI,144.7050018310547,144.8000030517578,144.67999267578125,144.8000030517578,4623
2026-09-24 11:25:00,1790263500,JCI,144.75999450683594,144.75999450683594,144.6300048828125,144.63999938964844,4784
2026-09-24 11:26:00,1790263560,JCI,144.63499450683594,144.7899932861328,144.63499450683594,144.77999877929688,3441
2026-09-24 11:27:00,1790263620,JCI,144.74000549316406,144.8800048828125,144.74000549316406,144.75,9304
2026-09-24 11:28:00,1790263680,JCI,144.75,144.76499938964844,144.6999969482422,144.75999450683594,3407
2026-09-24 11:29:00,1790263740,JCI,144.74000549316406,144.77000427246094,144.6699981689453,144.72000122070312,8263
2026-09-24 11:30:00,1790263800,JCI,144.69000244140625,144.77999877929688,144.68499755859375,144.72500610351562,7306
2026-09-24 11:31:00,1790263860,JCI,144.72500610351562,144.72500610351562,144.7100067138672,144.71499633789062,2481
2026-09-24 11:32:00,1790263920,JCI,144.71499633789062,144.72000122070312,144.60000610351562,144.6300048828125,6799
2026-09-24 11:33:00,1790263980,JCI,144.6300048828125,144.67999267578125,144.60000610351562,144.60000610351562,3902
2026-09-24 11:34:00,1790264040,JCI,144.58392333984375,144.61000061035156,144.5635986328125,144.5635986328125,1751
2026-09-24 11:35:00,1790264100,JCI,144.50999450683594,144.5800018310547,144.39999389648438,144.39999389648438,4467
2026-09-24 11:36:00,1790264160,JCI,144.44000244140625,144.49000549316406,144.38999938964844,144.4844970703125,6531
2026-09-24 11:37:00,1790264220,JCI,144.4600067138672,144.49339294433594,144.4550018310547,144.47000122070312,5576
2026-09-24 11:38:00,1790264280,JCI,144.47500610351562,144.5800018310547,144.47500610351562,144.5800018310547,3409
2026-09-24 11:39:00,1790264340,JCI,144.55999755859375,144.55999755859375,144.47999572753906,144.51499938964844,2419
2026-09-24 11:40:00,1790264400,JCI,144.47000122070312,144.5,144.4199981689453,144.5,3702
2026-09-24 11:41:00,1790264460,JCI,144.47999572753906,144.47999572753906,144.47000122070312,144.47000122070312,771
2026-09-24 11:42:00,1790264520,JCI,144.4949951171875,144.61000061035156,144.49000549316406,144.51499938964844,4501
2026-09-24 11:43:00,1790264580,JCI,144.51499938964844,144.57000732421875,144.51499938964844,144.57000732421875,1376
2026-09-24 11:44:00,1790264640,JCI,144.5800018310547,144.6999969482422,144.5800018310547,144.69000244140625,2867
2026-09-24 11:45:00,1790264700,JCI,144.69500732421875,144.69500732421875,144.63999938964844,144.63999938964844,1287
2026-09-24 11:46:00,1790264760,JCI,144.75,144.75,144.75,144.75,992
2026-09-24 11:47:00,1790264820,JCI,144.67999267578125,144.69500732421875,144.5399932861328,144.5500030517578,5411
2026-09-24 11:48:00,1790264880,JCI,144.5399932861328,144.5399932861328,144.4499969482422,144.4600067138672,4640
2026-09-24 11:49:00,1790264940,JCI,144.4949951171875,144.50999450683594,144.4499969482422,144.48500061035156,1974
2026-09-24 11:50:00,1790265000,JCI,144.47999572753906,144.55999755859375,144.4499969482422,144.55999755859375,3579
2026-09-24 11:51:00,1790265060,JCI,144.5449981689453,144.5782012939453,144.47000122070312,144.5,6794
2026-09-24 11:52:00,1790265120,JCI,144.49000549316406,144.55999755859375,144.49000549316406,144.5500030517578,2927
2026-09-24 11:53:00,1790265180,JCI,144.57000732421875,144.61500549316406,144.52499389648438,144.52499389648438,4371
2026-09-24 11:54:00,1790265240,JCI,144.52499389648438,144.52999877929688,144.4499969482422,144.52999877929688,5512
2026-09-24 11:55:00,1790265300,JCI,144.5399932861328,144.60000610351562,144.5399932861328,144.60000610351562,2205
2026-09-24 11:56:00,1790265360,JCI,144.57000732421875,144.69000244140625,144.5399932861328,144.69000244140625,2323
2026-09-24 11:57:00,1790265420,JCI,144.72000122070312,144.75,144.67999267578125,144.72999572753906,5842
2026-09-24 11:58:00,1790265480,JCI,144.72999572753906,144.78030395507812,144.69000244140625,144.78030395507812,2803
2026-09-24 11:59:00,1790265540,JCI,144.72000122070312,144.75,144.72000122070312,144.75,670
2026-09-24 12:00:00,1790265600,JCI,144.74000549316406,144.74000549316406,144.57009887695312,144.60000610351562,10004
2026-09-24 12:01:00,1790265660,JCI,144.57000732421875,144.59500122070312,144.47999572753906,144.59500122070312,8759
2026-09-24 12:02:00,1790265720,JCI,144.58999633789062,144.6999969482422,144.58999633789062,144.69500732421875,2024
2026-09-24 12:03:00,1790265780,JCI,144.69500732421875,144.74000549316406,144.60000610351562,144.74000549316406,3624
2026-09-24 12:04:00,1790265840,JCI,144.7864990234375,144.7899932861328,144.77999877929688,144.7899932861328,1132
2026-09-24 12:05:00,1790265900,JCI,144.80999755859375,144.80999755859375,144.75999450683594,144.77000427246094,1861
2026-09-24 12:06:00,1790265960,JCI,144.75,144.80999755859375,144.63999938964844,144.63999938964844,2898
2026-09-24 12:07:00,1790266020,JCI,144.63999938964844,144.66000366210938,144.58999633789062,144.66000366210938,3387
2026-09-24 12:08:00,1790266080,JCI,144.6699981689453,144.69000244140625,144.6699981689453,144.69000244140625,808
2026-09-24 12:09:00,1790266140,JCI,144.63999938964844,144.6699981689453,144.6300048828125,144.6300048828125,1710
2026-09-24 12:10:00,1790266200,JCI,144.69000244140625,144.69000244140625,144.63999938964844,144.63999938964844,1677
2026-09-24 12:11:00,1790266260,JCI,144.64999389648438,144.66000366210938,144.60000610351562,144.60000610351562,3144
2026-09-24 12:12:00,1790266320,JCI,144.60000610351562,144.69000244140625,144.60000610351562,144.69000244140625,1611
2026-09-24 12:13:00,1790266380,JCI,144.7050018310547,144.72000122070312,144.64999389648438,144.67999267578125,1608
2026-09-24 12:14:00,1790266440,JCI,144.74000549316406,144.8300018310547,144.6699981689453,144.8300018310547,6304
2026-09-24 12:15:00,1790266500,JCI,144.8699951171875,145.27000427246094,144.82000732421875,145.27000427246094,8670
2026-09-24 12:16:00,1790266560,JCI,145.2899932861328,145.77499389648438,145.2899932861328,145.7100067138672,6904
2026-09-24 12:17:00,1790266620,JCI,145.7100067138672,145.8000030517578,145.64999389648438,145.75,7929
2026-09-24 12:18:00,1790266680,JCI,145.86000061035156,146.0,145.86000061035156,145.88999938964844,6401
2026-09-24 12:19:00,1790266740,JCI,145.9499969482422,145.97000122070312,145.47999572753906,145.47999572753906,8695
2026-09-24 12:20:00,1790266800,JCI,145.67999267578125,145.94000244140625,145.67999267578125,145.69000244140625,4363
2026-09-24 12:21:00,1790266860,JCI,145.67999267578125,145.77000427246094,145.52999877929688,145.5449981689453,3116
2026-09-24 12:22:00,1790266920,JCI,145.50999450683594,145.8699951171875,145.50999450683594,145.8699951171875,8416
2026-09-24 12:23:00,1790266980,JCI,145.74000549316406,145.77999877929688,145.64999389648438,145.6699981689453,2837
2026-09-24 12:24:00,1790267040,JCI,145.66000366210938,145.8800048828125,145.64999389648438,145.8800048828125,3005
2026-09-24 12:25:00,1790267100,JCI,145.83999633789062,145.83999633789062,145.61000061035156,145.75,2087
2026-09-24 12:26:00,1790267160,JCI,145.6699981689453,145.83999633789062,145.6699981689453,145.67999267578125,4703
2026-09-24 12:27:00,1790267220,JCI,145.61000061035156,145.82000732421875,145.58999633789062,145.8000030517578,7095
2026-09-24 12:28:00,1790267280,JCI,145.77000427246094,145.77000427246094,145.69000244140625,145.69000244140625,2416
2026-09-24 12:29:00,1790267340,JCI,145.78250122070312,145.7969970703125,145.7100067138672,145.7449951171875,3267
2026-09-24 12:30:00,1790267400,JCI,145.7449951171875,145.86000061035156,145.6300048828125,145.85000610351562,8969
2026-09-24 12:31:00,1790267460,JCI,145.8800048828125,145.88999938964844,145.6699981689453,145.6699981689453,3465
2026-09-24 12:32:00,1790267520,JCI,145.6300048828125,145.73500061035156,145.6300048828125,145.6999969482422,2377
2026-09-24 12:33:00,1790267580,JCI,145.76499938964844,145.92999267578125,145.76499938964844,145.92999267578125,2517
2026-09-24 12:34:00,1790267640,JCI,145.91000366210938,145.99000549316406,145.89500427246094,145.99000549316406,2863
2026-09-24 12:35:00,1790267700,JCI,145.99000549316406,146.07000732421875,145.89999389648438,146.07000732421875,5112
2026-09-24 12:36:00,1790267760,JCI,146.0800018310547,146.25999450683594,146.0800018310547,146.25999450683594,5149
2026-09-24 12:37:00,1790267820,JCI,146.25999450683594,146.25999450683594,146.22000122070312,146.22000122070312,3393
2026-09-24 12:38:00,1790267880,JCI,146.14999389648438,146.17999267578125,146.08999633789062,146.08999633789062,3996
2026-09-24 12:39:00,1790267940,JCI,146.125,146.13999938964844,146.10000610351562,146.10000610351562,1211
2026-09-24 12:40:00,1790268000,JCI,146.10000610351562,146.3300018310547,146.08999633789062,146.3300018310547,5158
2026-09-24 12:41:00,1790268060,JCI,146.3699951171875,146.4499969482422,146.36000061035156,146.4250030517578,3785
2026-09-24 12:42:00,1790268120,JCI,146.38999938964844,146.38999938964844,146.38999938964844,146.38999938964844,556
2026-09-24 12:43:00,1790268180,JCI,146.39999389648438,146.4199981689453,146.32000732421875,146.41000366210938,2499
2026-09-24 12:44:00,1790268240,JCI,146.36500549316406,146.4199981689453,146.19000244140625,146.2550048828125,5327
2026-09-24 12:45:00,1790268300,JCI,146.19000244140625,146.2100067138672,146.0,146.0500030517578,5122
2026-09-24 12:46:00,1790268360,JCI,146.07000732421875,146.23500061035156,146.07000732421875,146.22500610351562,7237
2026-09-24 12:47:00,1790268420,JCI,146.1699981689453,146.1699981689453,146.02999877929688,146.07000732421875,5268
2026-09-24 12:48:00,1790268480,JCI,146.1300048828125,146.1300048828125,146.10000610351562,146.1300048828125,2832
2026-09-24 12:49:00,1790268540,JCI,146.14500427246094,146.22000122070312,146.0500030517578,146.22000122070312,5265
2026-09-24 12:50:00,1790268600,JCI,146.13999938964844,146.19500732421875,146.13999938964844,146.19500732421875,1273
2026-09-24 12:51:00,1790268660,JCI,146.21499633789062,146.2720947265625,146.13999938964844,146.23500061035156,2476
2026-09-24 12:52:00,1790268720,JCI,146.24000549316406,146.24000549316406,145.9199981689453,145.9199981689453,5164
2026-09-24 12:53:00,1790268780,JCI,146.02000427246094,146.02000427246094,146.02000427246094,146.02000427246094,896
2026-09-24 12:54:00,1790268840,JCI,146.00999450683594,146.00999450683594,146.0,146.0,2716
2026-09-24 12:55:00,1790268900,JCI,145.92999267578125,145.92999267578125,145.91000366210938,145.91000366210938,639
2026-09-24 12:56:00,1790268960,JCI,145.97999572753906,146.0,145.97500610351562,145.9949951171875,1657
2026-09-24 12:57:00,1790269020,JCI,146.0500030517578,146.07000732421875,145.91000366210938,145.94500732421875,3246
2026-09-24 12:58:00,1790269080,JCI,145.8699951171875,145.88999938964844,145.8000030517578,145.83999633789062,2988
2026-09-24 12:59:00,1790269140,JCI,145.8350067138672,145.8350067138672,145.75999450683594,145.80499267578125,2321
2026-09-24 13:00:00,1790269200,JCI,145.7100067138672,145.7100067138672,145.58999633789062,145.61000061035156,3511
2026-09-24 13:01:00,1790269260,JCI,145.72500610351562,145.72500610351562,145.6699981689453,145.7100067138672,1725
2026-09-24 13:02:00,1790269320,JCI,145.67999267578125,145.69000244140625,145.58999633789062,145.64999389648438,2994
2026-09-24 13:03:00,1790269380,JCI,145.8300018310547,145.88499450683594,145.8000030517578,145.82000732421875,1687
2026-09-24 13:04:00,1790269440,JCI,145.80999755859375,145.8300018310547,145.72999572753906,145.74000549316406,5328
2026-09-24 13:05:00,1790269500,JCI,145.75999450683594,145.93499755859375,145.75999450683594,145.80999755859375,2930
2026-09-24 13:06:00,1790269560,JCI,145.77999877929688,145.8800048828125,145.77000427246094,145.8800048828125,1700
2026-09-24 13:07:00,1790269620,JCI,145.8800048828125,145.99000549316406,145.8800048828125,145.9199981689453,1522
2026-09-24 13:08:00,1790269680,JCI,145.89999389648438,146.02999877929688,145.86500549316406,146.02999877929688,4334
2026-09-24 13:09:00,1790269740,JCI,145.97999572753906,145.97999572753906,145.9199981689453,145.9600067138672,1768
2026-09-24 13:10:00,1790269800,JCI,145.94000244140625,145.94000244140625,145.77000427246094,145.875,4621
2026-09-24 13:11:00,1790269860,JCI,145.8000030517578,145.8699951171875,145.77999877929688,145.77999877929688,6538
2026-09-24 13:12:00,1790269920,JCI,145.83999633789062,145.86000061035156,145.74000549316406,145.8000030517578,3318
2026-09-24 13:13:00,1790269980,JCI,145.8000030517578,145.84500122070312,145.66000366210938,145.77000427246094,3198
2026-09-24 13:14:00,1790270040,JCI,145.86000061035156,146.0299072265625,145.86000061035156,146.0299072265625,942
2026-09-24 13:15:00,1790270100,JCI,145.8800048828125,145.91990661621094,145.75999450683594,145.75999450683594,2227
2026-09-24 13:16:00,1790270160,JCI,145.75,145.8000030517578,145.66000366210938,145.8000030517578,1871
2026-09-24 13:17:00,1790270220,JCI,145.7967987060547,145.7967987060547,145.74000549316406,145.74000549316406,1605
2026-09-24 13:18:00,1790270280,JCI,145.80999755859375,145.82000732421875,145.7899932861328,145.7899932861328,924
2026-09-24 13:19:00,1790270340,JCI,145.75,145.75,145.67999267578125,145.67999267578125,4061
2026-09-24 13:20:00,1790270400,JCI,145.60000610351562,145.66000366210938,145.5500030517578,145.61000061035156,5816
2026-09-24 13:21:00,1790270460,JCI,145.61000061035156,145.72500610351562,145.57000732421875,145.6999969482422,4137
2026-09-24 13:22:00,1790270520,JCI,145.6999969482422,145.75,145.64999389648438,145.75,2303
2026-09-24 13:23:00,1790270580,JCI,145.75,145.77000427246094,145.6999969482422,145.75,1709
2026-09-24 13:24:00,1790270640,JCI,145.75,145.8300018310547,145.75,145.82000732421875,7205
2026-09-24 13:25:00,1790270700,JCI,145.74000549316406,145.7899932861328,145.6300048828125,145.6300048828125,4101
2026-09-24 13:26:00,1790270760,JCI,145.58999633789062,145.63999938964844,145.44000244140625,145.44000244140625,3304
2026-09-24 13:27:00,1790270820,JCI,145.4949951171875,145.55999755859375,145.42999267578125,145.5,2064
2026-09-24 13:28:00,1790270880,JCI,145.52000427246094,145.64999389648438,145.52000427246094,145.6199951171875,2885
2026-09-24 13:29:00,1790270940,JCI,145.61500549316406,145.6699981689453,145.58999633789062,145.64999389648438,2619
2026-09-24 13:30:00,1790271000,JCI,145.6999969482422,145.6999969482422,145.63999938964844,145.66000366210938,1134
2026-09-24 13:31:00,1790271060,JCI,145.6199951171875,145.72000122070312,145.6199951171875,145.6699981689453,2532
2026-09-24 13:32:00,1790271120,JCI,145.75999450683594,145.75999450683594,145.625,145.625,3392
2026-09-24 13:33:00,1790271180,JCI,145.55999755859375,145.6199951171875,145.5449981689453,145.6199951171875,4729
2026-09-24 13:34:00,1790271240,JCI,145.63999938964844,145.63999938964844,145.5749969482422,145.5749969482422,1744
2026-09-24 13:35:00,1790271300,JCI,145.5399932861328,145.5399932861328,145.5399932861328,145.5399932861328,275
2026-09-24 13:36:00,1790271360,JCI,145.5,145.52999877929688,145.42999267578125,145.42999267578125,4734
2026-09-24 13:37:00,1790271420,JCI,145.4499969482422,145.4949951171875,145.39999389648438,145.4250030517578,11616
2026-09-24 13:38:00,1790271480,JCI,145.5050048828125,145.5050048828125,145.40499877929688,145.40499877929688,2386
2026-09-24 13:39:00,1790271540,JCI,145.47999572753906,145.47999572753906,145.4199981689453,145.47000122070312,0
2026-09-24 13:40:00,1790271600,JCI,145.52000427246094,145.57000732421875,145.52000427246094,145.57000732421875,2077
2026-09-24 13:41:00,1790271660,JCI,145.61000061035156,145.61000061035156,145.5399932861328,145.5500030517578,3329
2026-09-24 13:42:00,1790271720,JCI,145.49000549316406,145.52999877929688,145.47000122070312,145.52999877929688,6087
2026-09-24 13:43:00,1790271780,JCI,145.30999755859375,145.30999755859375,145.24000549316406,145.24000549316406,1162
2026-09-24 13:44:00,1790271840,JCI,145.24000549316406,145.24000549316406,145.2100067138672,145.2100067138672,2033
2026-09-24 13:46:00,1790271960,JCI,145.30999755859375,145.35000610351562,145.30999755859375,145.3300018310547,4271
2026-09-24 13:47:00,1790272020,JCI,145.4199981689453,145.4199981689453,145.33999633789062,145.4199981689453,2653
2026-09-24 13:48:00,1790272080,JCI,145.42999267578125,145.42999267578125,145.375,145.375,3267
2026-09-24 13:49:00,1790272140,JCI,145.39999389648438,145.40499877929688,145.39999389648438,145.39999389648438,2095
2026-09-24 13:50:00,1790272200,JCI,145.35000610351562,145.42999267578125,145.35000610351562,145.38999938964844,2955
2026-09-24 13:51:00,1790272260,JCI,145.3509979248047,145.3509979248047,145.3509979248047,145.3509979248047,451
2026-09-24 13:52:00,1790272320,JCI,145.3699951171875,145.3699951171875,145.25999450683594,145.25999450683594,5752
2026-09-24 13:53:00,1790272380,JCI,145.17999267578125,145.25999450683594,145.17999267578125,145.2449951171875,3097
2026-09-24 13:53:50,1790272430,JCI,145.22999572753906,145.22999572753906,145.22999572753906,145.22999572753906,0
2026-09-24 13:54:00,1790272440,JCI,145.2449951171875,145.2449951171875,145.22999572753906,145.24000549316406,2302
2026-09-24 13:55:00,1790272500,JCI,145.22500610351562,145.27000427246094,145.22500610351562,145.25999450683594,1842
2026-09-24 13:56:00,1790272560,JCI,145.1999969482422,145.38499450683594,145.1999969482422,145.38499450683594,2828
2026-09-24 13:57:00,1790272620,JCI,145.36500549316406,145.36500549316406,145.35499572753906,145.35499572753906,1063
2026-09-24 13:58:00,1790272680,JCI,145.30999755859375,145.33999633789062,145.24000549316406,145.30999755859375,6624
2026-09-24 13:59:00,1790272740,JCI,145.30999755859375,145.39999389648438,145.3000030517578,145.3800048828125,3674
2026-09-24 14:00:00,1790272800,JCI,145.39999389648438,145.39999389648438,145.30999755859375,145.30999755859375,2416
2026-09-24 14:01:00,1790272860,JCI,145.3000030517578,145.30990600585938,145.17999267578125,145.18499755859375,3269
2026-09-24 14:02:00,1790272920,JCI,145.22000122070312,145.24000549316406,144.9949951171875,145.05499267578125,4410
2026-09-24 14:03:00,1790272980,JCI,145.0050048828125,145.0050048828125,144.8612060546875,144.89999389648438,3418
2026-09-24 14:04:00,1790273040,JCI,144.89999389648438,144.89999389648438,144.80499267578125,144.80499267578125,2145
2026-09-24 14:05:00,1790273100,JCI,144.89999389648438,144.9149932861328,144.8800048828125,144.88999938964844,2105
2026-09-24 14:06:00,1790273160,JCI,144.88999938964844,145.1300048828125,144.88999938964844,145.11000061035156,5437
2026-09-24 14:07:00,1790273220,JCI,145.11500549316406,145.1999969482422,145.08999633789062,145.1999969482422,1760
2026-09-24 14:08:00,1790273280,JCI,145.18499755859375,145.28500366210938,145.1699981689453,145.28500366210938,3450
2026-09-24 14:09:00,1790273340,JCI,145.26499938964844,145.26499938964844,145.1999969482422,145.25,2292
2026-09-24 14:10:00,1790273400,JCI,145.25,145.25,145.1999969482422,145.22000122070312,1517
2026-09-24 14:11:00,1790273460,JCI,145.17999267578125,145.25999450683594,145.10000610351562,145.24000549316406,7919
2026-09-24 14:12:00,1790273520,JCI,145.1699981689453,145.1699981689453,145.10000610351562,145.1199951171875,1944
2026-09-24 14:13:00,1790273580,JCI,145.125,145.2100067138672,145.125,145.2100067138672,3101
2026-09-24 14:14:00,1790273640,JCI,145.17999267578125,145.2100067138672,145.11000061035156,145.1649932861328,2396
2026-09-24 14:15:00,1790273700,JCI,145.1649932861328,145.2100067138672,145.1649932861328,145.1999969482422,2800
2026-09-24 14:16:00,1790273760,JCI,145.1699981689453,145.27499389648438,145.1699981689453,145.26499938964844,4407
2026-09-24 14:17:00,1790273820,JCI,145.26499938964844,145.3699951171875,145.22000122070312,145.3699951171875,2013
2026-09-24 14:18:00,1790273880,JCI,145.33999633789062,145.38999938964844,145.33999633789062,145.38999938964844,1781
2026-09-24 14:19:00,1790273940,JCI,145.3300018310547,145.38999938964844,145.3300018310547,145.3800048828125,2939
2026-09-24 14:20:00,1790274000,JCI,145.3800048828125,145.3800048828125,145.2899932861328,145.3249969482422,1639
2026-09-24 14:21:00,1790274060,JCI,145.32000732421875,145.3800048828125,145.3000030517578,145.35499572753906,2768
2026-09-24 14:22:00,1790274120,JCI,145.33999633789062,145.38999938964844,145.3300018310547,145.36500549316406,3752
2026-09-24 14:23:00,1790274180,JCI,145.36500549316406,145.4600067138672,145.36500549316406,145.4600067138672,6798
2026-09-24 14:24:00,1790274240,JCI,145.4600067138672,145.47999572753906,145.38999938964844,145.38999938964844,3342
2026-09-24 14:25:00,1790274300,JCI,145.42999267578125,145.67999267578125,145.39999389648438,145.61000061035156,10019
2026-09-24 14:26:00,1790274360,JCI,145.60499572753906,145.75999450683594,145.60499572753906,145.74000549316406,2435
2026-09-24 14:27:00,1790274420,JCI,145.69000244140625,145.7050018310547,145.66000366210938,145.66000366210938,2229
2026-09-24 14:28:00,1790274480,JCI,145.67999267578125,145.697998046875,145.5,145.52999877929688,4094
2026-09-24 14:29:00,1790274540,JCI,145.5399932861328,145.5500030517578,145.4600067138672,145.46749877929688,4276
2026-09-24 14:30:00,1790274600,JCI,145.39999389648438,145.41000366210938,145.39999389648438,145.39999389648438,1228
2026-09-24 14:31:00,1790274660,JCI,145.3699951171875,145.3699951171875,145.27099609375,145.3699951171875,6343
2026-09-24 14:32:00,1790274720,JCI,145.35000610351562,145.35000610351562,145.3000030517578,145.30999755859375,1952
2026-09-24 14:33:00,1790274780,JCI,145.27999877929688,145.27999877929688,145.22000122070312,145.23500061035156,5282
2026-09-24 14:34:00,1790274840,JCI,145.2050018310547,145.25999450683594,145.17999267578125,145.17999267578125,3343
2026-09-24 14:35:00,1790274900,JCI,145.14999389648438,145.1699981689453,145.07000732421875,145.07000732421875,6181
2026-09-24 14:36:00,1790274960,JCI,145.0500030517578,145.14999389648438,145.02999877929688,145.13499450683594,3195
2026-09-24 14:37:00,1790275020,JCI,145.13499450683594,145.1699981689453,145.11000061035156,145.1699981689453,2943
2026-09-24 14:38:00,1790275080,JCI,145.07000732421875,145.33999633789062,145.07000732421875,145.33999633789062,8544
2026-09-24 14:39:00,1790275140,JCI,145.38999938964844,145.5,145.3000030517578,145.3000030517578,4468
2026-09-24 14:40:00,1790275200,JCI,145.25999450683594,145.2899932861328,145.14999389648438,145.14999389648438,2616
2026-09-24 14:41:00,1790275260,JCI,145.1199951171875,145.14999389648438,145.1199951171875,145.14999389648438,682
2026-09-24 14:42:00,1790275320,JCI,145.14999389648438,145.15499877929688,145.07000732421875,145.07000732421875,1778
2026-09-24 14:43:00,1790275380,JCI,145.0800018310547,145.11000061035156,145.02000427246094,145.05999755859375,3241
2026-09-24 14:44:00,1790275440,JCI,145.05999755859375,145.13499450683594,145.05999755859375,145.08999633789062,3002
2026-09-24 14:45:00,1790275500,JCI,145.1300048828125,145.13999938964844,145.05999755859375,145.11000061035156,3878
2026-09-24 14:46:00,1790275560,JCI,145.10000610351562,145.10000610351562,144.83999633789062,144.83999633789062,3685
2026-09-24 14:47:00,1790275620,JCI,144.8300018310547,144.91000366210938,144.7899932861328,144.7899932861328,3396
2026-09-24 14:48:00,1790275680,JCI,144.7899932861328,144.83999633789062,144.7899932861328,144.80999755859375,3270
2026-09-24 14:49:00,1790275740,JCI,144.80999755859375,144.86000061035156,144.80999755859375,144.85000610351562,2740
2026-09-24 14:50:00,1790275800,JCI,144.86000061035156,145.0677947998047,144.8300018310547,145.0677947998047,7615
2026-09-24 14:51:00,1790275860,JCI,144.99000549316406,145.0,144.9199981689453,145.0,3168
2026-09-24 14:52:00,1790275920,JCI,144.9499969482422,145.14500427246094,144.9499969482422,145.1199951171875,3663
2026-09-24 14:53:00,1790275980,JCI,145.1199951171875,145.13999938964844,145.0800018310547,145.09500122070312,2069
2026-09-24 14:54:00,1790276040,JCI,145.14999389648438,145.14999389648438,145.0399932861328,145.0800018310547,4632
2026-09-24 14:55:00,1790276100,JCI,145.06500244140625,145.06500244140625,145.01499938964844,145.01499938964844,2954
2026-09-24 14:56:00,1790276160,JCI,145.0,145.12750244140625,145.0,145.09500122070312,6131
2026-09-24 14:57:00,1790276220,JCI,145.08999633789062,145.1699981689453,145.0850067138672,145.10000610351562,21229
2026-09-24 14:58:00,1790276280,JCI,145.07000732421875,145.0800018310547,145.02000427246094,145.07000732421875,6833
2026-09-24 14:59:00,1790276340,JCI,145.0800018310547,145.0800018310547,144.98500061035156,144.98500061035156,6578
2026-09-24 15:00:00,1790276400,JCI,144.94500732421875,144.94500732421875,144.86000061035156,144.93499755859375,3520
2026-09-24 15:01:00,1790276460,JCI,144.93499755859375,144.97000122070312,144.8300018310547,144.8300018310547,7389
2026-09-24 15:02:00,1790276520,JCI,144.89999389648438,145.0,144.86000061035156,144.9600067138672,4611
2026-09-24 15:03:00,1790276580,JCI,144.97000122070312,144.97000122070312,144.88999938964844,144.89999389648438,2439
2026-09-24 15:04:00,1790276640,JCI,144.89999389648438,144.9550018310547,144.89999389648438,144.9499969482422,4749
2026-09-24 15:05:00,1790276700,JCI,144.94500732421875,144.97000122070312,144.92999267578125,144.94500732421875,4814
2026-09-24 15:06:00,1790276760,JCI,144.92999267578125,145.03500366210938,144.9199981689453,145.03500366210938,3149
2026-09-24 15:07:00,1790276820,JCI,145.0,145.0399932861328,145.0,145.03500366210938,2770
2026-09-24 15:08:00,1790276880,JCI,145.00999450683594,145.02999877929688,144.97999572753906,145.0,4319
2026-09-24 15:09:00,1790276940,JCI,144.97999572753906,144.97999572753906,144.9199981689453,144.9199981689453,6413
2026-09-24 15:10:00,1790277000,JCI,144.92999267578125,144.9600067138672,144.86000061035156,144.86000061035156,4534
2026-09-24 15:11:00,1790277060,JCI,144.875,144.94000244140625,144.8699951171875,144.91000366210938,7316
2026-09-24 15:12:00,1790277120,JCI,144.9199981689453,144.97000122070312,144.9199981689453,144.94000244140625,2833
2026-09-24 15:13:00,1790277180,JCI,144.97300720214844,144.97999572753906,144.9199981689453,144.9499969482422,4447
2026-09-24 15:14:00,1790277240,JCI,144.9499969482422,145.0,144.94000244140625,144.94500732421875,6274
2026-09-24 15:15:00,1790277300,JCI,144.94500732421875,145.00999450683594,144.9149932861328,145.00999450683594,6967
2026-09-24 15:16:00,1790277360,JCI,145.00999450683594,145.02999877929688,144.99000549316406,144.99000549316406,5285
2026-09-24 15:17:00,1790277420,JCI,144.99000549316406,144.99000549316406,144.76499938964844,144.76499938964844,5775
2026-09-24 15:18:00,1790277480,JCI,144.76499938964844,144.82000732421875,144.76499938964844,144.77999877929688,5467
2026-09-24 15:19:00,1790277540,JCI,144.76499938964844,144.76499938964844,144.63999938964844,144.63999938964844,3275
2026-09-24 15:20:00,1790277600,JCI,144.6199951171875,144.7100067138672,144.6199951171875,144.7100067138672,6532
2026-09-24 15:21:00,1790277660,JCI,144.69500732421875,144.77000427246094,144.6699981689453,144.75999450683594,9542
2026-09-24 15:22:00,1790277720,JCI,144.72000122070312,144.72999572753906,144.7104034423828,144.72999572753906,2855
2026-09-24 15:23:00,1790277780,JCI,144.7100067138672,144.77999877929688,144.69000244140625,144.77000427246094,7459
2026-09-24 15:24:00,1790277840,JCI,144.77000427246094,144.8249969482422,144.77000427246094,144.80999755859375,4917
2026-09-24 15:25:00,1790277900,JCI,144.81500244140625,144.89999389648438,144.81500244140625,144.88999938964844,8184
2026-09-24 15:26:00,1790277960,JCI,144.8800048828125,144.8800048828125,144.8300018310547,144.8800048828125,3336
2026-09-24 15:27:00,1790278020,JCI,144.89999389648438,144.92999267578125,144.86000061035156,144.8800048828125,6630
2026-09-24 15:28:00,1790278080,JCI,144.89999389648438,144.92999267578125,144.8800048828125,144.9199981689453,6453
2026-09-24 15:29:00,1790278140,JCI,144.9149932861328,144.9149932861328,144.8699951171875,144.89500427246094,3175
2026-09-24 15:30:00,1790278200,JCI,144.89999389648438,144.9600067138672,144.88999938964844,144.9550018310547,6821
2026-09-24 15:31:00,1790278260,JCI,144.92999267578125,145.01499938964844,144.89999389648438,145.00999450683594,11155
2026-09-24 15:32:00,1790278320,JCI,144.97999572753906,144.97999572753906,144.89999389648438,144.97999572753906,6493
2026-09-24 15:33:00,1790278380,JCI,144.98500061035156,144.99000549316406,144.92999267578125,144.94000244140625,3781
2026-09-24 15:34:00,1790278440,JCI,144.9250030517578,144.9687957763672,144.89999389648438,144.94500732421875,6185
2026-09-24 15:35:00,1790278500,JCI,144.97000122070312,144.97000122070312,144.8699951171875,144.94000244140625,10116
2026-09-24 15:36:00,1790278560,JCI,144.9199981689453,144.97999572753906,144.9199981689453,144.96499633789062,8384
2026-09-24 15:37:00,1790278620,JCI,144.94000244140625,144.94000244140625,144.89999389648438,144.94000244140625,7150
2026-09-24 15:38:00,1790278680,JCI,144.97000122070312,145.0,144.9550018310547,144.9600067138672,6570
2026-09-24 15:39:00,1790278740,JCI,144.9499969482422,144.97999572753906,144.9499969482422,144.97999572753906,5186
2026-09-24 15:40:00,1790278800,JCI,145.0,145.01499938964844,144.91000366210938,144.9199981689453,9649
2026-09-24 15:41:00,1790278860,JCI,144.9199981689453,144.96499633789062,144.90089416503906,144.93499755859375,11244
2026-09-24 15:42:00,1790278920,JCI,144.93499755859375,145.02999877929688,144.89999389648438,144.92999267578125,15530
2026-09-24 15:43:00,1790278980,JCI,144.92999267578125,144.92999267578125,144.77999877929688,144.8249969482422,9061
2026-09-24 15:44:00,1790279040,JCI,144.8249969482422,144.86000061035156,144.8249969482422,144.84979248046875,3518
2026-09-24 15:45:00,1790279100,JCI,144.79600524902344,144.8800048828125,144.7449951171875,144.8249969482422,57600
2026-09-24 15:46:00,1790279160,JCI,144.8249969482422,144.86000061035156,144.6300048828125,144.63999938964844,20992
2026-09-24 15:47:00,1790279220,JCI,144.6199951171875,144.7899932861328,144.60000610351562,144.7899932861328,12739
2026-09-24 15:48:00,1790279280,JCI,144.83999633789062,144.8699951171875,144.74000549316406,144.77000427246094,10194
2026-09-24 15:49:00,1790279340,JCI,144.8000030517578,144.80499267578125,144.67999267578125,144.75,20069
2026-09-24 15:50:00,1790279400,JCI,144.77999877929688,144.77999877929688,144.60000610351562,144.65499877929688,16844
2026-09-24 15:51:00,1790279460,JCI,144.67999267578125,144.8800048828125,144.67999267578125,144.86749267578125,15370
2026-09-24 15:52:00,1790279520,JCI,144.86500549316406,144.9600067138672,144.8000030517578,144.9600067138672,13007
2026-09-24 15:53:00,1790279580,JCI,144.93499755859375,144.97000122070312,144.8699951171875,144.92999267578125,12408
2026-09-24 15:54:00,1790279640,JCI,144.9250030517578,145.0500030517578,144.90499877929688,145.0500030517578,19724
2026-09-24 15:55:00,1790279700,JCI,144.97000122070312,145.00999450683594,144.8300018310547,144.9149932861328,46014
2026-09-24 15:56:00,1790279760,JCI,144.9199981689453,145.10000610351562,144.9199981689453,145.0800018310547,33205
2026-09-24 15:57:00,1790279820,JCI,145.07000732421875,145.19000244140625,145.05999755859375,145.1300048828125,42975
2026-09-24 15:58:00,1790279880,JCI,145.13999938964844,145.1649932861328,145.0749969482422,145.11000061035156,45826
2026-09-24 15:59:00,1790279940,JCI,145.10000610351562,145.4550018310547,145.10000610351562,145.36000061035156,112670
2026-09-24 16:00:00,1790280000,JCI,145.36000061035156,145.36000061035156,145.36000061035156,145.36000061035156,0
2026-09-25 09:30:00,1790343000,JCI,147.02999877929688,147.4499969482422,146.33999633789062,146.50999450683594,41135
2026-09-25 09:31:00,1790343060,JCI,146.5,146.74000549316406,146.27999877929688,146.61000061035156,6593
2026-09-25 09:32:00,1790343120,JCI,146.6425018310547,147.27499389648438,146.6425018310547,147.0500030517578,6997
2026-09-25 09:33:00,1790343180,JCI,146.84500122070312,146.8699951171875,146.83999633789062,146.8699951171875,1160
2026-09-25 09:34:00,1790343240,JCI,146.88499450683594,147.39500427246094,146.6300048828125,147.32000732421875,6727
2026-09-25 09:35:00,1790343300,JCI,147.32000732421875,147.66000366210938,147.32000732421875,147.49000549316406,3267
2026-09-25 09:36:00,1790343360,JCI,147.64999389648438,148.69500732421875,147.64999389648438,148.4600067138672,35655
2026-09-25 09:37:00,1790343420,JCI,148.57000732421875,148.5749969482422,148.35000610351562,148.5749969482422,3781
2026-09-25 09:38:00,1790343480,JCI,148.6300048828125,149.0500030517578,148.6300048828125,148.99000549316406,6337
2026-09-25 09:39:00,1790343540,JCI,149.13999938964844,149.66000366210938,149.0800018310547,149.40499877929688,12753
2026-09-25 09:40:00,1790343600,JCI,149.44058227539062,149.44058227539062,148.94000244140625,149.05499267578125,12487
2026-09-25 09:41:00,1790343660,JCI,148.9499969482422,149.2100067138672,148.8800048828125,149.1074981689453,12318
2026-09-25 09:42:00,1790343720,JCI,149.11000061035156,149.6649932861328,149.05999755859375,149.4199981689453,16872
2026-09-25 09:43:00,1790343780,JCI,149.4600067138672,149.5,149.17999267578125,149.17999267578125,6901
2026-09-25 09:44:00,1790343840,JCI,149.13999938964844,149.2100067138672,148.8000030517578,148.83999633789062,3623
2026-09-25 09:45:00,1790343900,JCI,148.69000244140625,148.72999572753906,148.42010498046875,148.55499267578125,5442
2026-09-25 09:46:00,1790343960,JCI,148.5800018310547,148.76499938964844,148.55999755859375,148.76499938964844,4677
2026-09-25 09:47:00,1790344020,JCI,148.80999755859375,148.8800048828125,148.63999938964844,148.72000122070312,8787
2026-09-25 09:48:00,1790344080,JCI,148.67999267578125,148.67999267578125,148.3000030517578,148.3000030517578,4551
2026-09-25 09:49:00,1790344140,JCI,148.41990661621094,148.49000549316406,148.30499267578125,148.36000061035156,5812
2026-09-25 09:50:00,1790344200,JCI,148.35000610351562,148.77999877929688,148.35000610351562,148.64999389648438,9366
2026-09-25 09:51:00,1790344260,JCI,148.74000549316406,148.7899932861328,148.47500610351562,148.55999755859375,12886
2026-09-25 09:52:00,1790344320,JCI,148.4600067138672,148.64999389648438,148.44500732421875,148.6199951171875,3723
2026-09-25 09:53:00,1790344380,JCI,148.5648651123047,148.73500061035156,148.55999755859375,148.73500061035156,6831
2026-09-25 09:54:00,1790344440,JCI,148.71499633789062,149.05999755859375,148.71499633789062,149.0449981689453,11180
2026-09-25 09:55:00,1790344500,JCI,149.0449981689453,149.08590698242188,148.9600067138672,149.08590698242188,2305
2026-09-25 09:56:00,1790344560,JCI,149.1199951171875,149.24000549316406,149.02499389648438,149.24000549316406,11646
2026-09-25 09:57:00,1790344620,JCI,149.26499938964844,149.26499938964844,149.0800018310547,149.1199951171875,6911
2026-09-25 09:58:00,1790344680,JCI,149.1199951171875,149.33999633789062,149.02000427246094,149.33999633789062,11638
2026-09-25 09:59:00,1790344740,JCI,149.27000427246094,149.27000427246094,149.23500061035156,149.24000549316406,3984
2026-09-25 10:00:00,1790344800,JCI,149.24000549316406,149.27999877929688,149.11000061035156,149.11000061035156,11305
2026-09-25 10:01:00,1790344860,JCI,149.14999389648438,149.2899932861328,148.77499389648438,148.77499389648438,6672
2026-09-25 10:02:00,1790344920,JCI,148.74000549316406,148.92999267578125,148.74000549316406,148.8699951171875,5981
2026-09-25 10:03:00,1790344980,JCI,148.81500244140625,148.92999267578125,148.72999572753906,148.9149932861328,6220
2026-09-25 10:04:00,1790345040,JCI,148.9600067138672,148.99000549316406,148.78500366210938,148.78500366210938,9837
2026-09-25 10:05:00,1790345100,JCI,148.67999267578125,148.69000244140625,148.1199951171875,148.1199951171875,5656
2026-09-25 10:06:00,1790345160,JCI,148.08999633789062,148.38999938964844,148.06500244140625,148.36000061035156,5479
2026-09-25 10:07:00,1790345220,JCI,148.35000610351562,148.60000610351562,148.35000610351562,148.55999755859375,8057
2026-09-25 10:08:00,1790345280,JCI,148.55999755859375,148.6300048828125,148.49000549316406,148.60000610351562,6104
2026-09-25 10:09:00,1790345340,JCI,148.58999633789062,148.58999633789062,148.21499633789062,148.21499633789062,10650
2026-09-25 10:10:00,1790345400,JCI,148.18499755859375,148.41000366210938,148.18499755859375,148.34500122070312,4856
2026-09-25 10:11:00,1790345460,JCI,148.36000061035156,148.36000061035156,148.19000244140625,148.2949981689453,5282
2026-09-25 10:12:00,1790345520,JCI,148.39999389648438,148.41000366210938,148.25999450683594,148.35000610351562,5509
2026-09-25 10:13:00,1790345580,JCI,148.35000610351562,148.4550018310547,148.31500244140625,148.4416961669922,6436
2026-09-25 10:14:00,1790345640,JCI,148.28500366210938,148.28500366210938,148.1300048828125,148.1300048828125,4863
2026-09-25 10:15:00,1790345700,JCI,148.10000610351562,148.27999877929688,147.99000549316406,148.27999877929688,5591
2026-09-25 10:16:00,1790345760,JCI,148.1649932861328,148.1699981689453,148.05499267578125,148.1199951171875,5201
2026-09-25 10:17:00,1790345820,JCI,148.22000122070312,148.2899932861328,148.19000244140625,148.22500610351562,4664
2026-09-25 10:18:00,1790345880,JCI,148.17999267578125,148.3300018310547,148.08999633789062,148.08999633789062,8120
2026-09-25 10:19:00,1790345940,JCI,148.1750030517578,148.5399932861328,148.1750030517578,148.5399932861328,5514
2026-09-25 10:20:00,1790346000,JCI,148.49000549316406,148.56500244140625,148.39999389648438,148.39999389648438,7662
2026-09-25 10:21:00,1790346060,JCI,148.39999389648438,148.52000427246094,148.3000030517578,148.3000030517578,10967
2026-09-25 10:22:00,1790346120,JCI,148.39999389648438,148.56500244140625,148.39999389648438,148.49000549316406,5777
2026-09-25 10:23:00,1790346180,JCI,148.55499267578125,148.6199951171875,148.47999572753906,148.6199951171875,4585
2026-09-25 10:24:00,1790346240,JCI,148.60000610351562,148.72000122070312,148.47999572753906,148.47999572753906,15767
2026-09-25 10:25:00,1790346300,JCI,148.5,148.63999938964844,148.4199981689453,148.6199951171875,3795
2026-09-25 10:26:00,1790346360,JCI,148.60000610351562,148.6999969482422,148.5800018310547,148.59500122070312,5190
2026-09-25 10:27:00,1790346420,JCI,148.60000610351562,148.63999938964844,148.49000549316406,148.61000061035156,6582
2026-09-25 10:28:00,1790346480,JCI,148.5399932861328,148.5399932861328,148.32000732421875,148.44000244140625,5427
2026-09-25 10:29:00,1790346540,JCI,148.4499969482422,148.4499969482422,148.02000427246094,148.07000732421875,14770
2026-09-25 10:30:00,1790346600,JCI,148.07000732421875,148.1300048828125,147.9499969482422,148.1199951171875,5952
2026-09-25 10:31:00,1790346660,JCI,148.13999938964844,148.1999969482422,148.0399932861328,148.0399932861328,4569
2026-09-25 10:32:00,1790346720,JCI,148.16000366210938,148.16000366210938,148.07000732421875,148.0800018310547,3599
2026-09-25 10:33:00,1790346780,JCI,148.125,148.125,148.0574951171875,148.0574951171875,2080
2026-09-25 10:34:00,1790346840,JCI,148.0399932861328,148.22000122070312,148.0399932861328,148.22000122070312,3506
2026-09-25 10:35:00,1790346900,JCI,148.1649932861328,148.35000610351562,148.0800018310547,148.35000610351562,5119
2026-09-25 10:36:00,1790346960,JCI,148.35000610351562,148.375,148.35000610351562,148.375,2106
2026-09-25 10:38:00,1790347080,JCI,148.3800048828125,148.3800048828125,148.27999877929688,148.30999755859375,2002
2026-09-25 10:39:00,1790347140,JCI,148.31500244140625,148.3699951171875,148.31500244140625,148.3699951171875,1711
2026-09-25 10:40:00,1790347200,JCI,148.25010681152344,148.31500244140625,148.24000549316406,148.2899932861328,3990
2026-09-25 10:41:00,1790347260,JCI,148.27999877929688,148.27999877929688,148.19000244140625,148.19000244140625,4907
2026-09-25 10:42:00,1790347320,JCI,148.25,148.47000122070312,148.25,148.47000122070312,2986
2026-09-25 10:43:00,1790347380,JCI,148.5399932861328,148.56390380859375,148.5399932861328,148.56390380859375,974
2026-09-25 10:44:00,1790347440,JCI,148.61990356445312,148.6699981689453,148.61990356445312,148.6699981689453,1765
2026-09-25 10:45:00,1790347500,JCI,148.64010620117188,148.64010620117188,148.64010620117188,148.64010620117188,535
2026-09-25 10:46:00,1790347560,JCI,148.65499877929688,148.7100067138672,148.58999633789062,148.7100067138672,7063
2026-09-25 10:47:00,1790347620,JCI,148.75999450683594,148.7899932861328,148.75999450683594,148.7899932861328,1028
2026-09-25 10:48:00,1790347680,JCI,148.7899932861328,148.7899932861328,148.63999938964844,148.64500427246094,2582
2026-09-25 10:49:00,1790347740,JCI,148.6999969482422,148.83999633789062,148.6999969482422,148.81500244140625,2960
2026-09-25 10:50:00,1790347800,JCI,148.85000610351562,148.85000610351562,148.7550048828125,148.7550048828125,2332
2026-09-25 10:51:00,1790347860,JCI,148.7100067138672,148.8000030517578,148.49000549316406,148.49000549316406,9770
2026-09-25 10:52:00,1790347920,JCI,148.52999877929688,148.5500030517578,148.4949951171875,148.5500030517578,2248
2026-09-25 10:53:00,1790347980,JCI,148.5666046142578,148.67999267578125,148.4600067138672,148.61000061035156,9134
2026-09-25 10:54:00,1790348040,JCI,148.5800018310547,148.6999969482422,148.3699951171875,148.6999969482422,9582
2026-09-25 10:55:00,1790348100,JCI,148.72000122070312,148.75999450683594,148.6300048828125,148.6300048828125,5852
2026-09-25 10:56:00,1790348160,JCI,148.72000122070312,148.72000122070312,148.67999267578125,148.67999267578125,992
2026-09-25 10:57:00,1790348220,JCI,148.5800018310547,148.5800018310547,148.5800018310547,148.5800018310547,509
2026-09-25 10:58:00,1790348280,JCI,148.57000732421875,148.74000549316406,148.57000732421875,148.74000549316406,3313
2026-09-25 10:59:00,1790348340,JCI,148.6999969482422,148.72000122070312,148.6750030517578,148.6999969482422,6469
2026-09-25 11:00:00,1790348400,JCI,148.77000427246094,148.7899932861328,148.77000427246094,148.77000427246094,2312
2026-09-25 11:01:00,1790348460,JCI,148.72999572753906,148.75999450683594,148.7115936279297,148.7115936279297,984
2026-09-25 11:02:00,1790348520,JCI,148.74000549316406,148.86000061035156,148.74000549316406,148.77000427246094,1342
2026-09-25 11:03:00,1790348580,JCI,148.8699951171875,148.97000122070312,148.8699951171875,148.97000122070312,1546
2026-09-25 11:04:00,1790348640,JCI,148.97500610351562,149.06500244140625,148.97000122070312,149.05999755859375,2266
2026-09-25 11:05:00,1790348700,JCI,149.1199951171875,149.125,149.1199951171875,149.125,1674
2026-09-25 11:06:00,1790348760,JCI,149.1887969970703,149.19000244140625,149.1887969970703,149.19000244140625,1389
2026-09-25 11:07:00,1790348820,JCI,149.14500427246094,149.19000244140625,149.0500030517578,149.0500030517578,7974
2026-09-25 11:08:00,1790348880,JCI,149.05499267578125,149.05499267578125,148.89500427246094,148.89500427246094,5049
2026-09-25 11:09:00,1790348940,JCI,148.9600067138672,148.9600067138672,148.82000732421875,148.82000732421875,3183
2026-09-25 11:10:00,1790349000,JCI,148.7550048828125,148.7550048828125,148.66000366210938,148.66000366210938,1448
2026-09-25 11:11:00,1790349060,JCI,148.66000366210938,148.66000366210938,148.5800018310547,148.5800018310547,1607
2026-09-25 11:12:00,1790349120,JCI,148.59500122070312,148.59500122070312,148.44500732421875,148.47000122070312,5431
2026-09-25 11:13:00,1790349180,JCI,148.52000427246094,148.6699981689453,148.44000244140625,148.6699981689453,19513
2026-09-25 11:14:00,1790349240,JCI,148.6300048828125,148.7698974609375,148.6300048828125,148.69000244140625,3278
2026-09-25 11:16:00,1790349360,JCI,148.67750549316406,148.67750549316406,148.64999389648438,148.65499877929688,1549
2026-09-25 11:17:00,1790349420,JCI,148.67999267578125,148.77000427246094,148.6750030517578,148.69000244140625,5141
2026-09-25 11:18:00,1790349480,JCI,148.66099548339844,148.66099548339844,148.66099548339844,148.66099548339844,265
2026-09-25 11:19:00,1790349540,JCI,148.66000366210938,148.66000366210938,148.66000366210938,148.66000366210938,1005
2026-09-25 11:20:00,1790349600,JCI,148.74000549316406,148.7899932861328,148.74000549316406,148.7899932861328,1603
2026-09-25 11:21:00,1790349660,JCI,148.8000030517578,149.0800018310547,148.77999877929688,149.02000427246094,7324
2026-09-25 11:22:00,1790349720,JCI,148.99000549316406,149.07000732421875,148.99000549316406,149.0500030517578,3003
2026-09-25 11:23:00,1790349780,JCI,149.0500030517578,149.38999938964844,149.0399932861328,149.2899932861328,41541
2026-09-25 11:24:00,1790349840,JCI,149.22000122070312,149.25,149.14500427246094,149.14500427246094,4387
2026-09-25 11:25:00,1790349900,JCI,149.14500427246094,149.22000122070312,149.02999877929688,149.05999755859375,4228
2026-09-25 11:26:00,1790349960,JCI,149.11000061035156,149.2100067138672,149.11000061035156,149.1999969482422,2890
2026-09-25 11:27:00,1790350020,JCI,149.25999450683594,149.2899932861328,149.25999450683594,149.28500366210938,1534
2026-09-25 11:28:00,1790350080,JCI,149.28500366210938,149.2949981689453,149.17999267578125,149.2949981689453,6997
2026-09-25 11:29:00,1790350140,JCI,149.3000030517578,149.33999633789062,149.27000427246094,149.27000427246094,4760
2026-09-25 11:30:00,1790350200,JCI,149.3300018310547,149.52999877929688,149.3300018310547,149.4499969482422,11691
2026-09-25 11:31:00,1790350260,JCI,149.39999389648438,149.39999389648438,149.36000061035156,149.3800048828125,2021
2026-09-25 11:32:00,1790350320,JCI,149.47000122070312,149.47999572753906,149.35000610351562,149.35000610351562,2022
2026-09-25 11:33:00,1790350380,JCI,149.25999450683594,149.25999450683594,149.1999969482422,149.2100067138672,6083
2026-09-25 11:34:00,1790350440,JCI,149.2100067138672,149.25999450683594,149.14999389648438,149.16000366210938,5100
2026-09-25 11:35:00,1790350500,JCI,149.17999267578125,149.1999969482422,149.13999938964844,149.1999969482422,2466
2026-09-25 11:36:00,1790350560,JCI,149.19500732421875,149.1999969482422,149.19500732421875,149.1999969482422,893
2026-09-25 11:37:00,1790350620,JCI,149.2050018310547,149.36500549316406,149.19000244140625,149.36500549316406,3681
2026-09-25 11:38:00,1790350680,JCI,149.39999389648438,149.39999389648438,149.3699951171875,149.375,2243
2026-09-25 11:39:00,1790350740,JCI,149.27999877929688,149.3800048828125,149.27000427246094,149.3489990234375,5233
2026-09-25 11:40:00,1790350800,JCI,149.31100463867188,149.41000366210938,149.2541046142578,149.41000366210938,6904
2026-09-25 11:41:00,1790350860,JCI,149.44000244140625,149.44000244140625,149.41000366210938,149.42999267578125,996
2026-09-25 11:42:00,1790350920,JCI,149.3842010498047,149.38999938964844,149.32000732421875,149.33999633789062,5418
2026-09-25 11:43:00,1790350980,JCI,149.3800048828125,149.3800048828125,149.3800048828125,149.3800048828125,805
2026-09-25 11:44:00,1790351040,JCI,149.4199981689453,149.49000549316406,149.38999938964844,149.4250030517578,14351
2026-09-25 11:45:00,1790351100,JCI,149.39999389648438,149.50999450683594,149.39999389648438,149.4499969482422,7961
2026-09-25 11:46:00,1790351160,JCI,149.41000366210938,149.4149932861328,149.22500610351562,149.33999633789062,7115
2026-09-25 11:47:00,1790351220,JCI,149.33999633789062,149.47999572753906,149.33999633789062,149.47999572753906,4914
2026-09-25 11:48:00,1790351280,JCI,149.47999572753906,149.47999572753906,149.3800048828125,149.3800048828125,2496
2026-09-25 11:49:00,1790351340,JCI,149.3300018310547,149.35000610351562,149.3300018310547,149.35000610351562,1418
2026-09-25 11:50:00,1790351400,JCI,149.34500122070312,149.35000610351562,149.2100067138672,149.2100067138672,3601
2026-09-25 11:51:00,1790351460,JCI,149.1999969482422,149.1999969482422,149.04750061035156,149.0800018310547,10080
2026-09-25 11:52:00,1790351520,JCI,149.08999633789062,149.25,149.08999633789062,149.25,12337
2026-09-25 11:53:00,1790351580,JCI,149.25999450683594,149.3260040283203,149.25999450683594,149.3260040283203,2799
2026-09-25 11:54:00,1790351640,JCI,149.2899932861328,149.72000122070312,149.2899932861328,149.67999267578125,13228
2026-09-25 11:55:00,1790351700,JCI,149.63999938964844,149.6999969482422,149.5500030517578,149.64999389648438,4985
2026-09-25 11:56:00,1790351760,JCI,149.64999389648438,149.64999389648438,149.5800018310547,149.58999633789062,2947
2026-09-25 11:57:00,1790351820,JCI,149.63999938964844,149.66000366210938,149.63999938964844,149.66000366210938,2471
2026-09-25 11:58:00,1790351880,JCI,149.6999969482422,149.8249969482422,149.64999389648438,149.78500366210938,8294
2026-09-25 11:59:00,1790351940,JCI,149.72999572753906,149.89999389648438,149.72999572753906,149.89500427246094,2987
2026-09-25 12:00:00,1790352000,JCI,149.88499450683594,150.01499938964844,149.80999755859375,150.01499938964844,6461
2026-09-25 12:01:00,1790352060,JCI,150.00999450683594,150.07000732421875,149.9499969482422,149.97999572753906,4379
2026-09-25 12:02:00,1790352120,JCI,150.02000427246094,150.2050018310547,150.02000427246094,150.1199951171875,3927
2026-09-25 12:03:00,1790352180,JCI,150.22000122070312,150.36000061035156,150.1999969482422,150.28500366210938,10213
2026-09-25 12:04:00,1790352240,JCI,150.28500366210938,150.28500366210938,150.07000732421875,150.27999877929688,4756
2026-09-25 12:05:00,1790352300,JCI,150.2949981689453,150.3000030517578,150.16000366210938,150.27000427246094,2340
2026-09-25 12:06:00,1790352360,JCI,150.17999267578125,150.3699951171875,150.14999389648438,150.34500122070312,8022
2026-09-25 12:07:00,1790352420,JCI,150.34500122070312,150.47999572753906,150.34500122070312,150.35000610351562,3708
2026-09-25 12:08:00,1790352480,JCI,150.2899932861328,150.44000244140625,150.28500366210938,150.42999267578125,3158
2026-09-25 12:09:00,1790352540,JCI,150.36000061035156,150.5399932861328,150.35000610351562,150.4149932861328,37355
2026-09-25 12:10:00,1790352600,JCI,150.4149932861328,150.4199981689453,150.33999633789062,150.4199981689453,16287
2026-09-25 12:11:00,1790352660,JCI,150.42999267578125,150.44000244140625,150.32000732421875,150.32000732421875,2396
2026-09-25 12:12:00,1790352720,JCI,150.36000061035156,150.5399932861328,150.36000061035156,150.5,6494
2026-09-25 12:13:00,1790352780,JCI,150.5,150.5,150.33999633789062,150.35499572753906,4458
2026-09-25 12:14:00,1790352840,JCI,150.2899932861328,150.2899932861328,150.22999572753906,150.22999572753906,1910
2026-09-25 12:15:00,1790352900,JCI,150.3000030517578,150.42999267578125,150.3000030517578,150.42999267578125,3031
2026-09-25 12:16:00,1790352960,JCI,150.38999938964844,150.6199951171875,150.35499572753906,150.5500030517578,5384
2026-09-25 12:17:00,1790353020,JCI,150.5399932861328,150.66000366210938,150.38999938964844,150.38999938964844,8107
2026-09-25 12:18:00,1790353080,JCI,150.38999938964844,150.41000366210938,150.26499938964844,150.32000732421875,5584
2026-09-25 12:19:00,1790353140,JCI,150.31500244140625,150.41000366210938,150.30999755859375,150.36000061035156,3375
2026-09-25 12:20:00,1790353200,JCI,150.36000061035156,150.42999267578125,150.27000427246094,150.3000030517578,5902
2026-09-25 12:21:00,1790353260,JCI,150.2899932861328,150.2899932861328,150.125,150.14999389648438,4792
2026-09-25 12:22:00,1790353320,JCI,150.10499572753906,150.16000366210938,150.0500030517578,150.16000366210938,2259
2026-09-25 12:23:00,1790353380,JCI,150.11000061035156,150.12750244140625,149.9600067138672,150.0500030517578,10347
2026-09-25 12:24:00,1790353440,JCI,150.0850067138672,150.08999633789062,150.05999755859375,150.05999755859375,5004
2026-09-25 12:25:00,1790353500,JCI,150.00999450683594,150.25,150.00999450683594,150.2449951171875,22022
2026-09-25 12:26:00,1790353560,JCI,150.27999877929688,150.43499755859375,150.27999877929688,150.43499755859375,2420
2026-09-25 12:27:00,1790353620,JCI,150.44000244140625,150.44000244140625,150.33999633789062,150.39999389648438,2826
2026-09-25 12:28:00,1790353680,JCI,150.39999389648438,150.4199981689453,150.39999389648438,150.39999389648438,1805
2026-09-25 12:29:00,1790353740,JCI,150.49000549316406,150.49000549316406,150.49000549316406,150.49000549316406,736
2026-09-25 12:30:00,1790353800,JCI,150.42999267578125,150.42999267578125,150.39999389648438,150.39999389648438,897
2026-09-25 12:31:00,1790353860,JCI,150.44000244140625,150.47999572753906,150.44000244140625,150.47999572753906,1979
2026-09-25 12:32:00,1790353920,JCI,150.50999450683594,150.60000610351562,150.5,150.55999755859375,6834
2026-09-25 12:33:00,1790353980,JCI,150.5050048828125,150.5050048828125,150.44000244140625,150.47000122070312,5589
2026-09-25 12:34:00,1790354040,JCI,150.4199981689453,150.4199981689453,150.14999389648438,150.22000122070312,12598
2026-09-25 12:35:00,1790354100,JCI,150.27999877929688,150.3699951171875,150.27999877929688,150.31500244140625,2069
2026-09-25 12:36:00,1790354160,JCI,150.25,150.27000427246094,150.19000244140625,150.19000244140625,2402
2026-09-25 12:37:00,1790354220,JCI,150.27000427246094,150.30999755859375,150.17999267578125,150.17999267578125,4233
2026-09-25 12:38:00,1790354280,JCI,150.16000366210938,150.16000366210938,149.9600067138672,150.0050048828125,4580
2026-09-25 12:39:00,1790354340,JCI,150.0399932861328,150.05999755859375,149.8249969482422,149.8249969482422,3950
2026-09-25 12:40:00,1790354400,JCI,149.82000732421875,149.82000732421875,149.75999450683594,149.75999450683594,1628
2026-09-25 12:41:00,1790354460,JCI,149.7550048828125,149.8000030517578,149.6199951171875,149.6199951171875,8799
2026-09-25 12:42:00,1790354520,JCI,149.67999267578125,149.77000427246094,149.67999267578125,149.69000244140625,3656
2026-09-25 12:43:00,1790354580,JCI,149.6699981689453,149.69479370117188,149.60000610351562,149.6699981689453,9047
2026-09-25 12:44:00,1790354640,JCI,149.71890258789062,149.74000549316406,149.64999389648438,149.73109436035156,2956
2026-09-25 12:45:00,1790354700,JCI,149.74000549316406,149.74000549316406,149.7050018310547,149.7050018310547,848
2026-09-25 12:46:00,1790354760,JCI,149.7050018310547,149.8000030517578,149.67999267578125,149.7949981689453,31310
2026-09-25 12:47:00,1790354820,JCI,149.74000549316406,149.75999450683594,149.73500061035156,149.73500061035156,2877
2026-09-25 12:48:00,1790354880,JCI,149.75999450683594,149.8000030517578,149.75,149.75,4186
2026-09-25 12:49:00,1790354940,JCI,149.72999572753906,149.74000549316406,149.6999969482422,149.72500610351562,3351
2026-09-25 12:50:00,1790355000,JCI,149.7050018310547,149.7050018310547,149.6699981689453,149.6699981689453,3853
2026-09-25 12:51:00,1790355060,JCI,149.64999389648438,149.66000366210938,149.5800018310547,149.5800018310547,7535
2026-09-25 12:52:00,1790355120,JCI,149.5500030517578,149.55999755859375,149.52499389648438,149.52999877929688,2029
2026-09-25 12:53:00,1790355180,JCI,149.55999755859375,149.5800018310547,149.5449981689453,149.55999755859375,4633
2026-09-25 12:54:00,1790355240,JCI,149.55999755859375,149.6199951171875,149.55999755859375,149.6199951171875,3116
2026-09-25 12:55:00,1790355300,JCI,149.6199951171875,149.6199951171875,149.58999633789062,149.58999633789062,1278
2026-09-25 12:56:00,1790355360,JCI,149.5850067138672,149.5850067138672,149.5399932861328,149.5399932861328,3706
2026-09-25 12:57:00,1790355420,JCI,149.52000427246094,149.5399932861328,149.52000427246094,149.52999877929688,5919
2026-09-25 12:58:00,1790355480,JCI,149.53500366210938,149.53500366210938,149.47000122070312,149.47000122070312,7267
2026-09-25 12:59:00,1790355540,JCI,149.49000549316406,149.52000427246094,149.39999389648438,149.49000549316406,8011
2026-09-25 13:00:00,1790355600,JCI,149.4600067138672,149.4600067138672,149.41000366210938,149.44000244140625,2136
2026-09-25 13:01:00,1790355660,JCI,149.4600067138672,149.7100067138672,149.4600067138672,149.7100067138672,9391
2026-09-25 13:02:00,1790355720,JCI,149.72999572753906,149.72999572753906,149.67999267578125,149.71499633789062,2399
2026-09-25 13:03:00,1790355780,JCI,149.75,149.77999877929688,149.75,149.77499389648438,3967
2026-09-25 13:04:00,1790355840,JCI,149.77999877929688,149.82000732421875,149.77999877929688,149.8000030517578,2597
2026-09-25 13:05:00,1790355900,JCI,149.7899932861328,149.7899932861328,149.67999267578125,149.7050018310547,4146
2026-09-25 13:06:00,1790355960,JCI,149.66000366210938,149.66000366210938,149.63999938964844,149.63999938964844,979
2026-09-25 13:07:00,1790356020,JCI,149.61000061035156,149.61000061035156,149.5399932861328,149.55999755859375,2747
2026-09-25 13:08:00,1790356080,JCI,149.52499389648438,149.55999755859375,149.4949951171875,149.55999755859375,4001
2026-09-25 13:09:00,1790356140,JCI,149.57000732421875,149.61500549316406,149.57000732421875,149.5800018310547,2571
2026-09-25 13:10:00,1790356200,JCI,149.5500030517578,149.58360290527344,149.52999877929688,149.52999877929688,1633
2026-09-25 13:11:00,1790356260,JCI,149.52999877929688,149.52999877929688,149.47999572753906,149.47999572753906,2225
2026-09-25 13:12:00,1790356320,JCI,149.5,149.5399932861328,149.47999572753906,149.50999450683594,7518
2026-09-25 13:13:00,1790356380,JCI,149.5500030517578,149.61500549316406,149.5500030517578,149.61500549316406,2148
2026-09-25 13:14:00,1790356440,JCI,149.6199951171875,149.65499877929688,149.6199951171875,149.65499877929688,363
2026-09-25 13:15:00,1790356500,JCI,149.65499877929688,149.6999969482422,149.64999389648438,149.64999389648438,2354
2026-09-25 13:16:00,1790356560,JCI,149.64999389648438,149.64999389648438,149.6199951171875,149.6199951171875,1124
2026-09-25 13:17:00,1790356620,JCI,149.625,149.6300048828125,149.625,149.6300048828125,1053
2026-09-25 13:18:00,1790356680,JCI,149.6199951171875,149.6199951171875,149.6199951171875,149.6199951171875,847
2026-09-25 13:19:00,1790356740,JCI,149.64999389648438,149.6699981689453,149.63999938964844,149.63999938964844,2748
2026-09-25 13:20:00,1790356800,JCI,149.61000061035156,149.61000061035156,149.52999877929688,149.52999877929688,14684
2026-09-25 13:21:00,1790356860,JCI,149.5800018310547,149.6300048828125,149.52999877929688,149.6300048828125,5218
2026-09-25 13:22:00,1790356920,JCI,149.65499877929688,149.65499877929688,149.6199951171875,149.6199951171875,1062
2026-09-25 13:23:00,1790356980,JCI,149.6649932861328,149.67999267578125,149.6649932861328,149.67999267578125,668
2026-09-25 13:24:00,1790357040,JCI,149.67999267578125,149.76499938964844,149.67999267578125,149.74000549316406,4788
2026-09-25 13:25:00,1790357100,JCI,149.67999267578125,149.6999969482422,149.6300048828125,149.6999969482422,1814
2026-09-25 13:26:00,1790357160,JCI,149.6999969482422,149.74000549316406,149.6999969482422,149.74000549316406,6790
2026-09-25 13:27:00,1790357220,JCI,149.7550048828125,149.77999877929688,149.7550048828125,149.77000427246094,2367
2026-09-25 13:28:00,1790357280,JCI,149.75999450683594,149.77000427246094,149.7100067138672,149.77000427246094,4420
2026-09-25 13:29:00,1790357340,JCI,149.77999877929688,149.86000061035156,149.77999877929688,149.86000061035156,11677
2026-09-25 13:30:00,1790357400,JCI,149.9199981689453,149.97999572753906,149.9199981689453,149.97999572753906,8393
2026-09-25 13:31:00,1790357460,JCI,149.93499755859375,149.93499755859375,149.8699951171875,149.8699951171875,3175
2026-09-25 13:32:00,1790357520,JCI,149.875,149.94500732421875,149.875,149.94500732421875,1642
2026-09-25 13:33:00,1790357580,JCI,149.94000244140625,149.97000122070312,149.83999633789062,149.83999633789062,3720
2026-09-25 13:34:00,1790357640,JCI,149.8300018310547,149.8300018310547,149.72000122070312,149.75999450683594,2353
2026-09-25 13:35:00,1790357700,JCI,149.7100067138672,149.7100067138672,149.58999633789062,149.58999633789062,4958
2026-09-25 13:36:00,1790357760,JCI,149.5800018310547,149.5800018310547,149.52000427246094,149.52000427246094,1862
2026-09-25 13:37:00,1790357820,JCI,149.4949951171875,149.52999877929688,149.49000549316406,149.4949951171875,3744
2026-09-25 13:38:00,1790357880,JCI,149.52999877929688,149.6199951171875,149.52000427246094,149.6199951171875,3666
2026-09-25 13:39:00,1790357940,JCI,149.67999267578125,149.69500732421875,149.50999450683594,149.50999450683594,24652
2026-09-25 13:40:00,1790358000,JCI,149.5050048828125,149.55999755859375,149.5050048828125,149.5050048828125,2130
2026-09-25 13:41:00,1790358060,JCI,149.4199981689453,149.4600067138672,149.36000061035156,149.37750244140625,3814
2026-09-25 13:42:00,1790358120,JCI,149.36000061035156,149.36000061035156,149.36000061035156,149.36000061035156,1106
2026-09-25 13:43:00,1790358180,JCI,149.36000061035156,149.4499969482422,149.36000061035156,149.41000366210938,3689
2026-09-25 13:44:00,1790358240,JCI,149.41000366210938,149.41000366210938,149.36000061035156,149.36000061035156,0
2026-09-25 13:45:00,1790358300,JCI,149.375,149.37930297851562,149.35000610351562,149.37930297851562,1733
2026-09-25 13:46:00,1790358360,JCI,149.32000732421875,149.44500732421875,149.32000732421875,149.44500732421875,7020
2026-09-25 13:47:00,1790358420,JCI,149.4550018310547,149.4550018310547,149.44000244140625,149.44000244140625,2050
2026-09-25 13:48:00,1790358480,JCI,149.42999267578125,149.44000244140625,149.4149932861328,149.44000244140625,1647
2026-09-25 13:49:00,1790358540,JCI,149.44000244140625,149.44000244140625,149.44000244140625,149.44000244140625,1111
2026-09-25 13:50:00,1790358600,JCI,149.44000244140625,149.44000244140625,149.44000244140625,149.44000244140625,1371
2026-09-25 13:51:00,1790358660,JCI,149.33999633789062,149.36500549316406,149.27999877929688,149.27999877929688,4601
2026-09-25 13:52:00,1790358720,JCI,149.27000427246094,149.27000427246094,149.1699981689453,149.1999969482422,2110
2026-09-25 13:53:00,1790358780,JCI,149.17999267578125,149.2100067138672,149.17999267578125,149.19000244140625,3719
2026-09-25 13:54:00,1790358840,JCI,149.22000122070312,149.22000122070312,149.1999969482422,149.20010375976562,3284
2026-09-25 13:55:00,1790358900,JCI,149.27000427246094,149.41000366210938,149.27000427246094,149.41000366210938,2058
2026-09-25 13:56:00,1790358960,JCI,149.40499877929688,149.42999267578125,149.40499877929688,149.42999267578125,2357
2026-09-25 13:57:00,1790359020,JCI,149.42999267578125,149.42999267578125,149.42999267578125,149.42999267578125,384
2026-09-25 13:58:00,1790359080,JCI,149.42999267578125,149.56500244140625,149.42999267578125,149.56500244140625,3602
2026-09-25 13:58:59,1790359139,JCI,149.56500244140625,149.56500244140625,149.56500244140625,149.56500244140625,0
2026-09-25 13:59:00,1790359140,JCI,149.56500244140625,149.56500244140625,149.5,149.50999450683594,2127
2026-09-25 14:00:00,1790359200,JCI,149.50999450683594,149.55999755859375,149.4550018310547,149.47000122070312,6308
2026-09-25 14:01:00,1790359260,JCI,149.5,149.5,149.44749450683594,149.4600067138672,935
2026-09-25 14:02:00,1790359320,JCI,149.4600067138672,149.52999877929688,149.39999389648438,149.39999389648438,5370
2026-09-25 14:03:00,1790359380,JCI,149.42999267578125,149.42999267578125,149.35000610351562,149.39999389648438,3186
2026-09-25 14:04:00,1790359440,JCI,149.4149932861328,149.4149932861328,149.41000366210938,149.41000366210938,1347
2026-09-25 14:05:00,1790359500,JCI,149.41000366210938,149.41000366210938,149.40499877929688,149.40499877929688,1438
2026-09-25 14:06:00,1790359560,JCI,149.39999389648438,149.4199981689453,149.3800048828125,149.3800048828125,2800
2026-09-25 14:07:00,1790359620,JCI,149.3800048828125,149.3800048828125,149.33999633789062,149.36000061035156,2373
2026-09-25 14:08:00,1790359680,JCI,149.3800048828125,149.38250732421875,149.3350067138672,149.3699951171875,3753
2026-09-25 14:09:00,1790359740,JCI,149.4149932861328,149.4149932861328,149.375,149.375,1040
2026-09-25 14:10:00,1790359800,JCI,149.375,149.41000366210938,149.3699951171875,149.39500427246094,2645
2026-09-25 14:11:00,1790359860,JCI,149.39500427246094,149.4600067138672,149.36000061035156,149.4499969482422,3245
2026-09-25 14:12:00,1790359920,JCI,149.4600067138672,149.52000427246094,149.4199981689453,149.52000427246094,3729
2026-09-25 14:13:00,1790359980,JCI,149.5399932861328,149.80999755859375,149.5399932861328,149.77999877929688,18637
2026-09-25 14:14:00,1790360040,JCI,149.83999633789062,149.86000061035156,149.7899932861328,149.82000732421875,4139
2026-09-25 14:15:00,1790360100,JCI,149.83999633789062,149.89120483398438,149.8300018310547,149.85000610351562,3079
2026-09-25 14:16:00,1790360160,JCI,149.8300018310547,149.84500122070312,149.66000366210938,149.66000366210938,5846
2026-09-25 14:17:00,1790360220,JCI,149.69500732421875,149.80499267578125,149.69500732421875,149.7949981689453,2500
2026-09-25 14:18:00,1790360280,JCI,149.77000427246094,149.77999877929688,149.73500061035156,149.77999877929688,3835
2026-09-25 14:19:00,1790360340,JCI,149.7899932861328,149.8350067138672,149.77999877929688,149.79010009765625,3512
2026-09-25 14:20:00,1790360400,JCI,149.77999877929688,149.8300018310547,149.77999877929688,149.8300018310547,5506
2026-09-25 14:21:00,1790360460,JCI,149.85000610351562,149.86500549316406,149.8000030517578,149.8000030517578,2667
2026-09-25 14:22:00,1790360520,JCI,149.8300018310547,149.86000061035156,149.82000732421875,149.84500122070312,1954
2026-09-25 14:23:00,1790360580,JCI,149.8300018310547,149.83999633789062,149.80499267578125,149.8249969482422,1867
2026-09-25 14:24:00,1790360640,JCI,149.85000610351562,149.9149932861328,149.85000610351562,149.90499877929688,3403
2026-09-25 14:25:00,1790360700,JCI,149.89500427246094,149.89500427246094,149.89500427246094,149.89500427246094,577
2026-09-25 14:26:00,1790360760,JCI,149.89500427246094,149.9199981689453,149.74000549316406,149.8300018310547,7750
2026-09-25 14:27:00,1790360820,JCI,149.80999755859375,149.8300018310547,149.7449951171875,149.7899932861328,2724
2026-09-25 14:28:00,1790360880,JCI,149.8000030517578,149.8000030517578,149.77000427246094,149.77000427246094,843
2026-09-25 14:29:00,1790360940,JCI,149.77000427246094,149.86000061035156,149.77000427246094,149.85000610351562,2742
2026-09-25 14:30:00,1790361000,JCI,149.8699951171875,149.91439819335938,149.86000061035156,149.8800048828125,3252
2026-09-25 14:31:00,1790361060,JCI,149.88999938964844,149.92999267578125,149.88999938964844,149.92999267578125,5852
2026-09-25 14:32:00,1790361120,JCI,149.9499969482422,149.9600067138672,149.8800048828125,149.89500427246094,4134
2026-09-25 14:33:00,1790361180,JCI,149.9499969482422,150.0,149.9499969482422,149.96499633789062,2622
2026-09-25 14:34:00,1790361240,JCI,149.96499633789062,150.0,149.96499633789062,149.9949951171875,2931
2026-09-25 14:35:00,1790361300,JCI,149.98500061035156,150.05999755859375,149.98500061035156,150.05999755859375,2137
2026-09-25 14:36:00,1790361360,JCI,150.10000610351562,150.10499572753906,150.10000610351562,150.10499572753906,1484
2026-09-25 14:37:00,1790361420,JCI,150.05999755859375,150.07749938964844,149.89999389648438,149.91000366210938,5376
2026-09-25 14:38:00,1790361480,JCI,149.9149932861328,149.9149932861328,149.90499877929688,149.90499877929688,904
2026-09-25 14:39:00,1790361540,JCI,149.94000244140625,150.0399932861328,149.92999267578125,150.0399932861328,2798
2026-09-25 14:40:00,1790361600,JCI,150.02999877929688,150.02999877929688,149.97000122070312,150.02000427246094,2516
2026-09-25 14:41:00,1790361660,JCI,150.00999450683594,150.05999755859375,150.00999450683594,150.05999755859375,2161
2026-09-25 14:42:00,1790361720,JCI,150.05999755859375,150.05999755859375,149.97000122070312,150.01779174804688,3317
2026-09-25 14:43:00,1790361780,JCI,150.00999450683594,150.02499389648438,149.97000122070312,150.0050048828125,2104
2026-09-25 14:44:00,1790361840,JCI,150.0050048828125,150.0500030517578,149.97000122070312,150.00999450683594,5352
2026-09-25 14:45:00,1790361900,JCI,150.02000427246094,150.02000427246094,149.97999572753906,149.97999572753906,3570
2026-09-25 14:46:00,1790361960,JCI,150.0,150.00999450683594,149.91000366210938,149.91000366210938,3634
2026-09-25 14:47:00,1790362020,JCI,149.8800048828125,149.8800048828125,149.8350067138672,149.8350067138672,2379
2026-09-25 14:48:00,1790362080,JCI,149.8350067138672,149.8350067138672,149.7899932861328,149.80499267578125,1816
2026-09-25 14:49:00,1790362140,JCI,149.7899932861328,149.80999755859375,149.75999450683594,149.76499938964844,4009
2026-09-25 14:50:00,1790362200,JCI,149.74000549316406,149.77999877929688,149.74000549316406,149.77000427246094,4116
2026-09-25 14:51:00,1790362260,JCI,149.77000427246094,149.77000427246094,149.72999572753906,149.76499938964844,2058
2026-09-25 14:52:00,1790362320,JCI,149.7550048828125,149.7550048828125,149.72999572753906,149.72999572753906,3216
2026-09-25 14:53:00,1790362380,JCI,149.72999572753906,149.72999572753906,149.69000244140625,149.69000244140625,1933
2026-09-25 14:54:00,1790362440,JCI,149.68499755859375,149.7100067138672,149.66000366210938,149.6999969482422,3158
2026-09-25 14:55:00,1790362500,JCI,149.67999267578125,149.77000427246094,149.67999267578125,149.7550048828125,4164
2026-09-25 14:56:00,1790362560,JCI,149.77000427246094,149.82000732421875,149.77000427246094,149.80999755859375,3104
2026-09-25 14:57:00,1790362620,JCI,149.82000732421875,149.8699951171875,149.82000732421875,149.8699951171875,2052
2026-09-25 14:58:00,1790362680,JCI,149.91000366210938,149.9149932861328,149.84237670898438,149.85000610351562,4291
2026-09-25 14:59:00,1790362740,JCI,149.85499572753906,149.85499572753906,149.77000427246094,149.77000427246094,1713
2026-09-25 15:00:00,1790362800,JCI,149.75999450683594,149.75999450683594,149.63999938964844,149.63999938964844,3842
2026-09-25 15:01:00,1790362860,JCI,149.66000366210938,149.6999969482422,149.50999450683594,149.50999450683594,7152
2026-09-25 15:02:00,1790362920,JCI,149.52000427246094,149.52000427246094,149.44000244140625,149.44000244140625,2558
2026-09-25 15:03:00,1790362980,JCI,149.43499755859375,149.43499755859375,149.3800048828125,149.3800048828125,6130
2026-09-25 15:04:00,1790363040,JCI,149.3800048828125,149.38999938964844,149.25999450683594,149.25999450683594,5829
2026-09-25 15:05:00,1790363100,JCI,149.2550048828125,149.25999450683594,149.2449951171875,149.2449951171875,1237
2026-09-25 15:06:00,1790363160,JCI,149.22999572753906,149.36500549316406,149.22999572753906,149.35000610351562,8633
2026-09-25 15:07:00,1790363220,JCI,149.35499572753906,149.47000122070312,149.35499572753906,149.47000122070312,3590
2026-09-25 15:08:00,1790363280,JCI,149.4499969482422,149.4499969482422,149.4499969482422,149.4499969482422,2261
2026-09-25 15:09:00,1790363340,JCI,149.4499969482422,149.52000427246094,149.4499969482422,149.52000427246094,5331
2026-09-25 15:10:00,1790363400,JCI,149.5050048828125,149.5800018310547,149.4553985595703,149.5800018310547,8593
2026-09-25 15:11:00,1790363460,JCI,149.58999633789062,149.6750030517578,149.5449981689453,149.6750030517578,4887
2026-09-25 15:12:00,1790363520,JCI,149.6750030517578,149.7050018310547,149.6699981689453,149.69500732421875,2557
2026-09-25 15:13:00,1790363580,JCI,149.6699981689453,149.72000122070312,149.66000366210938,149.7050018310547,6121
2026-09-25 15:14:00,1790363640,JCI,149.7050018310547,149.72999572753906,149.6699981689453,149.6999969482422,8114
2026-09-25 15:15:00,1790363700,JCI,149.7100067138672,149.7899932861328,149.7100067138672,149.72000122070312,2410
2026-09-25 15:16:00,1790363760,JCI,149.72000122070312,149.72000122070312,149.69009399414062,149.69009399414062,1929
2026-09-25 15:17:00,1790363820,JCI,149.7050018310547,149.76499938964844,149.7050018310547,149.72999572753906,2710
2026-09-25 15:18:00,1790363880,JCI,149.7449951171875,149.8800048828125,149.74000549316406,149.8800048828125,12233
2026-09-25 15:19:00,1790363940,JCI,149.8300018310547,149.8300018310547,149.8000030517578,149.8280029296875,2441
2026-09-25 15:20:00,1790364000,JCI,149.80499267578125,149.84500122070312,149.7899932861328,149.84500122070312,2042
2026-09-25 15:21:00,1790364060,JCI,149.8300018310547,149.85000610351562,149.8101043701172,149.8249969482422,4040
2026-09-25 15:22:00,1790364120,JCI,149.8249969482422,149.86500549316406,149.80999755859375,149.86500549316406,4597
2026-09-25 15:23:00,1790364180,JCI,149.86000061035156,149.92999267578125,149.86000061035156,149.92999267578125,3530
2026-09-25 15:24:00,1790364240,JCI,149.94000244140625,149.9600067138672,149.94000244140625,149.9499969482422,4722
2026-09-25 15:25:00,1790364300,JCI,149.9550018310547,149.9550018310547,149.9149932861328,149.9149932861328,3532
2026-09-25 15:26:00,1790364360,JCI,149.9199981689453,150.0500030517578,149.9199981689453,150.02999877929688,6043
2026-09-25 15:27:00,1790364420,JCI,150.0449981689453,150.0449981689453,149.99000549316406,149.99000549316406,3325
2026-09-25 15:28:00,1790364480,JCI,149.9875030517578,149.99000549316406,149.9199981689453,149.9550018310547,4256
2026-09-25 15:29:00,1790364540,JCI,149.9550018310547,149.9550018310547,149.8000030517578,149.86000061035156,5820
2026-09-25 15:30:00,1790364600,JCI,149.86000061035156,150.00990295410156,149.86000061035156,149.9199981689453,5896
2026-09-25 15:31:00,1790364660,JCI,149.92999267578125,150.00999450683594,149.9199981689453,149.97500610351562,6541
2026-09-25 15:32:00,1790364720,JCI,149.9499969482422,149.97999572753906,149.88999938964844,149.97500610351562,4992
2026-09-25 15:33:00,1790364780,JCI,149.9499969482422,150.02499389648438,149.9499969482422,149.99000549316406,3857
2026-09-25 15:34:00,1790364840,JCI,149.97999572753906,150.0,149.97999572753906,150.0,3027
2026-09-25 15:35:00,1790364900,JCI,149.99000549316406,150.07000732421875,149.99000549316406,150.0399932861328,6921
2026-09-25 15:36:00,1790364960,JCI,150.02999877929688,150.0989990234375,150.02999877929688,150.08999633789062,5398
2026-09-25 15:37:00,1790365020,JCI,150.1199951171875,150.2050018310547,150.10499572753906,150.1649932861328,5250
2026-09-25 15:38:00,1790365080,JCI,150.17999267578125,150.2050018310547,150.1699981689453,150.1999969482422,5814
2026-09-25 15:39:00,1790365140,JCI,150.22999572753906,150.27999877929688,150.21499633789062,150.23500061035156,4102
2026-09-25 15:40:00,1790365200,JCI,150.25,150.25,150.16000366210938,150.1750030517578,4284
2026-09-25 15:41:00,1790365260,JCI,150.2100067138672,150.25,150.18499755859375,150.18499755859375,4390
2026-09-25 15:42:00,1790365320,JCI,150.19000244140625,150.1999969482422,150.11500549316406,150.1425018310547,9465
2026-09-25 15:43:00,1790365380,JCI,150.1699981689453,150.2899932861328,150.13009643554688,150.27999877929688,4664
2026-09-25 15:44:00,1790365440,JCI,150.28500366210938,150.28500366210938,150.17999267578125,150.21499633789062,4140
2026-09-25 15:45:00,1790365500,JCI,150.22000122070312,150.32000732421875,150.16250610351562,150.2050018310547,27933
2026-09-25 15:46:00,1790365560,JCI,150.2050018310547,150.27999877929688,150.17999267578125,150.27999877929688,9955
2026-09-25 15:47:00,1790365620,JCI,150.2100067138672,150.2100067138672,150.1300048828125,150.13999938964844,7326
2026-09-25 15:48:00,1790365680,JCI,150.16000366210938,150.23500061035156,150.14010620117188,150.1999969482422,7704
2026-09-25 15:49:00,1790365740,JCI,150.1999969482422,150.36000061035156,150.1999969482422,150.36000061035156,10976
2026-09-25 15:50:00,1790365800,JCI,150.4199981689453,150.5449981689453,150.3000030517578,150.49000549316406,14948
2026-09-25 15:51:00,1790365860,JCI,150.5,150.5800018310547,150.39999389648438,150.4199981689453,16408
2026-09-25 15:52:00,1790365920,JCI,150.4250030517578,150.4250030517578,150.32000732421875,150.32000732421875,9880
2026-09-25 15:53:00,1790365980,JCI,150.32000732421875,150.40499877929688,150.32000732421875,150.40499877929688,5908
2026-09-25 15:54:00,1790366040,JCI,150.38999938964844,150.47000122070312,150.3800048828125,150.4199981689453,14685
2026-09-25 15:55:00,1790366100,JCI,150.4499969482422,150.48500061035156,150.36000061035156,150.36000061035156,29937
2026-09-25 15:56:00,1790366160,JCI,150.35000610351562,150.36000061035156,150.2100067138672,150.2100067138672,22252
2026-09-25 15:57:00,1790366220,JCI,150.22500610351562,150.2830047607422,150.13999938964844,150.13999938964844,27783
2026-09-25 15:58:00,1790366280,JCI,150.13999938964844,150.19000244140625,150.07000732421875,150.16000366210938,45992
2026-09-25 15:59:00,1790366340,JCI,150.1699981689453,150.2899932861328,150.08999633789062,150.14999389648438,76826
2026-09-25 16:00:00,1790366400,JCI,150.1999969482422,150.1999969482422,150.1999969482422,150.1999969482422,0
2026-09-28 09:30:00,1790602200,JCI,149.67999267578125,149.67999267578125,148.8300018310547,149.14999389648438,0
2026-09-28 09:31:00,1790602260,JCI,149.22999572753906,149.38499450683594,149.22999572753906,149.38499450683594,2315
2026-09-28 09:32:00,1790602320,JCI,149.32000732421875,149.86500549316406,149.32000732421875,149.39500427246094,1267
2026-09-28 09:33:00,1790602380,JCI,149.3699951171875,149.72999572753906,149.36500549316406,149.6199951171875,19312
2026-09-28 09:34:00,1790602440,JCI,149.3350067138672,150.22000122070312,149.3350067138672,149.61500549316406,21698
2026-09-28 09:35:00,1790602500,JCI,149.48500061035156,149.77999877929688,149.48500061035156,149.64999389648438,1607
2026-09-28 09:36:00,1790602560,JCI,149.5449981689453,149.58999633789062,149.36000061035156,149.5500030517578,3867
2026-09-28 09:37:00,1790602620,JCI,149.72000122070312,149.74000549316406,149.56500244140625,149.58999633789062,1115
2026-09-28 09:38:00,1790602680,JCI,149.61500549316406,149.61500549316406,149.47000122070312,149.47000122070312,1414
2026-09-28 09:39:00,1790602740,JCI,149.47500610351562,149.8300018310547,149.33999633789062,149.8300018310547,4919
2026-09-28 09:40:00,1790602800,JCI,149.86338806152344,149.86338806152344,149.85499572753906,149.85499572753906,1571
2026-09-28 09:41:00,1790602860,JCI,149.69000244140625,149.8699951171875,149.47000122070312,149.47000122070312,2527
2026-09-28 09:42:00,1790602920,JCI,149.47999572753906,149.91000366210938,149.47999572753906,149.5399932861328,6423
2026-09-28 09:43:00,1790602980,JCI,149.7550048828125,149.7550048828125,149.55999755859375,149.57000732421875,1182
2026-09-28 09:44:00,1790603040,JCI,149.5500030517578,149.75,149.5500030517578,149.66000366210938,4584
2026-09-28 09:45:00,1790603100,JCI,149.67999267578125,149.75,149.41000366210938,149.72000122070312,12226
2026-09-28 09:46:00,1790603160,JCI,149.9499969482422,149.9499969482422,149.7899932861328,149.7899932861328,2662
2026-09-28 09:47:00,1790603220,JCI,149.94000244140625,149.9499969482422,149.80999755859375,149.92999267578125,2725
2026-09-28 09:48:00,1790603280,JCI,149.84609985351562,150.0500030517578,149.84609985351562,150.0,1278
2026-09-28 09:49:00,1790603340,JCI,149.89999389648438,150.22999572753906,149.89999389648438,150.02000427246094,2323
2026-09-28 09:50:00,1790603400,JCI,150.0749969482422,150.27000427246094,150.0050048828125,150.0050048828125,3333
2026-09-28 09:51:00,1790603460,JCI,150.0,150.08999633789062,149.86000061035156,150.05999755859375,3619
2026-09-28 09:52:00,1790603520,JCI,150.0500030517578,150.17999267578125,150.0399932861328,150.17999267578125,1094
2026-09-28 09:53:00,1790603580,JCI,150.02000427246094,150.11000061035156,150.0,150.10000610351562,4482
2026-09-28 09:54:00,1790603640,JCI,150.08999633789062,150.27000427246094,150.08999633789062,150.20249938964844,3684
2026-09-28 09:55:00,1790603700,JCI,150.25,150.25,150.11000061035156,150.1999969482422,2737
2026-09-28 09:56:00,1790603760,JCI,150.02999877929688,150.22999572753906,150.0,150.15499877929688,7793
2026-09-28 09:57:00,1790603820,JCI,150.31500244140625,150.36000061035156,150.22999572753906,150.2949981689453,4528
2026-09-28 09:58:00,1790603880,JCI,150.44000244140625,150.64999389648438,150.39999389648438,150.6300048828125,7595
2026-09-28 09:59:00,1790603940,JCI,150.52499389648438,150.72000122070312,150.52499389648438,150.72000122070312,676
2026-09-28 10:00:00,1790604000,JCI,150.6649932861328,150.75,150.56231689453125,150.6199951171875,3081
2026-09-28 10:01:00,1790604060,JCI,150.77000427246094,150.99949645996094,150.77000427246094,150.93499755859375,6420
2026-09-28 10:02:00,1790604120,JCI,150.86500549316406,150.86500549316406,150.85499572753906,150.85499572753906,2181
2026-09-28 10:03:00,1790604180,JCI,150.90499877929688,150.90499877929688,150.81500244140625,150.8249969482422,7348
2026-09-28 10:04:00,1790604240,JCI,150.72500610351562,150.72999572753906,150.41000366210938,150.41000366210938,2751
2026-09-28 10:05:00,1790604300,JCI,150.3699951171875,150.3699951171875,150.1199951171875,150.1199951171875,3210
2026-09-28 10:06:00,1790604360,JCI,150.1999969482422,150.30999755859375,150.19000244140625,150.25,7093
2026-09-28 10:07:00,1790604420,JCI,150.3800048828125,150.3800048828125,150.22000122070312,150.22000122070312,1185
2026-09-28 10:08:00,1790604480,JCI,150.3800048828125,150.3800048828125,150.31500244140625,150.31500244140625,1620
2026-09-28 10:09:00,1790604540,JCI,150.22000122070312,150.22000122070312,150.2050018310547,150.2050018310547,944
2026-09-28 10:10:00,1790604600,JCI,150.1199951171875,150.1199951171875,149.88999938964844,149.9499969482422,4000
2026-09-28 10:11:00,1790604660,JCI,149.88999938964844,149.89999389648438,149.7100067138672,149.7899932861328,3247
2026-09-28 10:12:00,1790604720,JCI,149.72999572753906,149.77999877929688,149.6300048828125,149.72000122070312,5875
2026-09-28 10:13:00,1790604780,JCI,149.73500061035156,149.73500061035156,149.73500061035156,149.73500061035156,1229
2026-09-28 10:14:00,1790604840,JCI,149.65989685058594,149.6699981689453,149.6199951171875,149.66000366210938,1122
2026-09-28 10:15:00,1790604900,JCI,149.72500610351562,149.72999572753906,149.5800018310547,149.5800018310547,2241
2026-09-28 10:16:00,1790604960,JCI,149.77149963378906,149.77149963378906,149.57000732421875,149.625,3502
2026-09-28 10:17:00,1790605020,JCI,149.625,149.64999389648438,149.47000122070312,149.60000610351562,10402
2026-09-28 10:18:00,1790605080,JCI,149.61000061035156,149.73399353027344,149.61000061035156,149.73399353027344,8583
2026-09-28 10:19:00,1790605140,JCI,149.6649932861328,149.74000549316406,149.6649932861328,149.74000549316406,1813
2026-09-28 10:20:00,1790605200,JCI,149.6699981689453,149.75,149.625,149.75,2769
2026-09-28 10:21:00,1790605260,JCI,149.66000366210938,149.6649932861328,149.53500366210938,149.53500366210938,1575
2026-09-28 10:22:00,1790605320,JCI,149.4499969482422,149.5500030517578,149.4499969482422,149.5500030517578,594
2026-09-28 10:23:00,1790605380,JCI,149.56500244140625,149.63999938964844,149.51499938964844,149.51499938964844,3271
2026-09-28 10:24:00,1790605440,JCI,149.60000610351562,149.66000366210938,149.55999755859375,149.66000366210938,2237
2026-09-28 10:25:00,1790605500,JCI,149.59500122070312,149.61000061035156,149.59500122070312,149.61000061035156,633
2026-09-28 10:26:00,1790605560,JCI,149.61000061035156,149.6199951171875,149.53689575195312,149.6199951171875,1259
2026-09-28 10:27:00,1790605620,JCI,149.52999877929688,149.6199951171875,149.52999877929688,149.6125030517578,1560
2026-09-28 10:28:00,1790605680,JCI,149.625,149.65499877929688,149.5399932861328,149.65499877929688,3840
2026-09-28 10:29:00,1790605740,JCI,149.76499938964844,149.7899932861328,149.76499938964844,149.7899932861328,1334
2026-09-28 10:30:00,1790605800,JCI,149.77999877929688,149.82000732421875,149.72000122070312,149.75,2347
2026-09-28 10:31:00,1790605860,JCI,149.76499938964844,149.77000427246094,149.6199951171875,149.72000122070312,4724
2026-09-28 10:32:00,1790605920,JCI,149.75,149.75,149.72999572753906,149.73500061035156,4049
2026-09-28 10:33:00,1790605980,JCI,149.71499633789062,149.71499633789062,149.64999389648438,149.64999389648438,900
2026-09-28 10:34:00,1790606040,JCI,149.73500061035156,150.0399932861328,149.73500061035156,150.03500366210938,9083
2026-09-28 10:35:00,1790606100,JCI,150.03500366210938,150.03500366210938,149.90499877929688,150.02999877929688,4750
2026-09-28 10:37:00,1790606220,JCI,150.0500030517578,150.07000732421875,149.90499877929688,149.90499877929688,4815
2026-09-28 10:38:00,1790606280,JCI,149.86500549316406,149.86500549316406,149.72999572753906,149.75999450683594,5525
2026-09-28 10:39:00,1790606340,JCI,149.77000427246094,149.7899932861328,149.75,149.78500366210938,2003
2026-09-28 10:40:00,1790606400,JCI,149.78500366210938,149.78500366210938,149.72500610351562,149.72500610351562,3610
2026-09-28 10:41:00,1790606460,JCI,149.75999450683594,149.75999450683594,149.5500030517578,149.56500244140625,4638
2026-09-28 10:42:00,1790606520,JCI,149.5749969482422,149.64999389648438,149.57000732421875,149.6199951171875,1986
2026-09-28 10:43:00,1790606580,JCI,149.6199951171875,149.6199951171875,149.52000427246094,149.61000061035156,5219
2026-09-28 10:44:00,1790606640,JCI,149.52000427246094,149.5800018310547,149.52000427246094,149.5800018310547,698
2026-09-28 10:45:00,1790606700,JCI,149.5399932861328,149.5399932861328,149.32000732421875,149.32000732421875,5061
2026-09-28 10:46:00,1790606760,JCI,149.22999572753906,149.25,149.19000244140625,149.19000244140625,2084
2026-09-28 10:47:00,1790606820,JCI,149.14999389648438,149.27999877929688,149.0399932861328,149.10000610351562,8844
2026-09-28 10:48:00,1790606880,JCI,149.0,149.09950256347656,148.92999267578125,148.98500061035156,5166
2026-09-28 10:49:00,1790606940,JCI,148.96499633789062,149.0500030517578,148.75999450683594,148.82000732421875,21754
2026-09-28 10:50:00,1790607000,JCI,148.9347686767578,148.9347686767578,148.88499450683594,148.9149932861328,4526
2026-09-28 10:51:00,1790607060,JCI,148.9149932861328,148.9149932861328,148.6999969482422,148.6999969482422,1984
2026-09-28 10:52:00,1790607120,JCI,148.6999969482422,148.72999572753906,148.5500030517578,148.69000244140625,4946
2026-09-28 10:53:00,1790607180,JCI,148.60499572753906,148.91000366210938,148.60499572753906,148.77999877929688,34537
2026-09-28 10:54:00,1790607240,JCI,148.64999389648438,148.7100067138672,148.42999267578125,148.4499969482422,5565
2026-09-28 10:55:00,1790607300,JCI,148.33999633789062,148.42999267578125,148.33999633789062,148.34010314941406,6615
2026-09-28 10:56:00,1790607360,JCI,148.44000244140625,148.44000244140625,148.14999389648438,148.14999389648438,9192
2026-09-28 10:57:00,1790607420,JCI,148.2100067138672,148.50999450683594,148.2100067138672,148.5,8956
2026-09-28 10:58:00,1790607480,JCI,148.4499969482422,148.4499969482422,148.44500732421875,148.44500732421875,752
2026-09-28 10:59:00,1790607540,JCI,148.35000610351562,148.35000610351562,148.1699981689453,148.28500366210938,3057
2026-09-28 11:00:00,1790607600,JCI,148.28500366210938,148.3800048828125,148.24110412597656,148.3800048828125,2860
2026-09-28 11:01:00,1790607660,JCI,148.3350067138672,148.3350067138672,148.22000122070312,148.22000122070312,2907
2026-09-28 11:02:00,1790607720,JCI,148.2100067138672,148.2100067138672,148.2100067138672,148.2100067138672,1067
2026-09-28 11:03:00,1790607780,JCI,148.1999969482422,148.25,148.14999389648438,148.1999969482422,2945
2026-09-28 11:04:00,1790607840,JCI,148.25999450683594,148.2899932861328,148.24000549316406,148.26499938964844,3750
2026-09-28 11:05:00,1790607900,JCI,148.19000244140625,148.19000244140625,148.13999938964844,148.13999938964844,1575
2026-09-28 11:06:00,1790607960,JCI,148.11000061035156,148.27000427246094,148.08999633789062,148.27000427246094,16626
2026-09-28 11:07:00,1790608020,JCI,148.33999633789062,148.41000366210938,148.33999633789062,148.375,6450
2026-09-28 11:08:00,1790608080,JCI,148.4600067138672,148.5,148.2949981689453,148.2949981689453,5607
2026-09-28 11:09:00,1790608140,JCI,148.27999877929688,148.30999755859375,148.22999572753906,148.30999755859375,3466
2026-09-28 11:10:00,1790608200,JCI,148.38999938964844,148.4199981689453,148.38999938964844,148.4199981689453,1485
2026-09-28 11:11:00,1790608260,JCI,148.25,148.25,148.17999267578125,148.17999267578125,4749
2026-09-28 11:12:00,1790608320,JCI,148.14999389648438,148.14999389648438,148.10000610351562,148.14999389648438,2319
2026-09-28 11:13:00,1790608380,JCI,148.08999633789062,148.11500549316406,148.05999755859375,148.11000061035156,3269
2026-09-28 11:14:00,1790608440,JCI,148.1199951171875,148.1199951171875,147.89999389648438,147.89999389648438,6577
2026-09-28 11:15:00,1790608500,JCI,147.90499877929688,147.90499877929688,147.75,147.75,10834
2026-09-28 11:16:00,1790608560,JCI,147.77999877929688,147.77999877929688,147.57000732421875,147.57000732421875,4496
2026-09-28 11:17:00,1790608620,JCI,147.55999755859375,147.55999755859375,147.35000610351562,147.41000366210938,6548
2026-09-28 11:18:00,1790608680,JCI,147.3000030517578,147.39999389648438,147.1649932861328,147.19000244140625,7729
2026-09-28 11:19:00,1790608740,JCI,147.22999572753906,147.41000366210938,147.22999572753906,147.39999389648438,11063
2026-09-28 11:20:00,1790608800,JCI,147.375,147.41000366210938,147.27999877929688,147.375,3349
2026-09-28 11:21:00,1790608860,JCI,147.375,147.375,147.2899932861328,147.3000030517578,3578
2026-09-28 11:22:00,1790608920,JCI,147.2449951171875,147.30999755859375,147.22000122070312,147.22000122070312,2531
2026-09-28 11:23:00,1790608980,JCI,147.22000122070312,147.22000122070312,147.07000732421875,147.1024932861328,3126
2026-09-28 11:24:00,1790609040,JCI,147.08999633789062,147.19000244140625,147.0399932861328,147.14999389648438,14238
2026-09-28 11:25:00,1790609100,JCI,147.14999389648438,147.44000244140625,147.10000610351562,147.3699951171875,14404
2026-09-28 11:26:00,1790609160,JCI,147.3000030517578,147.3000030517578,147.10000610351562,147.10000610351562,2258
2026-09-28 11:27:00,1790609220,JCI,147.10000610351562,147.13999938964844,146.77999877929688,146.89999389648438,15711
2026-09-28 11:28:00,1790609280,JCI,146.8800048828125,146.94000244140625,146.8699951171875,146.94000244140625,2757
2026-09-28 11:29:00,1790609340,JCI,146.94000244140625,147.1999969482422,146.94000244140625,147.1999969482422,7308
2026-09-28 11:30:00,1790609400,JCI,147.33999633789062,147.38999938964844,147.27999877929688,147.38999938964844,3384
2026-09-28 11:31:00,1790609460,JCI,147.46499633789062,147.5800018310547,147.46499633789062,147.47000122070312,14145
2026-09-28 11:32:00,1790609520,JCI,147.58999633789062,147.66000366210938,147.58999633789062,147.66000366210938,3870
2026-09-28 11:33:00,1790609580,JCI,147.80999755859375,147.85000610351562,147.6750030517578,147.76499938964844,11088
2026-09-28 11:34:00,1790609640,JCI,147.7100067138672,147.7100067138672,147.4499969482422,147.4499969482422,2235
2026-09-28 11:35:00,1790609700,JCI,147.5,147.6099395751953,147.5,147.6099395751953,1934
2026-09-28 11:36:00,1790609760,JCI,147.72999572753906,147.77999877929688,147.63999938964844,147.76499938964844,1248
2026-09-28 11:37:00,1790609820,JCI,147.88999938964844,147.9250030517578,147.77999877929688,147.8000030517578,3488
2026-09-28 11:38:00,1790609880,JCI,147.8000030517578,147.8000030517578,147.8000030517578,147.8000030517578,681
2026-09-28 11:39:00,1790609940,JCI,147.72000122070312,147.8300018310547,147.72000122070312,147.7550048828125,2037
2026-09-28 11:40:00,1790610000,JCI,147.67999267578125,147.76499938964844,147.63999938964844,147.7100067138672,3254
2026-09-28 11:41:00,1790610060,JCI,147.6300048828125,147.6300048828125,147.50999450683594,147.50999450683594,2392
2026-09-28 11:42:00,1790610120,JCI,147.5500030517578,147.5500030517578,147.50999450683594,147.52000427246094,3806
2026-09-28 11:43:00,1790610180,JCI,147.50120544433594,147.55999755859375,147.38999938964844,147.38999938964844,4350
2026-09-28 11:44:00,1790610240,JCI,147.3800048828125,147.4600067138672,147.35000610351562,147.44000244140625,4633
2026-09-28 11:45:00,1790610300,JCI,147.35069274902344,147.4250030517578,147.35000610351562,147.4250030517578,1068
2026-09-28 11:46:00,1790610360,JCI,147.4199981689453,147.4199981689453,147.32000732421875,147.32000732421875,1493
2026-09-28 11:47:00,1790610420,JCI,147.3300018310547,147.3300018310547,147.13999938964844,147.1999969482422,11938
2026-09-28 11:48:00,1790610480,JCI,147.22000122070312,147.22999572753906,147.0749969482422,147.0749969482422,4697
2026-09-28 11:49:00,1790610540,JCI,147.0749969482422,147.11000061035156,146.99000549316406,147.02000427246094,4411
2026-09-28 11:50:00,1790610600,JCI,147.02000427246094,147.10000610351562,147.02000427246094,147.0749969482422,2850
2026-09-28 11:51:00,1790610660,JCI,147.02999877929688,147.02999877929688,146.97999572753906,147.02499389648438,3376
2026-09-28 11:52:00,1790610720,JCI,147.02000427246094,147.07000732421875,146.97999572753906,147.02000427246094,2540
2026-09-28 11:53:00,1790610780,JCI,146.97999572753906,147.07000732421875,146.97999572753906,147.07000732421875,4301
2026-09-28 11:54:00,1790610840,JCI,147.02999877929688,147.23500061035156,147.02999877929688,147.23500061035156,4489
2026-09-28 11:55:00,1790610900,JCI,147.24000549316406,147.4499969482422,147.24000549316406,147.4499969482422,9020
2026-09-28 11:56:00,1790610960,JCI,147.46499633789062,147.47000122070312,147.38999938964844,147.46499633789062,5846
2026-09-28 11:57:00,1790611020,JCI,147.4499969482422,147.4600067138672,147.38999938964844,147.4600067138672,1672
2026-09-28 11:58:00,1790611080,JCI,147.42250061035156,147.4550018310547,147.38999938964844,147.4550018310547,1673
2026-09-28 11:59:00,1790611140,JCI,147.4550018310547,147.4550018310547,147.22999572753906,147.2698974609375,6061
2026-09-28 12:00:00,1790611200,JCI,147.22500610351562,147.28500366210938,147.10499572753906,147.19000244140625,10770
2026-09-28 12:01:00,1790611260,JCI,147.25999450683594,147.25999450683594,147.2550048828125,147.25999450683594,1727
2026-09-28 12:02:00,1790611320,JCI,147.26499938964844,147.3350067138672,147.26499938964844,147.3350067138672,2448
2026-09-28 12:03:00,1790611380,JCI,147.27000427246094,147.27000427246094,147.1699981689453,147.1699981689453,1723
2026-09-28 12:04:00,1790611440,JCI,147.19000244140625,147.2449951171875,147.19000244140625,147.2449951171875,1726
2026-09-28 12:05:00,1790611500,JCI,147.25,147.35000610351562,147.25,147.35000610351562,3966
2026-09-28 12:06:00,1790611560,JCI,147.35000610351562,147.44500732421875,147.30999755859375,147.44500732421875,5162
2026-09-28 12:07:00,1790611620,JCI,147.39999389648438,147.4550018310547,147.38499450683594,147.4550018310547,3618
2026-09-28 12:08:00,1790611680,JCI,147.4550018310547,147.5800018310547,147.4550018310547,147.55999755859375,3728
2026-09-28 12:09:00,1790611740,JCI,147.5500030517578,147.55999755859375,147.53500366210938,147.5500030517578,2537
2026-09-28 12:10:00,1790611800,JCI,147.52499389648438,147.61000061035156,147.52499389648438,147.61000061035156,3143
2026-09-28 12:11:00,1790611860,JCI,147.6199951171875,147.6699981689453,147.5399932861328,147.6199951171875,183077
2026-09-28 12:12:00,1790611920,JCI,147.6199951171875,147.6999969482422,147.5399932861328,147.6999969482422,2624
2026-09-28 12:13:00,1790611980,JCI,147.6199951171875,147.6199951171875,147.52000427246094,147.5800018310547,2377
2026-09-28 12:14:00,1790612040,JCI,147.52000427246094,147.5800018310547,147.52000427246094,147.5800018310547,799
2026-09-28 12:15:00,1790612100,JCI,147.63999938964844,147.6999969482422,147.6300048828125,147.69000244140625,3665
2026-09-28 12:16:00,1790612160,JCI,147.6999969482422,148.14999389648438,147.6999969482422,148.0800018310547,18826
2026-09-28 12:17:00,1790612220,JCI,148.0749969482422,148.1699981689453,147.9949951171875,147.9949951171875,5880
2026-09-28 12:18:00,1790612280,JCI,147.99000549316406,148.10000610351562,147.89999389648438,147.89999389648438,2244
2026-09-28 12:19:00,1790612340,JCI,147.86000061035156,147.88999938964844,147.8000030517578,147.88999938964844,3614
2026-09-28 12:20:00,1790612400,JCI,147.9600067138672,148.2899932861328,147.9600067138672,148.2899932861328,11190
2026-09-28 12:21:00,1790612460,JCI,148.2899932861328,148.3699951171875,148.27999877929688,148.2899932861328,3523
2026-09-28 12:22:00,1790612520,JCI,148.27000427246094,148.33999633789062,148.22999572753906,148.3000030517578,1756
2026-09-28 12:23:00,1790612580,JCI,148.27499389648438,148.33999633789062,148.22999572753906,148.33999633789062,6887
2026-09-28 12:24:00,1790612640,JCI,148.30999755859375,148.5800018310547,148.30999755859375,148.5800018310547,2881
2026-09-28 12:25:00,1790612700,JCI,148.57000732421875,148.6999969482422,148.57000732421875,148.68499755859375,2073
2026-09-28 12:26:00,1790612760,JCI,148.8000030517578,149.19000244140625,148.8000030517578,149.1199951171875,9165
2026-09-28 12:27:00,1790612820,JCI,149.11500549316406,149.33999633789062,148.91000366210938,149.00999450683594,7223
2026-09-28 12:28:00,1790612880,JCI,148.8699951171875,148.99000549316406,148.7899932861328,148.90499877929688,5011
2026-09-28 12:29:00,1790612940,JCI,148.94000244140625,149.0800018310547,148.94000244140625,149.0050048828125,3470
2026-09-28 12:30:00,1790613000,JCI,148.97999572753906,148.97999572753906,148.69000244140625,148.77000427246094,4854
2026-09-28 12:31:00,1790613060,JCI,148.63999938964844,148.67999267578125,148.5399932861328,148.67999267578125,3322
2026-09-28 12:32:00,1790613120,JCI,148.63999938964844,148.72000122070312,148.5050048828125,148.5050048828125,3019
2026-09-28 12:33:00,1790613180,JCI,148.44000244140625,148.6699981689453,148.44000244140625,148.59500122070312,3379
2026-09-28 12:34:00,1790613240,JCI,148.59500122070312,148.7899932861328,148.59500122070312,148.75,3971
2026-09-28 12:35:00,1790613300,JCI,148.80999755859375,149.02999877929688,148.80999755859375,149.02999877929688,4308
2026-09-28 12:36:00,1790613360,JCI,148.97999572753906,148.97999572753906,148.89999389648438,148.90499877929688,3587
2026-09-28 12:37:00,1790613420,JCI,148.8699951171875,148.88999938964844,148.82000732421875,148.88999938964844,2972
2026-09-28 12:38:00,1790613480,JCI,148.875,148.875,148.48500061035156,148.49000549316406,5520
2026-09-28 12:39:00,1790613540,JCI,148.39999389648438,148.39999389648438,148.32000732421875,148.32000732421875,1373
2026-09-28 12:40:00,1790613600,JCI,148.4199981689453,148.44000244140625,148.3699951171875,148.44000244140625,2030
2026-09-28 12:41:00,1790613660,JCI,148.3699951171875,148.44000244140625,148.33929443359375,148.39999389648438,3995
2026-09-28 12:42:00,1790613720,JCI,148.27000427246094,148.2899932861328,148.25999450683594,148.25999450683594,1167
2026-09-28 12:43:00,1790613780,JCI,148.32000732421875,148.32000732421875,148.25999450683594,148.31500244140625,1700
2026-09-28 12:44:00,1790613840,JCI,148.33999633789062,148.38999938964844,148.25999450683594,148.3800048828125,10412
2026-09-28 12:45:00,1790613900,JCI,148.42999267578125,148.6199951171875,148.42999267578125,148.47999572753906,9712
2026-09-28 12:46:00,1790613960,JCI,148.47999572753906,148.47999572753906,148.3300018310547,148.33999633789062,3688
2026-09-28 12:47:00,1790614020,JCI,148.25,148.25,148.0800018310547,148.15499877929688,3632
2026-09-28 12:48:00,1790614080,JCI,148.0,148.01499938964844,147.9149932861328,147.9149932861328,4310
2026-09-28 12:49:00,1790614140,JCI,147.89999389648438,147.89999389648438,147.8800048828125,147.8800048828125,1268
2026-09-28 12:50:00,1790614200,JCI,147.9499969482422,147.9499969482422,147.89999389648438,147.89999389648438,1030
2026-09-28 12:51:00,1790614260,JCI,147.89999389648438,147.89999389648438,147.80499267578125,147.8249969482422,3213
2026-09-28 12:52:00,1790614320,JCI,147.82000732421875,147.97999572753906,147.82000732421875,147.97999572753906,2660
2026-09-28 12:53:00,1790614380,JCI,148.00999450683594,148.05499267578125,147.9550018310547,147.9550018310547,2425
2026-09-28 12:54:00,1790614440,JCI,147.9550018310547,148.02000427246094,147.9499969482422,148.02000427246094,1379
2026-09-28 12:55:00,1790614500,JCI,147.97000122070312,148.02999877929688,147.97000122070312,147.9949951171875,1157
2026-09-28 12:56:00,1790614560,JCI,147.99000549316406,148.0800018310547,147.99000549316406,148.0449981689453,4199
2026-09-28 12:57:00,1790614620,JCI,148.0449981689453,148.05999755859375,148.0399932861328,148.05999755859375,2046
2026-09-28 12:58:00,1790614680,JCI,148.03500366210938,148.03500366210938,148.02999877929688,148.02999877929688,679
2026-09-28 12:59:00,1790614740,JCI,148.02999877929688,148.1699981689453,148.02999877929688,148.1699981689453,3921
2026-09-28 13:00:00,1790614800,JCI,148.14500427246094,148.14500427246094,148.0749969482422,148.0749969482422,2123
2026-09-28 13:01:00,1790614860,JCI,148.02999877929688,148.02999877929688,148.02999877929688,148.02999877929688,708
2026-09-28 13:02:00,1790614920,JCI,148.00999450683594,148.00999450683594,147.81500244140625,147.81500244140625,4610
2026-09-28 13:03:00,1790614980,JCI,147.81500244140625,147.81500244140625,147.69000244140625,147.69000244140625,1118
2026-09-28 13:04:00,1790615040,JCI,147.78500366210938,147.94000244140625,147.78500366210938,147.94000244140625,5981
2026-09-28 13:05:00,1790615100,JCI,147.94500732421875,147.94500732421875,147.9199981689453,147.9199981689453,1539
2026-09-28 13:06:00,1790615160,JCI,147.88499450683594,147.99989318847656,147.85000610351562,147.85000610351562,2604
2026-09-28 13:07:00,1790615220,JCI,147.92999267578125,148.00999450683594,147.92999267578125,147.98500061035156,3285
2026-09-28 13:08:00,1790615280,JCI,147.92999267578125,148.11000061035156,147.92999267578125,148.11000061035156,4878
2026-09-28 13:09:00,1790615340,JCI,148.1300048828125,148.1300048828125,148.1300048828125,148.1300048828125,1265
2026-09-28 13:10:00,1790615400,JCI,148.1300048828125,148.17999267578125,148.07000732421875,148.1199951171875,2966
2026-09-28 13:11:00,1790615460,JCI,148.11000061035156,148.97000122070312,148.11000061035156,148.88999938964844,26390
2026-09-28 13:12:00,1790615520,JCI,148.94000244140625,149.22999572753906,148.8300018310547,149.02499389648438,8058
2026-09-28 13:13:00,1790615580,JCI,148.9499969482422,148.97000122070312,148.84500122070312,148.84500122070312,5222
2026-09-28 13:14:00,1790615640,JCI,148.84500122070312,148.84500122070312,148.84500122070312,148.84500122070312,1385
2026-09-28 13:15:00,1790615700,JCI,148.72999572753906,148.84500122070312,148.61500549316406,148.7100067138672,2720
2026-09-28 13:16:00,1790615760,JCI,148.6199951171875,148.62249755859375,148.5,148.6199951171875,7885
2026-09-28 13:17:00,1790615820,JCI,148.72000122070312,148.8300018310547,148.6300048828125,148.63999938964844,7242
2026-09-28 13:18:00,1790615880,JCI,148.64500427246094,148.64500427246094,148.64500427246094,148.64500427246094,1256
2026-09-28 13:19:00,1790615940,JCI,148.64999389648438,148.7100067138672,148.55999755859375,148.65499877929688,4803
2026-09-28 13:20:00,1790616000,JCI,148.57000732421875,148.61000061035156,148.57000732421875,148.59500122070312,2682
2026-09-28 13:21:00,1790616060,JCI,148.57000732421875,148.6999969482422,148.5399932861328,148.64999389648438,3233
2026-09-28 13:22:00,1790616120,JCI,148.66586303710938,148.66586303710938,148.5500030517578,148.64999389648438,2773
2026-09-28 13:23:00,1790616180,JCI,148.64500427246094,148.64999389648438,148.64500427246094,148.64999389648438,1300
2026-09-28 13:24:00,1790616240,JCI,148.57009887695312,148.72999572753906,148.55999755859375,148.55999755859375,1671
2026-09-28 13:25:00,1790616300,JCI,148.63499450683594,148.63999938964844,148.55999755859375,148.63999938964844,1331
2026-09-28 13:26:00,1790616360,JCI,148.58999633789062,148.7100067138672,148.5399932861328,148.5399932861328,9554
2026-09-28 13:27:00,1790616420,JCI,148.58999633789062,148.6300048828125,148.53500366210938,148.53500366210938,2438
2026-09-28 13:28:00,1790616480,JCI,148.55999755859375,148.55999755859375,148.47999572753906,148.5500030517578,1328
2026-09-28 13:29:00,1790616540,JCI,148.5500030517578,148.6199951171875,148.47999572753906,148.6199951171875,2912
2026-09-28 13:30:00,1790616600,JCI,148.6199951171875,148.77999877929688,148.6199951171875,148.77999877929688,4223
2026-09-28 13:31:00,1790616660,JCI,148.75999450683594,148.8948974609375,148.74000549316406,148.80999755859375,9009
2026-09-28 13:32:00,1790616720,JCI,148.75,148.8300018310547,148.74000549316406,148.8300018310547,7711
2026-09-28 13:33:00,1790616780,JCI,148.7949981689453,148.7949981689453,148.6199951171875,148.6199951171875,4344
2026-09-28 13:34:00,1790616840,JCI,148.61500549316406,148.72000122070312,148.61500549316406,148.6750030517578,2862
2026-09-28 13:35:00,1790616900,JCI,148.65499877929688,148.76499938964844,148.6475067138672,148.72999572753906,3776
2026-09-28 13:36:00,1790616960,JCI,148.75999450683594,148.75999450683594,148.4875030517578,148.4875030517578,3336
2026-09-28 13:37:00,1790617020,JCI,148.49749755859375,148.5,148.27999877929688,148.2899932861328,1734
2026-09-28 13:38:00,1790617080,JCI,148.28500366210938,148.33999633789062,148.22999572753906,148.33999633789062,4437
2026-09-28 13:39:00,1790617140,JCI,148.36000061035156,148.47000122070312,148.36000061035156,148.47000122070312,2419
2026-09-28 13:40:00,1790617200,JCI,148.44000244140625,148.5,148.39999389648438,148.4600067138672,3471
2026-09-28 13:41:00,1790617260,JCI,148.49000549316406,148.50999450683594,148.43499755859375,148.43499755859375,1899
2026-09-28 13:42:00,1790617320,JCI,148.42999267578125,148.42999267578125,148.4149932861328,148.4149932861328,1037
2026-09-28 13:43:00,1790617380,JCI,148.4199981689453,148.5399932861328,148.4199981689453,148.47000122070312,2903
2026-09-28 13:44:00,1790617440,JCI,148.5399932861328,148.5749969482422,148.5399932861328,148.56500244140625,4687
2026-09-28 13:45:00,1790617500,JCI,148.56500244140625,148.60000610351562,148.38999938964844,148.38999938964844,6084
2026-09-28 13:46:00,1790617560,JCI,148.40499877929688,148.4600067138672,148.39999389648438,148.4600067138672,2567
2026-09-28 13:47:00,1790617620,JCI,148.41000366210938,148.46499633789062,148.41000366210938,148.46499633789062,1665
2026-09-28 13:48:00,1790617680,JCI,148.47000122070312,148.7100067138672,148.47000122070312,148.625,22816
2026-09-28 13:49:00,1790617740,JCI,148.66000366210938,148.66000366210938,148.51499938964844,148.55999755859375,4106
2026-09-28 13:50:00,1790617800,JCI,148.56500244140625,148.56500244140625,148.5,148.5,321
2026-09-28 13:51:00,1790617860,JCI,148.55999755859375,148.55999755859375,148.47999572753906,148.47999572753906,1598
2026-09-28 13:52:00,1790617920,JCI,148.52499389648438,148.52999877929688,148.49000549316406,148.52999877929688,3289
2026-09-28 13:53:00,1790617980,JCI,148.57000732421875,148.57000732421875,148.49000549316406,148.49000549316406,2569
2026-09-28 13:54:00,1790618040,JCI,148.47000122070312,148.52499389648438,148.4499969482422,148.49000549316406,2337
2026-09-28 13:55:00,1790618100,JCI,148.5399932861328,148.61000061035156,148.4199981689453,148.55999755859375,6677
2026-09-28 13:56:00,1790618160,JCI,148.5749969482422,148.64999389648438,148.5749969482422,148.6199951171875,2922
2026-09-28 13:57:00,1790618220,JCI,148.5800018310547,148.59249877929688,148.3000030517578,148.44000244140625,51753
2026-09-28 13:58:00,1790618280,JCI,148.39999389648438,148.42999267578125,148.35000610351562,148.4199981689453,3803
2026-09-28 13:59:00,1790618340,JCI,148.4499969482422,148.52999877929688,148.43499755859375,148.52999877929688,4284
2026-09-28 14:00:00,1790618400,JCI,148.52000427246094,148.53500366210938,148.52000427246094,148.53500366210938,2528
2026-09-28 14:01:00,1790618460,JCI,148.53500366210938,148.6199951171875,148.47000122070312,148.5749969482422,35195
2026-09-28 14:02:00,1790618520,JCI,148.57000732421875,148.61000061035156,148.51010131835938,148.55999755859375,2097
2026-09-28 14:03:00,1790618580,JCI,148.63999938964844,148.63999938964844,148.55999755859375,148.55999755859375,1846
2026-09-28 14:04:00,1790618640,JCI,148.52999877929688,148.60000610351562,148.52999877929688,148.60000610351562,4272
2026-09-28 14:05:00,1790618700,JCI,148.6199951171875,148.66000366210938,148.57000732421875,148.64999389648438,3556
2026-09-28 14:06:00,1790618760,JCI,148.63999938964844,148.67999267578125,148.58999633789062,148.67999267578125,4058
2026-09-28 14:07:00,1790618820,JCI,148.6121063232422,148.6300048828125,148.58999633789062,148.6300048828125,2749
2026-09-28 14:08:00,1790618880,JCI,148.61500549316406,148.6999969482422,148.61500549316406,148.67999267578125,3255
2026-09-28 14:09:00,1790618940,JCI,148.67999267578125,148.7899932861328,148.67999267578125,148.7899932861328,3005
2026-09-28 14:10:00,1790619000,JCI,148.8000030517578,148.8000030517578,148.6999969482422,148.6999969482422,3409
2026-09-28 14:11:00,1790619060,JCI,148.61000061035156,148.69000244140625,148.61000061035156,148.64999389648438,5424
2026-09-28 14:12:00,1790619120,JCI,148.66000366210938,148.66000366210938,148.60000610351562,148.64999389648438,2249
2026-09-28 14:13:00,1790619180,JCI,148.66000366210938,148.8000030517578,148.66000366210938,148.77499389648438,2519
2026-09-28 14:14:00,1790619240,JCI,148.77499389648438,149.02999877929688,148.77499389648438,149.02999877929688,3692
2026-09-28 14:15:00,1790619300,JCI,149.02999877929688,149.02999877929688,148.99000549316406,148.99000549316406,457
2026-09-28 14:16:00,1790619360,JCI,148.94000244140625,149.02000427246094,148.94000244140625,148.99000549316406,1932
2026-09-28 14:17:00,1790619420,JCI,149.02999877929688,149.02999877929688,148.9199981689453,148.9199981689453,3954
2026-09-28 14:18:00,1790619480,JCI,148.9199981689453,148.9499969482422,148.875,148.875,2768
2026-09-28 14:19:00,1790619540,JCI,148.8699951171875,148.8699951171875,148.8300018310547,148.8300018310547,1668
2026-09-28 14:20:00,1790619600,JCI,148.86500549316406,148.88999938964844,148.8300018310547,148.8800048828125,2960
2026-09-28 14:21:00,1790619660,JCI,148.8800048828125,148.9199981689453,148.875,148.91000366210938,3759
2026-09-28 14:22:00,1790619720,JCI,148.9149932861328,148.9149932861328,148.9149932861328,148.9149932861328,1639
2026-09-28 14:23:00,1790619780,JCI,148.9149932861328,148.9149932861328,148.83009338378906,148.83009338378906,2601
2026-09-28 14:24:00,1790619840,JCI,148.77000427246094,148.77999877929688,148.7550048828125,148.76499938964844,3245
2026-09-28 14:25:00,1790619900,JCI,148.75999450683594,148.75999450683594,148.72000122070312,148.73500061035156,2389
2026-09-28 14:26:00,1790619960,JCI,148.76980590820312,148.77999877929688,148.75,148.75999450683594,4243
2026-09-28 14:27:00,1790620020,JCI,148.75999450683594,148.83999633789062,148.75999450683594,148.83999633789062,2770
2026-09-28 14:28:00,1790620080,JCI,148.83999633789062,148.83999633789062,148.83999633789062,148.83999633789062,742
2026-09-28 14:29:00,1790620140,JCI,148.83999633789062,148.83999633789062,148.7550048828125,148.82000732421875,6194
2026-09-28 14:30:00,1790620200,JCI,148.78500366210938,148.8000030517578,148.6999969482422,148.6999969482422,6161
2026-09-28 14:31:00,1790620260,JCI,148.7100067138672,148.86000061035156,148.7100067138672,148.85000610351562,6973
2026-09-28 14:32:00,1790620320,JCI,148.8699951171875,148.8699951171875,148.80499267578125,148.80499267578125,2235
2026-09-28 14:33:00,1790620380,JCI,148.86000061035156,149.0,148.85000610351562,148.97500610351562,3418
2026-09-28 14:34:00,1790620440,JCI,148.97000122070312,148.97000122070312,148.89500427246094,148.95799255371094,3143
2026-09-28 14:35:00,1790620500,JCI,148.90040588378906,149.0800018310547,148.90040588378906,149.0800018310547,7388
2026-09-28 14:36:00,1790620560,JCI,149.0399932861328,149.0800018310547,149.00999450683594,149.0800018310547,5516
2026-09-28 14:37:00,1790620620,JCI,149.0800018310547,149.11000061035156,149.0,149.07000732421875,11891
2026-09-28 14:38:00,1790620680,JCI,149.02999877929688,149.0399932861328,148.9949951171875,149.0399932861328,5852
2026-09-28 14:39:00,1790620740,JCI,149.0399932861328,149.0399932861328,148.9250030517578,148.92999267578125,6522
2026-09-28 14:40:00,1790620800,JCI,148.92999267578125,148.9600067138672,148.90499877929688,148.90499877929688,5844
2026-09-28 14:41:00,1790620860,JCI,148.9199981689453,148.93499755859375,148.75180053710938,148.77000427246094,6285
2026-09-28 14:42:00,1790620920,JCI,148.75,148.75999450683594,148.72000122070312,148.75,3415
2026-09-28 14:43:00,1790620980,JCI,148.7449951171875,148.75,148.7050018310547,148.7050018310547,2141
2026-09-28 14:44:00,1790621040,JCI,148.7050018310547,148.72000122070312,148.64999389648438,148.7050018310547,3783
2026-09-28 14:45:00,1790621100,JCI,148.6999969482422,148.6999969482422,148.6300048828125,148.63999938964844,2450
2026-09-28 14:46:00,1790621160,JCI,148.63499450683594,148.63999938964844,148.60000610351562,148.60000610351562,1924
2026-09-28 14:47:00,1790621220,JCI,148.6199951171875,148.6699981689453,148.6199951171875,148.6300048828125,4650
2026-09-28 14:48:00,1790621280,JCI,148.6300048828125,148.7899932861328,148.6300048828125,148.7899932861328,5202
2026-09-28 14:49:00,1790621340,JCI,148.7899932861328,148.7899932861328,148.72000122070312,148.72000122070312,2536
2026-09-28 14:50:00,1790621400,JCI,148.6999969482422,148.75999450683594,148.6999969482422,148.72999572753906,3424
2026-09-28 14:51:00,1790621460,JCI,148.61000061035156,148.61000061035156,148.57000732421875,148.58999633789062,2626
2026-09-28 14:52:00,1790621520,JCI,148.55999755859375,148.63999938964844,148.55999755859375,148.58999633789062,1235
2026-09-28 14:53:00,1790621580,JCI,148.63999938964844,148.7899932861328,148.5850067138672,148.75999450683594,21711
2026-09-28 14:54:00,1790621640,JCI,148.76499938964844,148.83999633789062,148.76499938964844,148.7949981689453,2644
2026-09-28 14:55:00,1790621700,JCI,148.8300018310547,148.9499969482422,148.7550048828125,148.92999267578125,13284
2026-09-28 14:56:00,1790621760,JCI,148.9600067138672,149.0050048828125,148.9600067138672,149.0050048828125,3896
2026-09-28 14:57:00,1790621820,JCI,149.0050048828125,149.0050048828125,149.0050048828125,149.0050048828125,1272
2026-09-28 14:58:00,1790621880,JCI,149.0050048828125,149.0850067138672,149.0050048828125,149.0800018310547,3380
2026-09-28 14:59:00,1790621940,JCI,149.08999633789062,149.1199951171875,149.0449981689453,149.0449981689453,3574
2026-09-28 15:00:00,1790622000,JCI,149.00999450683594,149.01499938964844,148.8000030517578,148.8000030517578,4061
2026-09-28 15:01:00,1790622060,JCI,148.7949981689453,148.8699951171875,148.7949981689453,148.82000732421875,3923
2026-09-28 15:02:00,1790622120,JCI,148.8346710205078,148.83999633789062,148.74000549316406,148.74000549316406,3313
2026-09-28 15:03:00,1790622180,JCI,148.78500366210938,148.86000061035156,148.78500366210938,148.86000061035156,2953
2026-09-28 15:04:00,1790622240,JCI,148.85499572753906,148.85499572753906,148.72999572753906,148.75,2550
2026-09-28 15:05:00,1790622300,JCI,148.72000122070312,148.72000122070312,148.67999267578125,148.69500732421875,1509
2026-09-28 15:06:00,1790622360,JCI,148.72999572753906,148.80999755859375,148.69749450683594,148.75,4669
2026-09-28 15:07:00,1790622420,JCI,148.7449951171875,148.7449951171875,148.55990600585938,148.60499572753906,5642
2026-09-28 15:08:00,1790622480,JCI,148.60499572753906,148.6750030517578,148.5399932861328,148.5399932861328,3754
2026-09-28 15:09:00,1790622540,JCI,148.50999450683594,148.50999450683594,148.3800048828125,148.42999267578125,5991
2026-09-28 15:10:00,1790622600,JCI,148.41000366210938,148.41000366210938,148.3699951171875,148.41000366210938,1490
2026-09-28 15:11:00,1790622660,JCI,148.41000366210938,148.50999450683594,148.35499572753906,148.35499572753906,10140
2026-09-28 15:12:00,1790622720,JCI,148.375,148.4199981689453,148.32000732421875,148.32000732421875,8280
2026-09-28 15:13:00,1790622780,JCI,148.27000427246094,148.30999755859375,148.1699981689453,148.1750030517578,4192
2026-09-28 15:14:00,1790622840,JCI,148.2100067138672,148.22000122070312,148.15130615234375,148.15130615234375,4824
2026-09-28 15:15:00,1790622900,JCI,148.11000061035156,148.11000061035156,148.00999450683594,148.0399932861328,7473
2026-09-28 15:16:00,1790622960,JCI,148.02999877929688,148.10000610351562,148.0050048828125,148.0050048828125,5787
2026-09-28 15:17:00,1790623020,JCI,147.97000122070312,148.0399932861328,147.97000122070312,148.0050048828125,3652
2026-09-28 15:18:00,1790623080,JCI,147.97000122070312,148.05499267578125,147.97000122070312,148.02000427246094,12947
2026-09-28 15:19:00,1790623140,JCI,148.00999450683594,148.02999877929688,147.88499450683594,147.94500732421875,8156
2026-09-28 15:20:00,1790623200,JCI,147.88999938964844,147.9199981689453,147.82000732421875,147.82000732421875,4424
2026-09-28 15:21:00,1790623260,JCI,147.85000610351562,147.9199981689453,147.82000732421875,147.9199981689453,8678
2026-09-28 15:22:00,1790623320,JCI,147.9199981689453,147.9600067138672,147.88999938964844,147.88999938964844,8096
2026-09-28 15:23:00,1790623380,JCI,147.89500427246094,147.99000549316406,147.89500427246094,147.97999572753906,7365
2026-09-28 15:24:00,1790623440,JCI,147.97500610351562,147.97500610351562,147.8800048828125,147.88499450683594,2967
2026-09-28 15:25:00,1790623500,JCI,147.8800048828125,147.97999572753906,147.85000610351562,147.91000366210938,11034
2026-09-28 15:26:00,1790623560,JCI,147.8802947998047,147.94000244140625,147.8800048828125,147.88999938964844,4308
2026-09-28 15:27:00,1790623620,JCI,147.91000366210938,147.9600067138672,147.88999938964844,147.9600067138672,7794
2026-09-28 15:28:00,1790623680,JCI,147.92999267578125,148.0,147.89999389648438,147.94000244140625,8751
2026-09-28 15:29:00,1790623740,JCI,147.9199981689453,147.9499969482422,147.8800048828125,147.9499969482422,8767
2026-09-28 15:30:00,1790623800,JCI,147.9499969482422,148.1300048828125,147.9499969482422,148.05999755859375,9263
2026-09-28 15:31:00,1790623860,JCI,148.05499267578125,148.14999389648438,148.00999450683594,148.14999389648438,7931
2026-09-28 15:32:00,1790623920,JCI,148.16000366210938,148.33999633789062,148.16000366210938,148.3000030517578,11231
2026-09-28 15:33:00,1790623980,JCI,148.36000061035156,148.36000061035156,148.22999572753906,148.25999450683594,5338
2026-09-28 15:34:00,1790624040,JCI,148.25999450683594,148.30999755859375,148.25999450683594,148.27999877929688,7582
2026-09-28 15:35:00,1790624100,JCI,148.28500366210938,148.36000061035156,148.27999877929688,148.28500366210938,6001
2026-09-28 15:36:00,1790624160,JCI,148.28500366210938,148.36000061035156,148.25999450683594,148.25999450683594,8039
2026-09-28 15:37:00,1790624220,JCI,148.25999450683594,148.30999755859375,148.23500061035156,148.30499267578125,6476
2026-09-28 15:38:00,1790624280,JCI,148.30499267578125,148.44000244140625,148.30499267578125,148.36000061035156,6981
2026-09-28 15:39:00,1790624340,JCI,148.32000732421875,148.34500122070312,148.24000549316406,148.2550048828125,9056
2026-09-28 15:40:00,1790624400,JCI,148.2550048828125,148.25999450683594,148.2100067138672,148.25999450683594,6034
2026-09-28 15:41:00,1790624460,JCI,148.2449951171875,148.3300018310547,148.24000549316406,148.27000427246094,9248
2026-09-28 15:42:00,1790624520,JCI,148.27000427246094,148.33999633789062,148.25999450683594,148.30499267578125,4900
2026-09-28 15:43:00,1790624580,JCI,148.30499267578125,148.38999938964844,148.30499267578125,148.375,9154
2026-09-28 15:44:00,1790624640,JCI,148.39500427246094,148.39999389648438,148.2899932861328,148.3300018310547,19368
2026-09-28 15:45:00,1790624700,JCI,148.3249969482422,148.35000610351562,148.27000427246094,148.3300018310547,9576
2026-09-28 15:46:00,1790624760,JCI,148.36000061035156,148.55499267578125,148.36000061035156,148.55499267578125,10965
2026-09-28 15:47:00,1790624820,JCI,148.5449981689453,148.5500030517578,148.49000549316406,148.52999877929688,7236
2026-09-28 15:48:00,1790624880,JCI,148.5500030517578,148.5500030517578,148.38999938964844,148.40499877929688,14102
2026-09-28 15:49:00,1790624940,JCI,148.38999938964844,148.38999938964844,148.1649932861328,148.27000427246094,12077
2026-09-28 15:50:00,1790625000,JCI,148.27000427246094,148.3699951171875,148.2550048828125,148.3699951171875,14151
2026-09-28 15:51:00,1790625060,JCI,148.3699951171875,148.41000366210938,148.32000732421875,148.38999938964844,22494
2026-09-28 15:52:00,1790625120,JCI,148.38999938964844,148.39999389648438,148.35000610351562,148.38499450683594,15881
2026-09-28 15:53:00,1790625180,JCI,148.38499450683594,148.4199981689453,148.35000610351562,148.36000061035156,14290
2026-09-28 15:54:00,1790625240,JCI,148.36000061035156,148.3699951171875,148.14500427246094,148.14999389648438,0
2026-09-28 15:55:00,1790625300,JCI,148.14999389648438,148.22000122070312,148.1199951171875,148.14500427246094,31660
2026-09-28 15:56:00,1790625360,JCI,148.1300048828125,148.3249969482422,148.125,148.30499267578125,38426
2026-09-28 15:57:00,1790625420,JCI,148.30499267578125,148.60000610351562,148.2899932861328,148.5800018310547,51290
2026-09-28 15:58:00,1790625480,JCI,148.5749969482422,148.7050018310547,148.5574951171875,148.7050018310547,67599
2026-09-28 15:59:00,1790625540,JCI,148.7050018310547,149.00999450683594,148.7050018310547,148.9250030517578,137571
2026-09-28 16:00:00,1790625600,JCI,148.88999938964844,148.88999938964844,148.88999938964844,148.88999938964844,0
2026-09-29 09:30:00,1790688600,JCI,150.0800018310547,150.49000549316406,149.2899932861328,149.98500061035156,44215
2026-09-29 09:31:00,1790688660,JCI,149.89500427246094,150.16000366210938,149.49000549316406,149.72999572753906,36374
2026-09-29 09:32:00,1790688720,JCI,149.72999572753906,150.25,149.4250030517578,150.0449981689453,8413
2026-09-29 09:33:00,1790688780,JCI,150.34500122070312,150.34500122070312,150.05499267578125,150.05499267578125,2443
2026-09-29 09:34:00,1790688840,JCI,150.0500030517578,150.0500030517578,149.39500427246094,149.9199981689453,4886
2026-09-29 09:35:00,1790688900,JCI,149.5030059814453,149.7375030517578,149.5030059814453,149.7375030517578,1547
2026-09-29 09:36:00,1790688960,JCI,149.72500610351562,150.16000366210938,149.60499572753906,149.60499572753906,5785
2026-09-29 09:37:00,1790689020,JCI,149.9600067138672,150.10000610351562,149.9600067138672,150.10000610351562,2024
2026-09-29 09:38:00,1790689080,JCI,150.13999938964844,150.21499633789062,150.05999755859375,150.05999755859375,2663
2026-09-29 09:39:00,1790689140,JCI,149.9499969482422,150.15499877929688,149.81500244140625,150.15499877929688,1505
2026-09-29 09:40:00,1790689200,JCI,150.1136016845703,150.3699951171875,150.1136016845703,150.35000610351562,6381
2026-09-29 09:41:00,1790689260,JCI,150.1999969482422,150.51499938964844,149.77000427246094,149.77000427246094,37520
2026-09-29 09:42:00,1790689320,JCI,149.73500061035156,149.9499969482422,149.52000427246094,149.67999267578125,9678
2026-09-29 09:43:00,1790689380,JCI,149.72000122070312,150.24000549316406,149.72000122070312,150.17999267578125,7847
2026-09-29 09:44:00,1790689440,JCI,150.24000549316406,150.2449951171875,149.9499969482422,149.9499969482422,3478
2026-09-29 09:45:00,1790689500,JCI,149.9199981689453,149.9199981689453,149.86500549316406,149.8699951171875,2377
2026-09-29 09:46:00,1790689560,JCI,149.8699951171875,149.8699951171875,149.5500030517578,149.69000244140625,3328
2026-09-29 09:47:00,1790689620,JCI,149.63999938964844,149.63999938964844,149.25,149.25999450683594,6680
2026-09-29 09:48:00,1790689680,JCI,149.22999572753906,149.32000732421875,148.91000366210938,149.14999389648438,17318
2026-09-29 09:49:00,1790689740,JCI,149.0850067138672,149.22000122070312,149.0850067138672,149.22000122070312,4738
2026-09-29 09:50:00,1790689800,JCI,149.16000366210938,149.74000549316406,149.13999938964844,149.4600067138672,23179
2026-09-29 09:51:00,1790689860,JCI,149.60690307617188,149.7899932861328,149.5500030517578,149.5500030517578,4080
2026-09-29 09:52:00,1790689920,JCI,149.65499877929688,149.65499877929688,149.49000549316406,149.49000549316406,3106
2026-09-29 09:53:00,1790689980,JCI,149.4600067138672,149.77999877929688,149.4499969482422,149.49000549316406,11535
2026-09-29 09:54:00,1790690040,JCI,149.42999267578125,149.42999267578125,149.375,149.375,3663
2026-09-29 09:55:00,1790690100,JCI,149.3800048828125,149.8000030517578,149.3800048828125,149.8000030517578,1662
2026-09-29 09:56:00,1790690160,JCI,149.80999755859375,150.01499938964844,149.72999572753906,150.01499938964844,2663
2026-09-29 09:57:00,1790690220,JCI,150.02000427246094,150.16000366210938,150.02000427246094,150.05999755859375,4162
2026-09-29 09:58:00,1790690280,JCI,150.08999633789062,150.1999969482422,150.06500244140625,150.13999938964844,3154
2026-09-29 09:59:00,1790690340,JCI,150.02999877929688,150.02999877929688,149.89999389648438,149.96499633789062,9788
2026-09-29 10:00:00,1790690400,JCI,150.08999633789062,150.2899932861328,150.08999633789062,150.27999877929688,3330
2026-09-29 10:01:00,1790690460,JCI,150.13999938964844,150.32000732421875,149.97999572753906,150.23500061035156,3091
2026-09-29 10:02:00,1790690520,JCI,150.22999572753906,150.26499938964844,149.75,149.77000427246094,12348
2026-09-29 10:03:00,1790690580,JCI,149.77000427246094,149.77000427246094,149.6199951171875,149.6199951171875,1381
2026-09-29 10:04:00,1790690640,JCI,149.6300048828125,149.6300048828125,149.44000244140625,149.44500732421875,3115
2026-09-29 10:05:00,1790690700,JCI,149.44000244140625,149.64999389648438,149.4250030517578,149.6300048828125,3686
2026-09-29 10:06:00,1790690760,JCI,149.6425018310547,149.6699981689453,149.6199951171875,149.6699981689453,1492
2026-09-29 10:07:00,1790690820,JCI,149.72000122070312,149.83999633789062,149.67999267578125,149.67999267578125,5247
2026-09-29 10:08:00,1790690880,JCI,149.71499633789062,149.78909301757812,149.58999633789062,149.58999633789062,1170
2026-09-29 10:09:00,1790690940,JCI,149.71499633789062,149.81500244140625,149.61000061035156,149.81500244140625,7017
2026-09-29 10:10:00,1790691000,JCI,149.77000427246094,149.82000732421875,149.6199951171875,149.72000122070312,5112
2026-09-29 10:11:00,1790691060,JCI,149.6699981689453,149.74000549316406,149.52999877929688,149.52999877929688,4265
2026-09-29 10:12:00,1790691120,JCI,149.49000549316406,149.49000549316406,149.41000366210938,149.42999267578125,2614
2026-09-29 10:13:00,1790691180,JCI,149.47000122070312,149.50999450683594,149.47000122070312,149.50999450683594,1902
2026-09-29 10:14:00,1790691240,JCI,149.48500061035156,149.6199951171875,149.48500061035156,149.59500122070312,2759
2026-09-29 10:15:00,1790691300,JCI,149.64999389648438,149.67999267578125,149.47500610351562,149.49000549316406,3059
2026-09-29 10:16:00,1790691360,JCI,149.6300048828125,149.6300048828125,149.5449981689453,149.60000610351562,3255
2026-09-29 10:17:00,1790691420,JCI,149.63999938964844,149.63999938964844,149.47999572753906,149.60000610351562,4957
2026-09-29 10:18:00,1790691480,JCI,149.66000366210938,149.66000366210938,149.47000122070312,149.47000122070312,2937
2026-09-29 10:19:00,1790691540,JCI,149.4199981689453,149.4199981689453,149.4199981689453,149.4199981689453,241
2026-09-29 10:20:00,1790691600,JCI,149.52000427246094,149.58999633789062,149.33999633789062,149.46499633789062,3087
2026-09-29 10:21:00,1790691660,JCI,149.51499938964844,149.6999053955078,149.51499938964844,149.6999053955078,2517
2026-09-29 10:22:00,1790691720,JCI,149.3699951171875,149.3699951171875,149.25999450683594,149.3699951171875,1575
2026-09-29 10:23:00,1790691780,JCI,149.13999938964844,149.1699981689453,149.0749969482422,149.1699981689453,1331
2026-09-29 10:24:00,1790691840,JCI,149.1999969482422,149.1999969482422,149.19000244140625,149.19000244140625,1021
2026-09-29 10:25:00,1790691900,JCI,149.2050018310547,149.33749389648438,149.2050018310547,149.33749389648438,1845
2026-09-29 10:26:00,1790691960,JCI,149.4149932861328,149.4149932861328,149.41000366210938,149.41000366210938,1727
2026-09-29 10:27:00,1790692020,JCI,149.38999938964844,149.38999938964844,149.27000427246094,149.2949981689453,747
2026-09-29 10:28:00,1790692080,JCI,149.35000610351562,149.40499877929688,149.19000244140625,149.19000244140625,2963
2026-09-29 10:29:00,1790692140,JCI,149.25999450683594,149.32000732421875,149.05999755859375,149.2550048828125,2038
2026-09-29 10:30:00,1790692200,JCI,149.25999450683594,149.42999267578125,149.25999450683594,149.40499877929688,2769
2026-09-29 10:31:00,1790692260,JCI,149.3300018310547,149.3300018310547,149.27999877929688,149.27999877929688,1408
2026-09-29 10:32:00,1790692320,JCI,149.02999877929688,149.0625,148.83999633789062,148.89999389648438,2798
2026-09-29 10:33:00,1790692380,JCI,148.9250030517578,149.02000427246094,148.9250030517578,149.02000427246094,1065
2026-09-29 10:34:00,1790692440,JCI,149.1024932861328,149.10499572753906,149.1024932861328,149.10499572753906,1590
2026-09-29 10:35:00,1790692500,JCI,149.0800018310547,149.18499755859375,149.0800018310547,149.18499755859375,2886
2026-09-29 10:37:00,1790692620,JCI,149.16000366210938,149.25,149.16000366210938,149.16000366210938,3111
2026-09-29 10:38:00,1790692680,JCI,149.1199951171875,149.1199951171875,149.0225067138672,149.0225067138672,3449
2026-09-29 10:39:00,1790692740,JCI,148.91000366210938,149.18499755859375,148.91000366210938,149.07000732421875,3170
2026-09-29 10:40:00,1790692800,JCI,149.1999969482422,149.25,148.94000244140625,149.02499389648438,6534
2026-09-29 10:41:00,1790692860,JCI,148.99000549316406,149.0,148.86000061035156,148.86000061035156,4312
2026-09-29 10:42:00,1790692920,JCI,148.7949981689453,148.94000244140625,148.79249572753906,148.94000244140625,21352
2026-09-29 10:43:00,1790692980,JCI,148.97000122070312,149.22000122070312,148.97000122070312,149.1300048828125,5687
2026-09-29 10:44:00,1790693040,JCI,149.1300048828125,149.30999755859375,149.1300048828125,149.30499267578125,2382
2026-09-29 10:45:00,1790693100,JCI,149.1999969482422,149.1999969482422,149.14999389648438,149.15499877929688,2581
2026-09-29 10:46:00,1790693160,JCI,149.14999389648438,149.15499877929688,149.14999389648438,149.15499877929688,1027
2026-09-29 10:47:00,1790693220,JCI,149.1875,149.2100067138672,149.05999755859375,149.14999389648438,3302
2026-09-29 10:48:00,1790693280,JCI,149.14999389648438,149.14999389648438,149.14999389648438,149.14999389648438,1303
2026-09-29 10:49:00,1790693340,JCI,149.22000122070312,149.22000122070312,149.13499450683594,149.13499450683594,1835
2026-09-29 10:50:00,1790693400,JCI,149.1999969482422,149.2100067138672,149.13499450683594,149.14999389648438,3130
2026-09-29 10:51:00,1790693460,JCI,149.27000427246094,149.27000427246094,149.2449951171875,149.2449951171875,1853
2026-09-29 10:52:00,1790693520,JCI,149.24000549316406,149.24000549316406,149.22999572753906,149.22999572753906,766
2026-09-29 10:53:00,1790693580,JCI,149.25999450683594,149.25999450683594,149.13999938964844,149.13999938964844,1845
2026-09-29 10:54:00,1790693640,JCI,149.19000244140625,149.3800048828125,149.19000244140625,149.3300018310547,3676
2026-09-29 10:56:00,1790693760,JCI,149.34500122070312,149.49000549316406,149.34500122070312,149.49000549316406,1404
2026-09-29 10:57:00,1790693820,JCI,149.47999572753906,149.6999969482422,149.42999267578125,149.6999969482422,3747
2026-09-29 10:58:00,1790693880,JCI,149.69500732421875,149.69500732421875,149.42999267578125,149.4499969482422,5711
2026-09-29 10:59:00,1790693940,JCI,149.44500732421875,149.57000732421875,149.4250030517578,149.4250030517578,3503
2026-09-29 11:00:00,1790694000,JCI,149.41000366210938,149.43499755859375,149.3699951171875,149.41000366210938,1855
2026-09-29 11:01:00,1790694060,JCI,149.36000061035156,149.36000061035156,149.3350067138672,149.33999633789062,1137
2026-09-29 11:02:00,1790694120,JCI,149.32000732421875,149.3300018310547,149.32000732421875,149.3300018310547,1653
2026-09-29 11:03:00,1790694180,JCI,149.35000610351562,149.35499572753906,149.30999755859375,149.35499572753906,1377
2026-09-29 11:04:00,1790694240,JCI,149.35499572753906,149.35499572753906,149.2949981689453,149.32000732421875,1731
2026-09-29 11:05:00,1790694300,JCI,149.27999877929688,149.30499267578125,149.27999877929688,149.2949981689453,2461
2026-09-29 11:06:00,1790694360,JCI,149.2949981689453,149.3699951171875,149.24000549316406,149.26499938964844,4447
2026-09-29 11:07:00,1790694420,JCI,149.27000427246094,149.44000244140625,149.24000549316406,149.44000244140625,2811
2026-09-29 11:08:00,1790694480,JCI,149.375,149.3800048828125,149.36749267578125,149.375,1924
2026-09-29 11:09:00,1790694540,JCI,149.30499267578125,149.30499267578125,149.13999938964844,149.13999938964844,1738
2026-09-29 11:10:00,1790694600,JCI,149.13999938964844,149.1649932861328,149.13999938964844,149.1649932861328,699
2026-09-29 11:11:00,1790694660,JCI,149.14999389648438,149.14999389648438,149.13999938964844,149.13999938964844,1100
2026-09-29 11:12:00,1790694720,JCI,149.10000610351562,149.10000610351562,148.9709930419922,149.0399932861328,2665
2026-09-29 11:13:00,1790694780,JCI,149.07000732421875,149.1199951171875,149.07000732421875,149.1199951171875,2180
2026-09-29 11:14:00,1790694840,JCI,149.19000244140625,149.19000244140625,149.1699981689453,149.1699981689453,1401
2026-09-29 11:15:00,1790694900,JCI,149.22999572753906,149.2550048828125,149.21499633789062,149.24180603027344,1597
2026-09-29 11:16:00,1790694960,JCI,149.1999969482422,149.42739868164062,149.19000244140625,149.40499877929688,5358
2026-09-29 11:17:00,1790695020,JCI,149.36500549316406,149.3800048828125,149.3000030517578,149.3000030517578,2063
2026-09-29 11:18:00,1790695080,JCI,149.30999755859375,149.35000610351562,149.23500061035156,149.30999755859375,9612
2026-09-29 11:19:00,1790695140,JCI,149.44000244140625,149.59750366210938,149.44000244140625,149.5500030517578,7776
2026-09-29 11:20:00,1790695200,JCI,149.5500030517578,149.56500244140625,149.5500030517578,149.56500244140625,1471
2026-09-29 11:21:00,1790695260,JCI,149.3699951171875,149.3699951171875,149.24000549316406,149.24000549316406,2717
2026-09-29 11:22:00,1790695320,JCI,149.27999877929688,149.27999877929688,149.27000427246094,149.27999877929688,3002
2026-09-29 11:23:00,1790695380,JCI,149.19000244140625,149.19000244140625,149.0850067138672,149.0850067138672,1638
2026-09-29 11:24:00,1790695440,JCI,149.17999267578125,149.22999572753906,149.17999267578125,149.22999572753906,2820
2026-09-29 11:25:00,1790695500,JCI,149.22999572753906,149.2324981689453,149.2100067138672,149.2100067138672,2077
2026-09-29 11:26:00,1790695560,JCI,149.23500061035156,149.23500061035156,149.13999938964844,149.13999938964844,2276
2026-09-29 11:27:00,1790695620,JCI,149.0749969482422,149.0749969482422,149.02000427246094,149.02000427246094,985
2026-09-29 11:28:00,1790695680,JCI,149.02000427246094,149.03250122070312,148.9600067138672,148.9600067138672,1817
2026-09-29 11:29:00,1790695740,JCI,148.9149932861328,148.96499633789062,148.89999389648438,148.89999389648438,2509
2026-09-29 11:30:00,1790695800,JCI,148.92999267578125,148.94500732421875,148.92999267578125,148.94000244140625,1410
2026-09-29 11:31:00,1790695860,JCI,148.94000244140625,148.99000549316406,148.92999267578125,148.97999572753906,3247
2026-09-29 11:32:00,1790695920,JCI,148.99000549316406,149.03799438476562,148.94000244140625,148.94000244140625,3146
2026-09-29 11:33:00,1790695980,JCI,149.02000427246094,149.07000732421875,148.9774932861328,149.07000732421875,2680
2026-09-29 11:34:00,1790696040,JCI,149.10000610351562,149.16510009765625,149.10000610351562,149.16510009765625,1392
2026-09-29 11:35:00,1790696100,JCI,149.16000366210938,149.16000366210938,149.09500122070312,149.10000610351562,2517
2026-09-29 11:36:00,1790696160,JCI,149.1699981689453,149.1999969482422,149.11000061035156,149.1999969482422,2854
2026-09-29 11:37:00,1790696220,JCI,149.17250061035156,149.17250061035156,149.10000610351562,149.10000610351562,1977
2026-09-29 11:38:00,1790696280,JCI,149.2050018310547,149.35000610351562,149.2050018310547,149.35000610351562,1478
2026-09-29 11:39:00,1790696340,JCI,149.30999755859375,149.30999755859375,149.30999755859375,149.30999755859375,1043
2026-09-29 11:40:00,1790696400,JCI,149.25,149.35220336914062,149.25,149.35220336914062,913
2026-09-29 11:41:00,1790696460,JCI,149.31500244140625,149.31500244140625,149.11000061035156,149.11000061035156,4392
2026-09-29 11:42:00,1790696520,JCI,149.1199951171875,149.1199951171875,149.05999755859375,149.07000732421875,2910
2026-09-29 11:43:00,1790696580,JCI,149.0500030517578,149.0500030517578,149.0500030517578,149.0500030517578,1326
2026-09-29 11:44:00,1790696640,JCI,149.16000366210938,149.25999450683594,149.16000366210938,149.25999450683594,2175
2026-09-29 11:45:00,1790696700,JCI,149.32000732421875,149.375,149.30999755859375,149.30999755859375,3538
2026-09-29 11:46:00,1790696760,JCI,149.1699981689453,149.1999969482422,149.1199951171875,149.1199951171875,2032
2026-09-29 11:47:00,1790696820,JCI,149.0399932861328,149.41000366210938,148.9600067138672,149.27000427246094,10219
2026-09-29 11:48:00,1790696880,JCI,149.1999969482422,149.22000122070312,148.97999572753906,149.03500366210938,2617
2026-09-29 11:49:00,1790696940,JCI,149.1199951171875,149.14500427246094,149.1199951171875,149.14500427246094,1928
2026-09-29 11:50:00,1790697000,JCI,149.07000732421875,149.07000732421875,148.9499969482422,148.9499969482422,2340
2026-09-29 11:51:00,1790697060,JCI,148.85499572753906,148.9499053955078,148.84500122070312,148.84500122070312,1981
2026-09-29 11:52:00,1790697120,JCI,148.85499572753906,148.92999267578125,148.77999877929688,148.77999877929688,3067
2026-09-29 11:53:00,1790697180,JCI,148.8300018310547,148.8800048828125,148.75,148.8800048828125,2444
2026-09-29 11:54:00,1790697240,JCI,148.8800048828125,148.9600067138672,148.8800048828125,148.9600067138672,2239
2026-09-29 11:55:00,1790697300,JCI,148.89999389648438,149.0,148.89999389648438,148.90499877929688,2135
2026-09-29 11:56:00,1790697360,JCI,148.92999267578125,149.00999450683594,148.9199981689453,148.96499633789062,5041
2026-09-29 11:57:00,1790697420,JCI,149.0399932861328,149.25999450683594,149.0399932861328,149.08749389648438,17400
2026-09-29 11:58:00,1790697480,JCI,149.14999389648438,149.17999267578125,149.14500427246094,149.14999389648438,2061
2026-09-29 11:59:00,1790697540,JCI,149.1699981689453,149.1699981689453,149.1699981689453,149.1699981689453,1580
2026-09-29 12:00:00,1790697600,JCI,149.1750030517578,149.19500732421875,149.11000061035156,149.11000061035156,1258
2026-09-29 12:01:00,1790697660,JCI,149.19500732421875,149.19500732421875,149.10000610351562,149.14999389648438,1316
2026-09-29 12:02:00,1790697720,JCI,149.12399291992188,149.14999389648438,149.12399291992188,149.14999389648438,586
2026-09-29 12:03:00,1790697780,JCI,149.2100067138672,149.3300018310547,149.2100067138672,149.3300018310547,2555
2026-09-29 12:04:00,1790697840,JCI,149.25999450683594,149.25999450683594,149.2100067138672,149.2100067138672,1463
2026-09-29 12:05:00,1790697900,JCI,149.2550048828125,149.2550048828125,149.22999572753906,149.22999572753906,1122
2026-09-29 12:06:00,1790697960,JCI,149.25,149.36000061035156,149.25,149.3350067138672,2206
2026-09-29 12:07:00,1790698020,JCI,149.35499572753906,149.4199981689453,149.30999755859375,149.4199981689453,2294
2026-09-29 12:08:00,1790698080,JCI,149.30999755859375,149.35000610351562,149.24000549316406,149.35000610351562,1514
2026-09-29 12:09:00,1790698140,JCI,149.3000030517578,149.3000030517578,149.19000244140625,149.2899932861328,1121
2026-09-29 12:10:00,1790698200,JCI,149.3800048828125,149.38999938964844,149.3300018310547,149.3300018310547,2438
2026-09-29 12:11:00,1790698260,JCI,149.2899932861328,149.2899932861328,149.2899932861328,149.2899932861328,903
2026-09-29 12:12:00,1790698320,JCI,149.2899932861328,149.2899932861328,149.2899932861328,149.2899932861328,484
2026-09-29 12:13:00,1790698380,JCI,149.25999450683594,149.2725067138672,149.16000366210938,149.16000366210938,2032
2026-09-29 12:14:00,1790698440,JCI,149.16000366210938,149.19000244140625,149.10000610351562,149.19000244140625,3258
2026-09-29 12:15:00,1790698500,JCI,149.2050018310547,149.2050018310547,149.2050018310547,149.2050018310547,327
2026-09-29 12:16:00,1790698560,JCI,149.2100067138672,149.2100067138672,149.11000061035156,149.11000061035156,1978
2026-09-29 12:17:00,1790698620,JCI,149.13499450683594,149.15060424804688,149.1300048828125,149.15060424804688,1554
2026-09-29 12:18:00,1790698680,JCI,149.13999938964844,149.1999053955078,149.10000610351562,149.10000610351562,3384
2026-09-29 12:19:00,1790698740,JCI,149.13619995117188,149.14999389648438,149.13619995117188,149.14999389648438,637
2026-09-29 12:20:00,1790698800,JCI,149.1999969482422,149.3300018310547,149.1999969482422,149.27999877929688,4509
2026-09-29 12:21:00,1790698860,JCI,149.27999877929688,149.42999267578125,149.27999877929688,149.27999877929688,8555
2026-09-29 12:22:00,1790698920,JCI,149.27999877929688,149.30499267578125,149.27999877929688,149.30499267578125,1142
2026-09-29 12:23:00,1790698980,JCI,149.30250549316406,149.32000732421875,149.29249572753906,149.32000732421875,1892
2026-09-29 12:24:00,1790699040,JCI,149.3800048828125,149.38499450683594,149.33999633789062,149.3800048828125,2554
2026-09-29 12:25:00,1790699100,JCI,149.3800048828125,149.7100067138672,149.3800048828125,149.5800018310547,21481
2026-09-29 12:26:00,1790699160,JCI,149.5749969482422,149.5749969482422,149.5500030517578,149.5749969482422,2029
2026-09-29 12:27:00,1790699220,JCI,149.57000732421875,149.6042938232422,149.57000732421875,149.5850067138672,1203
2026-09-29 12:28:00,1790699280,JCI,149.63900756835938,149.63900756835938,149.5749969482422,149.5749969482422,1747
2026-09-29 12:29:00,1790699340,JCI,149.5749969482422,149.59207153320312,149.5749969482422,149.5850067138672,1611
2026-09-29 12:30:00,1790699400,JCI,149.5749969482422,149.5749969482422,149.5749969482422,149.5749969482422,308
2026-09-29 12:31:00,1790699460,JCI,149.5749969482422,149.5800018310547,149.55499267578125,149.55499267578125,1786
2026-09-29 12:32:00,1790699520,JCI,149.55499267578125,149.55499267578125,149.55499267578125,149.55499267578125,941
2026-09-29 12:33:00,1790699580,JCI,149.5399932861328,149.5399932861328,149.5399932861328,149.5399932861328,1968
2026-09-29 12:34:00,1790699640,JCI,149.51499938964844,149.51499938964844,149.47000122070312,149.47000122070312,765
2026-09-29 12:35:00,1790699700,JCI,149.55999755859375,149.61000061035156,149.52999877929688,149.52999877929688,9740
2026-09-29 12:36:00,1790699760,JCI,149.52999877929688,149.57000732421875,149.52999877929688,149.55499267578125,1121
2026-09-29 12:37:00,1790699820,JCI,149.52999877929688,149.52999877929688,149.51499938964844,149.51499938964844,1506
2026-09-29 12:38:00,1790699880,JCI,149.55999755859375,149.6699981689453,149.55999755859375,149.6699981689453,3555
2026-09-29 12:39:00,1790699940,JCI,149.60000610351562,149.61000061035156,149.57000732421875,149.60000610351562,3186
2026-09-29 12:41:00,1790700060,JCI,149.52999877929688,149.60000610351562,149.52999877929688,149.60000610351562,1019
2026-09-29 12:42:00,1790700120,JCI,149.60000610351562,149.60000610351562,149.52000427246094,149.55999755859375,3152
2026-09-29 12:44:00,1790700240,JCI,149.49000549316406,149.4949951171875,149.4499969482422,149.49000549316406,3007
2026-09-29 12:45:00,1790700300,JCI,149.47999572753906,149.47999572753906,149.41000366210938,149.44000244140625,3795
2026-09-29 12:46:00,1790700360,JCI,149.43499755859375,149.43499755859375,149.39999389648438,149.39999389648438,2082
2026-09-29 12:48:00,1790700480,JCI,149.4199981689453,149.44000244140625,149.4199981689453,149.44000244140625,1491
2026-09-29 12:49:00,1790700540,JCI,149.45989990234375,149.45989990234375,149.3000030517578,149.33999633789062,1582
2026-09-29 12:50:00,1790700600,JCI,149.3699951171875,149.4600067138672,149.35000610351562,149.4600067138672,3059
2026-09-29 12:51:00,1790700660,JCI,149.47000122070312,149.55499267578125,149.41000366210938,149.4250030517578,4662
2026-09-29 12:52:00,1790700720,JCI,149.40499877929688,149.40499877929688,149.40499877929688,149.40499877929688,966
2026-09-29 12:53:00,1790700780,JCI,149.44500732421875,149.52000427246094,149.41000366210938,149.44000244140625,4394
2026-09-29 12:54:00,1790700840,JCI,149.4499969482422,149.47669982910156,149.3699951171875,149.3699951171875,2472
2026-09-29 12:55:00,1790700900,JCI,149.33999633789062,149.33999633789062,149.30369567871094,149.30999755859375,1013
2026-09-29 12:56:00,1790700960,JCI,149.2899932861328,149.2899932861328,149.1699981689453,149.1699981689453,1139
2026-09-29 12:57:00,1790701020,JCI,149.22000122070312,149.22000122070312,149.02999877929688,149.08999633789062,11604
2026-09-29 12:58:00,1790701080,JCI,149.1199951171875,149.14999389648438,149.08999633789062,149.08999633789062,1380
2026-09-29 12:59:00,1790701140,JCI,149.1199951171875,149.22999572753906,149.1199951171875,149.2100067138672,3664
2026-09-29 13:00:00,1790701200,JCI,149.1699981689453,149.1699981689453,149.0399932861328,149.0399932861328,1106
2026-09-29 13:01:00,1790701260,JCI,149.15499877929688,149.15499877929688,149.15499877929688,149.15499877929688,488
2026-09-29 13:02:00,1790701320,JCI,149.1649932861328,149.1649932861328,149.11000061035156,149.11000061035156,849
2026-09-29 13:03:00,1790701380,JCI,149.11500549316406,149.11500549316406,149.02000427246094,149.02999877929688,4198
2026-09-29 13:04:00,1790701440,JCI,149.0449981689453,149.08999633789062,149.0449981689453,149.08999633789062,1923
2026-09-29 13:05:00,1790701500,JCI,149.13999938964844,149.19509887695312,149.13999938964844,149.19509887695312,2408
2026-09-29 13:06:00,1790701560,JCI,149.15499877929688,149.19000244140625,149.14999389648438,149.19000244140625,1151
2026-09-29 13:07:00,1790701620,JCI,149.16000366210938,149.16000366210938,149.1300048828125,149.1300048828125,1789
2026-09-29 13:08:00,1790701680,JCI,149.13499450683594,149.13499450683594,148.97000122070312,148.97000122070312,1292
2026-09-29 13:09:00,1790701740,JCI,149.02999877929688,149.0800018310547,148.99000549316406,149.0800018310547,1140
2026-09-29 13:10:00,1790701800,JCI,149.02000427246094,149.02000427246094,148.8699951171875,148.8800048828125,13530
2026-09-29 13:11:00,1790701860,JCI,148.8699951171875,148.99000549316406,148.8699951171875,148.9499969482422,17339
2026-09-29 13:12:00,1790701920,JCI,148.9250030517578,148.92999267578125,148.89999389648438,148.89999389648438,4175
2026-09-29 13:13:00,1790701980,JCI,148.86000061035156,148.9199981689453,148.83999633789062,148.89999389648438,3276
2026-09-29 13:14:00,1790702040,JCI,148.89500427246094,148.89500427246094,148.89500427246094,148.89500427246094,513
2026-09-29 13:15:00,1790702100,JCI,148.9199981689453,149.0,148.9199981689453,148.97000122070312,16027
2026-09-29 13:16:00,1790702160,JCI,148.94000244140625,148.94000244140625,148.85000610351562,148.85000610351562,1375
2026-09-29 13:17:00,1790702220,JCI,148.92999267578125,148.92999267578125,148.9199981689453,148.9199981689453,1263
2026-09-29 13:18:00,1790702280,JCI,148.9550018310547,148.9600067138672,148.88999938964844,148.88999938964844,1384
2026-09-29 13:19:00,1790702340,JCI,148.9550018310547,148.9600067138672,148.89999389648438,148.9600067138672,5316
2026-09-29 13:20:00,1790702400,JCI,148.97000122070312,148.97000122070312,148.9199981689453,148.92999267578125,615
2026-09-29 13:21:00,1790702460,JCI,148.97999572753906,149.0800018310547,148.9499969482422,149.0399932861328,3117
2026-09-29 13:22:00,1790702520,JCI,149.0850067138672,149.0850067138672,149.0050048828125,149.05380249023438,2884
2026-09-29 13:23:00,1790702580,JCI,149.02499389648438,149.10000610351562,149.02499389648438,149.10000610351562,2641
2026-09-29 13:24:00,1790702640,JCI,149.2100067138672,149.2100067138672,149.1999969482422,149.1999969482422,690
2026-09-29 13:25:00,1790702700,JCI,149.19000244140625,149.2050018310547,149.13999938964844,149.1999969482422,1582
2026-09-29 13:26:00,1790702760,JCI,149.1824951171875,149.19749450683594,149.16000366210938,149.19749450683594,1839
2026-09-29 13:27:00,1790702820,JCI,149.14999389648438,149.22999572753906,149.14999389648438,149.22999572753906,1583
2026-09-29 13:28:00,1790702880,JCI,149.22000122070312,149.27999877929688,149.21499633789062,149.27999877929688,2095
2026-09-29 13:29:00,1790702940,JCI,149.27000427246094,149.35499572753906,149.27000427246094,149.35499572753906,1715
2026-09-29 13:30:00,1790703000,JCI,149.35000610351562,149.3625030517578,149.35000610351562,149.3625030517578,441
2026-09-29 13:31:00,1790703060,JCI,149.36500549316406,149.38999938964844,149.36000061035156,149.3699951171875,1128
2026-09-29 13:32:00,1790703120,JCI,149.3925018310547,149.3925018310547,149.35000610351562,149.3800048828125,2733
2026-09-29 13:33:00,1790703180,JCI,149.42999267578125,149.42999267578125,149.33999633789062,149.35000610351562,2528
2026-09-29 13:34:00,1790703240,JCI,149.39999389648438,149.39999389648438,149.39999389648438,149.39999389648438,580
2026-09-29 13:35:00,1790703300,JCI,149.48500061035156,149.49000549316406,149.44000244140625,149.49000549316406,842
2026-09-29 13:36:00,1790703360,JCI,149.4600067138672,149.63999938964844,149.4600067138672,149.6300048828125,9726
2026-09-29 13:37:00,1790703420,JCI,149.6300048828125,149.6300048828125,149.5399932861328,149.55499267578125,3613
2026-09-29 13:39:00,1790703540,JCI,149.6300048828125,149.80999755859375,149.6300048828125,149.80999755859375,1736
2026-09-29 13:40:00,1790703600,JCI,149.82249450683594,149.95799255371094,149.8000030517578,149.8699951171875,2595
2026-09-29 13:41:00,1790703660,JCI,149.85499572753906,149.85499572753906,149.85499572753906,149.85499572753906,1620
2026-09-29 13:42:00,1790703720,JCI,149.86659240722656,149.93499755859375,149.86659240722656,149.93499755859375,2285
2026-09-29 13:43:00,1790703780,JCI,149.94000244140625,149.97999572753906,149.94000244140625,149.9499969482422,3262
2026-09-29 13:44:00,1790703840,JCI,149.9499969482422,149.97999572753906,149.9311981201172,149.9499969482422,1733
2026-09-29 13:45:00,1790703900,JCI,149.9199981689453,149.9199981689453,149.8800048828125,149.89999389648438,2333
2026-09-29 13:46:00,1790703960,JCI,149.88499450683594,149.97000122070312,149.88499450683594,149.90499877929688,3858
2026-09-29 13:47:00,1790704020,JCI,149.89500427246094,149.89500427246094,149.75,149.75,4109
2026-09-29 13:48:00,1790704080,JCI,149.71249389648438,149.71249389648438,149.69000244140625,149.69000244140625,1334
2026-09-29 13:49:00,1790704140,JCI,149.75,149.84500122070312,149.75,149.84500122070312,2442
2026-09-29 13:50:00,1790704200,JCI,149.85000610351562,149.8800048828125,149.80999755859375,149.80999755859375,2268
2026-09-29 13:51:00,1790704260,JCI,149.84500122070312,149.84500122070312,149.74000549316406,149.77999877929688,4145
2026-09-29 13:52:00,1790704320,JCI,149.7449951171875,149.7449951171875,149.7449951171875,149.7449951171875,967
2026-09-29 13:53:00,1790704380,JCI,149.72999572753906,149.72999572753906,149.64500427246094,149.64500427246094,2051
2026-09-29 13:54:00,1790704440,JCI,149.64999389648438,149.64999389648438,149.60000610351562,149.62989807128906,1958
2026-09-29 13:55:00,1790704500,JCI,149.5749969482422,149.6199951171875,149.5749969482422,149.6199951171875,3629
2026-09-29 13:56:00,1790704560,JCI,149.61000061035156,149.6699981689453,149.61000061035156,149.625,1836
2026-09-29 13:57:00,1790704620,JCI,149.6699981689453,149.69000244140625,149.66000366210938,149.66000366210938,1545
2026-09-29 13:58:00,1790704680,JCI,149.65750122070312,149.66000366210938,149.6300048828125,149.6300048828125,1675
2026-09-29 13:59:00,1790704740,JCI,149.6300048828125,149.6300048828125,149.57000732421875,149.57000732421875,2577
2026-09-29 14:00:00,1790704800,JCI,149.61000061035156,149.9149932861328,149.61000061035156,149.89999389648438,20798
2026-09-29 14:01:00,1790704860,JCI,149.8300018310547,149.9600067138672,149.64500427246094,149.64999389648438,4106
2026-09-29 14:02:00,1790704920,JCI,149.66000366210938,149.75,149.63999938964844,149.75,2349
2026-09-29 14:03:00,1790704980,JCI,149.6999969482422,149.6999969482422,149.60000610351562,149.60000610351562,3412
2026-09-29 14:04:00,1790705040,JCI,149.66000366210938,149.85000610351562,149.64999389648438,149.84500122070312,3133
2026-09-29 14:05:00,1790705100,JCI,149.7899932861328,149.89999389648438,149.64999389648438,149.83999633789062,6033
2026-09-29 14:06:00,1790705160,JCI,149.8800048828125,150.0,149.8800048828125,150.0,2850
2026-09-29 14:07:00,1790705220,JCI,150.00999450683594,150.02000427246094,149.77000427246094,149.77000427246094,5401
2026-09-29 14:08:00,1790705280,JCI,149.82980346679688,149.8699951171875,149.7899932861328,149.85000610351562,3738
2026-09-29 14:09:00,1790705340,JCI,149.75,149.75,149.75,149.75,1457
2026-09-29 14:10:00,1790705400,JCI,149.75999450683594,149.76499938964844,149.72999572753906,149.72999572753906,1871
2026-09-29 14:11:00,1790705460,JCI,149.8000030517578,149.8000030517578,149.72999572753906,149.75,3626
2026-09-29 14:12:00,1790705520,JCI,149.7100067138672,149.7899932861328,149.7100067138672,149.7899932861328,2175
2026-09-29 14:13:00,1790705580,JCI,149.7449951171875,149.82000732421875,149.7449951171875,149.82000732421875,2010
2026-09-29 14:14:00,1790705640,JCI,149.77999877929688,149.77999877929688,149.6999969482422,149.7050018310547,4691
2026-09-29 14:15:00,1790705700,JCI,149.7100067138672,149.7899932861328,149.64999389648438,149.72500610351562,3863
2026-09-29 14:16:00,1790705760,JCI,149.75999450683594,149.83999633789062,149.75999450683594,149.7899932861328,2535
2026-09-29 14:17:00,1790705820,JCI,149.8000030517578,149.88999938964844,149.8000030517578,149.86500549316406,2022
2026-09-29 14:18:00,1790705880,JCI,149.89500427246094,149.89999389648438,149.8699951171875,149.8699951171875,1345
2026-09-29 14:19:00,1790705940,JCI,149.8800048828125,149.91000366210938,149.86000061035156,149.89999389648438,5807
2026-09-29 14:20:00,1790706000,JCI,149.92999267578125,149.9600067138672,149.92999267578125,149.9600067138672,2126
2026-09-29 14:21:00,1790706060,JCI,149.89999389648438,149.89999389648438,149.89999389648438,149.89999389648438,203
2026-09-29 14:22:00,1790706120,JCI,149.9199981689453,150.07000732421875,149.88999938964844,150.07000732421875,4656
2026-09-29 14:23:00,1790706180,JCI,150.08999633789062,150.10000610351562,150.0500030517578,150.0500030517578,0
2026-09-29 14:24:00,1790706240,JCI,150.0,150.02000427246094,149.9199981689453,150.02000427246094,5183
2026-09-29 14:25:00,1790706300,JCI,149.9499969482422,149.9499969482422,149.9199981689453,149.93499755859375,1806
2026-09-29 14:26:00,1790706360,JCI,149.86000061035156,149.86000061035156,149.85000610351562,149.85000610351562,4707
2026-09-29 14:27:00,1790706420,JCI,149.89999389648438,149.89999389648438,149.8300018310547,149.8300018310547,1746
2026-09-29 14:28:00,1790706480,JCI,149.85000610351562,149.92999267578125,149.85000610351562,149.92999267578125,3351
2026-09-29 14:29:00,1790706540,JCI,149.85000610351562,149.85000610351562,149.82000732421875,149.8300018310547,1011
2026-09-29 14:30:00,1790706600,JCI,149.81500244140625,150.05999755859375,149.81500244140625,149.86500549316406,9525
2026-09-29 14:31:00,1790706660,JCI,149.83009338378906,149.9600067138672,149.8000030517578,149.8000030517578,3528
2026-09-29 14:32:00,1790706720,JCI,149.82000732421875,149.94000244140625,149.82000732421875,149.92999267578125,4732
2026-09-29 14:33:00,1790706780,JCI,149.97999572753906,150.00999450683594,149.9600067138672,150.0,2935
2026-09-29 14:34:00,1790706840,JCI,149.94000244140625,149.94000244140625,149.7899932861328,149.7899932861328,3661
2026-09-29 14:35:00,1790706900,JCI,149.74000549316406,149.8000030517578,149.74000549316406,149.75,1822
2026-09-29 14:36:00,1790706960,JCI,149.72999572753906,149.82000732421875,149.72999572753906,149.82000732421875,3543
2026-09-29 14:37:00,1790707020,JCI,149.83999633789062,149.83999633789062,149.72000122070312,149.72999572753906,3929
2026-09-29 14:38:00,1790707080,JCI,149.7899932861328,149.9600067138672,149.7899932861328,149.9600067138672,5043
2026-09-29 14:38:34,1790707114,JCI,149.86000061035156,149.86000061035156,149.86000061035156,149.86000061035156,0
2026-09-29 14:39:00,1790707140,JCI,149.97000122070312,150.11000061035156,149.97000122070312,149.99000549316406,2696
2026-09-29 14:40:00,1790707200,JCI,150.07000732421875,150.22000122070312,150.07000732421875,150.22000122070312,2907
2026-09-29 14:41:00,1790707260,JCI,150.27000427246094,150.30499267578125,150.22000122070312,150.27000427246094,3562
2026-09-29 14:42:00,1790707320,JCI,150.25,150.25,150.1699981689453,150.1750030517578,5457
2026-09-29 14:43:00,1790707380,JCI,150.1199951171875,150.22999572753906,149.9600067138672,149.9600067138672,4561
2026-09-29 14:44:00,1790707440,JCI,149.9499969482422,150.02000427246094,149.9499969482422,149.97000122070312,3354
2026-09-29 14:45:00,1790707500,JCI,150.02999877929688,150.0800018310547,150.02999877929688,150.05999755859375,3342
2026-09-29 14:46:00,1790707560,JCI,149.99000549316406,149.99000549316406,149.9600067138672,149.9600067138672,1535
2026-09-29 14:47:00,1790707620,JCI,149.95249938964844,149.95249938964844,149.94000244140625,149.94000244140625,1029
2026-09-29 14:48:00,1790707680,JCI,149.91000366210938,149.97000122070312,149.91000366210938,149.94000244140625,3716
2026-09-29 14:49:00,1790707740,JCI,149.9499969482422,149.9499969482422,149.8249969482422,149.8249969482422,3015
2026-09-29 14:50:00,1790707800,JCI,149.83999633789062,149.8800048828125,149.73500061035156,149.73500061035156,2857
2026-09-29 14:51:00,1790707860,JCI,149.72000122070312,149.77999877929688,149.67999267578125,149.77999877929688,4934
2026-09-29 14:52:00,1790707920,JCI,149.8000030517578,149.8699951171875,149.75999450683594,149.8249969482422,3296
2026-09-29 14:53:00,1790707980,JCI,149.7899932861328,149.86000061035156,149.7899932861328,149.85499572753906,2272
2026-09-29 14:54:00,1790708040,JCI,149.83999633789062,149.88999938964844,149.82000732421875,149.86500549316406,5600
2026-09-29 14:55:00,1790708100,JCI,149.83999633789062,150.0,149.7899932861328,150.0,7111
2026-09-29 14:56:00,1790708160,JCI,149.97000122070312,150.06500244140625,149.97000122070312,150.06500244140625,4160
2026-09-29 14:57:00,1790708220,JCI,150.02999877929688,150.02999877929688,149.9600067138672,149.9600067138672,2880
2026-09-29 14:58:00,1790708280,JCI,149.97000122070312,149.97000122070312,149.97000122070312,149.97000122070312,757
2026-09-29 14:59:00,1790708340,JCI,150.02999877929688,150.18499755859375,150.02999877929688,150.16000366210938,3625
2026-09-29 15:00:00,1790708400,JCI,150.14999389648438,150.14999389648438,150.0500030517578,150.0500030517578,1860
2026-09-29 15:01:00,1790708460,JCI,150.0998992919922,150.0998992919922,149.9600067138672,149.97999572753906,2132
2026-09-29 15:02:00,1790708520,JCI,150.02999877929688,150.02999877929688,149.99000549316406,150.00999450683594,1634
2026-09-29 15:03:00,1790708580,JCI,150.0399932861328,150.0800018310547,150.0399932861328,150.0399932861328,1828
2026-09-29 15:04:00,1790708640,JCI,150.0,150.0800018310547,149.99000549316406,150.0800018310547,4015
2026-09-29 15:05:00,1790708700,JCI,150.0399932861328,150.10000610351562,150.0399932861328,150.10000610351562,4701
2026-09-29 15:06:00,1790708760,JCI,150.08999633789062,150.08999633789062,150.0449981689453,150.05999755859375,3775
2026-09-29 15:07:00,1790708820,JCI,150.0500030517578,150.13999938964844,150.0500030517578,150.1199951171875,2169
2026-09-29 15:08:00,1790708880,JCI,150.0500030517578,150.08999633789062,150.02999877929688,150.0749969482422,2164
2026-09-29 15:09:00,1790708940,JCI,150.07000732421875,150.17999267578125,150.02000427246094,150.125,3466
2026-09-29 15:10:00,1790709000,JCI,150.1199951171875,150.1300048828125,150.0399932861328,150.10000610351562,5205
2026-09-29 15:11:00,1790709060,JCI,150.1199951171875,150.1199951171875,150.0500030517578,150.05999755859375,4024
2026-09-29 15:12:00,1790709120,JCI,150.0800018310547,150.10000610351562,150.0500030517578,150.08999633789062,4971
2026-09-29 15:13:00,1790709180,JCI,150.10000610351562,150.10000610351562,150.07000732421875,150.07000732421875,1810
2026-09-29 15:14:00,1790709240,JCI,150.0399932861328,150.07000732421875,150.0,150.0,4972
2026-09-29 15:15:00,1790709300,JCI,149.97999572753906,150.00650024414062,149.94000244140625,149.97000122070312,6875
2026-09-29 15:16:00,1790709360,JCI,150.0,150.0399932861328,149.89999389648438,149.91000366210938,5146
2026-09-29 15:17:00,1790709420,JCI,149.91000366210938,149.91000366210938,149.8249969482422,149.8249969482422,3904
2026-09-29 15:18:00,1790709480,JCI,149.8249969482422,149.8249969482422,149.4600067138672,149.4600067138672,70501
2026-09-29 15:19:00,1790709540,JCI,149.4600067138672,149.49000549316406,149.4199981689453,149.46499633789062,3668
2026-09-29 15:20:00,1790709600,JCI,149.46499633789062,149.5,149.4600067138672,149.4600067138672,3668
2026-09-29 15:21:00,1790709660,JCI,149.47500610351562,149.52999877929688,149.47500610351562,149.51499938964844,4239
2026-09-29 15:22:00,1790709720,JCI,149.5500030517578,149.60000610351562,149.50999450683594,149.60000610351562,3369
2026-09-29 15:23:00,1790709780,JCI,149.63999938964844,149.69000244140625,149.6300048828125,149.66000366210938,2938
2026-09-29 15:24:00,1790709840,JCI,149.69000244140625,149.7100067138672,149.57000732421875,149.57000732421875,6329
2026-09-29 15:25:00,1790709900,JCI,149.59500122070312,149.6999969482422,149.59500122070312,149.6999969482422,2430
2026-09-29 15:26:00,1790709960,JCI,149.75999450683594,149.75999450683594,149.75,149.75,2048
2026-09-29 15:27:00,1790710020,JCI,149.75999450683594,149.77999877929688,149.73500061035156,149.7550048828125,5738
2026-09-29 15:28:00,1790710080,JCI,149.77499389648438,149.77999877929688,149.74000549316406,149.75999450683594,4059
2026-09-29 15:29:00,1790710140,JCI,149.75,149.83999633789062,149.69000244140625,149.83999633789062,5709
2026-09-29 15:30:00,1790710200,JCI,149.84500122070312,149.84500122070312,149.77999877929688,149.7899932861328,4908
2026-09-29 15:31:00,1790710260,JCI,149.77999877929688,149.91000366210938,149.77999877929688,149.91000366210938,3139
2026-09-29 15:32:00,1790710320,JCI,149.9499969482422,150.00999450683594,149.94000244140625,150.00999450683594,2540
2026-09-29 15:33:00,1790710380,JCI,149.97999572753906,149.97999572753906,149.91000366210938,149.91000366210938,2908
2026-09-29 15:34:00,1790710440,JCI,149.8300018310547,149.8699951171875,149.80999755859375,149.8699951171875,4085
2026-09-29 15:35:00,1790710500,JCI,149.8350067138672,149.86000061035156,149.8249969482422,149.86000061035156,3284
2026-09-29 15:36:00,1790710560,JCI,149.86000061035156,149.88999938964844,149.86000061035156,149.88999938964844,3646
2026-09-29 15:37:00,1790710620,JCI,149.88999938964844,149.91000366210938,149.8300018310547,149.91000366210938,5177
2026-09-29 15:38:00,1790710680,JCI,149.8699951171875,149.91000366210938,149.8699951171875,149.88999938964844,2281
2026-09-29 15:39:00,1790710740,JCI,149.88999938964844,149.88999938964844,149.82000732421875,149.82000732421875,4612
2026-09-29 15:40:00,1790710800,JCI,149.80999755859375,149.80999755859375,149.77000427246094,149.80999755859375,4671
2026-09-29 15:41:00,1790710860,JCI,149.8350067138672,149.83999633789062,149.80999755859375,149.80999755859375,5397
2026-09-29 15:42:00,1790710920,JCI,149.80999755859375,149.9199981689453,149.8000030517578,149.9199981689453,4820
2026-09-29 15:43:00,1790710980,JCI,149.8800048828125,149.8800048828125,149.77499389648438,149.77499389648438,3748
2026-09-29 15:44:00,1790711040,JCI,149.74000549316406,149.74000549316406,149.69000244140625,149.74000549316406,5377
2026-09-29 15:45:00,1790711100,JCI,149.72999572753906,149.72999572753906,149.5,149.55999755859375,62354
2026-09-29 15:46:00,1790711160,JCI,149.5800018310547,149.60000610351562,149.57000732421875,149.5850067138672,3484
2026-09-29 15:47:00,1790711220,JCI,149.6199951171875,149.63999938964844,149.55999755859375,149.63999938964844,7116
2026-09-29 15:48:00,1790711280,JCI,149.63999938964844,149.63999938964844,149.58999633789062,149.61500549316406,4072
2026-09-29 15:49:00,1790711340,JCI,149.61500549316406,149.69000244140625,149.47999572753906,149.47999572753906,11411
2026-09-29 15:50:00,1790711400,JCI,149.5500030517578,149.6199951171875,149.5500030517578,149.6199951171875,5670
2026-09-29 15:51:00,1790711460,JCI,149.6199951171875,149.64999389648438,149.58999633789062,149.60499572753906,5621
2026-09-29 15:52:00,1790711520,JCI,149.5800018310547,149.69000244140625,149.5800018310547,149.69000244140625,13319
2026-09-29 15:53:00,1790711580,JCI,149.6875,149.6999969482422,149.6649932861328,149.6699981689453,4524
2026-09-29 15:54:00,1790711640,JCI,149.69000244140625,149.75,149.59640502929688,149.60499572753906,8063
2026-09-29 15:55:00,1790711700,JCI,149.60499572753906,149.64999389648438,149.468505859375,149.50999450683594,15526
2026-09-29 15:56:00,1790711760,JCI,149.4499969482422,149.49000549316406,149.33680725097656,149.49000549316406,21698
2026-09-29 15:57:00,1790711820,JCI,149.47999572753906,149.6199951171875,149.44000244140625,149.45249938964844,27569
2026-09-29 15:58:00,1790711880,JCI,149.4550018310547,149.47000122070312,149.3800048828125,149.38499450683594,33049
2026-09-29 15:59:00,1790711940,JCI,149.36000061035156,149.52999877929688,149.27999877929688,149.49000549316406,66075
2026-09-29 16:00:00,1790712000,JCI,149.4199981689453,149.4199981689453,149.4199981689453,149.4199981689453,0
2026-09-30 09:30:00,1790775000,JCI,150.19000244140625,150.8000030517578,149.99000549316406,149.99000549316406,37163
2026-09-30 09:31:00,1790775060,JCI,149.99000549316406,149.99000549316406,149.99000549316406,149.99000549316406,3953
2026-09-30 09:32:00,1790775120,JCI,149.99000549316406,149.99000549316406,149.39999389648438,149.88999938964844,6763
2026-09-30 09:33:00,1790775180,JCI,150.19000244140625,150.33999633789062,150.19000244140625,150.33999633789062,446
2026-09-30 09:34:00,1790775240,JCI,150.27999877929688,150.27999877929688,150.27999877929688,150.27999877929688,576
2026-09-30 09:35:00,1790775300,JCI,150.36000061035156,150.3699951171875,150.1199951171875,150.36000061035156,3872
2026-09-30 09:36:00,1790775360,JCI,150.35000610351562,150.36000061035156,150.1300048828125,150.32000732421875,2799
2026-09-30 09:37:00,1790775420,JCI,150.125,150.38999938964844,150.125,150.36500549316406,4886
2026-09-30 09:38:00,1790775480,JCI,150.36000061035156,150.47000122070312,150.26499938964844,150.42999267578125,6285
2026-09-30 09:39:00,1790775540,JCI,150.52999877929688,150.7899932861328,150.42999267578125,150.6300048828125,7128
2026-09-30 09:40:00,1790775600,JCI,150.6300048828125,150.67640686035156,150.38999938964844,150.63999938964844,15117
2026-09-30 09:41:00,1790775660,JCI,150.52499389648438,150.69000244140625,150.5,150.6300048828125,2498
2026-09-30 09:42:00,1790775720,JCI,150.75999450683594,150.75999450683594,150.6652069091797,150.75,837
2026-09-30 09:43:00,1790775780,JCI,150.4199981689453,150.53500366210938,150.32000732421875,150.38999938964844,5811
2026-09-30 09:44:00,1790775840,JCI,150.2899932861328,150.2904052734375,150.10499572753906,150.2904052734375,3492
2026-09-30 09:45:00,1790775900,JCI,150.33999633789062,150.4499969482422,150.18499755859375,150.33999633789062,7058
2026-09-30 09:46:00,1790775960,JCI,150.33999633789062,150.33999633789062,150.0,150.0500030517578,5141
2026-09-30 09:47:00,1790776020,JCI,150.1699981689453,150.22000122070312,150.1699981689453,150.22000122070312,1987
2026-09-30 09:48:00,1790776080,JCI,150.33999633789062,150.35000610351562,150.10499572753906,150.17999267578125,1262
2026-09-30 09:49:00,1790776140,JCI,150.35000610351562,150.44000244140625,150.3000030517578,150.3000030517578,5979
2026-09-30 09:50:00,1790776200,JCI,150.22999572753906,150.22999572753906,149.98500061035156,149.98500061035156,4491
2026-09-30 09:51:00,1790776260,JCI,150.16000366210938,150.22000122070312,149.99000549316406,150.1300048828125,4195
2026-09-30 09:52:00,1790776320,JCI,150.22999572753906,150.39999389648438,150.22999572753906,150.39999389648438,2830
2026-09-30 09:53:00,1790776380,JCI,150.48500061035156,150.68499755859375,150.4199981689453,150.68499755859375,3237
2026-09-30 09:54:00,1790776440,JCI,150.77000427246094,150.80499267578125,150.75,150.8000030517578,1830
2026-09-30 09:55:00,1790776500,JCI,150.72000122070312,150.86000061035156,150.5,150.82000732421875,28127
2026-09-30 09:56:00,1790776560,JCI,150.75999450683594,150.75999450683594,150.49000549316406,150.74000549316406,2427
2026-09-30 09:57:00,1790776620,JCI,150.72000122070312,150.82000732421875,150.72000122070312,150.82000732421875,2950
2026-09-30 09:58:00,1790776680,JCI,150.88999938964844,151.1199951171875,150.88999938964844,151.1199951171875,3376
2026-09-30 09:59:00,1790776740,JCI,151.0800018310547,151.09500122070312,150.9499969482422,151.02999877929688,16015
2026-09-30 10:00:00,1790776800,JCI,151.16000366210938,151.24000549316406,151.05499267578125,151.11000061035156,9517
2026-09-30 10:01:00,1790776860,JCI,150.9499969482422,150.99000549316406,150.86000061035156,150.91000366210938,2913
2026-09-30 10:02:00,1790776920,JCI,150.97000122070312,151.13499450683594,150.9499969482422,151.02000427246094,2473
2026-09-30 10:03:00,1790776980,JCI,151.14999389648438,151.14999389648438,151.0,151.0,3433
2026-09-30 10:04:00,1790777040,JCI,151.02999877929688,151.14999389648438,150.8300018310547,151.00999450683594,3605
2026-09-30 10:05:00,1790777100,JCI,151.1300048828125,151.19859313964844,151.1300048828125,151.19859313964844,10231
2026-09-30 10:06:00,1790777160,JCI,151.1699981689453,151.24000549316406,150.77999877929688,150.77999877929688,21534
2026-09-30 10:07:00,1790777220,JCI,150.77000427246094,150.78990173339844,150.61000061035156,150.67999267578125,3480
2026-09-30 10:08:00,1790777280,JCI,150.6699981689453,150.73739624023438,150.4199981689453,150.6300048828125,4629
2026-09-30 10:09:00,1790777340,JCI,150.63999938964844,150.63999938964844,150.2899932861328,150.36500549316406,8729
2026-09-30 10:10:00,1790777400,JCI,150.44000244140625,150.5500030517578,150.2100067138672,150.2550048828125,6563
2026-09-30 10:11:00,1790777460,JCI,150.2550048828125,150.32000732421875,150.0399932861328,150.31640625,10504
2026-09-30 10:12:00,1790777520,JCI,150.35000610351562,150.86000061035156,150.35000610351562,150.74000549316406,4116
2026-09-30 10:13:00,1790777580,JCI,150.6300048828125,150.64999389648438,150.52999877929688,150.55499267578125,6980
2026-09-30 10:14:00,1790777640,JCI,150.61500549316406,150.8300018310547,150.5449981689453,150.69000244140625,16332
2026-09-30 10:15:00,1790777700,JCI,150.6199951171875,150.86500549316406,150.6199951171875,150.6999969482422,4030
2026-09-30 10:16:00,1790777760,JCI,150.71499633789062,150.71499633789062,150.47999572753906,150.49000549316406,5704
2026-09-30 10:17:00,1790777820,JCI,150.4199981689453,150.4199981689453,150.38999938964844,150.39999389648438,3281
2026-09-30 10:18:00,1790777880,JCI,150.69000244140625,150.74000549316406,150.52000427246094,150.63999938964844,3147
2026-09-30 10:19:00,1790777940,JCI,150.6699981689453,150.73500061035156,150.64999389648438,150.64999389648438,1994
2026-09-30 10:20:00,1790778000,JCI,150.66000366210938,150.98500061035156,150.66000366210938,150.9600067138672,5263
2026-09-30 10:21:00,1790778060,JCI,150.9600067138672,150.9600067138672,150.77000427246094,150.8300018310547,3511
2026-09-30 10:22:00,1790778120,JCI,150.6999969482422,150.6999969482422,150.6999969482422,150.6999969482422,511
2026-09-30 10:23:00,1790778180,JCI,150.6699981689453,150.8249969482422,150.60000610351562,150.8249969482422,2462
2026-09-30 10:24:00,1790778240,JCI,150.92999267578125,150.92999267578125,150.7899932861328,150.7899932861328,1958
2026-09-30 10:25:00,1790778300,JCI,150.7949981689453,150.87130737304688,150.58999633789062,150.58999633789062,6366
2026-09-30 10:26:00,1790778360,JCI,150.58999633789062,150.60000610351562,150.5800018310547,150.60000610351562,3435
2026-09-30 10:27:00,1790778420,JCI,150.57000732421875,150.57000732421875,150.47000122070312,150.55999755859375,2459
2026-09-30 10:28:00,1790778480,JCI,150.5,150.5,150.35000610351562,150.3800048828125,2310
2026-09-30 10:29:00,1790778540,JCI,150.49000549316406,150.5,150.41000366210938,150.44000244140625,2747
2026-09-30 10:30:00,1790778600,JCI,150.4600067138672,150.4600067138672,150.2899932861328,150.4250030517578,4020
2026-09-30 10:31:00,1790778660,JCI,150.3800048828125,150.52000427246094,150.3800048828125,150.52000427246094,2089
2026-09-30 10:32:00,1790778720,JCI,150.44000244140625,150.52000427246094,150.44000244140625,150.52000427246094,4898
2026-09-30 10:33:00,1790778780,JCI,150.52000427246094,150.6300048828125,150.42999267578125,150.6300048828125,5579
2026-09-30 10:34:00,1790778840,JCI,150.55999755859375,150.6300048828125,150.3350067138672,150.38999938964844,4922
2026-09-30 10:35:00,1790778900,JCI,150.4600067138672,150.4600067138672,150.44500732421875,150.44500732421875,813
2026-09-30 10:36:00,1790778960,JCI,150.50999450683594,150.60000610351562,150.5,150.5,3004
2026-09-30 10:37:00,1790779020,JCI,150.6199951171875,150.6199951171875,150.52000427246094,150.6199951171875,1949
2026-09-30 10:38:00,1790779080,JCI,150.5800018310547,150.61000061035156,150.3800048828125,150.5800018310547,5779
2026-09-30 10:39:00,1790779140,JCI,150.6999969482422,150.82000732421875,150.61000061035156,150.61000061035156,3929
2026-09-30 10:40:00,1790779200,JCI,150.50999450683594,150.50999450683594,150.30999755859375,150.375,5062
2026-09-30 10:41:00,1790779260,JCI,150.3249969482422,150.42999267578125,150.3249969482422,150.4199981689453,1245
2026-09-30 10:42:00,1790779320,JCI,150.5500030517578,150.6750030517578,150.47000122070312,150.6750030517578,2071
2026-09-30 10:43:00,1790779380,JCI,150.67999267578125,150.77499389648438,150.67999267578125,150.75999450683594,2540
2026-09-30 10:44:00,1790779440,JCI,150.76499938964844,150.76499938964844,150.60000610351562,150.60000610351562,3517
2026-09-30 10:45:00,1790779500,JCI,150.64010620117188,150.64010620117188,150.47000122070312,150.5399932861328,3999
2026-09-30 10:46:00,1790779560,JCI,150.55499267578125,150.64059448242188,150.55499267578125,150.625,1235
2026-09-30 10:47:00,1790779620,JCI,150.6300048828125,150.86000061035156,150.56500244140625,150.74000549316406,11011
2026-09-30 10:48:00,1790779680,JCI,150.82000732421875,150.82650756835938,150.65499877929688,150.6999969482422,8784
2026-09-30 10:49:00,1790779740,JCI,150.72000122070312,150.85000610351562,150.6999969482422,150.8300018310547,4644
2026-09-30 10:50:00,1790779800,JCI,150.8300018310547,150.9199981689453,150.77999877929688,150.8300018310547,20651
2026-09-30 10:51:00,1790779860,JCI,150.8300018310547,150.98739624023438,150.8300018310547,150.9600067138672,3227
2026-09-30 10:52:00,1790779920,JCI,151.0,151.07000732421875,150.97000122070312,151.02000427246094,4234
2026-09-30 10:53:00,1790779980,JCI,151.05999755859375,151.11000061035156,151.05999755859375,151.11000061035156,1298
2026-09-30 10:54:00,1790780040,JCI,151.0850067138672,151.35000610351562,151.05999755859375,151.25,7098
2026-09-30 10:55:00,1790780100,JCI,151.1999969482422,151.3000030517578,151.19000244140625,151.3000030517578,3101
2026-09-30 10:56:00,1790780160,JCI,151.36000061035156,151.42999267578125,151.36000061035156,151.38999938964844,1065
2026-09-30 10:57:00,1790780220,JCI,151.39999389648438,151.46499633789062,151.30999755859375,151.39999389648438,4513
2026-09-30 10:58:00,1790780280,JCI,151.38999938964844,151.38999938964844,151.28500366210938,151.30999755859375,2397
2026-09-30 10:59:00,1790780340,JCI,151.2899932861328,151.33999633789062,151.03500366210938,151.0399932861328,4080
2026-09-30 11:00:00,1790780400,JCI,150.98500061035156,150.98500061035156,150.8300018310547,150.83009338378906,3454
2026-09-30 11:01:00,1790780460,JCI,150.8699951171875,150.96499633789062,150.8699951171875,150.9600067138672,3006
2026-09-30 11:02:00,1790780520,JCI,150.9600067138672,150.9600067138672,150.9199981689453,150.9600067138672,1477
2026-09-30 11:03:00,1790780580,JCI,151.10870361328125,151.10870361328125,151.10870361328125,151.10870361328125,1573
2026-09-30 11:04:00,1790780640,JCI,151.03500366210938,151.2982940673828,150.99000549316406,151.2978057861328,6093
2026-09-30 11:05:00,1790780700,JCI,151.14999389648438,151.22999572753906,151.125,151.22999572753906,4158
2026-09-30 11:06:00,1790780760,JCI,151.1750030517578,151.22000122070312,151.1750030517578,151.1750030517578,596
2026-09-30 11:07:00,1790780820,JCI,151.22999572753906,151.2967987060547,151.13999938964844,151.22000122070312,4130
2026-09-30 11:08:00,1790780880,JCI,151.22000122070312,151.22000122070312,151.19000244140625,151.19500732421875,704
2026-09-30 11:09:00,1790780940,JCI,151.19500732421875,151.19500732421875,151.0749969482422,151.1300048828125,5341
2026-09-30 11:10:00,1790781000,JCI,151.32000732421875,151.32000732421875,151.32000732421875,151.32000732421875,1181
2026-09-30 11:11:00,1790781060,JCI,151.3800048828125,151.50750732421875,151.31500244140625,151.31500244140625,10475
2026-09-30 11:12:00,1790781120,JCI,151.2949981689453,151.2949981689453,150.96499633789062,151.0800018310547,10049
2026-09-30 11:13:00,1790781180,JCI,151.1300048828125,151.22999572753906,151.1300048828125,151.19000244140625,4553
2026-09-30 11:14:00,1790781240,JCI,151.22000122070312,151.25999450683594,151.1300048828125,151.1699981689453,3603
2026-09-30 11:15:00,1790781300,JCI,151.2449951171875,151.41000366210938,151.2449951171875,151.3574981689453,5121
2026-09-30 11:16:00,1790781360,JCI,151.2899932861328,151.2899932861328,151.1300048828125,151.14999389648438,10298
2026-09-30 11:17:00,1790781420,JCI,151.07000732421875,151.07000732421875,150.83999633789062,150.83999633789062,2071
2026-09-30 11:18:00,1790781480,JCI,150.89999389648438,150.89999389648438,150.77999877929688,150.80499267578125,19307
2026-09-30 11:19:00,1790781540,JCI,150.85000610351562,150.88999938964844,150.67999267578125,150.7100067138672,36705
2026-09-30 11:20:00,1790781600,JCI,150.72000122070312,150.72000122070312,150.6300048828125,150.6300048828125,1016
2026-09-30 11:21:00,1790781660,JCI,150.7100067138672,150.8000030517578,150.52999877929688,150.52999877929688,6838
2026-09-30 11:22:00,1790781720,JCI,150.55499267578125,150.55499267578125,150.4199981689453,150.52499389648438,3273
2026-09-30 11:23:00,1790781780,JCI,150.52999877929688,150.52999877929688,150.4499969482422,150.4600067138672,1707
2026-09-30 11:24:00,1790781840,JCI,150.5,150.5399932861328,150.4499969482422,150.52999877929688,2556
2026-09-30 11:25:00,1790781900,JCI,150.4600067138672,150.5399932861328,150.44000244140625,150.4949951171875,2507
2026-09-30 11:26:00,1790781960,JCI,150.42999267578125,150.5,150.41000366210938,150.44000244140625,4934
2026-09-30 11:27:00,1790782020,JCI,150.4199981689453,150.60000610351562,150.3800048828125,150.60000610351562,9487
2026-09-30 11:28:00,1790782080,JCI,150.60000610351562,150.7689971923828,150.60000610351562,150.72000122070312,1830
2026-09-30 11:29:00,1790782140,JCI,150.72500610351562,150.77499389648438,150.69000244140625,150.77499389648438,3011
2026-09-30 11:30:00,1790782200,JCI,150.77999877929688,150.80999755859375,150.72000122070312,150.75,4140
2026-09-30 11:31:00,1790782260,JCI,150.69000244140625,150.75,150.6699981689453,150.7449951171875,1957
2026-09-30 11:32:00,1790782320,JCI,150.69000244140625,150.7449951171875,150.6699981689453,150.74000549316406,2482
2026-09-30 11:33:00,1790782380,JCI,150.7899932861328,150.7899932861328,150.71499633789062,150.71499633789062,2031
2026-09-30 11:34:00,1790782440,JCI,150.7100067138672,150.8000030517578,150.67999267578125,150.8000030517578,10137
2026-09-30 11:35:00,1790782500,JCI,150.7449951171875,150.7449951171875,150.63519287109375,150.6999969482422,3052
2026-09-30 11:36:00,1790782560,JCI,150.6999969482422,150.6999969482422,150.52999877929688,150.6199951171875,6910
2026-09-30 11:37:00,1790782620,JCI,150.6199951171875,150.6199951171875,150.52999877929688,150.59500122070312,2971
2026-09-30 11:38:00,1790782680,JCI,150.59500122070312,150.73500061035156,150.59500122070312,150.73500061035156,2094
2026-09-30 11:39:00,1790782740,JCI,150.82000732421875,150.8300018310547,150.7550048828125,150.80999755859375,2010
2026-09-30 11:40:00,1790782800,JCI,150.83999633789062,150.83999633789062,150.77000427246094,150.77000427246094,1313
2026-09-30 11:41:00,1790782860,JCI,150.7949981689453,150.7949981689453,150.78500366210938,150.78500366210938,1443
2026-09-30 11:42:00,1790782920,JCI,150.78500366210938,150.78500366210938,150.63499450683594,150.67999267578125,4289
2026-09-30 11:43:00,1790782980,JCI,150.6300048828125,150.66000366210938,150.47999572753906,150.47999572753906,3828
2026-09-30 11:44:00,1790783040,JCI,150.4149932861328,150.4149932861328,150.25999450683594,150.25999450683594,3975
2026-09-30 11:45:00,1790783100,JCI,150.33999633789062,150.36000061035156,150.31500244140625,150.36000061035156,1399
2026-09-30 11:46:00,1790783160,JCI,150.4199981689453,150.42999267578125,150.35000610351562,150.35000610351562,1205
2026-09-30 11:47:00,1790783220,JCI,150.36000061035156,150.36000061035156,150.36000061035156,150.36000061035156,818
2026-09-30 11:48:00,1790783280,JCI,150.36000061035156,150.36000061035156,150.36000061035156,150.36000061035156,916
2026-09-30 11:49:00,1790783340,JCI,150.32749938964844,150.5,150.32749938964844,150.5,1405
2026-09-30 11:50:00,1790783400,JCI,150.49000549316406,150.5500030517578,150.49000549316406,150.5500030517578,1582
2026-09-30 11:51:00,1790783460,JCI,150.5500030517578,150.5500030517578,150.39500427246094,150.39500427246094,1585
2026-09-30 11:52:00,1790783520,JCI,150.38999938964844,150.49000549316406,150.2899932861328,150.42999267578125,4736
2026-09-30 11:53:00,1790783580,JCI,150.4499969482422,150.4499969482422,150.4499969482422,150.4499969482422,370
2026-09-30 11:54:00,1790783640,JCI,150.43499755859375,150.49000549316406,150.43499755859375,150.49000549316406,2153
2026-09-30 11:55:00,1790783700,JCI,150.5,150.52999877929688,150.41000366210938,150.41000366210938,4931
2026-09-30 11:56:00,1790783760,JCI,150.4499969482422,150.4499969482422,150.4499969482422,150.4499969482422,240
2026-09-30 11:57:00,1790783820,JCI,150.49000549316406,150.52999877929688,150.44000244140625,150.44000244140625,1549
2026-09-30 11:58:00,1790783880,JCI,150.44000244140625,150.44000244140625,150.42999267578125,150.44000244140625,1711
2026-09-30 11:59:00,1790783940,JCI,150.4250030517578,150.42999267578125,150.4250030517578,150.42999267578125,5431
2026-09-30 12:00:00,1790784000,JCI,150.42999267578125,150.5,150.42999267578125,150.42999267578125,3700
2026-09-30 12:01:00,1790784060,JCI,150.4250030517578,150.43499755859375,150.4199981689453,150.43499755859375,8437
2026-09-30 12:02:00,1790784120,JCI,150.44000244140625,150.52000427246094,150.44000244140625,150.45249938964844,15273
2026-09-30 12:03:00,1790784180,JCI,150.38999938964844,150.4199981689453,150.2550048828125,150.2899932861328,6274
2026-09-30 12:04:00,1790784240,JCI,150.2899932861328,150.2899932861328,150.2550048828125,150.2550048828125,2268
2026-09-30 12:05:00,1790784300,JCI,150.25999450683594,150.36000061035156,150.1717071533203,150.3300018310547,6244
2026-09-30 12:06:00,1790784360,JCI,150.3699951171875,150.49000549316406,150.3699951171875,150.4199981689453,4091
2026-09-30 12:07:00,1790784420,JCI,150.4550018310547,150.4550018310547,150.4550018310547,150.4550018310547,517
2026-09-30 12:08:00,1790784480,JCI,150.4499969482422,150.4499969482422,150.30999755859375,150.3300018310547,3335
2026-09-30 12:09:00,1790784540,JCI,150.33999633789062,150.33999633789062,150.33999633789062,150.33999633789062,254
2026-09-30 12:10:00,1790784600,JCI,150.32000732421875,150.36000061035156,150.32000732421875,150.36000061035156,1917
2026-09-30 12:11:00,1790784660,JCI,150.32000732421875,150.5,150.32000732421875,150.5,3096
2026-09-30 12:12:00,1790784720,JCI,150.4949951171875,150.5,150.39999389648438,150.4199981689453,2300
2026-09-30 12:13:00,1790784780,JCI,150.3800048828125,150.3800048828125,150.3699951171875,150.3699951171875,589
2026-09-30 12:14:00,1790784840,JCI,150.47000122070312,150.47000122070312,150.42999267578125,150.42999267578125,611
2026-09-30 12:15:00,1790784900,JCI,150.52000427246094,150.52000427246094,150.44000244140625,150.44000244140625,1772
2026-09-30 12:16:00,1790784960,JCI,150.44000244140625,150.44000244140625,150.44000244140625,150.44000244140625,771
2026-09-30 12:17:00,1790785020,JCI,150.41000366210938,150.42999267578125,150.39999389648438,150.39999389648438,1965
2026-09-30 12:18:00,1790785080,JCI,150.44000244140625,150.44000244140625,150.39999389648438,150.39999389648438,863
2026-09-30 12:19:00,1790785140,JCI,150.39999389648438,150.40499877929688,150.39999389648438,150.39999389648438,1740
2026-09-30 12:20:00,1790785200,JCI,150.4199981689453,150.4499969482422,150.39999389648438,150.39999389648438,1969
2026-09-30 12:21:00,1790785260,JCI,150.42999267578125,150.43800354003906,150.39999389648438,150.43800354003906,1413
2026-09-30 12:22:00,1790785320,JCI,150.44000244140625,150.47999572753906,150.4324951171875,150.47999572753906,1807
2026-09-30 12:23:00,1790785380,JCI,150.5,150.5,150.4149932861328,150.4149932861328,4788
2026-09-30 12:24:00,1790785440,JCI,150.4199981689453,150.44000244140625,150.41000366210938,150.4149932861328,2263
2026-09-30 12:25:00,1790785500,JCI,150.4600067138672,150.4600067138672,150.43499755859375,150.43499755859375,1887
2026-09-30 12:26:00,1790785560,JCI,150.47999572753906,150.5,150.47999572753906,150.5,3461
2026-09-30 12:27:00,1790785620,JCI,150.5,150.55999755859375,150.38499450683594,150.42999267578125,9213
2026-09-30 12:28:00,1790785680,JCI,150.4499969482422,150.52000427246094,150.36000061035156,150.5,6867
2026-09-30 12:29:00,1790785740,JCI,150.5050048828125,150.5050048828125,150.5050048828125,150.5050048828125,661
2026-09-30 12:30:00,1790785800,JCI,150.55999755859375,150.55999755859375,150.5,150.55999755859375,2175
2026-09-30 12:31:00,1790785860,JCI,150.52499389648438,150.52999877929688,150.52499389648438,150.52999877929688,1924
2026-09-30 12:32:00,1790785920,JCI,150.52999877929688,150.52999877929688,150.52000427246094,150.52999877929688,2444
2026-09-30 12:33:00,1790785980,JCI,150.61000061035156,150.6199951171875,150.54150390625,150.56500244140625,3652
2026-09-30 12:34:00,1790786040,JCI,150.60000610351562,150.68499755859375,150.57000732421875,150.63999938964844,3947
2026-09-30 12:35:00,1790786100,JCI,150.63999938964844,150.64500427246094,150.5800018310547,150.63999938964844,2666
2026-09-30 12:36:00,1790786160,JCI,150.69000244140625,150.69500732421875,150.6199951171875,150.69000244140625,2066
2026-09-30 12:37:00,1790786220,JCI,150.6199951171875,150.63999938964844,150.55999755859375,150.60000610351562,5958
2026-09-30 12:38:00,1790786280,JCI,150.6300048828125,150.6649932861328,150.60000610351562,150.61000061035156,3091
2026-09-30 12:39:00,1790786340,JCI,150.6649932861328,150.6649932861328,150.60000610351562,150.60499572753906,2615
2026-09-30 12:40:00,1790786400,JCI,150.60499572753906,150.63999938964844,150.55999755859375,150.55999755859375,1693
2026-09-30 12:41:00,1790786460,JCI,150.6199951171875,150.63999938964844,150.6199951171875,150.63499450683594,1318
2026-09-30 12:42:00,1790786520,JCI,150.64999389648438,150.64999389648438,150.5500030517578,150.5800018310547,12717
2026-09-30 12:43:00,1790786580,JCI,150.6300048828125,150.74000549316406,150.60000610351562,150.74000549316406,2783
2026-09-30 12:44:00,1790786640,JCI,150.73500061035156,150.75,150.6999969482422,150.6999969482422,3225
2026-09-30 12:45:00,1790786700,JCI,150.66000366210938,150.66000366210938,150.59500122070312,150.60000610351562,3540
2026-09-30 12:46:00,1790786760,JCI,150.5850067138672,150.58999633789062,150.52999877929688,150.5500030517578,2014
2026-09-30 12:47:00,1790786820,JCI,150.52000427246094,150.5832977294922,150.5,150.50999450683594,1971
2026-09-30 12:48:00,1790786880,JCI,150.52000427246094,150.52000427246094,150.4499969482422,150.4499969482422,1277
2026-09-30 12:49:00,1790786940,JCI,150.42999267578125,150.4600067138672,150.4250030517578,150.4550018310547,2527
2026-09-30 12:50:00,1790787000,JCI,150.4499969482422,150.4499969482422,150.4499969482422,150.4499969482422,537
2026-09-30 12:51:00,1790787060,JCI,150.4499969482422,150.4499969482422,150.38999938964844,150.38999938964844,1505
2026-09-30 12:52:00,1790787120,JCI,150.36000061035156,150.39999389648438,150.36000061035156,150.3800048828125,2081
2026-09-30 12:53:00,1790787180,JCI,150.44000244140625,150.44000244140625,150.44000244140625,150.44000244140625,652
2026-09-30 12:54:00,1790787240,JCI,150.5,150.5,150.43499755859375,150.43499755859375,502
2026-09-30 12:55:00,1790787300,JCI,150.49000549316406,150.51499938964844,150.49000549316406,150.51499938964844,2624
2026-09-30 12:56:00,1790787360,JCI,150.49000549316406,150.5,150.49000549316406,150.5,1959
2026-09-30 12:57:00,1790787420,JCI,150.52999877929688,150.61000061035156,150.5,150.59500122070312,3028
2026-09-30 12:58:00,1790787480,JCI,150.61000061035156,150.61000061035156,150.5,150.52000427246094,6637
2026-09-30 12:59:00,1790787540,JCI,150.52000427246094,150.52000427246094,150.50999450683594,150.51499938964844,1702
2026-09-30 13:00:00,1790787600,JCI,150.5500030517578,150.57000732421875,150.5,150.57000732421875,1193
2026-09-30 13:01:00,1790787660,JCI,150.51499938964844,150.51499938964844,150.51499938964844,150.51499938964844,698
2026-09-30 13:02:00,1790787720,JCI,150.58999633789062,150.63499450683594,150.55999755859375,150.63499450683594,3391
2026-09-30 13:03:00,1790787780,JCI,150.6024932861328,150.65420532226562,150.50999450683594,150.56500244140625,5691
2026-09-30 13:04:00,1790787840,JCI,150.5923614501953,150.5923614501953,150.57000732421875,150.57000732421875,807
2026-09-30 13:05:00,1790787900,JCI,150.5500030517578,150.61000061035156,150.5500030517578,150.61000061035156,1136
2026-09-30 13:06:00,1790787960,JCI,150.5800018310547,150.66000366210938,150.5800018310547,150.66000366210938,1865
2026-09-30 13:07:00,1790788020,JCI,150.61000061035156,150.63270568847656,150.59750366210938,150.59750366210938,684
2026-09-30 13:08:00,1790788080,JCI,150.61000061035156,150.66000366210938,150.61000061035156,150.66000366210938,902
2026-09-30 13:09:00,1790788140,JCI,150.66000366210938,150.67999267578125,150.63999938964844,150.64999389648438,6309
2026-09-30 13:10:00,1790788200,JCI,150.6300048828125,150.64500427246094,150.5500030517578,150.61000061035156,3422
2026-09-30 13:11:00,1790788260,JCI,150.58999633789062,150.60000610351562,150.58999633789062,150.58999633789062,1035
2026-09-30 13:12:00,1790788320,JCI,150.60499572753906,150.64999389648438,150.60499572753906,150.6199951171875,1041
2026-09-30 13:13:00,1790788380,JCI,150.63499450683594,150.63499450683594,150.52000427246094,150.52000427246094,2531
2026-09-30 13:14:00,1790788440,JCI,150.52000427246094,150.52000427246094,150.52000427246094,150.52000427246094,638
2026-09-30 13:15:00,1790788500,JCI,150.60000610351562,150.60000610351562,150.51499938964844,150.51499938964844,1431
2026-09-30 13:16:00,1790788560,JCI,150.49000549316406,150.49000549316406,150.47000122070312,150.47000122070312,1642
2026-09-30 13:17:00,1790788620,JCI,150.3101043701172,150.52000427246094,150.3101043701172,150.4499969482422,2567
2026-09-30 13:18:00,1790788680,JCI,150.44000244140625,150.44000244140625,150.44000244140625,150.44000244140625,680
2026-09-30 13:19:00,1790788740,JCI,150.50999450683594,150.52000427246094,150.42999267578125,150.42999267578125,1778
2026-09-30 13:20:00,1790788800,JCI,150.4199981689453,150.44000244140625,150.38999938964844,150.44000244140625,2319
2026-09-30 13:21:00,1790788860,JCI,150.4149932861328,150.55499267578125,150.4149932861328,150.55499267578125,3624
2026-09-30 13:22:00,1790788920,JCI,150.52999877929688,150.5399932861328,150.5,150.52000427246094,2984
2026-09-30 13:23:00,1790788980,JCI,150.5,150.5050048828125,150.49000549316406,150.5050048828125,1149
2026-09-30 13:24:00,1790789040,JCI,150.57000732421875,150.57000732421875,150.5,150.5,1807
2026-09-30 13:25:00,1790789100,JCI,150.5,150.5,150.5,150.5,470
2026-09-30 13:26:00,1790789160,JCI,150.53500366210938,150.53500366210938,150.4250030517578,150.4250030517578,2400
2026-09-30 13:27:00,1790789220,JCI,150.4600067138672,150.47000122070312,150.3699951171875,150.47000122070312,1721
2026-09-30 13:28:00,1790789280,JCI,150.3800048828125,150.4199981689453,150.3800048828125,150.4199981689453,2597
2026-09-30 13:29:00,1790789340,JCI,150.47000122070312,150.50999450683594,150.36000061035156,150.50999450683594,2211
2026-09-30 13:30:00,1790789400,JCI,150.52999877929688,150.52999877929688,150.48500061035156,150.48500061035156,3171
2026-09-30 13:31:00,1790789460,JCI,150.4499969482422,150.52499389648438,150.44000244140625,150.5,5297
2026-09-30 13:32:00,1790789520,JCI,150.51499938964844,150.52000427246094,150.49249267578125,150.49249267578125,2459
2026-09-30 13:33:00,1790789580,JCI,150.5800018310547,150.5800018310547,150.52999877929688,150.53500366210938,2285
2026-09-30 13:34:00,1790789640,JCI,150.5449981689453,150.58999633789062,150.47999572753906,150.52499389648438,2453
2026-09-30 13:35:00,1790789700,JCI,150.47000122070312,150.52000427246094,150.47000122070312,150.52000427246094,1977
2026-09-30 13:36:00,1790789760,JCI,150.51499938964844,150.52000427246094,150.47999572753906,150.52000427246094,1589
2026-09-30 13:37:00,1790789820,JCI,150.47000122070312,150.48500061035156,150.3699951171875,150.39999389648438,2956
2026-09-30 13:38:00,1790789880,JCI,150.4199981689453,150.4199981689453,150.38499450683594,150.38499450683594,787
2026-09-30 13:39:00,1790789940,JCI,150.47999572753906,150.47999572753906,150.4499969482422,150.46499633789062,886
2026-09-30 13:40:00,1790790000,JCI,150.3800048828125,150.49000549316406,150.3800048828125,150.49000549316406,1089
2026-09-30 13:41:00,1790790060,JCI,150.5,150.5800018310547,150.48500061035156,150.55999755859375,5058
2026-09-30 13:42:00,1790790120,JCI,150.61000061035156,150.6699981689453,150.55999755859375,150.6699981689453,3189
2026-09-30 13:43:00,1790790180,JCI,150.6999969482422,150.7550048828125,150.6699981689453,150.6999969482422,3496
2026-09-30 13:44:00,1790790240,JCI,150.66650390625,150.68499755859375,150.64999389648438,150.6699981689453,1226
2026-09-30 13:45:00,1790790300,JCI,150.7050018310547,150.7050018310547,150.60000610351562,150.60000610351562,2693
2026-09-30 13:46:00,1790790360,JCI,150.52999877929688,150.52999877929688,150.49000549316406,150.5050048828125,4511
2026-09-30 13:47:00,1790790420,JCI,150.5050048828125,150.66000366210938,150.5,150.56500244140625,5802
2026-09-30 13:48:00,1790790480,JCI,150.56500244140625,150.56900024414062,150.49000549316406,150.5449981689453,2060
2026-09-30 13:49:00,1790790540,JCI,150.5800018310547,150.6699981689453,150.5800018310547,150.58999633789062,1051
2026-09-30 13:50:00,1790790600,JCI,150.69000244140625,150.6999969482422,150.65499877929688,150.65499877929688,7676
2026-09-30 13:51:00,1790790660,JCI,150.65499877929688,150.74000549316406,150.65499877929688,150.65499877929688,3692
2026-09-30 13:52:00,1790790720,JCI,150.65499877929688,150.66000366210938,150.55999755859375,150.5800018310547,9098
2026-09-30 13:53:00,1790790780,JCI,150.5500030517578,150.5749969482422,150.5500030517578,150.55499267578125,7684
2026-09-30 13:54:00,1790790840,JCI,150.55499267578125,150.6699981689453,150.55499267578125,150.6300048828125,8687
2026-09-30 13:55:00,1790790900,JCI,150.625,150.625,150.6199951171875,150.625,1909
2026-09-30 13:56:00,1790790960,JCI,150.67750549316406,150.72500610351562,150.6750030517578,150.72500610351562,3344
2026-09-30 13:57:00,1790791020,JCI,150.72500610351562,150.7899932861328,150.6199951171875,150.6649932861328,4124
2026-09-30 13:58:00,1790791080,JCI,150.6649932861328,150.6649932861328,150.66000366210938,150.66000366210938,2625
2026-09-30 13:59:00,1790791140,JCI,150.64999389648438,150.66000366210938,150.64999389648438,150.65499877929688,7978
2026-09-30 14:00:00,1790791200,JCI,150.64999389648438,150.64999389648438,150.46499633789062,150.49000549316406,9725
2026-09-30 14:01:00,1790791260,JCI,150.4499969482422,150.47000122070312,150.23500061035156,150.23500061035156,4906
2026-09-30 14:02:00,1790791320,JCI,150.23500061035156,150.3000030517578,150.22000122070312,150.3000030517578,2806
2026-09-30 14:03:00,1790791380,JCI,150.25,150.30999755859375,150.22500610351562,150.2899932861328,3371
2026-09-30 14:04:00,1790791440,JCI,150.28500366210938,150.35409545898438,150.27999877929688,150.28500366210938,1693
2026-09-30 14:05:00,1790791500,JCI,150.3125,150.3125,150.20010375976562,150.28750610351562,1170
2026-09-30 14:06:00,1790791560,JCI,150.38999938964844,150.38999938964844,150.31500244140625,150.31500244140625,1380
2026-09-30 14:07:00,1790791620,JCI,150.37989807128906,150.37989807128906,150.2899932861328,150.30999755859375,1989
2026-09-30 14:08:00,1790791680,JCI,150.30999755859375,150.30999755859375,150.24000549316406,150.3000030517578,1843
2026-09-30 14:09:00,1790791740,JCI,150.3000030517578,150.3000030517578,150.22999572753906,150.22999572753906,2774
2026-09-30 14:10:00,1790791800,JCI,150.22999572753906,150.27000427246094,150.17999267578125,150.19000244140625,4736
2026-09-30 14:11:00,1790791860,JCI,150.17999267578125,150.19000244140625,150.17999267578125,150.17999267578125,1162
2026-09-30 14:12:00,1790791920,JCI,150.2899932861328,150.2899932861328,150.22000122070312,150.22000122070312,1279
2026-09-30 14:13:00,1790791980,JCI,150.22999572753906,150.22999572753906,150.22999572753906,150.22999572753906,0
2026-09-30 14:15:00,1790792100,JCI,150.30999755859375,150.30999755859375,150.30999755859375,150.30999755859375,1331
2026-09-30 14:16:00,1790792160,JCI,150.30999755859375,150.30999755859375,150.30999755859375,150.30999755859375,2827
2026-09-30 14:17:00,1790792220,JCI,150.38499450683594,150.38499450683594,150.32000732421875,150.32000732421875,3123
2026-09-30 14:18:00,1790792280,JCI,150.3249969482422,150.3249969482422,150.3249969482422,150.3249969482422,2226
2026-09-30 14:20:00,1790792400,JCI,150.32000732421875,150.32000732421875,150.30499267578125,150.30499267578125,2189
2026-09-30 14:21:00,1790792460,JCI,150.22999572753906,150.22999572753906,150.22000122070312,150.22000122070312,2395
2026-09-30 14:22:00,1790792520,JCI,150.2550048828125,150.2550048828125,150.2550048828125,150.2550048828125,981
2026-09-30 14:23:00,1790792580,JCI,150.2550048828125,150.2550048828125,150.2550048828125,150.2550048828125,1307
2026-09-30 14:24:00,1790792640,JCI,150.2550048828125,150.2550048828125,150.07000732421875,150.0800018310547,4308
2026-09-30 14:25:00,1790792700,JCI,150.02999877929688,150.1199951171875,149.9199981689453,150.00999450683594,3028
2026-09-30 14:26:00,1790792760,JCI,150.1199951171875,150.1199951171875,149.9199981689453,149.9199981689453,3546
2026-09-30 14:27:13,1790792833,JCI,149.99000549316406,149.99000549316406,149.99000549316406,149.99000549316406,0
2026-09-30 14:14:00,1790792040,JCI,150.2899932861328,150.2899932861328,150.2899932861328,150.2899932861328,1533
2026-09-30 14:27:00,1790792820,JCI,149.99000549316406,150.0,149.9600067138672,149.9600067138672,3327
2026-09-30 14:29:00,1790792940,JCI,149.9550018310547,150.05499267578125,149.9550018310547,150.0,2046
2026-09-30 14:30:00,1790793000,JCI,149.97999572753906,150.13999938964844,149.97999572753906,150.11500549316406,7015
2026-09-30 14:31:00,1790793060,JCI,150.11500549316406,150.11500549316406,149.9600067138672,149.9600067138672,2876
2026-09-30 14:32:00,1790793120,JCI,149.94000244140625,149.94000244140625,149.94000244140625,149.94000244140625,989
2026-09-30 14:33:00,1790793180,JCI,149.93499755859375,150.07000732421875,149.93499755859375,149.98500061035156,6746
2026-09-30 14:34:00,1790793240,JCI,149.98500061035156,149.98500061035156,149.98500061035156,149.98500061035156,506
2026-09-30 14:35:00,1790793300,JCI,150.0998992919922,150.11000061035156,150.02000427246094,150.11000061035156,1004
2026-09-30 14:36:00,1790793360,JCI,150.0399932861328,150.10000610351562,150.03500366210938,150.0800018310547,2887
2026-09-30 14:37:00,1790793420,JCI,150.0399932861328,150.08999633789062,150.02999877929688,150.05999755859375,3750
2026-09-30 14:38:00,1790793480,JCI,150.11000061035156,150.17909240722656,150.11000061035156,150.1300048828125,2387
2026-09-30 14:39:00,1790793540,JCI,150.19000244140625,150.19000244140625,150.07009887695312,150.19000244140625,2294
2026-09-30 14:40:00,1790793600,JCI,150.19000244140625,150.19000244140625,150.19000244140625,150.19000244140625,1360
2026-09-30 14:41:00,1790793660,JCI,150.1999969482422,150.24000549316406,150.14999389648438,150.1649932861328,4835
2026-09-30 14:42:00,1790793720,JCI,150.1649932861328,150.1699981689453,150.11000061035156,150.1699981689453,3265
2026-09-30 14:43:00,1790793780,JCI,150.1699981689453,150.19000244140625,150.1699981689453,150.19000244140625,2478
2026-09-30 14:44:00,1790793840,JCI,150.19000244140625,150.19000244140625,150.19000244140625,150.19000244140625,1091
2026-09-30 14:45:00,1790793900,JCI,150.1750030517578,150.1750030517578,150.07000732421875,150.125,3645
2026-09-30 14:46:00,1790793960,JCI,150.0399932861328,150.0800018310547,150.0399932861328,150.0800018310547,520
2026-09-30 14:47:00,1790794020,JCI,150.0399932861328,150.0749969482422,150.0200958251953,150.0749969482422,4566
2026-09-30 14:48:00,1790794080,JCI,150.0749969482422,150.0749969482422,149.88999938964844,149.89999389648438,4654
2026-09-30 14:49:00,1790794140,JCI,149.8699951171875,149.89999389648438,149.81500244140625,149.81500244140625,3749
2026-09-30 14:50:00,1790794200,JCI,149.8300018310547,149.8300018310547,149.8300018310547,149.8300018310547,1033
2026-09-30 14:51:00,1790794260,JCI,149.8699951171875,149.8699951171875,149.74000549316406,149.74000549316406,2810
2026-09-30 14:52:00,1790794320,JCI,149.69009399414062,149.7550048828125,149.69009399414062,149.74249267578125,2560
2026-09-30 14:53:00,1790794380,JCI,149.8000030517578,149.8000030517578,149.73500061035156,149.73500061035156,1594
2026-09-30 14:54:00,1790794440,JCI,149.77999877929688,149.83999633789062,149.77000427246094,149.77000427246094,2751
2026-09-30 14:55:00,1790794500,JCI,149.77499389648438,149.77499389648438,149.77499389648438,149.77499389648438,1499
2026-09-30 14:56:00,1790794560,JCI,149.85000610351562,149.85000610351562,149.77000427246094,149.80999755859375,2359
2026-09-30 14:57:00,1790794620,JCI,149.85000610351562,149.85000610351562,149.78500366210938,149.8300018310547,1554
2026-09-30 14:58:00,1790794680,JCI,149.83999633789062,149.94419860839844,149.8000030517578,149.92999267578125,9860
2026-09-30 14:59:00,1790794740,JCI,149.92999267578125,149.92999267578125,149.77999877929688,149.8249969482422,3207
2026-09-30 15:00:00,1790794800,JCI,149.8699951171875,149.92999267578125,149.86500549316406,149.89999389648438,1608
2026-09-30 15:01:00,1790794860,JCI,149.89500427246094,149.89500427246094,149.8699951171875,149.88499450683594,1095
2026-09-30 15:02:00,1790794920,JCI,149.88510131835938,149.99000549316406,149.77999877929688,149.80999755859375,30728
2026-09-30 15:03:00,1790794980,JCI,149.8800048828125,149.91000366210938,149.8000030517578,149.86500549316406,11227
2026-09-30 15:04:00,1790795040,JCI,149.89500427246094,149.9499969482422,149.8699951171875,149.89500427246094,2757
2026-09-30 15:05:00,1790795100,JCI,149.89500427246094,149.89500427246094,149.83999633789062,149.83999633789062,1231
2026-09-30 15:06:00,1790795160,JCI,149.88999938964844,149.9499969482422,149.8000030517578,149.83999633789062,3551
2026-09-30 15:07:00,1790795220,JCI,149.85000610351562,149.85000610351562,149.77999877929688,149.82000732421875,4991
2026-09-30 15:08:00,1790795280,JCI,149.8800048828125,149.89999389648438,149.8800048828125,149.89999389648438,2541
2026-09-30 15:09:00,1790795340,JCI,149.9499969482422,150.00999450683594,149.8699951171875,150.00999450683594,4302
2026-09-30 15:10:00,1790795400,JCI,149.98500061035156,149.98500061035156,149.97999572753906,149.97999572753906,1428
2026-09-30 15:11:00,1790795460,JCI,150.0500030517578,150.0749969482422,150.0500030517578,150.0749969482422,2406
2026-09-30 15:12:00,1790795520,JCI,150.02999877929688,150.0399932861328,149.9949951171875,150.0399932861328,2852
2026-09-30 15:13:00,1790795580,JCI,150.0,150.0,150.0,150.0,752
2026-09-30 15:14:00,1790795640,JCI,149.9949951171875,150.14500427246094,149.9949951171875,150.13999938964844,3660
2026-09-30 15:15:00,1790795700,JCI,150.13999938964844,150.14500427246094,150.07000732421875,150.07000732421875,2564
2026-09-30 15:16:00,1790795760,JCI,150.08999633789062,150.08999633789062,150.07000732421875,150.0749969482422,1730
2026-09-30 15:17:00,1790795820,JCI,150.0749969482422,150.11000061035156,150.0749969482422,150.11000061035156,2299
2026-09-30 15:18:00,1790795880,JCI,150.10000610351562,150.13999938964844,150.10000610351562,150.125,4739
2026-09-30 15:19:00,1790795940,JCI,150.13999938964844,150.17999267578125,150.1300048828125,150.14999389648438,3528
2026-09-30 15:20:00,1790796000,JCI,150.1199951171875,150.1199951171875,150.0500030517578,150.10000610351562,3355
2026-09-30 15:21:00,1790796060,JCI,150.08999633789062,150.1199951171875,150.05999755859375,150.07000732421875,4194
2026-09-30 15:22:00,1790796120,JCI,150.07000732421875,150.0749969482422,150.01499938964844,150.01499938964844,3197
2026-09-30 15:23:00,1790796180,JCI,149.99000549316406,150.0399932861328,149.99000549316406,150.02499389648438,3069
2026-09-30 15:24:00,1790796240,JCI,150.0800018310547,150.0800018310547,150.02999877929688,150.02999877929688,1145
2026-09-30 15:25:00,1790796300,JCI,150.02499389648438,150.11000061035156,150.02499389648438,150.10499572753906,5261
2026-09-30 15:26:00,1790796360,JCI,150.0749969482422,150.0749969482422,150.07000732421875,150.0749969482422,1655
2026-09-30 15:27:00,1790796420,JCI,150.16000366210938,150.16000366210938,150.16000366210938,150.16000366210938,2437
2026-09-30 15:28:00,1790796480,JCI,150.10499572753906,150.16000366210938,150.10499572753906,150.16000366210938,4558
2026-09-30 15:29:00,1790796540,JCI,150.16000366210938,150.16000366210938,150.08999633789062,150.08999633789062,7439
2026-09-30 15:30:00,1790796600,JCI,150.08999633789062,150.10000610351562,150.01499938964844,150.0749969482422,5487
2026-09-30 15:31:00,1790796660,JCI,150.0749969482422,150.0749969482422,150.00999450683594,150.00999450683594,2841
2026-09-30 15:32:00,1790796720,JCI,150.0399932861328,150.0399932861328,149.94000244140625,149.94000244140625,4286
2026-09-30 15:33:00,1790796780,JCI,149.9499969482422,149.97000122070312,149.94500732421875,149.97000122070312,3408
2026-09-30 15:34:00,1790796840,JCI,149.91000366210938,149.9375,149.88499450683594,149.88999938964844,4932
2026-09-30 15:35:00,1790796900,JCI,149.9199981689453,149.94000244140625,149.86000061035156,149.89999389648438,6333
2026-09-30 15:36:00,1790796960,JCI,149.85000610351562,149.88999938964844,149.68499755859375,149.75999450683594,8817
2026-09-30 15:37:00,1790797020,JCI,149.72999572753906,149.75999450683594,149.6649932861328,149.6649932861328,8561
2026-09-30 15:38:00,1790797080,JCI,149.60000610351562,149.7100067138672,149.60000610351562,149.6999969482422,3811
2026-09-30 15:39:00,1790797140,JCI,149.74000549316406,149.75,149.6999969482422,149.74000549316406,8681
2026-09-30 15:40:00,1790797200,JCI,149.73500061035156,149.875,149.69000244140625,149.875,6153
2026-09-30 15:41:00,1790797260,JCI,149.8800048828125,149.94000244140625,149.7899932861328,149.81500244140625,6607
2026-09-30 15:42:00,1790797320,JCI,149.85000610351562,149.85000610351562,149.77420043945312,149.80999755859375,4681
2026-09-30 15:43:00,1790797380,JCI,149.80999755859375,149.8350067138672,149.72999572753906,149.72999572753906,8085
2026-09-30 15:44:00,1790797440,JCI,149.74000549316406,149.75999450683594,149.67999267578125,149.7100067138672,5345
2026-09-30 15:45:00,1790797500,JCI,149.67999267578125,149.67999267578125,149.60000610351562,149.6199951171875,7931
2026-09-30 15:46:00,1790797560,JCI,149.60000610351562,149.6699981689453,149.60000610351562,149.63999938964844,4340
2026-09-30 15:47:00,1790797620,JCI,149.63999938964844,149.64999389648438,149.52999877929688,149.5749969482422,8694
2026-09-30 15:48:00,1790797680,JCI,149.57000732421875,149.6300048828125,149.52000427246094,149.60499572753906,9520
2026-09-30 15:49:00,1790797740,JCI,149.60499572753906,149.67999267578125,149.50999450683594,149.52999877929688,7566
2026-09-30 15:50:00,1790797800,JCI,149.49000549316406,149.50999450683594,149.33999633789062,149.3699951171875,20167
2026-09-30 15:51:00,1790797860,JCI,149.33999633789062,149.3800048828125,149.13999938964844,149.3699951171875,13419
2026-09-30 15:52:00,1790797920,JCI,149.4199981689453,149.53990173339844,149.4199981689453,149.48500061035156,6804
2026-09-30 15:53:00,1790797980,JCI,149.48500061035156,149.60000610351562,149.48500061035156,149.5,14962
2026-09-30 15:54:00,1790798040,JCI,149.5,149.58999633789062,149.42999267578125,149.44000244140625,29361
2026-09-30 15:55:00,1790798100,JCI,149.49000549316406,149.50999450683594,149.1199951171875,149.1999969482422,26853
2026-09-30 15:56:00,1790798160,JCI,149.1699981689453,149.25999450683594,149.05999755859375,149.22999572753906,25312
2026-09-30 15:57:00,1790798220,JCI,149.1999969482422,149.24000549316406,149.10000610351562,149.1699981689453,35492
2026-09-30 15:58:00,1790798280,JCI,149.13999938964844,149.1699981689453,148.8699951171875,148.88999938964844,131217
2026-09-30 15:59:00,1790798340,JCI,148.88999938964844,148.90499877929688,148.63999938964844,148.6750030517578,199297
2026-09-30 16:00:00,1790798400,JCI,148.64999389648438,148.64999389648438,148.64999389648438,148.64999389648438,0
