timestamp_et,epoch,ticker,open,high,low,close,volume
2026-09-18 09:30:00,1789738200,LHX,250.02999877929688,251.5,249.9499969482422,250.8061981201172,128000
2026-09-18 09:31:00,1789738260,LHX,250.6649932861328,250.6649932861328,250.0,250.0,702
2026-09-18 09:32:00,1789738320,LHX,250.25,250.52000427246094,249.92999267578125,249.92999267578125,3745
2026-09-18 09:33:00,1789738380,LHX,249.98500061035156,249.98500061035156,249.8000030517578,249.85499572753906,1467
2026-09-18 09:34:00,1789738440,LHX,250.13999938964844,250.47500610351562,250.13999938964844,250.47500610351562,504
2026-09-18 09:35:00,1789738500,LHX,250.4499969482422,250.4550018310547,249.72000122070312,249.72000122070312,5559
2026-09-18 09:36:00,1789738560,LHX,249.32000732421875,249.375,248.71499633789062,249.02000427246094,3666
2026-09-18 09:37:00,1789738620,LHX,248.8000030517578,249.39999389648438,248.8000030517578,249.39999389648438,1500
2026-09-18 09:38:00,1789738680,LHX,249.39500427246094,249.57000732421875,249.15499877929688,249.3657989501953,2823
2026-09-18 09:39:00,1789738740,LHX,249.4499969482422,249.63999938964844,248.8800048828125,248.91000366210938,7366
2026-09-18 09:40:00,1789738800,LHX,248.8897705078125,248.91000366210938,248.6300048828125,248.90989685058594,2159
2026-09-18 09:41:00,1789738860,LHX,248.75999450683594,248.94000244140625,248.72999572753906,248.80499267578125,1731
2026-09-18 09:42:00,1789738920,LHX,248.72999572753906,248.91000366210938,248.72999572753906,248.77999877929688,1537
2026-09-18 09:43:00,1789738980,LHX,248.77999877929688,249.13999938964844,248.77999877929688,249.0,5916
2026-09-18 09:44:00,1789739040,LHX,248.83999633789062,248.9875030517578,248.83999633789062,248.9875030517578,1105
2026-09-18 09:45:00,1789739100,LHX,248.97999572753906,249.0800018310547,248.85000610351562,248.9268035888672,1891
2026-09-18 09:46:00,1789739160,LHX,248.9499969482422,249.4199981689453,248.86000061035156,249.3800048828125,5906
2026-09-18 09:47:00,1789739220,LHX,249.33999633789062,249.52000427246094,249.27999877929688,249.42689514160156,2152
2026-09-18 09:48:00,1789739280,LHX,249.2899932861328,249.58999633789062,249.0800018310547,249.5500030517578,3298
2026-09-18 09:49:00,1789739340,LHX,249.47000122070312,249.52000427246094,249.3699951171875,249.4499969482422,1051
2026-09-18 09:50:00,1789739400,LHX,249.52999877929688,249.63999938964844,249.27000427246094,249.375,5620
2026-09-18 09:51:00,1789739460,LHX,249.36000061035156,249.36000061035156,249.27659606933594,249.27659606933594,433
2026-09-18 09:52:00,1789739520,LHX,249.3699951171875,249.385498046875,249.22000122070312,249.3300018310547,1954
2026-09-18 09:53:00,1789739580,LHX,249.22999572753906,249.36500549316406,249.13999938964844,249.30499267578125,5776
2026-09-18 09:54:00,1789739640,LHX,249.389892578125,249.38999938964844,249.125,249.125,1695
2026-09-18 09:55:00,1789739700,LHX,249.1649932861328,249.55999755859375,249.11000061035156,249.16250610351562,8410
2026-09-18 09:56:00,1789739760,LHX,249.2050018310547,249.4246063232422,249.08999633789062,249.3300018310547,4071
2026-09-18 09:57:00,1789739820,LHX,249.30999755859375,249.5500030517578,249.17999267578125,249.17999267578125,7154
2026-09-18 09:58:00,1789739880,LHX,249.32000732421875,249.48280334472656,249.02999877929688,249.14500427246094,4612
2026-09-18 09:59:00,1789739940,LHX,249.1750030517578,249.2899932861328,249.07009887695312,249.2899932861328,1157
2026-09-18 10:00:00,1789740000,LHX,249.2899932861328,249.30999755859375,249.1649932861328,249.1699981689453,1380
2026-09-18 10:01:00,1789740060,LHX,249.07000732421875,249.07000732421875,248.6199951171875,248.67999267578125,2128
2026-09-18 10:02:00,1789740120,LHX,248.67999267578125,248.8699951171875,248.67999267578125,248.78500366210938,2037
2026-09-18 10:03:00,1789740180,LHX,248.7949981689453,248.7949981689453,248.71499633789062,248.72500610351562,713
2026-09-18 10:04:00,1789740240,LHX,248.72999572753906,248.73500061035156,248.7100067138672,248.72999572753906,1250
2026-09-18 10:05:00,1789740300,LHX,248.72500610351562,248.72500610351562,248.58999633789062,248.66000366210938,1326
2026-09-18 10:06:00,1789740360,LHX,248.6649932861328,248.6649932861328,248.13999938964844,248.27000427246094,2735
2026-09-18 10:07:00,1789740420,LHX,248.38999938964844,248.49000549316406,248.3800048828125,248.49000549316406,1689
2026-09-18 10:08:00,1789740480,LHX,248.4199981689453,248.47999572753906,248.4199981689453,248.42999267578125,1515
2026-09-18 10:09:00,1789740540,LHX,248.43499755859375,248.61000061035156,248.3809051513672,248.61000061035156,2977
2026-09-18 10:10:00,1789740600,LHX,248.61000061035156,248.75999450683594,248.52499389648438,248.75999450683594,3542
2026-09-18 10:11:00,1789740660,LHX,248.63999938964844,248.75990295410156,248.55999755859375,248.75990295410156,947
2026-09-18 10:12:00,1789740720,LHX,248.77000427246094,248.84500122070312,248.66009521484375,248.77000427246094,5475
2026-09-18 10:13:00,1789740780,LHX,248.78500366210938,248.80999755859375,248.66000366210938,248.7100067138672,1545
2026-09-18 10:14:00,1789740840,LHX,248.7100067138672,248.7100067138672,248.7050018310547,248.7050018310547,520
2026-09-18 10:15:00,1789740900,LHX,248.7100067138672,248.8199005126953,248.69000244140625,248.8199005126953,689
2026-09-18 10:16:00,1789740960,LHX,248.68499755859375,248.80999755859375,248.5,248.5850067138672,1820
2026-09-18 10:17:00,1789741020,LHX,248.58999633789062,248.6053009033203,248.47000122070312,248.52000427246094,2135
2026-09-18 10:18:00,1789741080,LHX,248.46290588378906,248.8300018310547,248.46290588378906,248.72999572753906,1201
2026-09-18 10:19:00,1789741140,LHX,248.72999572753906,249.0,248.72999572753906,249.0,2521
2026-09-18 10:20:00,1789741200,LHX,249.0198974609375,249.0198974609375,248.9199981689453,248.9199981689453,754
2026-09-18 10:21:00,1789741260,LHX,248.9149932861328,248.9149932861328,248.63999938964844,248.67999267578125,2128
2026-09-18 10:22:00,1789741320,LHX,248.76499938964844,248.76499938964844,248.4499969482422,248.53500366210938,1380
2026-09-18 10:23:00,1789741380,LHX,248.44000244140625,248.6199951171875,248.33999633789062,248.44500732421875,1823
2026-09-18 10:24:00,1789741440,LHX,248.4499969482422,248.61000061035156,248.0,248.0,3603
2026-09-18 10:25:00,1789741500,LHX,248.0,248.13499450683594,247.9199981689453,248.0050048828125,2682
2026-09-18 10:26:00,1789741560,LHX,248.00999450683594,248.0399932861328,247.88999938964844,247.94000244140625,1539
2026-09-18 10:27:00,1789741620,LHX,247.89999389648438,247.89999389648438,247.89999389648438,247.89999389648438,547
2026-09-18 10:28:00,1789741680,LHX,247.89999389648438,247.91000366210938,247.84109497070312,247.90499877929688,612
2026-09-18 10:29:00,1789741740,LHX,247.88999938964844,247.97500610351562,247.77499389648438,247.97250366210938,2633
2026-09-18 10:30:00,1789741800,LHX,247.97500610351562,247.97500610351562,247.86000061035156,247.9199981689453,1490
2026-09-18 10:31:00,1789741860,LHX,247.9199981689453,247.9199981689453,247.75,247.75,2235
2026-09-18 10:32:00,1789741920,LHX,247.8300018310547,247.86500549316406,247.7449951171875,247.86500549316406,3965
2026-09-18 10:33:00,1789741980,LHX,247.91000366210938,247.99000549316406,247.75,247.9199981689453,5213
2026-09-18 10:34:00,1789742040,LHX,247.9199981689453,247.97999572753906,247.64999389648438,247.97999572753906,4313
2026-09-18 10:35:00,1789742100,LHX,247.8000030517578,247.875,247.75,247.80499267578125,749
2026-09-18 10:36:00,1789742160,LHX,247.76499938964844,247.89999389648438,247.6649932861328,247.75999450683594,871
2026-09-18 10:37:00,1789742220,LHX,247.76499938964844,247.76499938964844,247.76499938964844,247.76499938964844,501
2026-09-18 10:38:00,1789742280,LHX,247.77000427246094,247.8350067138672,247.77000427246094,247.8350067138672,1718
2026-09-18 10:39:00,1789742340,LHX,247.83999633789062,248.0399932861328,247.83999633789062,247.97000122070312,4471
2026-09-18 10:40:00,1789742400,LHX,247.96499633789062,248.16000366210938,247.96499633789062,248.10499572753906,1739
2026-09-18 10:41:00,1789742460,LHX,248.10499572753906,248.10499572753906,247.86000061035156,247.98500061035156,1844
2026-09-18 10:42:00,1789742520,LHX,247.98500061035156,248.1071014404297,247.98500061035156,248.01499938964844,1320
2026-09-18 10:43:00,1789742580,LHX,248.02999877929688,248.02999877929688,247.83999633789062,247.83999633789062,1120
2026-09-18 10:44:00,1789742640,LHX,247.81640625,247.82749938964844,247.6699981689453,247.76400756835938,1984
2026-09-18 10:45:00,1789742700,LHX,247.76400756835938,247.76400756835938,247.47000122070312,247.49000549316406,3817
2026-09-18 10:46:00,1789742760,LHX,247.48500061035156,247.49000549316406,247.38009643554688,247.49000549316406,1411
2026-09-18 10:47:00,1789742820,LHX,247.4600067138672,247.5,247.44000244140625,247.4949951171875,2420
2026-09-18 10:48:00,1789742880,LHX,247.38999938964844,247.38999938964844,247.2100067138672,247.37989807128906,1140
2026-09-18 10:49:00,1789742940,LHX,247.3000030517578,247.3000030517578,247.1999969482422,247.27000427246094,1524
2026-09-18 10:50:00,1789743000,LHX,247.26499938964844,247.26499938964844,246.9199981689453,246.9199981689453,2064
2026-09-18 10:51:00,1789743060,LHX,246.80999755859375,246.85000610351562,246.75999450683594,246.85000610351562,961
2026-09-18 10:52:00,1789743120,LHX,246.8350067138672,246.88259887695312,246.7899932861328,246.7899932861328,629
2026-09-18 10:53:00,1789743180,LHX,246.77000427246094,246.77000427246094,246.5,246.60000610351562,4955
2026-09-18 10:54:00,1789743240,LHX,246.52000427246094,246.57989501953125,246.3699951171875,246.3800048828125,1412
2026-09-18 10:55:00,1789743300,LHX,246.3699951171875,246.5399932861328,246.36000061035156,246.5399932861328,2613
2026-09-18 10:56:00,1789743360,LHX,246.43499755859375,246.74000549316406,246.43499755859375,246.74000549316406,3212
2026-09-18 10:57:00,1789743420,LHX,246.6699981689453,246.6699981689453,246.5500030517578,246.63499450683594,3076
2026-09-18 10:58:00,1789743480,LHX,246.7100067138672,246.8699951171875,246.7100067138672,246.84500122070312,3374
2026-09-18 10:59:00,1789743540,LHX,246.9499969482422,246.96499633789062,246.8699951171875,246.9199981689453,1430
2026-09-18 11:00:00,1789743600,LHX,246.96499633789062,246.97500610351562,246.6999969482422,246.6999969482422,5625
2026-09-18 11:01:00,1789743660,LHX,246.69000244140625,246.82000732421875,246.6699981689453,246.72999572753906,1907
2026-09-18 11:02:00,1789743720,LHX,246.72999572753906,246.72999572753906,246.4488983154297,246.4488983154297,1582
2026-09-18 11:03:00,1789743780,LHX,246.55499267578125,246.55499267578125,246.46499633789062,246.51499938964844,1107
2026-09-18 11:04:00,1789743840,LHX,246.51499938964844,246.58999633789062,246.4499969482422,246.52000427246094,2347
2026-09-18 11:05:00,1789743900,LHX,246.52000427246094,246.82000732421875,246.51499938964844,246.82000732421875,2530
2026-09-18 11:06:00,1789743960,LHX,246.81500244140625,246.8300018310547,246.72000122070312,246.72999572753906,2410
2026-09-18 11:07:00,1789744020,LHX,246.74000549316406,246.7550048828125,246.74000549316406,246.7550048828125,637
2026-09-18 11:08:00,1789744080,LHX,246.7550048828125,246.7550048828125,246.55169677734375,246.71499633789062,2229
2026-09-18 11:09:00,1789744140,LHX,246.6199951171875,246.68499755859375,246.6199951171875,246.67999267578125,1492
2026-09-18 11:10:00,1789744200,LHX,246.68499755859375,246.74000549316406,246.5399932861328,246.72999572753906,2172
2026-09-18 11:11:00,1789744260,LHX,246.8000030517578,246.92999267578125,246.8000030517578,246.88999938964844,2053
2026-09-18 11:12:00,1789744320,LHX,246.89500427246094,246.89500427246094,246.7899932861328,246.80999755859375,5546
2026-09-18 11:13:00,1789744380,LHX,246.80499267578125,246.80999755859375,246.67999267578125,246.72999572753906,13497
2026-09-18 11:14:00,1789744440,LHX,246.76499938964844,246.76499938964844,246.61000061035156,246.68499755859375,1699
2026-09-18 11:15:00,1789744500,LHX,246.61000061035156,246.6999969482422,246.61000061035156,246.6999969482422,834
2026-09-18 11:16:00,1789744560,LHX,246.6999969482422,246.6999969482422,246.41000366210938,246.41000366210938,2818
2026-09-18 11:17:00,1789744620,LHX,246.47500610351562,246.5,246.42129516601562,246.5,888
2026-09-18 11:18:00,1789744680,LHX,246.49249267578125,246.50999450683594,246.4499969482422,246.50999450683594,727
2026-09-18 11:19:00,1789744740,LHX,246.50999450683594,246.6999969482422,246.50999450683594,246.61000061035156,4014
2026-09-18 11:20:00,1789744800,LHX,246.63499450683594,246.6699981689453,246.47999572753906,246.47999572753906,2456
2026-09-18 11:21:00,1789744860,LHX,246.47000122070312,246.5800018310547,246.42999267578125,246.42999267578125,1174
2026-09-18 11:22:00,1789744920,LHX,246.4600067138672,246.4600067138672,246.37010192871094,246.41439819335938,1071
2026-09-18 11:23:00,1789744980,LHX,246.4600067138672,246.4600067138672,246.3350067138672,246.3350067138672,1893
2026-09-18 11:24:00,1789745040,LHX,246.3000030517578,246.60000610351562,246.3000030517578,246.60000610351562,2874
2026-09-18 11:25:00,1789745100,LHX,246.5850067138672,246.5850067138672,246.47000122070312,246.52999877929688,1531
2026-09-18 11:26:00,1789745160,LHX,246.5399932861328,246.55999755859375,246.33009338378906,246.4550018310547,1919
2026-09-18 11:27:00,1789745220,LHX,246.4600067138672,246.4600067138672,246.36000061035156,246.36000061035156,541
2026-09-18 11:28:00,1789745280,LHX,246.4199981689453,246.47999572753906,246.4149932861328,246.44500732421875,1021
2026-09-18 11:29:00,1789745340,LHX,246.4250030517578,246.5,246.4250030517578,246.4600067138672,1733
2026-09-18 11:30:00,1789745400,LHX,246.45750427246094,246.66000366210938,246.32000732421875,246.50250244140625,10358
2026-09-18 11:31:00,1789745460,LHX,246.47000122070312,246.48500061035156,246.47000122070312,246.48500061035156,760
2026-09-18 11:32:00,1789745520,LHX,246.48500061035156,246.5,246.4774932861328,246.49000549316406,697
2026-09-18 11:33:00,1789745580,LHX,246.47999572753906,246.6300048828125,246.47999572753906,246.6199951171875,1299
2026-09-18 11:34:00,1789745640,LHX,246.66000366210938,246.72000122070312,246.5800018310547,246.72000122070312,1867
2026-09-18 11:35:00,1789745700,LHX,246.72999572753906,246.82000732421875,246.69500732421875,246.7949981689453,2837
2026-09-18 11:36:00,1789745760,LHX,246.7949981689453,246.80499267578125,246.72000122070312,246.80499267578125,1993
2026-09-18 11:37:00,1789745820,LHX,246.77000427246094,246.77000427246094,246.5800018310547,246.63999938964844,2515
2026-09-18 11:38:00,1789745880,LHX,246.63999938964844,246.63999938964844,246.5399932861328,246.5399932861328,1107
2026-09-18 11:39:00,1789745940,LHX,246.57000732421875,246.69000244140625,246.45509338378906,246.69000244140625,1511
2026-09-18 11:40:00,1789746000,LHX,246.69000244140625,246.75999450683594,246.63999938964844,246.68499755859375,1819
2026-09-18 11:41:00,1789746060,LHX,246.68499755859375,246.68499755859375,246.60000610351562,246.64999389648438,1834
2026-09-18 11:42:00,1789746120,LHX,246.66000366210938,246.74000549316406,246.64999389648438,246.64999389648438,969
2026-09-18 11:43:00,1789746180,LHX,246.72999572753906,246.72999572753906,246.66000366210938,246.6750030517578,1373
2026-09-18 11:44:00,1789746240,LHX,246.68499755859375,246.74000549316406,246.59500122070312,246.59500122070312,1835
2026-09-18 11:45:00,1789746300,LHX,246.58999633789062,246.60000610351562,246.5301055908203,246.5749969482422,1843
2026-09-18 11:46:00,1789746360,LHX,246.5800018310547,246.67999267578125,246.52999877929688,246.6649932861328,1944
2026-09-18 11:47:00,1789746420,LHX,246.65499877929688,246.7100067138672,246.65499877929688,246.6649932861328,923
2026-09-18 11:48:00,1789746480,LHX,246.6649932861328,246.6649932861328,246.4499969482422,246.4499969482422,1290
2026-09-18 11:49:00,1789746540,LHX,246.50999450683594,246.60000610351562,246.39999389648438,246.4600067138672,1154
2026-09-18 11:50:00,1789746600,LHX,246.4499969482422,246.4499969482422,246.3802032470703,246.44000244140625,1086
2026-09-18 11:51:00,1789746660,LHX,246.44000244140625,246.57989501953125,246.35000610351562,246.44500732421875,645
2026-09-18 11:52:00,1789746720,LHX,246.44500732421875,246.44500732421875,246.375,246.44500732421875,1193
2026-09-18 11:53:00,1789746780,LHX,246.42999267578125,246.49000549316406,246.375,246.4499969482422,617
2026-09-18 11:54:00,1789746840,LHX,246.4499969482422,246.5399932861328,246.4499969482422,246.52999877929688,2541
2026-09-18 11:55:00,1789746900,LHX,246.5800018310547,246.5800018310547,246.44500732421875,246.52000427246094,1467
2026-09-18 11:56:00,1789746960,LHX,246.5500030517578,246.60000610351562,246.50120544433594,246.5800018310547,2309
2026-09-18 11:57:00,1789747020,LHX,246.5850067138672,246.5850067138672,246.4499969482422,246.52999877929688,1558
2026-09-18 11:58:00,1789747080,LHX,246.52499389648438,246.52999877929688,246.4199981689453,246.4199981689453,1791
2026-09-18 11:59:00,1789747140,LHX,246.4550018310547,246.52999877929688,246.406494140625,246.47999572753906,1566
2026-09-18 12:00:00,1789747200,LHX,246.47999572753906,246.47999572753906,246.3000030517578,246.3000030517578,1681
2026-09-18 12:01:00,1789747260,LHX,246.36000061035156,246.47000122070312,246.36000061035156,246.4499969482422,1786
2026-09-18 12:02:00,1789747320,LHX,246.4600067138672,246.48989868164062,246.3800048828125,246.3800048828125,1019
2026-09-18 12:03:00,1789747380,LHX,246.3699951171875,246.3699951171875,246.22000122070312,246.22000122070312,2240
2026-09-18 12:04:00,1789747440,LHX,246.24249267578125,246.2449951171875,246.1999969482422,246.2375030517578,458
2026-09-18 12:05:00,1789747500,LHX,246.25999450683594,246.25999450683594,246.11000061035156,246.11000061035156,1421
2026-09-18 12:06:00,1789747560,LHX,246.13999938964844,246.27000427246094,246.13999938964844,246.2550048828125,2116
2026-09-18 12:07:00,1789747620,LHX,246.25999450683594,246.25999450683594,246.2449951171875,246.2449951171875,742
2026-09-18 12:08:00,1789747680,LHX,246.2449951171875,246.32000732421875,246.1999969482422,246.27999877929688,2620
2026-09-18 12:09:00,1789747740,LHX,246.27999877929688,246.27999877929688,246.22999572753906,246.22999572753906,1025
2026-09-18 12:10:00,1789747800,LHX,246.27000427246094,246.27000427246094,246.2100067138672,246.2100067138672,3006
2026-09-18 12:11:00,1789747860,LHX,246.2449951171875,246.2449951171875,246.1699981689453,246.20799255371094,2436
2026-09-18 12:12:00,1789747920,LHX,246.1510009765625,246.27499389648438,246.14999389648438,246.22999572753906,6628
2026-09-18 12:13:00,1789747980,LHX,246.22999572753906,246.2440948486328,246.14999389648438,246.2440948486328,765
2026-09-18 12:14:00,1789748040,LHX,246.1199951171875,246.41000366210938,246.11000061035156,246.38999938964844,5797
2026-09-18 12:15:00,1789748100,LHX,246.41000366210938,246.6300048828125,246.3800048828125,246.52499389648438,2659
2026-09-18 12:16:00,1789748160,LHX,246.52999877929688,246.52999877929688,246.52999877929688,246.52999877929688,1399
2026-09-18 12:17:00,1789748220,LHX,246.53500366210938,246.64999389648438,246.41000366210938,246.4499969482422,4578
2026-09-18 12:18:00,1789748280,LHX,246.44000244140625,246.4763946533203,246.33999633789062,246.35000610351562,1312
2026-09-18 12:19:00,1789748340,LHX,246.39500427246094,246.39500427246094,246.27000427246094,246.35499572753906,759
2026-09-18 12:20:00,1789748400,LHX,246.33749389648438,246.35499572753906,246.22000122070312,246.2550048828125,1240
2026-09-18 12:21:00,1789748460,LHX,246.2550048828125,246.27000427246094,246.14500427246094,246.27000427246094,1494
2026-09-18 12:22:00,1789748520,LHX,246.3800048828125,246.42999267578125,246.36000061035156,246.4250030517578,1317
2026-09-18 12:23:00,1789748580,LHX,246.4250030517578,246.50999450683594,246.35000610351562,246.35000610351562,923
2026-09-18 12:24:00,1789748640,LHX,246.35000610351562,246.44000244140625,246.35000610351562,246.44000244140625,1169
2026-09-18 12:25:00,1789748700,LHX,246.4550018310547,246.4550018310547,246.4550018310547,246.4550018310547,258
2026-09-18 12:26:00,1789748760,LHX,246.41000366210938,246.4550018310547,246.41000366210938,246.41000366210938,639
2026-09-18 12:27:00,1789748820,LHX,246.4550018310547,246.50999450683594,246.4550018310547,246.47000122070312,752
2026-09-18 12:28:00,1789748880,LHX,246.52000427246094,246.5500030517578,246.4199981689453,246.4783935546875,2082
2026-09-18 12:29:00,1789748940,LHX,246.47500610351562,246.58999633789062,246.47500610351562,246.52000427246094,1518
2026-09-18 12:30:00,1789749000,LHX,246.5,246.61000061035156,246.5,246.61000061035156,1131
2026-09-18 12:31:00,1789749060,LHX,246.60000610351562,246.60000610351562,246.52000427246094,246.52000427246094,770
2026-09-18 12:32:00,1789749120,LHX,246.5749969482422,246.5749969482422,246.52000427246094,246.5625,605
2026-09-18 12:33:00,1789749180,LHX,246.5749969482422,246.60000610351562,246.5749969482422,246.60000610351562,533
2026-09-18 12:34:00,1789749240,LHX,246.6300048828125,246.6300048828125,246.42999267578125,246.53500366210938,8879
2026-09-18 12:35:00,1789749300,LHX,246.47000122070312,246.62989807128906,246.47000122070312,246.53500366210938,846
2026-09-18 12:36:00,1789749360,LHX,246.53500366210938,246.5449981689453,246.53500366210938,246.5449981689453,548
2026-09-18 12:37:00,1789749420,LHX,246.5449981689453,246.5449981689453,246.4604949951172,246.5449981689453,641
2026-09-18 12:38:00,1789749480,LHX,246.54249572753906,246.54249572753906,246.53500366210938,246.53500366210938,375
2026-09-18 12:39:00,1789749540,LHX,246.4600067138672,246.5399932861328,246.4600067138672,246.52999877929688,1079
2026-09-18 12:40:00,1789749600,LHX,246.60000610351562,246.69000244140625,246.60000610351562,246.64999389648438,7541
2026-09-18 12:41:00,1789749660,LHX,246.69000244140625,246.91000366210938,246.69000244140625,246.83999633789062,9199
2026-09-18 12:42:00,1789749720,LHX,246.85000610351562,246.90499877929688,246.83999633789062,246.90499877929688,895
2026-09-18 12:43:00,1789749780,LHX,246.90499877929688,246.92999267578125,246.90499877929688,246.92999267578125,1025
2026-09-18 12:44:00,1789749840,LHX,246.8300018310547,246.94500732421875,246.7899932861328,246.94500732421875,2020
2026-09-18 12:45:00,1789749900,LHX,246.94500732421875,246.94500732421875,246.7899932861328,246.8000030517578,1404
2026-09-18 12:46:00,1789749960,LHX,246.8300018310547,246.8300018310547,246.8000030517578,246.8000030517578,507
2026-09-18 12:47:00,1789750020,LHX,246.8000030517578,246.80999755859375,246.8000030517578,246.80999755859375,619
2026-09-18 12:48:00,1789750080,LHX,246.88999938964844,246.94970703125,246.88999938964844,246.89500427246094,1305
2026-09-18 12:49:00,1789750140,LHX,246.9499969482422,246.9949951171875,246.89500427246094,246.9949951171875,865
2026-09-18 12:50:00,1789750200,LHX,247.00999450683594,247.01499938964844,247.00999450683594,247.01499938964844,894
2026-09-18 12:51:00,1789750260,LHX,247.02499389648438,247.02999877929688,246.94000244140625,247.02999877929688,1702
2026-09-18 12:52:00,1789750320,LHX,246.96499633789062,247.3699951171875,246.96499633789062,247.3699951171875,0
2026-09-18 12:53:00,1789750380,LHX,247.30999755859375,247.30999755859375,247.30250549316406,247.30250549316406,1154
2026-09-18 12:54:00,1789750440,LHX,247.2449951171875,247.2449951171875,247.21249389648438,247.2449951171875,1358
2026-09-18 12:55:00,1789750500,LHX,247.28500366210938,247.29249572753906,247.28500366210938,247.29249572753906,646
2026-09-18 12:56:00,1789750560,LHX,247.2375030517578,247.2375030517578,247.07000732421875,247.10499572753906,1446
2026-09-18 12:57:00,1789750620,LHX,247.17999267578125,247.18499755859375,247.17999267578125,247.18499755859375,478
2026-09-18 12:58:00,1789750680,LHX,247.156005859375,247.17999267578125,247.02000427246094,247.02000427246094,1511
2026-09-18 12:59:00,1789750740,LHX,247.06500244140625,247.07000732421875,247.0,247.07000732421875,1565
2026-09-18 13:00:00,1789750800,LHX,247.0800018310547,247.0800018310547,247.0800018310547,247.0800018310547,386
2026-09-18 13:01:00,1789750860,LHX,247.07000732421875,247.07000732421875,246.97999572753906,246.99000549316406,1415
2026-09-18 13:02:00,1789750920,LHX,247.0,247.0,247.0,247.0,783
2026-09-18 13:03:00,1789750980,LHX,247.0800018310547,247.11000061035156,247.01010131835938,247.11000061035156,1389
2026-09-18 13:04:00,1789751040,LHX,247.05999755859375,247.1999969482422,247.05999755859375,247.1999969482422,1482
2026-09-18 13:05:00,1789751100,LHX,247.10330200195312,247.15499877929688,247.10330200195312,247.15499877929688,849
2026-09-18 13:06:00,1789751160,LHX,247.16000366210938,247.16000366210938,247.16000366210938,247.16000366210938,426
2026-09-18 13:07:00,1789751220,LHX,247.16000366210938,247.1649932861328,247.1199951171875,247.16000366210938,1287
2026-09-18 13:07:12,1789751232,LHX,247.1649932861328,247.1649932861328,247.1649932861328,247.1649932861328,0
2026-09-18 13:08:00,1789751280,LHX,247.08999633789062,247.08999633789062,247.02000427246094,247.0500030517578,596
2026-09-18 13:09:00,1789751340,LHX,246.98500061035156,247.0,246.86000061035156,246.8699951171875,1007
2026-09-18 13:10:00,1789751400,LHX,246.86000061035156,246.88499450683594,246.86000061035156,246.88499450683594,331
2026-09-18 13:11:00,1789751460,LHX,246.88499450683594,246.88499450683594,246.74000549316406,246.74000549316406,2443
2026-09-18 13:12:00,1789751520,LHX,246.80999755859375,246.80999755859375,246.74009704589844,246.80999755859375,476
2026-09-18 13:13:00,1789751580,LHX,246.80499267578125,246.82000732421875,246.50999450683594,246.61000061035156,2698
2026-09-18 13:14:00,1789751640,LHX,246.57000732421875,246.63999938964844,246.57000732421875,246.63999938964844,843
2026-09-18 13:15:00,1789751700,LHX,246.58999633789062,246.60499572753906,246.50999450683594,246.52000427246094,1211
2026-09-18 13:16:00,1789751760,LHX,246.5850067138672,246.5850067138672,246.52000427246094,246.5850067138672,794
2026-09-18 13:17:00,1789751820,LHX,246.5850067138672,246.6300048828125,246.55499267578125,246.6300048828125,830
2026-09-18 13:18:00,1789751880,LHX,246.61000061035156,246.6199951171875,246.5800018310547,246.61500549316406,1127
2026-09-18 13:19:00,1789751940,LHX,246.60499572753906,246.61500549316406,246.60499572753906,246.61500549316406,647
2026-09-18 13:20:00,1789752000,LHX,246.59500122070312,246.59500122070312,246.59500122070312,246.59500122070312,333
2026-09-18 13:21:00,1789752060,LHX,246.63999938964844,246.6898956298828,246.57000732421875,246.6739959716797,2632
2026-09-18 13:22:00,1789752120,LHX,246.63999938964844,246.64500427246094,246.58999633789062,246.64500427246094,645
2026-09-18 13:23:00,1789752180,LHX,246.64500427246094,246.64500427246094,246.6374969482422,246.6374969482422,291
2026-09-18 13:24:00,1789752240,LHX,246.6300048828125,246.64320373535156,246.5500030517578,246.5800018310547,1574
2026-09-18 13:25:00,1789752300,LHX,246.5850067138672,246.64999389648438,246.52999877929688,246.60000610351562,1969
2026-09-18 13:26:00,1789752360,LHX,246.6199951171875,246.66000366210938,246.55999755859375,246.66000366210938,1312
2026-09-18 13:27:00,1789752420,LHX,246.5800018310547,246.77999877929688,246.5800018310547,246.77000427246094,4288
2026-09-18 13:28:00,1789752480,LHX,246.77999877929688,246.77999877929688,246.69749450683594,246.69749450683594,1762
2026-09-18 13:29:00,1789752540,LHX,246.63999938964844,246.6875,246.6300048828125,246.68499755859375,1012
2026-09-18 13:30:00,1789752600,LHX,246.68499755859375,246.69000244140625,246.68499755859375,246.69000244140625,1103
2026-09-18 13:31:00,1789752660,LHX,246.6999969482422,246.6999969482422,246.63999938964844,246.69000244140625,2039
2026-09-18 13:32:00,1789752720,LHX,246.6699981689453,246.6699981689453,246.6300048828125,246.6699981689453,461
2026-09-18 13:33:00,1789752780,LHX,246.6699981689453,246.6699981689453,246.6199951171875,246.625,1219
2026-09-18 13:34:00,1789752840,LHX,246.625,246.625,246.61500549316406,246.61500549316406,873
2026-09-18 13:35:00,1789752900,LHX,246.6699981689453,246.85000610351562,246.6199951171875,246.8300018310547,5132
2026-09-18 13:36:00,1789752960,LHX,246.8300018310547,246.8800048828125,246.72000122070312,246.72500610351562,1430
2026-09-18 13:37:00,1789753020,LHX,246.72000122070312,246.8800048828125,246.72000122070312,246.79750061035156,2325
2026-09-18 13:38:00,1789753080,LHX,246.7899932861328,246.82000732421875,246.7899932861328,246.82000732421875,2719
2026-09-18 13:39:00,1789753140,LHX,246.82000732421875,246.8249969482422,246.80999755859375,246.80999755859375,715
2026-09-18 13:40:00,1789753200,LHX,246.7899932861328,246.80999755859375,246.61000061035156,246.61000061035156,1990
2026-09-18 13:41:00,1789753260,LHX,246.61500549316406,246.6300048828125,246.57000732421875,246.6199951171875,1333
2026-09-18 13:42:00,1789753320,LHX,246.57000732421875,246.6199951171875,246.57000732421875,246.6199951171875,381
2026-09-18 13:43:00,1789753380,LHX,246.625,246.77000427246094,246.625,246.77000427246094,2091
2026-09-18 13:44:00,1789753440,LHX,246.82000732421875,246.89999389648438,246.7899932861328,246.7899932861328,1547
2026-09-18 13:45:00,1789753500,LHX,246.86500549316406,246.9199981689453,246.82000732421875,246.875,483
2026-09-18 13:46:00,1789753560,LHX,246.875,246.92999267578125,246.82000732421875,246.88499450683594,825
2026-09-18 13:47:00,1789753620,LHX,246.83999633789062,246.88999938964844,246.83999633789062,246.88999938964844,1955
2026-09-18 13:48:00,1789753680,LHX,246.88999938964844,246.90499877929688,246.85009765625,246.85009765625,1392
2026-09-18 13:49:00,1789753740,LHX,246.89999389648438,246.89999389648438,246.83999633789062,246.86000061035156,1534
2026-09-18 13:50:00,1789753800,LHX,246.875,246.9398956298828,246.86590576171875,246.8800048828125,549
2026-09-18 13:51:00,1789753860,LHX,246.8800048828125,246.8800048828125,246.80999755859375,246.8300018310547,938
2026-09-18 13:52:00,1789753920,LHX,246.7899932861328,246.8000030517578,246.61000061035156,246.64999389648438,4664
2026-09-18 13:53:00,1789753980,LHX,246.65499877929688,246.66000366210938,246.6199951171875,246.66000366210938,806
2026-09-18 13:54:00,1789754040,LHX,246.66000366210938,246.7100067138672,246.61000061035156,246.61000061035156,669
2026-09-18 13:55:00,1789754100,LHX,246.64500427246094,246.64500427246094,246.58999633789062,246.6199951171875,605
2026-09-18 13:56:00,1789754160,LHX,246.625,246.7198944091797,246.61000061035156,246.6699981689453,3102
2026-09-18 13:57:00,1789754220,LHX,246.6699981689453,246.6699981689453,246.6199951171875,246.6616973876953,538
2026-09-18 13:58:00,1789754280,LHX,246.65499877929688,246.66000366210938,246.65499877929688,246.66000366210938,872
2026-09-18 13:59:00,1789754340,LHX,246.6649932861328,246.82000732421875,246.6649932861328,246.7550048828125,3533
2026-09-18 14:00:00,1789754400,LHX,246.77999877929688,246.875,246.74740600585938,246.86749267578125,4614
2026-09-18 14:01:00,1789754460,LHX,246.875,246.9600067138672,246.875,246.91000366210938,1924
2026-09-18 14:02:00,1789754520,LHX,246.94000244140625,247.14500427246094,246.94000244140625,247.125,3464
2026-09-18 14:03:00,1789754580,LHX,247.1199951171875,247.125,247.00999450683594,247.10000610351562,1666
2026-09-18 14:04:00,1789754640,LHX,247.00999450683594,247.15170288085938,247.00999450683594,247.02000427246094,1026
2026-09-18 14:05:00,1789754700,LHX,247.07749938964844,247.09249877929688,246.89999389648438,246.96499633789062,1737
2026-09-18 14:06:00,1789754760,LHX,246.96499633789062,246.97000122070312,246.96499633789062,246.97000122070312,588
2026-09-18 14:07:00,1789754820,LHX,246.97500610351562,247.02999877929688,246.97500610351562,246.99000549316406,467
2026-09-18 14:08:00,1789754880,LHX,246.9687957763672,247.05999755859375,246.9499969482422,247.03750610351562,1885
2026-09-18 14:09:00,1789754940,LHX,247.02000427246094,247.1199951171875,246.99749755859375,247.03390502929688,1715
2026-09-18 14:10:00,1789755000,LHX,247.05999755859375,247.1199951171875,247.0574951171875,247.1199951171875,1082
2026-09-18 14:11:00,1789755060,LHX,247.0749969482422,247.1199951171875,246.9499969482422,246.9499969482422,1891
2026-09-18 14:12:00,1789755120,LHX,246.9199981689453,246.9199981689453,246.85000610351562,246.86500549316406,1456
2026-09-18 14:13:00,1789755180,LHX,246.8800048828125,246.8800048828125,246.84849548339844,246.8699951171875,704
2026-09-18 14:14:00,1789755240,LHX,246.92999267578125,247.0500030517578,246.88499450683594,247.0399932861328,2145
2026-09-18 14:15:00,1789755300,LHX,247.0399932861328,247.13999938964844,247.0,247.11000061035156,3199
2026-09-18 14:16:00,1789755360,LHX,247.05999755859375,247.15989685058594,247.05999755859375,247.15989685058594,728
2026-09-18 14:17:00,1789755420,LHX,247.1199951171875,247.125,247.08999633789062,247.10499572753906,987
2026-09-18 14:18:00,1789755480,LHX,247.07000732421875,247.1699981689453,247.07000732421875,247.13999938964844,2266
2026-09-18 14:19:00,1789755540,LHX,247.13999938964844,247.30999755859375,247.13999938964844,247.24000549316406,2325
2026-09-18 14:20:00,1789755600,LHX,247.27000427246094,247.27000427246094,247.1699981689453,247.1750030517578,1570
2026-09-18 14:21:00,1789755660,LHX,247.2100067138672,247.25999450683594,247.2100067138672,247.22000122070312,701
2026-09-18 14:22:00,1789755720,LHX,247.22000122070312,247.2899932861328,247.1699981689453,247.2899932861328,1145
2026-09-18 14:23:00,1789755780,LHX,247.2550048828125,247.2550048828125,247.2100067138672,247.24749755859375,808
2026-09-18 14:24:00,1789755840,LHX,247.2550048828125,247.2550048828125,247.1300048828125,247.19000244140625,1901
2026-09-18 14:25:00,1789755900,LHX,247.17750549316406,247.17750549316406,247.0399932861328,247.0850067138672,1382
2026-09-18 14:26:00,1789755960,LHX,247.14999389648438,247.14999389648438,247.08999633789062,247.08999633789062,1270
2026-09-18 14:27:00,1789756020,LHX,247.09500122070312,247.09500122070312,247.09500122070312,247.09500122070312,404
2026-09-18 14:28:00,1789756080,LHX,247.09500122070312,247.09500122070312,247.02999877929688,247.02999877929688,3376
2026-09-18 14:29:00,1789756140,LHX,247.0399932861328,247.41000366210938,247.0399932861328,247.36000061035156,12197
2026-09-18 14:30:00,1789756200,LHX,247.35499572753906,247.42999267578125,247.35499572753906,247.42999267578125,891
2026-09-18 14:31:00,1789756260,LHX,247.43499755859375,247.44500732421875,247.25999450683594,247.25999450683594,1286
2026-09-18 14:32:00,1789756320,LHX,247.39999389648438,247.39999389648438,247.32000732421875,247.32000732421875,2119
2026-09-18 14:33:00,1789756380,LHX,247.33999633789062,247.33999633789062,247.3300018310547,247.3300018310547,780
2026-09-18 14:34:00,1789756440,LHX,247.34500122070312,247.35000610351562,247.33389282226562,247.35000610351562,947
2026-09-18 14:35:00,1789756500,LHX,247.36000061035156,247.39999389648438,247.35000610351562,247.3699951171875,956
2026-09-18 14:36:00,1789756560,LHX,247.375,247.4499969482422,247.35000610351562,247.4499969482422,1830
2026-09-18 14:37:00,1789756620,LHX,247.5198974609375,247.52999877929688,247.4600067138672,247.49000549316406,1350
2026-09-18 14:38:00,1789756680,LHX,247.4949951171875,247.55999755859375,247.4875030517578,247.55999755859375,1275
2026-09-18 14:39:00,1789756740,LHX,247.55999755859375,247.64999389648438,247.52999877929688,247.61000061035156,2730
2026-09-18 14:40:00,1789756800,LHX,247.60000610351562,247.60000610351562,247.58999633789062,247.60000610351562,616
2026-09-18 14:41:00,1789756860,LHX,247.60000610351562,247.7899932861328,247.5800018310547,247.7899932861328,2877
2026-09-18 14:42:00,1789756920,LHX,247.7899932861328,247.83990478515625,247.7100067138672,247.75999450683594,1640
2026-09-18 14:43:00,1789756980,LHX,247.75999450683594,247.77000427246094,247.63999938964844,247.63999938964844,1262
2026-09-18 14:44:00,1789757040,LHX,247.5850067138672,247.67750549316406,247.5500030517578,247.5500030517578,1392
2026-09-18 14:45:00,1789757100,LHX,247.55999755859375,247.55999755859375,247.41009521484375,247.47999572753906,1599
2026-09-18 14:46:00,1789757160,LHX,247.47999572753906,247.7100067138672,247.4199981689453,247.64999389648438,4667
2026-09-18 14:47:00,1789757220,LHX,247.68499755859375,247.75,247.61000061035156,247.61000061035156,4556
2026-09-18 14:48:00,1789757280,LHX,247.61000061035156,247.61000061035156,247.4199981689453,247.49249267578125,1196
2026-09-18 14:49:00,1789757340,LHX,247.4199981689453,247.5,247.38999938964844,247.41000366210938,1240
2026-09-18 14:50:00,1789757400,LHX,247.33999633789062,247.35499572753906,247.19000244140625,247.22999572753906,2139
2026-09-18 14:51:00,1789757460,LHX,247.3000030517578,247.42999267578125,247.29249572753906,247.3699951171875,2215
2026-09-18 14:52:00,1789757520,LHX,247.32000732421875,247.3699951171875,247.19000244140625,247.2100067138672,5447
2026-09-18 14:53:00,1789757580,LHX,247.05999755859375,247.27000427246094,247.05999755859375,247.22500610351562,1129
2026-09-18 14:54:00,1789757640,LHX,247.3000030517578,247.3000030517578,247.2100067138672,247.2100067138672,1644
2026-09-18 14:55:00,1789757700,LHX,247.23500061035156,247.23500061035156,247.10000610351562,247.1300048828125,895
2026-09-18 14:56:00,1789757760,LHX,247.1300048828125,247.22000122070312,247.1300048828125,247.17999267578125,1163
2026-09-18 14:57:00,1789757820,LHX,247.17999267578125,247.3000030517578,247.17999267578125,247.27749633789062,1663
2026-09-18 14:58:00,1789757880,LHX,247.2100067138672,247.33999633789062,247.1999969482422,247.33999633789062,1881
2026-09-18 14:59:00,1789757940,LHX,247.2550048828125,247.27000427246094,247.2550048828125,247.26499938964844,966
2026-09-18 15:00:00,1789758000,LHX,247.26499938964844,247.2675018310547,247.26499938964844,247.2675018310547,766
2026-09-18 15:01:00,1789758060,LHX,247.27000427246094,247.27000427246094,247.10499572753906,247.1300048828125,2792
2026-09-18 15:02:00,1789758120,LHX,247.1300048828125,247.1300048828125,246.6649932861328,246.6649932861328,2783
2026-09-18 15:03:00,1789758180,LHX,246.6875,246.8300018310547,246.6649932861328,246.7375030517578,1757
2026-09-18 15:04:00,1789758240,LHX,246.74000549316406,246.91000366210938,246.74000549316406,246.88999938964844,3869
2026-09-18 15:05:00,1789758300,LHX,246.88999938964844,246.99000549316406,246.77499389648438,246.99000549316406,2927
2026-09-18 15:06:00,1789758360,LHX,246.99000549316406,247.08999633789062,246.93609619140625,247.0800018310547,2807
2026-09-18 15:07:00,1789758420,LHX,247.0850067138672,247.0850067138672,247.02000427246094,247.0850067138672,920
2026-09-18 15:08:00,1789758480,LHX,247.0399932861328,247.25,246.99000549316406,247.24000549316406,3601
2026-09-18 15:09:00,1789758540,LHX,247.25,247.25,247.10000610351562,247.1699981689453,951
2026-09-18 15:10:00,1789758600,LHX,247.11000061035156,247.27000427246094,247.10499572753906,247.25999450683594,2938
2026-09-18 15:11:00,1789758660,LHX,247.33999633789062,247.5225067138672,247.33999633789062,247.4600067138672,2606
2026-09-18 15:12:00,1789758720,LHX,247.38999938964844,247.5800018310547,247.38999938964844,247.48500061035156,2763
2026-09-18 15:13:00,1789758780,LHX,247.48500061035156,247.48500061035156,247.27999877929688,247.27999877929688,1613
2026-09-18 15:14:00,1789758840,LHX,247.3350067138672,247.39999389648438,247.25999450683594,247.25999450683594,1353
2026-09-18 15:15:00,1789758900,LHX,247.30250549316406,247.33999633789062,247.1649932861328,247.30499267578125,2952
2026-09-18 15:16:00,1789758960,LHX,247.30499267578125,247.47000122070312,247.30499267578125,247.47000122070312,1697
2026-09-18 15:17:00,1789759020,LHX,247.41000366210938,247.41000366210938,247.25999450683594,247.3249969482422,6474
2026-09-18 15:18:00,1789759080,LHX,247.3249969482422,247.3300018310547,247.3249969482422,247.3300018310547,1117
2026-09-18 15:19:00,1789759140,LHX,247.3300018310547,247.3800048828125,247.3175048828125,247.37559509277344,2632
2026-09-18 15:20:00,1789759200,LHX,247.34500122070312,247.47999572753906,247.3300018310547,247.39500427246094,2447
2026-09-18 15:21:00,1789759260,LHX,247.4199981689453,247.4199981689453,247.2899932861328,247.2899932861328,0
2026-09-18 15:22:00,1789759320,LHX,247.28500366210938,247.3000030517578,247.27999877929688,247.3000030517578,1289
2026-09-18 15:23:00,1789759380,LHX,247.3488006591797,247.35000610351562,247.1699981689453,247.1699981689453,1937
2026-09-18 15:24:00,1789759440,LHX,247.17750549316406,247.27000427246094,247.1750030517578,247.24000549316406,1857
2026-09-18 15:25:00,1789759500,LHX,247.27000427246094,247.27999877929688,247.22500610351562,247.22500610351562,2959
2026-09-18 15:26:00,1789759560,LHX,247.3350067138672,247.3699951171875,247.3000030517578,247.3350067138672,3004
2026-09-18 15:27:00,1789759620,LHX,247.50999450683594,247.50999450683594,247.4199981689453,247.4199981689453,2907
2026-09-18 15:28:00,1789759680,LHX,247.38999938964844,247.42999267578125,247.3699951171875,247.38999938964844,1185
2026-09-18 15:29:00,1789759740,LHX,247.49000549316406,247.5800018310547,247.28500366210938,247.55999755859375,5120
2026-09-18 15:30:00,1789759800,LHX,247.60000610351562,247.60000610351562,247.47999572753906,247.47999572753906,9328
2026-09-18 15:31:00,1789759860,LHX,247.50999450683594,247.50999450683594,247.41000366210938,247.42990112304688,4903
2026-09-18 15:32:00,1789759920,LHX,247.41000366210938,247.44000244140625,247.3524932861328,247.3524932861328,1613
2026-09-18 15:33:00,1789759980,LHX,247.3000030517578,247.33999633789062,247.24000549316406,247.2949981689453,1547
2026-09-18 15:34:00,1789760040,LHX,247.2899932861328,247.35000610351562,247.18499755859375,247.2449951171875,4565
2026-09-18 15:35:00,1789760100,LHX,247.2550048828125,247.41000366210938,247.2550048828125,247.3300018310547,8052
2026-09-18 15:36:00,1789760160,LHX,247.34500122070312,247.44000244140625,247.25999450683594,247.38499450683594,3561
2026-09-18 15:36:45,1789760205,LHX,247.4199981689453,247.4199981689453,247.4199981689453,247.4199981689453,0
2026-09-18 15:37:00,1789760220,LHX,247.38499450683594,247.57000732421875,247.38499450683594,247.56500244140625,2628
2026-09-18 15:38:00,1789760280,LHX,247.52999877929688,247.64999389648438,247.48500061035156,247.60499572753906,2630
2026-09-18 15:39:00,1789760340,LHX,247.59750366210938,247.6300048828125,247.52999877929688,247.60000610351562,2891
2026-09-18 15:40:00,1789760400,LHX,247.6199951171875,247.6199951171875,247.5449981689453,247.60000610351562,3292
2026-09-18 15:41:00,1789760460,LHX,247.63999938964844,247.72999572753906,247.5850067138672,247.72000122070312,4944
2026-09-18 15:42:00,1789760520,LHX,247.72999572753906,247.7899932861328,247.67999267578125,247.72500610351562,3334
2026-09-18 15:43:00,1789760580,LHX,247.7449951171875,247.8000030517578,247.72000122070312,247.72999572753906,3128
2026-09-18 15:44:00,1789760640,LHX,247.75999450683594,247.8000030517578,247.63999938964844,247.72000122070312,4181
2026-09-18 15:45:00,1789760700,LHX,247.6699981689453,248.0,247.66000366210938,247.9499969482422,8335
2026-09-18 15:46:00,1789760760,LHX,247.9499969482422,248.0,247.8699951171875,247.89500427246094,3450
2026-09-18 15:47:00,1789760820,LHX,247.94000244140625,248.10000610351562,247.91000366210938,248.02000427246094,4938
2026-09-18 15:48:00,1789760880,LHX,248.10000610351562,248.1300048828125,247.89999389648438,248.0800018310547,5553
2026-09-18 15:49:00,1789760940,LHX,248.0800018310547,248.3699951171875,248.0800018310547,248.2899932861328,11341
2026-09-18 15:50:00,1789761000,LHX,248.36000061035156,248.36000061035156,247.83999633789062,247.9199981689453,10805
2026-09-18 15:51:00,1789761060,LHX,247.86000061035156,248.0,247.77999877929688,247.9600067138672,7224
2026-09-18 15:52:00,1789761120,LHX,247.9199981689453,247.9199981689453,247.64999389648438,247.77499389648438,9042
2026-09-18 15:53:00,1789761180,LHX,247.77999877929688,247.8300018310547,247.47999572753906,247.52000427246094,5675
2026-09-18 15:54:00,1789761240,LHX,247.5050048828125,247.61000061035156,247.44000244140625,247.52000427246094,8731
2026-09-18 15:55:00,1789761300,LHX,247.4600067138672,247.5500030517578,247.30999755859375,247.3350067138672,11665
2026-09-18 15:56:00,1789761360,LHX,247.3350067138672,247.3800048828125,246.7899932861328,246.82000732421875,17096
2026-09-18 15:57:00,1789761420,LHX,246.82000732421875,246.92999267578125,246.60000610351562,246.72999572753906,27475
2026-09-18 15:58:00,1789761480,LHX,246.72000122070312,246.97000122070312,246.69000244140625,246.89500427246094,50422
2026-09-18 15:59:00,1789761540,LHX,246.89999389648438,247.25,246.86000061035156,247.17999267578125,99782
2026-09-18 16:00:00,1789761600,LHX,247.2899932861328,247.2899932861328,247.2899932861328,247.2899932861328,0
2026-09-21 09:30:00,1789997400,LHX,246.61000061035156,248.10000610351562,246.11590576171875,248.10000610351562,18573
2026-09-21 09:31:00,1789997460,LHX,247.5500030517578,247.5500030517578,247.5500030517578,247.5500030517578,287
2026-09-21 09:32:00,1789997520,LHX,247.22500610351562,247.52499389648438,247.0,247.0,1313
2026-09-21 09:33:00,1789997580,LHX,247.61000061035156,247.75,247.30999755859375,247.67999267578125,1763
2026-09-21 09:34:00,1789997640,LHX,247.59979248046875,247.8300018310547,247.25,247.4949951171875,1592
2026-09-21 09:35:00,1789997700,LHX,247.00999450683594,247.41000366210938,247.00100708007812,247.07000732421875,1518
2026-09-21 09:36:00,1789997760,LHX,247.40499877929688,247.5800018310547,247.08999633789062,247.5800018310547,1174
2026-09-21 09:37:00,1789997820,LHX,247.4600067138672,247.51499938964844,247.1199951171875,247.1199951171875,686
2026-09-21 09:38:00,1789997880,LHX,247.2100067138672,247.44000244140625,246.63999938964844,246.63999938964844,1570
2026-09-21 09:39:00,1789997940,LHX,246.8000030517578,246.83999633789062,246.50999450683594,246.83999633789062,1068
2026-09-21 09:40:00,1789998000,LHX,246.86000061035156,246.9355926513672,246.66000366210938,246.80499267578125,867
2026-09-21 09:41:00,1789998060,LHX,246.9199981689453,247.17999267578125,246.7899932861328,246.94000244140625,5128
2026-09-21 09:42:00,1789998120,LHX,246.8800048828125,246.8800048828125,246.5,246.51499938964844,2201
2026-09-21 09:43:00,1789998180,LHX,246.38999938964844,246.38999938964844,246.38999938964844,246.38999938964844,413
2026-09-21 09:44:00,1789998240,LHX,246.48500061035156,246.5500030517578,246.33999633789062,246.39999389648438,1920
2026-09-21 09:45:00,1789998300,LHX,246.4550018310547,246.47000122070312,246.1199951171875,246.38999938964844,8515
2026-09-21 09:46:00,1789998360,LHX,246.35000610351562,246.66000366210938,246.35000610351562,246.6300048828125,2965
2026-09-21 09:47:00,1789998420,LHX,246.5500030517578,246.69000244140625,246.5,246.67999267578125,2771
2026-09-21 09:48:00,1789998480,LHX,246.66000366210938,246.68310546875,246.5500030517578,246.61500549316406,2087
2026-09-21 09:49:00,1789998540,LHX,246.7198944091797,246.7899932861328,246.50999450683594,246.75,3873
2026-09-21 09:50:00,1789998600,LHX,246.74000549316406,246.9499969482422,246.74000549316406,246.92999267578125,3592
2026-09-21 09:51:00,1789998660,LHX,246.94000244140625,247.0,246.83999633789062,246.92999267578125,2667
2026-09-21 09:52:00,1789998720,LHX,247.01499938964844,247.02999877929688,246.86000061035156,246.98809814453125,2663
2026-09-21 09:53:00,1789998780,LHX,246.8300018310547,246.83999633789062,246.49000549316406,246.52999877929688,3079
2026-09-21 09:54:00,1789998840,LHX,246.47999572753906,246.52999877929688,246.25999450683594,246.25999450683594,2036
2026-09-21 09:55:00,1789998900,LHX,246.2550048828125,246.3699951171875,246.24000549316406,246.30999755859375,2973
2026-09-21 09:56:00,1789998960,LHX,246.27999877929688,246.33999633789062,246.07000732421875,246.13999938964844,3941
2026-09-21 09:57:00,1789999020,LHX,246.19000244140625,246.26499938964844,245.82000732421875,245.94500732421875,6099
2026-09-21 09:58:00,1789999080,LHX,245.86000061035156,245.875,245.72000122070312,245.7899932861328,2332
2026-09-21 09:59:00,1789999140,LHX,245.91000366210938,245.91000366210938,245.80999755859375,245.8800048828125,675
2026-09-21 10:00:00,1789999200,LHX,245.83999633789062,245.9499969482422,245.64999389648438,245.75,2553
2026-09-21 10:01:00,1789999260,LHX,245.7100067138672,245.76499938964844,245.64999389648438,245.74000549316406,1633
2026-09-21 10:02:00,1789999320,LHX,245.75999450683594,245.9199981689453,245.74000549316406,245.90249633789062,2568
2026-09-21 10:03:00,1789999380,LHX,245.7899932861328,245.80999755859375,245.6649932861328,245.76499938964844,5391
2026-09-21 10:04:00,1789999440,LHX,245.86000061035156,245.89999389648438,245.72999572753906,245.7899932861328,2474
2026-09-21 10:05:00,1789999500,LHX,245.78500366210938,245.78500366210938,245.43499755859375,245.44500732421875,3858
2026-09-21 10:06:00,1789999560,LHX,245.3800048828125,245.41000366210938,245.22000122070312,245.3000030517578,6641
2026-09-21 10:07:00,1789999620,LHX,245.27000427246094,245.27000427246094,244.9503936767578,245.09100341796875,8803
2026-09-21 10:08:00,1789999680,LHX,245.10000610351562,245.16000366210938,245.06500244140625,245.10000610351562,1374
2026-09-21 10:09:00,1789999740,LHX,245.09500122070312,245.17999267578125,244.91000366210938,245.0500030517578,3288
2026-09-21 10:10:00,1789999800,LHX,245.02749633789062,245.0399932861328,244.98500061035156,245.0,1348
2026-09-21 10:11:00,1789999860,LHX,245.00999450683594,245.13999938964844,245.0,245.0500030517578,2488
2026-09-21 10:12:00,1789999920,LHX,244.99000549316406,245.15989685058594,244.99000549316406,245.15989685058594,1765
2026-09-21 10:13:00,1789999980,LHX,245.10000610351562,245.3300018310547,245.10000610351562,245.22999572753906,5125
2026-09-21 10:14:00,1790000040,LHX,245.24000549316406,245.42999267578125,245.24000549316406,245.41000366210938,3215
2026-09-21 10:15:00,1790000100,LHX,245.41000366210938,245.47000122070312,245.39999389648438,245.41000366210938,2102
2026-09-21 10:16:00,1790000160,LHX,245.4199981689453,245.5399932861328,245.4199981689453,245.5,2231
2026-09-21 10:17:00,1790000220,LHX,245.5050048828125,245.67999267578125,245.49009704589844,245.64500427246094,16503
2026-09-21 10:18:00,1790000280,LHX,245.63999938964844,245.63999938964844,245.63999938964844,245.63999938964844,514
2026-09-21 10:19:00,1790000340,LHX,245.64999389648438,245.7100067138672,245.58999633789062,245.66000366210938,791
2026-09-21 10:20:00,1790000400,LHX,245.74000549316406,245.75999450683594,245.6699981689453,245.6699981689453,2598
2026-09-21 10:21:00,1790000460,LHX,245.66000366210938,245.82000732421875,245.66000366210938,245.66000366210938,3311
2026-09-21 10:22:00,1790000520,LHX,245.7100067138672,245.86000061035156,245.66000366210938,245.86000061035156,3429
2026-09-21 10:23:00,1790000580,LHX,245.83999633789062,245.83999633789062,245.69000244140625,245.6999969482422,2352
2026-09-21 10:24:00,1790000640,LHX,245.69000244140625,245.72000122070312,245.55999755859375,245.60499572753906,2616
2026-09-21 10:25:00,1790000700,LHX,245.63999938964844,245.74000549316406,245.5800018310547,245.5800018310547,2077
2026-09-21 10:26:00,1790000760,LHX,245.5800018310547,245.5800018310547,245.39999389648438,245.5399932861328,4635
2026-09-21 10:27:00,1790000820,LHX,245.5,245.5,245.36000061035156,245.42999267578125,2933
2026-09-21 10:28:00,1790000880,LHX,245.49000549316406,245.5449981689453,245.4499969482422,245.4600067138672,820
2026-09-21 10:29:00,1790000940,LHX,245.44500732421875,245.51499938964844,245.39999389648438,245.39999389648438,1922
2026-09-21 10:30:00,1790001000,LHX,245.38999938964844,245.53500366210938,245.38999938964844,245.53500366210938,1352
2026-09-21 10:31:00,1790001060,LHX,245.6199951171875,245.64999389648438,245.4882049560547,245.57000732421875,2270
2026-09-21 10:32:00,1790001120,LHX,245.52999877929688,245.52999877929688,245.36000061035156,245.39999389648438,2369
2026-09-21 10:33:00,1790001180,LHX,245.39999389648438,245.52499389648438,245.39999389648438,245.50999450683594,2052
2026-09-21 10:34:00,1790001240,LHX,245.47000122070312,245.47000122070312,245.1750030517578,245.17999267578125,2659
2026-09-21 10:35:00,1790001300,LHX,245.29539489746094,245.32000732421875,245.2100067138672,245.30999755859375,3278
2026-09-21 10:36:00,1790001360,LHX,245.2899932861328,245.2899932861328,245.1649932861328,245.23500061035156,2107
2026-09-21 10:37:00,1790001420,LHX,245.23500061035156,245.48939514160156,245.23500061035156,245.48939514160156,2416
2026-09-21 10:38:00,1790001480,LHX,245.5,245.74000549316406,245.47999572753906,245.67999267578125,4638
2026-09-21 10:39:00,1790001540,LHX,245.75999450683594,245.81500244140625,245.75,245.81500244140625,1851
2026-09-21 10:40:00,1790001600,LHX,245.86000061035156,245.91000366210938,245.6699981689453,245.74000549316406,5338
2026-09-21 10:41:00,1790001660,LHX,245.86000061035156,245.94500732421875,245.7899932861328,245.84500122070312,2780
2026-09-21 10:42:00,1790001720,LHX,245.83999633789062,246.16000366210938,245.83999633789062,246.16000366210938,4915
2026-09-21 10:43:00,1790001780,LHX,246.10000610351562,246.16000366210938,245.86000061035156,245.97500610351562,2232
2026-09-21 10:44:00,1790001840,LHX,245.97999572753906,246.08999633789062,245.77999877929688,245.8000030517578,1857
2026-09-21 10:45:00,1790001900,LHX,245.8300018310547,245.8300018310547,245.58999633789062,245.58999633789062,2764
2026-09-21 10:46:00,1790001960,LHX,245.6300048828125,245.70249938964844,245.6300048828125,245.69500732421875,2798
2026-09-21 10:47:00,1790002020,LHX,245.67999267578125,245.6824951171875,245.52749633789062,245.55999755859375,2562
2026-09-21 10:48:00,1790002080,LHX,245.56500244140625,245.75999450683594,245.50999450683594,245.625,4407
2026-09-21 10:49:00,1790002140,LHX,245.625,245.64999389648438,245.625,245.625,844
2026-09-21 10:50:00,1790002200,LHX,245.6300048828125,245.9499969482422,245.6300048828125,245.77000427246094,5763
2026-09-21 10:51:00,1790002260,LHX,245.85499572753906,246.1199951171875,245.85000610351562,246.1199951171875,1713
2026-09-21 10:52:00,1790002320,LHX,246.1300048828125,246.24000549316406,246.02999877929688,246.1699981689453,3279
2026-09-21 10:53:00,1790002380,LHX,246.19000244140625,246.52000427246094,246.19000244140625,246.31500244140625,3669
2026-09-21 10:54:00,1790002440,LHX,246.35000610351562,246.35000610351562,246.1999969482422,246.22999572753906,1381
2026-09-21 10:55:00,1790002500,LHX,246.31500244140625,246.31500244140625,246.27499389648438,246.28500366210938,1348
2026-09-21 10:56:00,1790002560,LHX,246.2899932861328,246.33999633789062,246.2899932861328,246.33999633789062,960
2026-09-21 10:57:00,1790002620,LHX,246.30499267578125,246.52999877929688,246.30499267578125,246.4250030517578,2216
2026-09-21 10:58:00,1790002680,LHX,246.4250030517578,246.4250030517578,246.27000427246094,246.27999877929688,2421
2026-09-21 10:59:00,1790002740,LHX,246.27000427246094,246.4199981689453,246.19000244140625,246.27000427246094,6958
2026-09-21 11:00:00,1790002800,LHX,246.2899932861328,246.5,246.2899932861328,246.4425048828125,3242
2026-09-21 11:01:00,1790002860,LHX,246.5,246.77000427246094,246.4199981689453,246.6300048828125,7461
2026-09-21 11:02:00,1790002920,LHX,246.60499572753906,246.64999389648438,246.5500030517578,246.64999389648438,433
2026-09-21 11:03:00,1790002980,LHX,246.6699981689453,246.72000122070312,246.58999633789062,246.69500732421875,3133
2026-09-21 11:04:00,1790003040,LHX,246.7050018310547,246.74000549316406,246.58999633789062,246.74000549316406,2435
2026-09-21 11:05:00,1790003100,LHX,246.74989318847656,246.78500366210938,246.74989318847656,246.78500366210938,951
2026-09-21 11:06:00,1790003160,LHX,246.75999450683594,246.75999450683594,246.64500427246094,246.64500427246094,1563
2026-09-21 11:07:00,1790003220,LHX,246.67999267578125,246.875,246.67999267578125,246.83999633789062,4379
2026-09-21 11:08:00,1790003280,LHX,246.83999633789062,246.94000244140625,246.7899932861328,246.90499877929688,3023
2026-09-21 11:09:00,1790003340,LHX,246.90499877929688,246.9199981689453,246.80479431152344,246.9199981689453,4664
2026-09-21 11:10:00,1790003400,LHX,246.88999938964844,246.94000244140625,246.8000030517578,246.86500549316406,1693
2026-09-21 11:11:00,1790003460,LHX,246.86500549316406,246.8699951171875,246.74000549316406,246.74000549316406,2112
2026-09-21 11:12:00,1790003520,LHX,246.74000549316406,246.85000610351562,246.74000549316406,246.85000610351562,1375
2026-09-21 11:13:00,1790003580,LHX,246.85499572753906,246.99989318847656,246.85499572753906,246.97999572753906,2590
2026-09-21 11:14:00,1790003640,LHX,246.99000549316406,247.1199951171875,246.9600067138672,247.0399932861328,2594
2026-09-21 11:15:00,1790003700,LHX,246.97000122070312,247.0449981689453,246.97000122070312,247.0449981689453,771
2026-09-21 11:16:00,1790003760,LHX,247.1199951171875,247.1199951171875,246.97999572753906,247.00999450683594,3134
2026-09-21 11:17:00,1790003820,LHX,247.05999755859375,247.1300048828125,246.9875030517578,247.1300048828125,1348
2026-09-21 11:18:00,1790003880,LHX,247.10000610351562,247.13999938964844,247.0,247.0,1137
2026-09-21 11:19:00,1790003940,LHX,247.05999755859375,247.05999755859375,247.0399932861328,247.0399932861328,528
2026-09-21 11:20:00,1790004000,LHX,247.05999755859375,247.14999389648438,246.99000549316406,247.11000061035156,1943
2026-09-21 11:21:00,1790004060,LHX,247.0800018310547,247.1699981689453,247.00999450683594,247.1699981689453,2025
2026-09-21 11:22:00,1790004120,LHX,247.14999389648438,247.1999969482422,247.10499572753906,247.14999389648438,7734
2026-09-21 11:23:00,1790004180,LHX,247.10000610351562,247.1199951171875,246.9600067138672,247.1199951171875,2079
2026-09-21 11:24:00,1790004240,LHX,247.05499267578125,247.0596923828125,247.05499267578125,247.0596923828125,304
2026-09-21 11:25:00,1790004300,LHX,247.03500366210938,247.10989379882812,247.02999877929688,247.08999633789062,1256
2026-09-21 11:26:00,1790004360,LHX,247.02999877929688,247.02999877929688,246.91000366210938,247.0,2039
2026-09-21 11:27:00,1790004420,LHX,247.0,247.00999450683594,246.92999267578125,247.00999450683594,1436
2026-09-21 11:28:00,1790004480,LHX,247.00999450683594,247.0399932861328,246.86000061035156,246.94000244140625,1693
2026-09-21 11:29:00,1790004540,LHX,246.94000244140625,246.96499633789062,246.88999938964844,246.88999938964844,1131
2026-09-21 11:30:00,1790004600,LHX,246.91000366210938,246.9250030517578,246.8300018310547,246.8300018310547,1121
2026-09-21 11:31:00,1790004660,LHX,246.875,246.97000122070312,246.8699951171875,246.97000122070312,2955
2026-09-21 11:32:00,1790004720,LHX,246.99000549316406,247.22000122070312,246.99000549316406,247.1699981689453,3454
2026-09-21 11:33:00,1790004780,LHX,247.1199951171875,247.25999450683594,247.10000610351562,247.1699981689453,8506
2026-09-21 11:34:00,1790004840,LHX,247.1699981689453,247.1699981689453,247.00999450683594,247.0200958251953,4443
2026-09-21 11:35:00,1790004900,LHX,247.08999633789062,247.125,246.93499755859375,247.02000427246094,1665
2026-09-21 11:36:00,1790004960,LHX,247.02000427246094,247.02000427246094,247.02000427246094,247.02000427246094,255
2026-09-21 11:37:00,1790005020,LHX,247.00999450683594,247.14999389648438,247.00999450683594,247.14999389648438,1680
2026-09-21 11:38:00,1790005080,LHX,247.10499572753906,247.2100067138672,247.08999633789062,247.08999633789062,2244
2026-09-21 11:39:00,1790005140,LHX,247.125,247.19000244140625,247.125,247.16000366210938,766
2026-09-21 11:40:00,1790005200,LHX,247.09500122070312,247.2899932861328,247.09500122070312,247.1649932861328,3897
2026-09-21 11:41:00,1790005260,LHX,247.1649932861328,247.1649932861328,247.1649932861328,247.1649932861328,519
2026-09-21 11:42:00,1790005320,LHX,247.1649932861328,247.2100067138672,247.02000427246094,247.02000427246094,1605
2026-09-21 11:43:00,1790005380,LHX,247.0500030517578,247.0800018310547,246.94000244140625,246.94000244140625,3320
2026-09-21 11:44:00,1790005440,LHX,246.94000244140625,247.02999877929688,246.92999267578125,246.92999267578125,1315
2026-09-21 11:45:00,1790005500,LHX,246.92999267578125,246.92999267578125,246.92999267578125,246.92999267578125,94
2026-09-21 11:46:00,1790005560,LHX,246.97000122070312,247.08999633789062,246.91000366210938,247.07000732421875,2263
2026-09-21 11:47:00,1790005620,LHX,247.10000610351562,247.2100067138672,247.08999633789062,247.1300048828125,2907
2026-09-21 11:48:00,1790005680,LHX,247.11000061035156,247.13499450683594,247.02000427246094,247.02000427246094,906
2026-09-21 11:49:00,1790005740,LHX,247.02000427246094,247.0800018310547,246.9600067138672,246.99000549316406,1910
2026-09-21 11:50:00,1790005800,LHX,247.0399932861328,247.1999969482422,247.0399932861328,247.1300048828125,3074
2026-09-21 11:51:00,1790005860,LHX,247.11000061035156,247.11000061035156,247.01499938964844,247.0800018310547,1082
2026-09-21 11:52:00,1790005920,LHX,247.0850067138672,247.0850067138672,247.06500244140625,247.06509399414062,341
2026-09-21 11:53:00,1790005980,LHX,247.16000366210938,247.16000366210938,246.8800048828125,246.9324951171875,1879
2026-09-21 11:54:00,1790006040,LHX,246.92999267578125,246.92999267578125,246.92999267578125,246.92999267578125,458
2026-09-21 11:55:00,1790006100,LHX,246.94000244140625,247.02999877929688,246.94000244140625,246.97999572753906,3633
2026-09-21 11:56:00,1790006160,LHX,246.99000549316406,247.07000732421875,246.8300018310547,246.8300018310547,6778
2026-09-21 11:57:00,1790006220,LHX,246.80850219726562,246.85000610351562,246.75,246.85000610351562,971
2026-09-21 11:58:00,1790006280,LHX,246.91000366210938,246.91000366210938,246.85499572753906,246.8800048828125,1730
2026-09-21 11:59:00,1790006340,LHX,246.91000366210938,247.00999450683594,246.91000366210938,247.00999450683594,1940
2026-09-21 12:00:00,1790006400,LHX,246.97999572753906,246.97999572753906,246.8699951171875,246.9550018310547,1663
2026-09-21 12:01:00,1790006460,LHX,246.9720001220703,247.04249572753906,246.9600067138672,247.02999877929688,1983
2026-09-21 12:02:00,1790006520,LHX,247.02000427246094,247.02000427246094,247.01499938964844,247.01499938964844,424
2026-09-21 12:03:00,1790006580,LHX,247.05999755859375,247.16000366210938,247.05999755859375,247.11000061035156,2507
2026-09-21 12:04:00,1790006640,LHX,247.1699981689453,247.22000122070312,247.1699981689453,247.22000122070312,929
2026-09-21 12:05:00,1790006700,LHX,247.23500061035156,247.23500061035156,247.14999389648438,247.22999572753906,960
2026-09-21 12:06:00,1790006760,LHX,247.18499755859375,247.18499755859375,247.17999267578125,247.18499755859375,451
2026-09-21 12:07:00,1790006820,LHX,247.1824951171875,247.32000732421875,247.1824951171875,247.32000732421875,2568
2026-09-21 12:08:00,1790006880,LHX,247.26010131835938,247.4398956298828,247.26010131835938,247.3699951171875,1801
2026-09-21 12:09:00,1790006940,LHX,247.36000061035156,247.5749969482422,247.36000061035156,247.5749969482422,1292
2026-09-21 12:10:00,1790007000,LHX,247.60000610351562,247.69000244140625,247.59500122070312,247.63999938964844,532
2026-09-21 12:11:00,1790007060,LHX,247.69000244140625,247.74000549316406,247.55999755859375,247.55999755859375,2151
2026-09-21 12:12:00,1790007120,LHX,247.49000549316406,247.49000549316406,247.44000244140625,247.44000244140625,726
2026-09-21 12:13:00,1790007180,LHX,247.46499633789062,247.49609375,247.42999267578125,247.4600067138672,1437
2026-09-21 12:14:00,1790007240,LHX,247.4600067138672,247.47000122070312,247.4600067138672,247.47000122070312,288
2026-09-21 12:15:00,1790007300,LHX,247.4550018310547,247.5800018310547,247.4550018310547,247.53500366210938,2220
2026-09-21 12:16:00,1790007360,LHX,247.52499389648438,247.6199951171875,247.49000549316406,247.50999450683594,4158
2026-09-21 12:17:00,1790007420,LHX,247.5,247.5,247.1999969482422,247.1999969482422,894
2026-09-21 12:18:00,1790007480,LHX,247.1750030517578,247.24000549316406,247.1750030517578,247.24000549316406,360
2026-09-21 12:19:00,1790007540,LHX,247.24000549316406,247.38999938964844,247.24000549316406,247.36500549316406,3041
2026-09-21 12:20:00,1790007600,LHX,247.3300018310547,247.4499969482422,247.30999755859375,247.44500732421875,2599
2026-09-21 12:21:00,1790007660,LHX,247.47000122070312,247.47000122070312,247.39999389648438,247.39999389648438,767
2026-09-21 12:22:00,1790007720,LHX,247.3300018310547,247.4199981689453,247.30999755859375,247.4199981689453,1255
2026-09-21 12:23:00,1790007780,LHX,247.4199981689453,247.52999877929688,247.39999389648438,247.47999572753906,1840
2026-09-21 12:24:00,1790007840,LHX,247.5399932861328,247.5399932861328,247.39999389648438,247.4199981689453,769
2026-09-21 12:25:00,1790007900,LHX,247.4199981689453,247.4199981689453,247.35000610351562,247.35000610351562,1210
2026-09-21 12:26:00,1790007960,LHX,247.4199981689453,247.6199951171875,247.4199981689453,247.60499572753906,3224
2026-09-21 12:27:00,1790008020,LHX,247.61500549316406,247.6490020751953,247.5800018310547,247.5800018310547,676
2026-09-21 12:28:00,1790008080,LHX,247.61500549316406,248.17999267578125,247.61500549316406,247.97000122070312,9290
2026-09-21 12:29:00,1790008140,LHX,247.9199981689453,247.97000122070312,247.77999877929688,247.77999877929688,3908
2026-09-21 12:30:00,1790008200,LHX,247.75999450683594,247.85000610351562,247.75999450683594,247.80999755859375,2072
2026-09-21 12:31:00,1790008260,LHX,247.80999755859375,247.8300018310547,247.72000122070312,247.8300018310547,838
2026-09-21 12:32:00,1790008320,LHX,247.8300018310547,247.85000610351562,247.7899932861328,247.85000610351562,630
2026-09-21 12:33:00,1790008380,LHX,247.8699951171875,247.89999389648438,247.86000061035156,247.86500549316406,1620
2026-09-21 12:34:00,1790008440,LHX,247.8300018310547,247.8300018310547,247.80999755859375,247.80999755859375,251
2026-09-21 12:35:00,1790008500,LHX,247.84500122070312,247.84500122070312,247.77000427246094,247.80499267578125,4696
2026-09-21 12:36:00,1790008560,LHX,247.86000061035156,248.00999450683594,247.78500366210938,248.0,3519
2026-09-21 12:37:00,1790008620,LHX,247.94000244140625,248.07000732421875,247.89999389648438,248.02499389648438,3686
2026-09-21 12:38:00,1790008680,LHX,248.0,248.02999877929688,247.69000244140625,247.71499633789062,1345
2026-09-21 12:39:00,1790008740,LHX,247.63999938964844,247.65499877929688,247.625,247.65499877929688,1342
2026-09-21 12:40:00,1790008800,LHX,247.66000366210938,247.66000366210938,247.66000366210938,247.66000366210938,254
2026-09-21 12:41:00,1790008860,LHX,247.61000061035156,247.64999389648438,247.55999755859375,247.6300048828125,2674
2026-09-21 12:42:00,1790008920,LHX,247.60499572753906,247.60499572753906,247.38499450683594,247.49000549316406,1676
2026-09-21 12:43:00,1790008980,LHX,247.4499969482422,247.55999755859375,247.44009399414062,247.44009399414062,728
2026-09-21 12:44:00,1790009040,LHX,247.5050048828125,247.57000732421875,247.4499969482422,247.57000732421875,1172
2026-09-21 12:45:00,1790009100,LHX,247.52999877929688,247.63999938964844,247.52999877929688,247.63999938964844,861
2026-09-21 12:46:00,1790009160,LHX,247.7100067138672,247.72999572753906,247.69000244140625,247.71499633789062,1160
2026-09-21 12:47:00,1790009220,LHX,247.69500732421875,247.6999053955078,247.5800018310547,247.63499450683594,880
2026-09-21 12:48:00,1790009280,LHX,247.57000732421875,247.72999572753906,247.57000732421875,247.6999969482422,3305
2026-09-21 12:49:00,1790009340,LHX,247.75999450683594,247.75999450683594,247.75,247.75,285
2026-09-21 12:50:00,1790009400,LHX,247.7949981689453,247.82000732421875,247.7949981689453,247.82000732421875,265
2026-09-21 12:51:00,1790009460,LHX,247.77000427246094,247.77000427246094,247.52000427246094,247.5399932861328,8619
2026-09-21 12:52:00,1790009520,LHX,247.52999877929688,247.52999877929688,247.47500610351562,247.47500610351562,745
2026-09-21 12:53:00,1790009580,LHX,247.47500610351562,247.55999755859375,247.47500610351562,247.52749633789062,2336
2026-09-21 12:54:00,1790009640,LHX,247.47000122070312,247.5399932861328,247.47000122070312,247.5399932861328,646
2026-09-21 12:55:00,1790009700,LHX,247.5399932861328,247.60000610351562,247.4669952392578,247.4669952392578,898
2026-09-21 12:56:00,1790009760,LHX,247.4600067138672,247.4600067138672,247.3000946044922,247.36500549316406,8362
2026-09-21 12:57:00,1790009820,LHX,247.3000946044922,247.3000946044922,247.02000427246094,247.02000427246094,4865
2026-09-21 12:58:00,1790009880,LHX,247.00999450683594,247.2100067138672,247.00999450683594,247.1999969482422,5968
2026-09-21 12:59:00,1790009940,LHX,247.24000549316406,247.25,247.23500061035156,247.24000549316406,859
2026-09-21 13:00:00,1790010000,LHX,247.1999969482422,247.3800048828125,247.1999969482422,247.3800048828125,2487
2026-09-21 13:01:00,1790010060,LHX,247.3800048828125,247.3800048828125,247.23500061035156,247.2949981689453,1607
2026-09-21 13:02:00,1790010120,LHX,247.3300018310547,247.3300018310547,247.16000366210938,247.16000366210938,1154
2026-09-21 13:03:00,1790010180,LHX,247.1300048828125,247.1699981689453,247.0,247.0399932861328,1049
2026-09-21 13:04:00,1790010240,LHX,247.0399932861328,247.10000610351562,246.99000549316406,247.00999450683594,1036
2026-09-21 13:05:00,1790010300,LHX,247.05499267578125,247.05499267578125,246.92999267578125,246.92999267578125,1360
2026-09-21 13:06:00,1790010360,LHX,246.92999267578125,246.92999267578125,246.82000732421875,246.82000732421875,1131
2026-09-21 13:07:00,1790010420,LHX,246.8300018310547,246.8300018310547,246.7899932861328,246.8249969482422,1785
2026-09-21 13:08:00,1790010480,LHX,246.8699951171875,246.9600067138672,246.8699951171875,246.92999267578125,610
2026-09-21 13:09:00,1790010540,LHX,246.92999267578125,246.94500732421875,246.91310119628906,246.94500732421875,1154
2026-09-21 13:10:00,1790010600,LHX,246.97999572753906,246.97999572753906,246.9199981689453,246.9199981689453,1486
2026-09-21 13:11:00,1790010660,LHX,246.9149932861328,246.94000244140625,246.88999938964844,246.9250946044922,1705
2026-09-21 13:12:00,1790010720,LHX,246.99000549316406,247.02000427246094,246.9199981689453,246.94000244140625,1539
2026-09-21 13:13:00,1790010780,LHX,246.9949951171875,247.0500030517578,246.97000122070312,246.97000122070312,1317
2026-09-21 13:14:00,1790010840,LHX,247.02000427246094,247.02000427246094,247.01499938964844,247.01499938964844,445
2026-09-21 13:15:00,1790010900,LHX,247.02000427246094,247.0500030517578,246.9499969482422,246.9600067138672,2923
2026-09-21 13:16:00,1790010960,LHX,247.0800018310547,247.0800018310547,247.0399932861328,247.0399932861328,467
2026-09-21 13:17:00,1790011020,LHX,247.0399932861328,247.0399932861328,247.0,247.03500366210938,794
2026-09-21 13:18:00,1790011080,LHX,246.97999572753906,247.13999938964844,246.97999572753906,247.11000061035156,3000
2026-09-21 13:19:00,1790011140,LHX,247.1300048828125,247.14999389648438,247.10499572753906,247.10499572753906,1812
2026-09-21 13:20:00,1790011200,LHX,247.11000061035156,247.11000061035156,246.86000061035156,246.86000061035156,1412
2026-09-21 13:21:00,1790011260,LHX,246.9250030517578,246.9250030517578,246.9250030517578,246.9250030517578,504
2026-09-21 13:22:00,1790011320,LHX,246.89999389648438,246.89999389648438,246.66000366210938,246.75,3052
2026-09-21 13:23:00,1790011380,LHX,246.77999877929688,246.7899932861328,246.69000244140625,246.72000122070312,1649
2026-09-21 13:24:00,1790011440,LHX,246.80999755859375,246.8699951171875,246.76100158691406,246.86000061035156,1859
2026-09-21 13:25:00,1790011500,LHX,246.82000732421875,246.8350067138672,246.82000732421875,246.8350067138672,1346
2026-09-21 13:26:00,1790011560,LHX,246.77999877929688,246.87989807128906,246.75999450683594,246.75999450683594,1695
2026-09-21 13:27:00,1790011620,LHX,246.82000732421875,246.85000610351562,246.6649932861328,246.77999877929688,3328
2026-09-21 13:28:00,1790011680,LHX,246.7100067138672,246.7100067138672,246.6501007080078,246.6501007080078,668
2026-09-21 13:29:00,1790011740,LHX,246.7899932861328,246.81719970703125,246.75999450683594,246.81719970703125,1193
2026-09-21 13:30:00,1790011800,LHX,246.80499267578125,246.8300018310547,246.75,246.7949981689453,1607
2026-09-21 13:31:00,1790011860,LHX,246.75999450683594,246.82000732421875,246.75999450683594,246.82000732421875,1445
2026-09-21 13:32:00,1790011920,LHX,246.77499389648438,246.82000732421875,246.72000122070312,246.72000122070312,2859
2026-09-21 13:33:00,1790011980,LHX,246.76499938964844,246.8000030517578,246.76499938964844,246.78500366210938,1070
2026-09-21 13:34:00,1790012040,LHX,246.7899932861328,246.83999633789062,246.77000427246094,246.82000732421875,2545
2026-09-21 13:35:00,1790012100,LHX,246.7899932861328,246.92999267578125,246.7899932861328,246.875,8074
2026-09-21 13:36:00,1790012160,LHX,246.8300018310547,246.875,246.72000122070312,246.75999450683594,1633
2026-09-21 13:37:00,1790012220,LHX,246.77999877929688,246.78500366210938,246.67999267578125,246.7100067138672,2537
2026-09-21 13:38:00,1790012280,LHX,246.6999969482422,246.6999969482422,246.63999938964844,246.63999938964844,765
2026-09-21 13:39:00,1790012340,LHX,246.67999267578125,246.77999877929688,246.67999267578125,246.77999877929688,755
2026-09-21 13:40:00,1790012400,LHX,246.77999877929688,246.8300018310547,246.7720947265625,246.78500366210938,1756
2026-09-21 13:41:00,1790012460,LHX,246.7899932861328,246.82000732421875,246.75999450683594,246.75999450683594,1130
2026-09-21 13:42:00,1790012520,LHX,246.8300018310547,246.8300018310547,246.77000427246094,246.8300018310547,1124
2026-09-21 13:43:00,1790012580,LHX,246.80499267578125,246.85000610351562,246.8000030517578,246.8000030517578,1162
2026-09-21 13:44:00,1790012640,LHX,246.8300018310547,246.8300018310547,246.77999877929688,246.77999877929688,2208
2026-09-21 13:45:00,1790012700,LHX,246.75790405273438,246.8470001220703,246.75,246.82000732421875,2977
2026-09-21 13:46:00,1790012760,LHX,246.7899932861328,246.8000030517578,246.7899932861328,246.8000030517578,586
2026-09-21 13:47:00,1790012820,LHX,246.8000030517578,246.8000030517578,246.72999572753906,246.7449951171875,651
2026-09-21 13:48:00,1790012880,LHX,246.6800994873047,246.77999877929688,246.67999267578125,246.6999969482422,845
2026-09-21 13:49:00,1790012940,LHX,246.67999267578125,246.6999969482422,246.6750030517578,246.6999969482422,1040
2026-09-21 13:50:00,1790013000,LHX,246.6699981689453,246.77999877929688,246.6699981689453,246.77000427246094,2608
2026-09-21 13:51:00,1790013060,LHX,246.77000427246094,246.97999572753906,246.72000122070312,246.88999938964844,8163
2026-09-21 13:52:00,1790013120,LHX,246.86000061035156,246.86000061035156,246.7899932861328,246.7899932861328,729
2026-09-21 13:53:00,1790013180,LHX,246.7899932861328,246.8300018310547,246.75010681152344,246.7949981689453,718
2026-09-21 13:54:00,1790013240,LHX,246.7949981689453,246.7949981689453,246.72999572753906,246.75999450683594,1292
2026-09-21 13:55:00,1790013300,LHX,246.75,246.75,246.75,246.75,706
2026-09-21 13:56:00,1790013360,LHX,246.72000122070312,246.72000122070312,246.60000610351562,246.6300048828125,1675
2026-09-21 13:57:00,1790013420,LHX,246.6649932861328,246.6699981689453,246.6199951171875,246.6699981689453,1141
2026-09-21 13:58:00,1790013480,LHX,246.66000366210938,246.67999267578125,246.6199951171875,246.625,1638
2026-09-21 13:59:00,1790013540,LHX,246.6699981689453,246.7899932861328,246.6699981689453,246.7899932861328,3362
2026-09-21 14:00:00,1790013600,LHX,246.7899932861328,246.80999755859375,246.75,246.80999755859375,705
2026-09-21 14:01:00,1790013660,LHX,246.75999450683594,247.0,246.75999450683594,246.96499633789062,5455
2026-09-21 14:02:00,1790013720,LHX,247.02999877929688,247.03500366210938,246.9600067138672,247.0225067138672,935
2026-09-21 14:03:00,1790013780,LHX,246.97999572753906,247.02499389648438,246.97000122070312,246.97999572753906,1314
2026-09-21 14:04:00,1790013840,LHX,246.96009826660156,247.0500030517578,246.9499969482422,246.9499969482422,1950
2026-09-21 14:05:00,1790013900,LHX,247.0399932861328,247.16990661621094,247.03750610351562,247.16990661621094,3639
2026-09-21 14:06:00,1790013960,LHX,247.17999267578125,247.3000030517578,247.17999267578125,247.3000030517578,3693
2026-09-21 14:07:00,1790014020,LHX,247.30999755859375,247.30999755859375,247.14999389648438,247.14999389648438,1719
2026-09-21 14:08:00,1790014080,LHX,247.14999389648438,247.52000427246094,247.11000061035156,247.25,11969
2026-09-21 14:09:00,1790014140,LHX,247.24000549316406,247.39999389648438,247.24000549316406,247.27000427246094,486
2026-09-21 14:10:00,1790014200,LHX,247.27499389648438,247.3000030517578,247.13999938964844,247.17999267578125,3094
2026-09-21 14:11:00,1790014260,LHX,247.25,247.27999877929688,247.19000244140625,247.22000122070312,1413
2026-09-21 14:12:00,1790014320,LHX,247.20010375976562,247.22000122070312,247.14999389648438,247.19000244140625,2255
2026-09-21 14:13:00,1790014380,LHX,247.19000244140625,247.30999755859375,247.19000244140625,247.27000427246094,1817
2026-09-21 14:14:00,1790014440,LHX,247.25999450683594,247.35000610351562,247.03500366210938,247.03500366210938,2867
2026-09-21 14:15:00,1790014500,LHX,247.03500366210938,247.0399932861328,247.03500366210938,247.03500366210938,1604
2026-09-21 14:16:00,1790014560,LHX,247.03500366210938,247.0449981689453,246.88999938964844,246.88999938964844,1526
2026-09-21 14:17:00,1790014620,LHX,246.86000061035156,246.86000061035156,246.77000427246094,246.86000061035156,802
2026-09-21 14:18:00,1790014680,LHX,246.80499267578125,246.94000244140625,246.77000427246094,246.83999633789062,1136
2026-09-21 14:19:00,1790014740,LHX,246.85499572753906,246.92999267578125,246.85000610351562,246.875,2092
2026-09-21 14:20:00,1790014800,LHX,246.94000244140625,246.94000244140625,246.8800048828125,246.89999389648438,1391
2026-09-21 14:21:00,1790014860,LHX,246.94000244140625,247.10000610351562,246.8300018310547,247.0449981689453,8109
2026-09-21 14:22:00,1790014920,LHX,247.02999877929688,247.16000366210938,246.99000549316406,247.09500122070312,5037
2026-09-21 14:23:00,1790014980,LHX,247.17999267578125,247.22000122070312,247.08999633789062,247.2100067138672,1259
2026-09-21 14:24:00,1790015040,LHX,247.19000244140625,247.1999969482422,247.11000061035156,247.11000061035156,1209
2026-09-21 14:25:00,1790015100,LHX,247.1125030517578,247.24000549316406,246.94000244140625,246.99000549316406,1431
2026-09-21 14:26:00,1790015160,LHX,246.9600067138672,247.03500366210938,246.875,246.875,0
2026-09-21 14:27:00,1790015220,LHX,246.875,246.9600067138672,246.875,246.8800048828125,1396
2026-09-21 14:28:00,1790015280,LHX,246.99000549316406,246.99000549316406,246.8699951171875,246.8699951171875,1521
2026-09-21 14:29:00,1790015340,LHX,246.9199981689453,247.03500366210938,246.9199981689453,247.01300048828125,2960
2026-09-21 14:30:00,1790015400,LHX,246.91000366210938,246.97500610351562,246.86000061035156,246.94500732421875,1361
2026-09-21 14:31:00,1790015460,LHX,246.94500732421875,246.94500732421875,246.94500732421875,246.94500732421875,789
2026-09-21 14:32:00,1790015520,LHX,246.97000122070312,247.04629516601562,246.96499633789062,246.96499633789062,2389
2026-09-21 14:33:00,1790015580,LHX,247.0,247.07000732421875,247.0,247.00999450683594,679
2026-09-21 14:34:00,1790015640,LHX,247.01499938964844,247.1199951171875,247.01499938964844,247.0850067138672,2412
2026-09-21 14:35:00,1790015700,LHX,247.0749969482422,247.0850067138672,247.02000427246094,247.02000427246094,1409
2026-09-21 14:36:00,1790015760,LHX,246.9949951171875,247.0,246.92999267578125,247.0,1370
2026-09-21 14:37:00,1790015820,LHX,246.99000549316406,247.02000427246094,246.9199981689453,246.94500732421875,1582
2026-09-21 14:38:00,1790015880,LHX,246.94000244140625,246.9700927734375,246.81500244140625,246.81500244140625,2478
2026-09-21 14:39:00,1790015940,LHX,246.81500244140625,246.88009643554688,246.81500244140625,246.88009643554688,1323
2026-09-21 14:40:00,1790016000,LHX,246.781005859375,246.89999389648438,246.781005859375,246.82000732421875,996
2026-09-21 14:41:00,1790016060,LHX,246.8249969482422,246.8249969482422,246.7899932861328,246.7899932861328,851
2026-09-21 14:41:21,1790016081,LHX,246.7899932861328,246.7899932861328,246.7899932861328,246.7899932861328,0
2026-09-21 14:42:00,1790016120,LHX,246.83999633789062,246.93499755859375,246.83999633789062,246.875,1809
2026-09-21 14:43:00,1790016180,LHX,246.8300018310547,246.92999267578125,246.8300018310547,246.8527069091797,1233
2026-09-21 14:44:00,1790016240,LHX,246.89999389648438,247.02999877929688,246.89999389648438,246.9600067138672,2254
2026-09-21 14:45:00,1790016300,LHX,246.99000549316406,247.05999755859375,246.99000549316406,247.05999755859375,1609
2026-09-21 14:46:00,1790016360,LHX,247.05499267578125,247.14999389648438,247.02000427246094,247.10000610351562,3591
2026-09-21 14:47:00,1790016420,LHX,247.14999389648438,247.22000122070312,247.11000061035156,247.11000061035156,1963
2026-09-21 14:48:00,1790016480,LHX,247.13999938964844,247.1820068359375,247.10000610351562,247.1699981689453,1303
2026-09-21 14:49:00,1790016540,LHX,247.1999969482422,247.2050018310547,247.1999969482422,247.2050018310547,597
2026-09-21 14:50:00,1790016600,LHX,247.2050018310547,247.27000427246094,247.2050018310547,247.25999450683594,1195
2026-09-21 14:51:00,1790016660,LHX,247.28990173339844,247.28990173339844,247.2100067138672,247.2100067138672,1660
2026-09-21 14:52:00,1790016720,LHX,247.23500061035156,247.25999450683594,247.1999969482422,247.24000549316406,880
2026-09-21 14:53:00,1790016780,LHX,247.1999969482422,247.2050018310547,247.19000244140625,247.1999969482422,873
2026-09-21 14:54:00,1790016840,LHX,247.1999969482422,247.1999969482422,247.11000061035156,247.11000061035156,800
2026-09-21 14:55:00,1790016900,LHX,247.1649932861328,247.17999267578125,247.1199951171875,247.17999267578125,777
2026-09-21 14:56:00,1790016960,LHX,247.19500732421875,247.19500732421875,247.1884002685547,247.19500732421875,725
2026-09-21 14:57:00,1790017020,LHX,247.13999938964844,247.13999938964844,246.875,246.97999572753906,2468
2026-09-21 14:58:00,1790017080,LHX,246.90499877929688,246.9499053955078,246.88999938964844,246.88999938964844,922
2026-09-21 14:59:00,1790017140,LHX,246.88999938964844,246.88999938964844,246.80999755859375,246.86500549316406,1467
2026-09-21 15:00:00,1790017200,LHX,246.86000061035156,246.86000061035156,246.72999572753906,246.80270385742188,1756
2026-09-21 15:01:00,1790017260,LHX,246.7949981689453,246.7949981689453,246.74000549316406,246.79249572753906,588
2026-09-21 15:02:00,1790017320,LHX,246.7949981689453,246.7949981689453,246.72000122070312,246.72000122070312,1145
2026-09-21 15:03:00,1790017380,LHX,246.69000244140625,246.80999755859375,246.69000244140625,246.77749633789062,2652
2026-09-21 15:04:00,1790017440,LHX,246.75999450683594,246.7949981689453,246.75999450683594,246.7949981689453,809
2026-09-21 15:05:00,1790017500,LHX,246.77999877929688,246.77999877929688,246.6999969482422,246.6999969482422,1289
2026-09-21 15:06:00,1790017560,LHX,246.72000122070312,246.72000122070312,246.63999938964844,246.65499877929688,2461
2026-09-21 15:07:00,1790017620,LHX,246.69000244140625,246.8000030517578,246.69000244140625,246.75999450683594,6533
2026-09-21 15:08:00,1790017680,LHX,246.77999877929688,246.77999877929688,246.5800018310547,246.5800018310547,2196
2026-09-21 15:09:00,1790017740,LHX,246.63499450683594,246.71249389648438,246.58999633789062,246.6999969482422,3640
2026-09-21 15:10:00,1790017800,LHX,246.6999969482422,246.72999572753906,246.58309936523438,246.66000366210938,1967
2026-09-21 15:11:00,1790017860,LHX,246.66000366210938,246.74000549316406,246.63999938964844,246.63999938964844,2171
2026-09-21 15:12:00,1790017920,LHX,246.69000244140625,246.75,246.64999389648438,246.64999389648438,1686
2026-09-21 15:13:00,1790017980,LHX,246.69500732421875,246.77000427246094,246.69500732421875,246.72999572753906,2297
2026-09-21 15:14:00,1790018040,LHX,246.74000549316406,246.75999450683594,246.6999969482422,246.75999450683594,1889
2026-09-21 15:15:00,1790018100,LHX,246.7100067138672,246.7100067138672,246.63999938964844,246.63999938964844,1217
2026-09-21 15:16:00,1790018160,LHX,246.63999938964844,246.75999450683594,246.60000610351562,246.75,4198
2026-09-21 15:17:00,1790018220,LHX,246.72999572753906,246.75999450683594,246.6999969482422,246.6999969482422,1425
2026-09-21 15:18:00,1790018280,LHX,246.72500610351562,246.77000427246094,246.72500610351562,246.74000549316406,3232
2026-09-21 15:19:00,1790018340,LHX,246.77000427246094,246.85000610351562,246.75999450683594,246.7949981689453,5962
2026-09-21 15:20:00,1790018400,LHX,246.8000030517578,246.83999633789062,246.77000427246094,246.77000427246094,2327
2026-09-21 15:21:00,1790018460,LHX,246.7617950439453,246.8000030517578,246.69000244140625,246.7449951171875,2279
2026-09-21 15:22:00,1790018520,LHX,246.7449951171875,246.85000610351562,246.7449951171875,246.7899932861328,7830
2026-09-21 15:23:00,1790018580,LHX,246.77999877929688,246.77999877929688,246.69000244140625,246.69000244140625,2306
2026-09-21 15:24:00,1790018640,LHX,246.7100067138672,246.72000122070312,246.6649932861328,246.7100067138672,1464
2026-09-21 15:25:00,1790018700,LHX,246.69500732421875,246.7050018310547,246.64999389648438,246.64999389648438,1465
2026-09-21 15:26:00,1790018760,LHX,246.65719604492188,246.7100067138672,246.60499572753906,246.6699981689453,4331
2026-09-21 15:27:00,1790018820,LHX,246.6699981689453,246.6699981689453,246.55999755859375,246.6300048828125,4347
2026-09-21 15:28:00,1790018880,LHX,246.61000061035156,246.67999267578125,246.58999633789062,246.63999938964844,3782
2026-09-21 15:29:00,1790018940,LHX,246.63999938964844,246.63999938964844,246.58999633789062,246.60499572753906,2907
2026-09-21 15:30:00,1790019000,LHX,246.61000061035156,246.7100067138672,246.61000061035156,246.64999389648438,5010
2026-09-21 15:31:00,1790019060,LHX,246.61000061035156,246.6649932861328,246.60000610351562,246.66000366210938,2955
2026-09-21 15:32:00,1790019120,LHX,246.6649932861328,246.67999267578125,246.44000244140625,246.44000244140625,6003
2026-09-21 15:33:00,1790019180,LHX,246.42999267578125,246.4499969482422,246.36000061035156,246.41000366210938,8511
2026-09-21 15:34:00,1790019240,LHX,246.41000366210938,246.4600067138672,246.3800048828125,246.39999389648438,5288
2026-09-21 15:35:00,1790019300,LHX,246.40499877929688,246.52999877929688,246.38999938964844,246.50999450683594,5061
2026-09-21 15:36:00,1790019360,LHX,246.4949951171875,246.52999877929688,246.4600067138672,246.4600067138672,2073
2026-09-21 15:37:00,1790019420,LHX,246.47500610351562,246.5800018310547,246.47500610351562,246.54420471191406,8349
2026-09-21 15:38:00,1790019480,LHX,246.55999755859375,246.58999633789062,246.47500610351562,246.47500610351562,2952
2026-09-21 15:39:00,1790019540,LHX,246.52000427246094,246.5500030517578,246.375,246.375,2441
2026-09-21 15:40:00,1790019600,LHX,246.41000366210938,246.4199981689453,246.3699951171875,246.375,2720
2026-09-21 15:41:00,1790019660,LHX,246.38999938964844,246.41000366210938,246.32000732421875,246.32000732421875,6178
2026-09-21 15:42:00,1790019720,LHX,246.36000061035156,246.36000061035156,246.30999755859375,246.35499572753906,1463
2026-09-21 15:43:00,1790019780,LHX,246.35499572753906,246.5,246.35499572753906,246.43499755859375,7752
2026-09-21 15:44:00,1790019840,LHX,246.43499755859375,246.52000427246094,246.43499755859375,246.50999450683594,4493
2026-09-21 15:45:00,1790019900,LHX,246.5050048828125,246.6300048828125,246.44500732421875,246.58999633789062,14040
2026-09-21 15:46:00,1790019960,LHX,246.5800018310547,246.61000061035156,246.5500030517578,246.55999755859375,3375
2026-09-21 15:47:00,1790020020,LHX,246.5500030517578,246.5500030517578,246.44000244140625,246.44000244140625,5961
2026-09-21 15:48:00,1790020080,LHX,246.46499633789062,246.46499633789062,246.3350067138672,246.40969848632812,7172
2026-09-21 15:49:00,1790020140,LHX,246.39500427246094,246.39500427246094,246.21499633789062,246.3800048828125,14767
2026-09-21 15:50:00,1790020200,LHX,246.36000061035156,246.4600067138672,246.35000610351562,246.44000244140625,8353
2026-09-21 15:51:00,1790020260,LHX,246.44000244140625,246.44000244140625,246.22000122070312,246.22999572753906,7709
2026-09-21 15:52:00,1790020320,LHX,246.22999572753906,246.35000610351562,246.0850067138672,246.35000610351562,12696
2026-09-21 15:53:00,1790020380,LHX,246.33999633789062,246.4250030517578,246.3300018310547,246.4250030517578,5790
2026-09-21 15:54:00,1790020440,LHX,246.4250030517578,246.75999450683594,246.4250030517578,246.75999450683594,8570
2026-09-21 15:55:00,1790020500,LHX,246.72999572753906,246.92999267578125,246.72999572753906,246.88250732421875,9883
2026-09-21 15:56:00,1790020560,LHX,246.86000061035156,246.99000549316406,246.8249969482422,246.875,20579
2026-09-21 15:57:00,1790020620,LHX,246.875,247.0,246.77999877929688,246.99000549316406,18472
2026-09-21 15:58:00,1790020680,LHX,247.0,247.02999877929688,246.75,246.91000366210938,31280
2026-09-21 15:59:00,1790020740,LHX,246.91000366210938,246.97000122070312,246.75999450683594,246.8699951171875,45627
2026-09-21 16:00:00,1790020800,LHX,246.92999267578125,246.92999267578125,246.92999267578125,246.92999267578125,0
2026-09-22 09:30:00,1790083800,LHX,248.50999450683594,248.6199951171875,246.92999267578125,247.08999633789062,20749
2026-09-22 09:31:00,1790083860,LHX,247.02499389648438,247.02499389648438,246.5500030517578,246.5500946044922,5284
2026-09-22 09:32:00,1790083920,LHX,246.69000244140625,246.69000244140625,245.6699981689453,245.67999267578125,1834
2026-09-22 09:33:00,1790083980,LHX,245.72999572753906,245.83999633789062,245.44500732421875,245.44500732421875,2378
2026-09-22 09:34:00,1790084040,LHX,245.4499969482422,245.5399932861328,245.4499969482422,245.52499389648438,823
2026-09-22 09:35:00,1790084100,LHX,245.33999633789062,245.4499969482422,245.25,245.4499969482422,1782
2026-09-22 09:36:00,1790084160,LHX,245.4499969482422,245.5,245.13999938964844,245.41000366210938,1456
2026-09-22 09:37:00,1790084220,LHX,245.10000610351562,245.8249969482422,245.10000610351562,245.54010009765625,1214
2026-09-22 09:38:00,1790084280,LHX,245.75999450683594,245.89999389648438,245.6699981689453,245.6699981689453,750
2026-09-22 09:39:00,1790084340,LHX,245.77499389648438,245.77499389648438,245.5,245.5050048828125,1670
2026-09-22 09:40:00,1790084400,LHX,245.50643920898438,245.50643920898438,245.4499969482422,245.4499969482422,661
2026-09-22 09:41:00,1790084460,LHX,245.44000244140625,245.48500061035156,244.80999755859375,244.8249969482422,2861
2026-09-22 09:42:00,1790084520,LHX,244.8699951171875,244.98989868164062,244.5,244.80999755859375,4012
2026-09-22 09:43:00,1790084580,LHX,244.78500366210938,244.8699951171875,244.3699951171875,244.86000061035156,4150
2026-09-22 09:44:00,1790084640,LHX,244.72000122070312,244.7899932861328,244.35000610351562,244.35000610351562,1641
2026-09-22 09:45:00,1790084700,LHX,244.25,244.50999450683594,244.17999267578125,244.28500366210938,4951
2026-09-22 09:46:00,1790084760,LHX,244.4031982421875,244.4031982421875,244.10000610351562,244.27090454101562,2381
2026-09-22 09:47:00,1790084820,LHX,244.25999450683594,244.3000030517578,243.85000610351562,243.90499877929688,6973
2026-09-22 09:48:00,1790084880,LHX,243.72999572753906,244.0,243.59849548339844,243.76499938964844,2772
2026-09-22 09:49:00,1790084940,LHX,243.85000610351562,244.0500030517578,243.7899932861328,244.0399932861328,3303
2026-09-22 09:50:00,1790085000,LHX,244.0500030517578,244.13999938964844,243.77999877929688,243.77999877929688,6923
2026-09-22 09:51:00,1790085060,LHX,243.85000610351562,243.9199981689453,243.7100067138672,243.7449951171875,3007
2026-09-22 09:52:00,1790085120,LHX,243.71499633789062,243.86000061035156,243.55999755859375,243.77000427246094,3402
2026-09-22 09:53:00,1790085180,LHX,243.7624969482422,243.8300018310547,243.64999389648438,243.6750030517578,866
2026-09-22 09:54:00,1790085240,LHX,243.77000427246094,243.7899932861328,243.64500427246094,243.64500427246094,2163
2026-09-22 09:55:00,1790085300,LHX,243.61000061035156,243.66000366210938,243.33999633789062,243.42999267578125,5150
2026-09-22 09:56:00,1790085360,LHX,243.4250030517578,243.4250030517578,243.2050018310547,243.2050018310547,2277
2026-09-22 09:57:00,1790085420,LHX,243.1300048828125,243.36000061035156,243.09500122070312,243.22999572753906,4883
2026-09-22 09:58:00,1790085480,LHX,243.2606964111328,243.2899932861328,243.02000427246094,243.07000732421875,2835
2026-09-22 09:59:00,1790085540,LHX,243.02000427246094,243.10000610351562,242.8699951171875,243.10000610351562,5624
2026-09-22 10:00:00,1790085600,LHX,243.06500244140625,243.17999267578125,242.9600067138672,243.06500244140625,3616
2026-09-22 10:01:00,1790085660,LHX,243.13720703125,243.1999969482422,242.9700927734375,243.1300048828125,4258
2026-09-22 10:02:00,1790085720,LHX,243.11000061035156,243.16000366210938,242.92999267578125,242.99249267578125,6612
2026-09-22 10:03:00,1790085780,LHX,243.01499938964844,243.05499267578125,242.85890197753906,242.85890197753906,6467
2026-09-22 10:04:00,1790085840,LHX,243.05999755859375,243.05999755859375,242.73500061035156,242.84500122070312,3065
2026-09-22 10:05:00,1790085900,LHX,242.86749267578125,242.97000122070312,242.67999267578125,242.97000122070312,2373
2026-09-22 10:06:00,1790085960,LHX,242.8800048828125,242.8800048828125,242.4199981689453,242.61000061035156,5326
2026-09-22 10:07:00,1790086020,LHX,242.5399932861328,242.5399932861328,242.02999877929688,242.16000366210938,2983
2026-09-22 10:08:00,1790086080,LHX,242.13299560546875,242.13299560546875,241.72000122070312,241.82040405273438,5579
2026-09-22 10:09:00,1790086140,LHX,241.7198944091797,241.72000122070312,241.5,241.7100067138672,4162
2026-09-22 10:10:00,1790086200,LHX,241.63999938964844,241.7100067138672,241.35000610351562,241.38999938964844,6287
2026-09-22 10:11:00,1790086260,LHX,241.3699951171875,241.39999389648438,240.77999877929688,240.82000732421875,8981
2026-09-22 10:12:00,1790086320,LHX,240.88999938964844,240.9600067138672,240.6999969482422,240.88999938964844,6257
2026-09-22 10:13:00,1790086380,LHX,240.72999572753906,240.77999877929688,240.30999755859375,240.77000427246094,15404
2026-09-22 10:14:00,1790086440,LHX,240.75,241.6300048828125,240.7050018310547,241.6199951171875,9797
2026-09-22 10:15:00,1790086500,LHX,241.61500549316406,241.6699981689453,241.39999389648438,241.60989379882812,4676
2026-09-22 10:16:00,1790086560,LHX,241.47000122070312,241.47000122070312,241.0399932861328,241.0800018310547,2497
2026-09-22 10:17:00,1790086620,LHX,241.14999389648438,241.52999877929688,241.0800018310547,241.52999877929688,4208
2026-09-22 10:18:00,1790086680,LHX,241.57000732421875,241.8300018310547,241.47000122070312,241.57000732421875,4052
2026-09-22 10:19:00,1790086740,LHX,241.57000732421875,241.8699951171875,241.57000732421875,241.74000549316406,2694
2026-09-22 10:20:00,1790086800,LHX,241.6300048828125,241.66000366210938,241.08999633789062,241.08999633789062,3120
2026-09-22 10:21:00,1790086860,LHX,241.27499389648438,241.27499389648438,240.90499877929688,240.90499877929688,2360
2026-09-22 10:22:00,1790086920,LHX,240.97500610351562,241.0050048828125,240.77999877929688,241.0,1711
2026-09-22 10:23:00,1790086980,LHX,241.10000610351562,241.10000610351562,240.6699981689453,240.9199981689453,3434
2026-09-22 10:24:00,1790087040,LHX,240.9250030517578,241.3300018310547,240.9199981689453,241.19500732421875,2594
2026-09-22 10:25:00,1790087100,LHX,241.07000732421875,241.10499572753906,240.89999389648438,241.10499572753906,2113
2026-09-22 10:26:00,1790087160,LHX,241.11000061035156,241.13999938964844,240.9499969482422,240.97500610351562,1996
2026-09-22 10:27:00,1790087220,LHX,240.94000244140625,241.0500030517578,240.8000030517578,240.90499877929688,3591
2026-09-22 10:28:00,1790087280,LHX,240.80999755859375,240.84860229492188,240.52000427246094,240.52000427246094,2897
2026-09-22 10:29:00,1790087340,LHX,240.58999633789062,240.9499969482422,240.58999633789062,240.89999389648438,4680
2026-09-22 10:30:00,1790087400,LHX,240.97000122070312,241.00999450683594,240.9499969482422,241.0,3442
2026-09-22 10:31:00,1790087460,LHX,240.9949951171875,240.9949951171875,240.7100067138672,240.7131805419922,3081
2026-09-22 10:32:00,1790087520,LHX,240.72000122070312,240.8699951171875,240.6300048828125,240.6300048828125,2667
2026-09-22 10:33:00,1790087580,LHX,240.5399932861328,240.73989868164062,240.49000549316406,240.60000610351562,3006
2026-09-22 10:34:00,1790087640,LHX,240.6300048828125,240.63499450683594,240.5500030517578,240.63499450683594,1414
2026-09-22 10:35:00,1790087700,LHX,240.5500030517578,240.5500030517578,240.10000610351562,240.22000122070312,8003
2026-09-22 10:36:00,1790087760,LHX,240.16000366210938,240.2899932861328,240.0500030517578,240.2550048828125,3966
2026-09-22 10:37:00,1790087820,LHX,240.2550048828125,240.30999755859375,240.19000244140625,240.21499633789062,3552
2026-09-22 10:38:00,1790087880,LHX,240.19000244140625,240.3800048828125,240.17010498046875,240.3800048828125,2562
2026-09-22 10:39:00,1790087940,LHX,240.3800048828125,240.4499969482422,240.13999938964844,240.13999938964844,5677
2026-09-22 10:40:00,1790088000,LHX,240.11000061035156,240.3300018310547,240.08999633789062,240.19000244140625,2943
2026-09-22 10:41:00,1790088060,LHX,240.1750030517578,240.5500030517578,240.1750030517578,240.5500030517578,6957
2026-09-22 10:42:00,1790088120,LHX,240.5500030517578,240.80999755859375,240.53250122070312,240.6300048828125,4077
2026-09-22 10:43:00,1790088180,LHX,240.5399932861328,240.5800018310547,240.35000610351562,240.35000610351562,7262
2026-09-22 10:44:00,1790088240,LHX,240.2476043701172,240.49000549316406,240.1300048828125,240.47000122070312,7117
2026-09-22 10:45:00,1790088300,LHX,240.47999572753906,240.5500030517578,240.36500549316406,240.4949951171875,2143
2026-09-22 10:46:00,1790088360,LHX,240.58999633789062,240.6999969482422,240.4949951171875,240.4949951171875,3131
2026-09-22 10:47:00,1790088420,LHX,240.52000427246094,240.52000427246094,240.33999633789062,240.4149932861328,1108
2026-09-22 10:48:00,1790088480,LHX,240.3800048828125,240.4149932861328,240.11700439453125,240.11700439453125,3186
2026-09-22 10:49:00,1790088540,LHX,240.1916046142578,240.32000732421875,239.94000244140625,240.25999450683594,15399
2026-09-22 10:50:00,1790088600,LHX,240.2899932861328,240.58999633789062,240.2899932861328,240.41799926757812,2525
2026-09-22 10:51:00,1790088660,LHX,240.47500610351562,240.60000610351562,240.47500610351562,240.60000610351562,943
2026-09-22 10:52:00,1790088720,LHX,240.5749969482422,240.67999267578125,240.49000549316406,240.51499938964844,4566
2026-09-22 10:53:00,1790088780,LHX,240.4499969482422,240.50999450683594,240.3000030517578,240.42999267578125,3604
2026-09-22 10:54:00,1790088840,LHX,240.30999755859375,240.44500732421875,240.30999755859375,240.4199981689453,1914
2026-09-22 10:55:00,1790088900,LHX,240.4499969482422,240.6300048828125,240.39849853515625,240.5399932861328,1621
2026-09-22 10:56:00,1790088960,LHX,240.5399932861328,240.61000061035156,240.4499969482422,240.61000061035156,1477
2026-09-22 10:57:00,1790089020,LHX,240.64999389648438,240.66119384765625,240.3800048828125,240.5500030517578,1569
2026-09-22 10:58:00,1790089080,LHX,240.64149475097656,240.64149475097656,240.61000061035156,240.61500549316406,835
2026-09-22 10:59:00,1790089140,LHX,240.52999877929688,240.6199951171875,240.41000366210938,240.47500610351562,6269
2026-09-22 11:00:00,1790089200,LHX,240.47500610351562,240.67999267578125,240.43409729003906,240.50999450683594,5017
2026-09-22 11:01:00,1790089260,LHX,240.5850067138672,241.0399932861328,240.5850067138672,240.94500732421875,11007
2026-09-22 11:02:00,1790089320,LHX,240.97999572753906,241.00999450683594,240.9499969482422,241.00999450683594,1344
2026-09-22 11:03:00,1790089380,LHX,240.99000549316406,241.0800018310547,240.85000610351562,241.0050048828125,2639
2026-09-22 11:04:00,1790089440,LHX,241.0050048828125,241.1999969482422,241.0050048828125,241.13999938964844,2708
2026-09-22 11:05:00,1790089500,LHX,241.14500427246094,241.5500030517578,241.14500427246094,241.3000030517578,10308
2026-09-22 11:06:00,1790089560,LHX,241.3699951171875,241.5500030517578,241.24000549316406,241.5500030517578,2091
2026-09-22 11:07:00,1790089620,LHX,241.47999572753906,241.99000549316406,241.47999572753906,241.94000244140625,5156
2026-09-22 11:08:00,1790089680,LHX,241.9600067138672,242.06500244140625,241.57000732421875,241.64999389648438,5326
2026-09-22 11:09:00,1790089740,LHX,241.61000061035156,241.63999938964844,241.5800018310547,241.5800018310547,4466
2026-09-22 11:10:00,1790089800,LHX,241.63499450683594,241.64999389648438,241.5,241.5749969482422,2740
2026-09-22 11:11:00,1790089860,LHX,241.52000427246094,241.58999633789062,241.2899932861328,241.2899932861328,1553
2026-09-22 11:12:00,1790089920,LHX,241.2949981689453,241.60000610351562,241.1999969482422,241.54727172851562,4961
2026-09-22 11:13:00,1790089980,LHX,241.5,241.60000610351562,241.4499969482422,241.4499969482422,6184
2026-09-22 11:14:00,1790090040,LHX,241.4499969482422,241.49000549316406,241.4499969482422,241.49000549316406,2215
2026-09-22 11:15:00,1790090100,LHX,241.49000549316406,241.6699981689453,241.44500732421875,241.5399932861328,6391
2026-09-22 11:16:00,1790090160,LHX,241.5399932861328,241.5749969482422,241.42999267578125,241.47999572753906,1379
2026-09-22 11:17:00,1790090220,LHX,241.41000366210938,241.41000366210938,241.24000549316406,241.3000030517578,811
2026-09-22 11:18:00,1790090280,LHX,241.19500732421875,241.27000427246094,241.19500732421875,241.27000427246094,1349
2026-09-22 11:19:00,1790090340,LHX,241.35000610351562,241.64999389648438,241.35000610351562,241.47999572753906,4268
2026-09-22 11:20:00,1790090400,LHX,241.66000366210938,241.66000366210938,241.5,241.57000732421875,833
2026-09-22 11:21:00,1790090460,LHX,241.57000732421875,241.75,241.44000244140625,241.7449951171875,3626
2026-09-22 11:22:00,1790090520,LHX,241.69000244140625,241.69000244140625,241.49000549316406,241.648193359375,2897
2026-09-22 11:23:00,1790090580,LHX,241.57000732421875,241.78990173339844,241.57000732421875,241.64500427246094,1893
2026-09-22 11:24:00,1790090640,LHX,241.64999389648438,241.67999267578125,241.5399932861328,241.61500549316406,974
2026-09-22 11:25:00,1790090700,LHX,241.6199951171875,241.6199951171875,241.3800048828125,241.47999572753906,2838
2026-09-22 11:26:00,1790090760,LHX,241.5500030517578,241.55999755859375,241.26499938964844,241.2899932861328,5386
2026-09-22 11:27:00,1790090820,LHX,241.2949981689453,241.49000549316406,241.21609497070312,241.4250030517578,803
2026-09-22 11:28:00,1790090880,LHX,241.39500427246094,241.57000732421875,241.3101043701172,241.57000732421875,2964
2026-09-22 11:29:00,1790090940,LHX,241.55499267578125,241.58999633789062,241.4199981689453,241.42999267578125,1878
2026-09-22 11:30:00,1790091000,LHX,241.52200317382812,241.52200317382812,241.25999450683594,241.33999633789062,1201
2026-09-22 11:31:00,1790091060,LHX,241.27999877929688,241.2899932861328,241.21499633789062,241.2899932861328,885
2026-09-22 11:32:00,1790091120,LHX,241.22999572753906,241.31500244140625,241.2100067138672,241.22000122070312,2864
2026-09-22 11:33:00,1790091180,LHX,241.23500061035156,241.32000732421875,241.23500061035156,241.25999450683594,1267
2026-09-22 11:34:00,1790091240,LHX,241.25999450683594,241.27000427246094,241.1699981689453,241.1699981689453,842
2026-09-22 11:35:00,1790091300,LHX,241.1300048828125,241.18829345703125,241.0800018310547,241.13250732421875,2265
2026-09-22 11:36:00,1790091360,LHX,241.07000732421875,241.10499572753906,240.97999572753906,241.02000427246094,2601
2026-09-22 11:37:00,1790091420,LHX,241.0050048828125,241.22999572753906,240.85000610351562,241.0500030517578,5344
2026-09-22 11:38:00,1790091480,LHX,241.08999633789062,241.1199951171875,240.9949951171875,241.00999450683594,668
2026-09-22 11:39:00,1790091540,LHX,241.07000732421875,241.25,241.07000732421875,241.15499877929688,2694
2026-09-22 11:40:00,1790091600,LHX,241.17880249023438,241.3300018310547,241.15499877929688,241.2100067138672,3073
2026-09-22 11:41:00,1790091660,LHX,241.28990173339844,241.2899932861328,241.20509338378906,241.24000549316406,803
2026-09-22 11:42:00,1790091720,LHX,241.21539306640625,241.21539306640625,241.16000366210938,241.1999969482422,626
2026-09-22 11:43:00,1790091780,LHX,241.19000244140625,241.24270629882812,241.08999633789062,241.24270629882812,529
2026-09-22 11:44:00,1790091840,LHX,241.26499938964844,241.26499938964844,241.0800018310547,241.25,1206
2026-09-22 11:45:00,1790091900,LHX,241.1300048828125,241.13999938964844,241.0749969482422,241.0749969482422,1342
2026-09-22 11:46:00,1790091960,LHX,241.0800018310547,241.0800018310547,241.0749969482422,241.0749969482422,672
2026-09-22 11:47:00,1790092020,LHX,241.14999389648438,241.17999267578125,241.02000427246094,241.02000427246094,1372
2026-09-22 11:48:00,1790092080,LHX,241.08999633789062,241.2100067138672,241.08999633789062,241.14999389648438,1945
2026-09-22 11:49:00,1790092140,LHX,241.10150146484375,241.3800048828125,241.10150146484375,241.30499267578125,1692
2026-09-22 11:50:00,1790092200,LHX,241.33399963378906,241.38999938964844,241.32000732421875,241.35499572753906,2459
2026-09-22 11:51:00,1790092260,LHX,241.35499572753906,241.39999389648438,241.35499572753906,241.36700439453125,1094
2026-09-22 11:52:00,1790092320,LHX,241.36000061035156,241.5399932861328,241.30999755859375,241.5399932861328,3299
2026-09-22 11:53:00,1790092380,LHX,241.4949951171875,241.5500030517578,241.42999267578125,241.47500610351562,2281
2026-09-22 11:54:00,1790092440,LHX,241.4774932861328,241.55999755859375,241.47500610351562,241.5399932861328,1784
2026-09-22 11:55:00,1790092500,LHX,241.5500030517578,241.55999755859375,240.75,240.97500610351562,11696
2026-09-22 11:56:00,1790092560,LHX,241.07000732421875,241.07000732421875,240.85000610351562,240.88999938964844,4647
2026-09-22 11:57:00,1790092620,LHX,240.93499755859375,240.93499755859375,240.80999755859375,240.80999755859375,1188
2026-09-22 11:58:00,1790092680,LHX,240.92999267578125,241.0399932861328,240.75,241.0399932861328,1379
2026-09-22 11:59:00,1790092740,LHX,240.9199981689453,241.0800018310547,240.9199981689453,241.01499938964844,874
2026-09-22 12:00:00,1790092800,LHX,240.97860717773438,241.22999572753906,240.97860717773438,241.05499267578125,4149
2026-09-22 12:01:00,1790092860,LHX,241.07000732421875,241.1300048828125,241.0500030517578,241.0800018310547,1708
2026-09-22 12:02:00,1790092920,LHX,241.1649932861328,241.1649932861328,241.05999755859375,241.08999633789062,737
2026-09-22 12:03:00,1790092980,LHX,241.07009887695312,241.12899780273438,240.8699951171875,241.11990356445312,5120
2026-09-22 12:04:00,1790093040,LHX,240.88999938964844,241.08999633789062,240.85000610351562,240.93499755859375,3112
2026-09-22 12:05:00,1790093100,LHX,240.91000366210938,241.0449981689453,240.91000366210938,241.0050048828125,821
2026-09-22 12:06:00,1790093160,LHX,241.0500030517578,241.0500030517578,240.92010498046875,241.01499938964844,3472
2026-09-22 12:07:00,1790093220,LHX,241.10989379882812,241.10989379882812,240.91000366210938,240.99000549316406,1655
2026-09-22 12:08:00,1790093280,LHX,241.11000061035156,241.19000244140625,240.9550018310547,241.1699981689453,1854
2026-09-22 12:09:00,1790093340,LHX,241.1699981689453,241.4199981689453,241.164794921875,241.4199981689453,4176
2026-09-22 12:10:00,1790093400,LHX,241.36000061035156,241.36000061035156,241.08999633789062,241.08999633789062,3469
2026-09-22 12:11:00,1790093460,LHX,241.0850067138672,241.18499755859375,241.0800018310547,241.18499755859375,497
2026-09-22 12:12:00,1790093520,LHX,241.2050018310547,241.41000366210938,241.10000610351562,241.22999572753906,1332
2026-09-22 12:13:00,1790093580,LHX,241.19500732421875,241.22000122070312,241.1300048828125,241.1999969482422,2314
2026-09-22 12:14:00,1790093640,LHX,241.1300048828125,241.1999969482422,240.83999633789062,240.86000061035156,2816
2026-09-22 12:15:00,1790093700,LHX,240.8699951171875,240.8699951171875,240.27000427246094,240.36000061035156,6769
2026-09-22 12:16:00,1790093760,LHX,240.3699951171875,240.61000061035156,240.28500366210938,240.44000244140625,1824
2026-09-22 12:17:00,1790093820,LHX,240.5,240.52999877929688,240.38999938964844,240.52999877929688,931
2026-09-22 12:18:00,1790093880,LHX,240.53500366210938,240.72000122070312,240.52499389648438,240.57000732421875,6381
2026-09-22 12:19:00,1790093940,LHX,240.5749969482422,240.72999572753906,240.5749969482422,240.64500427246094,1693
2026-09-22 12:20:00,1790094000,LHX,240.63999938964844,240.6649932861328,240.57000732421875,240.60000610351562,1275
2026-09-22 12:21:00,1790094060,LHX,240.6699981689453,240.75999450683594,240.5800018310547,240.60000610351562,2149
2026-09-22 12:22:00,1790094120,LHX,240.625,240.6300048828125,240.6199951171875,240.6300048828125,368
2026-09-22 12:23:00,1790094180,LHX,240.625,240.66000366210938,240.5399932861328,240.625,1126
2026-09-22 12:24:00,1790094240,LHX,240.625,240.75,240.5500030517578,240.61000061035156,1801
2026-09-22 12:25:00,1790094300,LHX,240.69000244140625,240.8300018310547,240.69000244140625,240.77000427246094,2278
2026-09-22 12:26:00,1790094360,LHX,240.77999877929688,240.77999877929688,240.72000122070312,240.72000122070312,1264
2026-09-22 12:27:00,1790094420,LHX,240.77000427246094,240.77499389648438,240.75,240.77499389648438,659
2026-09-22 12:28:00,1790094480,LHX,240.8292999267578,240.8292999267578,240.75999450683594,240.75999450683594,662
2026-09-22 12:29:00,1790094540,LHX,240.7949981689453,240.8800048828125,240.7899932861328,240.80999755859375,2854
2026-09-22 12:30:00,1790094600,LHX,240.80999755859375,240.8249969482422,240.77999877929688,240.8249969482422,1292
2026-09-22 12:31:00,1790094660,LHX,240.8249969482422,240.88999938964844,240.8249969482422,240.8300018310547,849
2026-09-22 12:32:00,1790094720,LHX,240.85000610351562,241.0,240.7899932861328,240.7899932861328,6390
2026-09-22 12:33:00,1790094780,LHX,240.7899932861328,240.7899932861328,240.64999389648438,240.66000366210938,2384
2026-09-22 12:34:00,1790094840,LHX,240.77000427246094,240.82989501953125,240.77000427246094,240.82989501953125,549
2026-09-22 12:35:00,1790094900,LHX,240.77000427246094,240.88499450683594,240.77000427246094,240.88499450683594,1448
2026-09-22 12:36:00,1790094960,LHX,240.8000946044922,240.88499450683594,240.75999450683594,240.8300018310547,6655
2026-09-22 12:37:00,1790095020,LHX,240.84500122070312,240.84500122070312,240.74000549316406,240.77499389648438,1301
2026-09-22 12:38:00,1790095080,LHX,240.72000122070312,240.7550048828125,240.6300048828125,240.7449951171875,2869
2026-09-22 12:39:00,1790095140,LHX,240.8300018310547,240.8300018310547,240.64999389648438,240.7550048828125,1097
2026-09-22 12:40:00,1790095200,LHX,240.7949981689453,240.7949981689453,240.61500549316406,240.6199951171875,1364
2026-09-22 12:41:00,1790095260,LHX,240.61000061035156,240.72000122070312,240.59500122070312,240.67999267578125,2543
2026-09-22 12:42:00,1790095320,LHX,240.63999938964844,240.63999938964844,240.60000610351562,240.60000610351562,595
2026-09-22 12:43:00,1790095380,LHX,240.52000427246094,240.60960388183594,240.41000366210938,240.41000366210938,2702
2026-09-22 12:44:00,1790095440,LHX,240.47000122070312,240.4770050048828,240.47000122070312,240.4770050048828,704
2026-09-22 12:45:00,1790095500,LHX,240.49000549316406,240.5500030517578,240.39999389648438,240.5500030517578,2803
2026-09-22 12:46:00,1790095560,LHX,240.4949951171875,240.5050048828125,240.47500610351562,240.47500610351562,1461
2026-09-22 12:47:00,1790095620,LHX,240.4949951171875,240.55999755859375,240.47000122070312,240.47999572753906,4172
2026-09-22 12:48:00,1790095680,LHX,240.52499389648438,240.69000244140625,240.52499389648438,240.6199951171875,2602
2026-09-22 12:49:00,1790095740,LHX,240.625,240.74000549316406,240.5500030517578,240.5500030517578,4389
2026-09-22 12:50:00,1790095800,LHX,240.47999572753906,240.61000061035156,240.47999572753906,240.60499572753906,2183
2026-09-22 12:51:00,1790095860,LHX,240.52999877929688,240.60000610351562,240.52999877929688,240.58999633789062,770
2026-09-22 12:52:00,1790095920,LHX,240.6898956298828,240.6898956298828,240.5749969482422,240.66000366210938,1610
2026-09-22 12:53:00,1790095980,LHX,240.66000366210938,240.66000366210938,240.66000366210938,240.66000366210938,162
2026-09-22 12:54:00,1790096040,LHX,240.66000366210938,240.72000122070312,240.61000061035156,240.64999389648438,2333
2026-09-22 12:55:00,1790096100,LHX,240.69000244140625,240.69000244140625,240.6199951171875,240.66000366210938,1715
2026-09-22 12:56:00,1790096160,LHX,240.60000610351562,240.63070678710938,240.50999450683594,240.55499267578125,1671
2026-09-22 12:57:00,1790096220,LHX,240.52000427246094,240.52000427246094,240.52000427246094,240.52000427246094,657
2026-09-22 12:59:00,1790096340,LHX,240.55999755859375,240.5749969482422,240.44000244140625,240.48500061035156,5399
2026-09-22 13:00:00,1790096400,LHX,240.50999450683594,240.5399932861328,240.44000244140625,240.4550018310547,1832
2026-09-22 13:01:00,1790096460,LHX,240.44000244140625,240.44000244140625,240.39999389648438,240.39999389648438,1154
2026-09-22 13:02:00,1790096520,LHX,240.38999938964844,240.38999938964844,240.2899932861328,240.3300018310547,1167
2026-09-22 13:03:00,1790096580,LHX,240.31500244140625,240.4600067138672,240.31500244140625,240.41000366210938,4443
2026-09-22 13:04:00,1790096640,LHX,240.47000122070312,240.53990173339844,240.35000610351562,240.35000610351562,1908
2026-09-22 13:05:00,1790096700,LHX,240.33999633789062,240.39999389648438,240.32000732421875,240.39999389648438,906
2026-09-22 13:06:00,1790096760,LHX,240.40750122070312,240.47999572753906,240.39999389648438,240.39999389648438,903
2026-09-22 13:07:00,1790096820,LHX,240.4499969482422,240.62379455566406,240.4499969482422,240.5,4655
2026-09-22 13:08:00,1790096880,LHX,240.57000732421875,240.57000732421875,240.42999267578125,240.42999267578125,1976
2026-09-22 13:09:00,1790096940,LHX,240.49000549316406,240.5850067138672,240.47999572753906,240.5850067138672,2639
2026-09-22 13:10:00,1790097000,LHX,240.52999877929688,240.66000366210938,240.52000427246094,240.52000427246094,5171
2026-09-22 13:11:00,1790097060,LHX,240.56500244140625,240.56500244140625,240.41000366210938,240.42999267578125,2613
2026-09-22 13:12:00,1790097120,LHX,240.41000366210938,240.44000244140625,240.18930053710938,240.35000610351562,5144
2026-09-22 13:13:00,1790097180,LHX,240.3314971923828,240.40989685058594,240.2899932861328,240.3000030517578,1816
2026-09-22 13:14:00,1790097240,LHX,240.41000366210938,240.41000366210938,240.1199951171875,240.14500427246094,2169
2026-09-22 13:15:00,1790097300,LHX,240.11000061035156,240.1199951171875,240.00999450683594,240.0800018310547,2771
2026-09-22 13:16:00,1790097360,LHX,240.11000061035156,240.33999633789062,240.05999755859375,240.22000122070312,5202
2026-09-22 13:17:00,1790097420,LHX,240.22000122070312,240.22000122070312,240.0800018310547,240.0800018310547,1403
2026-09-22 13:18:00,1790097480,LHX,240.125,240.125,239.94000244140625,239.94000244140625,9053
2026-09-22 13:19:00,1790097540,LHX,239.97000122070312,240.0843963623047,239.9199981689453,239.94000244140625,3679
2026-09-22 13:20:00,1790097600,LHX,239.9199981689453,239.97000122070312,239.8000030517578,239.88999938964844,6093
2026-09-22 13:21:00,1790097660,LHX,239.88999938964844,239.9600067138672,239.85000610351562,239.9600067138672,1083
2026-09-22 13:22:00,1790097720,LHX,239.85000610351562,239.8800048828125,239.80999755859375,239.80999755859375,1829
2026-09-22 13:23:00,1790097780,LHX,239.82000732421875,239.875,239.6999969482422,239.6999969482422,11974
2026-09-22 13:24:00,1790097840,LHX,239.7449951171875,239.8300018310547,239.72999572753906,239.77499389648438,3071
2026-09-22 13:25:00,1790097900,LHX,239.77000427246094,239.78579711914062,239.74000549316406,239.78579711914062,0
2026-09-22 13:26:00,1790097960,LHX,239.77999877929688,239.77999877929688,239.74000549316406,239.77999877929688,1266
2026-09-22 13:27:00,1790098020,LHX,239.80999755859375,240.0299072265625,239.77999877929688,239.97659301757812,6574
2026-09-22 13:28:00,1790098080,LHX,239.97000122070312,240.08999633789062,239.9199981689453,240.08999633789062,2538
2026-09-22 13:29:00,1790098140,LHX,240.08999633789062,240.24000549316406,240.08999633789062,240.23500061035156,5032
2026-09-22 13:30:00,1790098200,LHX,240.30999755859375,240.49000549316406,240.30999755859375,240.49000549316406,1442
2026-09-22 13:31:00,1790098260,LHX,240.47000122070312,240.5399932861328,240.33999633789062,240.35000610351562,3185
2026-09-22 13:32:00,1790098320,LHX,240.24000549316406,240.27000427246094,240.1699981689453,240.2050018310547,2624
2026-09-22 13:33:00,1790098380,LHX,240.22000122070312,240.22000122070312,240.125,240.13999938964844,1784
2026-09-22 13:34:00,1790098440,LHX,240.08999633789062,240.17999267578125,240.05999755859375,240.15499877929688,4830
2026-09-22 13:35:00,1790098500,LHX,240.16000366210938,240.2050018310547,240.1199951171875,240.2050018310547,954
2026-09-22 13:36:00,1790098560,LHX,240.2100067138672,240.2100067138672,240.18809509277344,240.18809509277344,285
2026-09-22 13:37:00,1790098620,LHX,240.21499633789062,240.22500610351562,240.1699981689453,240.1699981689453,1271
2026-09-22 13:38:00,1790098680,LHX,240.22999572753906,240.22999572753906,240.13499450683594,240.13499450683594,780
2026-09-22 13:39:00,1790098740,LHX,240.13999938964844,240.14999389648438,240.1199951171875,240.13999938964844,1155
2026-09-22 13:40:00,1790098800,LHX,240.06500244140625,240.16000366210938,240.05499267578125,240.16000366210938,1789
2026-09-22 13:40:41,1790098841,LHX,240.14999389648438,240.14999389648438,240.14999389648438,240.14999389648438,0
2026-09-22 13:41:00,1790098860,LHX,240.11000061035156,240.125,240.0449981689453,240.125,1250
2026-09-22 13:42:00,1790098920,LHX,240.05999755859375,240.25999450683594,240.0500030517578,240.16000366210938,1661
2026-09-22 13:43:00,1790098980,LHX,240.15499877929688,240.2899932861328,240.0926055908203,240.17999267578125,1472
2026-09-22 13:44:00,1790099040,LHX,240.1300048828125,240.1999969482422,240.0500030517578,240.1649932861328,2052
2026-09-22 13:45:00,1790099100,LHX,240.20989990234375,240.2100067138672,240.1378936767578,240.1750030517578,1186
2026-09-22 13:46:00,1790099160,LHX,240.16000366210938,240.16000366210938,240.0,240.0,1986
2026-09-22 13:47:00,1790099220,LHX,240.04733276367188,240.1199951171875,240.04733276367188,240.0500030517578,563
2026-09-22 13:48:00,1790099280,LHX,240.0749969482422,240.0749969482422,239.9600067138672,239.9600067138672,2652
2026-09-22 13:49:00,1790099340,LHX,240.0500030517578,240.16000366210938,240.0399932861328,240.16000366210938,2137
2026-09-22 13:50:00,1790099400,LHX,240.16000366210938,240.16000366210938,240.1300048828125,240.1300048828125,1019
2026-09-22 13:51:00,1790099460,LHX,240.08999633789062,240.08999633789062,240.02999877929688,240.05520629882812,988
2026-09-22 13:52:00,1790099520,LHX,240.07000732421875,240.13999938964844,239.9949951171875,240.0800018310547,4322
2026-09-22 13:53:00,1790099580,LHX,240.07000732421875,240.0800018310547,239.85499572753906,239.85499572753906,2134
2026-09-22 13:54:00,1790099640,LHX,239.85499572753906,240.1300048828125,239.85499572753906,240.1300048828125,5027
2026-09-22 13:55:00,1790099700,LHX,240.13999938964844,240.17999267578125,240.02000427246094,240.05999755859375,3060
2026-09-22 13:56:00,1790099760,LHX,240.06500244140625,240.11000061035156,239.98500061035156,240.0399932861328,3843
2026-09-22 13:57:00,1790099820,LHX,240.0,240.11990356445312,239.9550018310547,239.97999572753906,3078
2026-09-22 13:58:00,1790099880,LHX,239.9550018310547,240.08999633789062,239.9550018310547,240.08999633789062,1985
2026-09-22 13:59:00,1790099940,LHX,240.0500030517578,240.07000732421875,240.0050048828125,240.0050048828125,739
2026-09-22 14:00:00,1790100000,LHX,240.01499938964844,240.39999389648438,239.91000366210938,240.3350067138672,8307
2026-09-22 14:01:00,1790100060,LHX,240.3300018310547,240.38040161132812,240.1699981689453,240.3350067138672,3663
2026-09-22 14:02:00,1790100120,LHX,240.3350067138672,240.33999633789062,240.30999755859375,240.33999633789062,1617
2026-09-22 14:03:00,1790100180,LHX,240.33999633789062,240.41000366210938,240.33999633789062,240.36500549316406,1636
2026-09-22 14:04:00,1790100240,LHX,240.41000366210938,240.4600067138672,240.22000122070312,240.25999450683594,3456
2026-09-22 14:05:00,1790100300,LHX,240.20010375976562,240.27499389648438,240.1999969482422,240.2550048828125,1786
2026-09-22 14:06:00,1790100360,LHX,240.25999450683594,240.3300018310547,240.24000549316406,240.2899932861328,2163
2026-09-22 14:07:00,1790100420,LHX,240.25,240.3697052001953,240.20010375976562,240.22000122070312,2595
2026-09-22 14:08:00,1790100480,LHX,240.22999572753906,240.3699951171875,240.19000244140625,240.19000244140625,2931
2026-09-22 14:09:00,1790100540,LHX,240.14999389648438,240.25999450683594,240.14999389648438,240.25999450683594,1624
2026-09-22 14:10:00,1790100600,LHX,240.22999572753906,240.30999755859375,240.0800018310547,240.0800018310547,3506
2026-09-22 14:11:00,1790100660,LHX,240.11500549316406,240.1199951171875,239.9499969482422,239.97000122070312,3262
2026-09-22 14:12:00,1790100720,LHX,239.99000549316406,239.99000549316406,239.89999389648438,239.99000549316406,1728
2026-09-22 14:13:00,1790100780,LHX,239.94000244140625,239.94000244140625,239.84500122070312,239.92550659179688,2089
2026-09-22 14:14:00,1790100840,LHX,239.9199981689453,239.99000549316406,239.85000610351562,239.88499450683594,2421
2026-09-22 14:15:00,1790100900,LHX,239.79010009765625,239.92630004882812,239.7899932861328,239.7899932861328,2042
2026-09-22 14:16:00,1790100960,LHX,239.7899932861328,239.8300018310547,239.72999572753906,239.77999877929688,5427
2026-09-22 14:17:00,1790101020,LHX,239.78500366210938,239.8000030517578,239.75999450683594,239.78500366210938,1116
2026-09-22 14:18:00,1790101080,LHX,239.7100067138672,239.77000427246094,239.67999267578125,239.67999267578125,1731
2026-09-22 14:19:00,1790101140,LHX,239.61000061035156,239.72999572753906,239.61000061035156,239.72999572753906,560
2026-09-22 14:20:00,1790101200,LHX,239.7449951171875,239.8300018310547,239.74000549316406,239.77999877929688,3649
2026-09-22 14:21:00,1790101260,LHX,239.77999877929688,239.78750610351562,239.6699981689453,239.6999969482422,2297
2026-09-22 14:22:00,1790101320,LHX,239.7769012451172,239.7769012451172,239.58999633789062,239.66000366210938,2790
2026-09-22 14:23:00,1790101380,LHX,239.59320068359375,239.6699981689453,239.59320068359375,239.6699981689453,2714
2026-09-22 14:24:00,1790101440,LHX,239.6699981689453,239.6750030517578,239.61000061035156,239.6750030517578,1950
2026-09-22 14:25:00,1790101500,LHX,239.6750030517578,239.74000549316406,239.6199951171875,239.67999267578125,5474
2026-09-22 14:26:00,1790101560,LHX,239.67999267578125,239.97000122070312,239.67999267578125,239.9499969482422,5737
2026-09-22 14:27:00,1790101620,LHX,239.96499633789062,240.0500030517578,239.96499633789062,240.00999450683594,1485
2026-09-22 14:28:00,1790101680,LHX,239.92999267578125,240.0500030517578,239.9199981689453,239.9949951171875,3159
2026-09-22 14:29:00,1790101740,LHX,240.00999450683594,240.11000061035156,240.00999450683594,240.10000610351562,1024
2026-09-22 14:30:00,1790101800,LHX,240.02000427246094,240.10000610351562,239.97000122070312,240.0500030517578,2788
2026-09-22 14:31:00,1790101860,LHX,240.0500030517578,240.11000061035156,239.94000244140625,239.97000122070312,2095
2026-09-22 14:32:00,1790101920,LHX,239.9199981689453,239.97999572753906,239.9199981689453,239.97000122070312,763
2026-09-22 14:33:00,1790101980,LHX,240.00999450683594,240.11000061035156,240.00999450683594,240.08999633789062,1862
2026-09-22 14:34:00,1790102040,LHX,240.0659942626953,240.39500427246094,240.05999755859375,240.22999572753906,8214
2026-09-22 14:35:00,1790102100,LHX,240.19000244140625,240.35000610351562,240.07000732421875,240.30499267578125,4699
2026-09-22 14:36:00,1790102160,LHX,240.25999450683594,240.3489990234375,240.05999755859375,240.10499572753906,6141
2026-09-22 14:37:00,1790102220,LHX,240.10499572753906,240.22000122070312,240.10499572753906,240.19000244140625,3336
2026-09-22 14:38:00,1790102280,LHX,240.19000244140625,240.27999877929688,240.0749969482422,240.27499389648438,3134
2026-09-22 14:39:00,1790102340,LHX,240.27499389648438,240.27499389648438,240.14999389648438,240.17999267578125,4235
2026-09-22 14:40:00,1790102400,LHX,240.2550048828125,240.27000427246094,240.1999969482422,240.26199340820312,1797
2026-09-22 14:41:00,1790102460,LHX,240.1999969482422,240.3000030517578,240.1999969482422,240.2100067138672,3825
2026-09-22 14:42:00,1790102520,LHX,240.26499938964844,240.26499938964844,240.1300048828125,240.15499877929688,3426
2026-09-22 14:43:00,1790102580,LHX,240.1199951171875,240.13890075683594,239.9199981689453,240.01499938964844,3684
2026-09-22 14:44:00,1790102640,LHX,240.01499938964844,240.0399932861328,239.94000244140625,239.9600067138672,2306
2026-09-22 14:45:00,1790102700,LHX,240.05999755859375,240.27000427246094,240.00999450683594,240.25,3882
2026-09-22 14:46:00,1790102760,LHX,240.22500610351562,240.35000610351562,240.22500610351562,240.30999755859375,4331
2026-09-22 14:47:00,1790102820,LHX,240.31500244140625,240.43499755859375,240.31500244140625,240.43499755859375,3299
2026-09-22 14:48:00,1790102880,LHX,240.41000366210938,240.4600067138672,240.39649963378906,240.39999389648438,3676
2026-09-22 14:49:00,1790102940,LHX,240.360107421875,240.69000244140625,240.360107421875,240.6300048828125,10378
2026-09-22 14:50:00,1790103000,LHX,240.66920471191406,240.72000122070312,240.6042022705078,240.63999938964844,5197
2026-09-22 14:51:00,1790103060,LHX,240.67990112304688,240.75999450683594,240.63999938964844,240.69500732421875,7421
2026-09-22 14:52:00,1790103120,LHX,240.69500732421875,240.90989685058594,240.69500732421875,240.73500061035156,4762
2026-09-22 14:53:00,1790103180,LHX,240.72999572753906,240.72999572753906,240.55999755859375,240.6699981689453,9660
2026-09-22 14:54:00,1790103240,LHX,240.57000732421875,240.57000732421875,240.42999267578125,240.42999267578125,2256
2026-09-22 14:55:00,1790103300,LHX,240.43499755859375,240.6699981689453,240.43499755859375,240.5399932861328,3202
2026-09-22 14:56:00,1790103360,LHX,240.59249877929688,240.61000061035156,240.53819274902344,240.57000732421875,1244
2026-09-22 14:57:00,1790103420,LHX,240.57000732421875,240.57000732421875,240.39999389648438,240.47000122070312,1481
2026-09-22 14:58:00,1790103480,LHX,240.52499389648438,240.639892578125,240.47129821777344,240.5395965576172,2445
2026-09-22 14:59:00,1790103540,LHX,240.5850067138672,240.61309814453125,240.52999877929688,240.57000732421875,2583
2026-09-22 15:00:00,1790103600,LHX,240.61000061035156,240.61000061035156,240.5,240.60000610351562,3065
2026-09-22 15:01:00,1790103660,LHX,240.60000610351562,240.72000122070312,240.60000610351562,240.72000122070312,2652
2026-09-22 15:02:00,1790103720,LHX,240.7449951171875,240.77999877929688,240.67999267578125,240.71499633789062,1745
2026-09-22 15:03:00,1790103780,LHX,240.71499633789062,240.7899932861328,240.66000366210938,240.7899932861328,2020
2026-09-22 15:04:00,1790103840,LHX,240.7050018310547,240.7899932861328,240.64999389648438,240.77999877929688,3184
2026-09-22 15:05:00,1790103900,LHX,240.72000122070312,240.72000122070312,240.60000610351562,240.65499877929688,1538
2026-09-22 15:06:00,1790103960,LHX,240.66580200195312,240.7100067138672,240.62620544433594,240.7100067138672,1654
2026-09-22 15:07:00,1790104020,LHX,240.72999572753906,240.75999450683594,240.6300048828125,240.63999938964844,2889
2026-09-22 15:08:00,1790104080,LHX,240.65499877929688,240.77670288085938,240.65499877929688,240.77000427246094,4495
2026-09-22 15:09:00,1790104140,LHX,240.72000122070312,240.7899932861328,240.72000122070312,240.77999877929688,5251
2026-09-22 15:10:00,1790104200,LHX,240.72999572753906,240.80999755859375,240.60000610351562,240.7899932861328,9100
2026-09-22 15:11:00,1790104260,LHX,240.7050018310547,240.73410034179688,240.62010192871094,240.7050018310547,976
2026-09-22 15:12:00,1790104320,LHX,240.6199951171875,240.625,240.4199981689453,240.47999572753906,3881
2026-09-22 15:13:00,1790104380,LHX,240.47999572753906,240.82000732421875,240.47999572753906,240.7050018310547,5716
2026-09-22 15:14:00,1790104440,LHX,240.72999572753906,240.85000610351562,240.6999969482422,240.72999572753906,5577
2026-09-22 15:15:00,1790104500,LHX,240.77999877929688,240.85000610351562,240.69009399414062,240.7301025390625,1626
2026-09-22 15:16:00,1790104560,LHX,240.7899932861328,240.83999633789062,240.7100067138672,240.83999633789062,3945
2026-09-22 15:17:00,1790104620,LHX,240.7899932861328,240.84869384765625,240.69000244140625,240.84869384765625,4486
2026-09-22 15:18:00,1790104680,LHX,240.75999450683594,240.8300018310547,240.72000122070312,240.8267059326172,1563
2026-09-22 15:19:00,1790104740,LHX,240.7899932861328,240.86000061035156,240.74000549316406,240.7449951171875,3235
2026-09-22 15:20:00,1790104800,LHX,240.75,240.79989624023438,240.6999969482422,240.7899932861328,2532
2026-09-22 15:21:00,1790104860,LHX,240.74000549316406,240.78990173339844,240.69000244140625,240.74000549316406,3322
2026-09-22 15:22:00,1790104920,LHX,240.74000549316406,240.85000610351562,240.7100067138672,240.78500366210938,2704
2026-09-22 15:23:00,1790104980,LHX,240.86000061035156,240.88999938964844,240.7949981689453,240.88999938964844,6020
2026-09-22 15:24:00,1790105040,LHX,240.80499267578125,240.88999938964844,240.77999877929688,240.8249969482422,2133
2026-09-22 15:25:00,1790105100,LHX,240.75999450683594,240.8000030517578,240.63999938964844,240.63999938964844,2862
2026-09-22 15:26:00,1790105160,LHX,240.67999267578125,240.67999267578125,240.52999877929688,240.5800018310547,2923
2026-09-22 15:27:00,1790105220,LHX,240.5800018310547,240.6699981689453,240.52999877929688,240.66000366210938,2636
2026-09-22 15:28:00,1790105280,LHX,240.63499450683594,240.74000549316406,240.58999633789062,240.74000549316406,4461
2026-09-22 15:29:00,1790105340,LHX,240.7480010986328,240.7480010986328,240.67999267578125,240.72000122070312,2024
2026-09-22 15:30:00,1790105400,LHX,240.72500610351562,240.74000549316406,240.39999389648438,240.40499877929688,4693
2026-09-22 15:31:00,1790105460,LHX,240.5,240.51780700683594,240.39999389648438,240.44000244140625,3771
2026-09-22 15:32:00,1790105520,LHX,240.3867950439453,240.39999389648438,240.30999755859375,240.33999633789062,2390
2026-09-22 15:33:00,1790105580,LHX,240.3300018310547,240.3699951171875,240.32000732421875,240.3300018310547,1743
2026-09-22 15:34:00,1790105640,LHX,240.35000610351562,240.35000610351562,240.25,240.26499938964844,3355
2026-09-22 15:35:00,1790105700,LHX,240.30999755859375,240.3699951171875,240.22000122070312,240.3350067138672,16606
2026-09-22 15:36:00,1790105760,LHX,240.3000030517578,240.57000732421875,240.27000427246094,240.57000732421875,7319
2026-09-22 15:37:00,1790105820,LHX,240.50999450683594,240.66000366210938,240.50999450683594,240.58999633789062,3237
2026-09-22 15:38:00,1790105880,LHX,240.5800018310547,240.67999267578125,240.5399932861328,240.625,1738
2026-09-22 15:39:00,1790105940,LHX,240.6790008544922,240.72999572753906,240.61000061035156,240.69000244140625,3063
2026-09-22 15:40:00,1790106000,LHX,240.6649932861328,240.6699981689453,240.56829833984375,240.6699981689453,4525
2026-09-22 15:41:00,1790106060,LHX,240.69000244140625,240.69000244140625,240.52499389648438,240.5800018310547,4017
2026-09-22 15:42:00,1790106120,LHX,240.50999450683594,240.61900329589844,240.50999450683594,240.56500244140625,2138
2026-09-22 15:43:00,1790106180,LHX,240.54859924316406,240.6199951171875,240.4499969482422,240.5399932861328,5757
2026-09-22 15:44:00,1790106240,LHX,240.4949951171875,240.52999877929688,240.4199981689453,240.4199981689453,3369
2026-09-22 15:45:00,1790106300,LHX,240.39999389648438,240.44000244140625,240.25999450683594,240.27999877929688,3835
2026-09-22 15:46:00,1790106360,LHX,240.21499633789062,240.27999877929688,240.16000366210938,240.16000366210938,1222
2026-09-22 15:47:00,1790106420,LHX,240.18499755859375,240.2100067138672,240.0800018310547,240.17999267578125,5174
2026-09-22 15:48:00,1790106480,LHX,240.16000366210938,240.22999572753906,240.16000366210938,240.17999267578125,3132
2026-09-22 15:49:00,1790106540,LHX,240.13999938964844,240.19000244140625,240.02999877929688,240.05999755859375,3938
2026-09-22 15:50:00,1790106600,LHX,240.02999877929688,240.02999877929688,239.80999755859375,239.94000244140625,10816
2026-09-22 15:51:00,1790106660,LHX,239.9499969482422,240.11000061035156,239.92010498046875,240.0749969482422,11764
2026-09-22 15:52:00,1790106720,LHX,240.07000732421875,240.16000366210938,240.07000732421875,240.14999389648438,8287
2026-09-22 15:53:00,1790106780,LHX,240.13999938964844,240.19000244140625,240.0449981689453,240.11000061035156,5916
2026-09-22 15:54:00,1790106840,LHX,240.125,240.125,239.9199981689453,239.9499969482422,9535
2026-09-22 15:55:00,1790106900,LHX,240.02999877929688,240.08999633789062,239.6199951171875,239.63999938964844,15516
2026-09-22 15:56:00,1790106960,LHX,239.6300048828125,239.72860717773438,239.5399932861328,239.6190948486328,17515
2026-09-22 15:57:00,1790107020,LHX,239.57000732421875,239.67999267578125,239.52999877929688,239.6699981689453,21631
2026-09-22 15:58:00,1790107080,LHX,239.64999389648438,239.86500549316406,239.50999450683594,239.83999633789062,37737
2026-09-22 15:59:00,1790107140,LHX,239.8000030517578,239.92999267578125,239.64999389648438,239.8699951171875,33434
2026-09-22 16:00:00,1790107200,LHX,239.88999938964844,239.88999938964844,239.88999938964844,239.88999938964844,0
2026-09-23 09:30:00,1790170200,LHX,239.99000549316406,240.9499969482422,239.5,240.38499450683594,27668
2026-09-23 09:31:00,1790170260,LHX,239.92999267578125,240.35000610351562,239.0,240.06500244140625,3128
2026-09-23 09:32:00,1790170320,LHX,240.2449951171875,241.16000366210938,240.2449951171875,241.05499267578125,2910
2026-09-23 09:33:00,1790170380,LHX,241.05499267578125,241.36000061035156,241.0449981689453,241.0449981689453,1708
2026-09-23 09:34:00,1790170440,LHX,241.0449981689453,241.0449981689453,240.30499267578125,240.4199981689453,1971
2026-09-23 09:35:00,1790170500,LHX,240.4199981689453,240.61000061035156,240.0399932861328,240.35499572753906,2653
2026-09-23 09:36:00,1790170560,LHX,240.28500366210938,240.2899932861328,240.25999450683594,240.25999450683594,680
2026-09-23 09:37:00,1790170620,LHX,240.25,240.25,239.4499969482422,239.4499969482422,3670
2026-09-23 09:38:00,1790170680,LHX,239.8300018310547,240.17999267578125,239.8300018310547,239.9949951171875,1313
2026-09-23 09:39:00,1790170740,LHX,239.7899932861328,239.8800048828125,239.47000122070312,239.8000030517578,3099
2026-09-23 09:40:00,1790170800,LHX,239.58999633789062,239.7949981689453,239.44000244140625,239.65499877929688,1567
2026-09-23 09:41:00,1790170860,LHX,239.77999877929688,239.77999877929688,239.57000732421875,239.63999938964844,959
2026-09-23 09:42:00,1790170920,LHX,239.67999267578125,240.02000427246094,239.67999267578125,239.89999389648438,5542
2026-09-23 09:43:00,1790170980,LHX,239.8699951171875,239.91000366210938,239.67999267578125,239.69000244140625,3171
2026-09-23 09:44:00,1790171040,LHX,239.67999267578125,239.8300018310547,239.5800018310547,239.67999267578125,1683
2026-09-23 09:45:00,1790171100,LHX,239.52999877929688,239.61000061035156,239.22999572753906,239.61000061035156,3467
2026-09-23 09:46:00,1790171160,LHX,239.6199951171875,239.72999572753906,239.49000549316406,239.63999938964844,5057
2026-09-23 09:47:00,1790171220,LHX,239.6199951171875,239.6699981689453,239.5399932861328,239.60000610351562,2428
2026-09-23 09:48:00,1790171280,LHX,239.50999450683594,239.63499450683594,239.44000244140625,239.44000244140625,4314
2026-09-23 09:49:00,1790171340,LHX,239.39999389648438,239.77000427246094,239.3000030517578,239.67999267578125,4308
2026-09-23 09:50:00,1790171400,LHX,239.72500610351562,239.8699951171875,239.66000366210938,239.86500549316406,9212
2026-09-23 09:51:00,1790171460,LHX,239.8300018310547,239.92999267578125,239.57000732421875,239.8800048828125,3972
2026-09-23 09:52:00,1790171520,LHX,239.86500549316406,239.86500549316406,239.69500732421875,239.77999877929688,1452
2026-09-23 09:53:00,1790171580,LHX,239.7949981689453,240.17999267578125,239.74000549316406,240.0850067138672,4965
2026-09-23 09:54:00,1790171640,LHX,240.1300048828125,240.72999572753906,240.1300048828125,240.72300720214844,3930
2026-09-23 09:55:00,1790171700,LHX,240.64999389648438,240.77999877929688,240.57000732421875,240.60499572753906,3704
2026-09-23 09:56:00,1790171760,LHX,240.63499450683594,240.63499450683594,240.38499450683594,240.38499450683594,2287
2026-09-23 09:57:00,1790171820,LHX,240.49000549316406,240.89999389648438,240.47000122070312,240.7449951171875,8088
2026-09-23 09:58:00,1790171880,LHX,240.82000732421875,240.92999267578125,240.60000610351562,240.75999450683594,5114
2026-09-23 09:59:00,1790171940,LHX,240.75999450683594,241.00979614257812,240.75,240.94500732421875,1133
2026-09-23 10:00:00,1790172000,LHX,241.02999877929688,241.1750030517578,240.94500732421875,241.02749633789062,4974
2026-09-23 10:01:00,1790172060,LHX,241.0399932861328,241.2899932861328,241.02000427246094,241.15499877929688,4111
2026-09-23 10:02:00,1790172120,LHX,241.24000549316406,241.44000244140625,241.07000732421875,241.4199981689453,3463
2026-09-23 10:03:00,1790172180,LHX,241.4600067138672,241.60360717773438,241.35000610351562,241.58999633789062,2649
2026-09-23 10:04:00,1790172240,LHX,241.6300048828125,241.72999572753906,241.5399932861328,241.61000061035156,3523
2026-09-23 10:05:00,1790172300,LHX,241.68600463867188,241.68600463867188,241.42999267578125,241.58900451660156,2029
2026-09-23 10:06:00,1790172360,LHX,241.58999633789062,241.9600067138672,241.58999633789062,241.9600067138672,3196
2026-09-23 10:07:00,1790172420,LHX,242.0,242.08399963378906,241.80999755859375,242.0399932861328,3614
2026-09-23 10:08:00,1790172480,LHX,242.0850067138672,242.0850067138672,241.75999450683594,241.82000732421875,5719
2026-09-23 10:09:00,1790172540,LHX,241.7899932861328,241.9600067138672,241.7899932861328,241.9600067138672,1276
2026-09-23 10:10:00,1790172600,LHX,241.8800048828125,242.02999877929688,241.8800048828125,241.97940063476562,4414
2026-09-23 10:11:00,1790172660,LHX,242.02499389648438,242.19000244140625,241.97000122070312,242.0399932861328,9972
2026-09-23 10:12:00,1790172720,LHX,242.0500030517578,242.30999755859375,242.0500030517578,242.27999877929688,4905
2026-09-23 10:13:00,1790172780,LHX,242.27499389648438,242.38999938964844,242.22439575195312,242.35000610351562,2361
2026-09-23 10:14:00,1790172840,LHX,242.38999938964844,242.58999633789062,242.2899932861328,242.52999877929688,1998
2026-09-23 10:15:00,1790172900,LHX,242.61000061035156,242.78500366210938,242.44000244140625,242.57000732421875,4753
2026-09-23 10:16:00,1790172960,LHX,242.72000122070312,243.30999755859375,242.6300048828125,243.30999755859375,11648
2026-09-23 10:17:00,1790173020,LHX,243.2100067138672,243.4499969482422,243.08999633789062,243.33999633789062,3673
2026-09-23 10:18:00,1790173080,LHX,243.24000549316406,243.375,242.97000122070312,243.11000061035156,2931
2026-09-23 10:19:00,1790173140,LHX,242.98500061035156,242.98500061035156,242.98500061035156,242.98500061035156,111
2026-09-23 10:20:00,1790173200,LHX,242.98500061035156,242.98500061035156,242.2949981689453,242.47999572753906,6676
2026-09-23 10:21:00,1790173260,LHX,242.5,242.66000366210938,242.30999755859375,242.5449981689453,1929
2026-09-23 10:22:00,1790173320,LHX,242.61000061035156,242.61000061035156,242.30999755859375,242.4250030517578,1640
2026-09-23 10:23:00,1790173380,LHX,242.4199981689453,242.4199981689453,242.3231964111328,242.3231964111328,967
2026-09-23 10:24:00,1790173440,LHX,242.41000366210938,242.5,242.38499450683594,242.40499877929688,1809
2026-09-23 10:25:00,1790173500,LHX,242.40499877929688,242.40499877929688,241.92999267578125,242.19000244140625,3096
2026-09-23 10:26:00,1790173560,LHX,242.11500549316406,242.22999572753906,242.11500549316406,242.22999572753906,1411
2026-09-23 10:27:00,1790173620,LHX,242.32000732421875,242.32000732421875,242.21499633789062,242.21499633789062,632
2026-09-23 10:28:00,1790173680,LHX,242.28990173339844,242.28990173339844,242.11000061035156,242.2550048828125,1559
2026-09-23 10:29:00,1790173740,LHX,242.38999938964844,242.66000366210938,242.36000061035156,242.64999389648438,4129
2026-09-23 10:30:00,1790173800,LHX,242.6649932861328,242.8699951171875,242.6649932861328,242.8699951171875,2225
2026-09-23 10:31:00,1790173860,LHX,242.7899932861328,243.02999877929688,242.7899932861328,242.9199981689453,1268
2026-09-23 10:32:00,1790173920,LHX,242.92999267578125,242.93499755859375,242.66000366210938,242.8350067138672,3860
2026-09-23 10:33:00,1790173980,LHX,242.8000030517578,243.0399932861328,242.74000549316406,243.0399932861328,1060
2026-09-23 10:34:00,1790174040,LHX,242.9199981689453,243.14999389648438,242.83999633789062,243.0749969482422,4290
2026-09-23 10:35:00,1790174100,LHX,243.0749969482422,243.10000610351562,242.8800048828125,243.10000610351562,1365
2026-09-23 10:36:00,1790174160,LHX,243.10000610351562,243.16000366210938,242.9600067138672,243.16000366210938,379
2026-09-23 10:37:00,1790174220,LHX,243.0512237548828,243.2899932861328,243.00999450683594,243.00999450683594,5563
2026-09-23 10:38:00,1790174280,LHX,243.02499389648438,243.0850067138672,243.02000427246094,243.0850067138672,480
2026-09-23 10:39:00,1790174340,LHX,243.0,243.0850067138672,242.9199981689453,243.01499938964844,1060
2026-09-23 10:40:00,1790174400,LHX,242.9199981689453,243.1300048828125,242.9199981689453,243.1300048828125,2354
2026-09-23 10:41:00,1790174460,LHX,243.02000427246094,243.2899932861328,242.99249267578125,243.2899932861328,1637
2026-09-23 10:42:00,1790174520,LHX,243.2899932861328,243.5,243.26300048828125,243.4499969482422,4800
2026-09-23 10:43:00,1790174580,LHX,243.42999267578125,243.42999267578125,243.16000366210938,243.16000366210938,1239
2026-09-23 10:44:00,1790174640,LHX,243.33999633789062,243.4600067138672,243.2375030517578,243.2375030517578,868
2026-09-23 10:45:00,1790174700,LHX,243.1199951171875,243.1199951171875,242.6199951171875,242.6300048828125,2897
2026-09-23 10:46:00,1790174760,LHX,242.72999572753906,242.75,242.6490020751953,242.75,803
2026-09-23 10:47:00,1790174820,LHX,242.7899932861328,243.02000427246094,242.5,242.55999755859375,4867
2026-09-23 10:48:00,1790174880,LHX,242.55999755859375,242.57000732421875,242.3699951171875,242.47000122070312,426
2026-09-23 10:49:00,1790174940,LHX,242.57000732421875,242.57000732421875,242.56500244140625,242.56500244140625,327
2026-09-23 10:50:00,1790175000,LHX,242.64999389648438,242.75,242.52000427246094,242.5449981689453,2869
2026-09-23 10:51:00,1790175060,LHX,242.44500732421875,242.61000061035156,242.22000122070312,242.3699951171875,7799
2026-09-23 10:52:00,1790175120,LHX,242.22999572753906,242.42999267578125,242.22999572753906,242.34500122070312,3567
2026-09-23 10:53:00,1790175180,LHX,242.33999633789062,242.55999755859375,242.3300018310547,242.55999755859375,2849
2026-09-23 10:54:00,1790175240,LHX,242.6300048828125,242.66000366210938,242.3300018310547,242.3300018310547,3340
2026-09-23 10:55:00,1790175300,LHX,242.33999633789062,242.33999633789062,242.01100158691406,242.10000610351562,3032
2026-09-23 10:56:00,1790175360,LHX,242.09500122070312,242.1699981689453,241.8000030517578,242.0500030517578,4280
2026-09-23 10:57:00,1790175420,LHX,242.05999755859375,242.07000732421875,241.94500732421875,242.0500030517578,2352
2026-09-23 10:58:00,1790175480,LHX,242.08999633789062,242.24000549316406,241.94000244140625,241.94000244140625,1584
2026-09-23 10:59:00,1790175540,LHX,242.05999755859375,242.05999755859375,241.9550018310547,242.0500030517578,3225
2026-09-23 11:00:00,1790175600,LHX,242.0399932861328,242.10000610351562,241.85000610351562,242.0850067138672,2599
2026-09-23 11:01:00,1790175660,LHX,241.98500061035156,242.2449951171875,241.9010009765625,242.2449951171875,1008
2026-09-23 11:02:00,1790175720,LHX,242.17999267578125,242.25,242.05999755859375,242.05999755859375,2358
2026-09-23 11:03:00,1790175780,LHX,242.14999389648438,242.14999389648438,242.00999450683594,242.00999450683594,925
2026-09-23 11:04:00,1790175840,LHX,242.125,242.125,242.06500244140625,242.06500244140625,656
2026-09-23 11:05:00,1790175900,LHX,242.06500244140625,242.1199951171875,241.7899932861328,241.94000244140625,3552
2026-09-23 11:06:00,1790175960,LHX,241.9600067138672,241.97999572753906,241.85000610351562,241.8800048828125,1222
2026-09-23 11:07:00,1790176020,LHX,241.9600067138672,241.9600067138672,241.77000427246094,241.86000061035156,964
2026-09-23 11:08:00,1790176080,LHX,241.86000061035156,241.98500061035156,241.86000061035156,241.97500610351562,1060
2026-09-23 11:09:00,1790176140,LHX,241.98500061035156,242.10000610351562,241.98500061035156,241.99000549316406,659
2026-09-23 11:10:00,1790176200,LHX,242.0399932861328,242.10000610351562,241.96499633789062,242.08999633789062,1691
2026-09-23 11:11:00,1790176260,LHX,242.0998992919922,242.16000366210938,242.0998992919922,242.1199951171875,1131
2026-09-23 11:12:00,1790176320,LHX,242.1199951171875,242.1199951171875,241.8800048828125,241.97999572753906,2954
2026-09-23 11:13:00,1790176380,LHX,242.0800018310547,242.3000030517578,242.0800018310547,242.25999450683594,1815
2026-09-23 11:14:00,1790176440,LHX,242.2899932861328,242.39999389648438,242.1999969482422,242.1999969482422,3867
2026-09-23 11:15:00,1790176500,LHX,242.2449951171875,242.2449951171875,242.08999633789062,242.2050018310547,801
2026-09-23 11:16:00,1790176560,LHX,242.19500732421875,242.34500122070312,242.08999633789062,242.34500122070312,1461
2026-09-23 11:17:00,1790176620,LHX,242.24000549316406,242.39999389648438,242.1699981689453,242.25999450683594,2328
2026-09-23 11:18:00,1790176680,LHX,242.1999969482422,242.1999969482422,242.13999938964844,242.17999267578125,790
2026-09-23 11:19:00,1790176740,LHX,242.1649932861328,242.1999969482422,242.0800018310547,242.10000610351562,1621
2026-09-23 11:20:00,1790176800,LHX,242.0399932861328,242.1199951171875,241.9499969482422,242.02549743652344,3330
2026-09-23 11:21:00,1790176860,LHX,242.0800018310547,242.0800018310547,241.94000244140625,241.9949951171875,757
2026-09-23 11:22:00,1790176920,LHX,242.0,242.0800018310547,242.0,242.06500244140625,1220
2026-09-23 11:23:00,1790176980,LHX,242.0,242.10499572753906,241.9550018310547,242.00999450683594,1302
2026-09-23 11:24:00,1790177040,LHX,242.00999450683594,242.25,242.00999450683594,242.2050018310547,3843
2026-09-23 11:25:00,1790177100,LHX,242.25,242.25,241.97999572753906,242.02499389648438,9843
2026-09-23 11:26:00,1790177160,LHX,242.02000427246094,242.02499389648438,241.89999389648438,241.9250030517578,2126
2026-09-23 11:27:00,1790177220,LHX,241.9199981689453,242.0500030517578,241.86000061035156,241.92999267578125,2927
2026-09-23 11:28:00,1790177280,LHX,241.85000610351562,241.89999389648438,241.7899932861328,241.8000030517578,1146
2026-09-23 11:29:00,1790177340,LHX,241.74000549316406,241.74000549316406,241.5,241.59500122070312,1424
2026-09-23 11:30:00,1790177400,LHX,241.52999877929688,241.52999877929688,241.22500610351562,241.31500244140625,2715
2026-09-23 11:31:00,1790177460,LHX,241.39999389648438,241.41000366210938,241.22999572753906,241.32000732421875,975
2026-09-23 11:32:00,1790177520,LHX,241.22999572753906,241.3300018310547,241.0850067138672,241.24000549316406,1010
2026-09-23 11:33:00,1790177580,LHX,241.24000549316406,241.24000549316406,241.1300048828125,241.1750030517578,826
2026-09-23 11:34:00,1790177640,LHX,241.22999572753906,241.4199981689453,241.13999938964844,241.38999938964844,5326
2026-09-23 11:35:00,1790177700,LHX,241.3350067138672,241.39999389648438,241.1215057373047,241.35000610351562,3853
2026-09-23 11:36:00,1790177760,LHX,241.3300018310547,241.35000610351562,241.22039794921875,241.35000610351562,367
2026-09-23 11:37:00,1790177820,LHX,241.38999938964844,241.50999450683594,241.38650512695312,241.49000549316406,2347
2026-09-23 11:38:00,1790177880,LHX,241.48989868164062,241.48989868164062,241.25,241.25,1748
2026-09-23 11:39:00,1790177940,LHX,241.3300018310547,241.38999938964844,241.0399932861328,241.0399932861328,9242
2026-09-23 11:40:00,1790178000,LHX,241.14999389648438,241.2550048828125,241.14999389648438,241.2550048828125,2008
2026-09-23 11:41:00,1790178060,LHX,241.17999267578125,241.17999267578125,241.1699981689453,241.1699981689453,396
2026-09-23 11:42:00,1790178120,LHX,241.1300048828125,241.32000732421875,241.10000610351562,241.32000732421875,1295
2026-09-23 11:43:00,1790178180,LHX,241.1750030517578,241.3300018310547,241.1750030517578,241.20750427246094,931
2026-09-23 11:44:00,1790178240,LHX,241.3300018310547,241.44000244140625,241.24000549316406,241.3300018310547,7293
2026-09-23 11:45:00,1790178300,LHX,241.34500122070312,241.50999450683594,241.34500122070312,241.50999450683594,3702
2026-09-23 11:46:00,1790178360,LHX,241.5050048828125,241.55999755859375,241.3800048828125,241.5,2584
2026-09-23 11:47:00,1790178420,LHX,241.5343017578125,241.57989501953125,241.49000549316406,241.4949951171875,1115
2026-09-23 11:48:00,1790178480,LHX,241.4949951171875,241.4949951171875,241.47250366210938,241.48500061035156,1436
2026-09-23 11:49:00,1790178540,LHX,241.49000549316406,241.53500366210938,241.25999450683594,241.3300018310547,2748
2026-09-23 11:50:00,1790178600,LHX,241.43899536132812,241.43899536132812,241.1999969482422,241.22999572753906,1394
2026-09-23 11:51:00,1790178660,LHX,241.27999877929688,241.3300018310547,241.10000610351562,241.10000610351562,1882
2026-09-23 11:52:00,1790178720,LHX,241.16000366210938,241.16000366210938,240.4600067138672,240.77000427246094,2508
2026-09-23 11:53:00,1790178780,LHX,240.77000427246094,240.96499633789062,240.5800018310547,240.8699951171875,963
2026-09-23 11:54:00,1790178840,LHX,240.8699951171875,240.875,240.77000427246094,240.875,724
2026-09-23 11:55:00,1790178900,LHX,240.86000061035156,240.86000061035156,240.67999267578125,240.77000427246094,1362
2026-09-23 11:56:00,1790178960,LHX,240.75999450683594,240.88999938964844,240.64999389648438,240.7899932861328,829
2026-09-23 11:57:00,1790179020,LHX,240.91000366210938,240.94000244140625,240.7949981689453,240.80999755859375,686
2026-09-23 11:58:00,1790179080,LHX,240.89999389648438,240.94000244140625,240.80999755859375,240.88999938964844,2803
2026-09-23 11:59:00,1790179140,LHX,240.86000061035156,241.16000366210938,240.82000732421875,241.10499572753906,4924
2026-09-23 12:00:00,1790179200,LHX,240.97000122070312,241.0500030517578,240.88999938964844,240.88999938964844,539
2026-09-23 12:01:00,1790179260,LHX,241.01499938964844,241.01499938964844,241.01499938964844,241.01499938964844,707
2026-09-23 12:02:00,1790179320,LHX,241.01499938964844,241.01499938964844,240.83999633789062,240.97000122070312,1014
2026-09-23 12:03:00,1790179380,LHX,240.9550018310547,240.9550018310547,240.7100067138672,240.7200927734375,1558
2026-09-23 12:04:00,1790179440,LHX,240.85000610351562,240.85000610351562,240.71499633789062,240.71499633789062,743
2026-09-23 12:05:00,1790179500,LHX,240.71499633789062,240.72999572753906,240.65249633789062,240.71499633789062,585
2026-09-23 12:06:00,1790179560,LHX,240.7100067138672,240.7100067138672,240.5500030517578,240.6649932861328,3473
2026-09-23 12:07:00,1790179620,LHX,240.6750030517578,240.8000030517578,240.60000610351562,240.72000122070312,2187
2026-09-23 12:08:00,1790179680,LHX,240.77499389648438,240.8300018310547,240.50999450683594,240.50999450683594,3252
2026-09-23 12:09:00,1790179740,LHX,240.52999877929688,240.67999267578125,240.52999877929688,240.67990112304688,1511
2026-09-23 12:10:00,1790179800,LHX,240.67999267578125,240.69000244140625,240.67999267578125,240.69000244140625,524
2026-09-23 12:11:00,1790179860,LHX,240.75,240.77000427246094,240.65499877929688,240.6750030517578,1015
2026-09-23 12:12:00,1790179920,LHX,240.77999877929688,240.77999877929688,240.64999389648438,240.74530029296875,1996
2026-09-23 12:13:00,1790179980,LHX,240.72000122070312,240.77000427246094,240.48500061035156,240.48500061035156,2989
2026-09-23 12:14:00,1790180040,LHX,240.47999572753906,240.47999572753906,240.35000610351562,240.47000122070312,843
2026-09-23 12:15:00,1790180100,LHX,240.35000610351562,240.47000122070312,240.25999450683594,240.32000732421875,3143
2026-09-23 12:16:00,1790180160,LHX,240.39500427246094,240.49000549316406,240.2899932861328,240.2899932861328,1553
2026-09-23 12:17:00,1790180220,LHX,240.24000549316406,240.27999877929688,240.24000549316406,240.27000427246094,637
2026-09-23 12:18:00,1790180280,LHX,240.3300018310547,240.36000061035156,240.17999267578125,240.36000061035156,1031
2026-09-23 12:19:00,1790180340,LHX,240.27999877929688,240.27999877929688,240.27999877929688,240.27999877929688,159
2026-09-23 12:20:00,1790180400,LHX,240.28500366210938,240.44000244140625,240.216796875,240.35499572753906,3738
2026-09-23 12:21:00,1790180460,LHX,240.24000549316406,240.24000549316406,239.91000366210938,239.91000366210938,4791
2026-09-23 12:22:00,1790180520,LHX,240.0500030517578,240.0500030517578,239.60000610351562,239.60000610351562,13323
2026-09-23 12:23:00,1790180580,LHX,239.69000244140625,239.75,239.64999389648438,239.64999389648438,2095
2026-09-23 12:24:00,1790180640,LHX,239.70399475097656,239.82000732421875,239.6199951171875,239.74000549316406,6845
2026-09-23 12:25:00,1790180700,LHX,239.74000549316406,239.94000244140625,239.72000122070312,239.85000610351562,8736
2026-09-23 12:26:00,1790180760,LHX,239.94000244140625,240.07000732421875,239.9250030517578,240.0500030517578,2748
2026-09-23 12:27:00,1790180820,LHX,239.9600067138672,240.11000061035156,239.9600067138672,239.9600067138672,8751
2026-09-23 12:28:00,1790180880,LHX,240.0449981689453,240.25999450683594,240.0449981689453,240.2100067138672,3864
2026-09-23 12:29:00,1790180940,LHX,240.2100067138672,240.25999450683594,240.2100067138672,240.23500061035156,1001
2026-09-23 12:30:00,1790181000,LHX,240.23500061035156,240.3800048828125,240.1999969482422,240.26499938964844,5511
2026-09-23 12:31:00,1790181060,LHX,240.25509643554688,240.25999450683594,240.1199951171875,240.1199951171875,955
2026-09-23 12:32:00,1790181120,LHX,240.1199951171875,240.25,240.05999755859375,240.07000732421875,2407
2026-09-23 12:33:00,1790181180,LHX,240.13999938964844,240.14999389648438,240.05999755859375,240.13999938964844,254
2026-09-23 12:34:00,1790181240,LHX,240.14999389648438,240.14999389648438,239.98219299316406,240.05499267578125,1132
2026-09-23 12:35:00,1790181300,LHX,240.05499267578125,240.13999938964844,239.97000122070312,240.07000732421875,1683
2026-09-23 12:36:00,1790181360,LHX,240.13999938964844,240.22000122070312,240.13999938964844,240.22000122070312,1869
2026-09-23 12:37:00,1790181420,LHX,240.22500610351562,240.26499938964844,240.110107421875,240.24000549316406,792
2026-09-23 12:38:00,1790181480,LHX,240.23500061035156,240.3699951171875,240.23500061035156,240.3699951171875,4072
2026-09-23 12:39:00,1790181540,LHX,240.3000946044922,240.44000244140625,240.3000946044922,240.41000366210938,2044
2026-09-23 12:40:00,1790181600,LHX,240.41000366210938,240.44000244140625,240.32000732421875,240.3300018310547,3454
2026-09-23 12:41:00,1790181660,LHX,240.2899932861328,240.34500122070312,240.25,240.25,1929
2026-09-23 12:42:00,1790181720,LHX,240.25,240.30999755859375,240.13999938964844,240.13999938964844,1957
2026-09-23 12:43:00,1790181780,LHX,240.1403045654297,240.22999572753906,240.13999938964844,240.22999572753906,3188
2026-09-23 12:44:00,1790181840,LHX,240.2449951171875,240.3000030517578,240.2100067138672,240.3000030517578,2208
2026-09-23 12:45:00,1790181900,LHX,240.3300018310547,240.3800048828125,240.16000366210938,240.16000366210938,3091
2026-09-23 12:46:00,1790181960,LHX,240.13499450683594,240.22000122070312,240.125,240.19000244140625,2070
2026-09-23 12:47:00,1790182020,LHX,240.18739318847656,240.27000427246094,240.1699981689453,240.27000427246094,1012
2026-09-23 12:48:00,1790182080,LHX,240.27999877929688,240.44000244140625,240.27999877929688,240.4149932861328,2449
2026-09-23 12:49:00,1790182140,LHX,240.41000366210938,240.5800018310547,240.41000366210938,240.5800018310547,3557
2026-09-23 12:50:00,1790182200,LHX,240.5800018310547,240.7100067138672,240.5800018310547,240.6699981689453,1473
2026-09-23 12:51:00,1790182260,LHX,240.6699981689453,240.72000122070312,240.56500244140625,240.72000122070312,3794
2026-09-23 12:52:00,1790182320,LHX,240.73500061035156,240.7899932861328,240.72999572753906,240.7449951171875,810
2026-09-23 12:53:00,1790182380,LHX,240.72000122070312,240.72000122070312,240.5500030517578,240.5850067138672,1456
2026-09-23 12:54:00,1790182440,LHX,240.57000732421875,240.57000732421875,240.5,240.50999450683594,1111
2026-09-23 12:55:00,1790182500,LHX,240.5,240.5,240.35000610351562,240.35000610351562,1117
2026-09-23 12:56:00,1790182560,LHX,240.34500122070312,240.34500122070312,240.3300018310547,240.3300018310547,658
2026-09-23 12:57:00,1790182620,LHX,240.33999633789062,240.44000244140625,240.33999633789062,240.39999389648438,1057
2026-09-23 12:58:00,1790182680,LHX,240.4499969482422,240.4600067138672,240.28500366210938,240.44000244140625,2355
2026-09-23 12:59:00,1790182740,LHX,240.3699951171875,240.3699951171875,240.02999877929688,240.2100067138672,3656
2026-09-23 13:00:00,1790182800,LHX,240.19500732421875,240.3300018310547,240.19500732421875,240.27000427246094,1800
2026-09-23 13:02:00,1790182920,LHX,240.25,240.30990600585938,240.1999969482422,240.1999969482422,2983
2026-09-23 13:03:00,1790182980,LHX,240.18569946289062,240.30999755859375,240.14999389648438,240.19000244140625,2994
2026-09-23 13:04:00,1790183040,LHX,240.23500061035156,240.3000030517578,240.16000366210938,240.2100067138672,4433
2026-09-23 13:05:00,1790183100,LHX,240.21499633789062,240.2899932861328,240.17999267578125,240.27999877929688,1941
2026-09-23 13:06:00,1790183160,LHX,240.30999755859375,240.3300018310547,240.24000549316406,240.31500244140625,1877
2026-09-23 13:07:00,1790183220,LHX,240.36000061035156,240.42999267578125,240.3300018310547,240.3699951171875,1772
2026-09-23 13:08:00,1790183280,LHX,240.4199981689453,240.4499053955078,240.3699951171875,240.38999938964844,1366
2026-09-23 13:09:00,1790183340,LHX,240.3300018310547,240.4600067138672,240.3300018310547,240.4499969482422,6974
2026-09-23 13:10:00,1790183400,LHX,240.4600067138672,240.55999755859375,240.42999267578125,240.5,3930
2026-09-23 13:11:00,1790183460,LHX,240.53500366210938,240.5800018310547,240.44000244140625,240.44000244140625,1704
2026-09-23 13:12:00,1790183520,LHX,240.52000427246094,240.52000427246094,240.44000244140625,240.46499633789062,828
2026-09-23 13:13:00,1790183580,LHX,240.38999938964844,240.5,240.38999938964844,240.5,1078
2026-09-23 13:14:00,1790183640,LHX,240.5,240.72000122070312,240.5,240.71499633789062,2472
2026-09-23 13:15:00,1790183700,LHX,240.72999572753906,240.75999450683594,240.7100067138672,240.7100067138672,3966
2026-09-23 13:16:00,1790183760,LHX,240.68499755859375,240.68499755859375,240.58999633789062,240.58999633789062,1483
2026-09-23 13:17:00,1790183820,LHX,240.6699981689453,240.67010498046875,240.50999450683594,240.50999450683594,3891
2026-09-23 13:18:00,1790183880,LHX,240.47999572753906,240.59500122070312,240.47999572753906,240.5500030517578,1521
2026-09-23 13:19:00,1790183940,LHX,240.59500122070312,240.6699981689453,240.5399932861328,240.5399932861328,1731
2026-09-23 13:20:00,1790184000,LHX,240.55999755859375,240.67129516601562,240.52000427246094,240.5500030517578,2175
2026-09-23 13:21:00,1790184060,LHX,240.55999755859375,240.6199951171875,240.4290008544922,240.6199951171875,1318
2026-09-23 13:22:00,1790184120,LHX,240.6999969482422,240.6999969482422,240.61500549316406,240.6300048828125,648
2026-09-23 13:23:00,1790184180,LHX,240.6699981689453,240.6699981689453,240.5399932861328,240.5399932861328,2028
2026-09-23 13:24:00,1790184240,LHX,240.5850067138672,240.6699981689453,240.52000427246094,240.6699981689453,2051
2026-09-23 13:25:00,1790184300,LHX,240.5399932861328,240.67999267578125,240.5399932861328,240.67999267578125,1688
2026-09-23 13:26:00,1790184360,LHX,240.6300048828125,240.63999938964844,240.61000061035156,240.63999938964844,1304
2026-09-23 13:27:00,1790184420,LHX,240.63999938964844,240.6999969482422,240.58999633789062,240.58999633789062,767
2026-09-23 13:28:00,1790184480,LHX,240.66000366210938,240.66000366210938,240.6300048828125,240.6300048828125,303
2026-09-23 13:29:00,1790184540,LHX,240.6300048828125,240.8300018310547,240.6300048828125,240.8300018310547,1732
2026-09-23 13:30:00,1790184600,LHX,240.8300018310547,240.86000061035156,240.74000549316406,240.86000061035156,3428
2026-09-23 13:31:00,1790184660,LHX,240.84500122070312,240.84500122070312,240.75999450683594,240.81500244140625,2268
2026-09-23 13:32:00,1790184720,LHX,240.81500244140625,240.81500244140625,240.64999389648438,240.64999389648438,2038
2026-09-23 13:33:00,1790184780,LHX,240.5800018310547,240.64999389648438,240.5800018310547,240.60499572753906,1170
2026-09-23 13:34:00,1790184840,LHX,240.60000610351562,240.60499572753906,240.60000610351562,240.60499572753906,278
2026-09-23 13:35:00,1790184900,LHX,240.61300659179688,240.61300659179688,240.42999267578125,240.42999267578125,1718
2026-09-23 13:36:00,1790184960,LHX,240.47000122070312,240.47000122070312,240.22500610351562,240.22500610351562,1418
2026-09-23 13:37:00,1790185020,LHX,240.1999969482422,240.23500061035156,240.1999969482422,240.23500061035156,387
2026-09-23 13:38:00,1790185080,LHX,240.23500061035156,240.23500061035156,240.23500061035156,240.23500061035156,0
2026-09-23 13:39:00,1790185140,LHX,240.22999572753906,240.22999572753906,240.13999938964844,240.21499633789062,2355
2026-09-23 13:40:00,1790185200,LHX,240.11000061035156,240.19500732421875,240.0850067138672,240.1750030517578,1090
2026-09-23 13:41:00,1790185260,LHX,240.1750030517578,240.19500732421875,240.10499572753906,240.19500732421875,1567
2026-09-23 13:42:00,1790185320,LHX,240.0800018310547,240.2100067138672,240.0800018310547,240.11000061035156,1334
2026-09-23 13:43:00,1790185380,LHX,240.24000549316406,240.38429260253906,240.0800018310547,240.38429260253906,3577
2026-09-23 13:44:00,1790185440,LHX,240.3800048828125,240.44000244140625,240.35000610351562,240.39999389648438,3418
2026-09-23 13:45:00,1790185500,LHX,240.39999389648438,240.4499969482422,240.3249969482422,240.3249969482422,2188
2026-09-23 13:46:00,1790185560,LHX,240.3350067138672,240.3350067138672,240.22999572753906,240.30999755859375,1729
2026-09-23 13:47:00,1790185620,LHX,240.22999572753906,240.22999572753906,240.22999572753906,240.22999572753906,375
2026-09-23 13:48:00,1790185680,LHX,240.30499267578125,240.30499267578125,240.3000030517578,240.30499267578125,817
2026-09-23 13:49:00,1790185740,LHX,240.3112030029297,240.3112030029297,240.3000030517578,240.3000030517578,391
2026-09-23 13:50:00,1790185800,LHX,240.36000061035156,240.36000061035156,240.10000610351562,240.10000610351562,2611
2026-09-23 13:51:00,1790185860,LHX,240.1699981689453,240.1699981689453,240.11500549316406,240.11500549316406,1658
2026-09-23 13:52:00,1790185920,LHX,239.97999572753906,240.07000732421875,239.97999572753906,240.07000732421875,1317
2026-09-23 13:53:00,1790185980,LHX,240.08799743652344,240.08799743652344,239.8699951171875,239.89999389648438,2395
2026-09-23 13:53:27,1790186007,LHX,240.0800018310547,240.0800018310547,240.0800018310547,240.0800018310547,0
2026-09-23 13:54:00,1790186040,LHX,239.9499969482422,239.9499969482422,239.85000610351562,239.8699951171875,1562
2026-09-23 13:55:00,1790186100,LHX,239.80999755859375,239.80999755859375,239.80499267578125,239.80499267578125,1327
2026-09-23 13:56:00,1790186160,LHX,239.81500244140625,239.97999572753906,239.8000030517578,239.9250030517578,1655
2026-09-23 13:57:00,1790186220,LHX,239.97999572753906,240.02999877929688,239.97999572753906,239.98500061035156,880
2026-09-23 13:58:00,1790186280,LHX,239.98500061035156,240.07000732421875,239.98500061035156,240.02499389648438,1111
2026-09-23 13:59:00,1790186340,LHX,240.07000732421875,240.11000061035156,240.0449981689453,240.0449981689453,1877
2026-09-23 14:00:00,1790186400,LHX,240.1199951171875,240.14999389648438,240.08999633789062,240.10000610351562,10509
2026-09-23 14:01:00,1790186460,LHX,240.13999938964844,240.1699981689453,240.10499572753906,240.1199951171875,3402
2026-09-23 14:02:00,1790186520,LHX,240.11000061035156,240.11000061035156,240.0399932861328,240.09500122070312,2376
2026-09-23 14:03:00,1790186580,LHX,240.10000610351562,240.10000610351562,239.99000549316406,239.9949951171875,2501
2026-09-23 14:04:00,1790186640,LHX,240.0,240.0,239.89999389648438,239.92999267578125,1572
2026-09-23 14:05:00,1790186700,LHX,239.88999938964844,240.0800018310547,239.8000030517578,240.0800018310547,4749
2026-09-23 14:06:00,1790186760,LHX,240.12989807128906,240.22999572753906,240.1199951171875,240.22999572753906,1860
2026-09-23 14:07:00,1790186820,LHX,240.25,240.30990600585938,240.17999267578125,240.17999267578125,4846
2026-09-23 14:08:00,1790186880,LHX,240.24000549316406,240.32000732421875,240.13999938964844,240.32000732421875,1994
2026-09-23 14:09:00,1790186940,LHX,240.25999450683594,240.3800048828125,240.25999450683594,240.36500549316406,1275
2026-09-23 14:10:00,1790187000,LHX,240.39999389648438,240.39999389648438,240.35800170898438,240.3699951171875,1087
2026-09-23 14:11:00,1790187060,LHX,240.36500549316406,240.36500549316406,240.27999877929688,240.27999877929688,2794
2026-09-23 14:12:00,1790187120,LHX,240.28500366210938,240.44500732421875,240.27999877929688,240.44500732421875,2948
2026-09-23 14:13:00,1790187180,LHX,240.39999389648438,240.39999389648438,240.30999755859375,240.30999755859375,1696
2026-09-23 14:14:00,1790187240,LHX,240.38999938964844,240.4600067138672,240.38499450683594,240.4600067138672,1056
2026-09-23 14:15:00,1790187300,LHX,240.3300018310547,240.38999938964844,240.32000732421875,240.38999938964844,801
2026-09-23 14:16:00,1790187360,LHX,240.38999938964844,240.38999938964844,240.2899932861328,240.30999755859375,1796
2026-09-23 14:17:00,1790187420,LHX,240.27000427246094,240.33999633789062,240.24000549316406,240.25,4480
2026-09-23 14:18:00,1790187480,LHX,240.27000427246094,240.2949981689453,240.2100067138672,240.2949981689453,683
2026-09-23 14:19:00,1790187540,LHX,240.30999755859375,240.32000732421875,240.30999755859375,240.32000732421875,453
2026-09-23 14:20:00,1790187600,LHX,240.30999755859375,240.38999938964844,240.18499755859375,240.25,2953
2026-09-23 14:21:00,1790187660,LHX,240.39999389648438,240.39999389648438,240.25999450683594,240.25999450683594,966
2026-09-23 14:22:00,1790187720,LHX,240.21890258789062,240.33999633789062,240.21890258789062,240.25999450683594,940
2026-09-23 14:23:00,1790187780,LHX,240.25999450683594,240.39999389648438,240.14999389648438,240.15499877929688,2699
2026-09-23 14:24:00,1790187840,LHX,240.2100067138672,240.23500061035156,240.08999633789062,240.08999633789062,2437
2026-09-23 14:25:00,1790187900,LHX,240.13999938964844,240.13999938964844,240.05999755859375,240.0749969482422,1452
2026-09-23 14:26:00,1790187960,LHX,240.14999389648438,240.14999389648438,240.0,240.0050048828125,1128
2026-09-23 14:27:00,1790188020,LHX,239.99000549316406,239.99000549316406,239.8800048828125,239.8800048828125,1044
2026-09-23 14:28:00,1790188080,LHX,239.85000610351562,239.85000610351562,239.78030395507812,239.80499267578125,1509
2026-09-23 14:29:00,1790188140,LHX,239.8800048828125,240.0,239.7899932861328,239.89999389648438,907
2026-09-23 14:30:00,1790188200,LHX,239.97000122070312,239.99000549316406,239.8000030517578,239.84500122070312,5657
2026-09-23 14:31:00,1790188260,LHX,239.81500244140625,239.8249969482422,239.71139526367188,239.72000122070312,1838
2026-09-23 14:32:00,1790188320,LHX,239.77000427246094,239.88999938964844,239.75999450683594,239.88999938964844,1535
2026-09-23 14:33:00,1790188380,LHX,239.8249969482422,239.87989807128906,239.72999572753906,239.76499938964844,4598
2026-09-23 14:34:00,1790188440,LHX,239.7100067138672,239.72500610351562,239.69000244140625,239.72500610351562,1177
2026-09-23 14:35:00,1790188500,LHX,239.72500610351562,239.72500610351562,239.72500610351562,239.72500610351562,877
2026-09-23 14:36:00,1790188560,LHX,239.8300018310547,239.8300018310547,239.67999267578125,239.70199584960938,1515
2026-09-23 14:37:00,1790188620,LHX,239.7449951171875,239.91000366210938,239.7449951171875,239.88999938964844,4380
2026-09-23 14:38:00,1790188680,LHX,239.89500427246094,239.91000366210938,239.66000366210938,239.67999267578125,3073
2026-09-23 14:39:00,1790188740,LHX,239.55999755859375,239.63999938964844,239.52999877929688,239.56500244140625,1315
2026-09-23 14:40:00,1790188800,LHX,239.57000732421875,239.5800018310547,239.57000732421875,239.5800018310547,1719
2026-09-23 14:42:00,1790188920,LHX,239.5749969482422,239.58999633789062,239.57000732421875,239.57000732421875,698
2026-09-23 14:43:00,1790188980,LHX,239.6199951171875,239.63999938964844,239.60000610351562,239.61000061035156,1684
2026-09-23 14:44:00,1790189040,LHX,239.5800018310547,239.61000061035156,239.55999755859375,239.5800018310547,2406
2026-09-23 14:45:00,1790189100,LHX,239.5500030517578,239.5850067138672,239.50999450683594,239.53500366210938,3185
2026-09-23 14:46:00,1790189160,LHX,239.53500366210938,239.58999633789062,239.5,239.52000427246094,2071
2026-09-23 14:47:00,1790189220,LHX,239.49000549316406,239.50929260253906,239.42999267578125,239.42999267578125,1508
2026-09-23 14:48:00,1790189280,LHX,239.50999450683594,239.52000427246094,239.47500610351562,239.4949951171875,956
2026-09-23 14:49:00,1790189340,LHX,239.52999877929688,239.57000732421875,239.4949951171875,239.52999877929688,1435
2026-09-23 14:50:00,1790189400,LHX,239.5399932861328,239.58999633789062,239.5399932861328,239.5500030517578,1345
2026-09-23 14:51:00,1790189460,LHX,239.5500030517578,239.5500030517578,239.50999450683594,239.52499389648438,1702
2026-09-23 14:52:00,1790189520,LHX,239.52499389648438,239.58999633789062,239.47999572753906,239.57000732421875,1575
2026-09-23 14:53:00,1790189580,LHX,239.53500366210938,239.53500366210938,239.53500366210938,239.53500366210938,1086
2026-09-23 14:54:00,1790189640,LHX,239.5399932861328,239.58999633789062,239.5399932861328,239.58999633789062,903
2026-09-23 14:55:00,1790189700,LHX,239.60000610351562,239.6199951171875,239.55999755859375,239.60000610351562,2336
2026-09-23 14:56:00,1790189760,LHX,239.6199951171875,239.72999572753906,239.61000061035156,239.72999572753906,2608
2026-09-23 14:57:00,1790189820,LHX,239.72000122070312,239.74000549316406,239.69290161132812,239.72000122070312,2011
2026-09-23 14:58:00,1790189880,LHX,239.74000549316406,239.74000549316406,239.6199951171875,239.6199951171875,1814
2026-09-23 14:59:00,1790189940,LHX,239.63999938964844,239.83999633789062,239.6300048828125,239.78500366210938,3045
2026-09-23 15:00:00,1790190000,LHX,239.75999450683594,239.76499938964844,239.67999267578125,239.72999572753906,756
2026-09-23 15:01:00,1790190060,LHX,239.68069458007812,239.80999755859375,239.68069458007812,239.74000549316406,708
2026-09-23 15:02:00,1790190120,LHX,239.64999389648438,239.64999389648438,239.61500549316406,239.61500549316406,1702
2026-09-23 15:03:00,1790190180,LHX,239.5399932861328,239.58689880371094,239.4199981689453,239.44000244140625,1934
2026-09-23 15:04:00,1790190240,LHX,239.44000244140625,239.5198974609375,239.44000244140625,239.44000244140625,831
2026-09-23 15:05:00,1790190300,LHX,239.44000244140625,239.44000244140625,239.39999389648438,239.39999389648438,794
2026-09-23 15:06:00,1790190360,LHX,239.4600067138672,239.50999450683594,239.4199981689453,239.4499969482422,2906
2026-09-23 15:07:00,1790190420,LHX,239.4199981689453,239.4199981689453,239.3800048828125,239.4149932861328,1494
2026-09-23 15:08:00,1790190480,LHX,239.36000061035156,239.60000610351562,239.36000061035156,239.5500030517578,4716
2026-09-23 15:09:00,1790190540,LHX,239.5500030517578,239.60000610351562,239.52000427246094,239.60000610351562,2373
2026-09-23 15:10:00,1790190600,LHX,239.56500244140625,239.5749969482422,239.56500244140625,239.5749969482422,563
2026-09-23 15:11:00,1790190660,LHX,239.5749969482422,239.66000366210938,239.5749969482422,239.66000366210938,2177
2026-09-23 15:12:00,1790190720,LHX,239.6699981689453,239.6699981689453,239.6199951171875,239.6300048828125,1989
2026-09-23 15:13:00,1790190780,LHX,239.64500427246094,239.6699981689453,239.64500427246094,239.64500427246094,793
2026-09-23 15:14:00,1790190840,LHX,239.6699981689453,239.6699981689453,239.55999755859375,239.58999633789062,3987
2026-09-23 15:15:00,1790190900,LHX,239.55999755859375,239.63499450683594,239.5500030517578,239.63499450683594,1839
2026-09-23 15:16:00,1790190960,LHX,239.63499450683594,239.74000549316406,239.63499450683594,239.72999572753906,1748
2026-09-23 15:17:00,1790191020,LHX,239.7100067138672,239.71730041503906,239.6199951171875,239.6199951171875,2114
2026-09-23 15:18:00,1790191080,LHX,239.6699981689453,239.6699981689453,239.60000610351562,239.66000366210938,1152
2026-09-23 15:19:00,1790191140,LHX,239.6230010986328,239.6300048828125,239.6199951171875,239.6300048828125,429
2026-09-23 15:20:00,1790191200,LHX,239.5399932861328,239.5500030517578,239.49000549316406,239.49000549316406,2139
2026-09-23 15:21:00,1790191260,LHX,239.4199981689453,239.4199981689453,239.4199981689453,239.4199981689453,213
2026-09-23 15:22:00,1790191320,LHX,239.41000366210938,239.49989318847656,239.33009338378906,239.4250030517578,1847
2026-09-23 15:23:00,1790191380,LHX,239.4250030517578,239.49000549316406,239.41000366210938,239.4499969482422,3623
2026-09-23 15:24:00,1790191440,LHX,239.4600067138672,239.47000122070312,239.3699951171875,239.3699951171875,3254
2026-09-23 15:25:00,1790191500,LHX,239.38999938964844,239.38999938964844,239.30999755859375,239.3300018310547,3379
2026-09-23 15:26:00,1790191560,LHX,239.35000610351562,239.36000061035156,239.1199951171875,239.125,4641
2026-09-23 15:27:00,1790191620,LHX,239.1199951171875,239.1199951171875,239.07000732421875,239.07000732421875,691
2026-09-23 15:28:00,1790191680,LHX,239.05999755859375,239.24000549316406,239.0399932861328,239.2050018310547,4695
2026-09-23 15:29:00,1790191740,LHX,239.1699981689453,239.36000061035156,239.16099548339844,239.35000610351562,3819
2026-09-23 15:30:00,1790191800,LHX,239.3300018310547,239.3699951171875,239.3000030517578,239.32730102539062,4732
2026-09-23 15:31:00,1790191860,LHX,239.3350067138672,239.49000549316406,239.3350067138672,239.42999267578125,2482
2026-09-23 15:32:00,1790191920,LHX,239.49000549316406,239.49000549316406,239.42999267578125,239.44000244140625,2160
2026-09-23 15:33:00,1790191980,LHX,239.4600067138672,239.61000061035156,239.44000244140625,239.61000061035156,3329
2026-09-23 15:34:00,1790192040,LHX,239.5800018310547,239.6199951171875,239.5800018310547,239.6199951171875,1400
2026-09-23 15:35:00,1790192100,LHX,239.59500122070312,239.63699340820312,239.49000549316406,239.49000549316406,5231
2026-09-23 15:36:00,1790192160,LHX,239.4949951171875,239.57000732421875,239.4949951171875,239.57000732421875,1517
2026-09-23 15:37:00,1790192220,LHX,239.6300048828125,239.63999938964844,239.57000732421875,239.57000732421875,3039
2026-09-23 15:38:00,1790192280,LHX,239.60000610351562,239.64999389648438,239.58799743652344,239.6199951171875,1932
2026-09-23 15:39:00,1790192340,LHX,239.58999633789062,239.6300048828125,239.4600067138672,239.6300048828125,4200
2026-09-23 15:40:00,1790192400,LHX,239.6300048828125,239.67999267578125,239.6300048828125,239.66000366210938,3481
2026-09-23 15:41:00,1790192460,LHX,239.6199951171875,239.6199951171875,239.5399932861328,239.56500244140625,2353
2026-09-23 15:42:00,1790192520,LHX,239.55499267578125,239.57000732421875,239.50999450683594,239.5399932861328,3387
2026-09-23 15:43:00,1790192580,LHX,239.5399932861328,239.63999938964844,239.5399932861328,239.61000061035156,3671
2026-09-23 15:44:00,1790192640,LHX,239.61000061035156,239.63499450683594,239.52499389648438,239.5500030517578,4297
2026-09-23 15:45:00,1790192700,LHX,239.5500030517578,239.58999633789062,239.47999572753906,239.50999450683594,3684
2026-09-23 15:46:00,1790192760,LHX,239.50030517578125,239.6300048828125,239.385498046875,239.60000610351562,26338
2026-09-23 15:47:00,1790192820,LHX,239.60000610351562,239.72000122070312,239.5500030517578,239.7100067138672,5058
2026-09-23 15:48:00,1790192880,LHX,239.72999572753906,239.7550048828125,239.66000366210938,239.75,4117
2026-09-23 15:49:00,1790192940,LHX,239.72999572753906,239.72999572753906,239.5500030517578,239.58999633789062,6975
2026-09-23 15:50:00,1790193000,LHX,239.5500030517578,239.6300048828125,239.42999267578125,239.42999267578125,6221
2026-09-23 15:51:00,1790193060,LHX,239.3699951171875,239.44000244140625,239.27000427246094,239.39999389648438,7870
2026-09-23 15:52:00,1790193120,LHX,239.39500427246094,239.44000244140625,239.3000030517578,239.30999755859375,4592
2026-09-23 15:53:00,1790193180,LHX,239.3300018310547,239.39999389648438,239.25999450683594,239.3000030517578,12241
2026-09-23 15:54:00,1790193240,LHX,239.3000030517578,239.4199981689453,239.3000030517578,239.39999389648438,4462
2026-09-23 15:55:00,1790193300,LHX,239.39999389648438,239.4199981689453,239.14999389648438,239.1999969482422,16460
2026-09-23 15:56:00,1790193360,LHX,239.1999969482422,239.2100067138672,239.07000732421875,239.19000244140625,14957
2026-09-23 15:57:00,1790193420,LHX,239.16000366210938,239.26499938964844,239.1199951171875,239.24000549316406,15115
2026-09-23 15:58:00,1790193480,LHX,239.24000549316406,239.36000061035156,239.16000366210938,239.16000366210938,24136
2026-09-23 15:59:00,1790193540,LHX,239.19000244140625,239.2899932861328,239.0500030517578,239.27999877929688,30997
2026-09-23 16:00:00,1790193600,LHX,239.2100067138672,239.2100067138672,239.2100067138672,239.2100067138672,0
2026-09-24 09:30:00,1790256600,LHX,239.14999389648438,240.0,239.0,239.9149932861328,22133
2026-09-24 09:31:00,1790256660,LHX,239.97000122070312,240.14999389648438,239.8300018310547,239.8300018310547,796
2026-09-24 09:32:00,1790256720,LHX,240.07000732421875,240.32000732421875,239.80999755859375,240.32000732421875,3513
2026-09-24 09:33:00,1790256780,LHX,240.36000061035156,240.97999572753906,239.8300018310547,239.8300018310547,3918
2026-09-24 09:34:00,1790256840,LHX,239.58999633789062,239.99000549316406,239.39230346679688,239.99000549316406,962
2026-09-24 09:35:00,1790256900,LHX,240.02000427246094,240.02000427246094,239.5,239.5,1265
2026-09-24 09:36:00,1790256960,LHX,240.03500366210938,240.03500366210938,239.4550018310547,239.50999450683594,1683
2026-09-24 09:37:00,1790257020,LHX,239.5050048828125,239.5050048828125,239.5050048828125,239.5050048828125,1238
2026-09-24 09:38:00,1790257080,LHX,239.4250030517578,239.5800018310547,239.25999450683594,239.25999450683594,507
2026-09-24 09:39:00,1790257140,LHX,239.52999877929688,239.99000549316406,239.31500244140625,239.99000549316406,1547
2026-09-24 09:40:00,1790257200,LHX,239.7949981689453,240.02999877929688,239.78500366210938,239.78500366210938,942
2026-09-24 09:41:00,1790257260,LHX,239.64999389648438,239.94000244140625,239.52999877929688,239.625,1842
2026-09-24 09:42:00,1790257320,LHX,239.52999877929688,240.07000732421875,239.52999877929688,240.00999450683594,3662
2026-09-24 09:43:00,1790257380,LHX,239.9949951171875,240.14999389648438,239.86000061035156,240.05999755859375,912
2026-09-24 09:44:00,1790257440,LHX,240.0449981689453,240.05999755859375,239.77000427246094,239.77000427246094,2561
2026-09-24 09:45:00,1790257500,LHX,239.61000061035156,239.66000366210938,239.3300018310547,239.66000366210938,7607
2026-09-24 09:46:00,1790257560,LHX,239.58999633789062,239.63999938964844,239.5074005126953,239.63999938964844,1085
2026-09-24 09:47:00,1790257620,LHX,239.63499450683594,239.6750030517578,239.39999389648438,239.5850067138672,3706
2026-09-24 09:48:00,1790257680,LHX,239.59500122070312,239.72000122070312,239.39500427246094,239.39999389648438,2791
2026-09-24 09:49:00,1790257740,LHX,239.43499755859375,239.8000030517578,239.3800048828125,239.6300048828125,4534
2026-09-24 09:50:00,1790257800,LHX,239.625,240.0625,239.625,239.72500610351562,4640
2026-09-24 09:51:00,1790257860,LHX,239.66000366210938,239.85000610351562,239.5399932861328,239.8000030517578,11611
2026-09-24 09:52:00,1790257920,LHX,239.6999969482422,239.72000122070312,239.50950622558594,239.6300048828125,3799
2026-09-24 09:53:00,1790257980,LHX,239.6300048828125,240.14500427246094,239.55999755859375,240.0749969482422,1684
2026-09-24 09:54:00,1790258040,LHX,239.97000122070312,239.97999572753906,239.77999877929688,239.91000366210938,1438
2026-09-24 09:55:00,1790258100,LHX,239.91000366210938,240.1199951171875,239.91000366210938,240.1199951171875,437
2026-09-24 09:56:00,1790258160,LHX,239.9199981689453,240.22000122070312,239.9199981689453,240.22000122070312,2074
2026-09-24 09:57:00,1790258220,LHX,240.25999450683594,240.35000610351562,240.09500122070312,240.35000610351562,824
2026-09-24 09:58:00,1790258280,LHX,240.22000122070312,240.82000732421875,240.22000122070312,240.82000732421875,3201
2026-09-24 09:59:00,1790258340,LHX,240.8300018310547,241.0,240.7200927734375,240.7200927734375,6393
2026-09-24 10:00:00,1790258400,LHX,240.86000061035156,240.86000061035156,240.41000366210938,240.70730590820312,1910
2026-09-24 10:01:00,1790258460,LHX,240.6999969482422,240.92999267578125,240.5399932861328,240.92999267578125,2458
2026-09-24 10:02:00,1790258520,LHX,240.9600067138672,241.08999633789062,240.92999267578125,240.97999572753906,2629
2026-09-24 10:03:00,1790258580,LHX,240.82000732421875,240.8300018310547,240.46754455566406,240.8300018310547,2816
2026-09-24 10:04:00,1790258640,LHX,240.65859985351562,241.22999572753906,240.65859985351562,241.1649932861328,2402
2026-09-24 10:05:00,1790258700,LHX,240.9600067138672,241.55999755859375,240.9600067138672,241.52499389648438,2596
2026-09-24 10:06:00,1790258760,LHX,241.67999267578125,242.0,241.52000427246094,241.9550018310547,5476
2026-09-24 10:07:00,1790258820,LHX,241.9550018310547,242.1199951171875,241.55999755859375,241.55999755859375,4002
2026-09-24 10:08:00,1790258880,LHX,241.6199951171875,241.8007049560547,241.1999969482422,241.8007049560547,4921
2026-09-24 10:09:00,1790258940,LHX,241.6199951171875,241.72999572753906,241.5,241.5050048828125,3276
2026-09-24 10:10:00,1790259000,LHX,241.43499755859375,241.57000732421875,241.38999938964844,241.4199981689453,7029
2026-09-24 10:11:00,1790259060,LHX,241.41000366210938,241.63999938964844,241.32009887695312,241.52000427246094,4036
2026-09-24 10:12:00,1790259120,LHX,241.55499267578125,241.5749969482422,241.4499969482422,241.47500610351562,1381
2026-09-24 10:13:00,1790259180,LHX,241.5,241.72000122070312,241.5,241.55999755859375,2704
2026-09-24 10:14:00,1790259240,LHX,241.63999938964844,241.7100067138672,241.35000610351562,241.5,2664
2026-09-24 10:15:00,1790259300,LHX,241.39999389648438,241.39999389648438,241.02000427246094,241.13999938964844,1620
2026-09-24 10:16:00,1790259360,LHX,241.1199951171875,241.19000244140625,241.0449981689453,241.14999389648438,2064
2026-09-24 10:17:00,1790259420,LHX,241.13499450683594,241.42999267578125,241.13499450683594,241.30999755859375,2285
2026-09-24 10:18:00,1790259480,LHX,241.30999755859375,241.36000061035156,241.24000549316406,241.36000061035156,484
2026-09-24 10:19:00,1790259540,LHX,241.3699951171875,241.47000122070312,241.1649932861328,241.1699981689453,2429
2026-09-24 10:20:00,1790259600,LHX,241.25,241.38999938964844,241.1699981689453,241.1750030517578,2286
2026-09-24 10:21:00,1790259660,LHX,241.1699981689453,241.28990173339844,241.1300048828125,241.1300048828125,581
2026-09-24 10:22:00,1790259720,LHX,241.13999938964844,241.27000427246094,241.07049560546875,241.07049560546875,1631
2026-09-24 10:23:00,1790259780,LHX,241.16000366210938,241.38499450683594,241.16000366210938,241.2899932861328,1995
2026-09-24 10:24:00,1790259840,LHX,241.32000732421875,241.38999938964844,241.22000122070312,241.27999877929688,3093
2026-09-24 10:25:00,1790259900,LHX,241.2550048828125,241.2550048828125,240.88999938964844,240.89999389648438,3042
2026-09-24 10:26:00,1790259960,LHX,240.9600067138672,241.125,240.88999938964844,241.05999755859375,1897
2026-09-24 10:27:00,1790260020,LHX,241.10000610351562,241.25999450683594,241.0749969482422,241.25999450683594,2953
2026-09-24 10:28:00,1790260080,LHX,241.3300018310547,241.3300018310547,241.14500427246094,241.14999389648438,9451
2026-09-24 10:29:00,1790260140,LHX,241.05999755859375,241.28500366210938,241.02999877929688,241.14999389648438,3097
2026-09-24 10:30:00,1790260200,LHX,241.13999938964844,241.13999938964844,240.94000244140625,241.13999938964844,2808
2026-09-24 10:31:00,1790260260,LHX,241.07000732421875,241.25,241.07000732421875,241.1999969482422,2146
2026-09-24 10:32:00,1790260320,LHX,241.1999969482422,241.22999572753906,241.1096954345703,241.16000366210938,1393
2026-09-24 10:33:00,1790260380,LHX,241.16000366210938,241.375,241.1199951171875,241.28500366210938,3131
2026-09-24 10:34:00,1790260440,LHX,241.36000061035156,241.56500244140625,241.36000061035156,241.47500610351562,1630
2026-09-24 10:35:00,1790260500,LHX,241.47500610351562,241.47500610351562,241.3300018310547,241.3350067138672,2144
2026-09-24 10:36:00,1790260560,LHX,241.33999633789062,241.50999450683594,241.25999450683594,241.4499969482422,2554
2026-09-24 10:37:00,1790260620,LHX,241.50999450683594,241.69000244140625,241.50999450683594,241.69000244140625,964
2026-09-24 10:38:00,1790260680,LHX,241.69000244140625,241.69000244140625,241.52000427246094,241.6649932861328,2482
2026-09-24 10:39:00,1790260740,LHX,241.64500427246094,241.64500427246094,241.41000366210938,241.57000732421875,1861
2026-09-24 10:40:00,1790260800,LHX,241.5500030517578,241.6199951171875,241.42999267578125,241.6199951171875,2007
2026-09-24 10:41:00,1790260860,LHX,241.61000061035156,241.75999450683594,241.61000061035156,241.61000061035156,2005
2026-09-24 10:42:00,1790260920,LHX,241.6300048828125,241.63999938964844,241.6300048828125,241.63999938964844,927
2026-09-24 10:43:00,1790260980,LHX,241.55999755859375,241.60000610351562,241.4499969482422,241.5399932861328,6315
2026-09-24 10:44:00,1790261040,LHX,241.4499969482422,241.5500030517578,241.39149475097656,241.5449981689453,5783
2026-09-24 10:45:00,1790261100,LHX,241.5500030517578,241.5500030517578,241.1699981689453,241.1699981689453,1587
2026-09-24 10:46:00,1790261160,LHX,241.30990600585938,241.30990600585938,241.08999633789062,241.15499877929688,1320
2026-09-24 10:47:00,1790261220,LHX,241.15499877929688,241.38499450683594,241.11000061035156,241.25,3757
2026-09-24 10:48:00,1790261280,LHX,241.24000549316406,241.27999877929688,241.10000610351562,241.10000610351562,2543
2026-09-24 10:49:00,1790261340,LHX,241.15499877929688,241.15499877929688,241.1074981689453,241.1300048828125,934
2026-09-24 10:50:00,1790261400,LHX,241.1300048828125,241.22000122070312,240.91000366210938,240.91000366210938,4388
2026-09-24 10:51:00,1790261460,LHX,240.99000549316406,241.01499938964844,240.90750122070312,240.99000549316406,1953
2026-09-24 10:52:00,1790261520,LHX,240.91000366210938,240.91000366210938,240.781005859375,240.8800048828125,2630
2026-09-24 10:53:00,1790261580,LHX,240.8699951171875,240.99000549316406,240.82859802246094,240.99000549316406,2828
2026-09-24 10:54:00,1790261640,LHX,240.94500732421875,241.00999450683594,240.69000244140625,240.7050018310547,3627
2026-09-24 10:55:00,1790261700,LHX,240.66000366210938,240.75,240.62010192871094,240.7100067138672,1218
2026-09-24 10:56:00,1790261760,LHX,240.7100067138672,240.77000427246094,240.57000732421875,240.5800018310547,2449
2026-09-24 10:57:00,1790261820,LHX,240.6300048828125,240.6300048828125,240.4300994873047,240.52499389648438,1237
2026-09-24 10:58:00,1790261880,LHX,240.44000244140625,240.44000244140625,240.22000122070312,240.30999755859375,14125
2026-09-24 10:59:00,1790261940,LHX,240.27000427246094,240.38499450683594,240.1999969482422,240.38499450683594,884
2026-09-24 11:00:00,1790262000,LHX,240.38499450683594,240.4499969482422,240.32000732421875,240.36000061035156,2058
2026-09-24 11:01:00,1790262060,LHX,240.35000610351562,240.35000610351562,240.25,240.25999450683594,1380
2026-09-24 11:02:00,1790262120,LHX,240.21099853515625,240.28379821777344,240.08999633789062,240.13999938964844,1884
2026-09-24 11:03:00,1790262180,LHX,240.13499450683594,240.25999450683594,240.13499450683594,240.2550048828125,2903
2026-09-24 11:04:00,1790262240,LHX,240.16050720214844,240.16050720214844,240.00999450683594,240.00999450683594,1425
2026-09-24 11:05:00,1790262300,LHX,240.0,240.05999755859375,239.88999938964844,239.9949951171875,2468
2026-09-24 11:06:00,1790262360,LHX,240.0399932861328,240.1699981689453,239.97500610351562,240.1699981689453,1766
2026-09-24 11:07:00,1790262420,LHX,240.10000610351562,240.25999450683594,240.10000610351562,240.2100067138672,1294
2026-09-24 11:08:00,1790262480,LHX,240.25999450683594,240.38999938964844,240.25999450683594,240.3699951171875,1723
2026-09-24 11:09:00,1790262540,LHX,240.41000366210938,240.4499969482422,240.41000366210938,240.4199981689453,1596
2026-09-24 11:10:00,1790262600,LHX,240.42999267578125,240.42999267578125,240.18499755859375,240.18499755859375,1062
2026-09-24 11:11:00,1790262660,LHX,240.22000122070312,240.27999877929688,240.16000366210938,240.22000122070312,1797
2026-09-24 11:12:00,1790262720,LHX,240.1699981689453,240.1699981689453,239.97999572753906,239.97999572753906,1663
2026-09-24 11:13:00,1790262780,LHX,239.94590759277344,240.02439880371094,239.86000061035156,239.8699951171875,2960
2026-09-24 11:14:00,1790262840,LHX,239.85000610351562,239.85000610351562,239.72000122070312,239.72000122070312,3031
2026-09-24 11:15:00,1790262900,LHX,239.66000366210938,239.75999450683594,239.66000366210938,239.7550048828125,940
2026-09-24 11:16:00,1790262960,LHX,239.7899932861328,240.0,239.72500610351562,239.99000549316406,4871
2026-09-24 11:17:00,1790263020,LHX,239.9550018310547,240.0399932861328,239.9550018310547,240.03500366210938,769
2026-09-24 11:18:00,1790263080,LHX,239.97999572753906,240.17999267578125,239.97999572753906,240.14500427246094,1716
2026-09-24 11:19:00,1790263140,LHX,240.14500427246094,240.15499877929688,240.14500427246094,240.15499877929688,532
2026-09-24 11:20:00,1790263200,LHX,240.14999389648438,240.17999267578125,240.02000427246094,240.02000427246094,2804
2026-09-24 11:21:00,1790263260,LHX,240.05499267578125,240.05499267578125,239.89999389648438,239.9774932861328,1583
2026-09-24 11:22:00,1790263320,LHX,239.97500610351562,240.02000427246094,239.89999389648438,239.97000122070312,2154
2026-09-24 11:23:00,1790263380,LHX,239.97000122070312,240.0399932861328,239.91220092773438,240.0399932861328,2454
2026-09-24 11:24:00,1790263440,LHX,239.99000549316406,240.17999267578125,239.99000549316406,240.10000610351562,2649
2026-09-24 11:25:00,1790263500,LHX,239.99000549316406,240.01499938964844,239.75,239.8000030517578,2886
2026-09-24 11:26:00,1790263560,LHX,239.81500244140625,239.85000610351562,239.72000122070312,239.72000122070312,3136
2026-09-24 11:27:00,1790263620,LHX,239.75999450683594,239.75999450683594,239.7550048828125,239.7550048828125,740
2026-09-24 11:28:00,1790263680,LHX,239.80999755859375,239.80999755859375,239.7274932861328,239.77000427246094,1577
2026-09-24 11:29:00,1790263740,LHX,239.77000427246094,239.77000427246094,239.63999938964844,239.63999938964844,2404
2026-09-24 11:30:00,1790263800,LHX,239.65499877929688,239.6999969482422,239.60000610351562,239.66000366210938,2247
2026-09-24 11:31:00,1790263860,LHX,239.63499450683594,239.7449951171875,239.5850067138672,239.5850067138672,6402
2026-09-24 11:32:00,1790263920,LHX,239.6208038330078,239.6208038330078,239.48500061035156,239.52499389648438,1646
2026-09-24 11:33:00,1790263980,LHX,239.57000732421875,239.69000244140625,239.55999755859375,239.6750030517578,2918
2026-09-24 11:34:00,1790264040,LHX,239.6750030517578,239.6999969482422,239.55999755859375,239.55999755859375,1260
2026-09-24 11:35:00,1790264100,LHX,239.5800018310547,239.58999633789062,239.52999877929688,239.53500366210938,1561
2026-09-24 11:36:00,1790264160,LHX,239.58999633789062,239.72000122070312,239.5500030517578,239.7050018310547,2707
2026-09-24 11:37:00,1790264220,LHX,239.72000122070312,239.72999572753906,239.6300048828125,239.66000366210938,5110
2026-09-24 11:38:00,1790264280,LHX,239.65499877929688,239.74000549316406,239.65499877929688,239.69500732421875,1686
2026-09-24 11:39:00,1790264340,LHX,239.70249938964844,239.70249938964844,239.63999938964844,239.67999267578125,1510
2026-09-24 11:40:00,1790264400,LHX,239.64999389648438,239.72000122070312,239.64999389648438,239.69000244140625,1641
2026-09-24 11:41:00,1790264460,LHX,239.72000122070312,239.75999450683594,239.6999969482422,239.75999450683594,820
2026-09-24 11:42:00,1790264520,LHX,239.75999450683594,240.11000061035156,239.75999450683594,240.02499389648438,7668
2026-09-24 11:43:00,1790264580,LHX,239.97999572753906,240.05999755859375,239.94000244140625,239.94000244140625,3057
2026-09-24 11:44:00,1790264640,LHX,239.88999938964844,239.99679565429688,239.83999633789062,239.8800048828125,2253
2026-09-24 11:45:00,1790264700,LHX,239.97000122070312,239.97000122070312,239.8000030517578,239.86500549316406,2869
2026-09-24 11:46:00,1790264760,LHX,239.86500549316406,239.86500549316406,239.7899932861328,239.80999755859375,1764
2026-09-24 11:47:00,1790264820,LHX,239.8800048828125,239.88999938964844,239.72999572753906,239.82000732421875,3279
2026-09-24 11:48:00,1790264880,LHX,239.82000732421875,240.0594024658203,239.8040008544922,239.9324951171875,17844
2026-09-24 11:49:00,1790264940,LHX,239.9600067138672,240.0399932861328,239.86000061035156,239.8800048828125,3040
2026-09-24 11:50:00,1790265000,LHX,239.94000244140625,239.94000244140625,239.6199951171875,239.6199951171875,2237
2026-09-24 11:51:00,1790265060,LHX,239.7100067138672,239.77000427246094,239.7100067138672,239.77000427246094,2726
2026-09-24 11:52:00,1790265120,LHX,239.8000030517578,239.875,239.72999572753906,239.875,3339
2026-09-24 11:53:00,1790265180,LHX,239.82000732421875,239.875,239.77999877929688,239.8300018310547,1849
2026-09-24 11:54:00,1790265240,LHX,239.8300018310547,239.83999633789062,239.67999267578125,239.67999267578125,1348
2026-09-24 11:55:00,1790265300,LHX,239.6999969482422,239.6999969482422,239.5800018310547,239.64999389648438,1932
2026-09-24 11:56:00,1790265360,LHX,239.64999389648438,239.74000549316406,239.61000061035156,239.61000061035156,3450
2026-09-24 11:57:00,1790265420,LHX,239.61000061035156,239.75999450683594,239.61000061035156,239.75999450683594,1669
2026-09-24 11:58:00,1790265480,LHX,239.75999450683594,239.77000427246094,239.69500732421875,239.7050018310547,2439
2026-09-24 11:59:00,1790265540,LHX,239.7100067138672,239.7100067138672,239.66000366210938,239.6699981689453,1729
2026-09-24 12:00:00,1790265600,LHX,239.6300048828125,239.66000366210938,239.5500030517578,239.5850067138672,5073
2026-09-24 12:01:00,1790265660,LHX,239.5399932861328,239.66000366210938,239.44000244140625,239.59500122070312,7394
2026-09-24 12:02:00,1790265720,LHX,239.64999389648438,239.6699981689453,239.39999389648438,239.4730987548828,3863
2026-09-24 12:03:00,1790265780,LHX,239.49000549316406,239.5800018310547,239.49000549316406,239.49000549316406,1833
2026-09-24 12:04:00,1790265840,LHX,239.5749969482422,239.58999633789062,239.50999450683594,239.58999633789062,603
2026-09-24 12:05:00,1790265900,LHX,239.58999633789062,239.90499877929688,239.55499267578125,239.75,5604
2026-09-24 12:06:00,1790265960,LHX,239.6999969482422,239.74000549316406,239.57000732421875,239.60499572753906,725
2026-09-24 12:07:00,1790266020,LHX,239.5500030517578,239.5500030517578,239.44869995117188,239.44869995117188,806
2026-09-24 12:08:00,1790266080,LHX,239.4033966064453,239.4033966064453,239.36000061035156,239.3699951171875,2245
2026-09-24 12:09:00,1790266140,LHX,239.3800048828125,239.5,239.3800048828125,239.5,1000
2026-09-24 12:10:00,1790266200,LHX,239.52000427246094,239.7100067138672,239.52000427246094,239.58999633789062,734
2026-09-24 12:11:00,1790266260,LHX,239.6999969482422,239.7100067138672,239.66000366210938,239.7050018310547,1544
2026-09-24 12:12:00,1790266320,LHX,239.6199951171875,239.8000030517578,239.60000610351562,239.8000030517578,6423
2026-09-24 12:13:00,1790266380,LHX,239.75579833984375,239.8000030517578,239.75,239.8000030517578,583
2026-09-24 12:14:00,1790266440,LHX,239.85000610351562,239.88999938964844,239.7646026611328,239.88999938964844,978
2026-09-24 12:15:00,1790266500,LHX,239.89999389648438,240.21119689941406,239.89999389648438,240.11000061035156,3200
2026-09-24 12:16:00,1790266560,LHX,240.23500061035156,240.6649932861328,240.22000122070312,240.6649932861328,1822
2026-09-24 12:17:00,1790266620,LHX,240.64500427246094,240.9499969482422,240.61500549316406,240.94000244140625,1010
2026-09-24 12:18:00,1790266680,LHX,240.9499969482422,241.29249572753906,240.74000549316406,240.74000549316406,5292
2026-09-24 12:19:00,1790266740,LHX,240.8300018310547,240.95950317382812,240.41000366210938,240.47500610351562,3551
2026-09-24 12:20:00,1790266800,LHX,240.46839904785156,240.55499267578125,240.46839904785156,240.49000549316406,617
2026-09-24 12:21:00,1790266860,LHX,240.48500061035156,240.52000427246094,240.27999877929688,240.50999450683594,870
2026-09-24 12:22:00,1790266920,LHX,240.55999755859375,240.66000366210938,240.55999755859375,240.66000366210938,1180
2026-09-24 12:23:00,1790266980,LHX,240.66000366210938,240.75999450683594,240.56500244140625,240.6649932861328,1362
2026-09-24 12:24:00,1790267040,LHX,240.5800018310547,240.75999450683594,240.5,240.72500610351562,2121
2026-09-24 12:25:00,1790267100,LHX,240.72500610351562,240.72500610351562,240.63999938964844,240.63999938964844,663
2026-09-24 12:26:00,1790267160,LHX,240.77999877929688,240.8699951171875,240.6300048828125,240.6300048828125,3223
2026-09-24 12:27:00,1790267220,LHX,240.60000610351562,240.82000732421875,240.55999755859375,240.82000732421875,2122
2026-09-24 12:28:00,1790267280,LHX,240.8699951171875,241.00999450683594,240.8699951171875,241.00999450683594,723
2026-09-24 12:29:00,1790267340,LHX,240.9199981689453,241.10000610351562,240.9199981689453,240.98989868164062,1025
2026-09-24 12:30:00,1790267400,LHX,241.0399932861328,241.3350067138672,240.94000244140625,241.3350067138672,1936
2026-09-24 12:31:00,1790267460,LHX,241.39999389648438,241.39999389648438,241.00999450683594,241.00999450683594,1944
2026-09-24 12:32:00,1790267520,LHX,241.08999633789062,241.14999389648438,241.08999633789062,241.14999389648438,658
2026-09-24 12:33:00,1790267580,LHX,241.26499938964844,241.27999877929688,241.2050018310547,241.27000427246094,542
2026-09-24 12:34:00,1790267640,LHX,241.1999969482422,241.1999969482422,241.07000732421875,241.07000732421875,968
2026-09-24 12:35:00,1790267700,LHX,241.0800018310547,241.1999969482422,241.0800018310547,241.10499572753906,2747
2026-09-24 12:36:00,1790267760,LHX,241.1999969482422,241.30999755859375,241.1999969482422,241.25999450683594,1526
2026-09-24 12:37:00,1790267820,LHX,241.25999450683594,241.25999450683594,241.0500030517578,241.10000610351562,2017
2026-09-24 12:38:00,1790267880,LHX,241.0399932861328,241.0399932861328,240.8699951171875,240.8699951171875,1368
2026-09-24 12:39:00,1790267940,LHX,240.82000732421875,240.82000732421875,240.75999450683594,240.75999450683594,794
2026-09-24 12:40:00,1790268000,LHX,240.75,241.0399932861328,240.75,241.00210571289062,1814
2026-09-24 12:41:00,1790268060,LHX,241.10000610351562,241.10000610351562,240.99000549316406,241.06500244140625,2856
2026-09-24 12:42:00,1790268120,LHX,241.14999389648438,241.14999389648438,241.07000732421875,241.13999938964844,643
2026-09-24 12:43:00,1790268180,LHX,241.05999755859375,241.10000610351562,240.7550048828125,240.7550048828125,4152
2026-09-24 12:44:00,1790268240,LHX,240.69000244140625,240.69000244140625,240.5800018310547,240.5800018310547,799
2026-09-24 12:45:00,1790268300,LHX,240.57000732421875,240.57000732421875,240.22000122070312,240.22000122070312,1717
2026-09-24 12:46:00,1790268360,LHX,240.1999969482422,240.2899932861328,240.16000366210938,240.27000427246094,1982
2026-09-24 12:47:00,1790268420,LHX,240.27999877929688,240.38999938964844,240.27999877929688,240.38999938964844,1649
2026-09-24 12:48:00,1790268480,LHX,240.41000366210938,240.47999572753906,240.41000366210938,240.41000366210938,763
2026-09-24 12:49:00,1790268540,LHX,240.47999572753906,240.6300048828125,240.33999633789062,240.5850067138672,1951
2026-09-24 12:50:00,1790268600,LHX,240.55459594726562,240.6699981689453,240.55459594726562,240.6699981689453,536
2026-09-24 12:51:00,1790268660,LHX,240.63999938964844,240.6699981689453,240.55999755859375,240.56500244140625,4847
2026-09-24 12:52:00,1790268720,LHX,240.63999938964844,240.63999938964844,240.47000122070312,240.47500610351562,1004
2026-09-24 12:53:00,1790268780,LHX,240.55499267578125,240.6300048828125,240.5500030517578,240.6199951171875,667
2026-09-24 12:54:00,1790268840,LHX,240.6199951171875,240.6999969482422,240.60000610351562,240.6999969482422,1664
2026-09-24 12:55:00,1790268900,LHX,240.63999938964844,240.6699981689453,240.61000061035156,240.6699981689453,1360
2026-09-24 12:56:00,1790268960,LHX,240.625,240.67999267578125,240.60000610351562,240.63499450683594,1764
2026-09-24 12:57:00,1790269020,LHX,240.63499450683594,240.63999938964844,240.5800018310547,240.60000610351562,3175
2026-09-24 12:58:00,1790269080,LHX,240.5500030517578,240.64999389648438,240.5500030517578,240.63999938964844,1396
2026-09-24 12:59:00,1790269140,LHX,240.57000732421875,240.63999938964844,240.4199981689453,240.4199981689453,3360
2026-09-24 13:00:00,1790269200,LHX,240.39999389648438,240.39999389648438,240.2949981689453,240.3000030517578,611
2026-09-24 13:01:00,1790269260,LHX,240.3800048828125,240.3800048828125,240.25999450683594,240.28500366210938,1570
2026-09-24 13:02:00,1790269320,LHX,240.30250549316406,240.35000610351562,240.22999572753906,240.35000610351562,1169
2026-09-24 13:03:00,1790269380,LHX,240.35000610351562,240.5,240.35000610351562,240.47999572753906,3407
2026-09-24 13:04:00,1790269440,LHX,240.47999572753906,240.5,240.25999450683594,240.30999755859375,2899
2026-09-24 13:05:00,1790269500,LHX,240.30999755859375,240.32000732421875,240.25,240.3000030517578,800
2026-09-24 13:06:00,1790269560,LHX,240.27999877929688,240.44000244140625,240.27999877929688,240.44000244140625,1110
2026-09-24 13:07:00,1790269620,LHX,240.47999572753906,240.6699981689453,240.47999572753906,240.52999877929688,2065
2026-09-24 13:08:00,1790269680,LHX,240.38999938964844,240.5,240.38999938964844,240.41000366210938,707
2026-09-24 13:09:00,1790269740,LHX,240.5,240.5,240.0500030517578,240.24000549316406,10344
2026-09-24 13:10:00,1790269800,LHX,240.25,240.32000732421875,240.1300048828125,240.22999572753906,9910
2026-09-24 13:11:00,1790269860,LHX,240.36000061035156,240.36000061035156,240.1699981689453,240.24000549316406,4523
2026-09-24 13:12:00,1790269920,LHX,240.2899932861328,240.52499389648438,240.25,240.52499389648438,2281
2026-09-24 13:13:00,1790269980,LHX,240.58999633789062,240.58999633789062,240.36000061035156,240.49000549316406,1748
2026-09-24 13:14:00,1790270040,LHX,240.5,240.58999633789062,240.48159790039062,240.52499389648438,3815
2026-09-24 13:15:00,1790270100,LHX,240.52499389648438,240.60000610351562,240.49000549316406,240.5998992919922,852
2026-09-24 13:16:00,1790270160,LHX,240.5449981689453,240.74000549316406,240.5399932861328,240.74000549316406,2963
2026-09-24 13:17:00,1790270220,LHX,240.74000549316406,240.9149932861328,240.74000549316406,240.89999389648438,2287
2026-09-24 13:18:00,1790270280,LHX,240.89999389648438,240.97999572753906,240.6699981689453,240.73500061035156,2301
2026-09-24 13:19:00,1790270340,LHX,240.76519775390625,240.76519775390625,240.52000427246094,240.52000427246094,1550
2026-09-24 13:20:00,1790270400,LHX,240.49000549316406,240.64999389648438,240.4488983154297,240.64999389648438,1367
2026-09-24 13:21:00,1790270460,LHX,240.55499267578125,240.64999389648438,240.53500366210938,240.53500366210938,870
2026-09-24 13:22:00,1790270520,LHX,240.4600067138672,240.6999969482422,240.44500732421875,240.61500549316406,3012
2026-09-24 13:23:00,1790270580,LHX,240.61500549316406,240.6999969482422,240.5301055908203,240.6999969482422,8521
2026-09-24 13:24:00,1790270640,LHX,240.6999969482422,240.75999450683594,240.58009338378906,240.625,2681
2026-09-24 13:25:00,1790270700,LHX,240.5800018310547,240.60499572753906,240.52000427246094,240.52999877929688,1652
2026-09-24 13:26:00,1790270760,LHX,240.52999877929688,240.5500030517578,240.31568908691406,240.34500122070312,2266
2026-09-24 13:27:00,1790270820,LHX,240.33999633789062,240.41000366210938,240.33999633789062,240.39500427246094,3117
2026-09-24 13:28:00,1790270880,LHX,240.41000366210938,240.56500244140625,240.41000366210938,240.55999755859375,2043
2026-09-24 13:29:00,1790270940,LHX,240.55999755859375,240.60000610351562,240.5,240.5,990
2026-09-24 13:30:00,1790271000,LHX,240.5449981689453,240.6300048828125,240.52369689941406,240.6199951171875,822
2026-09-24 13:31:00,1790271060,LHX,240.5449981689453,240.6199951171875,240.49000549316406,240.52999877929688,1659
2026-09-24 13:32:00,1790271120,LHX,240.58999633789062,240.72000122070312,240.5800018310547,240.72000122070312,6952
2026-09-24 13:33:00,1790271180,LHX,240.69000244140625,240.81500244140625,240.67999267578125,240.78500366210938,1304
2026-09-24 13:34:00,1790271240,LHX,240.80999755859375,240.8800048828125,240.8000030517578,240.8000030517578,630
2026-09-24 13:35:00,1790271300,LHX,240.75,240.8699951171875,240.75,240.80499267578125,1335
2026-09-24 13:36:00,1790271360,LHX,240.80499267578125,240.9250030517578,240.7449951171875,240.9250030517578,2750
2026-09-24 13:37:00,1790271420,LHX,240.9250030517578,241.01499938964844,240.8699951171875,241.01499938964844,1321
2026-09-24 13:38:00,1790271480,LHX,240.9600067138672,241.02000427246094,240.9600067138672,241.02000427246094,876
2026-09-24 13:39:00,1790271540,LHX,241.0800018310547,241.2050018310547,241.0800018310547,241.2050018310547,0
2026-09-24 13:40:00,1790271600,LHX,241.1999969482422,241.22079467773438,241.1999969482422,241.2100067138672,1000
2026-09-24 13:41:00,1790271660,LHX,241.2100067138672,241.2899932861328,241.2100067138672,241.22999572753906,2457
2026-09-24 13:42:00,1790271720,LHX,241.23500061035156,241.27999877929688,240.66000366210938,240.66000366210938,11704
2026-09-24 13:43:00,1790271780,LHX,240.66220092773438,240.78990173339844,240.66220092773438,240.7050018310547,866
2026-09-24 13:44:00,1790271840,LHX,240.64500427246094,240.64500427246094,239.89500427246094,240.0399932861328,8734
2026-09-24 13:45:00,1790271900,LHX,240.02999877929688,240.22000122070312,240.02499389648438,240.11000061035156,3837
2026-09-24 13:46:00,1790271960,LHX,240.24000549316406,240.4499969482422,240.19000244140625,240.4499969482422,1402
2026-09-24 13:47:00,1790272020,LHX,240.3249969482422,240.44000244140625,240.17999267578125,240.17999267578125,2469
2026-09-24 13:48:00,1790272080,LHX,240.22999572753906,240.22999572753906,240.07000732421875,240.125,1616
2026-09-24 13:49:00,1790272140,LHX,240.13999938964844,240.39999389648438,240.13999938964844,240.375,3339
2026-09-24 13:50:00,1790272200,LHX,240.375,240.88999938964844,240.375,240.77499389648438,1902
2026-09-24 13:51:00,1790272260,LHX,240.89999389648438,240.9199981689453,240.77499389648438,240.88999938964844,824
2026-09-24 13:52:00,1790272320,LHX,240.7949981689453,240.9199981689453,240.75999450683594,240.7899932861328,3445
2026-09-24 13:53:00,1790272380,LHX,240.8000030517578,240.83999633789062,240.8000030517578,240.83999633789062,777
2026-09-24 13:54:00,1790272440,LHX,240.84500122070312,240.85499572753906,240.75,240.75,2508
2026-09-24 13:54:21,1790272461,LHX,240.75999450683594,240.75999450683594,240.75999450683594,240.75999450683594,0
2026-09-24 13:55:00,1790272500,LHX,240.77499389648438,240.8383026123047,240.66000366210938,240.72999572753906,1573
2026-09-24 13:56:00,1790272560,LHX,240.72000122070312,240.8300018310547,240.66000366210938,240.8300018310547,2884
2026-09-24 13:57:00,1790272620,LHX,240.85000610351562,240.88999938964844,240.6300048828125,240.72999572753906,3956
2026-09-24 13:58:00,1790272680,LHX,240.60000610351562,240.6300048828125,240.46449279785156,240.46449279785156,1922
2026-09-24 13:59:00,1790272740,LHX,240.5050048828125,240.5500030517578,240.5050048828125,240.52999877929688,1499
2026-09-24 14:00:00,1790272800,LHX,240.5800018310547,240.6300048828125,240.49000549316406,240.57000732421875,2867
2026-09-24 14:01:00,1790272860,LHX,240.52999877929688,240.60000610351562,240.25999450683594,240.25999450683594,3980
2026-09-24 14:02:00,1790272920,LHX,240.24000549316406,240.27999877929688,239.99000549316406,239.99000549316406,3930
2026-09-24 14:03:00,1790272980,LHX,240.0800018310547,240.2100067138672,239.99000549316406,240.2100067138672,1462
2026-09-24 14:04:00,1790273040,LHX,240.14500427246094,240.14999389648438,240.05999755859375,240.05999755859375,2473
2026-09-24 14:05:00,1790273100,LHX,240.0800018310547,240.11500549316406,240.0800018310547,240.11500549316406,1597
2026-09-24 14:06:00,1790273160,LHX,240.08340454101562,240.2899932861328,240.08340454101562,240.24000549316406,1749
2026-09-24 14:07:00,1790273220,LHX,240.24000549316406,240.5,240.24000549316406,240.4550018310547,5282
2026-09-24 14:08:00,1790273280,LHX,240.4550018310547,240.4550018310547,240.40870666503906,240.40870666503906,505
2026-09-24 14:09:00,1790273340,LHX,240.44500732421875,240.58999633789062,240.34500122070312,240.34500122070312,2305
2026-09-24 14:10:00,1790273400,LHX,240.38499450683594,240.40499877929688,240.32000732421875,240.32000732421875,1398
2026-09-24 14:11:00,1790273460,LHX,240.30999755859375,240.3800048828125,240.21499633789062,240.22500610351562,4073
2026-09-24 14:12:00,1790273520,LHX,240.22500610351562,240.22500610351562,240.22500610351562,240.22500610351562,1862
2026-09-24 14:13:00,1790273580,LHX,240.22500610351562,240.36000061035156,240.18499755859375,240.18499755859375,1144
2026-09-24 14:14:00,1790273640,LHX,240.18499755859375,240.2899932861328,240.18499755859375,240.2899932861328,1316
2026-09-24 14:15:00,1790273700,LHX,240.22000122070312,240.3000030517578,240.1540985107422,240.285400390625,1446
2026-09-24 14:16:00,1790273760,LHX,240.21499633789062,240.22000122070312,240.1199951171875,240.18499755859375,2364
2026-09-24 14:17:00,1790273820,LHX,240.24000549316406,240.24000549316406,240.1199951171875,240.22999572753906,2416
2026-09-24 14:18:00,1790273880,LHX,240.22999572753906,240.42999267578125,240.22999572753906,240.375,2349
2026-09-24 14:19:00,1790273940,LHX,240.375,240.4499969482422,240.375,240.4499969482422,1243
2026-09-24 14:20:00,1790274000,LHX,240.4499969482422,240.4600067138672,240.375,240.4600067138672,3127
2026-09-24 14:21:00,1790274060,LHX,240.4600067138672,240.4600067138672,240.33999633789062,240.44000244140625,1170
2026-09-24 14:22:00,1790274120,LHX,240.44000244140625,240.44000244140625,240.30999755859375,240.30999755859375,5717
2026-09-24 14:23:00,1790274180,LHX,240.30999755859375,240.47000122070312,240.27000427246094,240.3300018310547,3225
2026-09-24 14:24:00,1790274240,LHX,240.3000030517578,240.38999938964844,240.3000030517578,240.38999938964844,1042
2026-09-24 14:25:00,1790274300,LHX,240.3800048828125,240.52000427246094,240.3699951171875,240.4600067138672,4854
2026-09-24 14:26:00,1790274360,LHX,240.47000122070312,240.75999450683594,240.47000122070312,240.7100067138672,28506
2026-09-24 14:27:00,1790274420,LHX,240.7100067138672,240.7100067138672,240.5500030517578,240.5800018310547,1615
2026-09-24 14:28:00,1790274480,LHX,240.64999389648438,240.66000366210938,240.5800018310547,240.59500122070312,1146
2026-09-24 14:29:00,1790274540,LHX,240.66000366210938,240.66000366210938,240.51010131835938,240.6038055419922,2197
2026-09-24 14:30:00,1790274600,LHX,240.5850067138672,240.5850067138672,240.50999450683594,240.52000427246094,1449
2026-09-24 14:31:00,1790274660,LHX,240.52000427246094,240.52000427246094,240.2050018310547,240.2899932861328,6202
2026-09-24 14:32:00,1790274720,LHX,240.35000610351562,240.44439697265625,240.35000610351562,240.40499877929688,1018
2026-09-24 14:33:00,1790274780,LHX,240.40499877929688,240.4199981689453,240.39999389648438,240.4199981689453,704
2026-09-24 14:34:00,1790274840,LHX,240.4199981689453,240.4199981689453,240.27999877929688,240.3300018310547,1800
2026-09-24 14:35:00,1790274900,LHX,240.31500244140625,240.32000732421875,240.08999633789062,240.08999633789062,3854
2026-09-24 14:36:00,1790274960,LHX,240.0998992919922,240.10000610351562,240.07000732421875,240.08999633789062,1147
2026-09-24 14:37:00,1790275020,LHX,240.14999389648438,240.25990295410156,240.14999389648438,240.18499755859375,1212
2026-09-24 14:38:00,1790275080,LHX,240.18499755859375,240.36000061035156,240.18499755859375,240.36000061035156,2411
2026-09-24 14:39:00,1790275140,LHX,240.47000122070312,240.50999450683594,240.36000061035156,240.36000061035156,2931
2026-09-24 14:40:00,1790275200,LHX,240.3000030517578,240.39990234375,240.27000427246094,240.33999633789062,6837
2026-09-24 14:41:00,1790275260,LHX,240.33999633789062,240.44000244140625,240.3300018310547,240.44000244140625,1680
2026-09-24 14:42:00,1790275320,LHX,240.42999267578125,240.42999267578125,240.25,240.28500366210938,2688
2026-09-24 14:43:00,1790275380,LHX,240.27499389648438,240.27499389648438,240.27499389648438,240.27499389648438,274
2026-09-24 14:44:00,1790275440,LHX,240.26499938964844,240.27999877929688,240.16000366210938,240.2449951171875,5451
2026-09-24 14:45:00,1790275500,LHX,240.22999572753906,240.2899932861328,240.1199951171875,240.25,2831
2026-09-24 14:46:00,1790275560,LHX,240.14999389648438,240.14999389648438,240.11000061035156,240.13499450683594,613
2026-09-24 14:47:00,1790275620,LHX,240.13499450683594,240.16000366210938,240.02000427246094,240.05999755859375,2208
2026-09-24 14:48:00,1790275680,LHX,240.0,240.1300048828125,240.0,240.1300048828125,1022
2026-09-24 14:49:00,1790275740,LHX,240.0800018310547,240.13999938964844,240.07000732421875,240.125,3911
2026-09-24 14:50:00,1790275800,LHX,240.14999389648438,240.1699981689453,240.02999877929688,240.1699981689453,5473
2026-09-24 14:51:00,1790275860,LHX,240.10000610351562,240.1300048828125,240.08999633789062,240.10499572753906,1053
2026-09-24 14:52:00,1790275920,LHX,240.13999938964844,240.15499877929688,240.1199951171875,240.1199951171875,1458
2026-09-24 14:53:00,1790275980,LHX,240.10499572753906,240.1300048828125,240.0500030517578,240.1300048828125,771
2026-09-24 14:54:00,1790276040,LHX,240.11000061035156,240.11000061035156,239.99000549316406,239.9949951171875,1709
2026-09-24 14:55:00,1790276100,LHX,239.99000549316406,240.00999450683594,239.88999938964844,239.88999938964844,3220
2026-09-24 14:56:00,1790276160,LHX,239.9324951171875,239.99000549316406,239.8699951171875,239.9199981689453,4767
2026-09-24 14:57:00,1790276220,LHX,239.9199981689453,239.9250030517578,239.8699951171875,239.91000366210938,1544
2026-09-24 14:58:00,1790276280,LHX,239.875,239.97999572753906,239.875,239.94500732421875,2897
2026-09-24 14:59:00,1790276340,LHX,239.93499755859375,239.93499755859375,239.75999450683594,239.75999450683594,6459
2026-09-24 15:00:00,1790276400,LHX,239.76499938964844,239.83999633789062,239.7198944091797,239.77999877929688,2866
2026-09-24 15:01:00,1790276460,LHX,239.77000427246094,239.77000427246094,239.5800018310547,239.60499572753906,2193
2026-09-24 15:02:00,1790276520,LHX,239.57000732421875,239.6699981689453,239.5,239.5,4381
2026-09-24 15:03:00,1790276580,LHX,239.47000122070312,239.5,239.3800048828125,239.3800048828125,2345
2026-09-24 15:04:00,1790276640,LHX,239.39999389648438,239.41000366210938,239.3699951171875,239.40499877929688,887
2026-09-24 15:05:00,1790276700,LHX,239.44000244140625,239.5500030517578,239.37969970703125,239.5500030517578,2637
2026-09-24 15:06:00,1790276760,LHX,239.52000427246094,239.7050018310547,239.52000427246094,239.6699981689453,3982
2026-09-24 15:07:00,1790276820,LHX,239.6699981689453,239.67999267578125,239.57000732421875,239.57000732421875,4078
2026-09-24 15:08:00,1790276880,LHX,239.55999755859375,239.61000061035156,239.55999755859375,239.5800018310547,1845
2026-09-24 15:09:00,1790276940,LHX,239.5800018310547,239.6999969482422,239.55999755859375,239.6999969482422,2904
2026-09-24 15:10:00,1790277000,LHX,239.6300048828125,239.7100067138672,239.61000061035156,239.6999969482422,3429
2026-09-24 15:11:00,1790277060,LHX,239.6649932861328,239.72000122070312,239.61000061035156,239.6300048828125,3446
2026-09-24 15:12:00,1790277120,LHX,239.63999938964844,239.74000549316406,239.6300048828125,239.74000549316406,2625
2026-09-24 15:13:00,1790277180,LHX,239.72999572753906,239.72999572753906,239.66000366210938,239.72500610351562,2279
2026-09-24 15:14:00,1790277240,LHX,239.72500610351562,239.80999755859375,239.72500610351562,239.8000030517578,2711
2026-09-24 15:15:00,1790277300,LHX,239.8000030517578,239.8699951171875,239.7050018310547,239.72000122070312,4909
2026-09-24 15:16:00,1790277360,LHX,239.72000122070312,239.72999572753906,239.38999938964844,239.4600067138672,4621
2026-09-24 15:17:00,1790277420,LHX,239.46499633789062,239.46499633789062,239.36500549316406,239.36500549316406,2631
2026-09-24 15:18:00,1790277480,LHX,239.3000030517578,239.41990661621094,239.3000030517578,239.30999755859375,2930
2026-09-24 15:19:00,1790277540,LHX,239.30999755859375,239.38999938964844,239.22999572753906,239.27000427246094,4833
2026-09-24 15:20:00,1790277600,LHX,239.3000030517578,239.34500122070312,239.2899932861328,239.3350067138672,1968
2026-09-24 15:21:00,1790277660,LHX,239.33999633789062,239.33999633789062,239.3300018310547,239.3300018310547,969
2026-09-24 15:22:00,1790277720,LHX,239.36000061035156,239.3699951171875,239.2899932861328,239.2899932861328,1466
2026-09-24 15:23:00,1790277780,LHX,239.36000061035156,239.36000061035156,239.10000610351562,239.10000610351562,3918
2026-09-24 15:24:00,1790277840,LHX,239.14999389648438,239.14999389648438,238.94000244140625,238.94000244140625,3512
2026-09-24 15:25:00,1790277900,LHX,238.88999938964844,238.99000549316406,238.88999938964844,238.89999389648438,2999
2026-09-24 15:26:00,1790277960,LHX,238.8217010498047,238.89999389648438,238.8217010498047,238.86500549316406,2696
2026-09-24 15:27:00,1790278020,LHX,238.86000061035156,239.0072021484375,238.86000061035156,239.0072021484375,4806
2026-09-24 15:28:00,1790278080,LHX,238.94000244140625,238.9499969482422,238.83999633789062,238.91000366210938,4922
2026-09-24 15:29:00,1790278140,LHX,238.89500427246094,238.92999267578125,238.72999572753906,238.7899932861328,6125
2026-09-24 15:30:00,1790278200,LHX,238.74000549316406,238.85000610351562,238.64999389648438,238.8350067138672,3408
2026-09-24 15:31:00,1790278260,LHX,238.8699951171875,238.99000549316406,238.86000061035156,238.88499450683594,5775
2026-09-24 15:32:00,1790278320,LHX,238.92999267578125,238.9499969482422,238.79010009765625,238.92999267578125,4039
2026-09-24 15:33:00,1790278380,LHX,238.90589904785156,238.9600067138672,238.90589904785156,238.9600067138672,967
2026-09-24 15:34:00,1790278440,LHX,238.9550018310547,239.0500030517578,238.9499969482422,239.0399932861328,2596
2026-09-24 15:35:00,1790278500,LHX,239.0500030517578,239.1300048828125,239.02999877929688,239.1300048828125,3341
2026-09-24 15:36:00,1790278560,LHX,239.17999267578125,239.1861114501953,239.0800018310547,239.17999267578125,7347
2026-09-24 15:37:00,1790278620,LHX,239.1999969482422,239.22999572753906,239.14999389648438,239.14999389648438,1468
2026-09-24 15:38:00,1790278680,LHX,239.22999572753906,239.3000030517578,239.07000732421875,239.10000610351562,4680
2026-09-24 15:39:00,1790278740,LHX,239.1300048828125,239.2050018310547,239.1199951171875,239.2050018310547,1849
2026-09-24 15:40:00,1790278800,LHX,239.25999450683594,239.25999450683594,239.17999267578125,239.17999267578125,2428
2026-09-24 15:41:00,1790278860,LHX,239.2100067138672,239.27000427246094,239.13999938964844,239.18499755859375,3494
2026-09-24 15:42:00,1790278920,LHX,239.1699981689453,239.22999572753906,239.14999389648438,239.1999969482422,2317
2026-09-24 15:43:00,1790278980,LHX,239.14999389648438,239.1699981689453,239.0050048828125,239.0449981689453,4671
2026-09-24 15:44:00,1790279040,LHX,239.0399932861328,239.2949981689453,239.0399932861328,239.2949981689453,4409
2026-09-24 15:45:00,1790279100,LHX,239.2100067138672,239.2100067138672,238.86000061035156,238.9499969482422,4795
2026-09-24 15:46:00,1790279160,LHX,238.98500061035156,239.01730346679688,238.91000366210938,238.92999267578125,3465
2026-09-24 15:47:00,1790279220,LHX,238.9499969482422,239.0399932861328,238.92999267578125,238.97500610351562,5195
2026-09-24 15:48:00,1790279280,LHX,238.97000122070312,238.99000549316406,238.8699951171875,238.99000549316406,7260
2026-09-24 15:49:00,1790279340,LHX,238.97500610351562,239.02999877929688,238.82000732421875,238.84730529785156,8237
2026-09-24 15:50:00,1790279400,LHX,238.88999938964844,238.88999938964844,238.72000122070312,238.72500610351562,9772
2026-09-24 15:51:00,1790279460,LHX,238.74000549316406,238.8000030517578,238.72000122070312,238.72999572753906,25001
2026-09-24 15:52:00,1790279520,LHX,238.77999877929688,238.7899932861328,238.47999572753906,238.6300048828125,22728
2026-09-24 15:53:00,1790279580,LHX,238.589599609375,238.6300048828125,238.54400634765625,238.5749969482422,5159
2026-09-24 15:54:00,1790279640,LHX,238.61000061035156,238.77000427246094,238.5399932861328,238.55499267578125,9436
2026-09-24 15:55:00,1790279700,LHX,238.5399932861328,238.5500030517578,238.16000366210938,238.17999267578125,11531
2026-09-24 15:56:00,1790279760,LHX,238.1999969482422,238.36000061035156,238.10499572753906,238.3350067138672,16193
2026-09-24 15:57:00,1790279820,LHX,238.2899932861328,238.36000061035156,238.13999938964844,238.1699981689453,16124
2026-09-24 15:58:00,1790279880,LHX,238.14999389648438,238.1699981689453,237.85000610351562,237.875,39469
2026-09-24 15:59:00,1790279940,LHX,237.85000610351562,238.1699981689453,237.85000610351562,238.02999877929688,40597
2026-09-24 16:00:00,1790280000,LHX,238.0399932861328,238.0399932861328,238.0399932861328,238.0399932861328,0
2026-09-25 09:30:00,1790343000,LHX,238.11000061035156,238.80999755859375,237.6300048828125,238.13499450683594,51842
2026-09-25 09:31:00,1790343060,LHX,237.74029541015625,238.82249450683594,237.58999633789062,238.82249450683594,2682
2026-09-25 09:32:00,1790343120,LHX,239.0399932861328,239.6999969482422,238.7949981689453,238.7949981689453,2015
2026-09-25 09:33:00,1790343180,LHX,238.83999633789062,238.83999633789062,238.42999267578125,238.65499877929688,4555
2026-09-25 09:34:00,1790343240,LHX,238.58999633789062,238.7899932861328,238.2115020751953,238.2115020751953,793
2026-09-25 09:35:00,1790343300,LHX,238.4949951171875,238.76040649414062,238.4949951171875,238.59500122070312,406
2026-09-25 09:36:00,1790343360,LHX,238.40499877929688,238.5399932861328,238.17999267578125,238.35499572753906,1614
2026-09-25 09:37:00,1790343420,LHX,238.2100067138672,238.91000366210938,238.2100067138672,238.91000366210938,1334
2026-09-25 09:38:00,1790343480,LHX,238.89999389648438,239.19000244140625,238.83689880371094,239.1199951171875,4021
2026-09-25 09:39:00,1790343540,LHX,239.14999389648438,239.6699981689453,239.14999389648438,239.56500244140625,2828
2026-09-25 09:40:00,1790343600,LHX,239.82000732421875,239.86000061035156,239.5399932861328,239.86000061035156,3209
2026-09-25 09:41:00,1790343660,LHX,239.8249969482422,240.19500732421875,239.3699951171875,240.19500732421875,3914
2026-09-25 09:42:00,1790343720,LHX,240.2050018310547,240.36000061035156,239.9499969482422,240.07000732421875,9212
2026-09-25 09:43:00,1790343780,LHX,240.2100067138672,240.2100067138672,239.8800048828125,239.9949951171875,2514
2026-09-25 09:44:00,1790343840,LHX,239.99000549316406,240.12989807128906,239.5800018310547,239.6649932861328,4337
2026-09-25 09:45:00,1790343900,LHX,239.38999938964844,239.84620666503906,239.32000732421875,239.78500366210938,2009
2026-09-25 09:46:00,1790343960,LHX,239.78500366210938,239.99000549316406,239.6699981689453,239.99000549316406,891
2026-09-25 09:47:00,1790344020,LHX,239.94000244140625,240.1999969482422,239.8000030517578,240.1999969482422,6100
2026-09-25 09:48:00,1790344080,LHX,240.02999877929688,240.03500366210938,239.6999969482422,239.6999969482422,2716
2026-09-25 09:49:00,1790344140,LHX,239.74000549316406,239.81689453125,239.6999969482422,239.6999969482422,1668
2026-09-25 09:50:00,1790344200,LHX,239.6699981689453,240.0,239.66000366210938,239.8350067138672,2496
2026-09-25 09:51:00,1790344260,LHX,239.9199981689453,240.05499267578125,239.88999938964844,240.02000427246094,2817
2026-09-25 09:52:00,1790344320,LHX,239.86000061035156,240.0399932861328,239.82000732421875,239.8524932861328,2857
2026-09-25 09:53:00,1790344380,LHX,239.91000366210938,240.0,239.48199462890625,239.64999389648438,12999
2026-09-25 09:54:00,1790344440,LHX,239.81500244140625,239.86000061035156,239.6199951171875,239.86000061035156,1556
2026-09-25 09:55:00,1790344500,LHX,239.85000610351562,239.85000610351562,239.3000030517578,239.3000030517578,2662
2026-09-25 09:56:00,1790344560,LHX,239.31500244140625,239.3300018310547,239.00999450683594,239.02000427246094,1145
2026-09-25 09:57:00,1790344620,LHX,239.00999450683594,239.22000122070312,239.00999450683594,239.18499755859375,2078
2026-09-25 09:58:00,1790344680,LHX,239.2449951171875,239.2449951171875,239.0034942626953,239.0034942626953,1694
2026-09-25 09:59:00,1790344740,LHX,238.99000549316406,239.14500427246094,238.9199981689453,239.02499389648438,1600
2026-09-25 10:00:00,1790344800,LHX,239.02000427246094,239.06500244140625,238.72000122070312,238.75,2293
2026-09-25 10:01:00,1790344860,LHX,238.6320037841797,238.64999389648438,238.52000427246094,238.64999389648438,1563
2026-09-25 10:02:00,1790344920,LHX,238.5,238.8300018310547,238.49000549316406,238.63250732421875,1488
2026-09-25 10:03:00,1790344980,LHX,238.50999450683594,238.5800018310547,238.25,238.32000732421875,5279
2026-09-25 10:04:00,1790345040,LHX,238.3000030517578,238.32000732421875,237.8800048828125,237.97000122070312,4107
2026-09-25 10:05:00,1790345100,LHX,238.0050048828125,238.01499938964844,237.82000732421875,238.01499938964844,1453
2026-09-25 10:06:00,1790345160,LHX,237.9250030517578,238.125,237.8300018310547,238.125,1915
2026-09-25 10:07:00,1790345220,LHX,238.02999877929688,238.02999877929688,237.8699951171875,237.9949951171875,2804
2026-09-25 10:08:00,1790345280,LHX,238.0,238.26499938964844,238.0,238.2624969482422,1225
2026-09-25 10:09:00,1790345340,LHX,238.10000610351562,238.13999938964844,238.07000732421875,238.13999938964844,1357
2026-09-25 10:10:00,1790345400,LHX,238.13499450683594,238.2550048828125,238.11500549316406,238.2550048828125,839
2026-09-25 10:11:00,1790345460,LHX,238.24000549316406,238.40499877929688,238.2050018310547,238.40499877929688,1143
2026-09-25 10:12:00,1790345520,LHX,238.36000061035156,238.38999938964844,238.13999938964844,238.38999938964844,2313
2026-09-25 10:13:00,1790345580,LHX,238.40499877929688,238.47000122070312,238.35499572753906,238.41000366210938,982
2026-09-25 10:14:00,1790345640,LHX,238.4250030517578,238.44000244140625,238.1999969482422,238.30999755859375,2348
2026-09-25 10:15:00,1790345700,LHX,238.3350067138672,238.57000732421875,238.26390075683594,238.55999755859375,1168
2026-09-25 10:16:00,1790345760,LHX,238.38999938964844,238.5449981689453,238.22000122070312,238.41250610351562,2070
2026-09-25 10:17:00,1790345820,LHX,238.43499755859375,238.76930236816406,238.35009765625,238.38999938964844,3593
2026-09-25 10:18:00,1790345880,LHX,238.57000732421875,238.60000610351562,238.35000610351562,238.375,2221
2026-09-25 10:19:00,1790345940,LHX,238.5323028564453,238.5323028564453,238.4149932861328,238.49000549316406,698
2026-09-25 10:20:00,1790346000,LHX,238.60000610351562,238.61500549316406,238.49000549316406,238.61500549316406,732
2026-09-25 10:21:00,1790346060,LHX,238.55999755859375,238.625,238.45010375976562,238.625,1563
2026-09-25 10:22:00,1790346120,LHX,238.79989624023438,238.79989624023438,238.5800018310547,238.58999633789062,3636
2026-09-25 10:23:00,1790346180,LHX,238.625,238.74000549316406,238.55999755859375,238.5800018310547,944
2026-09-25 10:24:00,1790346240,LHX,238.5800018310547,238.61000061035156,238.3800048828125,238.39178466796875,2573
2026-09-25 10:25:00,1790346300,LHX,238.44500732421875,238.5449981689453,238.4199981689453,238.49000549316406,1340
2026-09-25 10:26:00,1790346360,LHX,238.53500366210938,238.53500366210938,238.40699768066406,238.4499969482422,1139
2026-09-25 10:27:00,1790346420,LHX,238.48500061035156,238.49000549316406,238.38499450683594,238.41000366210938,1175
2026-09-25 10:28:00,1790346480,LHX,238.5,238.60499572753906,238.39999389648438,238.60499572753906,1691
2026-09-25 10:29:00,1790346540,LHX,238.60499572753906,238.60499572753906,238.36500549316406,238.36500549316406,924
2026-09-25 10:30:00,1790346600,LHX,238.393798828125,238.4600067138672,238.27000427246094,238.4600067138672,2825
2026-09-25 10:31:00,1790346660,LHX,238.47999572753906,238.5800018310547,238.4199981689453,238.4199981689453,1484
2026-09-25 10:32:00,1790346720,LHX,238.49000549316406,238.61500549316406,238.49000549316406,238.52999877929688,1760
2026-09-25 10:33:00,1790346780,LHX,238.47000122070312,238.49000549316406,238.30999755859375,238.3800048828125,1486
2026-09-25 10:34:00,1790346840,LHX,238.3000030517578,238.4149932861328,238.27000427246094,238.4149932861328,709
2026-09-25 10:35:00,1790346900,LHX,238.41000366210938,238.4499969482422,238.27000427246094,238.44500732421875,1658
2026-09-25 10:36:00,1790346960,LHX,238.4600067138672,238.4600067138672,238.41000366210938,238.43499755859375,1109
2026-09-25 10:37:00,1790347020,LHX,238.35000610351562,238.43499755859375,238.33999633789062,238.43499755859375,2077
2026-09-25 10:38:00,1790347080,LHX,238.39500427246094,238.39500427246094,238.22999572753906,238.27499389648438,2223
2026-09-25 10:39:00,1790347140,LHX,238.27499389648438,238.3800048828125,238.1699981689453,238.3000030517578,10332
2026-09-25 10:40:00,1790347200,LHX,238.3000030517578,238.43499755859375,238.21499633789062,238.2449951171875,5238
2026-09-25 10:41:00,1790347260,LHX,238.2550048828125,238.47999572753906,238.17999267578125,238.21499633789062,35193
2026-09-25 10:42:00,1790347320,LHX,238.1699981689453,238.50999450683594,238.10009765625,238.49000549316406,6876
2026-09-25 10:43:00,1790347380,LHX,238.67999267578125,238.67999267578125,238.67999267578125,238.67999267578125,102
2026-09-25 10:44:00,1790347440,LHX,238.65499877929688,238.85000610351562,238.5800018310547,238.625,10899
2026-09-25 10:45:00,1790347500,LHX,238.66000366210938,238.7100067138672,238.59500122070312,238.7100067138672,1220
2026-09-25 10:46:00,1790347560,LHX,238.62867736816406,238.85000610351562,238.62867736816406,238.77999877929688,749
2026-09-25 10:47:00,1790347620,LHX,238.82000732421875,239.2169952392578,238.75,239.0399932861328,3409
2026-09-25 10:48:00,1790347680,LHX,239.02000427246094,239.05999755859375,238.8300018310547,238.8300018310547,2304
2026-09-25 10:49:00,1790347740,LHX,238.8125,239.02999877929688,238.8125,239.02999877929688,1352
2026-09-25 10:50:00,1790347800,LHX,238.97999572753906,238.97999572753906,238.75,238.80999755859375,2001
2026-09-25 10:51:00,1790347860,LHX,238.80499267578125,238.80499267578125,238.5800018310547,238.67999267578125,1234
2026-09-25 10:52:00,1790347920,LHX,238.5800018310547,238.6199951171875,238.52999877929688,238.59500122070312,1526
2026-09-25 10:53:00,1790347980,LHX,238.58749389648438,238.58749389648438,238.47999572753906,238.47999572753906,949
2026-09-25 10:54:00,1790348040,LHX,238.53509521484375,238.65989685058594,238.53509521484375,238.65989685058594,587
2026-09-25 10:55:00,1790348100,LHX,238.66000366210938,238.80999755859375,238.66000366210938,238.80999755859375,1143
2026-09-25 10:56:00,1790348160,LHX,238.8000030517578,239.0500030517578,238.75,238.8800048828125,1446
2026-09-25 10:57:00,1790348220,LHX,238.8800048828125,238.88999938964844,238.83999633789062,238.8699951171875,526
2026-09-25 10:58:00,1790348280,LHX,238.8699951171875,238.8699951171875,238.66009521484375,238.8000030517578,3981
2026-09-25 10:59:00,1790348340,LHX,238.67999267578125,238.7550048828125,238.5301055908203,238.7100067138672,2642
2026-09-25 11:00:00,1790348400,LHX,238.7158966064453,238.81500244140625,238.65499877929688,238.74000549316406,1469
2026-09-25 11:01:00,1790348460,LHX,238.82000732421875,238.8800048828125,238.7100067138672,238.77999877929688,761
2026-09-25 11:02:00,1790348520,LHX,238.8699951171875,239.00999450683594,238.85499572753906,239.00999450683594,1336
2026-09-25 11:03:00,1790348580,LHX,239.02000427246094,239.22999572753906,238.92999267578125,239.14999389648438,4335
2026-09-25 11:04:00,1790348640,LHX,239.16000366210938,239.35000610351562,238.9600067138672,238.9600067138672,2662
2026-09-25 11:05:00,1790348700,LHX,238.9600067138672,238.9600067138672,238.92999267578125,238.92999267578125,789
2026-09-25 11:06:00,1790348760,LHX,238.9250030517578,238.9250030517578,238.75999450683594,238.75999450683594,1215
2026-09-25 11:07:00,1790348820,LHX,238.7550048828125,238.7550048828125,238.66000366210938,238.66000366210938,859
2026-09-25 11:08:00,1790348880,LHX,238.65499877929688,238.65499877929688,238.38999938964844,238.39999389648438,3370
2026-09-25 11:09:00,1790348940,LHX,238.52999877929688,238.52999877929688,238.32000732421875,238.3300018310547,996
2026-09-25 11:10:00,1790349000,LHX,238.35000610351562,238.36000061035156,238.22999572753906,238.27000427246094,1302
2026-09-25 11:11:00,1790349060,LHX,238.2100067138672,238.27999877929688,238.2100067138672,238.27999877929688,493
2026-09-25 11:12:00,1790349120,LHX,238.28500366210938,238.3699951171875,238.2104949951172,238.2550048828125,856
2026-09-25 11:13:00,1790349180,LHX,238.47500610351562,238.75,238.47500610351562,238.75,2732
2026-09-25 11:14:00,1790349240,LHX,238.7449951171875,238.7949981689453,238.6999969482422,238.75999450683594,789
2026-09-25 11:15:00,1790349300,LHX,238.75999450683594,238.9199981689453,238.63999938964844,238.64999389648438,3113
2026-09-25 11:16:00,1790349360,LHX,238.5500030517578,238.64500427246094,238.5500030517578,238.64500427246094,698
2026-09-25 11:17:00,1790349420,LHX,238.6300048828125,238.65499877929688,238.5399932861328,238.5399932861328,354
2026-09-25 11:18:00,1790349480,LHX,238.60000610351562,238.6649932861328,238.60000610351562,238.65008544921875,717
2026-09-25 11:19:00,1790349540,LHX,238.5800018310547,238.66000366210938,238.5800018310547,238.66000366210938,1206
2026-09-25 11:20:00,1790349600,LHX,238.58999633789062,238.64500427246094,238.57000732421875,238.64500427246094,1529
2026-09-25 11:21:00,1790349660,LHX,238.72000122070312,238.88999938964844,238.67999267578125,238.72999572753906,5365
2026-09-25 11:22:00,1790349720,LHX,238.6999969482422,238.99000549316406,238.6999969482422,238.99000549316406,1075
2026-09-25 11:23:00,1790349780,LHX,239.0,239.02000427246094,238.86000061035156,238.86000061035156,828
2026-09-25 11:24:00,1790349840,LHX,238.86000061035156,238.9199981689453,238.83999633789062,238.83999633789062,1965
2026-09-25 11:25:00,1790349900,LHX,238.9149932861328,238.9149932861328,238.77000427246094,238.77000427246094,1922
2026-09-25 11:26:00,1790349960,LHX,238.78500366210938,238.8249969482422,238.7100067138672,238.8249969482422,299
2026-09-25 11:27:00,1790350020,LHX,238.7050018310547,238.88499450683594,238.7050018310547,238.88499450683594,1192
2026-09-25 11:28:00,1790350080,LHX,238.77999877929688,238.7949981689453,238.718994140625,238.718994140625,2545
2026-09-25 11:29:00,1790350140,LHX,238.78250122070312,238.78500366210938,238.63999938964844,238.75999450683594,1680
2026-09-25 11:30:00,1790350200,LHX,238.80999755859375,239.0850067138672,238.80999755859375,238.94500732421875,2545
2026-09-25 11:31:00,1790350260,LHX,238.9199981689453,239.0399932861328,238.75,239.0399932861328,2850
2026-09-25 11:32:00,1790350320,LHX,239.05999755859375,239.25999450683594,239.05999755859375,239.25999450683594,878
2026-09-25 11:33:00,1790350380,LHX,239.25,239.25,239.07000732421875,239.2100067138672,1327
2026-09-25 11:34:00,1790350440,LHX,239.21499633789062,239.21499633789062,239.21499633789062,239.21499633789062,152
2026-09-25 11:35:00,1790350500,LHX,239.27000427246094,239.2899932861328,239.19500732421875,239.1999969482422,1993
2026-09-25 11:36:00,1790350560,LHX,239.1999969482422,239.2899932861328,239.10000610351562,239.2899932861328,2970
2026-09-25 11:37:00,1790350620,LHX,239.2899932861328,239.4499969482422,239.11000061035156,239.22000122070312,2479
2026-09-25 11:38:00,1790350680,LHX,239.0399932861328,239.1300048828125,238.9199981689453,238.9199981689453,2976
2026-09-25 11:39:00,1790350740,LHX,239.02000427246094,239.02000427246094,238.89999389648438,238.9600067138672,1860
2026-09-25 11:40:00,1790350800,LHX,238.97000122070312,239.07000732421875,238.97000122070312,239.05999755859375,1854
2026-09-25 11:41:00,1790350860,LHX,239.0,239.07000732421875,238.8800048828125,239.0,1354
2026-09-25 11:42:00,1790350920,LHX,239.01499938964844,239.16000366210938,238.97999572753906,239.08999633789062,17342
2026-09-25 11:43:00,1790350980,LHX,239.0850067138672,239.1300048828125,239.0850067138672,239.0850067138672,1952
2026-09-25 11:44:00,1790351040,LHX,239.0850067138672,239.3300018310547,239.0800018310547,239.22000122070312,5196
2026-09-25 11:45:00,1790351100,LHX,239.22500610351562,239.25999450683594,238.77999877929688,238.77999877929688,9177
2026-09-25 11:46:00,1790351160,LHX,238.90499877929688,238.97999572753906,238.7899932861328,238.97999572753906,887
2026-09-25 11:47:00,1790351220,LHX,238.98500061035156,239.14999389648438,238.97500610351562,239.14999389648438,747
2026-09-25 11:48:00,1790351280,LHX,239.32989501953125,239.32989501953125,239.16000366210938,239.17999267578125,864
2026-09-25 11:49:00,1790351340,LHX,239.0399932861328,239.13999938964844,238.97000122070312,239.0749969482422,1806
2026-09-25 11:50:00,1790351400,LHX,239.14999389648438,239.17999267578125,239.0800018310547,239.17999267578125,1534
2026-09-25 11:51:00,1790351460,LHX,239.22999572753906,239.24000549316406,239.11500549316406,239.24000549316406,607
2026-09-25 11:52:00,1790351520,LHX,239.24000549316406,239.3336944580078,239.22000122070312,239.3336944580078,1807
2026-09-25 11:53:00,1790351580,LHX,239.27999877929688,239.28500366210938,239.27999877929688,239.28500366210938,410
2026-09-25 11:54:00,1790351640,LHX,239.27999877929688,239.52000427246094,239.27999877929688,239.52000427246094,2409
2026-09-25 11:55:00,1790351700,LHX,239.52999877929688,239.5749969482422,239.33999633789062,239.47999572753906,2481
2026-09-25 11:56:00,1790351760,LHX,239.4199981689453,239.49000549316406,239.33999633789062,239.47000122070312,1153
2026-09-25 11:57:00,1790351820,LHX,239.4199981689453,239.5449981689453,239.41000366210938,239.45750427246094,2332
2026-09-25 11:58:00,1790351880,LHX,239.47999572753906,239.58250427246094,239.47999572753906,239.58250427246094,1067
2026-09-25 11:59:00,1790351940,LHX,239.56500244140625,239.72500610351562,239.56500244140625,239.66000366210938,2093
2026-09-25 12:00:00,1790352000,LHX,239.66000366210938,239.81500244140625,239.60000610351562,239.81500244140625,1724
2026-09-25 12:01:00,1790352060,LHX,239.81500244140625,239.88999938964844,239.72000122070312,239.80999755859375,2574
2026-09-25 12:02:00,1790352120,LHX,239.75,239.8699951171875,239.72999572753906,239.82000732421875,1126
2026-09-25 12:03:00,1790352180,LHX,239.92990112304688,240.13999938964844,239.86000061035156,240.13999938964844,12285
2026-09-25 12:04:00,1790352240,LHX,240.1649932861328,240.3300018310547,240.1649932861328,240.22000122070312,1932
2026-09-25 12:05:00,1790352300,LHX,240.25999450683594,240.4499053955078,240.1699981689453,240.36500549316406,866
2026-09-25 12:06:00,1790352360,LHX,240.36500549316406,240.66000366210938,240.3621826171875,240.64999389648438,2564
2026-09-25 12:07:00,1790352420,LHX,240.64999389648438,240.64999389648438,240.47999572753906,240.5800018310547,2521
2026-09-25 12:08:00,1790352480,LHX,240.64990234375,240.83999633789062,240.60000610351562,240.83999633789062,2269
2026-09-25 12:09:00,1790352540,LHX,240.77499389648438,240.84500122070312,240.77499389648438,240.84500122070312,745
2026-09-25 12:10:00,1790352600,LHX,240.7100067138672,240.9058074951172,240.64999389648438,240.89999389648438,3552
2026-09-25 12:11:00,1790352660,LHX,240.89999389648438,240.89999389648438,240.7899932861328,240.7899932861328,1043
2026-09-25 12:12:00,1790352720,LHX,240.7899932861328,240.97999572753906,240.7899932861328,240.89500427246094,478
2026-09-25 12:13:00,1790352780,LHX,240.97999572753906,240.97999572753906,240.77999877929688,240.8199005126953,4718
2026-09-25 12:14:00,1790352840,LHX,240.75999450683594,240.85000610351562,240.6199951171875,240.6199951171875,1915
2026-09-25 12:15:00,1790352900,LHX,240.63999938964844,240.7050018310547,240.61000061035156,240.61000061035156,1061
2026-09-25 12:16:00,1790352960,LHX,240.72999572753906,240.72999572753906,240.63499450683594,240.64500427246094,884
2026-09-25 12:17:00,1790353020,LHX,240.80499267578125,240.80499267578125,240.63999938964844,240.64999389648438,1135
2026-09-25 12:18:00,1790353080,LHX,240.75,240.8300018310547,240.7100067138672,240.8300018310547,1387
2026-09-25 12:19:00,1790353140,LHX,240.8300018310547,240.8300018310547,240.6956024169922,240.71299743652344,2460
2026-09-25 12:20:00,1790353200,LHX,240.6699981689453,240.72999572753906,240.63999938964844,240.72999572753906,1026
2026-09-25 12:21:00,1790353260,LHX,240.7100067138672,240.7100067138672,240.5128936767578,240.60000610351562,2690
2026-09-25 12:22:00,1790353320,LHX,240.58999633789062,240.58999633789062,240.3000030517578,240.3350067138672,1674
2026-09-25 12:23:00,1790353380,LHX,240.35499572753906,240.5800018310547,240.2100067138672,240.2899932861328,1254
2026-09-25 12:24:00,1790353440,LHX,240.53500366210938,240.53500366210938,240.53500366210938,240.53500366210938,557
2026-09-25 12:25:00,1790353500,LHX,240.5399932861328,240.77999877929688,240.5399932861328,240.77999877929688,657
2026-09-25 12:26:00,1790353560,LHX,240.6199951171875,240.77999877929688,240.60000610351562,240.63499450683594,1747
2026-09-25 12:27:00,1790353620,LHX,240.5,240.5,240.1300048828125,240.1300048828125,1655
2026-09-25 12:28:00,1790353680,LHX,240.27999877929688,240.27999877929688,240.27999877929688,240.27999877929688,445
2026-09-25 12:29:00,1790353740,LHX,240.21499633789062,240.21499633789062,240.21499633789062,240.21499633789062,143
2026-09-25 12:30:00,1790353800,LHX,240.21499633789062,240.32000732421875,240.21499633789062,240.32000732421875,526
2026-09-25 12:31:00,1790353860,LHX,240.33999633789062,240.39500427246094,240.33999633789062,240.38999938964844,564
2026-09-25 12:32:00,1790353920,LHX,240.38999938964844,240.55999755859375,240.38999938964844,240.55999755859375,817
2026-09-25 12:33:00,1790353980,LHX,240.61000061035156,240.61000061035156,240.33999633789062,240.35000610351562,2279
2026-09-25 12:34:00,1790354040,LHX,240.30999755859375,240.35000610351562,240.1300048828125,240.24000549316406,2305
2026-09-25 12:35:00,1790354100,LHX,240.27999877929688,240.27999877929688,240.27999877929688,240.27999877929688,242
2026-09-25 12:36:00,1790354160,LHX,240.25999450683594,240.3000030517578,240.25999450683594,240.3000030517578,354
2026-09-25 12:37:00,1790354220,LHX,240.44000244140625,240.52000427246094,240.33999633789062,240.33999633789062,1425
2026-09-25 12:38:00,1790354280,LHX,240.25,240.25,240.1699981689453,240.1699981689453,792
2026-09-25 12:39:00,1790354340,LHX,240.27000427246094,240.3000030517578,240.27000427246094,240.3000030517578,704
2026-09-25 12:40:00,1790354400,LHX,240.22000122070312,240.22000122070312,240.00999450683594,240.00999450683594,1454
2026-09-25 12:41:00,1790354460,LHX,239.9250030517578,239.9250030517578,239.9250030517578,239.9250030517578,163
2026-09-25 12:42:00,1790354520,LHX,240.02000427246094,240.02000427246094,239.7899932861328,239.89500427246094,14093
2026-09-25 12:43:00,1790354580,LHX,239.9199981689453,239.9199981689453,239.75999450683594,239.75999450683594,3305
2026-09-25 12:44:00,1790354640,LHX,239.85499572753906,239.85499572753906,239.5850067138672,239.5850067138672,1459
2026-09-25 12:45:00,1790354700,LHX,239.71499633789062,239.71499633789062,239.71499633789062,239.71499633789062,320
2026-09-25 12:46:00,1790354760,LHX,239.6300048828125,239.6300048828125,239.5399932861328,239.58999633789062,2921
2026-09-25 12:47:00,1790354820,LHX,239.63999938964844,239.8800048828125,239.63999938964844,239.8699951171875,1305
2026-09-25 12:48:00,1790354880,LHX,239.875,239.875,239.60000610351562,239.60000610351562,1149
2026-09-25 12:49:00,1790354940,LHX,239.5800018310547,239.5800018310547,239.5800018310547,239.5800018310547,144
2026-09-25 12:50:00,1790355000,LHX,239.5399932861328,239.5500030517578,239.33999633789062,239.33999633789062,1843
2026-09-25 12:51:00,1790355060,LHX,239.25999450683594,239.25999450683594,239.25,239.25999450683594,300
2026-09-25 12:52:00,1790355120,LHX,239.25,239.25,239.25,239.25,273
2026-09-25 12:53:00,1790355180,LHX,239.24000549316406,239.24000549316406,239.24000549316406,239.24000549316406,276
2026-09-25 12:54:00,1790355240,LHX,239.18499755859375,239.18499755859375,239.1300048828125,239.1300048828125,870
2026-09-25 12:55:00,1790355300,LHX,239.1649932861328,239.1649932861328,239.08999633789062,239.13499450683594,884
2026-09-25 12:56:00,1790355360,LHX,239.07000732421875,239.10000610351562,239.0399932861328,239.05999755859375,3136
2026-09-25 12:57:00,1790355420,LHX,239.10000610351562,239.14999389648438,238.97000122070312,239.125,10188
2026-09-25 12:58:00,1790355480,LHX,239.0500030517578,239.13999938964844,239.02000427246094,239.02000427246094,2105
2026-09-25 12:59:00,1790355540,LHX,238.9499969482422,239.0,238.57000732421875,238.60000610351562,37644
2026-09-25 13:00:00,1790355600,LHX,238.52999877929688,238.60499572753906,238.27000427246094,238.4600067138672,3535
2026-09-25 13:01:00,1790355660,LHX,238.47000122070312,238.5800018310547,238.47000122070312,238.55999755859375,5406
2026-09-25 13:02:00,1790355720,LHX,238.5800018310547,238.5800018310547,238.50999450683594,238.52999877929688,676
2026-09-25 13:03:00,1790355780,LHX,238.51499938964844,238.52000427246094,238.51499938964844,238.52000427246094,360
2026-09-25 13:04:00,1790355840,LHX,238.5,238.59719848632812,238.41000366210938,238.44500732421875,4764
2026-09-25 13:05:00,1790355900,LHX,238.39999389648438,238.63999938964844,238.39999389648438,238.63999938964844,633
2026-09-25 13:06:00,1790355960,LHX,238.6699981689453,238.72000122070312,238.58999633789062,238.58999633789062,1973
2026-09-25 13:07:00,1790356020,LHX,238.5800018310547,238.5800018310547,238.5800018310547,238.5800018310547,360
2026-09-25 13:08:00,1790356080,LHX,238.6199951171875,238.6199951171875,238.47000122070312,238.61500549316406,1733
2026-09-25 13:09:00,1790356140,LHX,238.625,238.86000061035156,238.625,238.7301025390625,3359
2026-09-25 13:10:00,1790356200,LHX,238.86000061035156,239.02000427246094,238.86000061035156,238.88999938964844,2604
2026-09-25 13:11:00,1790356260,LHX,238.88999938964844,238.90499877929688,238.88999938964844,238.90499877929688,270
2026-09-25 13:12:00,1790356320,LHX,238.91000366210938,238.9199981689453,238.91000366210938,238.9199981689453,578
2026-09-25 13:13:00,1790356380,LHX,238.83009338378906,238.94500732421875,238.64010620117188,238.64010620117188,1948
2026-09-25 13:14:00,1790356440,LHX,238.73500061035156,238.8300018310547,238.72999572753906,238.7550048828125,2931
2026-09-25 13:15:00,1790356500,LHX,238.75509643554688,238.77499389648438,238.6699981689453,238.71499633789062,2380
2026-09-25 13:16:00,1790356560,LHX,238.67999267578125,238.67999267578125,238.61000061035156,238.66990661621094,1162
2026-09-25 13:17:00,1790356620,LHX,238.66000366210938,238.6750030517578,238.58999633789062,238.58999633789062,978
2026-09-25 13:18:00,1790356680,LHX,238.6199951171875,238.6300048828125,238.57000732421875,238.6300048828125,453
2026-09-25 13:19:00,1790356740,LHX,238.57000732421875,238.7100067138672,238.52999877929688,238.52999877929688,1105
2026-09-25 13:20:00,1790356800,LHX,238.60989379882812,238.60989379882812,238.52000427246094,238.52499389648438,459
2026-09-25 13:21:00,1790356860,LHX,238.56919860839844,238.56919860839844,238.44000244140625,238.44000244140625,292
2026-09-25 13:22:00,1790356920,LHX,238.52499389648438,238.64999389648438,238.52499389648438,238.64999389648438,335
2026-09-25 13:23:00,1790356980,LHX,238.64999389648438,238.6699981689453,238.48500061035156,238.58999633789062,3130
2026-09-25 13:24:00,1790357040,LHX,238.58999633789062,238.63999938964844,238.58999633789062,238.63999938964844,1200
2026-09-25 13:25:00,1790357100,LHX,238.58999633789062,238.6699981689453,238.50999450683594,238.6699981689453,612
2026-09-25 13:26:00,1790357160,LHX,238.6699981689453,238.72000122070312,238.61500549316406,238.72000122070312,1484
2026-09-25 13:27:00,1790357220,LHX,238.72000122070312,238.72000122070312,238.6199951171875,238.6199951171875,1975
2026-09-25 13:28:00,1790357280,LHX,238.56500244140625,238.60000610351562,238.52000427246094,238.60000610351562,1653
2026-09-25 13:29:00,1790357340,LHX,238.55999755859375,238.55999755859375,238.50999450683594,238.51499938964844,1526
2026-09-25 13:30:00,1790357400,LHX,238.47999572753906,238.5800018310547,238.47999572753906,238.52000427246094,1144
2026-09-25 13:31:00,1790357460,LHX,238.52999877929688,238.52999877929688,238.36000061035156,238.36000061035156,1618
2026-09-25 13:32:00,1790357520,LHX,238.39849853515625,238.50999450683594,238.3800048828125,238.5,1338
2026-09-25 13:33:00,1790357580,LHX,238.5,238.5050048828125,238.3699951171875,238.44500732421875,4362
2026-09-25 13:34:00,1790357640,LHX,238.46499633789062,238.46499633789062,238.39999389648438,238.4600067138672,471
2026-09-25 13:35:00,1790357700,LHX,238.44000244140625,238.44000244140625,238.43499755859375,238.44000244140625,580
2026-09-25 13:36:00,1790357760,LHX,238.44000244140625,238.44000244140625,238.2899932861328,238.3350067138672,1865
2026-09-25 13:37:00,1790357820,LHX,238.27000427246094,238.38999938964844,238.27000427246094,238.33999633789062,1389
2026-09-25 13:38:00,1790357880,LHX,238.34500122070312,238.375,238.27000427246094,238.36000061035156,1826
2026-09-25 13:39:00,1790357940,LHX,238.3699951171875,238.4600067138672,238.3699951171875,238.44000244140625,3736
2026-09-25 13:40:00,1790358000,LHX,238.44000244140625,238.47500610351562,238.39999389648438,238.4199981689453,798
2026-09-25 13:41:00,1790358060,LHX,238.41000366210938,238.50999450683594,238.35000610351562,238.44500732421875,1381
2026-09-25 13:42:00,1790358120,LHX,238.52000427246094,238.57000732421875,238.52000427246094,238.56500244140625,1244
2026-09-25 13:43:00,1790358180,LHX,238.72000122070312,238.77000427246094,238.44039916992188,238.61000061035156,467
2026-09-25 13:44:00,1790358240,LHX,238.77000427246094,238.82000732421875,238.77000427246094,238.82000732421875,0
2026-09-25 13:45:00,1790358300,LHX,238.6699981689453,238.72999572753906,238.61709594726562,238.61709594726562,1376
2026-09-25 13:46:00,1790358360,LHX,238.4949951171875,238.4949951171875,238.47799682617188,238.47799682617188,1088
2026-09-25 13:47:00,1790358420,LHX,238.33999633789062,238.33999633789062,238.33999633789062,238.33999633789062,622
2026-09-25 13:48:00,1790358480,LHX,238.36500549316406,238.39019775390625,238.36500549316406,238.39019775390625,849
2026-09-25 13:49:00,1790358540,LHX,238.52000427246094,238.61000061035156,238.49000549316406,238.5449981689453,700
2026-09-25 13:50:00,1790358600,LHX,238.55499267578125,238.60879516601562,238.5,238.5655059814453,933
2026-09-25 13:51:00,1790358660,LHX,238.61000061035156,238.61500549316406,238.4199981689453,238.4250030517578,3061
2026-09-25 13:52:00,1790358720,LHX,238.4600067138672,238.4600067138672,238.41000366210938,238.41000366210938,1941
2026-09-25 13:53:00,1790358780,LHX,238.49000549316406,238.5,238.49000549316406,238.5,1672
2026-09-25 13:54:00,1790358840,LHX,238.47500610351562,238.63999938964844,238.4600067138672,238.5500946044922,2982
2026-09-25 13:55:00,1790358900,LHX,238.6300048828125,238.6300048828125,238.6300048828125,238.6300048828125,313
2026-09-25 13:56:00,1790358960,LHX,238.5800018310547,238.5800018310547,238.53500366210938,238.5500030517578,1598
2026-09-25 13:57:00,1790359020,LHX,238.5449981689453,238.5449981689453,238.5449981689453,238.5449981689453,357
2026-09-25 13:58:00,1790359080,LHX,238.58999633789062,238.61839294433594,238.5500030517578,238.5850067138672,3165
2026-09-25 13:58:52,1790359132,LHX,238.5850067138672,238.5850067138672,238.5850067138672,238.5850067138672,0
2026-09-25 13:59:00,1790359140,LHX,238.6300048828125,238.78500366210938,238.6300048828125,238.78500366210938,1775
2026-09-25 14:00:00,1790359200,LHX,238.78500366210938,238.78500366210938,238.63499450683594,238.64500427246094,4251
2026-09-25 14:01:00,1790359260,LHX,238.64500427246094,238.64999389648438,238.64500427246094,238.64999389648438,404
2026-09-25 14:02:00,1790359320,LHX,238.72000122070312,238.72000122070312,238.6199951171875,238.65499877929688,1292
2026-09-25 14:03:00,1790359380,LHX,238.5800018310547,238.6300048828125,238.55999755859375,238.55999755859375,626
2026-09-25 14:04:00,1790359440,LHX,238.55999755859375,238.58250427246094,238.5399932861328,238.57000732421875,2273
2026-09-25 14:05:00,1790359500,LHX,238.52000427246094,238.5449981689453,238.50999450683594,238.50999450683594,731
2026-09-25 14:06:00,1790359560,LHX,238.55999755859375,238.6199951171875,238.5449981689453,238.57000732421875,652
2026-09-25 14:07:00,1790359620,LHX,238.52000427246094,238.52000427246094,238.47000122070312,238.47000122070312,1776
2026-09-25 14:08:00,1790359680,LHX,238.44000244140625,238.44000244140625,238.27999877929688,238.27999877929688,2211
2026-09-25 14:09:00,1790359740,LHX,238.27999877929688,238.36000061035156,238.25,238.36000061035156,2326
2026-09-25 14:10:00,1790359800,LHX,238.36000061035156,238.44000244140625,238.36000061035156,238.44000244140625,988
2026-09-25 14:11:00,1790359860,LHX,238.42999267578125,238.42999267578125,237.89999389648438,238.02999877929688,10645
2026-09-25 14:12:00,1790359920,LHX,238.01499938964844,238.1699981689453,238.01499938964844,238.1699981689453,3142
2026-09-25 14:13:00,1790359980,LHX,238.14999389648438,238.19000244140625,238.0,238.08999633789062,2315
2026-09-25 14:14:00,1790360040,LHX,238.14990234375,238.1699981689453,238.14990234375,238.1699981689453,402
2026-09-25 14:15:00,1790360100,LHX,238.08999633789062,238.35000610351562,238.08999633789062,238.35000610351562,1131
2026-09-25 14:16:00,1790360160,LHX,238.28500366210938,238.35000610351562,238.03500366210938,238.03500366210938,2438
2026-09-25 14:17:00,1790360220,LHX,238.1699981689453,238.17999267578125,238.1699981689453,238.17999267578125,1046
2026-09-25 14:18:00,1790360280,LHX,238.17999267578125,238.17999267578125,237.99000549316406,237.99000549316406,3201
2026-09-25 14:19:00,1790360340,LHX,237.98500061035156,237.98500061035156,237.9499969482422,237.9499969482422,279
2026-09-25 14:20:00,1790360400,LHX,237.97999572753906,237.97999572753906,237.8800048828125,237.8800048828125,1338
2026-09-25 14:21:00,1790360460,LHX,237.8800048828125,237.8800048828125,237.8699951171875,237.8699951171875,482
2026-09-25 14:22:00,1790360520,LHX,237.83999633789062,237.8800048828125,237.7899932861328,237.8000030517578,2650
2026-09-25 14:23:00,1790360580,LHX,237.79339599609375,237.88999938964844,237.7899932861328,237.80999755859375,5661
2026-09-25 14:24:00,1790360640,LHX,237.80999755859375,237.91000366210938,237.80999755859375,237.875,1096
2026-09-25 14:25:00,1790360700,LHX,237.91000366210938,237.91000366210938,237.8000030517578,237.85499572753906,973
2026-09-25 14:26:00,1790360760,LHX,237.85499572753906,237.86000061035156,237.722900390625,237.77000427246094,4962
2026-09-25 14:27:00,1790360820,LHX,237.75,237.78250122070312,237.72000122070312,237.77499389648438,1190
2026-09-25 14:28:00,1790360880,LHX,237.77999877929688,237.8699951171875,237.77999877929688,237.8699951171875,553
2026-09-25 14:29:00,1790360940,LHX,237.83999633789062,237.91000366210938,237.8000030517578,237.85499572753906,1110
2026-09-25 14:30:00,1790361000,LHX,237.91000366210938,237.9499969482422,237.82000732421875,237.8800048828125,2013
2026-09-25 14:31:00,1790361060,LHX,237.88499450683594,237.89500427246094,237.7050018310547,237.73500061035156,2821
2026-09-25 14:32:00,1790361120,LHX,237.7899932861328,237.82000732421875,237.75399780273438,237.76499938964844,1393
2026-09-25 14:33:00,1790361180,LHX,237.76499938964844,237.8199005126953,237.72000122070312,237.72000122070312,1400
2026-09-25 14:34:00,1790361240,LHX,237.7176055908203,237.75,237.5500030517578,237.57000732421875,3669
2026-09-25 14:35:00,1790361300,LHX,237.5749969482422,237.67999267578125,237.5500030517578,237.66000366210938,2787
2026-09-25 14:36:00,1790361360,LHX,237.6300048828125,237.63999938964844,237.6300048828125,237.63999938964844,523
2026-09-25 14:37:00,1790361420,LHX,237.63999938964844,237.63999938964844,237.47000122070312,237.47000122070312,2454
2026-09-25 14:38:00,1790361480,LHX,237.4250030517578,237.4799041748047,237.4250030517578,237.4250030517578,656
2026-09-25 14:39:00,1790361540,LHX,237.38999938964844,237.52000427246094,237.38009643554688,237.52000427246094,10266
2026-09-25 14:40:00,1790361600,LHX,237.5198974609375,237.52000427246094,237.47500610351562,237.5198974609375,1623
2026-09-25 14:41:00,1790361660,LHX,237.42999267578125,237.52000427246094,237.38999938964844,237.5,2307
2026-09-25 14:42:00,1790361720,LHX,237.5399932861328,237.63499450683594,237.50999450683594,237.63499450683594,5201
2026-09-25 14:43:00,1790361780,LHX,237.63499450683594,237.63499450683594,237.63499450683594,237.63499450683594,330
2026-09-25 14:44:00,1790361840,LHX,237.63499450683594,237.75,237.6199951171875,237.64999389648438,1515
2026-09-25 14:45:00,1790361900,LHX,237.64999389648438,237.66000366210938,237.60769653320312,237.65499877929688,959
2026-09-25 14:46:00,1790361960,LHX,237.67999267578125,237.7100067138672,237.67999267578125,237.6999969482422,881
2026-09-25 14:47:00,1790362020,LHX,237.7050018310547,237.7100067138672,237.52000427246094,237.52000427246094,2508
2026-09-25 14:48:00,1790362080,LHX,237.60000610351562,237.60000610351562,237.60000610351562,237.60000610351562,277
2026-09-25 14:49:00,1790362140,LHX,237.61000061035156,237.6199951171875,237.61000061035156,237.6199951171875,527
2026-09-25 14:50:00,1790362200,LHX,237.63499450683594,237.7100067138672,237.63499450683594,237.7050018310547,1557
2026-09-25 14:51:00,1790362260,LHX,237.7050018310547,237.74989318847656,237.7050018310547,237.7050018310547,666
2026-09-25 14:52:00,1790362320,LHX,237.7050018310547,237.8000030517578,237.7050018310547,237.7899932861328,1211
2026-09-25 14:53:00,1790362380,LHX,237.77499389648438,237.8000030517578,237.75999450683594,237.77499389648438,1541
2026-09-25 14:54:00,1790362440,LHX,237.75999450683594,237.75999450683594,237.6199951171875,237.6300048828125,3319
2026-09-25 14:55:00,1790362500,LHX,237.65499877929688,237.65499877929688,237.65499877929688,237.65499877929688,235
2026-09-25 14:56:00,1790362560,LHX,237.65499877929688,237.80999755859375,237.635498046875,237.73500061035156,7399
2026-09-25 14:57:00,1790362620,LHX,237.69500732421875,237.72500610351562,237.67999267578125,237.72500610351562,1218
2026-09-25 14:58:00,1790362680,LHX,237.73316955566406,237.77999877929688,237.67999267578125,237.72500610351562,700
2026-09-25 14:59:00,1790362740,LHX,237.72500610351562,237.77999877929688,237.66000366210938,237.66000366210938,1664
2026-09-25 15:00:00,1790362800,LHX,237.6999969482422,237.80999755859375,237.6699981689453,237.7449951171875,1489
2026-09-25 15:01:00,1790362860,LHX,237.72500610351562,237.77999877929688,237.50999450683594,237.50999450683594,4269
2026-09-25 15:02:00,1790362920,LHX,237.48500061035156,237.60000610351562,237.47000122070312,237.57000732421875,1180
2026-09-25 15:03:00,1790362980,LHX,237.52999877929688,237.52999877929688,237.2050018310547,237.2790069580078,2213
2026-09-25 15:04:00,1790363040,LHX,237.27000427246094,237.27000427246094,237.2100067138672,237.24000549316406,2227
2026-09-25 15:05:00,1790363100,LHX,237.21499633789062,237.21749877929688,237.21499633789062,237.21499633789062,830
2026-09-25 15:06:00,1790363160,LHX,237.27000427246094,237.41000366210938,237.22999572753906,237.41000366210938,3714
2026-09-25 15:07:00,1790363220,LHX,237.375,237.47000122070312,237.375,237.47000122070312,2648
2026-09-25 15:08:00,1790363280,LHX,237.4199981689453,237.4199981689453,237.33999633789062,237.40499877929688,1301
2026-09-25 15:09:00,1790363340,LHX,237.40499877929688,237.55999755859375,237.40499877929688,237.49000549316406,3076
2026-09-25 15:10:00,1790363400,LHX,237.48028564453125,237.5050048828125,237.42999267578125,237.5050048828125,1408
2026-09-25 15:11:00,1790363460,LHX,237.5399932861328,237.5469970703125,237.4550018310547,237.4550018310547,7069
2026-09-25 15:12:00,1790363520,LHX,237.42999267578125,237.49000549316406,237.19500732421875,237.19500732421875,2997
2026-09-25 15:13:00,1790363580,LHX,237.2050018310547,237.2899932861328,237.2050018310547,237.2050018310547,1895
2026-09-25 15:14:00,1790363640,LHX,237.27999877929688,237.32000732421875,237.22500610351562,237.24000549316406,2534
2026-09-25 15:15:00,1790363700,LHX,237.22500610351562,237.32000732421875,237.22500610351562,237.28250122070312,2745
2026-09-25 15:16:00,1790363760,LHX,237.25999450683594,237.25999450683594,237.1999969482422,237.1999969482422,1532
2026-09-25 15:17:00,1790363820,LHX,237.22999572753906,237.24000549316406,237.16000366210938,237.16000366210938,2178
2026-09-25 15:18:00,1790363880,LHX,237.14500427246094,237.14999389648438,237.11000061035156,237.11000061035156,1360
2026-09-25 15:19:00,1790363940,LHX,237.10000610351562,237.25999450683594,237.10000610351562,237.13059997558594,6698
2026-09-25 15:20:00,1790364000,LHX,237.2100067138672,237.33999633789062,237.1699981689453,237.2899932861328,6297
2026-09-25 15:21:00,1790364060,LHX,237.3300018310547,237.3350067138672,237.25999450683594,237.25999450683594,2101
2026-09-25 15:22:00,1790364120,LHX,237.1999969482422,237.22999572753906,237.19500732421875,237.22000122070312,753
2026-09-25 15:23:00,1790364180,LHX,237.20249938964844,237.20249938964844,237.14999389648438,237.1748809814453,1811
2026-09-25 15:24:00,1790364240,LHX,237.14999389648438,237.16000366210938,236.99000549316406,236.99000549316406,3553
2026-09-25 15:25:00,1790364300,LHX,236.98500061035156,237.0500030517578,236.97000122070312,236.97999572753906,2072
2026-09-25 15:26:00,1790364360,LHX,236.9600067138672,237.04879760742188,236.9199981689453,236.9199981689453,2625
2026-09-25 15:27:00,1790364420,LHX,236.9499969482422,237.0050048828125,236.7899932861328,236.7899932861328,4482
2026-09-25 15:28:00,1790364480,LHX,236.91000366210938,237.00999450683594,236.85499572753906,237.00999450683594,3564
2026-09-25 15:29:00,1790364540,LHX,237.00999450683594,237.0800018310547,237.00999450683594,237.0800018310547,966
2026-09-25 15:30:00,1790364600,LHX,237.0449981689453,237.13999938964844,236.97000122070312,237.1300048828125,2317
2026-09-25 15:31:00,1790364660,LHX,237.17999267578125,237.22000122070312,237.1199951171875,237.1199951171875,2590
2026-09-25 15:32:00,1790364720,LHX,237.02999877929688,237.02999877929688,236.82000732421875,236.91000366210938,2386
2026-09-25 15:33:00,1790364780,LHX,236.8800048828125,236.8800048828125,236.80999755859375,236.83999633789062,2651
2026-09-25 15:34:00,1790364840,LHX,236.85000610351562,236.9499053955078,236.80999755859375,236.9499053955078,2143
2026-09-25 15:35:00,1790364900,LHX,236.89999389648438,236.9600067138672,236.8699951171875,236.8699951171875,2411
2026-09-25 15:36:00,1790364960,LHX,236.875,236.99000549316406,236.875,236.9250030517578,1836
2026-09-25 15:37:00,1790365020,LHX,236.97999572753906,236.97999572753906,236.80999755859375,236.84500122070312,3400
2026-09-25 15:38:00,1790365080,LHX,236.89999389648438,236.9591064453125,236.83999633789062,236.84500122070312,3042
2026-09-25 15:39:00,1790365140,LHX,236.84500122070312,237.00999450683594,236.84500122070312,236.97500610351562,2397
2026-09-25 15:40:00,1790365200,LHX,237.02000427246094,237.22999572753906,237.02000427246094,237.1699981689453,3116
2026-09-25 15:41:00,1790365260,LHX,237.09500122070312,237.19000244140625,237.0050048828125,237.0050048828125,3626
2026-09-25 15:42:00,1790365320,LHX,236.97000122070312,237.00999450683594,236.89999389648438,236.99000549316406,2409
2026-09-25 15:43:00,1790365380,LHX,236.88009643554688,236.99000549316406,236.86000061035156,236.89500427246094,3575
2026-09-25 15:44:00,1790365440,LHX,236.86000061035156,237.00999450683594,236.86000061035156,236.97999572753906,3097
2026-09-25 15:45:00,1790365500,LHX,236.94000244140625,237.22000122070312,236.89999389648438,237.02000427246094,5174
2026-09-25 15:46:00,1790365560,LHX,237.1199951171875,237.2899932861328,237.1199951171875,237.27000427246094,2198
2026-09-25 15:47:00,1790365620,LHX,237.28500366210938,237.44500732421875,237.19000244140625,237.31500244140625,5799
2026-09-25 15:48:00,1790365680,LHX,237.31500244140625,237.35000610351562,237.17999267578125,237.17999267578125,4372
2026-09-25 15:49:00,1790365740,LHX,237.2449951171875,237.3800048828125,237.2100067138672,237.27499389648438,7271
2026-09-25 15:50:00,1790365800,LHX,237.30999755859375,237.42999267578125,237.1699981689453,237.19000244140625,8643
2026-09-25 15:51:00,1790365860,LHX,237.22999572753906,237.36000061035156,237.2100067138672,237.3300018310547,4213
2026-09-25 15:52:00,1790365920,LHX,237.27999877929688,237.331298828125,237.24000549316406,237.28500366210938,4683
2026-09-25 15:53:00,1790365980,LHX,237.3300018310547,237.36000061035156,237.27999877929688,237.36000061035156,5165
2026-09-25 15:54:00,1790366040,LHX,237.34500122070312,237.4499969482422,237.34500122070312,237.38999938964844,7595
2026-09-25 15:55:00,1790366100,LHX,237.36000061035156,237.47500610351562,237.22999572753906,237.2899932861328,11334
2026-09-25 15:56:00,1790366160,LHX,237.3000030517578,237.44000244140625,237.24380493164062,237.33999633789062,10965
2026-09-25 15:57:00,1790366220,LHX,237.33999633789062,237.41000366210938,237.1649932861328,237.26100158691406,14284
2026-09-25 15:58:00,1790366280,LHX,237.3249969482422,237.3249969482422,237.16000366210938,237.2550048828125,21289
2026-09-25 15:59:00,1790366340,LHX,237.25,237.6699981689453,237.1300048828125,237.5800018310547,39649
2026-09-25 16:00:00,1790366400,LHX,237.69000244140625,237.69000244140625,237.69000244140625,237.69000244140625,0
2026-09-28 09:30:00,1790602200,LHX,237.0,237.0,235.6699981689453,236.21499633789062,35277
2026-09-28 09:31:00,1790602260,LHX,235.8300018310547,236.0500030517578,235.39999389648438,235.57000732421875,6288
2026-09-28 09:32:00,1790602320,LHX,235.3300018310547,235.97500610351562,235.2899932861328,235.9550018310547,2796
2026-09-28 09:33:00,1790602380,LHX,235.94000244140625,235.94000244140625,234.9600067138672,235.0,7912
2026-09-28 09:34:00,1790602440,LHX,235.4499969482422,235.57000732421875,235.4499969482422,235.57000732421875,1018
2026-09-28 09:35:00,1790602500,LHX,235.47000122070312,235.52000427246094,235.05999755859375,235.05999755859375,4934
2026-09-28 09:36:00,1790602560,LHX,235.1300048828125,235.1300048828125,234.58999633789062,234.80499267578125,6445
2026-09-28 09:37:00,1790602620,LHX,234.85000610351562,235.24249267578125,234.85000610351562,234.88999938964844,2101
2026-09-28 09:38:00,1790602680,LHX,235.0,235.38999938964844,235.0,235.24000549316406,2262
2026-09-28 09:39:00,1790602740,LHX,235.34500122070312,235.44000244140625,235.34500122070312,235.44000244140625,460
2026-09-28 09:40:00,1790602800,LHX,235.75999450683594,236.03500366210938,235.72999572753906,235.7949981689453,3665
2026-09-28 09:41:00,1790602860,LHX,235.78500366210938,235.78500366210938,235.71499633789062,235.77000427246094,747
2026-09-28 09:42:00,1790602920,LHX,235.77000427246094,235.94000244140625,235.72000122070312,235.8699951171875,849
2026-09-28 09:43:00,1790602980,LHX,235.98500061035156,236.2100067138672,235.94000244140625,236.2100067138672,1487
2026-09-28 09:44:00,1790603040,LHX,236.00999450683594,236.0655059814453,235.74000549316406,236.0655059814453,1544
2026-09-28 09:45:00,1790603100,LHX,236.00999450683594,236.28500366210938,235.86000061035156,236.28500366210938,2332
2026-09-28 09:46:00,1790603160,LHX,236.3300018310547,236.60000610351562,236.3300018310547,236.60000610351562,1954
2026-09-28 09:47:00,1790603220,LHX,236.47999572753906,236.7899932861328,236.47999572753906,236.6300048828125,1542
2026-09-28 09:48:00,1790603280,LHX,236.66000366210938,236.94000244140625,236.66000366210938,236.94000244140625,1407
2026-09-28 09:49:00,1790603340,LHX,236.8800048828125,236.9550018310547,236.7100067138672,236.75,1083
2026-09-28 09:50:00,1790603400,LHX,236.80999755859375,236.80999755859375,236.3000030517578,236.46499633789062,2817
2026-09-28 09:51:00,1790603460,LHX,236.2100067138672,236.77999877929688,236.2100067138672,236.77999877929688,8394
2026-09-28 09:52:00,1790603520,LHX,236.97000122070312,237.02499389648438,236.88999938964844,237.02000427246094,1865
2026-09-28 09:53:00,1790603580,LHX,237.0,237.14500427246094,236.85000610351562,237.14500427246094,1636
2026-09-28 09:54:00,1790603640,LHX,237.13999938964844,237.14999389648438,236.88999938964844,237.0,2536
2026-09-28 09:55:00,1790603700,LHX,237.1750030517578,237.31500244140625,236.85000610351562,236.9949951171875,9176
2026-09-28 09:56:00,1790603760,LHX,237.0,237.3000030517578,237.0,237.1199951171875,1609
2026-09-28 09:57:00,1790603820,LHX,236.97000122070312,236.97000122070312,236.92999267578125,236.93499755859375,1569
2026-09-28 09:58:00,1790603880,LHX,236.8717041015625,237.00999450683594,236.72999572753906,237.00999450683594,6202
2026-09-28 09:59:00,1790603940,LHX,237.07000732421875,237.2899932861328,237.07000732421875,237.2899932861328,1768
2026-09-28 10:00:00,1790604000,LHX,237.24000549316406,237.2550048828125,236.82000732421875,236.82000732421875,1949
2026-09-28 10:01:00,1790604060,LHX,236.9199981689453,236.97999572753906,236.9199981689453,236.97999572753906,1090
2026-09-28 10:02:00,1790604120,LHX,236.8300018310547,237.22500610351562,236.8300018310547,237.22500610351562,2177
2026-09-28 10:03:00,1790604180,LHX,237.33999633789062,237.33999633789062,237.2100067138672,237.2100067138672,1106
2026-09-28 10:04:00,1790604240,LHX,237.18499755859375,237.18499755859375,236.91000366210938,236.91000366210938,1531
2026-09-28 10:05:00,1790604300,LHX,237.02999877929688,237.05999755859375,236.88999938964844,237.05999755859375,1338
2026-09-28 10:06:00,1790604360,LHX,237.1750030517578,237.24000549316406,237.1699981689453,237.2050018310547,943
2026-09-28 10:07:00,1790604420,LHX,237.3000030517578,237.41000366210938,237.3000030517578,237.41000366210938,693
2026-09-28 10:08:00,1790604480,LHX,237.44500732421875,237.7899932861328,237.44500732421875,237.6199951171875,3122
2026-09-28 10:09:00,1790604540,LHX,237.77000427246094,238.0,237.77000427246094,237.99000549316406,1509
2026-09-28 10:10:00,1790604600,LHX,238.0,238.2100067138672,238.0,238.2100067138672,1919
2026-09-28 10:11:00,1790604660,LHX,238.22000122070312,238.22000122070312,238.0500030517578,238.19500732421875,1675
2026-09-28 10:12:00,1790604720,LHX,238.1199951171875,238.19000244140625,238.1199951171875,238.14999389648438,2618
2026-09-28 10:13:00,1790604780,LHX,238.18499755859375,238.22000122070312,237.8699951171875,237.9149932861328,5429
2026-09-28 10:14:00,1790604840,LHX,237.9499969482422,237.9550018310547,237.8800048828125,237.9550018310547,1886
2026-09-28 10:15:00,1790604900,LHX,238.0500030517578,238.09500122070312,237.9803924560547,238.09500122070312,1897
2026-09-28 10:16:00,1790604960,LHX,238.09500122070312,238.1999969482422,237.94000244140625,238.19000244140625,4630
2026-09-28 10:17:00,1790605020,LHX,238.24000549316406,238.2899932861328,238.24000549316406,238.2899932861328,751
2026-09-28 10:18:00,1790605080,LHX,238.26499938964844,238.6999053955078,238.26499938964844,238.61000061035156,5781
2026-09-28 10:19:00,1790605140,LHX,238.49000549316406,238.72999572753906,238.42999267578125,238.59500122070312,4323
2026-09-28 10:20:00,1790605200,LHX,238.74000549316406,239.0,238.74000549316406,238.99000549316406,3826
2026-09-28 10:21:00,1790605260,LHX,238.88999938964844,238.89999389648438,238.8300018310547,238.8699951171875,1281
2026-09-28 10:22:00,1790605320,LHX,238.9499969482422,239.05999755859375,238.88999938964844,239.05999755859375,4743
2026-09-28 10:23:00,1790605380,LHX,239.08999633789062,239.27999877929688,239.08999633789062,239.27999877929688,958
2026-09-28 10:24:00,1790605440,LHX,239.22000122070312,239.3975067138672,239.22000122070312,239.3975067138672,3407
2026-09-28 10:25:00,1790605500,LHX,239.4499969482422,239.57000732421875,239.35000610351562,239.3699951171875,5114
2026-09-28 10:26:00,1790605560,LHX,239.4199981689453,239.55999755859375,239.39999389648438,239.5500030517578,2326
2026-09-28 10:27:00,1790605620,LHX,239.50999450683594,239.88499450683594,239.5,239.88499450683594,4449
2026-09-28 10:28:00,1790605680,LHX,239.8800048828125,240.03500366210938,239.82000732421875,239.91000366210938,3930
2026-09-28 10:29:00,1790605740,LHX,239.91000366210938,240.08999633789062,239.91000366210938,240.0,590
2026-09-28 10:30:00,1790605800,LHX,240.09500122070312,240.09500122070312,239.92999267578125,239.92999267578125,4858
2026-09-28 10:31:00,1790605860,LHX,239.92999267578125,239.9611053466797,239.8000030517578,239.83999633789062,2011
2026-09-28 10:32:00,1790605920,LHX,239.83999633789062,239.83999633789062,239.77000427246094,239.80999755859375,1347
2026-09-28 10:33:00,1790605980,LHX,239.81500244140625,239.8699951171875,239.74000549316406,239.8699951171875,2140
2026-09-28 10:34:00,1790606040,LHX,240.0,240.0,239.99000549316406,240.0,653
2026-09-28 10:35:00,1790606100,LHX,240.0,240.0,239.81500244140625,239.8354034423828,1146
2026-09-28 10:36:00,1790606160,LHX,239.8800048828125,240.02000427246094,239.8800048828125,240.00999450683594,3044
2026-09-28 10:37:00,1790606220,LHX,239.97999572753906,240.0500030517578,239.88999938964844,239.89500427246094,2386
2026-09-28 10:38:00,1790606280,LHX,239.88999938964844,239.88999938964844,239.6699981689453,239.67999267578125,5502
2026-09-28 10:39:00,1790606340,LHX,239.72000122070312,239.81500244140625,239.6699981689453,239.6999969482422,3440
2026-09-28 10:40:00,1790606400,LHX,239.66000366210938,239.66000366210938,239.4499969482422,239.4949951171875,3112
2026-09-28 10:41:00,1790606460,LHX,239.50999450683594,239.53500366210938,239.44000244140625,239.53500366210938,1606
2026-09-28 10:42:00,1790606520,LHX,239.5449981689453,239.5449981689453,239.39999389648438,239.4550018310547,1741
2026-09-28 10:43:00,1790606580,LHX,239.4600067138672,239.52999877929688,239.41000366210938,239.41000366210938,2753
2026-09-28 10:44:00,1790606640,LHX,239.48500061035156,239.51499938964844,239.38999938964844,239.51499938964844,3288
2026-09-28 10:45:00,1790606700,LHX,239.4949951171875,239.4949951171875,239.19000244140625,239.19000244140625,4772
2026-09-28 10:46:00,1790606760,LHX,239.10000610351562,239.1649932861328,238.85009765625,238.94500732421875,2123
2026-09-28 10:47:00,1790606820,LHX,238.860107421875,239.10000610351562,238.7899932861328,238.9199981689453,4407
2026-09-28 10:48:00,1790606880,LHX,238.94000244140625,239.0800018310547,238.94000244140625,238.9499969482422,976
2026-09-28 10:49:00,1790606940,LHX,239.00509643554688,239.02999877929688,239.0,239.0,385
2026-09-28 10:50:00,1790607000,LHX,239.02601623535156,239.2100067138672,239.0050048828125,239.1649932861328,2645
2026-09-28 10:51:00,1790607060,LHX,239.02000427246094,239.07000732421875,238.92999267578125,239.0,1903
2026-09-28 10:52:00,1790607120,LHX,238.9199981689453,238.97000122070312,238.88999938964844,238.9250030517578,1382
2026-09-28 10:53:00,1790607180,LHX,238.8800048828125,238.94000244140625,238.8800048828125,238.88999938964844,1763
2026-09-28 10:54:00,1790607240,LHX,238.8699951171875,239.02000427246094,238.8300018310547,238.9199981689453,6469
2026-09-28 10:55:00,1790607300,LHX,238.9199981689453,238.9199981689453,238.7550048828125,238.7550048828125,2399
2026-09-28 10:56:00,1790607360,LHX,238.7550048828125,238.75999450683594,238.72000122070312,238.74000549316406,1249
2026-09-28 10:57:00,1790607420,LHX,238.6999969482422,238.7100067138672,238.60000610351562,238.67999267578125,4737
2026-09-28 10:58:00,1790607480,LHX,238.5800018310547,238.5800018310547,238.3800048828125,238.41000366210938,3278
2026-09-28 10:59:00,1790607540,LHX,238.50990295410156,238.55999755859375,238.3699951171875,238.44000244140625,3574
2026-09-28 11:00:00,1790607600,LHX,238.42999267578125,238.5,238.36000061035156,238.5,2685
2026-09-28 11:01:00,1790607660,LHX,238.44500732421875,238.52999877929688,238.1199951171875,238.1199951171875,2679
2026-09-28 11:02:00,1790607720,LHX,238.02999877929688,238.0800018310547,237.80999755859375,237.80999755859375,3083
2026-09-28 11:03:00,1790607780,LHX,237.88999938964844,238.17999267578125,237.86000061035156,238.17999267578125,2250
2026-09-28 11:04:00,1790607840,LHX,238.10499572753906,238.1636962890625,238.02999877929688,238.11500549316406,2515
2026-09-28 11:05:00,1790607900,LHX,238.11000061035156,238.11000061035156,238.02999877929688,238.0399932861328,2477
2026-09-28 11:06:00,1790607960,LHX,238.00999450683594,238.10499572753906,238.00999450683594,238.10000610351562,2751
2026-09-28 11:07:00,1790608020,LHX,238.10000610351562,238.10000610351562,237.89999389648438,237.89999389648438,1866
2026-09-28 11:08:00,1790608080,LHX,237.97000122070312,238.0,237.88999938964844,237.88999938964844,1003
2026-09-28 11:09:00,1790608140,LHX,237.88999938964844,237.88999938964844,237.66000366210938,237.82000732421875,1174
2026-09-28 11:10:00,1790608200,LHX,237.82000732421875,237.9199981689453,237.82000732421875,237.9199981689453,1112
2026-09-28 11:11:00,1790608260,LHX,237.77000427246094,237.83999633789062,237.75999450683594,237.83999633789062,1405
2026-09-28 11:12:00,1790608320,LHX,237.74000549316406,237.75,237.68499755859375,237.68499755859375,967
2026-09-28 11:13:00,1790608380,LHX,237.6750030517578,237.69000244140625,237.62332153320312,237.66000366210938,1809
2026-09-28 11:14:00,1790608440,LHX,237.66000366210938,237.67999267578125,237.4600067138672,237.4600067138672,2122
2026-09-28 11:15:00,1790608500,LHX,237.5399932861328,237.5399932861328,237.52999877929688,237.52999877929688,748
2026-09-28 11:16:00,1790608560,LHX,237.53500366210938,237.61000061035156,237.53500366210938,237.61000061035156,1046
2026-09-28 11:17:00,1790608620,LHX,237.60000610351562,237.60000610351562,237.4600067138672,237.4600067138672,998
2026-09-28 11:18:00,1790608680,LHX,237.4929962158203,237.5399932861328,237.4929962158203,237.52000427246094,925
2026-09-28 11:19:00,1790608740,LHX,237.63499450683594,238.00999450683594,237.63499450683594,238.00999450683594,1342
2026-09-28 11:20:00,1790608800,LHX,237.92999267578125,237.92999267578125,237.80250549316406,237.80999755859375,1384
2026-09-28 11:21:00,1790608860,LHX,237.7100067138672,237.7100067138672,237.4600067138672,237.47000122070312,2491
2026-09-28 11:22:00,1790608920,LHX,237.41000366210938,237.58999633789062,237.41000366210938,237.58999633789062,589
2026-09-28 11:23:00,1790608980,LHX,237.54010009765625,237.65499877929688,237.54010009765625,237.65499877929688,916
2026-09-28 11:24:00,1790609040,LHX,237.68499755859375,237.6999969482422,237.67588806152344,237.6999969482422,1697
2026-09-28 11:25:00,1790609100,LHX,237.75,238.1199951171875,237.75,237.94000244140625,6893
2026-09-28 11:26:00,1790609160,LHX,237.85000610351562,237.86000061035156,237.72000122070312,237.73500061035156,2120
2026-09-28 11:27:00,1790609220,LHX,237.6199951171875,237.63999938964844,237.5399932861328,237.6300048828125,1215
2026-09-28 11:28:00,1790609280,LHX,237.6199951171875,237.6699981689453,237.52000427246094,237.6699981689453,2146
2026-09-28 11:29:00,1790609340,LHX,237.80999755859375,237.86749267578125,237.77000427246094,237.77000427246094,709
2026-09-28 11:30:00,1790609400,LHX,237.85000610351562,237.90499877929688,237.85000610351562,237.89500427246094,458
2026-09-28 11:31:00,1790609460,LHX,237.89999389648438,238.0,237.89999389648438,237.97000122070312,938
2026-09-28 11:32:00,1790609520,LHX,238.02000427246094,238.10000610351562,238.02000427246094,238.10000610351562,420
2026-09-28 11:33:00,1790609580,LHX,237.97959899902344,238.03500366210938,237.97959899902344,238.0,1023
2026-09-28 11:34:00,1790609640,LHX,238.0399932861328,238.0399932861328,237.97000122070312,238.01499938964844,988
2026-09-28 11:35:00,1790609700,LHX,237.9949951171875,237.9949951171875,237.8300018310547,237.83999633789062,1831
2026-09-28 11:36:00,1790609760,LHX,237.91000366210938,238.08999633789062,237.91000366210938,238.08999633789062,1128
2026-09-28 11:37:00,1790609820,LHX,238.02000427246094,238.06500244140625,237.99000549316406,237.99000549316406,946
2026-09-28 11:38:00,1790609880,LHX,238.0050048828125,238.0050048828125,238.0050048828125,238.0050048828125,418
2026-09-28 11:39:00,1790609940,LHX,237.96499633789062,238.16990661621094,237.96499633789062,238.16990661621094,2103
2026-09-28 11:40:00,1790610000,LHX,238.0800018310547,238.19000244140625,237.97999572753906,238.19000244140625,3040
2026-09-28 11:41:00,1790610060,LHX,238.30999755859375,238.31500244140625,238.3000030517578,238.31500244140625,1236
2026-09-28 11:42:00,1790610120,LHX,238.3800048828125,238.39999389648438,238.35000610351562,238.39999389648438,2117
2026-09-28 11:43:00,1790610180,LHX,238.5449981689453,238.9178009033203,238.5449981689453,238.9149932861328,3099
2026-09-28 11:44:00,1790610240,LHX,238.94000244140625,239.05499267578125,238.92999267578125,239.04249572753906,1808
2026-09-28 11:45:00,1790610300,LHX,238.9499969482422,238.9499969482422,238.8000030517578,238.82000732421875,3609
2026-09-28 11:46:00,1790610360,LHX,238.94000244140625,238.94000244140625,238.94000244140625,238.94000244140625,263
2026-09-28 11:47:00,1790610420,LHX,239.029296875,239.029296875,238.8800048828125,238.8800048828125,796
2026-09-28 11:48:00,1790610480,LHX,238.92999267578125,238.92999267578125,238.83999633789062,238.8800048828125,2024
2026-09-28 11:49:00,1790610540,LHX,238.86000061035156,238.86000061035156,238.8000030517578,238.85000610351562,834
2026-09-28 11:50:00,1790610600,LHX,238.9199981689453,238.92999267578125,238.8800048828125,238.8800048828125,1699
2026-09-28 11:51:00,1790610660,LHX,238.8800048828125,239.02000427246094,238.8699951171875,239.02000427246094,2265
2026-09-28 11:52:00,1790610720,LHX,239.07000732421875,239.07000732421875,238.92999267578125,238.94000244140625,1401
2026-09-28 11:53:00,1790610780,LHX,238.9250030517578,239.0,238.72000122070312,238.80999755859375,8313
2026-09-28 11:54:00,1790610840,LHX,238.72999572753906,238.72999572753906,238.72999572753906,238.72999572753906,486
2026-09-28 11:55:00,1790610900,LHX,238.80999755859375,238.80999755859375,238.67999267578125,238.67999267578125,1781
2026-09-28 11:56:00,1790610960,LHX,238.69000244140625,238.75,238.4949951171875,238.50999450683594,2109
2026-09-28 11:57:00,1790611020,LHX,238.49009704589844,238.49009704589844,238.46499633789062,238.46499633789062,626
2026-09-28 11:58:00,1790611080,LHX,238.39999389648438,238.42999267578125,238.3699951171875,238.4199981689453,891
2026-09-28 11:59:00,1790611140,LHX,238.3800048828125,238.46499633789062,238.3800048828125,238.4199981689453,768
2026-09-28 12:00:00,1790611200,LHX,238.47500610351562,238.6248016357422,238.33999633789062,238.41000366210938,3077
2026-09-28 12:01:00,1790611260,LHX,238.4199981689453,238.4250030517578,238.3300018310547,238.3300018310547,1829
2026-09-28 12:02:00,1790611320,LHX,238.32000732421875,238.33999633789062,238.26150512695312,238.33999633789062,866
2026-09-28 12:03:00,1790611380,LHX,238.24000549316406,238.24000549316406,238.0,238.00999450683594,1167
2026-09-28 12:04:00,1790611440,LHX,237.99000549316406,238.02999877929688,237.9550018310547,238.02999877929688,911
2026-09-28 12:05:00,1790611500,LHX,238.0749969482422,238.19000244140625,238.0449981689453,238.19000244140625,1400
2026-09-28 12:06:00,1790611560,LHX,238.2100067138672,238.2666015625,238.17999267578125,238.2100067138672,1844
2026-09-28 12:07:00,1790611620,LHX,238.19000244140625,238.2538604736328,238.16000366210938,238.16000366210938,1127
2026-09-28 12:08:00,1790611680,LHX,238.21499633789062,238.35000610351562,238.21499633789062,238.35000610351562,1502
2026-09-28 12:09:00,1790611740,LHX,238.36000061035156,238.50999450683594,238.36000061035156,238.50999450683594,1691
2026-09-28 12:10:00,1790611800,LHX,238.52999877929688,238.5800018310547,238.4600067138672,238.47000122070312,2948
2026-09-28 12:11:00,1790611860,LHX,238.52999877929688,238.52999877929688,238.4600067138672,238.47000122070312,867
2026-09-28 12:12:00,1790611920,LHX,238.46170043945312,238.5800018310547,238.46170043945312,238.50999450683594,1657
2026-09-28 12:13:00,1790611980,LHX,238.4600067138672,238.4600067138672,238.17999267578125,238.25,4867
2026-09-28 12:14:00,1790612040,LHX,238.25,238.31509399414062,238.25,238.31509399414062,1545
2026-09-28 12:15:00,1790612100,LHX,238.3000030517578,238.32000732421875,238.22500610351562,238.32000732421875,2051
2026-09-28 12:16:00,1790612160,LHX,238.3699951171875,239.06500244140625,238.3699951171875,239.06500244140625,3625
2026-09-28 12:17:00,1790612220,LHX,239.10000610351562,239.21910095214844,238.85000610351562,238.85000610351562,2375
2026-09-28 12:18:00,1790612280,LHX,238.9600067138672,238.9600067138672,238.7899932861328,238.7899932861328,1215
2026-09-28 12:19:00,1790612340,LHX,238.6699981689453,238.69000244140625,238.55999755859375,238.69000244140625,7022
2026-09-28 12:20:00,1790612400,LHX,238.69000244140625,239.0399932861328,238.69000244140625,239.0399932861328,1580
2026-09-28 12:21:00,1790612460,LHX,238.8800048828125,238.97999572753906,238.63999938964844,238.63999938964844,4880
2026-09-28 12:22:00,1790612520,LHX,238.64500427246094,238.69000244140625,238.6300048828125,238.6750030517578,1230
2026-09-28 12:23:00,1790612580,LHX,238.74000549316406,238.92999267578125,238.6999969482422,238.92999267578125,1458
2026-09-28 12:24:00,1790612640,LHX,238.84429931640625,239.07000732421875,238.84429931640625,238.94000244140625,676
2026-09-28 12:25:00,1790612700,LHX,239.0,239.07000732421875,239.0,239.0399932861328,953
2026-09-28 12:26:00,1790612760,LHX,239.2050018310547,239.39500427246094,239.19000244140625,239.36990356445312,2531
2026-09-28 12:27:00,1790612820,LHX,239.1999969482422,239.3300018310547,239.0500030517578,239.0500030517578,3563
2026-09-28 12:28:00,1790612880,LHX,239.0399932861328,239.27499389648438,238.9600067138672,239.27499389648438,3613
2026-09-28 12:29:00,1790612940,LHX,239.23500061035156,239.23500061035156,239.08999633789062,239.08999633789062,1929
2026-09-28 12:30:00,1790613000,LHX,239.00999450683594,239.0399932861328,238.66009521484375,238.8000030517578,1834
2026-09-28 12:31:00,1790613060,LHX,238.66000366210938,238.69500732421875,238.5800018310547,238.69500732421875,1214
2026-09-28 12:32:00,1790613120,LHX,238.66000366210938,238.66000366210938,238.38999938964844,238.38999938964844,1507
2026-09-28 12:33:00,1790613180,LHX,238.42999267578125,238.42999267578125,238.2700958251953,238.27999877929688,1065
2026-09-28 12:34:00,1790613240,LHX,238.27999877929688,238.27999877929688,238.2449951171875,238.27000427246094,913
2026-09-28 12:35:00,1790613300,LHX,238.3000030517578,238.49000549316406,238.3000030517578,238.49000549316406,883
2026-09-28 12:36:00,1790613360,LHX,238.4600067138672,238.58999633789062,238.4600067138672,238.58999633789062,526
2026-09-28 12:37:00,1790613420,LHX,238.50999450683594,238.50999450683594,238.4499969482422,238.49000549316406,1323
2026-09-28 12:38:00,1790613480,LHX,238.4499969482422,238.47500610351562,238.3800048828125,238.3800048828125,2056
2026-09-28 12:39:00,1790613540,LHX,238.32000732421875,238.3300018310547,238.27999877929688,238.27999877929688,1169
2026-09-28 12:40:00,1790613600,LHX,238.33999633789062,238.50999450683594,238.33999633789062,238.3699951171875,765
2026-09-28 12:41:00,1790613660,LHX,238.39999389648438,238.55499267578125,238.3800048828125,238.55499267578125,815
2026-09-28 12:42:00,1790613720,LHX,238.5500030517578,238.677001953125,238.52000427246094,238.57000732421875,2567
2026-09-28 12:43:00,1790613780,LHX,238.55999755859375,238.55999755859375,238.4199981689453,238.4199981689453,1037
2026-09-28 12:44:00,1790613840,LHX,238.4499969482422,238.6300048828125,238.4499969482422,238.50999450683594,2370
2026-09-28 12:45:00,1790613900,LHX,238.49000549316406,238.49000549316406,238.48500061035156,238.48500061035156,249
2026-09-28 12:46:00,1790613960,LHX,238.57000732421875,238.57000732421875,238.47999572753906,238.48550415039062,940
2026-09-28 12:47:00,1790614020,LHX,238.47999572753906,238.47999572753906,238.2050018310547,238.24000549316406,2073
2026-09-28 12:48:00,1790614080,LHX,238.22000122070312,238.22000122070312,238.16000366210938,238.16000366210938,2653
2026-09-28 12:50:00,1790614200,LHX,238.1125030517578,238.14500427246094,238.11000061035156,238.1300048828125,999
2026-09-28 12:51:00,1790614260,LHX,238.1649932861328,238.2368927001953,238.16000366210938,238.2368927001953,968
2026-09-28 12:52:00,1790614320,LHX,238.08999633789062,238.10000610351562,238.02000427246094,238.10000610351562,1320
2026-09-28 12:53:00,1790614380,LHX,238.0,238.0,237.67999267578125,237.7899932861328,2883
2026-09-28 12:54:00,1790614440,LHX,237.89999389648438,237.9550018310547,237.89999389648438,237.9550018310547,1873
2026-09-28 12:55:00,1790614500,LHX,237.97000122070312,237.97000122070312,237.85000610351562,237.85000610351562,890
2026-09-28 12:56:00,1790614560,LHX,237.875,237.89999389648438,237.8300018310547,237.89999389648438,1213
2026-09-28 12:57:00,1790614620,LHX,237.9600067138672,238.07000732421875,237.92999267578125,238.07000732421875,885
2026-09-28 12:58:00,1790614680,LHX,238.09970092773438,238.1199951171875,238.05999755859375,238.1199951171875,1423
2026-09-28 12:59:00,1790614740,LHX,238.1699981689453,238.2550048828125,238.11000061035156,238.22999572753906,1611
2026-09-28 13:00:00,1790614800,LHX,238.13999938964844,238.1699981689453,238.08999633789062,238.1199951171875,1158
2026-09-28 13:01:00,1790614860,LHX,238.125,238.125,238.08999633789062,238.08999633789062,1327
2026-09-28 13:02:00,1790614920,LHX,238.08999633789062,238.08999633789062,238.0,238.07000732421875,1700
2026-09-28 13:03:00,1790614980,LHX,237.9499969482422,237.9499969482422,237.875,237.92520141601562,1189
2026-09-28 13:04:00,1790615040,LHX,237.89500427246094,237.9499969482422,237.7449951171875,237.77999877929688,2722
2026-09-28 13:05:00,1790615100,LHX,237.7449951171875,237.8300018310547,237.7449951171875,237.8249969482422,1488
2026-09-28 13:06:00,1790615160,LHX,237.7200927734375,237.89990234375,237.7200927734375,237.72999572753906,2185
2026-09-28 13:07:00,1790615220,LHX,237.78500366210938,237.8000030517578,237.6649932861328,237.6649932861328,2775
2026-09-28 13:08:00,1790615280,LHX,237.65499877929688,237.9499969482422,237.65499877929688,237.9499969482422,1992
2026-09-28 13:09:00,1790615340,LHX,237.91000366210938,237.91000366210938,237.91000366210938,237.91000366210938,370
2026-09-28 13:10:00,1790615400,LHX,237.9550018310547,238.0500030517578,237.9550018310547,238.0500030517578,561
2026-09-28 13:11:00,1790615460,LHX,238.0399932861328,238.66000366210938,238.0399932861328,238.66000366210938,4892
2026-09-28 13:12:00,1790615520,LHX,238.72999572753906,238.90499877929688,238.49000549316406,238.50999450683594,3488
2026-09-28 13:13:00,1790615580,LHX,238.58999633789062,238.58999633789062,238.38999938964844,238.4199981689453,1617
2026-09-28 13:14:00,1790615640,LHX,238.4199981689453,238.49000549316406,238.35000610351562,238.41000366210938,5483
2026-09-28 13:15:00,1790615700,LHX,238.4149932861328,238.4149932861328,238.25,238.38999938964844,2402
2026-09-28 13:16:00,1790615760,LHX,238.4149932861328,238.57000732421875,238.4149932861328,238.57000732421875,704
2026-09-28 13:17:00,1790615820,LHX,238.60000610351562,238.60000610351562,238.27000427246094,238.33999633789062,1466
2026-09-28 13:18:00,1790615880,LHX,238.5198974609375,238.5198974609375,238.2550048828125,238.2550048828125,708
2026-09-28 13:19:00,1790615940,LHX,238.17999267578125,238.17999267578125,238.17999267578125,238.17999267578125,269
2026-09-28 13:20:00,1790616000,LHX,238.11000061035156,238.1887969970703,238.072021484375,238.1199951171875,1430
2026-09-28 13:21:00,1790616060,LHX,238.11000061035156,238.11000061035156,238.0500030517578,238.0500030517578,588
2026-09-28 13:22:00,1790616120,LHX,238.10499572753906,238.24249267578125,238.10000610351562,238.14999389648438,1370
2026-09-28 13:23:00,1790616180,LHX,238.14999389648438,238.16990661621094,238.08999633789062,238.15499877929688,1357
2026-09-28 13:24:00,1790616240,LHX,238.1699981689453,238.1699981689453,238.16000366210938,238.16000366210938,683
2026-09-28 13:25:00,1790616300,LHX,238.19000244140625,238.25999450683594,238.19000244140625,238.25999450683594,948
2026-09-28 13:26:00,1790616360,LHX,238.25999450683594,238.26499938964844,238.11000061035156,238.11000061035156,1172
2026-09-28 13:27:00,1790616420,LHX,238.15499877929688,238.15499877929688,238.0500030517578,238.0500030517578,1336
2026-09-28 13:28:00,1790616480,LHX,238.0850067138672,238.13999938964844,238.0449981689453,238.11000061035156,1483
2026-09-28 13:29:00,1790616540,LHX,238.10000610351562,238.11500549316406,238.05999755859375,238.11500549316406,751
2026-09-28 13:30:00,1790616600,LHX,238.1999969482422,238.3000030517578,238.1999969482422,238.25,1352
2026-09-28 13:31:00,1790616660,LHX,238.22999572753906,238.42999267578125,238.22999572753906,238.38499450683594,5348
2026-09-28 13:32:00,1790616720,LHX,238.38499450683594,238.38499450683594,238.19000244140625,238.19000244140625,2281
2026-09-28 13:33:00,1790616780,LHX,238.1649932861328,238.1649932861328,238.05999755859375,238.05999755859375,1097
2026-09-28 13:34:00,1790616840,LHX,238.05499267578125,238.2899932861328,238.05499267578125,238.2449951171875,2803
2026-09-28 13:35:00,1790616900,LHX,238.36500549316406,238.41000366210938,238.33999633789062,238.40499877929688,1905
2026-09-28 13:36:00,1790616960,LHX,238.40499877929688,238.40499877929688,238.3300018310547,238.3350067138672,1526
2026-09-28 13:37:00,1790617020,LHX,238.3300018310547,238.42999267578125,238.1999969482422,238.1999969482422,2534
2026-09-28 13:38:00,1790617080,LHX,238.25999450683594,238.30999755859375,238.210693359375,238.2949981689453,2200
2026-09-28 13:39:00,1790617140,LHX,238.3300018310547,238.55999755859375,238.3249969482422,238.54750061035156,2629
2026-09-28 13:40:00,1790617200,LHX,238.63999938964844,238.63999938964844,238.61000061035156,238.63999938964844,719
2026-09-28 13:41:00,1790617260,LHX,238.7393035888672,238.7393035888672,238.5800018310547,238.61000061035156,1467
2026-09-28 13:42:00,1790617320,LHX,238.71029663085938,238.72999572753906,238.62130737304688,238.72999572753906,2320
2026-09-28 13:43:00,1790617380,LHX,238.72000122070312,238.84249877929688,238.72000122070312,238.77499389648438,2130
2026-09-28 13:44:00,1790617440,LHX,238.8300018310547,238.86500549316406,238.7899932861328,238.86500549316406,1150
2026-09-28 13:45:00,1790617500,LHX,238.80999755859375,238.82000732421875,238.72999572753906,238.72999572753906,1499
2026-09-28 13:46:00,1790617560,LHX,238.7550048828125,238.83999633789062,238.7550048828125,238.8300018310547,965
2026-09-28 13:47:00,1790617620,LHX,238.85000610351562,238.90499877929688,238.76010131835938,238.90499877929688,1005
2026-09-28 13:48:00,1790617680,LHX,238.94000244140625,239.0500030517578,238.9250030517578,238.9949951171875,1308
2026-09-28 13:49:00,1790617740,LHX,239.05999755859375,239.05999755859375,238.99000549316406,239.0,1064
2026-09-28 13:50:00,1790617800,LHX,239.07000732421875,239.07000732421875,238.97000122070312,239.0467987060547,1140
2026-09-28 13:51:00,1790617860,LHX,239.05999755859375,239.1649932861328,239.02000427246094,239.1649932861328,746
2026-09-28 13:52:00,1790617920,LHX,239.1649932861328,239.1999969482422,239.10000610351562,239.11000061035156,1723
2026-09-28 13:53:00,1790617980,LHX,239.1199951171875,239.19000244140625,239.11000061035156,239.14500427246094,1316
2026-09-28 13:54:00,1790618040,LHX,239.14500427246094,239.22000122070312,239.14500427246094,239.17999267578125,1558
2026-09-28 13:55:00,1790618100,LHX,239.1300048828125,239.1300048828125,238.98500061035156,239.03500366210938,2846
2026-09-28 13:56:00,1790618160,LHX,238.97000122070312,239.05999755859375,238.97000122070312,239.05999755859375,1155
2026-09-28 13:57:00,1790618220,LHX,239.00999450683594,239.00999450683594,238.9600067138672,238.9949951171875,1161
2026-09-28 13:58:00,1790618280,LHX,238.9600067138672,238.9600067138672,238.72000122070312,238.72000122070312,2483
2026-09-28 13:59:00,1790618340,LHX,238.80999755859375,238.80999755859375,238.76499938964844,238.76499938964844,1139
2026-09-28 14:00:00,1790618400,LHX,238.72999572753906,238.75999450683594,238.72000122070312,238.75,767
2026-09-28 14:01:00,1790618460,LHX,238.66000366210938,238.72500610351562,238.64999389648438,238.69540405273438,1583
2026-09-28 14:02:00,1790618520,LHX,238.66000366210938,238.69000244140625,238.6199951171875,238.6300048828125,1474
2026-09-28 14:03:00,1790618580,LHX,238.64999389648438,238.69000244140625,238.6199951171875,238.6199951171875,2295
2026-09-28 14:04:00,1790618640,LHX,238.72000122070312,238.8885955810547,238.72000122070312,238.85000610351562,9626
2026-09-28 14:05:00,1790618700,LHX,238.85000610351562,238.88999938964844,238.8300018310547,238.84500122070312,1617
2026-09-28 14:06:00,1790618760,LHX,238.84500122070312,238.9199981689453,238.80999755859375,238.9199981689453,2462
2026-09-28 14:07:00,1790618820,LHX,238.8800048828125,238.9062957763672,238.8699951171875,238.9062957763672,886
2026-09-28 14:08:00,1790618880,LHX,238.8699951171875,238.875,238.83999633789062,238.83999633789062,1050
2026-09-28 14:09:00,1790618940,LHX,238.8699951171875,238.89999389648438,238.8699951171875,238.89999389648438,417
2026-09-28 14:10:00,1790619000,LHX,238.91000366210938,239.02000427246094,238.91000366210938,239.01499938964844,987
2026-09-28 14:11:00,1790619060,LHX,238.9499969482422,238.99000549316406,238.8699951171875,238.87750244140625,3528
2026-09-28 14:12:00,1790619120,LHX,238.97579956054688,238.97999572753906,238.89999389648438,238.9600067138672,1273
2026-09-28 14:13:00,1790619180,LHX,238.9550018310547,238.97999572753906,238.92999267578125,238.97999572753906,1323
2026-09-28 14:14:00,1790619240,LHX,238.98500061035156,239.11000061035156,238.98500061035156,239.11000061035156,1371
2026-09-28 14:15:00,1790619300,LHX,239.1199951171875,239.14999389648438,239.02999877929688,239.03500366210938,1830
2026-09-28 14:16:00,1790619360,LHX,239.07000732421875,239.0850067138672,239.02000427246094,239.0850067138672,1852
2026-09-28 14:17:00,1790619420,LHX,239.1199951171875,239.1199951171875,238.91000366210938,238.91000366210938,2957
2026-09-28 14:18:00,1790619480,LHX,238.91000366210938,238.98880004882812,238.91000366210938,238.97500610351562,1429
2026-09-28 14:19:00,1790619540,LHX,238.97000122070312,238.97000122070312,238.97000122070312,238.97000122070312,624
2026-09-28 14:20:00,1790619600,LHX,238.9600067138672,239.00079345703125,238.9199981689453,238.98500061035156,1569
2026-09-28 14:21:00,1790619660,LHX,239.02000427246094,239.0399932861328,238.9499969482422,239.02000427246094,1658
2026-09-28 14:22:00,1790619720,LHX,239.02999877929688,239.0675048828125,238.97999572753906,239.0500030517578,4104
2026-09-28 14:23:00,1790619780,LHX,238.99000549316406,238.99249267578125,238.75,238.75,3036
2026-09-28 14:24:00,1790619840,LHX,238.75,238.75,238.72999572753906,238.73500061035156,1102
2026-09-28 14:25:00,1790619900,LHX,238.81500244140625,238.81500244140625,238.7100067138672,238.7100067138672,1103
2026-09-28 14:26:00,1790619960,LHX,238.6746063232422,238.74000549316406,238.6746063232422,238.73500061035156,1227
2026-09-28 14:27:00,1790620020,LHX,238.74000549316406,238.83999633789062,238.6699981689453,238.8350067138672,1761
2026-09-28 14:28:00,1790620080,LHX,238.84620666503906,238.8699951171875,238.80999755859375,238.8699951171875,2412
2026-09-28 14:29:00,1790620140,LHX,238.88999938964844,238.89999389648438,238.83999633789062,238.85499572753906,1328
2026-09-28 14:30:00,1790620200,LHX,238.88999938964844,238.88999938964844,238.74000549316406,238.77000427246094,3662
2026-09-28 14:31:00,1790620260,LHX,238.73699951171875,238.82989501953125,238.73699951171875,238.76400756835938,1909
2026-09-28 14:32:00,1790620320,LHX,238.7449951171875,238.85000610351562,238.7449951171875,238.84500122070312,1175
2026-09-28 14:33:00,1790620380,LHX,238.89999389648438,239.02000427246094,238.89999389648438,238.99000549316406,1521
2026-09-28 14:34:00,1790620440,LHX,238.97000122070312,239.03500366210938,238.97000122070312,239.03500366210938,1707
2026-09-28 14:35:00,1790620500,LHX,239.0050048828125,239.0800018310547,239.0050048828125,239.06500244140625,2060
2026-09-28 14:36:00,1790620560,LHX,239.02000427246094,239.1300048828125,239.02000427246094,239.1300048828125,2946
2026-09-28 14:37:00,1790620620,LHX,239.125,239.16000366210938,239.00999450683594,239.0399932861328,3428
2026-09-28 14:38:00,1790620680,LHX,239.0850067138672,239.0850067138672,239.02000427246094,239.02000427246094,1557
2026-09-28 14:39:00,1790620740,LHX,239.06500244140625,239.10000610351562,238.98599243164062,239.10000610351562,2853
2026-09-28 14:40:00,1790620800,LHX,239.1490936279297,239.16000366210938,239.0749969482422,239.13499450683594,3051
2026-09-28 14:41:00,1790620860,LHX,239.11000061035156,239.22000122070312,239.10000610351562,239.1199951171875,2659
2026-09-28 14:42:00,1790620920,LHX,239.11000061035156,239.13999938964844,239.0800018310547,239.10000610351562,868
2026-09-28 14:43:00,1790620980,LHX,239.13999938964844,239.14999389648438,239.13499450683594,239.13999938964844,1739
2026-09-28 14:44:00,1790621040,LHX,239.08009338378906,239.18060302734375,238.9600067138672,238.9600067138672,2071
2026-09-28 14:45:00,1790621100,LHX,238.92999267578125,238.97000122070312,238.9199981689453,238.9499969482422,2649
2026-09-28 14:46:00,1790621160,LHX,239.0,239.0,238.9600067138672,238.9600067138672,482
2026-09-28 14:47:00,1790621220,LHX,238.97000122070312,239.0399932861328,238.89999389648438,238.89999389648438,2746
2026-09-28 14:48:00,1790621280,LHX,238.8800048828125,238.8800048828125,238.83999633789062,238.83999633789062,797
2026-09-28 14:49:00,1790621340,LHX,238.8300018310547,238.86000061035156,238.8000030517578,238.8000030517578,1658
2026-09-28 14:50:00,1790621400,LHX,238.82000732421875,238.82000732421875,238.65499877929688,238.65499877929688,1328
2026-09-28 14:51:00,1790621460,LHX,238.68170166015625,238.68170166015625,238.5050048828125,238.5050048828125,1924
2026-09-28 14:52:00,1790621520,LHX,238.4600067138672,238.55999755859375,238.4600067138672,238.55999755859375,1400
2026-09-28 14:53:00,1790621580,LHX,238.5500030517578,238.61500549316406,238.5399932861328,238.5850067138672,2493
2026-09-28 14:54:00,1790621640,LHX,238.52999877929688,238.52999877929688,238.5,238.5,1854
2026-09-28 14:55:00,1790621700,LHX,238.52999877929688,238.60000610351562,238.52999877929688,238.58999633789062,1166
2026-09-28 14:56:00,1790621760,LHX,238.60499572753906,238.72000122070312,238.59500122070312,238.72000122070312,3428
2026-09-28 14:57:00,1790621820,LHX,238.72999572753906,238.80999755859375,238.64999389648438,238.64999389648438,2955
2026-09-28 14:58:00,1790621880,LHX,238.64999389648438,238.6649932861328,238.64500427246094,238.64500427246094,601
2026-09-28 14:59:00,1790621940,LHX,238.64500427246094,238.72500610351562,238.6199951171875,238.6300048828125,4968
2026-09-28 15:00:00,1790622000,LHX,238.64999389648438,238.6999969482422,238.58999633789062,238.58999633789062,2120
2026-09-28 15:01:00,1790622060,LHX,238.55999755859375,238.55999755859375,238.2449951171875,238.2449951171875,1809
2026-09-28 15:02:00,1790622120,LHX,238.22999572753906,238.38999938964844,238.21499633789062,238.34500122070312,1784
2026-09-28 15:03:00,1790622180,LHX,238.35000610351562,238.38499450683594,238.35000610351562,238.36000061035156,525
2026-09-28 15:04:00,1790622240,LHX,238.35000610351562,238.38999938964844,238.3300018310547,238.34500122070312,1820
2026-09-28 15:05:00,1790622300,LHX,238.3800048828125,238.3800048828125,238.30999755859375,238.35000610351562,900
2026-09-28 15:06:00,1790622360,LHX,238.3800048828125,238.43499755859375,238.33999633789062,238.36000061035156,3004
2026-09-28 15:07:00,1790622420,LHX,238.32000732421875,238.3800048828125,238.30999755859375,238.3800048828125,1285
2026-09-28 15:08:00,1790622480,LHX,238.38999938964844,238.41000366210938,238.33999633789062,238.38499450683594,1111
2026-09-28 15:09:00,1790622540,LHX,238.38499450683594,238.38499450683594,238.25999450683594,238.30499267578125,3669
2026-09-28 15:10:00,1790622600,LHX,238.30499267578125,238.30499267578125,238.14999389648438,238.2100067138672,5070
2026-09-28 15:11:00,1790622660,LHX,238.1750030517578,238.25999450683594,238.15499877929688,238.19000244140625,3108
2026-09-28 15:12:00,1790622720,LHX,238.1699981689453,238.22000122070312,238.1699981689453,238.17999267578125,740
2026-09-28 15:13:00,1790622780,LHX,238.2050018310547,238.2050018310547,238.16000366210938,238.19000244140625,1142
2026-09-28 15:14:00,1790622840,LHX,238.14999389648438,238.14999389648438,238.11000061035156,238.11000061035156,1963
2026-09-28 15:15:00,1790622900,LHX,238.13999938964844,238.13999938964844,238.0200958251953,238.08999633789062,8415
2026-09-28 15:16:00,1790622960,LHX,238.1199951171875,238.14999389648438,238.10000610351562,238.10000610351562,1912
2026-09-28 15:17:00,1790623020,LHX,238.0800018310547,238.13999938964844,238.07879638671875,238.13999938964844,1929
2026-09-28 15:18:00,1790623080,LHX,238.14999389648438,238.3000030517578,238.14999389648438,238.3000030517578,2367
2026-09-28 15:19:00,1790623140,LHX,238.3000030517578,238.35000610351562,238.13999938964844,238.14999389648438,4023
2026-09-28 15:20:00,1790623200,LHX,238.14999389648438,238.16990661621094,237.94000244140625,237.99000549316406,4320
2026-09-28 15:21:00,1790623260,LHX,237.99000549316406,238.17999267578125,237.99000549316406,238.17999267578125,3334
2026-09-28 15:22:00,1790623320,LHX,238.19500732421875,238.19500732421875,238.1199951171875,238.1199951171875,1909
2026-09-28 15:23:00,1790623380,LHX,238.1199951171875,238.1199951171875,238.0,238.01499938964844,2664
2026-09-28 15:24:00,1790623440,LHX,238.01499938964844,238.0749969482422,237.99000549316406,238.0749969482422,2254
2026-09-28 15:25:00,1790623500,LHX,238.09800720214844,238.09970092773438,238.0500030517578,238.06500244140625,1090
2026-09-28 15:26:00,1790623560,LHX,238.06500244140625,238.0800018310547,237.9199981689453,237.9199981689453,4434
2026-09-28 15:27:00,1790623620,LHX,237.9550018310547,238.0,237.8800048828125,237.8800048828125,2136
2026-09-28 15:28:00,1790623680,LHX,237.8699951171875,237.94000244140625,237.86000061035156,237.88999938964844,2481
2026-09-28 15:29:00,1790623740,LHX,237.8800048828125,237.8800048828125,237.6999969482422,237.7550048828125,3077
2026-09-28 15:30:00,1790623800,LHX,237.77999877929688,237.8300018310547,237.625,237.68499755859375,5529
2026-09-28 15:31:00,1790623860,LHX,237.64999389648438,237.83999633789062,237.6300048828125,237.8000030517578,3874
2026-09-28 15:32:00,1790623920,LHX,237.7949981689453,237.85000610351562,237.63999938964844,237.67999267578125,5009
2026-09-28 15:33:00,1790623980,LHX,237.7100067138672,237.7100067138672,237.60000610351562,237.6300048828125,3356
2026-09-28 15:34:00,1790624040,LHX,237.6300048828125,237.77749633789062,237.60499572753906,237.71499633789062,4038
2026-09-28 15:35:00,1790624100,LHX,237.71499633789062,237.77999877929688,237.64999389648438,237.64999389648438,3339
2026-09-28 15:36:00,1790624160,LHX,237.64999389648438,237.66000366210938,237.61000061035156,237.6199951171875,5051
2026-09-28 15:37:00,1790624220,LHX,237.61000061035156,237.6199951171875,237.47999572753906,237.4949951171875,5196
2026-09-28 15:38:00,1790624280,LHX,237.49000549316406,237.69000244140625,237.47999572753906,237.65499877929688,5415
2026-09-28 15:39:00,1790624340,LHX,237.63499450683594,237.6649932861328,237.4499969482422,237.5675048828125,14857
2026-09-28 15:40:00,1790624400,LHX,237.57749938964844,237.57749938964844,237.47000122070312,237.47000122070312,1627
2026-09-28 15:41:00,1790624460,LHX,237.48379516601562,237.57000732421875,237.48379516601562,237.56500244140625,2269
2026-09-28 15:42:00,1790624520,LHX,237.56500244140625,237.72500610351562,237.56500244140625,237.67999267578125,3237
2026-09-28 15:43:00,1790624580,LHX,237.7449951171875,237.82000732421875,237.74000549316406,237.77999877929688,2665
2026-09-28 15:44:00,1790624640,LHX,237.77999877929688,237.86000061035156,237.77000427246094,237.77000427246094,4127
2026-09-28 15:45:00,1790624700,LHX,237.75999450683594,237.7899932861328,237.5,237.55999755859375,10829
2026-09-28 15:46:00,1790624760,LHX,237.5500030517578,237.66000366210938,237.5500030517578,237.60000610351562,5151
2026-09-28 15:47:00,1790624820,LHX,237.60499572753906,237.60499572753906,237.49000549316406,237.49000549316406,6133
2026-09-28 15:48:00,1790624880,LHX,237.47999572753906,237.49000549316406,237.3300018310547,237.35000610351562,4369
2026-09-28 15:49:00,1790624940,LHX,237.35499572753906,237.3699951171875,237.22999572753906,237.31500244140625,4607
2026-09-28 15:50:00,1790625000,LHX,237.3300018310547,237.66000366210938,237.27999877929688,237.60000610351562,7330
2026-09-28 15:51:00,1790625060,LHX,237.6300048828125,237.83999633789062,237.6300048828125,237.82000732421875,5002
2026-09-28 15:52:00,1790625120,LHX,237.8000030517578,237.80999755859375,237.72000122070312,237.80999755859375,5997
2026-09-28 15:53:00,1790625180,LHX,237.80999755859375,237.97000122070312,237.77999877929688,237.96499633789062,7374
2026-09-28 15:54:00,1790625240,LHX,237.97999572753906,238.0,237.8000030517578,237.8000030517578,0
2026-09-28 15:55:00,1790625300,LHX,237.77000427246094,237.77000427246094,237.69000244140625,237.72000122070312,10504
2026-09-28 15:56:00,1790625360,LHX,237.71499633789062,237.82000732421875,237.61000061035156,237.7949981689453,13247
2026-09-28 15:57:00,1790625420,LHX,237.7949981689453,237.9199981689453,237.75,237.8699951171875,19051
2026-09-28 15:58:00,1790625480,LHX,237.85000610351562,238.0399932861328,237.8300018310547,237.97999572753906,28771
2026-09-28 15:59:00,1790625540,LHX,237.98500061035156,237.99000549316406,237.64999389648438,237.6999969482422,48439
2026-09-28 16:00:00,1790625600,LHX,237.6999969482422,237.6999969482422,237.6999969482422,237.6999969482422,0
2026-09-29 09:30:00,1790688600,LHX,236.36000061035156,237.25999450683594,236.0,237.23500061035156,15013
2026-09-29 09:31:00,1790688660,LHX,236.6699981689453,236.6699981689453,236.6699981689453,236.6699981689453,149
2026-09-29 09:32:00,1790688720,LHX,236.73500061035156,237.07000732421875,236.73500061035156,236.97000122070312,609
2026-09-29 09:33:00,1790688780,LHX,237.05999755859375,237.05999755859375,236.97999572753906,237.05999755859375,842
2026-09-29 09:34:00,1790688840,LHX,236.72500610351562,237.0,236.72500610351562,237.0,121
2026-09-29 09:35:00,1790688900,LHX,236.3800048828125,236.72999572753906,236.3699951171875,236.37010192871094,2141
2026-09-29 09:37:00,1790689020,LHX,236.36000061035156,236.4949951171875,236.32000732421875,236.4499969482422,1423
2026-09-29 09:38:00,1790689080,LHX,236.67999267578125,236.96180725097656,236.67999267578125,236.75,1002
2026-09-29 09:39:00,1790689140,LHX,237.0,237.1300048828125,236.74000549316406,237.1300048828125,1182
2026-09-29 09:40:00,1790689200,LHX,237.00860595703125,237.5500030517578,236.8350067138672,236.8350067138672,1292
2026-09-29 09:41:00,1790689260,LHX,236.8699951171875,237.4199981689453,236.8699951171875,237.4199981689453,940
2026-09-29 09:42:00,1790689320,LHX,237.55999755859375,238.22999572753906,237.33099365234375,238.22999572753906,1388
2026-09-29 09:43:00,1790689380,LHX,238.61000061035156,238.61000061035156,238.1699981689453,238.1699981689453,239
2026-09-29 09:44:00,1790689440,LHX,237.8159942626953,238.1165008544922,237.8159942626953,238.1165008544922,1098
2026-09-29 09:45:00,1790689500,LHX,238.1750030517578,238.1750030517578,238.1750030517578,238.1750030517578,184
2026-09-29 09:46:00,1790689560,LHX,237.97999572753906,237.97999572753906,237.70010375976562,237.85000610351562,1278
2026-09-29 09:48:00,1790689680,LHX,237.55999755859375,237.55999755859375,237.1699981689453,237.27000427246094,3684
2026-09-29 09:49:00,1790689740,LHX,237.30445861816406,237.5500030517578,237.1999969482422,237.5500030517578,2816
2026-09-29 09:50:00,1790689800,LHX,237.6999969482422,237.6999969482422,237.4499969482422,237.4600067138672,1514
2026-09-29 09:51:00,1790689860,LHX,237.41000366210938,237.44000244140625,237.14999389648438,237.38999938964844,1133
2026-09-29 09:52:00,1790689920,LHX,237.38999938964844,237.55999755859375,237.38499450683594,237.55999755859375,1392
2026-09-29 09:53:00,1790689980,LHX,237.4481964111328,237.66000366210938,237.33999633789062,237.33999633789062,903
2026-09-29 09:54:00,1790690040,LHX,237.47999572753906,237.47999572753906,236.89999389648438,236.89999389648438,1132
2026-09-29 09:55:00,1790690100,LHX,236.88999938964844,237.2100067138672,236.74000549316406,237.02000427246094,2503
2026-09-29 09:56:00,1790690160,LHX,237.49000549316406,237.5399932861328,237.49000549316406,237.5399932861328,275
2026-09-29 09:57:00,1790690220,LHX,237.5,237.5,237.2899932861328,237.49000549316406,1104
2026-09-29 09:58:00,1790690280,LHX,237.48500061035156,237.48500061035156,237.1199951171875,237.13999938964844,1072
2026-09-29 09:59:00,1790690340,LHX,237.13999938964844,237.25,236.94000244140625,237.25,1512
2026-09-29 10:00:00,1790690400,LHX,237.14500427246094,239.36000061035156,237.14500427246094,238.32000732421875,30470
2026-09-29 10:01:00,1790690460,LHX,237.9600067138672,238.1999053955078,237.63999938964844,237.9600067138672,11048
2026-09-29 10:02:00,1790690520,LHX,237.9600067138672,238.14999389648438,237.77999877929688,237.85000610351562,2097
2026-09-29 10:03:00,1790690580,LHX,237.8800048828125,238.3249969482422,237.875,238.14999389648438,3515
2026-09-29 10:04:00,1790690640,LHX,238.2100067138672,238.2100067138672,238.2100067138672,238.2100067138672,811
2026-09-29 10:05:00,1790690700,LHX,238.2100067138672,238.3072052001953,238.2100067138672,238.3072052001953,638
2026-09-29 10:06:00,1790690760,LHX,238.22000122070312,238.4199981689453,238.22000122070312,238.27499389648438,1758
2026-09-29 10:07:00,1790690820,LHX,238.27999877929688,238.2899932861328,237.56100463867188,237.9149932861328,7527
2026-09-29 10:08:00,1790690880,LHX,237.9199981689453,237.9600067138672,237.9149932861328,237.9600067138672,493
2026-09-29 10:09:00,1790690940,LHX,237.9199981689453,238.33999633789062,237.9199981689453,238.26499938964844,1584
2026-09-29 10:10:00,1790691000,LHX,238.4199981689453,238.4199981689453,237.91000366210938,237.91000366210938,1130
2026-09-29 10:11:00,1790691060,LHX,237.96499633789062,238.2050018310547,237.96499633789062,237.99000549316406,2039
2026-09-29 10:12:00,1790691120,LHX,237.97999572753906,237.97999572753906,237.77999877929688,237.9600067138672,850
2026-09-29 10:13:00,1790691180,LHX,238.0800018310547,238.14999389648438,237.79600524902344,238.14999389648438,1105
2026-09-29 10:14:00,1790691240,LHX,237.82000732421875,237.94000244140625,237.76499938964844,237.94000244140625,2371
2026-09-29 10:15:00,1790691300,LHX,238.13999938964844,238.13999938964844,237.76499938964844,237.86000061035156,5016
2026-09-29 10:16:00,1790691360,LHX,237.80999755859375,237.8303985595703,237.52999877929688,237.5399932861328,5205
2026-09-29 10:17:00,1790691420,LHX,237.74000549316406,237.75,237.5500030517578,237.71499633789062,1654
2026-09-29 10:18:00,1790691480,LHX,237.68499755859375,237.69500732421875,237.50999450683594,237.6649932861328,2576
2026-09-29 10:19:00,1790691540,LHX,237.6300048828125,237.63999938964844,237.47999572753906,237.55999755859375,1822
2026-09-29 10:20:00,1790691600,LHX,237.61000061035156,237.82000732421875,237.61000061035156,237.6699981689453,2076
2026-09-29 10:21:00,1790691660,LHX,237.49009704589844,237.6649932861328,237.49009704589844,237.66000366210938,1098
2026-09-29 10:22:00,1790691720,LHX,237.52999877929688,237.52999877929688,237.11500549316406,237.11500549316406,2253
2026-09-29 10:23:00,1790691780,LHX,237.05999755859375,237.14500427246094,236.8800048828125,236.8800048828125,1129
2026-09-29 10:24:00,1790691840,LHX,236.8699951171875,237.02000427246094,236.73049926757812,236.9550018310547,2830
2026-09-29 10:25:00,1790691900,LHX,237.0399932861328,237.17999267578125,237.0399932861328,237.17999267578125,1350
2026-09-29 10:27:00,1790692020,LHX,237.14999389648438,237.27999877929688,237.1199951171875,237.27749633789062,1426
2026-09-29 10:28:00,1790692080,LHX,237.1199951171875,237.35000610351562,236.97999572753906,237.05999755859375,3207
2026-09-29 10:29:00,1790692140,LHX,237.0050048828125,237.0050048828125,236.9550018310547,236.9550018310547,305
2026-09-29 10:30:00,1790692200,LHX,237.11000061035156,237.1300048828125,237.05250549316406,237.0800018310547,897
2026-09-29 10:31:00,1790692260,LHX,237.0091094970703,237.03500366210938,236.55499267578125,236.55499267578125,1865
2026-09-29 10:32:00,1790692320,LHX,236.49000549316406,236.49000549316406,236.2899932861328,236.42999267578125,5485
2026-09-29 10:33:00,1790692380,LHX,236.60000610351562,236.6699981689453,236.4387969970703,236.5399932861328,1679
2026-09-29 10:34:00,1790692440,LHX,236.6300048828125,236.7899932861328,236.61500549316406,236.72999572753906,711
2026-09-29 10:35:00,1790692500,LHX,236.97039794921875,236.97039794921875,236.57000732421875,236.78500366210938,2880
2026-09-29 10:36:00,1790692560,LHX,236.9427947998047,236.9427947998047,236.69000244140625,236.72000122070312,1670
2026-09-29 10:37:00,1790692620,LHX,236.78919982910156,236.78919982910156,236.78919982910156,236.78919982910156,135
2026-09-29 10:38:00,1790692680,LHX,236.72999572753906,236.875,236.50999450683594,236.6199951171875,2127
2026-09-29 10:39:00,1790692740,LHX,236.64999389648438,236.7100067138672,236.58999633789062,236.58999633789062,1968
2026-09-29 10:40:00,1790692800,LHX,236.68499755859375,236.8699951171875,236.6199951171875,236.6300048828125,2141
2026-09-29 10:41:00,1790692860,LHX,236.60000610351562,236.60000610351562,236.60000610351562,236.60000610351562,458
2026-09-29 10:42:00,1790692920,LHX,236.52000427246094,236.80999755859375,236.47000122070312,236.80999755859375,3234
2026-09-29 10:43:00,1790692980,LHX,236.60000610351562,236.89500427246094,236.60000610351562,236.89500427246094,825
2026-09-29 10:44:00,1790693040,LHX,236.89500427246094,237.3137969970703,236.89500427246094,237.24000549316406,1482
2026-09-29 10:45:00,1790693100,LHX,237.0417022705078,237.10000610351562,236.81509399414062,236.98500061035156,1783
2026-09-29 10:46:00,1790693160,LHX,236.7899932861328,236.89500427246094,236.75010681152344,236.75010681152344,1522
2026-09-29 10:47:00,1790693220,LHX,236.82139587402344,237.125,236.82139587402344,236.97000122070312,1516
2026-09-29 10:48:00,1790693280,LHX,237.03500366210938,237.0399932861328,236.8800048828125,236.88999938964844,2037
2026-09-29 10:49:00,1790693340,LHX,236.83999633789062,236.83999633789062,236.7550048828125,236.8300018310547,1627
2026-09-29 10:50:00,1790693400,LHX,236.8249969482422,236.88999938964844,236.7100067138672,236.85000610351562,1953
2026-09-29 10:51:00,1790693460,LHX,236.85000610351562,236.85000610351562,236.66000366210938,236.67999267578125,1184
2026-09-29 10:52:00,1790693520,LHX,236.74000549316406,236.80999755859375,236.60000610351562,236.75,4550
2026-09-29 10:53:00,1790693580,LHX,236.69500732421875,236.8000030517578,236.69500732421875,236.71499633789062,727
2026-09-29 10:54:00,1790693640,LHX,236.8300018310547,236.97999572753906,236.74000549316406,236.74000549316406,1393
2026-09-29 10:55:00,1790693700,LHX,236.8699951171875,236.8699951171875,236.8300018310547,236.8300018310547,191
2026-09-29 10:56:00,1790693760,LHX,236.76010131835938,236.9499969482422,236.76010131835938,236.941162109375,2209
2026-09-29 10:57:00,1790693820,LHX,237.02999877929688,237.08999633789062,236.91000366210938,236.91000366210938,2886
2026-09-29 10:58:00,1790693880,LHX,236.8300018310547,236.8300018310547,236.80999755859375,236.80999755859375,371
2026-09-29 10:59:00,1790693940,LHX,236.80999755859375,236.8699951171875,236.5800018310547,236.5800018310547,2368
2026-09-29 11:00:00,1790694000,LHX,236.60499572753906,236.60499572753906,236.38999938964844,236.40499877929688,1436
2026-09-29 11:01:00,1790694060,LHX,236.3300018310547,236.44000244140625,236.3300018310547,236.33999633789062,586
2026-09-29 11:02:00,1790694120,LHX,236.3699951171875,236.3699951171875,236.1699981689453,236.22999572753906,2694
2026-09-29 11:03:00,1790694180,LHX,236.2899932861328,236.2899932861328,236.23500061035156,236.27999877929688,1051
2026-09-29 11:04:00,1790694240,LHX,236.2899932861328,236.5749969482422,236.2899932861328,236.57249450683594,1570
2026-09-29 11:05:00,1790694300,LHX,236.55999755859375,236.61000061035156,236.50999450683594,236.60499572753906,2341
2026-09-29 11:06:00,1790694360,LHX,236.58749389648438,236.58749389648438,236.4600067138672,236.52000427246094,1011
2026-09-29 11:07:00,1790694420,LHX,236.55999755859375,236.55999755859375,236.41000366210938,236.4600067138672,934
2026-09-29 11:08:00,1790694480,LHX,236.5500030517578,236.67999267578125,236.5500030517578,236.67999267578125,317
2026-09-29 11:09:00,1790694540,LHX,236.63999938964844,236.63999938964844,236.47000122070312,236.5500030517578,3504
2026-09-29 11:10:00,1790694600,LHX,236.4499969482422,236.6199951171875,236.41000366210938,236.6199951171875,2453
2026-09-29 11:11:00,1790694660,LHX,236.6199951171875,236.62510681152344,236.6199951171875,236.62510681152344,616
2026-09-29 11:12:00,1790694720,LHX,236.5500030517578,236.57000732421875,236.41000366210938,236.41000366210938,3035
2026-09-29 11:13:00,1790694780,LHX,236.41000366210938,236.41000366210938,236.24000549316406,236.41000366210938,1801
2026-09-29 11:14:00,1790694840,LHX,236.30999755859375,236.30999755859375,236.17999267578125,236.22000122070312,1713
2026-09-29 11:15:00,1790694900,LHX,236.28500366210938,236.2949981689453,236.28500366210938,236.2949981689453,430
2026-09-29 11:16:00,1790694960,LHX,236.31500244140625,236.31500244140625,236.0449981689453,236.0500030517578,3949
2026-09-29 11:17:00,1790695020,LHX,236.0800018310547,236.09500122070312,236.03500366210938,236.05799865722656,1555
2026-09-29 11:18:00,1790695080,LHX,236.03500366210938,236.2100067138672,236.02999877929688,236.2100067138672,2227
2026-09-29 11:19:00,1790695140,LHX,236.16000366210938,236.25770568847656,236.10499572753906,236.17999267578125,2178
2026-09-29 11:20:00,1790695200,LHX,236.17999267578125,236.17999267578125,236.10000610351562,236.10000610351562,1024
2026-09-29 11:21:00,1790695260,LHX,236.02999877929688,236.0850067138672,236.0,236.0,1543
2026-09-29 11:22:00,1790695320,LHX,236.00999450683594,236.00999450683594,235.97999572753906,235.99000549316406,3478
2026-09-29 11:23:00,1790695380,LHX,236.0,236.05999755859375,235.9600067138672,236.05999755859375,907
2026-09-29 11:24:00,1790695440,LHX,236.10000610351562,236.22000122070312,236.0800018310547,236.0800018310547,1695
2026-09-29 11:25:00,1790695500,LHX,236.22000122070312,236.22000122070312,236.0800018310547,236.13999938964844,2566
2026-09-29 11:26:00,1790695560,LHX,236.13999938964844,236.19000244140625,236.1199951171875,236.19000244140625,1641
2026-09-29 11:27:00,1790695620,LHX,236.13999938964844,236.13999938964844,236.13999938964844,236.13999938964844,179
2026-09-29 11:28:00,1790695680,LHX,236.0800018310547,236.0800018310547,236.0800018310547,236.0800018310547,592
2026-09-29 11:29:00,1790695740,LHX,236.0399932861328,236.0399932861328,236.02999877929688,236.02999877929688,845
2026-09-29 11:30:00,1790695800,LHX,236.10499572753906,236.10499572753906,236.10499572753906,236.10499572753906,900
2026-09-29 11:31:00,1790695860,LHX,236.02499389648438,236.11000061035156,236.02499389648438,236.11000061035156,1476
2026-09-29 11:32:00,1790695920,LHX,236.11500549316406,236.11500549316406,236.02999877929688,236.02999877929688,1155
2026-09-29 11:33:00,1790695980,LHX,236.00999450683594,236.00999450683594,235.9600067138672,235.9600067138672,3698
2026-09-29 11:34:00,1790696040,LHX,235.9600067138672,236.13999938964844,235.9600067138672,236.0399932861328,3172
2026-09-29 11:35:00,1790696100,LHX,236.08999633789062,236.1999969482422,236.08999633789062,236.16000366210938,1439
2026-09-29 11:36:00,1790696160,LHX,236.25999450683594,236.47000122070312,236.25999450683594,236.3903045654297,1565
2026-09-29 11:37:00,1790696220,LHX,236.42999267578125,236.5,236.42999267578125,236.4499969482422,848
2026-09-29 11:38:00,1790696280,LHX,236.5399932861328,236.69000244140625,236.5399932861328,236.69000244140625,575
2026-09-29 11:39:00,1790696340,LHX,236.67999267578125,236.75,236.63999938964844,236.6750030517578,958
2026-09-29 11:40:00,1790696400,LHX,236.7100067138672,236.75999450683594,236.7100067138672,236.75999450683594,672
2026-09-29 11:41:00,1790696460,LHX,236.74000549316406,236.82000732421875,236.6074981689453,236.6074981689453,1671
2026-09-29 11:42:00,1790696520,LHX,236.66000366210938,236.7899932861328,236.64999389648438,236.7899932861328,673
2026-09-29 11:43:00,1790696580,LHX,236.86000061035156,236.86000061035156,236.78500366210938,236.78500366210938,611
2026-09-29 11:44:00,1790696640,LHX,236.84500122070312,237.0345001220703,236.84500122070312,237.02999877929688,1742
2026-09-29 11:45:00,1790696700,LHX,237.02499389648438,237.02999877929688,236.88999938964844,236.88999938964844,805
2026-09-29 11:46:00,1790696760,LHX,236.9600067138672,236.9600067138672,236.81069946289062,236.81069946289062,635
2026-09-29 11:47:00,1790696820,LHX,236.8300018310547,237.0,236.77999877929688,236.86000061035156,4624
2026-09-29 11:48:00,1790696880,LHX,236.75999450683594,236.82000732421875,236.75999450683594,236.80999755859375,1258
2026-09-29 11:49:00,1790696940,LHX,236.94000244140625,236.97999572753906,236.86500549316406,236.86500549316406,1944
2026-09-29 11:50:00,1790697000,LHX,236.7899932861328,236.7899932861328,236.67999267578125,236.67999267578125,1265
2026-09-29 11:51:00,1790697060,LHX,236.64999389648438,236.7100067138672,236.6199951171875,236.6199951171875,1781
2026-09-29 11:52:00,1790697120,LHX,236.69000244140625,236.69000244140625,236.58999633789062,236.58999633789062,591
2026-09-29 11:53:00,1790697180,LHX,236.69000244140625,236.69000244140625,236.66000366210938,236.66900634765625,511
2026-09-29 11:54:00,1790697240,LHX,236.6750030517578,236.6750030517578,236.6750030517578,236.6750030517578,661
2026-09-29 11:55:00,1790697300,LHX,236.6750030517578,236.67999267578125,236.6750030517578,236.67999267578125,597
2026-09-29 11:56:00,1790697360,LHX,236.6750030517578,236.7899932861328,236.6750030517578,236.78500366210938,4946
2026-09-29 11:57:00,1790697420,LHX,236.80999755859375,236.80999755859375,236.67999267578125,236.6999969482422,872
2026-09-29 11:58:00,1790697480,LHX,236.77000427246094,236.77000427246094,236.6999969482422,236.6999969482422,1107
2026-09-29 11:59:00,1790697540,LHX,236.74000549316406,236.7550048828125,236.74000549316406,236.7550048828125,674
2026-09-29 12:00:00,1790697600,LHX,236.75999450683594,236.75999450683594,236.72000122070312,236.72000122070312,629
2026-09-29 12:01:00,1790697660,LHX,236.7447052001953,236.8300018310547,236.6699981689453,236.6699981689453,1268
2026-09-29 12:02:00,1790697720,LHX,236.64500427246094,236.69000244140625,236.64500427246094,236.64500427246094,1484
2026-09-29 12:03:00,1790697780,LHX,236.64500427246094,236.6999969482422,236.5679931640625,236.5679931640625,3610
2026-09-29 12:04:00,1790697840,LHX,236.60000610351562,236.64999389648438,236.59500122070312,236.63999938964844,1499
2026-09-29 12:05:00,1790697900,LHX,236.63499450683594,236.63499450683594,236.63499450683594,236.63499450683594,1473
2026-09-29 12:06:00,1790697960,LHX,236.63999938964844,236.63999938964844,236.63999938964844,236.63999938964844,961
2026-09-29 12:07:00,1790698020,LHX,236.7100067138672,236.75999450683594,236.7100067138672,236.72000122070312,1208
2026-09-29 12:08:00,1790698080,LHX,236.69000244140625,236.86199951171875,236.6699981689453,236.86199951171875,1891
2026-09-29 12:09:00,1790698140,LHX,236.8000030517578,236.8000030517578,236.77999877929688,236.77999877929688,841
2026-09-29 12:10:00,1790698200,LHX,236.77999877929688,236.78500366210938,236.72000122070312,236.77999877929688,1279
2026-09-29 12:11:00,1790698260,LHX,236.69000244140625,236.82000732421875,236.69000244140625,236.77999877929688,1396
2026-09-29 12:12:00,1790698320,LHX,236.6999969482422,236.73500061035156,236.64999389648438,236.67010498046875,2516
2026-09-29 12:13:00,1790698380,LHX,236.74000549316406,236.74000549316406,236.6699981689453,236.7050018310547,1333
2026-09-29 12:14:00,1790698440,LHX,236.61000061035156,236.69500732421875,236.61000061035156,236.69500732421875,920
2026-09-29 12:15:00,1790698500,LHX,236.65530395507812,236.7050018310547,236.6199951171875,236.7050018310547,663
2026-09-29 12:16:00,1790698560,LHX,236.7100067138672,236.7899932861328,236.7100067138672,236.71499633789062,1076
2026-09-29 12:17:00,1790698620,LHX,236.7050018310547,236.71499633789062,236.64999389648438,236.69000244140625,1609
2026-09-29 12:18:00,1790698680,LHX,236.64999389648438,236.6649932861328,236.61000061035156,236.6649932861328,1696
2026-09-29 12:19:00,1790698740,LHX,236.60000610351562,236.72999572753906,236.60000610351562,236.66000366210938,2404
2026-09-29 12:20:00,1790698800,LHX,236.66635131835938,236.66635131835938,236.6226043701172,236.6226043701172,289
2026-09-29 12:21:00,1790698860,LHX,236.69009399414062,236.69009399414062,236.5500030517578,236.5500030517578,2100
2026-09-29 12:22:00,1790698920,LHX,236.5500030517578,236.60000610351562,236.5500030517578,236.58999633789062,1195
2026-09-29 12:23:00,1790698980,LHX,236.54010009765625,236.7100067138672,236.54010009765625,236.66000366210938,3220
2026-09-29 12:24:00,1790699040,LHX,236.74000549316406,236.74000549316406,236.62249755859375,236.6649932861328,864
2026-09-29 12:25:00,1790699100,LHX,236.6649932861328,236.6750030517578,236.66000366210938,236.6750030517578,1882
2026-09-29 12:26:00,1790699160,LHX,236.6750030517578,236.75,236.5,236.50999450683594,2318
2026-09-29 12:27:00,1790699220,LHX,236.55929565429688,236.61000061035156,236.52499389648438,236.57000732421875,1634
2026-09-29 12:28:00,1790699280,LHX,236.57000732421875,236.6199951171875,236.50010681152344,236.5749969482422,3019
2026-09-29 12:29:00,1790699340,LHX,236.6300048828125,236.6300048828125,236.4989013671875,236.4989013671875,2042
2026-09-29 12:30:00,1790699400,LHX,236.53500366210938,236.53500366210938,236.4199981689453,236.4199981689453,587
2026-09-29 12:31:00,1790699460,LHX,236.47500610351562,236.47500610351562,236.36500549316406,236.38499450683594,1146
2026-09-29 12:32:00,1790699520,LHX,236.375,236.47000122070312,236.2700958251953,236.2700958251953,2971
2026-09-29 12:33:00,1790699580,LHX,236.38499450683594,236.47000122070312,236.3800048828125,236.3800048828125,2567
2026-09-29 12:34:00,1790699640,LHX,236.38499450683594,236.38999938964844,236.38499450683594,236.38999938964844,1185
2026-09-29 12:35:00,1790699700,LHX,236.39500427246094,236.47000122070312,236.39500427246094,236.43499755859375,731
2026-09-29 12:36:00,1790699760,LHX,236.43499755859375,236.47000122070312,236.43499755859375,236.46499633789062,825
2026-09-29 12:37:00,1790699820,LHX,236.44000244140625,236.44000244140625,236.35899353027344,236.3699951171875,2039
2026-09-29 12:38:00,1790699880,LHX,236.375,236.4499969482422,236.3699951171875,236.42999267578125,2421
2026-09-29 12:39:00,1790699940,LHX,236.4010009765625,236.5,236.39999389648438,236.44000244140625,3358
2026-09-29 12:40:00,1790700000,LHX,236.44000244140625,236.44000244140625,236.38499450683594,236.44000244140625,722
2026-09-29 12:41:00,1790700060,LHX,236.44500732421875,236.5,236.44500732421875,236.44500732421875,1493
2026-09-29 12:42:00,1790700120,LHX,236.5,236.5,236.4499969482422,236.4499969482422,470
2026-09-29 12:43:00,1790700180,LHX,236.5,236.5,236.4499969482422,236.4550018310547,1045
2026-09-29 12:44:00,1790700240,LHX,236.4550018310547,236.4550018310547,236.41000366210938,236.4550018310547,1157
2026-09-29 12:45:00,1790700300,LHX,236.4550018310547,236.5,236.3000030517578,236.3350067138672,1869
2026-09-29 12:46:00,1790700360,LHX,236.33999633789062,236.39999389648438,236.33999633789062,236.3699951171875,1376
2026-09-29 12:47:00,1790700420,LHX,236.3699951171875,236.3699951171875,236.36500549316406,236.3699951171875,903
2026-09-29 12:48:00,1790700480,LHX,236.4499969482422,236.52999877929688,236.4499969482422,236.52999877929688,1852
2026-09-29 12:49:00,1790700540,LHX,236.5399932861328,236.5399932861328,236.39999389648438,236.40499877929688,2006
2026-09-29 12:50:00,1790700600,LHX,236.40499877929688,236.41439819335938,236.40499877929688,236.41000366210938,1295
2026-09-29 12:51:00,1790700660,LHX,236.4600067138672,236.54989624023438,236.41000366210938,236.4600067138672,1951
2026-09-29 12:52:00,1790700720,LHX,236.38999938964844,236.4600067138672,236.38999938964844,236.4600067138672,705
2026-09-29 12:53:00,1790700780,LHX,236.4550018310547,236.47999572753906,236.4550018310547,236.47999572753906,761
2026-09-29 12:54:00,1790700840,LHX,236.5345001220703,236.5345001220703,236.47999572753906,236.47999572753906,776
2026-09-29 12:55:00,1790700900,LHX,236.47999572753906,236.47999572753906,236.3350067138672,236.4250030517578,1843
2026-09-29 12:56:00,1790700960,LHX,236.4250030517578,236.4250030517578,236.39999389648438,236.39999389648438,692
2026-09-29 12:57:00,1790701020,LHX,236.4250030517578,236.50999450683594,236.4250030517578,236.5,666
2026-09-29 12:58:00,1790701080,LHX,236.5,236.55999755859375,236.5,236.50999450683594,3060
2026-09-29 12:59:00,1790701140,LHX,236.4600067138672,236.4600067138672,236.3699951171875,236.3699951171875,1518
2026-09-29 13:00:00,1790701200,LHX,236.3300018310547,236.47999572753906,236.3300018310547,236.44500732421875,1506
2026-09-29 13:01:00,1790701260,LHX,236.44000244140625,236.44000244140625,236.39999389648438,236.39999389648438,710
2026-09-29 13:02:00,1790701320,LHX,236.33999633789062,236.4199981689453,236.27499389648438,236.27999877929688,2064
2026-09-29 13:03:00,1790701380,LHX,236.27999877929688,236.35000610351562,236.1999969482422,236.1999969482422,2931
2026-09-29 13:04:00,1790701440,LHX,236.28399658203125,236.28399658203125,236.1959991455078,236.23500061035156,926
2026-09-29 13:05:00,1790701500,LHX,236.2449951171875,236.32000732421875,235.72999572753906,235.89999389648438,6951
2026-09-29 13:06:00,1790701560,LHX,235.9199981689453,235.97999572753906,235.91000366210938,235.92999267578125,1375
2026-09-29 13:07:00,1790701620,LHX,235.93499755859375,236.0,235.93499755859375,235.94000244140625,1257
2026-09-29 13:08:00,1790701680,LHX,235.94500732421875,235.9600067138672,235.94500732421875,235.9550018310547,899
2026-09-29 13:09:00,1790701740,LHX,235.96499633789062,235.96499633789062,235.82000732421875,235.8300018310547,1887
2026-09-29 13:10:00,1790701800,LHX,235.82000732421875,235.8300018310547,235.82000732421875,235.82000732421875,1067
2026-09-29 13:11:00,1790701860,LHX,235.91000366210938,235.92999267578125,235.8699951171875,235.875,1469
2026-09-29 13:12:00,1790701920,LHX,235.8406982421875,235.8800048828125,235.8406982421875,235.8800048828125,953
2026-09-29 13:13:00,1790701980,LHX,235.8800048828125,235.92999267578125,235.85000610351562,235.85000610351562,4421
2026-09-29 13:14:00,1790702040,LHX,235.84500122070312,235.84500122070312,235.8000030517578,235.8000030517578,976
2026-09-29 13:15:00,1790702100,LHX,235.8699951171875,235.8699951171875,235.6999969482422,235.72000122070312,1327
2026-09-29 13:16:00,1790702160,LHX,235.6999969482422,235.8000030517578,235.69000244140625,235.77499389648438,2494
2026-09-29 13:17:00,1790702220,LHX,235.80999755859375,235.80999755859375,235.7550048828125,235.80999755859375,337
2026-09-29 13:18:00,1790702280,LHX,235.76499938964844,235.83999633789062,235.76499938964844,235.7899932861328,1780
2026-09-29 13:19:00,1790702340,LHX,235.7899932861328,235.82249450683594,235.77000427246094,235.77000427246094,1100
2026-09-29 13:20:00,1790702400,LHX,235.77499389648438,235.77499389648438,235.64500427246094,235.64999389648438,1978
2026-09-29 13:21:00,1790702460,LHX,235.63499450683594,235.72000122070312,235.63499450683594,235.6750030517578,882
2026-09-29 13:22:00,1790702520,LHX,235.74000549316406,235.74839782714844,235.69500732421875,235.74839782714844,1250
2026-09-29 13:23:00,1790702580,LHX,235.75,235.98500061035156,235.75,235.875,12793
2026-09-29 13:24:00,1790702640,LHX,235.875,235.875,235.84640502929688,235.84640502929688,498
2026-09-29 13:25:00,1790702700,LHX,235.97999572753906,235.97999572753906,235.89500427246094,235.89500427246094,293
2026-09-29 13:26:00,1790702760,LHX,235.9499969482422,235.9499969482422,235.90499877929688,235.90499877929688,522
2026-09-29 13:27:00,1790702820,LHX,235.9199981689453,235.9199981689453,235.9199981689453,235.9199981689453,550
2026-09-29 13:28:00,1790702880,LHX,235.8300018310547,235.94000244140625,235.82000732421875,235.89500427246094,862
2026-09-29 13:29:00,1790702940,LHX,235.9600067138672,236.00320434570312,235.92999267578125,236.00320434570312,1040
2026-09-29 13:30:00,1790703000,LHX,235.99000549316406,236.02000427246094,235.9199981689453,235.9499969482422,3371
2026-09-29 13:31:00,1790703060,LHX,235.9600067138672,236.02999877929688,235.92999267578125,235.92999267578125,1954
2026-09-29 13:32:00,1790703120,LHX,235.9199981689453,235.9687957763672,235.83999633789062,235.85000610351562,3174
2026-09-29 13:33:00,1790703180,LHX,235.91000366210938,235.9199981689453,235.85000610351562,235.88499450683594,1314
2026-09-29 13:34:00,1790703240,LHX,235.9199981689453,236.0500030517578,235.89500427246094,236.02999877929688,7103
2026-09-29 13:35:00,1790703300,LHX,236.02999877929688,236.02999877929688,235.8699951171875,235.94000244140625,5878
2026-09-29 13:36:00,1790703360,LHX,235.9250030517578,236.27000427246094,235.9250030517578,236.21499633789062,8900
2026-09-29 13:38:00,1790703480,LHX,236.22000122070312,236.3300018310547,236.22000122070312,236.32000732421875,866
2026-09-29 13:39:00,1790703540,LHX,236.25,236.35000610351562,236.24000549316406,236.2949981689453,1497
2026-09-29 13:40:00,1790703600,LHX,236.2949981689453,236.41000366210938,236.2899932861328,236.40899658203125,6931
2026-09-29 13:41:00,1790703660,LHX,236.2899932861328,236.2899932861328,236.16000366210938,236.27000427246094,5535
2026-09-29 13:42:00,1790703720,LHX,236.27000427246094,236.4499969482422,236.16000366210938,236.2899932861328,12322
2026-09-29 13:43:00,1790703780,LHX,236.22999572753906,236.39999389648438,236.22999572753906,236.33999633789062,4404
2026-09-29 13:44:00,1790703840,LHX,236.33999633789062,236.3450927734375,236.24000549316406,236.34500122070312,4960
2026-09-29 13:45:00,1790703900,LHX,236.35000610351562,236.35499572753906,236.3000946044922,236.3000946044922,424
2026-09-29 13:46:00,1790703960,LHX,236.35499572753906,236.4499969482422,236.35000610351562,236.43359375,2443
2026-09-29 13:47:00,1790704020,LHX,236.30999755859375,236.38499450683594,236.2209014892578,236.3800048828125,1634
2026-09-29 13:48:00,1790704080,LHX,236.4199981689453,236.4600067138672,236.27000427246094,236.30499267578125,3909
2026-09-29 13:49:00,1790704140,LHX,236.25999450683594,236.42999267578125,236.25999450683594,236.30999755859375,4039
2026-09-29 13:50:00,1790704200,LHX,236.30999755859375,236.42999267578125,236.30999755859375,236.35499572753906,2079
2026-09-29 13:51:00,1790704260,LHX,236.32000732421875,236.39500427246094,236.32000732421875,236.39500427246094,729
2026-09-29 13:52:00,1790704320,LHX,236.41000366210938,236.44000244140625,236.33999633789062,236.33999633789062,3879
2026-09-29 13:53:00,1790704380,LHX,236.3350067138672,236.33999633789062,236.25999450683594,236.25999450683594,1043
2026-09-29 13:54:00,1790704440,LHX,236.27999877929688,236.33999633789062,236.22000122070312,236.25999450683594,2872
2026-09-29 13:55:00,1790704500,LHX,236.2550048828125,236.25999450683594,236.25250244140625,236.25999450683594,1001
2026-09-29 13:56:00,1790704560,LHX,236.25999450683594,236.39999389648438,236.2100067138672,236.39999389648438,5144
2026-09-29 13:57:00,1790704620,LHX,236.39999389648438,236.4199981689453,236.39999389648438,236.40499877929688,613
2026-09-29 13:58:00,1790704680,LHX,236.4199981689453,236.4199981689453,236.25,236.25,1259
2026-09-29 13:59:00,1790704740,LHX,236.3300018310547,236.35000610351562,236.3300018310547,236.35000610351562,768
2026-09-29 14:00:00,1790704800,LHX,236.39999389648438,236.47000122070312,236.19000244140625,236.22000122070312,18604
2026-09-29 14:01:00,1790704860,LHX,236.22500610351562,236.22500610351562,236.0,236.10000610351562,5685
2026-09-29 14:02:00,1790704920,LHX,236.05499267578125,236.2100067138672,236.00999450683594,236.13999938964844,4523
2026-09-29 14:03:00,1790704980,LHX,236.1999969482422,236.2447052001953,236.05999755859375,236.08709716796875,1951
2026-09-29 14:04:00,1790705040,LHX,236.05499267578125,236.24000549316406,236.05499267578125,236.22999572753906,3557
2026-09-29 14:05:00,1790705100,LHX,236.1699981689453,236.2100067138672,236.11000061035156,236.15499877929688,1654
2026-09-29 14:06:00,1790705160,LHX,236.02000427246094,236.02000427246094,235.75999450683594,235.80499267578125,1348
2026-09-29 14:07:00,1790705220,LHX,235.77999877929688,235.77999877929688,235.61000061035156,235.6300048828125,1854
2026-09-29 14:08:00,1790705280,LHX,235.63499450683594,235.74000549316406,235.63499450683594,235.63999938964844,2300
2026-09-29 14:09:00,1790705340,LHX,235.60000610351562,235.67999267578125,235.5800018310547,235.5800018310547,1294
2026-09-29 14:10:00,1790705400,LHX,235.5,235.6649932861328,235.5,235.6649932861328,1435
2026-09-29 14:11:00,1790705460,LHX,235.77000427246094,235.77000427246094,235.6750030517578,235.67999267578125,906
2026-09-29 14:12:00,1790705520,LHX,235.6750030517578,235.6750030517578,235.40499877929688,235.4199981689453,3774
2026-09-29 14:13:00,1790705580,LHX,235.4199981689453,235.66000366210938,235.4199981689453,235.5800018310547,2975
2026-09-29 14:14:00,1790705640,LHX,235.72999572753906,235.72999572753906,235.50070190429688,235.5749969482422,673
2026-09-29 14:15:00,1790705700,LHX,235.41000366210938,235.4550018310547,235.35009765625,235.4550018310547,1892
2026-09-29 14:16:00,1790705760,LHX,235.4550018310547,235.49000549316406,235.35000610351562,235.42999267578125,1631
2026-09-29 14:17:00,1790705820,LHX,235.44859313964844,235.44859313964844,235.27000427246094,235.27000427246094,1149
2026-09-29 14:18:00,1790705880,LHX,235.25,235.41000366210938,235.25,235.32000732421875,1902
2026-09-29 14:19:00,1790705940,LHX,235.39999389648438,235.4199981689453,235.38499450683594,235.38499450683594,1009
2026-09-29 14:20:00,1790706000,LHX,235.40020751953125,235.52000427246094,235.2899932861328,235.44500732421875,7718
2026-09-29 14:21:00,1790706060,LHX,235.52000427246094,235.60000610351562,235.52000427246094,235.60000610351562,2275
2026-09-29 14:22:00,1790706120,LHX,235.5989990234375,235.5989990234375,235.52000427246094,235.52000427246094,344
2026-09-29 14:23:00,1790706180,LHX,235.55499267578125,235.6699981689453,235.52999877929688,235.5449981689453,0
2026-09-29 14:24:00,1790706240,LHX,235.5,235.5,235.24710083007812,235.25999450683594,5255
2026-09-29 14:25:00,1790706300,LHX,235.27000427246094,235.32000732421875,235.22250366210938,235.2550048828125,5767
2026-09-29 14:26:00,1790706360,LHX,235.30999755859375,235.30999755859375,235.25,235.2550048828125,1188
2026-09-29 14:27:00,1790706420,LHX,235.26499938964844,235.3000030517578,235.13900756835938,235.14999389648438,4002
2026-09-29 14:28:00,1790706480,LHX,235.1999969482422,235.1999969482422,235.1199951171875,235.17999267578125,1357
2026-09-29 14:29:00,1790706540,LHX,235.1750030517578,235.30999755859375,235.1750030517578,235.30999755859375,1978
2026-09-29 14:30:00,1790706600,LHX,235.22500610351562,235.3699951171875,235.1300048828125,235.1300048828125,2975
2026-09-29 14:31:00,1790706660,LHX,235.13499450683594,235.1699981689453,235.05999755859375,235.05999755859375,3101
2026-09-29 14:32:00,1790706720,LHX,235.125,235.22999572753906,235.0500030517578,235.21499633789062,3964
2026-09-29 14:33:00,1790706780,LHX,235.27000427246094,235.35350036621094,235.25999450683594,235.25999450683594,1622
2026-09-29 14:34:00,1790706840,LHX,235.16000366210938,235.1999969482422,235.02999877929688,235.1699981689453,2246
2026-09-29 14:35:00,1790706900,LHX,235.13999938964844,235.19000244140625,235.13999938964844,235.15499877929688,764
2026-09-29 14:36:00,1790706960,LHX,235.1199951171875,235.19000244140625,235.11000061035156,235.11000061035156,1513
2026-09-29 14:37:00,1790707020,LHX,235.15499877929688,235.16259765625,235.15499877929688,235.16259765625,558
2026-09-29 14:38:34,1790707114,LHX,235.2449951171875,235.2449951171875,235.2449951171875,235.2449951171875,0
2026-09-29 14:38:00,1790707080,LHX,235.1300048828125,235.44000244140625,235.05999755859375,235.44000244140625,6073
2026-09-29 14:39:00,1790707140,LHX,235.4250030517578,235.60980224609375,235.4250030517578,235.60980224609375,931
2026-09-29 14:40:00,1790707200,LHX,235.53500366210938,235.75,235.50999450683594,235.7050018310547,2351
2026-09-29 14:41:00,1790707260,LHX,235.77999877929688,235.80487060546875,235.72999572753906,235.72999572753906,367
2026-09-29 14:42:00,1790707320,LHX,235.8350067138672,235.8350067138672,235.72000122070312,235.7550048828125,2004
2026-09-29 14:43:00,1790707380,LHX,235.7100067138672,235.8800048828125,235.63999938964844,235.63999938964844,3205
2026-09-29 14:44:00,1790707440,LHX,235.61000061035156,235.6199951171875,235.54100036621094,235.54100036621094,868
2026-09-29 14:45:00,1790707500,LHX,235.61500549316406,235.67999267578125,235.60850524902344,235.6199951171875,3282
2026-09-29 14:46:00,1790707560,LHX,235.55999755859375,235.55999755859375,235.4550018310547,235.4550018310547,1565
2026-09-29 14:47:00,1790707620,LHX,235.41000366210938,235.49000549316406,235.35000610351562,235.38499450683594,1312
2026-09-29 14:48:00,1790707680,LHX,235.38499450683594,235.4499969482422,235.38499450683594,235.43499755859375,1519
2026-09-29 14:49:00,1790707740,LHX,235.44000244140625,235.48989868164062,235.36000061035156,235.375,1598
2026-09-29 14:50:00,1790707800,LHX,235.3800048828125,235.3800048828125,235.1999969482422,235.1999969482422,894
2026-09-29 14:51:00,1790707860,LHX,235.1999969482422,235.1999969482422,235.10000610351562,235.1750030517578,1215
2026-09-29 14:52:00,1790707920,LHX,235.1649932861328,235.30169677734375,235.14999389648438,235.30169677734375,2766
2026-09-29 14:53:00,1790707980,LHX,235.27999877929688,235.38499450683594,235.27999877929688,235.38499450683594,1475
2026-09-29 14:54:00,1790708040,LHX,235.38499450683594,235.42999267578125,235.3800048828125,235.42999267578125,858
2026-09-29 14:55:00,1790708100,LHX,235.39999389648438,235.39999389648438,235.33999633789062,235.38499450683594,995
2026-09-29 14:56:00,1790708160,LHX,235.375,235.375,235.22000122070312,235.25,2000
2026-09-29 14:57:00,1790708220,LHX,235.1699981689453,235.2364044189453,235.1699981689453,235.2364044189453,529
2026-09-29 14:58:00,1790708280,LHX,235.2449951171875,235.2449951171875,235.15499877929688,235.15499877929688,2274
2026-09-29 14:59:00,1790708340,LHX,235.15499877929688,235.27000427246094,235.1300048828125,235.17999267578125,5203
2026-09-29 15:00:00,1790708400,LHX,235.25,235.3350067138672,235.13009643554688,235.2550048828125,1645
2026-09-29 15:01:00,1790708460,LHX,235.25999450683594,235.33990478515625,235.1300048828125,235.16000366210938,2425
2026-09-29 15:02:00,1790708520,LHX,235.16558837890625,235.4149932861328,235.1300048828125,235.4149932861328,4965
2026-09-29 15:03:00,1790708580,LHX,235.38999938964844,235.38999938964844,235.35000610351562,235.3699951171875,1520
2026-09-29 15:04:00,1790708640,LHX,235.3000030517578,235.4698944091797,235.3000030517578,235.4698944091797,2465
2026-09-29 15:05:00,1790708700,LHX,235.43499755859375,235.5050048828125,235.43499755859375,235.5050048828125,2466
2026-09-29 15:06:00,1790708760,LHX,235.4600067138672,235.4600067138672,235.3300018310547,235.3300018310547,1931
2026-09-29 15:07:00,1790708820,LHX,235.3350067138672,235.3699951171875,235.3000946044922,235.3699951171875,977
2026-09-29 15:08:00,1790708880,LHX,235.3350067138672,235.35000610351562,235.2949981689453,235.2949981689453,2650
2026-09-29 15:09:00,1790708940,LHX,235.2949981689453,235.33999633789062,235.28500366210938,235.31500244140625,1165
2026-09-29 15:10:00,1790709000,LHX,235.32000732421875,235.4600067138672,235.32000732421875,235.40499877929688,5109
2026-09-29 15:11:00,1790709060,LHX,235.40499877929688,235.4199981689453,235.32000732421875,235.35000610351562,1059
2026-09-29 15:12:00,1790709120,LHX,235.35000610351562,235.41000366210938,235.32049560546875,235.38999938964844,3169
2026-09-29 15:13:00,1790709180,LHX,235.38499450683594,235.38499450683594,235.3300018310547,235.3300018310547,333
2026-09-29 15:14:00,1790709240,LHX,235.36000061035156,235.39500427246094,235.33999633789062,235.3800048828125,2095
2026-09-29 15:15:00,1790709300,LHX,235.375,235.375,235.30999755859375,235.3249969482422,1128
2026-09-29 15:16:00,1790709360,LHX,235.3000030517578,235.35000610351562,235.3000030517578,235.34500122070312,1846
2026-09-29 15:17:00,1790709420,LHX,235.3800048828125,235.38999938964844,235.35000610351562,235.36500549316406,954
2026-09-29 15:18:00,1790709480,LHX,235.36500549316406,235.3699951171875,235.36000061035156,235.3699951171875,1073
2026-09-29 15:19:00,1790709540,LHX,235.3699951171875,235.42999267578125,235.3300018310547,235.3800048828125,2531
2026-09-29 15:20:00,1790709600,LHX,235.3800048828125,235.4199981689453,235.3300018310547,235.38999938964844,1024
2026-09-29 15:21:00,1790709660,LHX,235.35000610351562,235.38999938964844,235.3249969482422,235.35499572753906,3504
2026-09-29 15:22:00,1790709720,LHX,235.35499572753906,235.38999938964844,235.30999755859375,235.31500244140625,4962
2026-09-29 15:23:00,1790709780,LHX,235.33999633789062,235.39999389648438,235.3000030517578,235.38499450683594,6014
2026-09-29 15:24:00,1790709840,LHX,235.38999938964844,235.41990661621094,235.2899932861328,235.2899932861328,2817
2026-09-29 15:25:00,1790709900,LHX,235.30999755859375,235.4600067138672,235.30999755859375,235.4199981689453,3256
2026-09-29 15:26:00,1790709960,LHX,235.4199981689453,235.4199981689453,235.3300018310547,235.3350067138672,3808
2026-09-29 15:27:00,1790710020,LHX,235.36000061035156,235.36000061035156,235.2050018310547,235.2899932861328,1412
2026-09-29 15:28:00,1790710080,LHX,235.27999877929688,235.30296325683594,235.25999450683594,235.3000030517578,2279
2026-09-29 15:29:00,1790710140,LHX,235.3000030517578,235.41000366210938,235.3000030517578,235.41000366210938,3979
2026-09-29 15:30:00,1790710200,LHX,235.41000366210938,235.41000366210938,235.35000610351562,235.35000610351562,2915
2026-09-29 15:31:00,1790710260,LHX,235.33999633789062,235.33999633789062,235.2100067138672,235.22999572753906,3521
2026-09-29 15:32:00,1790710320,LHX,235.27000427246094,235.27000427246094,235.22500610351562,235.22999572753906,1513
2026-09-29 15:33:00,1790710380,LHX,235.23500061035156,235.30999755859375,235.23500061035156,235.2899932861328,2543
2026-09-29 15:34:00,1790710440,LHX,235.27999877929688,235.33999633789062,235.25999450683594,235.30499267578125,3176
2026-09-29 15:35:00,1790710500,LHX,235.30499267578125,235.4199981689453,235.2700958251953,235.38999938964844,4225
2026-09-29 15:36:00,1790710560,LHX,235.38999938964844,235.4199981689453,235.32000732421875,235.41000366210938,3916
2026-09-29 15:37:00,1790710620,LHX,235.38999938964844,235.6649932861328,235.3699951171875,235.63999938964844,21611
2026-09-29 15:38:00,1790710680,LHX,235.60000610351562,235.79800415039062,235.55999755859375,235.79800415039062,3508
2026-09-29 15:39:00,1790710740,LHX,235.72000122070312,235.72500610351562,235.64999389648438,235.72500610351562,3019
2026-09-29 15:40:00,1790710800,LHX,235.72500610351562,235.72500610351562,235.5399932861328,235.5500946044922,3401
2026-09-29 15:41:00,1790710860,LHX,235.63999938964844,235.69500732421875,235.6199951171875,235.6699981689453,3570
2026-09-29 15:42:00,1790710920,LHX,235.72000122070312,235.72000122070312,235.5500030517578,235.66000366210938,2725
2026-09-29 15:43:00,1790710980,LHX,235.66000366210938,235.6649932861328,235.57000732421875,235.5706024169922,2685
2026-09-29 15:44:00,1790711040,LHX,235.61500549316406,235.63999938964844,235.55999755859375,235.61000061035156,3787
2026-09-29 15:45:00,1790711100,LHX,235.6199951171875,235.6199951171875,235.44000244140625,235.44000244140625,3788
2026-09-29 15:46:00,1790711160,LHX,235.4600067138672,235.52999877929688,235.42999267578125,235.5,3911
2026-09-29 15:47:00,1790711220,LHX,235.50999450683594,235.6199951171875,235.5050048828125,235.5800018310547,6180
2026-09-29 15:48:00,1790711280,LHX,235.5500946044922,235.57000732421875,235.4600067138672,235.5050048828125,6181
2026-09-29 15:49:00,1790711340,LHX,235.52000427246094,235.5449981689453,235.3800048828125,235.3800048828125,4105
2026-09-29 15:50:00,1790711400,LHX,235.4199981689453,235.6699981689453,235.41000366210938,235.63999938964844,12850
2026-09-29 15:51:00,1790711460,LHX,235.63999938964844,235.72000122070312,235.5800018310547,235.72000122070312,9282
2026-09-29 15:52:00,1790711520,LHX,235.7100067138672,235.7100067138672,235.38999938964844,235.44000244140625,10075
2026-09-29 15:53:00,1790711580,LHX,235.44500732421875,235.5399932861328,235.34010314941406,235.52000427246094,5386
2026-09-29 15:54:00,1790711640,LHX,235.5500030517578,235.5500030517578,235.4199981689453,235.42999267578125,6554
2026-09-29 15:55:00,1790711700,LHX,235.4199981689453,235.5399932861328,235.2100067138672,235.30999755859375,21583
2026-09-29 15:56:00,1790711760,LHX,235.3000030517578,236.25,235.25,235.8800048828125,51038
2026-09-29 15:57:00,1790711820,LHX,235.9199981689453,236.13999938964844,235.8000030517578,236.02999877929688,17469
2026-09-29 15:58:00,1790711880,LHX,236.05999755859375,236.25,236.0,236.25,21985
2026-09-29 15:59:00,1790711940,LHX,236.22999572753906,236.47000122070312,236.11000061035156,236.4499969482422,40010
2026-09-29 16:00:00,1790712000,LHX,236.47000122070312,236.47000122070312,236.47000122070312,236.47000122070312,0
