timestamp_et,epoch,ticker,open,high,low,close,volume
2026-10-01 09:30:00,1790861400,PATH,13.069999694824219,13.225000381469727,13.069999694824219,13.130000114440918,840871
2026-10-01 09:31:00,1790861460,PATH,13.109999656677246,13.170000076293945,13.079999923706055,13.130000114440918,127312
2026-10-01 09:32:00,1790861520,PATH,13.109999656677246,13.149999618530273,13.079999923706055,13.100000381469727,50886
2026-10-01 09:33:00,1790861580,PATH,13.097200393676758,13.109999656677246,13.074999809265137,13.079999923706055,109264
2026-10-01 09:34:00,1790861640,PATH,13.069999694824219,13.149999618530273,13.055000305175781,13.145000457763672,67747
2026-10-01 09:35:00,1790861700,PATH,13.15999984741211,13.319999694824219,13.145000457763672,13.270000457763672,417276
2026-10-01 09:36:00,1790861760,PATH,13.260000228881836,13.279999732971191,13.239999771118164,13.255000114440918,46574
2026-10-01 09:37:00,1790861820,PATH,13.25,13.26990032196045,13.199999809265137,13.229999542236328,129203
2026-10-01 09:38:00,1790861880,PATH,13.229999542236328,13.229999542236328,13.15999984741211,13.1899995803833,52582
2026-10-01 09:39:00,1790861940,PATH,13.1850004196167,13.189499855041504,13.109999656677246,13.114999771118164,64198
2026-10-01 09:40:00,1790862000,PATH,13.114999771118164,13.114999771118164,13.069999694824219,13.09000015258789,35195
2026-10-01 09:41:00,1790862060,PATH,13.085000038146973,13.16100025177002,13.085000038146973,13.130000114440918,56019
2026-10-01 09:42:00,1790862120,PATH,13.130000114440918,13.130000114440918,13.09000015258789,13.109999656677246,68812
2026-10-01 09:43:00,1790862180,PATH,13.104999542236328,13.149999618530273,13.090100288391113,13.139900207519531,49539
2026-10-01 09:44:00,1790862240,PATH,13.135000228881836,13.135000228881836,13.050000190734863,13.0600004196167,42877
2026-10-01 09:45:00,1790862300,PATH,13.058600425720215,13.104999542236328,13.039999961853027,13.055000305175781,79762
2026-10-01 09:46:00,1790862360,PATH,13.050000190734863,13.0600004196167,12.979999542236328,13.024999618530273,68102
2026-10-01 09:47:00,1790862420,PATH,13.020099639892578,13.09000015258789,13.020099639892578,13.074999809265137,87709
2026-10-01 09:48:00,1790862480,PATH,13.069999694824219,13.069999694824219,13.050000190734863,13.059900283813477,32648
2026-10-01 09:49:00,1790862540,PATH,13.055000305175781,13.055000305175781,12.994999885559082,13.03499984741211,43576
2026-10-01 09:50:00,1790862600,PATH,13.03499984741211,13.037599563598633,12.994999885559082,12.994999885559082,52156
2026-10-01 09:51:00,1790862660,PATH,12.994999885559082,13.024999618530273,12.979999542236328,12.989999771118164,59129
2026-10-01 09:52:00,1790862720,PATH,12.994999885559082,13.055000305175781,12.994999885559082,13.050000190734863,30727
2026-10-01 09:53:00,1790862780,PATH,13.050000190734863,13.0600004196167,13.03499984741211,13.050000190734863,32499
2026-10-01 09:54:00,1790862840,PATH,13.050000190734863,13.085000038146973,13.039999961853027,13.085000038146973,59811
2026-10-01 09:55:00,1790862900,PATH,13.085000038146973,13.09000015258789,13.050000190734863,13.055000305175781,46970
2026-10-01 09:56:00,1790862960,PATH,13.0600004196167,13.085000038146973,13.0600004196167,13.0649995803833,50671
2026-10-01 09:57:00,1790863020,PATH,13.0649995803833,13.10949993133545,13.0600004196167,13.083800315856934,44347
2026-10-01 09:58:00,1790863080,PATH,13.085000038146973,13.095000267028809,13.079999923706055,13.095000267028809,41076
2026-10-01 09:59:00,1790863140,PATH,13.090100288391113,13.100000381469727,13.069999694824219,13.069999694824219,53540
2026-10-01 10:00:00,1790863200,PATH,13.069999694824219,13.089900016784668,13.055000305175781,13.079999923706055,73928
2026-10-01 10:01:00,1790863260,PATH,13.079999923706055,13.105899810791016,13.074999809265137,13.095000267028809,41291
2026-10-01 10:02:00,1790863320,PATH,13.095000267028809,13.10949993133545,13.083499908447266,13.09000015258789,52700
2026-10-01 10:03:00,1790863380,PATH,13.09000015258789,13.119999885559082,13.069999694824219,13.069999694824219,79278
2026-10-01 10:04:00,1790863440,PATH,13.0600004196167,13.074999809265137,13.039999961853027,13.050100326538086,115126
2026-10-01 10:05:00,1790863500,PATH,13.050000190734863,13.0649995803833,13.039999961853027,13.055000305175781,47167
2026-10-01 10:06:00,1790863560,PATH,13.0600004196167,13.09000015258789,13.0600004196167,13.09000015258789,132977
2026-10-01 10:07:00,1790863620,PATH,13.095000267028809,13.149999618530273,13.090100288391113,13.135000228881836,153669
2026-10-01 10:08:00,1790863680,PATH,13.135000228881836,13.15999984741211,13.12399959564209,13.13010025024414,81498
2026-10-01 10:09:00,1790863740,PATH,13.140000343322754,13.204999923706055,13.140000343322754,13.199600219726562,164596
2026-10-01 10:10:00,1790863800,PATH,13.199999809265137,13.225000381469727,13.1899995803833,13.210000038146973,178594
2026-10-01 10:11:00,1790863860,PATH,13.210000038146973,13.220000267028809,13.175000190734863,13.210000038146973,147645
2026-10-01 10:12:00,1790863920,PATH,13.210000038146973,13.220000267028809,13.180100440979004,13.1850004196167,181238
2026-10-01 10:13:00,1790863980,PATH,13.1850004196167,13.206178665161133,13.15999984741211,13.179900169372559,172222
2026-10-01 10:14:00,1790864040,PATH,13.175000190734863,13.180000305175781,13.140000343322754,13.164999961853027,155953
2026-10-01 10:15:00,1790864100,PATH,13.15999984741211,13.180000305175781,13.149999618530273,13.175000190734863,89230
2026-10-01 10:16:00,1790864160,PATH,13.175000190734863,13.180000305175781,13.15999984741211,13.175000190734863,53245
2026-10-01 10:17:00,1790864220,PATH,13.173100471496582,13.194999694824219,13.173100471496582,13.194999694824219,120215
2026-10-01 10:18:00,1790864280,PATH,13.194999694824219,13.199899673461914,13.170000076293945,13.175000190734863,66341
2026-10-01 10:19:00,1790864340,PATH,13.179900169372559,13.239999771118164,13.170000076293945,13.239999771118164,142340
2026-10-01 10:20:00,1790864400,PATH,13.229999542236328,13.229999542236328,13.170000076293945,13.175000190734863,147921
2026-10-01 10:21:00,1790864460,PATH,13.175000190734863,13.1850004196167,13.164999961853027,13.1850004196167,123009
2026-10-01 10:22:00,1790864520,PATH,13.1850004196167,13.199999809265137,13.180000305175781,13.1899995803833,120181
2026-10-01 10:23:00,1790864580,PATH,13.194999694824219,13.199899673461914,13.15999984741211,13.15999984741211,161404
2026-10-01 10:24:00,1790864640,PATH,13.15999984741211,13.164999961853027,13.140000343322754,13.164999961853027,123688
2026-10-01 10:25:00,1790864700,PATH,13.15999984741211,13.1850004196167,13.149999618530273,13.18340015411377,88643
2026-10-01 10:26:00,1790864760,PATH,13.1899995803833,13.21500015258789,13.1899995803833,13.21500015258789,119330
2026-10-01 10:27:00,1790864820,PATH,13.21500015258789,13.220000267028809,13.1899995803833,13.194999694824219,115481
2026-10-01 10:28:00,1790864880,PATH,13.199999809265137,13.229900360107422,13.1899995803833,13.21500015258789,156365
2026-10-01 10:29:00,1790864940,PATH,13.220000267028809,13.238100051879883,13.199999809265137,13.204999923706055,153604
2026-10-01 10:30:00,1790865000,PATH,13.20009994506836,13.234999656677246,13.190099716186523,13.220000267028809,235650
2026-10-01 10:31:00,1790865060,PATH,13.225000381469727,13.239999771118164,13.175000190734863,13.175000190734863,143476
2026-10-01 10:32:00,1790865120,PATH,13.175000190734863,13.189900398254395,13.145000457763672,13.145000457763672,56945
2026-10-01 10:33:00,1790865180,PATH,13.147700309753418,13.164999961853027,13.125,13.135000228881836,199762
2026-10-01 10:34:00,1790865240,PATH,13.13029956817627,13.135000228881836,13.0600004196167,13.0649995803833,204316
2026-10-01 10:35:00,1790865300,PATH,13.069999694824219,13.09000015258789,13.055000305175781,13.0600004196167,150833
2026-10-01 10:36:00,1790865360,PATH,13.0649995803833,13.069999694824219,13.039999961853027,13.069999694824219,213430
2026-10-01 10:37:00,1790865420,PATH,13.0649995803833,13.069999694824219,13.03499984741211,13.03499984741211,107454
2026-10-01 10:38:00,1790865480,PATH,13.039999961853027,13.039999961853027,13.005000114440918,13.015000343322754,173367
2026-10-01 10:39:00,1790865540,PATH,13.013799667358398,13.039999961853027,13.010000228881836,13.029999732971191,119902
2026-10-01 10:40:00,1790865600,PATH,13.024200439453125,13.045000076293945,13.020000457763672,13.045000076293945,127022
2026-10-01 10:41:00,1790865660,PATH,13.045000076293945,13.059900283813477,13.030099868774414,13.055000305175781,203474
2026-10-01 10:42:00,1790865720,PATH,13.055000305175781,13.0600004196167,13.020000457763672,13.024999618530273,142823
2026-10-01 10:43:00,1790865780,PATH,13.029399871826172,13.0600004196167,13.024999618530273,13.050000190734863,77483
2026-10-01 10:44:00,1790865840,PATH,13.045000076293945,13.050000190734863,13.029999732971191,13.048700332641602,78873
2026-10-01 10:45:00,1790865900,PATH,13.045000076293945,13.045000076293945,13.024999618530273,13.03499984741211,180021
2026-10-01 10:46:00,1790865960,PATH,13.029999732971191,13.039999961853027,13.005000114440918,13.015999794006348,121906
2026-10-01 10:47:00,1790866020,PATH,13.016300201416016,13.020000457763672,13.0,13.005000114440918,177412
2026-10-01 10:48:00,1790866080,PATH,13.005000114440918,13.015000343322754,12.979999542236328,12.984999656677246,117109
2026-10-01 10:49:00,1790866140,PATH,12.98009967803955,12.989999771118164,12.954999923706055,12.954999923706055,135100
2026-10-01 10:50:00,1790866200,PATH,12.954999923706055,13.018799781799316,12.954999923706055,13.015000343322754,189818
2026-10-01 10:51:00,1790866260,PATH,13.010000228881836,13.020000457763672,13.0,13.015000343322754,71808
2026-10-01 10:52:00,1790866320,PATH,13.015000343322754,13.020000457763672,12.990099906921387,12.994999885559082,105806
2026-10-01 10:53:00,1790866380,PATH,12.994999885559082,13.0,12.979999542236328,12.998299598693848,121416
2026-10-01 10:54:00,1790866440,PATH,12.989999771118164,13.015000343322754,12.984999656677246,13.005000114440918,96885
2026-10-01 10:55:00,1790866500,PATH,13.005000114440918,13.009900093078613,12.990300178527832,13.005000114440918,38805
2026-10-01 10:56:00,1790866560,PATH,13.00510025024414,13.00510025024414,12.9399995803833,12.954999923706055,139249
2026-10-01 10:57:00,1790866620,PATH,12.960000038146973,13.005000114440918,12.954999923706055,12.993200302124023,237722
2026-10-01 10:58:00,1790866680,PATH,12.994999885559082,13.002400398254395,12.984999656677246,12.984999656677246,193932
2026-10-01 10:59:00,1790866740,PATH,12.984999656677246,13.029999732971191,12.984999656677246,13.029999732971191,92547
2026-10-01 11:00:00,1790866800,PATH,13.024999618530273,13.055000305175781,13.021900177001953,13.050100326538086,171508
2026-10-01 11:01:00,1790866860,PATH,13.050000190734863,13.069999694824219,13.045000076293945,13.064200401306152,151399
2026-10-01 11:02:00,1790866920,PATH,13.0649995803833,13.085000038146973,13.050000190734863,13.055000305175781,170698
2026-10-01 11:03:00,1790866980,PATH,13.059900283813477,13.104999542236328,13.058099746704102,13.095000267028809,290706
2026-10-01 11:04:00,1790867040,PATH,13.095000267028809,13.140000343322754,13.09000015258789,13.125,95842
2026-10-01 11:05:00,1790867100,PATH,13.125,13.135000228881836,13.095000267028809,13.109700202941895,286753
2026-10-01 11:06:00,1790867160,PATH,13.104999542236328,13.149999618530273,13.100000381469727,13.140000343322754,171336
2026-10-01 11:07:00,1790867220,PATH,13.145000457763672,13.180000305175781,13.144800186157227,13.175000190734863,206924
2026-10-01 11:08:00,1790867280,PATH,13.170000076293945,13.189900398254395,13.15999984741211,13.175000190734863,340078
2026-10-01 11:09:00,1790867340,PATH,13.170000076293945,13.180000305175781,13.149999618530273,13.170100212097168,285922
2026-10-01 11:10:00,1790867400,PATH,13.180000305175781,13.180000305175781,13.15999984741211,13.179900169372559,194502
2026-10-01 11:11:00,1790867460,PATH,13.17199993133545,13.180000305175781,13.15999984741211,13.164999961853027,199450
2026-10-01 11:12:00,1790867520,PATH,13.164999961853027,13.194999694824219,13.15999984741211,13.180000305175781,235272
2026-10-01 11:13:00,1790867580,PATH,13.1850004196167,13.199999809265137,13.170000076293945,13.179699897766113,282768
2026-10-01 11:14:00,1790867640,PATH,13.176071166992188,13.204999923706055,13.175000190734863,13.199999809265137,164638
2026-10-01 11:15:00,1790867700,PATH,13.1899995803833,13.1899995803833,13.149999618530273,13.164999961853027,217086
2026-10-01 11:16:00,1790867760,PATH,13.15999984741211,13.161800384521484,13.135000228881836,13.152799606323242,149185
2026-10-01 11:17:00,1790867820,PATH,13.154999732971191,13.180000305175781,13.154999732971191,13.154999732971191,188153
2026-10-01 11:18:00,1790867880,PATH,13.154999732971191,13.157600402832031,13.119999885559082,13.125,150279
2026-10-01 11:19:00,1790867940,PATH,13.119999885559082,13.139900207519531,13.114999771118164,13.13608455657959,163032
2026-10-01 11:20:00,1790868000,PATH,13.135000228881836,13.150099754333496,13.114999771118164,13.114999771118164,154828
2026-10-01 11:21:00,1790868060,PATH,13.114999771118164,13.170000076293945,13.114999771118164,13.169899940490723,280165
2026-10-01 11:22:00,1790868120,PATH,13.170000076293945,13.180000305175781,13.164999961853027,13.175000190734863,140370
2026-10-01 11:23:00,1790868180,PATH,13.175000190734863,13.1899995803833,13.170000076293945,13.180100440979004,177476
2026-10-01 11:24:00,1790868240,PATH,13.1850004196167,13.225000381469727,13.170000076293945,13.184700012207031,220415
2026-10-01 11:25:00,1790868300,PATH,13.1850004196167,13.194999694824219,13.180000305175781,13.1850004196167,154359
2026-10-01 11:26:00,1790868360,PATH,13.180000305175781,13.1899995803833,13.170000076293945,13.1850004196167,187724
2026-10-01 11:27:00,1790868420,PATH,13.1850004196167,13.1899995803833,13.15999984741211,13.167699813842773,83704
2026-10-01 11:28:00,1790868480,PATH,13.15999984741211,13.164999961853027,13.100099563598633,13.109999656677246,167106
2026-10-01 11:29:00,1790868540,PATH,13.104999542236328,13.109999656677246,13.09000015258789,13.100199699401855,219303
2026-10-01 11:30:00,1790868600,PATH,13.104999542236328,13.109999656677246,13.100000381469727,13.104999542236328,122649
2026-10-01 11:31:00,1790868660,PATH,13.109999656677246,13.130000114440918,13.104999542236328,13.125,118623
2026-10-01 11:32:00,1790868720,PATH,13.125,13.130000114440918,13.103880882263184,13.116119384765625,149262
2026-10-01 11:33:00,1790868780,PATH,13.114999771118164,13.149999618530273,13.114999771118164,13.135000228881836,110102
2026-10-01 11:34:00,1790868840,PATH,13.135000228881836,13.140000343322754,13.119999885559082,13.135000228881836,162455
2026-10-01 11:35:00,1790868900,PATH,13.135000228881836,13.149999618530273,13.119999885559082,13.145000457763672,166932
2026-10-01 11:36:00,1790868960,PATH,13.145000457763672,13.154999732971191,13.13010025024414,13.149999618530273,98109
2026-10-01 11:37:00,1790869020,PATH,13.150099754333496,13.15999984741211,13.140000343322754,13.149999618530273,178148
2026-10-01 11:38:00,1790869080,PATH,13.145000457763672,13.149999618530273,13.140000343322754,13.145000457763672,30893
2026-10-01 11:39:00,1790869140,PATH,13.149999618530273,13.15999984741211,13.145000457763672,13.15999984741211,98116
2026-10-01 11:40:00,1790869200,PATH,13.164999961853027,13.180000305175781,13.150099754333496,13.164999961853027,233032
2026-10-01 11:41:00,1790869260,PATH,13.164999961853027,13.180000305175781,13.161600112915039,13.170000076293945,118353
2026-10-01 11:42:00,1790869320,PATH,13.175000190734863,13.1899995803833,13.170000076293945,13.187199592590332,145754
2026-10-01 11:43:00,1790869380,PATH,13.186125755310059,13.186125755310059,13.164999961853027,13.170000076293945,58437
2026-10-01 11:44:00,1790869440,PATH,13.164999961853027,13.175000190734863,13.15999984741211,13.175000190734863,30959
2026-10-01 11:45:00,1790869500,PATH,13.170000076293945,13.170000076293945,13.119999885559082,13.130000114440918,104618
2026-10-01 11:46:00,1790869560,PATH,13.135000228881836,13.145000457763672,13.130000114440918,13.145000457763672,46180
2026-10-01 11:47:00,1790869620,PATH,13.145000457763672,13.175000190734863,13.145000457763672,13.164999961853027,142293
2026-10-01 11:48:00,1790869680,PATH,13.164999961853027,13.170000076293945,13.15999984741211,13.164999961853027,54713
2026-10-01 11:49:00,1790869740,PATH,13.160099983215332,13.170000076293945,13.154999732971191,13.15999984741211,56566
2026-10-01 11:50:00,1790869800,PATH,13.164999961853027,13.180000305175781,13.15999984741211,13.175000190734863,118209
2026-10-01 11:51:00,1790869860,PATH,13.175000190734863,13.180000305175781,13.150099754333496,13.159899711608887,76328
2026-10-01 11:52:00,1790869920,PATH,13.154999732971191,13.1899995803833,13.154999732971191,13.1850004196167,101595
2026-10-01 11:53:00,1790869980,PATH,13.1850004196167,13.194999694824219,13.17020034790039,13.194999694824219,100019
2026-10-01 11:54:00,1790870040,PATH,13.1899995803833,13.194999694824219,13.15999984741211,13.170000076293945,130354
2026-10-01 11:55:00,1790870100,PATH,13.170000076293945,13.179900169372559,13.170000076293945,13.175000190734863,26759
2026-10-01 11:56:00,1790870160,PATH,13.175000190734863,13.220000267028809,13.170000076293945,13.204999923706055,179726
2026-10-01 11:57:00,1790870220,PATH,13.199999809265137,13.210000038146973,13.194999694824219,13.20009994506836,165276
2026-10-01 11:58:00,1790870280,PATH,13.203100204467773,13.220000267028809,13.199999809265137,13.201800346374512,89928
2026-10-01 11:59:00,1790870340,PATH,13.20009994506836,13.210000038146973,13.180100440979004,13.20009994506836,237455
2026-10-01 12:00:00,1790870400,PATH,13.204999923706055,13.210000038146973,13.180000305175781,13.194999694824219,266709
2026-10-01 12:01:00,1790870460,PATH,13.1899995803833,13.194999694824219,13.180000305175781,13.1850004196167,45402
2026-10-01 12:02:00,1790870520,PATH,13.1850004196167,13.210000038146973,13.1850004196167,13.204999923706055,84456
2026-10-01 12:03:00,1790870580,PATH,13.204999923706055,13.220000267028809,13.204999923706055,13.210000038146973,78196
2026-10-01 12:04:00,1790870640,PATH,13.209699630737305,13.229999542236328,13.199999809265137,13.225000381469727,172552
2026-10-01 12:05:00,1790870700,PATH,13.220000267028809,13.229900360107422,13.204999923706055,13.204999923706055,98145
2026-10-01 12:06:00,1790870760,PATH,13.204999923706055,13.219900131225586,13.199999809265137,13.204999923706055,74026
2026-10-01 12:07:00,1790870820,PATH,13.204999923706055,13.210000038146973,13.1899995803833,13.204999923706055,67342
2026-10-01 12:08:00,1790870880,PATH,13.204999923706055,13.210000038146973,13.199999809265137,13.204999923706055,50824
2026-10-01 12:09:00,1790870940,PATH,13.210000038146973,13.217399597167969,13.194999694824219,13.217399597167969,126685
2026-10-01 12:10:00,1790871000,PATH,13.210100173950195,13.229999542236328,13.210100173950195,13.229900360107422,96365
2026-10-01 12:11:00,1790871060,PATH,13.229900360107422,13.239999771118164,13.225000381469727,13.239999771118164,193021
2026-10-01 12:12:00,1790871120,PATH,13.239999771118164,13.239999771118164,13.21500015258789,13.229999542236328,182101
2026-10-01 12:13:00,1790871180,PATH,13.234999656677246,13.25,13.220000267028809,13.234999656677246,130802
2026-10-01 12:14:00,1790871240,PATH,13.239899635314941,13.270000457763672,13.234999656677246,13.265000343322754,170988
2026-10-01 12:15:00,1790871300,PATH,13.26990032196045,13.274999618530273,13.25,13.270000457763672,502629
2026-10-01 12:16:00,1790871360,PATH,13.255000114440918,13.267200469970703,13.244999885559082,13.244999885559082,67505
2026-10-01 12:17:00,1790871420,PATH,13.244999885559082,13.26990032196045,13.23009967803955,13.265000343322754,93398
2026-10-01 12:18:00,1790871480,PATH,13.265000343322754,13.279999732971191,13.250100135803223,13.255000114440918,162206
2026-10-01 12:19:00,1790871540,PATH,13.255000114440918,13.259900093078613,13.234999656677246,13.237600326538086,169498
2026-10-01 12:20:00,1790871600,PATH,13.23799991607666,13.257800102233887,13.22350025177002,13.257800102233887,119953
2026-10-01 12:21:00,1790871660,PATH,13.259900093078613,13.260000228881836,13.244999885559082,13.25,49083
2026-10-01 12:22:00,1790871720,PATH,13.241900444030762,13.260000228881836,13.239999771118164,13.260000228881836,47015
2026-10-01 12:23:00,1790871780,PATH,13.255000114440918,13.260000228881836,13.244999885559082,13.255000114440918,35936
2026-10-01 12:24:00,1790871840,PATH,13.260000228881836,13.270000457763672,13.250100135803223,13.265000343322754,73853
2026-10-01 12:25:00,1790871900,PATH,13.260100364685059,13.270000457763672,13.25,13.255000114440918,58888
2026-10-01 12:26:00,1790871960,PATH,13.260000228881836,13.260000228881836,13.240099906921387,13.255000114440918,66228
2026-10-01 12:27:00,1790872020,PATH,13.255000114440918,13.260000228881836,13.244999885559082,13.255000114440918,62383
2026-10-01 12:28:00,1790872080,PATH,13.253399848937988,13.26990032196045,13.253399848937988,13.261799812316895,36094
2026-10-01 12:29:00,1790872140,PATH,13.260000228881836,13.265000343322754,13.255000114440918,13.259900093078613,67210
2026-10-01 12:30:00,1790872200,PATH,13.255000114440918,13.270000457763672,13.255000114440918,13.267499923706055,109834
2026-10-01 12:31:00,1790872260,PATH,13.270000457763672,13.289999961853027,13.2524995803833,13.28499984741211,86347
2026-10-01 12:32:00,1790872320,PATH,13.28499984741211,13.289999961853027,13.260100364685059,13.274999618530273,88435
2026-10-01 12:33:00,1790872380,PATH,13.274999618530273,13.274999618530273,13.25,13.265000343322754,40002
2026-10-01 12:34:00,1790872440,PATH,13.270000457763672,13.274999618530273,13.260000228881836,13.26710033416748,32009
2026-10-01 12:35:00,1790872500,PATH,13.260100364685059,13.288200378417969,13.260000228881836,13.28499984741211,46280
2026-10-01 12:36:00,1790872560,PATH,13.279999732971191,13.28499984741211,13.270000457763672,13.270000457763672,58474
2026-10-01 12:37:00,1790872620,PATH,13.274999618530273,13.289999961853027,13.265000343322754,13.28499984741211,93028
2026-10-01 12:38:00,1790872680,PATH,13.28499984741211,13.288200378417969,13.270000457763672,13.270000457763672,25312
2026-10-01 12:39:00,1790872740,PATH,13.274999618530273,13.289899826049805,13.265000343322754,13.279999732971191,86418
2026-10-01 12:40:00,1790872800,PATH,13.289999961853027,13.289999961853027,13.279999732971191,13.28499984741211,54745
2026-10-01 12:41:00,1790872860,PATH,13.280099868774414,13.289899826049805,13.270099639892578,13.274999618530273,107768
2026-10-01 12:42:00,1790872920,PATH,13.274999618530273,13.279999732971191,13.274999618530273,13.279999732971191,19253
2026-10-01 12:43:00,1790872980,PATH,13.274999618530273,13.279999732971191,13.270000457763672,13.279999732971191,15247
2026-10-01 12:44:00,1790873040,PATH,13.279999732971191,13.28499984741211,13.271300315856934,13.274999618530273,73595
2026-10-01 12:45:00,1790873100,PATH,13.270099639892578,13.274999618530273,13.260000228881836,13.265000343322754,31185
2026-10-01 12:46:00,1790873160,PATH,13.260100364685059,13.265000343322754,13.25,13.265000343322754,52734
2026-10-01 12:47:00,1790873220,PATH,13.265000343322754,13.265000343322754,13.260000228881836,13.262900352478027,3109
2026-10-01 12:48:00,1790873280,PATH,13.265000343322754,13.270000457763672,13.255000114440918,13.265000343322754,55183
2026-10-01 12:49:00,1790873340,PATH,13.260000228881836,13.260000228881836,13.240099906921387,13.244999885559082,21542
2026-10-01 12:50:00,1790873400,PATH,13.239999771118164,13.260000228881836,13.229999542236328,13.25,91378
2026-10-01 12:51:00,1790873460,PATH,13.260000228881836,13.270000457763672,13.252799987792969,13.265000343322754,107593
2026-10-01 12:52:00,1790873520,PATH,13.260100364685059,13.270000457763672,13.260000228881836,13.265000343322754,33843
2026-10-01 12:53:00,1790873580,PATH,13.270000457763672,13.279999732971191,13.255000114440918,13.260000228881836,370685
2026-10-01 12:54:00,1790873640,PATH,13.260000228881836,13.260000228881836,13.244999885559082,13.255000114440918,95531
2026-10-01 12:55:00,1790873700,PATH,13.255000114440918,13.260000228881836,13.234999656677246,13.234999656677246,63159
2026-10-01 12:56:00,1790873760,PATH,13.234999656677246,13.239999771118164,13.229999542236328,13.234999656677246,37521
2026-10-01 12:57:00,1790873820,PATH,13.234999656677246,13.244999885559082,13.229999542236328,13.244999885559082,31912
2026-10-01 12:58:00,1790873880,PATH,13.244999885559082,13.255000114440918,13.244999885559082,13.25,21636
2026-10-01 12:59:00,1790873940,PATH,13.244999885559082,13.25,13.239999771118164,13.244999885559082,78338
2026-10-01 13:00:00,1790874000,PATH,13.244999885559082,13.260000228881836,13.239999771118164,13.255000114440918,22827
2026-10-01 13:01:00,1790874060,PATH,13.260000228881836,13.270000457763672,13.25,13.265000343322754,122116
2026-10-01 13:02:00,1790874120,PATH,13.264300346374512,13.270000457763672,13.260000228881836,13.265000343322754,45177
2026-10-01 13:03:00,1790874180,PATH,13.260000228881836,13.270000457763672,13.260000228881836,13.260100364685059,25447
2026-10-01 13:04:00,1790874240,PATH,13.265000343322754,13.289999961853027,13.265000343322754,13.280200004577637,67821
2026-10-01 13:05:00,1790874300,PATH,13.28499984741211,13.289999961853027,13.274999618530273,13.28499984741211,37427
2026-10-01 13:06:00,1790874360,PATH,13.279999732971191,13.2878999710083,13.279999732971191,13.28499984741211,3264
2026-10-01 13:07:00,1790874420,PATH,13.289999961853027,13.289999961853027,13.270000457763672,13.274999618530273,6576
2026-10-01 13:08:00,1790874480,PATH,13.279999732971191,13.280099868774414,13.265000343322754,13.265000343322754,52157
2026-10-01 13:09:00,1790874540,PATH,13.265000343322754,13.289999961853027,13.265000343322754,13.28499984741211,76715
2026-10-01 13:10:00,1790874600,PATH,13.289999961853027,13.305000305175781,13.28499984741211,13.295000076293945,135896
2026-10-01 13:11:00,1790874660,PATH,13.295000076293945,13.29990005493164,13.289999961853027,13.289999961853027,24442
2026-10-01 13:12:00,1790874720,PATH,13.295000076293945,13.295000076293945,13.270000457763672,13.274999618530273,38473
2026-10-01 13:13:00,1790874780,PATH,13.274999618530273,13.289899826049805,13.260100364685059,13.289899826049805,76494
2026-10-01 13:14:00,1790874840,PATH,13.28499984741211,13.295000076293945,13.279999732971191,13.289999961853027,76348
2026-10-01 13:15:00,1790874900,PATH,13.28499984741211,13.300000190734863,13.279999732971191,13.300000190734863,80437
2026-10-01 13:16:00,1790874960,PATH,13.295000076293945,13.300000190734863,13.273699760437012,13.28600025177002,76594
2026-10-01 13:17:00,1790875020,PATH,13.28499984741211,13.300000190734863,13.28380012512207,13.28499984741211,180536
2026-10-01 13:18:00,1790875080,PATH,13.28499984741211,13.300000190734863,13.28499984741211,13.300000190734863,63879
2026-10-01 13:19:00,1790875140,PATH,13.300000190734863,13.300000190734863,13.289999961853027,13.289999961853027,65956
2026-10-01 13:20:00,1790875200,PATH,13.295000076293945,13.29990005493164,13.289999961853027,13.29990005493164,29768
2026-10-01 13:21:00,1790875260,PATH,13.295000076293945,13.3149995803833,13.289999961853027,13.305000305175781,121170
2026-10-01 13:22:00,1790875320,PATH,13.3100004196167,13.319999694824219,13.305000305175781,13.3149995803833,41310
2026-10-01 13:23:00,1790875380,PATH,13.3100004196167,13.329999923706055,13.3100004196167,13.320500373840332,115152
2026-10-01 13:24:00,1790875440,PATH,13.324999809265137,13.335000038146973,13.319999694824219,13.329999923706055,132425
2026-10-01 13:25:00,1790875500,PATH,13.329999923706055,13.34000015258789,13.324999809265137,13.34000015258789,33864
2026-10-01 13:26:00,1790875560,PATH,13.338899612426758,13.340299606323242,13.32229995727539,13.329999923706055,62506
2026-10-01 13:27:00,1790875620,PATH,13.329999923706055,13.335000038146973,13.312100410461426,13.329899787902832,44119
2026-10-01 13:28:00,1790875680,PATH,13.329999923706055,13.329999923706055,13.319999694824219,13.324999809265137,4754
2026-10-01 13:29:00,1790875740,PATH,13.320099830627441,13.329999923706055,13.319999694824219,13.324999809265137,24392
2026-10-01 13:30:00,1790875800,PATH,13.329999923706055,13.349900245666504,13.324999809265137,13.34000015258789,73270
2026-10-01 13:31:00,1790875860,PATH,13.345000267028809,13.359999656677246,13.345000267028809,13.354999542236328,94907
2026-10-01 13:32:00,1790875920,PATH,13.350099563598633,13.364999771118164,13.345000267028809,13.359999656677246,209267
2026-10-01 13:33:00,1790875980,PATH,13.354999542236328,13.380000114440918,13.350000381469727,13.375,232834
2026-10-01 13:34:00,1790876040,PATH,13.380000114440918,13.380000114440918,13.359999656677246,13.373600006103516,120361
2026-10-01 13:35:00,1790876100,PATH,13.380000114440918,13.380000114440918,13.359999656677246,13.364999771118164,162974
2026-10-01 13:36:00,1790876160,PATH,13.359999656677246,13.375,13.350000381469727,13.375,76240
2026-10-01 13:37:00,1790876220,PATH,13.369999885559082,13.375,13.350000381469727,13.354999542236328,38120
2026-10-01 13:38:00,1790876280,PATH,13.354999542236328,13.354999542236328,13.319999694824219,13.323399543762207,138424
2026-10-01 13:39:00,1790876340,PATH,13.329999923706055,13.34000015258789,13.319999694824219,13.335000038146973,194125
2026-10-01 13:40:00,1790876400,PATH,13.335000038146973,13.350000381469727,13.3302001953125,13.345000267028809,123795
2026-10-01 13:41:00,1790876460,PATH,13.350000381469727,13.359999656677246,13.349800109863281,13.354999542236328,82882
2026-10-01 13:42:00,1790876520,PATH,13.354999542236328,13.359999656677246,13.354999542236328,13.359999656677246,38485
2026-10-01 13:43:00,1790876580,PATH,13.358599662780762,13.380000114440918,13.358599662780762,13.375,102532
2026-10-01 13:44:00,1790876640,PATH,13.370100021362305,13.385100364685059,13.360099792480469,13.385000228881836,130989
2026-10-01 13:45:00,1790876700,PATH,13.390000343322754,13.399499893188477,13.380000114440918,13.385000228881836,124382
2026-10-01 13:46:00,1790876760,PATH,13.389900207519531,13.389900207519531,13.375,13.380000114440918,76311
2026-10-01 13:47:00,1790876820,PATH,13.385000228881836,13.399999618530273,13.375,13.390000343322754,83852
2026-10-01 13:48:00,1790876880,PATH,13.389900207519531,13.399900436401367,13.385000228881836,13.385000228881836,43871
2026-10-01 13:49:00,1790876940,PATH,13.385000228881836,13.385000228881836,13.369999885559082,13.375,19009
2026-10-01 13:50:00,1790877000,PATH,13.371000289916992,13.380000114440918,13.369999885559082,13.375,65692
2026-10-01 13:51:00,1790877060,PATH,13.375,13.379899978637695,13.350000381469727,13.354999542236328,57166
2026-10-01 13:52:00,1790877120,PATH,13.350500106811523,13.359999656677246,13.34000015258789,13.350000381469727,75653
2026-10-01 13:53:00,1790877180,PATH,13.350000381469727,13.359999656677246,13.350000381469727,13.354999542236328,25952
2026-10-01 13:54:00,1790877240,PATH,13.354999542236328,13.369999885559082,13.350000381469727,13.354999542236328,144994
2026-10-01 13:55:00,1790877300,PATH,13.354999542236328,13.359999656677246,13.350000381469727,13.359999656677246,62611
2026-10-01 13:56:00,1790877360,PATH,13.354999542236328,13.364999771118164,13.345000267028809,13.350000381469727,100299
2026-10-01 13:57:00,1790877420,PATH,13.345000267028809,13.359999656677246,13.34000015258789,13.359800338745117,52063
2026-10-01 13:58:00,1790877480,PATH,13.354999542236328,13.354999542236328,13.34000015258789,13.350099563598633,162311
2026-10-01 13:59:00,1790877540,PATH,13.354999542236328,13.369999885559082,13.354999542236328,13.364999771118164,116158
2026-10-01 14:00:00,1790877600,PATH,13.359999656677246,13.380000114440918,13.359999656677246,13.375,75259
2026-10-01 14:01:00,1790877660,PATH,13.375,13.399999618530273,13.369999885559082,13.399999618530273,225920
2026-10-01 14:02:00,1790877720,PATH,13.392000198364258,13.404999732971191,13.390000343322754,13.404999732971191,61870
2026-10-01 14:03:00,1790877780,PATH,13.404999732971191,13.420000076293945,13.399999618530273,13.404999732971191,148117
2026-10-01 14:04:00,1790877840,PATH,13.404999732971191,13.404999732971191,13.395000457763672,13.399999618530273,31409
2026-10-01 14:05:00,1790877900,PATH,13.390000343322754,13.399999618530273,13.380000114440918,13.385000228881836,92109
2026-10-01 14:06:00,1790877960,PATH,13.385000228881836,13.385000228881836,13.350000381469727,13.359999656677246,61307
2026-10-01 14:07:00,1790878020,PATH,13.350099563598633,13.380000114440918,13.350099563598633,13.380000114440918,65466
2026-10-01 14:08:00,1790878080,PATH,13.379899978637695,13.395000457763672,13.369999885559082,13.395000457763672,143338
2026-10-01 14:09:00,1790878140,PATH,13.395000457763672,13.420000076293945,13.394800186157227,13.414999961853027,123899
2026-10-01 14:10:00,1790878200,PATH,13.414999961853027,13.420000076293945,13.404999732971191,13.404999732971191,115509
2026-10-01 14:11:00,1790878260,PATH,13.399999618530273,13.40999984741211,13.390000343322754,13.399999618530273,78981
2026-10-01 14:12:00,1790878320,PATH,13.399999618530273,13.40999984741211,13.390000343322754,13.39009952545166,98199
2026-10-01 14:13:00,1790878380,PATH,13.390000343322754,13.399999618530273,13.380000114440918,13.385000228881836,30508
2026-10-01 14:14:00,1790878440,PATH,13.385000228881836,13.399999618530273,13.380000114440918,13.390000343322754,70833
2026-10-01 14:15:00,1790878500,PATH,13.390000343322754,13.420000076293945,13.390000343322754,13.404999732971191,74225
2026-10-01 14:16:00,1790878560,PATH,13.404999732971191,13.404999732971191,13.380000114440918,13.390000343322754,118326
2026-10-01 14:17:00,1790878620,PATH,13.390000343322754,13.395000457763672,13.385000228881836,13.385000228881836,105469
2026-10-01 14:18:00,1790878680,PATH,13.390000343322754,13.390000343322754,13.385000228881836,13.385000228881836,28669
2026-10-01 14:19:00,1790878740,PATH,13.380000114440918,13.385000228881836,13.380000114440918,13.380000114440918,13026
2026-10-01 14:20:00,1790878800,PATH,13.380000114440918,13.390000343322754,13.375,13.385000228881836,50545
2026-10-01 14:21:00,1790878860,PATH,13.389900207519531,13.390000343322754,13.360099792480469,13.363800048828125,63919
2026-10-01 14:22:00,1790878920,PATH,13.359999656677246,13.375,13.354999542236328,13.364999771118164,69251
2026-10-01 14:23:00,1790878980,PATH,13.364999771118164,13.380000114440918,13.354999542236328,13.375,26597
2026-10-01 14:24:00,1790879040,PATH,13.380000114440918,13.390000343322754,13.380000114440918,13.385000228881836,17031
2026-10-01 14:25:00,1790879100,PATH,13.385000228881836,13.40999984741211,13.380000114440918,13.404999732971191,34563
2026-10-01 14:26:00,1790879160,PATH,13.40999984741211,13.414999961853027,13.404000282287598,13.409899711608887,27542
2026-10-01 14:27:00,1790879220,PATH,13.404999732971191,13.420000076293945,13.399999618530273,13.404800415039062,104545
2026-10-01 14:28:00,1790879280,PATH,13.404999732971191,13.40999984741211,13.385000228881836,13.395000457763672,45066
2026-10-01 14:29:00,1790879340,PATH,13.390000343322754,13.399999618530273,13.390000343322754,13.399999618530273,37870
2026-10-01 14:30:00,1790879400,PATH,13.395000457763672,13.404999732971191,13.385000228881836,13.385000228881836,59322
2026-10-01 14:31:00,1790879460,PATH,13.385000228881836,13.395000457763672,13.380000114440918,13.395000457763672,96305
2026-10-01 14:32:00,1790879520,PATH,13.390999794006348,13.404999732971191,13.390000343322754,13.404999732971191,73381
2026-10-01 14:33:00,1790879580,PATH,13.404999732971191,13.404999732971191,13.390000343322754,13.399999618530273,102625
2026-10-01 14:34:00,1790879640,PATH,13.399999618530273,13.425000190734863,13.399999618530273,13.420000076293945,165306
2026-10-01 14:35:00,1790879700,PATH,13.420000076293945,13.425000190734863,13.40999984741211,13.420000076293945,74998
2026-10-01 14:36:00,1790879760,PATH,13.425000190734863,13.439900398254395,13.420000076293945,13.425000190734863,76253
2026-10-01 14:37:00,1790879820,PATH,13.425000190734863,13.4399995803833,13.420000076293945,13.425000190734863,140150
2026-10-01 14:38:00,1790879880,PATH,13.430000305175781,13.430000305175781,13.40999984741211,13.40999984741211,101744
2026-10-01 14:39:00,1790879940,PATH,13.40999984741211,13.420000076293945,13.404999732971191,13.414999961853027,145278
2026-10-01 14:40:00,1790880000,PATH,13.414999961853027,13.420000076293945,13.404999732971191,13.414999961853027,47227
2026-10-01 14:41:00,1790880060,PATH,13.420000076293945,13.425000190734863,13.40999984741211,13.412400245666504,136344
2026-10-01 14:42:00,1790880120,PATH,13.414999961853027,13.420000076293945,13.40999984741211,13.420000076293945,28088
2026-10-01 14:43:00,1790880180,PATH,13.420000076293945,13.420000076293945,13.40999984741211,13.40999984741211,11052
2026-10-01 14:44:00,1790880240,PATH,13.414999961853027,13.420000076293945,13.399999618530273,13.414999961853027,85568
2026-10-01 14:45:00,1790880300,PATH,13.414999961853027,13.420000076293945,13.40999984741211,13.414999961853027,57255
2026-10-01 14:46:00,1790880360,PATH,13.414999961853027,13.416999816894531,13.399999618530273,13.404999732971191,59980
2026-10-01 14:47:00,1790880420,PATH,13.40999984741211,13.40999984741211,13.399999618530273,13.399999618530273,18793
2026-10-01 14:48:00,1790880480,PATH,13.40999984741211,13.4399995803833,13.404999732971191,13.425000190734863,71703
2026-10-01 14:49:00,1790880540,PATH,13.425000190734863,13.430000305175781,13.420000076293945,13.420000076293945,4080
2026-10-01 14:50:00,1790880600,PATH,13.425000190734863,13.430000305175781,13.420000076293945,13.430000305175781,31459
2026-10-01 14:51:00,1790880660,PATH,13.425000190734863,13.430000305175781,13.420000076293945,13.430000305175781,30558
2026-10-01 14:52:00,1790880720,PATH,13.425000190734863,13.4350004196167,13.420000076293945,13.425000190734863,28675
2026-10-01 14:53:00,1790880780,PATH,13.425000190734863,13.430000305175781,13.420000076293945,13.430000305175781,50893
2026-10-01 14:54:00,1790880840,PATH,13.425000190734863,13.430000305175781,13.420000076293945,13.420000076293945,10701
2026-10-01 14:55:00,1790880900,PATH,13.425000190734863,13.4399995803833,13.420000076293945,13.4350004196167,39771
2026-10-01 14:56:00,1790880960,PATH,13.4350004196167,13.444999694824219,13.4350004196167,13.4399995803833,25305
2026-10-01 14:57:00,1790881020,PATH,13.4399995803833,13.4399995803833,13.42020034790039,13.42020034790039,23144
2026-10-01 14:58:00,1790881080,PATH,13.425000190734863,13.425000190734863,13.402600288391113,13.404999732971191,45849
2026-10-01 14:59:00,1790881140,PATH,13.404999732971191,13.40999984741211,13.399999618530273,13.399999618530273,7849
2026-10-01 15:00:00,1790881200,PATH,13.40999984741211,13.40999984741211,13.380000114440918,13.380000114440918,55671
2026-10-01 15:01:00,1790881260,PATH,13.380000114440918,13.380000114440918,13.359999656677246,13.375,56726
2026-10-01 15:02:00,1790881320,PATH,13.369999885559082,13.369999885559082,13.359999656677246,13.364999771118164,25197
2026-10-01 15:03:00,1790881380,PATH,13.362000465393066,13.380000114440918,13.359999656677246,13.380000114440918,28622
2026-10-01 15:04:00,1790881440,PATH,13.375,13.380000114440918,13.369999885559082,13.375,13807
2026-10-01 15:05:00,1790881500,PATH,13.370100021362305,13.375,13.369999885559082,13.369999885559082,48761
2026-10-01 15:06:00,1790881560,PATH,13.369999885559082,13.380000114440918,13.369999885559082,13.375,17149
2026-10-01 15:07:00,1790881620,PATH,13.375,13.375,13.359999656677246,13.375,37317
2026-10-01 15:08:00,1790881680,PATH,13.375,13.375,13.369999885559082,13.375,6242
2026-10-01 15:09:00,1790881740,PATH,13.375,13.380000114440918,13.369999885559082,13.380000114440918,17071
2026-10-01 15:10:00,1790881800,PATH,13.369999885559082,13.380000114440918,13.354999542236328,13.354999542236328,32860
2026-10-01 15:11:00,1790881860,PATH,13.354999542236328,13.380000114440918,13.354999542236328,13.380000114440918,34563
2026-10-01 15:12:00,1790881920,PATH,13.375,13.389900207519531,13.375,13.383099555969238,19656
2026-10-01 15:13:00,1790881980,PATH,13.385000228881836,13.395000457763672,13.380499839782715,13.390000343322754,17608
2026-10-01 15:14:00,1790882040,PATH,13.390000343322754,13.399999618530273,13.390000343322754,13.395000457763672,12276
2026-10-01 15:15:00,1790882100,PATH,13.395000457763672,13.409899711608887,13.390000343322754,13.404999732971191,26149
2026-10-01 15:16:00,1790882160,PATH,13.404999732971191,13.404999732971191,13.390299797058105,13.395000457763672,38092
2026-10-01 15:17:00,1790882220,PATH,13.395000457763672,13.39780044555664,13.360099792480469,13.364999771118164,31900
2026-10-01 15:18:00,1790882280,PATH,13.364999771118164,13.369999885559082,13.354999542236328,13.364999771118164,40033
2026-10-01 15:19:00,1790882340,PATH,13.364999771118164,13.389900207519531,13.359999656677246,13.370100021362305,116113
2026-10-01 15:20:00,1790882400,PATH,13.375,13.390000343322754,13.373600006103516,13.379899978637695,120336
2026-10-01 15:21:00,1790882460,PATH,13.375,13.390000343322754,13.369999885559082,13.389900207519531,169957
2026-10-01 15:22:00,1790882520,PATH,13.385000228881836,13.385000228881836,13.369999885559082,13.370100021362305,66784
2026-10-01 15:23:00,1790882580,PATH,13.375,13.380000114440918,13.319999694824219,13.34000015258789,710506
2026-10-01 15:24:00,1790882640,PATH,13.34000015258789,13.350000381469727,13.300000190734863,13.324999809265137,456988
2026-10-01 15:25:00,1790882700,PATH,13.319999694824219,13.354999542236328,13.319999694824219,13.354999542236328,84830
2026-10-01 15:26:00,1790882760,PATH,13.354999542236328,13.369999885559082,13.354999542236328,13.354999542236328,40999
2026-10-01 15:27:00,1790882820,PATH,13.350500106811523,13.369999885559082,13.350500106811523,13.364999771118164,28756
2026-10-01 15:28:00,1790882880,PATH,13.364999771118164,13.380000114440918,13.364999771118164,13.372300148010254,16937
2026-10-01 15:29:00,1790882940,PATH,13.375,13.375,13.35319995880127,13.364999771118164,58890
2026-10-01 15:30:00,1790883000,PATH,13.364999771118164,13.375,13.354999542236328,13.369999885559082,122462
2026-10-01 15:31:00,1790883060,PATH,13.375,13.399999618530273,13.369999885559082,13.395000457763672,54402
2026-10-01 15:32:00,1790883120,PATH,13.399999618530273,13.399999618530273,13.364999771118164,13.395000457763672,86665
2026-10-01 15:33:00,1790883180,PATH,13.399999618530273,13.399999618530273,13.369999885559082,13.383099555969238,50961
2026-10-01 15:34:00,1790883240,PATH,13.385000228881836,13.390000343322754,13.37399959564209,13.385000228881836,69681
2026-10-01 15:35:00,1790883300,PATH,13.380000114440918,13.399999618530273,13.380000114440918,13.395000457763672,89305
2026-10-01 15:36:00,1790883360,PATH,13.395000457763672,13.40999984741211,13.385000228881836,13.404999732971191,57144
2026-10-01 15:37:00,1790883420,PATH,13.404999732971191,13.40999984741211,13.399999618530273,13.404999732971191,10946
2026-10-01 15:38:00,1790883480,PATH,13.399999618530273,13.40999984741211,13.390000343322754,13.404999732971191,46203
2026-10-01 15:39:00,1790883540,PATH,13.404999732971191,13.404999732971191,13.390000343322754,13.390000343322754,23198
2026-10-01 15:40:00,1790883600,PATH,13.395000457763672,13.395000457763672,13.385000228881836,13.385000228881836,28549
2026-10-01 15:41:00,1790883660,PATH,13.385000228881836,13.385000228881836,13.369999885559082,13.375,44775
2026-10-01 15:42:00,1790883720,PATH,13.375,13.380000114440918,13.359999656677246,13.364999771118164,36398
2026-10-01 15:43:00,1790883780,PATH,13.369999885559082,13.369999885559082,13.350000381469727,13.350000381469727,64700
2026-10-01 15:44:00,1790883840,PATH,13.350000381469727,13.359999656677246,13.335000038146973,13.345000267028809,193192
2026-10-01 15:45:00,1790883900,PATH,13.341300010681152,13.350000381469727,13.34000015258789,13.345000267028809,106301
2026-10-01 15:46:00,1790883960,PATH,13.350000381469727,13.36989974975586,13.34000015258789,13.354000091552734,123852
2026-10-01 15:47:00,1790884020,PATH,13.354999542236328,13.35949993133545,13.335000038146973,13.34000015258789,94607
2026-10-01 15:48:00,1790884080,PATH,13.345000267028809,13.350000381469727,13.34000015258789,13.345000267028809,65042
2026-10-01 15:49:00,1790884140,PATH,13.34000015258789,13.354999542236328,13.324999809265137,13.335000038146973,181083
2026-10-01 15:50:00,1790884200,PATH,13.329999923706055,13.354999542236328,13.329999923706055,13.354999542236328,77984
2026-10-01 15:51:00,1790884260,PATH,13.350000381469727,13.364999771118164,13.34000015258789,13.359999656677246,141269
2026-10-01 15:52:00,1790884320,PATH,13.354999542236328,13.35990047454834,13.345000267028809,13.350000381469727,114528
2026-10-01 15:53:00,1790884380,PATH,13.345000267028809,13.350000381469727,13.3149995803833,13.3149995803833,116983
2026-10-01 15:54:00,1790884440,PATH,13.3149995803833,13.329999923706055,13.3100004196167,13.319999694824219,141064
2026-10-01 15:55:00,1790884500,PATH,13.3100004196167,13.3149995803833,13.295000076293945,13.305000305175781,186324
2026-10-01 15:56:00,1790884560,PATH,13.300200462341309,13.3100004196167,13.295000076293945,13.300000190734863,189984
2026-10-01 15:57:00,1790884620,PATH,13.305000305175781,13.319999694824219,13.279999732971191,13.3149995803833,281183
2026-10-01 15:58:00,1790884680,PATH,13.3149995803833,13.3149995803833,13.279999732971191,13.3100004196167,468619
2026-10-01 15:59:00,1790884740,PATH,13.309800148010254,13.319999694824219,13.28499984741211,13.3100004196167,538410
2026-10-01 16:00:00,1790884800,PATH,13.319999694824219,13.319999694824219,13.319999694824219,13.319999694824219,0
2026-10-02 09:30:00,1790947800,PATH,13.414999961853027,13.420000076293945,13.307600021362305,13.338000297546387,318481
2026-10-02 09:31:00,1790947860,PATH,13.34000015258789,13.369999885559082,13.3100004196167,13.319999694824219,50359
2026-10-02 09:32:00,1790947920,PATH,13.34000015258789,13.393199920654297,13.329999923706055,13.329999923706055,42358
2026-10-02 09:33:00,1790947980,PATH,13.335000038146973,13.364999771118164,13.25,13.284000396728516,53051
2026-10-02 09:34:00,1790948040,PATH,13.289999961853027,13.34000015258789,13.28499984741211,13.319899559020996,37599
2026-10-02 09:35:00,1790948100,PATH,13.3149995803833,13.3149995803833,13.279999732971191,13.289999961853027,27143
2026-10-02 09:36:00,1790948160,PATH,13.319999694824219,13.345000267028809,13.255000114440918,13.2677001953125,54486
2026-10-02 09:37:00,1790948220,PATH,13.265000343322754,13.270000457763672,13.20110034942627,13.225000381469727,59712
2026-10-02 09:38:00,1790948280,PATH,13.220000267028809,13.220000267028809,13.170000076293945,13.190199851989746,38994
2026-10-02 09:39:00,1790948340,PATH,13.1899995803833,13.229999542236328,13.173800468444824,13.21500015258789,42352
2026-10-02 09:40:00,1790948400,PATH,13.210000038146973,13.210000038146973,13.15999984741211,13.15999984741211,58646
2026-10-02 09:41:00,1790948460,PATH,13.15999984741211,13.220000267028809,13.145000457763672,13.210000038146973,48009
2026-10-02 09:42:00,1790948520,PATH,13.199999809265137,13.25,13.1899995803833,13.25,51086
2026-10-02 09:43:00,1790948580,PATH,13.241100311279297,13.260000228881836,13.199999809265137,13.21500015258789,65958
2026-10-02 09:44:00,1790948640,PATH,13.220000267028809,13.239999771118164,13.210000038146973,13.239999771118164,33346
2026-10-02 09:45:00,1790948700,PATH,13.225000381469727,13.255000114440918,13.194999694824219,13.204999923706055,61081
2026-10-02 09:46:00,1790948760,PATH,13.208000183105469,13.255000114440918,13.204999923706055,13.239999771118164,9698
2026-10-02 09:47:00,1790948820,PATH,13.249899864196777,13.270000457763672,13.234999656677246,13.260000228881836,34161
2026-10-02 09:48:00,1790948880,PATH,13.255000114440918,13.274999618530273,13.23799991607666,13.270000457763672,53579
2026-10-02 09:49:00,1790948940,PATH,13.220000267028809,13.279999732971191,13.21150016784668,13.220000267028809,1164839
2026-10-02 09:50:00,1790949000,PATH,13.21500015258789,13.21500015258789,13.160099983215332,13.1899995803833,44169
2026-10-02 09:51:00,1790949060,PATH,13.1899995803833,13.210000038146973,13.170000076293945,13.210000038146973,18395
2026-10-02 09:52:00,1790949120,PATH,13.210000038146973,13.229999542236328,13.1850004196167,13.194999694824219,27616
2026-10-02 09:53:00,1790949180,PATH,13.194999694824219,13.239999771118164,13.180000305175781,13.225000381469727,78159
2026-10-02 09:54:00,1790949240,PATH,13.225000381469727,13.229999542236328,13.210000038146973,13.220000267028809,62041
2026-10-02 09:55:00,1790949300,PATH,13.225000381469727,13.289999961853027,13.225000381469727,13.289999961853027,41963
2026-10-02 09:56:00,1790949360,PATH,13.289999961853027,13.295000076293945,13.25,13.255000114440918,146895
2026-10-02 09:57:00,1790949420,PATH,13.255000114440918,13.274999618530273,13.25,13.265000343322754,68803
2026-10-02 09:58:00,1790949480,PATH,13.265000343322754,13.28499984741211,13.265000343322754,13.279999732971191,35349
2026-10-02 09:59:00,1790949540,PATH,13.28499984741211,13.3100004196167,13.28499984741211,13.300000190734863,65227
2026-10-02 10:00:00,1790949600,PATH,13.289999961853027,13.324999809265137,13.28499984741211,13.324999809265137,56689
2026-10-02 10:01:00,1790949660,PATH,13.324999809265137,13.324999809265137,13.239999771118164,13.239999771118164,37687
2026-10-02 10:02:00,1790949720,PATH,13.234999656677246,13.265000343322754,13.234999656677246,13.255000114440918,49590
2026-10-02 10:03:00,1790949780,PATH,13.247200012207031,13.247200012207031,13.220000267028809,13.2298002243042,15802
2026-10-02 10:04:00,1790949840,PATH,13.199999809265137,13.225000381469727,13.199999809265137,13.199999809265137,20926
2026-10-02 10:05:00,1790949900,PATH,13.210000038146973,13.229999542236328,13.194999694824219,13.194999694824219,41139
2026-10-02 10:06:00,1790949960,PATH,13.1899995803833,13.1899995803833,13.154999732971191,13.1850004196167,55215
2026-10-02 10:07:00,1790950020,PATH,13.1850004196167,13.210000038146973,13.180000305175781,13.194999694824219,24063
2026-10-02 10:08:00,1790950080,PATH,13.1899995803833,13.210000038146973,13.1899995803833,13.204999923706055,46686
2026-10-02 10:09:00,1790950140,PATH,13.210000038146973,13.229999542236328,13.204999923706055,13.225000381469727,76361
2026-10-02 10:10:00,1790950200,PATH,13.225000381469727,13.239999771118164,13.210000038146973,13.210000038146973,19011
2026-10-02 10:11:00,1790950260,PATH,13.215100288391113,13.215100288391113,13.180000305175781,13.180399894714355,76618
2026-10-02 10:12:00,1790950320,PATH,13.1899995803833,13.199999809265137,13.175000190734863,13.1850004196167,17121
2026-10-02 10:13:00,1790950380,PATH,13.1850004196167,13.1899995803833,13.175000190734863,13.180000305175781,11139
2026-10-02 10:14:00,1790950440,PATH,13.1850004196167,13.1850004196167,13.170000076293945,13.175000190734863,28299
2026-10-02 10:15:00,1790950500,PATH,13.170000076293945,13.1899995803833,13.149999618530273,13.180100440979004,94605
2026-10-02 10:16:00,1790950560,PATH,13.180000305175781,13.210000038146973,13.180000305175781,13.194999694824219,37144
2026-10-02 10:17:00,1790950620,PATH,13.199999809265137,13.210000038146973,13.194999694824219,13.194999694824219,16819
2026-10-02 10:18:00,1790950680,PATH,13.193900108337402,13.220000267028809,13.1899995803833,13.220000267028809,66626
2026-10-02 10:19:00,1790950740,PATH,13.219900131225586,13.239999771118164,13.210100173950195,13.228899955749512,47320
2026-10-02 10:20:00,1790950800,PATH,13.229999542236328,13.239999771118164,13.210000038146973,13.234999656677246,42626
2026-10-02 10:21:00,1790950860,PATH,13.239999771118164,13.24779987335205,13.220100402832031,13.234999656677246,58224
2026-10-02 10:22:00,1790950920,PATH,13.210000038146973,13.239999771118164,13.210000038146973,13.210000038146973,29948
2026-10-02 10:23:00,1790950980,PATH,13.199999809265137,13.199999809265137,13.130000114440918,13.135600090026855,73546
2026-10-02 10:24:00,1790951040,PATH,13.140000343322754,13.149999618530273,13.140000343322754,13.145000457763672,68855
2026-10-02 10:25:00,1790951100,PATH,13.140000343322754,13.140000343322754,13.130000114440918,13.130000114440918,49823
2026-10-02 10:26:00,1790951160,PATH,13.135000228881836,13.140000343322754,13.130000114440918,13.137800216674805,25518
2026-10-02 10:27:00,1790951220,PATH,13.140000343322754,13.140000343322754,13.125,13.125,27607
2026-10-02 10:28:00,1790951280,PATH,13.125,13.130000114440918,13.100000381469727,13.104999542236328,64698
2026-10-02 10:29:00,1790951340,PATH,13.104999542236328,13.10990047454834,13.069999694824219,13.069999694824219,31247
2026-10-02 10:30:00,1790951400,PATH,13.074999809265137,13.086469650268555,13.069999694824219,13.085000038146973,47194
2026-10-02 10:31:00,1790951460,PATH,13.085000038146973,13.100000381469727,13.085000038146973,13.09000015258789,42896
2026-10-02 10:32:00,1790951520,PATH,13.095000267028809,13.114999771118164,13.095000267028809,13.104999542236328,20358
2026-10-02 10:33:00,1790951580,PATH,13.104999542236328,13.130000114440918,13.100000381469727,13.125,79440
2026-10-02 10:34:00,1790951640,PATH,13.125,13.145000457763672,13.119999885559082,13.145000457763672,71994
2026-10-02 10:35:00,1790951700,PATH,13.145000457763672,13.149999618530273,13.140000343322754,13.145000457763672,23384
2026-10-02 10:36:00,1790951760,PATH,13.140000343322754,13.149999618530273,13.119999885559082,13.135000228881836,62515
2026-10-02 10:37:00,1790951820,PATH,13.135000228881836,13.149999618530273,13.135000228881836,13.140000343322754,59561
2026-10-02 10:38:00,1790951880,PATH,13.140000343322754,13.149999618530273,13.140000343322754,13.146370887756348,4547
2026-10-02 10:39:00,1790951940,PATH,13.145000457763672,13.145000457763672,13.130000114440918,13.130000114440918,15707
2026-10-02 10:40:00,1790952000,PATH,13.130000114440918,13.135100364685059,13.130000114440918,13.130000114440918,19784
2026-10-02 10:41:00,1790952060,PATH,13.130000114440918,13.149999618530273,13.130000114440918,13.140000343322754,34432
2026-10-02 10:42:00,1790952120,PATH,13.149499893188477,13.151100158691406,13.142000198364258,13.14430046081543,44281
2026-10-02 10:43:00,1790952180,PATH,13.140000343322754,13.149999618530273,13.135000228881836,13.145000457763672,18553
2026-10-02 10:44:00,1790952240,PATH,13.145000457763672,13.145000457763672,13.130000114440918,13.145000457763672,19102
2026-10-02 10:45:00,1790952300,PATH,13.145000457763672,13.145000457763672,13.123299598693848,13.135000228881836,60765
2026-10-02 10:46:00,1790952360,PATH,13.140000343322754,13.147600173950195,13.130000114440918,13.145000457763672,44053
2026-10-02 10:47:00,1790952420,PATH,13.145000457763672,13.154999732971191,13.140000343322754,13.154999732971191,54019
2026-10-02 10:48:00,1790952480,PATH,13.154999732971191,13.15999984741211,13.140000343322754,13.145000457763672,37997
2026-10-02 10:49:00,1790952540,PATH,13.145000457763672,13.170000076293945,13.145000457763672,13.164999961853027,72983
2026-10-02 10:50:00,1790952600,PATH,13.169899940490723,13.170000076293945,13.163800239562988,13.164999961853027,19940
2026-10-02 10:51:00,1790952660,PATH,13.15999984741211,13.170000076293945,13.15999984741211,13.164999961853027,41219
2026-10-02 10:52:00,1790952720,PATH,13.15999984741211,13.180000305175781,13.149999618530273,13.154999732971191,70987
2026-10-02 10:53:00,1790952780,PATH,13.154999732971191,13.164999961853027,13.149999618530273,13.160099983215332,22183
2026-10-02 10:54:00,1790952840,PATH,13.164999961853027,13.164999961853027,13.140000343322754,13.14009952545166,23889
2026-10-02 10:55:00,1790952900,PATH,13.140000343322754,13.145000457763672,13.130000114440918,13.145000457763672,26454
2026-10-02 10:56:00,1790952960,PATH,13.141300201416016,13.170000076293945,13.141300201416016,13.15999984741211,27984
2026-10-02 10:57:00,1790953020,PATH,13.154999732971191,13.159899711608887,13.149999618530273,13.149999618530273,21633
2026-10-02 10:58:00,1790953080,PATH,13.149999618530273,13.16637134552002,13.130000114440918,13.130000114440918,17265
2026-10-02 10:59:00,1790953140,PATH,13.135000228881836,13.145000457763672,13.130000114440918,13.135000228881836,18976
2026-10-02 11:00:00,1790953200,PATH,13.135000228881836,13.135000228881836,13.119999885559082,13.125,23629
2026-10-02 11:01:00,1790953260,PATH,13.125,13.135000228881836,13.121800422668457,13.128499984741211,24715
2026-10-02 11:02:00,1790953320,PATH,13.125,13.135000228881836,13.114999771118164,13.119999885559082,41436
2026-10-02 11:03:00,1790953380,PATH,13.125,13.140000343322754,13.114999771118164,13.119999885559082,62140
2026-10-02 11:04:00,1790953440,PATH,13.125,13.125,13.109999656677246,13.114999771118164,7958
2026-10-02 11:05:00,1790953500,PATH,13.110099792480469,13.114999771118164,13.09160041809082,13.095000267028809,45596
2026-10-02 11:06:00,1790953560,PATH,13.085000038146973,13.09689998626709,13.079999923706055,13.085000038146973,21923
2026-10-02 11:07:00,1790953620,PATH,13.079999923706055,13.085000038146973,13.070099830627441,13.07509994506836,47412
2026-10-02 11:08:00,1790953680,PATH,13.085000038146973,13.09000015258789,13.069999694824219,13.085000038146973,69494
2026-10-02 11:09:00,1790953740,PATH,13.085000038146973,13.085000038146973,13.0600004196167,13.0649995803833,47465
2026-10-02 11:10:00,1790953800,PATH,13.0649995803833,13.085000038146973,13.058300018310547,13.059200286865234,80034
2026-10-02 11:11:00,1790953860,PATH,13.050000190734863,13.069999694824219,13.050000190734863,13.0649995803833,62091
2026-10-02 11:12:00,1790953920,PATH,13.069999694824219,13.069999694824219,13.029999732971191,13.029999732971191,135336
2026-10-02 11:13:00,1790953980,PATH,13.03499984741211,13.0600004196167,13.029999732971191,13.050999641418457,120616
2026-10-02 11:14:00,1790954040,PATH,13.050000190734863,13.079999923706055,13.050000190734863,13.074999809265137,44317
2026-10-02 11:15:00,1790954100,PATH,13.074999809265137,13.079999923706055,13.051199913024902,13.055000305175781,36854
2026-10-02 11:16:00,1790954160,PATH,13.055000305175781,13.069999694824219,13.039999961853027,13.045000076293945,38645
2026-10-02 11:17:00,1790954220,PATH,13.045000076293945,13.055000305175781,13.03499984741211,13.03499984741211,44913
2026-10-02 11:18:00,1790954280,PATH,13.039999961853027,13.0600004196167,13.032299995422363,13.045000076293945,72899
2026-10-02 11:19:00,1790954340,PATH,13.04699993133545,13.055000305175781,13.031999588012695,13.03499984741211,23788
2026-10-02 11:20:00,1790954400,PATH,13.030099868774414,13.03499984741211,13.020000457763672,13.024999618530273,13154
2026-10-02 11:21:00,1790954460,PATH,13.024999618530273,13.055000305175781,13.021900177001953,13.04990005493164,50438
2026-10-02 11:22:00,1790954520,PATH,13.050000190734863,13.066499710083008,13.050000190734863,13.066499710083008,41402
2026-10-02 11:23:00,1790954580,PATH,13.0600004196167,13.074999809265137,13.055000305175781,13.0649995803833,42862
2026-10-02 11:24:00,1790954640,PATH,13.0649995803833,13.069999694824219,13.039999961853027,13.039999961853027,30325
2026-10-02 11:25:00,1790954700,PATH,13.045000076293945,13.045000076293945,13.024999618530273,13.024999618530273,37167
2026-10-02 11:26:00,1790954760,PATH,13.024999618530273,13.03499984741211,13.020000457763672,13.03030014038086,44032
2026-10-02 11:27:00,1790954820,PATH,13.03499984741211,13.039999961853027,13.029999732971191,13.029999732971191,7939
2026-10-02 11:28:00,1790954880,PATH,13.03499984741211,13.050000190734863,13.03499984741211,13.039999961853027,63450
2026-10-02 11:29:00,1790954940,PATH,13.044099807739258,13.0600004196167,13.044099807739258,13.055000305175781,24612
2026-10-02 11:30:00,1790955000,PATH,13.055000305175781,13.0600004196167,13.050000190734863,13.055000305175781,7958
2026-10-02 11:31:00,1790955060,PATH,13.055000305175781,13.069899559020996,13.050000190734863,13.0649995803833,60891
2026-10-02 11:32:00,1790955120,PATH,13.0649995803833,13.0649995803833,13.039999961853027,13.041600227355957,51621
2026-10-02 11:33:00,1790955180,PATH,13.04010009765625,13.055000305175781,13.04010009765625,13.050000190734863,60426
2026-10-02 11:34:00,1790955240,PATH,13.050100326538086,13.059900283813477,13.050100326538086,13.055000305175781,37808
2026-10-02 11:35:00,1790955300,PATH,13.0600004196167,13.085000038146973,13.053999900817871,13.055000305175781,85219
2026-10-02 11:36:00,1790955360,PATH,13.055000305175781,13.0600004196167,13.050000190734863,13.0600004196167,23662
2026-10-02 11:37:00,1790955420,PATH,13.058300018310547,13.079999923706055,13.055000305175781,13.074999809265137,69124
2026-10-02 11:38:00,1790955480,PATH,13.070099830627441,13.09000015258789,13.069999694824219,13.085000038146973,35969
2026-10-02 11:39:00,1790955540,PATH,13.085000038146973,13.085000038146973,13.069999694824219,13.069999694824219,84879
2026-10-02 11:40:00,1790955600,PATH,13.074999809265137,13.074999809265137,13.0600004196167,13.0649995803833,38290
2026-10-02 11:41:00,1790955660,PATH,13.0600004196167,13.065299987792969,13.050000190734863,13.0649995803833,69415
2026-10-02 11:42:00,1790955720,PATH,13.069899559020996,13.069999694824219,13.0600004196167,13.0649995803833,61624
2026-10-02 11:43:00,1790955780,PATH,13.0649995803833,13.0649995803833,13.050000190734863,13.050000190734863,43191
2026-10-02 11:44:00,1790955840,PATH,13.055000305175781,13.0600004196167,13.050000190734863,13.055000305175781,23906
2026-10-02 11:45:00,1790955900,PATH,13.0600004196167,13.074999809265137,13.055000305175781,13.0649995803833,48402
2026-10-02 11:46:00,1790955960,PATH,13.0649995803833,13.069999694824219,13.055000305175781,13.0649995803833,56719
2026-10-02 11:47:00,1790956020,PATH,13.0649995803833,13.069899559020996,13.055000305175781,13.0649995803833,57914
2026-10-02 11:48:00,1790956080,PATH,13.0649995803833,13.079999923706055,13.0649995803833,13.069999694824219,17625
2026-10-02 11:49:00,1790956140,PATH,13.0649995803833,13.069999694824219,13.0649995803833,13.0649995803833,62431
2026-10-02 11:50:00,1790956200,PATH,13.0600004196167,13.0649995803833,13.039999961853027,13.04010009765625,32224
2026-10-02 11:51:00,1790956260,PATH,13.045000076293945,13.050000190734863,13.040599822998047,13.045000076293945,33280
2026-10-02 11:52:00,1790956320,PATH,13.045000076293945,13.050000190734863,13.039999961853027,13.039999961853027,4966
2026-10-02 11:53:00,1790956380,PATH,13.042200088500977,13.050000190734863,13.03499984741211,13.03499984741211,29941
2026-10-02 11:54:00,1790956440,PATH,13.03499984741211,13.039999961853027,13.032299995422363,13.032299995422363,12833
2026-10-02 11:55:00,1790956500,PATH,13.03499984741211,13.03499984741211,13.020000457763672,13.024999618530273,23185
2026-10-02 11:56:00,1790956560,PATH,13.024999618530273,13.039999961853027,13.024999618530273,13.039999961853027,21705
2026-10-02 11:57:00,1790956620,PATH,13.029999732971191,13.03499984741211,13.020000457763672,13.020000457763672,9058
2026-10-02 11:58:00,1790956680,PATH,13.024999618530273,13.03499984741211,13.020000457763672,13.03499984741211,72192
2026-10-02 11:59:00,1790956740,PATH,13.03499984741211,13.0600004196167,13.03499984741211,13.055000305175781,14646
2026-10-02 12:00:00,1790956800,PATH,13.0600004196167,13.0649995803833,13.050100326538086,13.055000305175781,57404
2026-10-02 12:01:00,1790956860,PATH,13.055000305175781,13.069999694824219,13.050100326538086,13.0649995803833,46324
2026-10-02 12:02:00,1790956920,PATH,13.0649995803833,13.069999694824219,13.050000190734863,13.0649995803833,47097
2026-10-02 12:03:00,1790956980,PATH,13.0649995803833,13.074999809265137,13.0600004196167,13.0649995803833,30432
2026-10-02 12:04:00,1790957040,PATH,13.0649995803833,13.069999694824219,13.0600004196167,13.069700241088867,33548
2026-10-02 12:05:00,1790957100,PATH,13.069899559020996,13.074999809265137,13.0600004196167,13.0649995803833,75123
2026-10-02 12:06:00,1790957160,PATH,13.062199592590332,13.096400260925293,13.0600004196167,13.085000038146973,104775
2026-10-02 12:07:00,1790957220,PATH,13.085000038146973,13.114999771118164,13.085000038146973,13.104999542236328,104367
2026-10-02 12:08:00,1790957280,PATH,13.104999542236328,13.119999885559082,13.104999542236328,13.114999771118164,14532
2026-10-02 12:09:00,1790957340,PATH,13.114999771118164,13.114999771118164,13.100000381469727,13.104999542236328,26947
2026-10-02 12:10:00,1790957400,PATH,13.104999542236328,13.104999542236328,13.095000267028809,13.100000381469727,58903
2026-10-02 12:11:00,1790957460,PATH,13.100000381469727,13.109999656677246,13.09000015258789,13.095000267028809,112327
2026-10-02 12:12:00,1790957520,PATH,13.095000267028809,13.100000381469727,13.09000015258789,13.095000267028809,10505
2026-10-02 12:13:00,1790957580,PATH,13.095000267028809,13.100000381469727,13.09000015258789,13.095000267028809,49593
2026-10-02 12:14:00,1790957640,PATH,13.095000267028809,13.100000381469727,13.09000015258789,13.095000267028809,47782
2026-10-02 12:15:00,1790957700,PATH,13.09000015258789,13.100000381469727,13.09000015258789,13.095000267028809,11427
2026-10-02 12:16:00,1790957760,PATH,13.095000267028809,13.100000381469727,13.09000015258789,13.095000267028809,5559
2026-10-02 12:17:00,1790957820,PATH,13.100000381469727,13.100000381469727,13.085000038146973,13.085000038146973,15929
2026-10-02 12:18:00,1790957880,PATH,13.083999633789062,13.085000038146973,13.079999923706055,13.082200050354004,9654
2026-10-02 12:19:00,1790957940,PATH,13.09000015258789,13.09000015258789,13.079999923706055,13.09000015258789,17054
2026-10-02 12:20:00,1790958000,PATH,13.085000038146973,13.086199760437012,13.079999923706055,13.086199760437012,3241
2026-10-02 12:21:00,1790958060,PATH,13.09000015258789,13.09000015258789,13.085000038146973,13.085000038146973,3372
2026-10-02 12:22:00,1790958120,PATH,13.080599784851074,13.09000015258789,13.0600004196167,13.0649995803833,62939
2026-10-02 12:23:00,1790958180,PATH,13.069899559020996,13.069999694824219,13.0600004196167,13.0649995803833,13143
2026-10-02 12:24:00,1790958240,PATH,13.060099601745605,13.0649995803833,13.052499771118164,13.055000305175781,47924
2026-10-02 12:25:00,1790958300,PATH,13.0649995803833,13.065500259399414,13.055000305175781,13.0649995803833,53445
2026-10-02 12:26:00,1790958360,PATH,13.0600004196167,13.0649995803833,13.055000305175781,13.057499885559082,32625
2026-10-02 12:27:00,1790958420,PATH,13.055000305175781,13.055000305175781,13.050000190734863,13.055000305175781,4167
2026-10-02 12:28:00,1790958480,PATH,13.055000305175781,13.055000305175781,13.051199913024902,13.052800178527832,3756
2026-10-02 12:29:00,1790958540,PATH,13.055000305175781,13.055999755859375,13.050000190734863,13.055000305175781,7713
2026-10-02 12:30:00,1790958600,PATH,13.051799774169922,13.055000305175781,13.051799774169922,13.055000305175781,11872
2026-10-02 12:31:00,1790958660,PATH,13.059000015258789,13.069999694824219,13.050000190734863,13.0649995803833,61664
2026-10-02 12:32:00,1790958720,PATH,13.0649995803833,13.09000015258789,13.0649995803833,13.089900016784668,27915
2026-10-02 12:33:00,1790958780,PATH,13.089900016784668,13.100000381469727,13.089400291442871,13.095000267028809,61526
2026-10-02 12:34:00,1790958840,PATH,13.095000267028809,13.100000381469727,13.083999633789062,13.09000015258789,92659
2026-10-02 12:35:00,1790958900,PATH,13.095000267028809,13.095000267028809,13.095000267028809,13.095000267028809,7358
2026-10-02 12:36:00,1790958960,PATH,13.095000267028809,13.109999656677246,13.079999923706055,13.104999542236328,50932
2026-10-02 12:37:00,1790959020,PATH,13.104999542236328,13.114999771118164,13.100000381469727,13.111100196838379,89082
2026-10-02 12:38:00,1790959080,PATH,13.110099792480469,13.125,13.100000381469727,13.125,103204
2026-10-02 12:39:00,1790959140,PATH,13.119999885559082,13.130000114440918,13.109999656677246,13.128700256347656,104501
2026-10-02 12:40:00,1790959200,PATH,13.125,13.125,13.104999542236328,13.104999542236328,155934
2026-10-02 12:41:00,1790959260,PATH,13.104999542236328,13.10990047454834,13.100000381469727,13.104999542236328,50923
2026-10-02 12:42:00,1790959320,PATH,13.100299835205078,13.109999656677246,13.095000267028809,13.104999542236328,50149
2026-10-02 12:43:00,1790959380,PATH,13.109999656677246,13.119999885559082,13.104999542236328,13.104999542236328,62354
2026-10-02 12:44:00,1790959440,PATH,13.104999542236328,13.125,13.100000381469727,13.125,21343
2026-10-02 12:45:00,1790959500,PATH,13.119999885559082,13.125,13.109999656677246,13.114999771118164,41602
2026-10-02 12:46:00,1790959560,PATH,13.114999771118164,13.130000114440918,13.114999771118164,13.125,58009
2026-10-02 12:47:00,1790959620,PATH,13.119999885559082,13.140000343322754,13.119999885559082,13.136199951171875,62109
2026-10-02 12:48:00,1790959680,PATH,13.135000228881836,13.149900436401367,13.133199691772461,13.145000457763672,62417
2026-10-02 12:49:00,1790959740,PATH,13.145000457763672,13.149999618530273,13.119999885559082,13.125,215552
2026-10-02 12:50:00,1790959800,PATH,13.119999885559082,13.127400398254395,13.119999885559082,13.125,43888
2026-10-02 12:51:00,1790959860,PATH,13.125,13.125,13.119999885559082,13.119999885559082,16713
2026-10-02 12:52:00,1790959920,PATH,13.125,13.130000114440918,13.114999771118164,13.125,53773
2026-10-02 12:53:00,1790959980,PATH,13.119999885559082,13.130000114440918,13.119999885559082,13.130000114440918,40952
2026-10-02 12:54:00,1790960040,PATH,13.140000343322754,13.149999618530273,13.140000343322754,13.145000457763672,46624
2026-10-02 12:55:00,1790960100,PATH,13.145000457763672,13.154999732971191,13.140000343322754,13.145000457763672,34566
2026-10-02 12:56:00,1790960160,PATH,13.145000457763672,13.149999618530273,13.14009952545166,13.14009952545166,16187
2026-10-02 12:57:00,1790960220,PATH,13.145000457763672,13.149999618530273,13.140000343322754,13.149999618530273,11373
2026-10-02 12:58:00,1790960280,PATH,13.145000457763672,13.145700454711914,13.140000343322754,13.145000457763672,10956
2026-10-02 12:59:00,1790960340,PATH,13.140000343322754,13.145000457763672,13.130000114440918,13.130000114440918,55364
2026-10-02 13:00:00,1790960400,PATH,13.13010025024414,13.135000228881836,13.124099731445312,13.131099700927734,46359
2026-10-02 13:01:00,1790960460,PATH,13.135000228881836,13.139900207519531,13.130000114440918,13.130000114440918,23711
2026-10-02 13:02:00,1790960520,PATH,13.13010025024414,13.140000343322754,13.130000114440918,13.135000228881836,8605
2026-10-02 13:03:00,1790960580,PATH,13.130000114440918,13.139900207519531,13.119999885559082,13.119999885559082,36297
2026-10-02 13:04:00,1790960640,PATH,13.119999885559082,13.130000114440918,13.119999885559082,13.125,72379
2026-10-02 13:05:00,1790960700,PATH,13.125,13.130000114440918,13.119999885559082,13.130000114440918,19528
2026-10-02 13:06:00,1790960760,PATH,13.128100395202637,13.130000114440918,13.103599548339844,13.103599548339844,29569
2026-10-02 13:07:00,1790960820,PATH,13.100000381469727,13.109999656677246,13.100000381469727,13.104999542236328,11220
2026-10-02 13:08:00,1790960880,PATH,13.104999542236328,13.109999656677246,13.095000267028809,13.095000267028809,28265
2026-10-02 13:09:00,1790960940,PATH,13.095999717712402,13.10990047454834,13.09000015258789,13.100000381469727,35542
2026-10-02 13:10:00,1790961000,PATH,13.107799530029297,13.107799530029297,13.092700004577637,13.104999542236328,23761
2026-10-02 13:11:00,1790961060,PATH,13.104999542236328,13.104999542236328,13.100000381469727,13.104999542236328,8841
2026-10-02 13:12:00,1790961120,PATH,13.104999542236328,13.109999656677246,13.100000381469727,13.100000381469727,14003
2026-10-02 13:13:00,1790961180,PATH,13.100099563598633,13.109999656677246,13.095000267028809,13.095000267028809,63995
2026-10-02 13:14:00,1790961240,PATH,13.095000267028809,13.100000381469727,13.079999923706055,13.090200424194336,26574
2026-10-02 13:15:00,1790961300,PATH,13.09000015258789,13.109999656677246,13.09000015258789,13.103400230407715,23061
2026-10-02 13:16:00,1790961360,PATH,13.104999542236328,13.105500221252441,13.095000267028809,13.104999542236328,53960
2026-10-02 13:17:00,1790961420,PATH,13.104999542236328,13.104999542236328,13.100000381469727,13.104999542236328,27801
2026-10-02 13:18:00,1790961480,PATH,13.100000381469727,13.109999656677246,13.100000381469727,13.10890007019043,47252
2026-10-02 13:19:00,1790961540,PATH,13.104999542236328,13.109999656677246,13.095000267028809,13.095000267028809,45830
2026-10-02 13:20:00,1790961600,PATH,13.095000267028809,13.104999542236328,13.085000038146973,13.095000267028809,106054
2026-10-02 13:21:00,1790961660,PATH,13.095000267028809,13.097900390625,13.079999923706055,13.079999923706055,50261
2026-10-02 13:22:00,1790961720,PATH,13.079999923706055,13.085000038146973,13.074999809265137,13.085000038146973,75363
2026-10-02 13:23:00,1790961780,PATH,13.085000038146973,13.087400436401367,13.074999809265137,13.076600074768066,46767
2026-10-02 13:24:00,1790961840,PATH,13.073800086975098,13.074999809265137,13.0600004196167,13.072600364685059,79334
2026-10-02 13:25:00,1790961900,PATH,13.074999809265137,13.079999923706055,13.0600004196167,13.0649995803833,38812
2026-10-02 13:26:00,1790961960,PATH,13.0649995803833,13.0649995803833,13.055000305175781,13.0649995803833,59348
2026-10-02 13:27:00,1790962020,PATH,13.0649995803833,13.074999809265137,13.0600004196167,13.074999809265137,95651
2026-10-02 13:28:00,1790962080,PATH,13.079999923706055,13.079999923706055,13.069999694824219,13.077799797058105,26460
2026-10-02 13:29:00,1790962140,PATH,13.074999809265137,13.074999809265137,13.0600004196167,13.0649995803833,62622
2026-10-02 13:30:00,1790962200,PATH,13.062700271606445,13.074999809265137,13.062700271606445,13.06820011138916,62975
2026-10-02 13:31:00,1790962260,PATH,13.0649995803833,13.074999809265137,13.0649995803833,13.070099830627441,51361
2026-10-02 13:32:00,1790962320,PATH,13.074999809265137,13.077400207519531,13.070099830627441,13.077400207519531,6746
2026-10-02 13:33:00,1790962380,PATH,13.074999809265137,13.079899787902832,13.069999694824219,13.069999694824219,15085
2026-10-02 13:34:00,1790962440,PATH,13.074999809265137,13.074999809265137,13.0600004196167,13.069999694824219,45503
2026-10-02 13:35:00,1790962500,PATH,13.065999984741211,13.069999694824219,13.0600004196167,13.0600004196167,16176
2026-10-02 13:36:00,1790962560,PATH,13.0649995803833,13.06879997253418,13.0649995803833,13.0649995803833,32556
2026-10-02 13:37:00,1790962620,PATH,13.0649995803833,13.074999809265137,13.0649995803833,13.074999809265137,41183
2026-10-02 13:38:00,1790962680,PATH,13.074999809265137,13.074999809265137,13.0649995803833,13.0649995803833,49638
2026-10-02 13:39:00,1790962740,PATH,13.0649995803833,13.069999694824219,13.055000305175781,13.0649995803833,44830
2026-10-02 13:40:00,1790962800,PATH,13.0649995803833,13.0649995803833,13.0600004196167,13.0649995803833,5454
2026-10-02 13:41:00,1790962860,PATH,13.069999694824219,13.069999694824219,13.0649995803833,13.0649995803833,12272
2026-10-02 13:42:00,1790962920,PATH,13.0649995803833,13.065099716186523,13.0600004196167,13.0600004196167,27188
2026-10-02 13:43:00,1790962980,PATH,13.061800003051758,13.0649995803833,13.050000190734863,13.053000450134277,46406
2026-10-02 13:44:00,1790963040,PATH,13.055000305175781,13.0649995803833,13.050000190734863,13.0649995803833,45247
2026-10-02 13:45:00,1790963100,PATH,13.060099601745605,13.069999694824219,13.060099601745605,13.0649995803833,11655
2026-10-02 13:46:00,1790963160,PATH,13.0649995803833,13.069999694824219,13.0600004196167,13.0649995803833,35058
2026-10-02 13:47:00,1790963220,PATH,13.0649995803833,13.069999694824219,13.0600004196167,13.0649995803833,13225
2026-10-02 13:48:00,1790963280,PATH,13.0649995803833,13.069999694824219,13.0600004196167,13.0649995803833,7366
2026-10-02 13:49:00,1790963340,PATH,13.065099716186523,13.065099716186523,13.0600004196167,13.0600004196167,9925
2026-10-02 13:50:00,1790963400,PATH,13.0649995803833,13.0649995803833,13.04990005493164,13.0649995803833,51074
2026-10-02 13:51:00,1790963460,PATH,13.0649995803833,13.0649995803833,13.0625,13.0625,13990
2026-10-02 13:52:00,1790963520,PATH,13.0649995803833,13.069999694824219,13.0600004196167,13.0600004196167,42986
2026-10-02 13:53:00,1790963580,PATH,13.0600004196167,13.0600004196167,13.050000190734863,13.055000305175781,40390
2026-10-02 13:54:00,1790963640,PATH,13.050000190734863,13.055000305175781,13.050000190734863,13.055000305175781,8908
2026-10-02 13:55:00,1790963700,PATH,13.050000190734863,13.055000305175781,13.050000190734863,13.053199768066406,6392
2026-10-02 13:56:00,1790963760,PATH,13.055000305175781,13.0600004196167,13.055000305175781,13.059900283813477,13963
2026-10-02 13:57:00,1790963820,PATH,13.055000305175781,13.0600004196167,13.050000190734863,13.050100326538086,18532
2026-10-02 13:58:00,1790963880,PATH,13.055000305175781,13.055000305175781,13.039999961853027,13.048100471496582,53611
2026-10-02 13:59:00,1790963940,PATH,13.039999961853027,13.0600004196167,13.03499984741211,13.0600004196167,63218
2026-10-02 14:00:00,1790964000,PATH,13.055000305175781,13.069999694824219,13.055000305175781,13.0649995803833,84195
2026-10-02 14:01:00,1790964060,PATH,13.0649995803833,13.069899559020996,13.0600004196167,13.0649995803833,13219
2026-10-02 14:02:00,1790964120,PATH,13.0649995803833,13.0649995803833,13.050000190734863,13.0600004196167,24202
2026-10-02 14:03:00,1790964180,PATH,13.055000305175781,13.069999694824219,13.055000305175781,13.055000305175781,55212
2026-10-02 14:04:00,1790964240,PATH,13.059800148010254,13.079999923706055,13.059800148010254,13.079899787902832,53434
2026-10-02 14:05:00,1790964300,PATH,13.074999809265137,13.085000038146973,13.074999809265137,13.084400177001953,39051
2026-10-02 14:06:00,1790964360,PATH,13.085000038146973,13.09000015258789,13.070099830627441,13.074999809265137,13433
2026-10-02 14:07:00,1790964420,PATH,13.074999809265137,13.079999923706055,13.0649995803833,13.0649995803833,22617
2026-10-02 14:08:00,1790964480,PATH,13.0649995803833,13.0649995803833,13.055000305175781,13.055000305175781,57214
2026-10-02 14:09:00,1790964540,PATH,13.05370044708252,13.055000305175781,13.05370044708252,13.055000305175781,3263
2026-10-02 14:10:00,1790964600,PATH,13.055000305175781,13.055000305175781,13.050000190734863,13.050000190734863,29417
2026-10-02 14:11:00,1790964660,PATH,13.055100440979004,13.0600004196167,13.050000190734863,13.055000305175781,17084
2026-10-02 14:12:00,1790964720,PATH,13.055000305175781,13.0600004196167,13.055000305175781,13.055000305175781,45594
2026-10-02 14:13:00,1790964780,PATH,13.059900283813477,13.069999694824219,13.055000305175781,13.063899993896484,73552
2026-10-02 14:14:00,1790964840,PATH,13.0649995803833,13.079999923706055,13.0600004196167,13.074999809265137,30349
2026-10-02 14:15:00,1790964900,PATH,13.074999809265137,13.079999923706055,13.0600004196167,13.074999809265137,44194
2026-10-02 14:16:00,1790964960,PATH,13.074999809265137,13.085000038146973,13.069999694824219,13.085000038146973,53802
2026-10-02 14:17:00,1790965020,PATH,13.085000038146973,13.087800025939941,13.079999923706055,13.087800025939941,8614
2026-10-02 14:18:00,1790965080,PATH,13.079999923706055,13.079999923706055,13.050000190734863,13.050000190734863,57628
2026-10-02 14:19:00,1790965140,PATH,13.055000305175781,13.074999809265137,13.055000305175781,13.074999809265137,44256
2026-10-02 14:20:00,1790965200,PATH,13.074999809265137,13.079999923706055,13.069999694824219,13.074999809265137,39255
2026-10-02 14:21:00,1790965260,PATH,13.074999809265137,13.07919979095459,13.074999809265137,13.074999809265137,20116
2026-10-02 14:22:00,1790965320,PATH,13.074999809265137,13.079999923706055,13.069999694824219,13.079999923706055,6780
2026-10-02 14:23:00,1790965380,PATH,13.069999694824219,13.074999809265137,13.0649995803833,13.0649995803833,10320
2026-10-02 14:24:00,1790965440,PATH,13.0649995803833,13.069999694824219,13.0600004196167,13.069999694824219,2911
2026-10-02 14:25:00,1790965500,PATH,13.0649995803833,13.069999694824219,13.0600004196167,13.0649995803833,4489
2026-10-02 14:26:00,1790965560,PATH,13.0649995803833,13.0649995803833,13.0600004196167,13.0649995803833,31704
2026-10-02 14:27:00,1790965620,PATH,13.06470012664795,13.069999694824219,13.055000305175781,13.0649995803833,81710
2026-10-02 14:28:00,1790965680,PATH,13.0649995803833,13.069999694824219,13.0600004196167,13.0600004196167,11431
2026-10-02 14:29:00,1790965740,PATH,13.0649995803833,13.069999694824219,13.055000305175781,13.060400009155273,60197
2026-10-02 14:30:00,1790965800,PATH,13.0600004196167,13.065099716186523,13.0600004196167,13.0649995803833,19977
2026-10-02 14:31:00,1790965860,PATH,13.0649995803833,13.069999694824219,13.0600004196167,13.0600004196167,36183
2026-10-02 14:32:00,1790965920,PATH,13.0600004196167,13.079999923706055,13.0600004196167,13.074999809265137,52240
2026-10-02 14:33:00,1790965980,PATH,13.079999923706055,13.09000015258789,13.069999694824219,13.079999923706055,60742
2026-10-02 14:34:00,1790966040,PATH,13.085000038146973,13.09000015258789,13.074999809265137,13.085000038146973,51492
2026-10-02 14:35:00,1790966100,PATH,13.085000038146973,13.085000038146973,13.074999809265137,13.081700325012207,42827
2026-10-02 14:36:00,1790966160,PATH,13.085000038146973,13.09000015258789,13.079999923706055,13.085000038146973,4546
2026-10-02 14:37:00,1790966220,PATH,13.085000038146973,13.085000038146973,13.079999923706055,13.083900451660156,5122
2026-10-02 14:38:00,1790966280,PATH,13.085000038146973,13.09000015258789,13.079999923706055,13.089900016784668,32765
2026-10-02 14:39:00,1790966340,PATH,13.089900016784668,13.09000015258789,13.079999923706055,13.085000038146973,19516
2026-10-02 14:40:00,1790966400,PATH,13.09000015258789,13.09000015258789,13.085000038146973,13.09000015258789,6297
2026-10-02 14:41:00,1790966460,PATH,13.085000038146973,13.109999656677246,13.0802001953125,13.095000267028809,65427
2026-10-02 14:42:00,1790966520,PATH,13.098899841308594,13.100000381469727,13.09000015258789,13.092300415039062,24834
2026-10-02 14:43:00,1790966580,PATH,13.095000267028809,13.100000381469727,13.09000015258789,13.09000015258789,20298
2026-10-02 14:44:00,1790966640,PATH,13.095000267028809,13.100000381469727,13.09000015258789,13.100000381469727,38925
2026-10-02 14:45:00,1790966700,PATH,13.100000381469727,13.100000381469727,13.09000015258789,13.095000267028809,7262
2026-10-02 14:46:00,1790966760,PATH,13.095000267028809,13.097999572753906,13.09000015258789,13.094599723815918,12405
2026-10-02 14:47:00,1790966820,PATH,13.095000267028809,13.099900245666504,13.09000015258789,13.099900245666504,12861
2026-10-02 14:48:00,1790966880,PATH,13.095000267028809,13.109999656677246,13.095000267028809,13.103400230407715,26969
2026-10-02 14:49:00,1790966940,PATH,13.109999656677246,13.109999656677246,13.104999542236328,13.104999542236328,3680
2026-10-02 14:50:00,1790967000,PATH,13.104999542236328,13.109999656677246,13.100000381469727,13.104999542236328,35146
2026-10-02 14:51:00,1790967060,PATH,13.104999542236328,13.109999656677246,13.100000381469727,13.104999542236328,12871
2026-10-02 14:52:00,1790967120,PATH,13.104999542236328,13.109999656677246,13.095000267028809,13.100000381469727,86175
2026-10-02 14:53:00,1790967180,PATH,13.109999656677246,13.125,13.104999542236328,13.114999771118164,41640
2026-10-02 14:54:00,1790967240,PATH,13.119999885559082,13.119999885559082,13.109999656677246,13.119999885559082,40410
2026-10-02 14:55:00,1790967300,PATH,13.119999885559082,13.130000114440918,13.109999656677246,13.114999771118164,73783
2026-10-02 14:56:00,1790967360,PATH,13.114999771118164,13.130000114440918,13.114999771118164,13.125,54182
2026-10-02 14:57:00,1790967420,PATH,13.125,13.130000114440918,13.120100021362305,13.130000114440918,46078
2026-10-02 14:58:00,1790967480,PATH,13.128999710083008,13.135000228881836,13.119999885559082,13.125,77768
2026-10-02 14:59:00,1790967540,PATH,13.125,13.140000343322754,13.125,13.135000228881836,109197
2026-10-02 15:00:00,1790967600,PATH,13.135000228881836,13.140000343322754,13.119999885559082,13.130000114440918,58569
2026-10-02 15:01:00,1790967660,PATH,13.125,13.135100364685059,13.121299743652344,13.125,57067
2026-10-02 15:02:00,1790967720,PATH,13.130000114440918,13.130000114440918,13.123000144958496,13.125,19728
2026-10-02 15:03:00,1790967780,PATH,13.125,13.130000114440918,13.119999885559082,13.119999885559082,29265
2026-10-02 15:04:00,1790967840,PATH,13.119999885559082,13.125,13.109999656677246,13.114999771118164,48444
2026-10-02 15:05:00,1790967900,PATH,13.114999771118164,13.119999885559082,13.104999542236328,13.104999542236328,19355
2026-10-02 15:06:00,1790967960,PATH,13.100000381469727,13.109999656677246,13.100000381469727,13.104999542236328,15994
2026-10-02 15:07:00,1790968020,PATH,13.104999542236328,13.109999656677246,13.09000015258789,13.090100288391113,23577
2026-10-02 15:08:00,1790968080,PATH,13.095000267028809,13.095000267028809,13.09000015258789,13.095000267028809,40908
2026-10-02 15:09:00,1790968140,PATH,13.09000015258789,13.09689998626709,13.09000015258789,13.095000267028809,4846
2026-10-02 15:10:00,1790968200,PATH,13.100000381469727,13.100000381469727,13.095000267028809,13.095000267028809,27324
2026-10-02 15:11:00,1790968260,PATH,13.095000267028809,13.095000267028809,13.09000015258789,13.095000267028809,7051
2026-10-02 15:12:00,1790968320,PATH,13.095000267028809,13.100000381469727,13.085000038146973,13.095000267028809,32617
2026-10-02 15:13:00,1790968380,PATH,13.100000381469727,13.104999542236328,13.09000015258789,13.104999542236328,71851
2026-10-02 15:14:00,1790968440,PATH,13.100000381469727,13.104999542236328,13.100000381469727,13.104999542236328,5736
2026-10-02 15:15:00,1790968500,PATH,13.104999542236328,13.109999656677246,13.095000267028809,13.095000267028809,14673
2026-10-02 15:16:00,1790968560,PATH,13.095000267028809,13.104999542236328,13.09000015258789,13.100000381469727,66326
2026-10-02 15:17:00,1790968620,PATH,13.104999542236328,13.109999656677246,13.100000381469727,13.104999542236328,81639
2026-10-02 15:18:00,1790968680,PATH,13.109999656677246,13.125,13.100000381469727,13.109999656677246,158163
2026-10-02 15:19:00,1790968740,PATH,13.114999771118164,13.114999771118164,13.100000381469727,13.104999542236328,12719
2026-10-02 15:20:00,1790968800,PATH,13.104999542236328,13.109999656677246,13.095000267028809,13.095000267028809,15653
2026-10-02 15:21:00,1790968860,PATH,13.095000267028809,13.095000267028809,13.095000267028809,13.095000267028809,8128
2026-10-02 15:22:00,1790968920,PATH,13.095000267028809,13.100000381469727,13.090100288391113,13.095000267028809,19137
2026-10-02 15:23:00,1790968980,PATH,13.09000015258789,13.100000381469727,13.09000015258789,13.095000267028809,29138
2026-10-02 15:24:00,1790969040,PATH,13.095000267028809,13.104999542236328,13.09000015258789,13.103899955749512,62524
2026-10-02 15:25:00,1790969100,PATH,13.100000381469727,13.104999542236328,13.095000267028809,13.104999542236328,49473
2026-10-02 15:26:00,1790969160,PATH,13.100000381469727,13.109999656677246,13.09000015258789,13.095000267028809,40839
2026-10-02 15:27:00,1790969220,PATH,13.09000015258789,13.095000267028809,13.085000038146973,13.090100288391113,73180
2026-10-02 15:28:00,1790969280,PATH,13.09000015258789,13.100000381469727,13.085000038146973,13.085000038146973,44947
2026-10-02 15:29:00,1790969340,PATH,13.085000038146973,13.09000015258789,13.079999923706055,13.085000038146973,58268
2026-10-02 15:30:00,1790969400,PATH,13.085000038146973,13.085000038146973,13.050000190734863,13.0600004196167,183213
2026-10-02 15:31:00,1790969460,PATH,13.0600004196167,13.0649995803833,13.050000190734863,13.055000305175781,30187
2026-10-02 15:32:00,1790969520,PATH,13.050000190734863,13.0600004196167,13.050000190734863,13.050000190734863,22949
2026-10-02 15:33:00,1790969580,PATH,13.051899909973145,13.0600004196167,13.050000190734863,13.050000190734863,11151
2026-10-02 15:34:00,1790969640,PATH,13.0600004196167,13.0600004196167,13.039999961853027,13.052300453186035,79448
2026-10-02 15:35:00,1790969700,PATH,13.055000305175781,13.059300422668457,13.050000190734863,13.055000305175781,20059
2026-10-02 15:36:00,1790969760,PATH,13.055000305175781,13.0600004196167,13.050000190734863,13.055000305175781,9154
2026-10-02 15:37:00,1790969820,PATH,13.055000305175781,13.067399978637695,13.055000305175781,13.0600004196167,58971
2026-10-02 15:38:00,1790969880,PATH,13.0649995803833,13.067700386047363,13.0600004196167,13.0600004196167,22644
2026-10-02 15:39:00,1790969940,PATH,13.0649995803833,13.0649995803833,13.039999961853027,13.039999961853027,56588
2026-10-02 15:40:00,1790970000,PATH,13.039999961853027,13.045000076293945,13.020000457763672,13.020000457763672,66402
2026-10-02 15:41:00,1790970060,PATH,13.024999618530273,13.039999961853027,13.020000457763672,13.039999961853027,74704
2026-10-02 15:42:00,1790970120,PATH,13.040900230407715,13.05519962310791,13.024999618530273,13.055000305175781,93382
2026-10-02 15:43:00,1790970180,PATH,13.055000305175781,13.0600004196167,13.045000076293945,13.045000076293945,42653
2026-10-02 15:44:00,1790970240,PATH,13.045000076293945,13.050000190734863,13.039999961853027,13.045000076293945,30258
2026-10-02 15:45:00,1790970300,PATH,13.045000076293945,13.069999694824219,13.045000076293945,13.0649995803833,43992
2026-10-02 15:46:00,1790970360,PATH,13.060099601745605,13.069999694824219,13.0600004196167,13.0649995803833,28012
2026-10-02 15:47:00,1790970420,PATH,13.069999694824219,13.069999694824219,13.045000076293945,13.045000076293945,37284
2026-10-02 15:48:00,1790970480,PATH,13.04990005493164,13.056400299072266,13.045000076293945,13.055000305175781,39409
2026-10-02 15:49:00,1790970540,PATH,13.055000305175781,13.0649995803833,13.039999961853027,13.050000190734863,77532
2026-10-02 15:50:00,1790970600,PATH,13.0600004196167,13.074999809265137,13.0600004196167,13.0649995803833,43359
2026-10-02 15:51:00,1790970660,PATH,13.0649995803833,13.0649995803833,13.045000076293945,13.050000190734863,49689
2026-10-02 15:52:00,1790970720,PATH,13.050000190734863,13.050000190734863,13.03499984741211,13.03499984741211,22112
2026-10-02 15:53:00,1790970780,PATH,13.03499984741211,13.0600004196167,13.03499984741211,13.046899795532227,67559
2026-10-02 15:54:00,1790970840,PATH,13.050000190734863,13.067000389099121,13.04170036315918,13.04170036315918,89296
2026-10-02 15:55:00,1790970900,PATH,13.050000190734863,13.085000038146973,13.045000076293945,13.085000038146973,90994
2026-10-02 15:56:00,1790970960,PATH,13.09000015258789,13.109999656677246,13.079999923706055,13.095000267028809,134596
2026-10-02 15:57:00,1790971020,PATH,13.100000381469727,13.109999656677246,13.100000381469727,13.104999542236328,135738
2026-10-02 15:58:00,1790971080,PATH,13.104999542236328,13.119999885559082,13.100000381469727,13.114999771118164,526243
2026-10-02 15:59:00,1790971140,PATH,13.114999771118164,13.125,13.100000381469727,13.109999656677246,618373
2026-10-02 16:00:00,1790971200,PATH,13.119999885559082,13.119999885559082,13.119999885559082,13.119999885559082,0
2026-10-05 09:30:00,1791207000,PATH,13.119999885559082,13.149999618530273,13.029999732971191,13.029999732971191,242478
2026-10-05 09:31:00,1791207060,PATH,13.029999732971191,13.0600004196167,12.970000267028809,13.0600004196167,89740
2026-10-05 09:32:00,1791207120,PATH,13.050000190734863,13.069999694824219,13.0,13.050000190734863,32311
2026-10-05 09:33:00,1791207180,PATH,13.0600004196167,13.130000114440918,13.050100326538086,13.079999923706055,31303
2026-10-05 09:34:00,1791207240,PATH,13.079999923706055,13.15999984741211,13.073800086975098,13.15999984741211,36662
2026-10-05 09:35:00,1791207300,PATH,13.1899995803833,13.1899995803833,13.151100158691406,13.1899995803833,34926
2026-10-05 09:36:00,1791207360,PATH,13.180000305175781,13.180000305175781,13.109999656677246,13.130000114440918,48717
2026-10-05 09:37:00,1791207420,PATH,13.131600379943848,13.194999694824219,13.115599632263184,13.15999984741211,27051
2026-10-05 09:38:00,1791207480,PATH,13.194999694824219,13.204999923706055,13.170000076293945,13.194999694824219,28127
2026-10-05 09:39:00,1791207540,PATH,13.1899995803833,13.196000099182129,13.164999961853027,13.170000076293945,39031
2026-10-05 09:40:00,1791207600,PATH,13.170000076293945,13.225000381469727,13.170000076293945,13.225000381469727,36394
2026-10-05 09:41:00,1791207660,PATH,13.229999542236328,13.249699592590332,13.199999809265137,13.212400436401367,106109
2026-10-05 09:42:00,1791207720,PATH,13.199999809265137,13.210000038146973,13.15999984741211,13.199999809265137,36774
2026-10-05 09:43:00,1791207780,PATH,13.199999809265137,13.21500015258789,13.154999732971191,13.154999732971191,17855
2026-10-05 09:44:00,1791207840,PATH,13.149999618530273,13.210000038146973,13.114999771118164,13.210000038146973,45949
2026-10-05 09:45:00,1791207900,PATH,13.199999809265137,13.229999542236328,13.145000457763672,13.149999618530273,45347
2026-10-05 09:46:00,1791207960,PATH,13.145000457763672,13.220000267028809,13.145000457763672,13.21500015258789,36686
2026-10-05 09:47:00,1791208020,PATH,13.210000038146973,13.22599983215332,13.164999961853027,13.164999961853027,19056
2026-10-05 09:48:00,1791208080,PATH,13.160099983215332,13.180000305175781,13.113800048828125,13.114999771118164,173219
2026-10-05 09:49:00,1791208140,PATH,13.119999885559082,13.140000343322754,13.050000190734863,13.055000305175781,57067
2026-10-05 09:50:00,1791208200,PATH,13.055000305175781,13.079999923706055,13.039999961853027,13.069999694824219,30040
2026-10-05 09:51:00,1791208260,PATH,13.076000213623047,13.079999923706055,13.0600004196167,13.068400382995605,25086
2026-10-05 09:52:00,1791208320,PATH,13.068400382995605,13.071000099182129,13.04640007019043,13.0649995803833,11831
2026-10-05 09:53:00,1791208380,PATH,13.061400413513184,13.061400413513184,13.020500183105469,13.050000190734863,15489
2026-10-05 09:54:00,1791208440,PATH,13.050000190734863,13.069999694824219,13.029999732971191,13.050000190734863,27282
2026-10-05 09:55:00,1791208500,PATH,13.0649995803833,13.074999809265137,13.03499984741211,13.074999809265137,47879
2026-10-05 09:56:00,1791208560,PATH,13.069999694824219,13.07859992980957,13.050000190734863,13.050000190734863,13893
2026-10-05 09:57:00,1791208620,PATH,13.045000076293945,13.0600004196167,13.03499984741211,13.050000190734863,18218
2026-10-05 09:58:00,1791208680,PATH,13.045000076293945,13.055000305175781,13.029999732971191,13.029999732971191,16399
2026-10-05 09:59:00,1791208740,PATH,13.029999732971191,13.039999961853027,13.020099639892578,13.029999732971191,20215
2026-10-05 10:00:00,1791208800,PATH,13.024999618530273,13.039999961853027,13.0,13.020000457763672,37019
2026-10-05 10:01:00,1791208860,PATH,13.020000457763672,13.045000076293945,13.020000457763672,13.045000076293945,5506
2026-10-05 10:02:00,1791208920,PATH,13.039999961853027,13.074999809265137,13.039999961853027,13.069999694824219,44336
2026-10-05 10:03:00,1791208980,PATH,13.066900253295898,13.079999923706055,13.0600004196167,13.079999923706055,14367
2026-10-05 10:04:00,1791209040,PATH,13.079999923706055,13.109999656677246,13.079999923706055,13.095000267028809,28478
2026-10-05 10:05:00,1791209100,PATH,13.095000267028809,13.109999656677246,13.09000015258789,13.100000381469727,9971
2026-10-05 10:06:00,1791209160,PATH,13.09000015258789,13.09000015258789,13.042099952697754,13.067299842834473,35684
2026-10-05 10:07:00,1791209220,PATH,13.0600004196167,13.079999923706055,13.045000076293945,13.069999694824219,130215
2026-10-05 10:08:00,1791209280,PATH,13.068300247192383,13.074999809265137,13.055000305175781,13.0649995803833,17803
2026-10-05 10:09:00,1791209340,PATH,13.0649995803833,13.087699890136719,13.0649995803833,13.085000038146973,11635
2026-10-05 10:10:00,1791209400,PATH,13.09000015258789,13.100000381469727,13.0649995803833,13.074999809265137,23617
2026-10-05 10:11:00,1791209460,PATH,13.079999923706055,13.09000015258789,13.0649995803833,13.069999694824219,10412
2026-10-05 10:12:00,1791209520,PATH,13.074999809265137,13.08899974822998,13.029999732971191,13.039999961853027,17977
2026-10-05 10:13:00,1791209580,PATH,13.039999961853027,13.050000190734863,13.0,13.005000114440918,165303
2026-10-05 10:14:00,1791209640,PATH,13.005000114440918,13.005000114440918,12.949999809265137,12.954999923706055,59000
2026-10-05 10:15:00,1791209700,PATH,12.960000038146973,12.970000267028809,12.930000305175781,12.9350004196167,56652
2026-10-05 10:16:00,1791209760,PATH,12.9399995803833,12.944999694824219,12.899999618530273,12.904999732971191,83571
2026-10-05 10:17:00,1791209820,PATH,12.904999732971191,12.954999923706055,12.885000228881836,12.954999923706055,69875
2026-10-05 10:18:00,1791209880,PATH,12.957099914550781,12.957099914550781,12.930000305175781,12.9350004196167,32779
2026-10-05 10:19:00,1791209940,PATH,12.9350004196167,12.979999542236328,12.9350004196167,12.975000381469727,46474
2026-10-05 10:20:00,1791210000,PATH,12.979999542236328,12.994999885559082,12.975000381469727,12.989999771118164,36003
2026-10-05 10:21:00,1791210060,PATH,12.989999771118164,13.018600463867188,12.989999771118164,12.994999885559082,70977
2026-10-05 10:22:00,1791210120,PATH,12.989999771118164,12.989999771118164,12.975000381469727,12.979999542236328,34824
2026-10-05 10:23:00,1791210180,PATH,12.979999542236328,12.984999656677246,12.960000038146973,12.96500015258789,83668
2026-10-05 10:24:00,1791210240,PATH,12.96500015258789,12.975000381469727,12.954999923706055,12.954999923706055,45098
2026-10-05 10:25:00,1791210300,PATH,12.954999923706055,12.970000267028809,12.949999809265137,12.96500015258789,52335
2026-10-05 10:26:00,1791210360,PATH,12.96780014038086,12.975000381469727,12.949999809265137,12.954999923706055,70137
2026-10-05 10:27:00,1791210420,PATH,12.954999923706055,12.977700233459473,12.949999809265137,12.960000038146973,87491
2026-10-05 10:28:00,1791210480,PATH,12.960000038146973,12.989999771118164,12.960000038146973,12.975000381469727,86420
2026-10-05 10:29:00,1791210540,PATH,12.975000381469727,12.975000381469727,12.960000038146973,12.96500015258789,54452
2026-10-05 10:30:00,1791210600,PATH,12.96500015258789,12.979999542236328,12.960000038146973,12.979999542236328,60452
2026-10-05 10:31:00,1791210660,PATH,12.979999542236328,12.989999771118164,12.970000267028809,12.98009967803955,83948
2026-10-05 10:32:00,1791210720,PATH,12.979999542236328,12.989999771118164,12.96500015258789,12.975000381469727,49059
2026-10-05 10:33:00,1791210780,PATH,12.975000381469727,12.989999771118164,12.975000381469727,12.984999656677246,65913
2026-10-05 10:34:00,1791210840,PATH,12.979999542236328,12.994999885559082,12.960000038146973,12.967499732971191,75306
2026-10-05 10:35:00,1791210900,PATH,12.96500015258789,12.969900131225586,12.9399995803833,12.954999923706055,37320
2026-10-05 10:36:00,1791210960,PATH,12.954999923706055,12.975000381469727,12.944999694824219,12.960000038146973,88905
2026-10-05 10:37:00,1791211020,PATH,12.96500015258789,12.979999542236328,12.960000038146973,12.975000381469727,69486
2026-10-05 10:38:00,1791211080,PATH,12.975000381469727,12.984999656677246,12.96500015258789,12.970000267028809,83750
2026-10-05 10:39:00,1791211140,PATH,12.975000381469727,12.975000381469727,12.954999923706055,12.954999923706055,57360
2026-10-05 10:40:00,1791211200,PATH,12.952300071716309,12.96500015258789,12.944999694824219,12.954999923706055,74500
2026-10-05 10:41:00,1791211260,PATH,12.944999694824219,12.96500015258789,12.944999694824219,12.944999694824219,49314
2026-10-05 10:42:00,1791211320,PATH,12.944999694824219,12.944999694824219,12.90999984741211,12.914999961853027,93092
2026-10-05 10:43:00,1791211380,PATH,12.914999961853027,12.920000076293945,12.895000457763672,12.895000457763672,61702
2026-10-05 10:44:00,1791211440,PATH,12.895000457763672,12.899999618530273,12.885000228881836,12.895600318908691,54593
2026-10-05 10:45:00,1791211500,PATH,12.895000457763672,12.904999732971191,12.880000114440918,12.89009952545166,105206
2026-10-05 10:46:00,1791211560,PATH,12.895000457763672,12.9350004196167,12.890000343322754,12.93220043182373,104723
2026-10-05 10:47:00,1791211620,PATH,12.9350004196167,12.960000038146973,12.930000305175781,12.9399995803833,89442
2026-10-05 10:48:00,1791211680,PATH,12.944999694824219,12.954999923706055,12.9350004196167,12.9350004196167,102173
2026-10-05 10:49:00,1791211740,PATH,12.9350004196167,12.936200141906738,12.925000190734863,12.927599906921387,51839
2026-10-05 10:50:00,1791211800,PATH,12.925000190734863,12.930000305175781,12.920100212097168,12.925000190734863,13454
2026-10-05 10:51:00,1791211860,PATH,12.930000305175781,12.9399995803833,12.920000076293945,12.925000190734863,58577
2026-10-05 10:52:00,1791211920,PATH,12.925000190734863,12.925000190734863,12.904999732971191,12.90999984741211,38931
2026-10-05 10:53:00,1791211980,PATH,12.914999961853027,12.917799949645996,12.904999732971191,12.90999984741211,60021
2026-10-05 10:54:00,1791212040,PATH,12.914999961853027,12.914999961853027,12.895000457763672,12.895000457763672,48839
2026-10-05 10:55:00,1791212100,PATH,12.895000457763672,12.904999732971191,12.890000343322754,12.895000457763672,27787
2026-10-05 10:56:00,1791212160,PATH,12.895000457763672,12.90999984741211,12.895000457763672,12.909899711608887,33585
2026-10-05 10:57:00,1791212220,PATH,12.904999732971191,12.920000076293945,12.890000343322754,12.895000457763672,67580
2026-10-05 10:58:00,1791212280,PATH,12.895000457763672,12.930000305175781,12.895000457763672,12.911600112915039,63428
2026-10-05 10:59:00,1791212340,PATH,12.90999984741211,12.920000076293945,12.895000457763672,12.895899772644043,32898
2026-10-05 11:00:00,1791212400,PATH,12.890000343322754,12.895000457763672,12.890000343322754,12.895000457763672,7013
2026-10-05 11:01:00,1791212460,PATH,12.890000343322754,12.890000343322754,12.854999542236328,12.864999771118164,111101
2026-10-05 11:02:00,1791212520,PATH,12.864999771118164,12.875,12.850000381469727,12.850000381469727,47106
2026-10-05 11:03:00,1791212580,PATH,12.850000381469727,12.854999542236328,12.835000038146973,12.845000267028809,58744
2026-10-05 11:04:00,1791212640,PATH,12.84000015258789,12.845000267028809,12.819999694824219,12.824999809265137,75392
2026-10-05 11:05:00,1791212700,PATH,12.819999694824219,12.824999809265137,12.8100004196167,12.8149995803833,39518
2026-10-05 11:06:00,1791212760,PATH,12.8149995803833,12.829999923706055,12.8100004196167,12.819999694824219,67422
2026-10-05 11:07:00,1791212820,PATH,12.829999923706055,12.829999923706055,12.819999694824219,12.824999809265137,33860
2026-10-05 11:08:00,1791212880,PATH,12.824999809265137,12.854999542236328,12.819999694824219,12.850600242614746,127928
2026-10-05 11:09:00,1791212940,PATH,12.854999542236328,12.864999771118164,12.829999923706055,12.830100059509277,68211
2026-10-05 11:10:00,1791213000,PATH,12.835000038146973,12.850000381469727,12.835000038146973,12.845799446105957,104792
2026-10-05 11:11:00,1791213060,PATH,12.845000267028809,12.850000381469727,12.840100288391113,12.845000267028809,21942
2026-10-05 11:12:00,1791213120,PATH,12.845000267028809,12.890000343322754,12.845000267028809,12.885000228881836,132503
2026-10-05 11:13:00,1791213180,PATH,12.885000228881836,12.885000228881836,12.850099563598633,12.854999542236328,67188
2026-10-05 11:14:00,1791213240,PATH,12.854999542236328,12.859999656677246,12.850000381469727,12.854999542236328,24948
2026-10-05 11:15:00,1791213300,PATH,12.854999542236328,12.880000114440918,12.854999542236328,12.870100021362305,47162
2026-10-05 11:16:00,1791213360,PATH,12.875,12.890000343322754,12.875,12.885000228881836,40198
2026-10-05 11:17:00,1791213420,PATH,12.885000228881836,12.899999618530273,12.880000114440918,12.885000228881836,55301
2026-10-05 11:18:00,1791213480,PATH,12.885000228881836,12.885000228881836,12.860099792480469,12.860099792480469,27541
2026-10-05 11:19:00,1791213540,PATH,12.866600036621094,12.889900207519531,12.864800453186035,12.885000228881836,53628
2026-10-05 11:20:00,1791213600,PATH,12.890000343322754,12.909899711608887,12.885000228881836,12.904999732971191,78462
2026-10-05 11:21:00,1791213660,PATH,12.89109992980957,12.89109992980957,12.89109992980957,12.89109992980957,65842
2026-10-05 11:22:00,1791213720,PATH,12.890000343322754,12.890000343322754,12.869999885559082,12.875,65741
2026-10-05 11:23:00,1791213780,PATH,12.869999885559082,12.879899978637695,12.859999656677246,12.859999656677246,105132
2026-10-05 11:24:00,1791213840,PATH,12.864999771118164,12.890000343322754,12.859999656677246,12.885000228881836,66126
2026-10-05 11:25:00,1791213900,PATH,12.885000228881836,12.885000228881836,12.870599746704102,12.875,39788
2026-10-05 11:26:00,1791213960,PATH,12.880000114440918,12.890000343322754,12.875,12.885000228881836,103265
2026-10-05 11:27:00,1791214020,PATH,12.880000114440918,12.890000343322754,12.880000114440918,12.885000228881836,30307
2026-10-05 11:28:00,1791214080,PATH,12.885000228881836,12.885000228881836,12.863800048828125,12.864999771118164,41900
2026-10-05 11:29:00,1791214140,PATH,12.869999885559082,12.869999885559082,12.850000381469727,12.854999542236328,12144
2026-10-05 11:30:00,1791214200,PATH,12.854999542236328,12.869999885559082,12.850000381469727,12.86240005493164,54784
2026-10-05 11:31:00,1791214260,PATH,12.864999771118164,12.879899978637695,12.864999771118164,12.864999771118164,75529
2026-10-05 11:32:00,1791214320,PATH,12.864999771118164,12.890000343322754,12.864999771118164,12.880000114440918,102579
2026-10-05 11:33:00,1791214380,PATH,12.880000114440918,12.880000114440918,12.869999885559082,12.875,79945
2026-10-05 11:34:00,1791214440,PATH,12.875,12.899999618530273,12.875,12.885000228881836,127310
2026-10-05 11:35:00,1791214500,PATH,12.881600379943848,12.885100364685059,12.880000114440918,12.885000228881836,55490
2026-10-05 11:36:00,1791214560,PATH,12.885000228881836,12.890000343322754,12.880000114440918,12.885000228881836,53778
2026-10-05 11:37:00,1791214620,PATH,12.885000228881836,12.895000457763672,12.872900009155273,12.895000457763672,91606
2026-10-05 11:38:00,1791214680,PATH,12.894800186157227,12.904999732971191,12.894800186157227,12.904999732971191,62339
2026-10-05 11:39:00,1791214740,PATH,12.899999618530273,12.900099754333496,12.880000114440918,12.885000228881836,127918
2026-10-05 11:40:00,1791214800,PATH,12.885000228881836,12.890000343322754,12.880000114440918,12.885000228881836,42971
2026-10-05 11:41:00,1791214860,PATH,12.885000228881836,12.899999618530273,12.881799697875977,12.895000457763672,39573
2026-10-05 11:42:00,1791214920,PATH,12.895000457763672,12.895000457763672,12.890000343322754,12.890000343322754,16918
2026-10-05 11:43:00,1791214980,PATH,12.890000343322754,12.899999618530273,12.890000343322754,12.895000457763672,27755
2026-10-05 11:44:00,1791215040,PATH,12.895000457763672,12.899999618530273,12.890199661254883,12.895000457763672,18769
2026-10-05 11:45:00,1791215100,PATH,12.895000457763672,12.914999961853027,12.890000343322754,12.895000457763672,149267
2026-10-05 11:46:00,1791215160,PATH,12.895000457763672,12.897600173950195,12.890000343322754,12.895000457763672,27379
2026-10-05 11:47:00,1791215220,PATH,12.895000457763672,12.899999618530273,12.890000343322754,12.890000343322754,4027
2026-10-05 11:48:00,1791215280,PATH,12.895000457763672,12.899999618530273,12.890000343322754,12.899999618530273,7993
2026-10-05 11:49:00,1791215340,PATH,12.895000457763672,12.899999618530273,12.890000343322754,12.895000457763672,28723
2026-10-05 11:50:00,1791215400,PATH,12.890000343322754,12.897899627685547,12.885000228881836,12.895000457763672,31962
2026-10-05 11:51:00,1791215460,PATH,12.890000343322754,12.904999732971191,12.885000228881836,12.904999732971191,42870
2026-10-05 11:52:00,1791215520,PATH,12.904999732971191,12.914999961853027,12.895000457763672,12.909899711608887,148635
2026-10-05 11:53:00,1791215580,PATH,12.90839958190918,12.90999984741211,12.904999732971191,12.904999732971191,56755
2026-10-05 11:54:00,1791215640,PATH,12.905099868774414,12.90999984741211,12.899999618530273,12.899999618530273,21258
2026-10-05 11:55:00,1791215700,PATH,12.904999732971191,12.90999984741211,12.904999732971191,12.904999732971191,22064
2026-10-05 11:56:00,1791215760,PATH,12.907000541687012,12.90999984741211,12.899999618530273,12.909899711608887,23174
2026-10-05 11:57:00,1791215820,PATH,12.904999732971191,12.919899940490723,12.904999732971191,12.914999961853027,160088
2026-10-05 11:58:00,1791215880,PATH,12.914999961853027,12.914999961853027,12.895000457763672,12.895000457763672,34488
2026-10-05 11:59:00,1791215940,PATH,12.895000457763672,12.895000457763672,12.895000457763672,12.895000457763672,3176
2026-10-05 12:00:00,1791216000,PATH,12.895000457763672,12.895000457763672,12.890000343322754,12.895000457763672,5329
2026-10-05 12:01:00,1791216060,PATH,12.890000343322754,12.895000457763672,12.880000114440918,12.885000228881836,36341
2026-10-05 12:02:00,1791216120,PATH,12.885000228881836,12.885000228881836,12.869999885559082,12.869999885559082,32085
2026-10-05 12:03:00,1791216180,PATH,12.875,12.885000228881836,12.869999885559082,12.869999885559082,61031
2026-10-05 12:04:00,1791216240,PATH,12.875,12.890000343322754,12.875,12.885000228881836,44237
2026-10-05 12:05:00,1791216300,PATH,12.885000228881836,12.890000343322754,12.875,12.880000114440918,60824
2026-10-05 12:06:00,1791216360,PATH,12.88010025024414,12.890000343322754,12.880000114440918,12.885000228881836,50084
2026-10-05 12:07:00,1791216420,PATH,12.880000114440918,12.885000228881836,12.880000114440918,12.885000228881836,2192
2026-10-05 12:08:00,1791216480,PATH,12.885000228881836,12.890000343322754,12.885000228881836,12.885000228881836,12167
2026-10-05 12:09:00,1791216540,PATH,12.885000228881836,12.890000343322754,12.880000114440918,12.885000228881836,30387
2026-10-05 12:10:00,1791216600,PATH,12.890000343322754,12.890000343322754,12.869999885559082,12.869999885559082,39343
2026-10-05 12:11:00,1791216660,PATH,12.869999885559082,12.880000114440918,12.864999771118164,12.869999885559082,46907
2026-10-05 12:12:00,1791216720,PATH,12.864999771118164,12.875,12.859999656677246,12.864999771118164,17765
2026-10-05 12:13:00,1791216780,PATH,12.869999885559082,12.880000114440918,12.864999771118164,12.875499725341797,44821
2026-10-05 12:14:00,1791216840,PATH,12.869999885559082,12.880000114440918,12.864999771118164,12.864999771118164,29846
2026-10-05 12:15:00,1791216900,PATH,12.86989974975586,12.86989974975586,12.850000381469727,12.854999542236328,36341
2026-10-05 12:16:00,1791216960,PATH,12.854999542236328,12.859999656677246,12.840100288391113,12.854999542236328,69445
2026-10-05 12:17:00,1791217020,PATH,12.854999542236328,12.859999656677246,12.850000381469727,12.850000381469727,22788
2026-10-05 12:18:00,1791217080,PATH,12.850000381469727,12.8548002243042,12.845000267028809,12.845000267028809,69412
2026-10-05 12:19:00,1791217140,PATH,12.845000267028809,12.850000381469727,12.84000015258789,12.845000267028809,3121
2026-10-05 12:20:00,1791217200,PATH,12.845000267028809,12.859999656677246,12.845000267028809,12.854999542236328,27676
2026-10-05 12:21:00,1791217260,PATH,12.85990047454834,12.859999656677246,12.850000381469727,12.859999656677246,76714
2026-10-05 12:22:00,1791217320,PATH,12.854999542236328,12.859999656677246,12.850199699401855,12.850199699401855,10464
2026-10-05 12:23:00,1791217380,PATH,12.850000381469727,12.859999656677246,12.850000381469727,12.854999542236328,93719
2026-10-05 12:24:00,1791217440,PATH,12.859999656677246,12.869999885559082,12.859999656677246,12.864999771118164,57705
2026-10-05 12:25:00,1791217500,PATH,12.859999656677246,12.869500160217285,12.854999542236328,12.864999771118164,27317
2026-10-05 12:26:00,1791217560,PATH,12.869999885559082,12.869999885559082,12.859999656677246,12.864999771118164,20108
2026-10-05 12:27:00,1791217620,PATH,12.864999771118164,12.879899978637695,12.859999656677246,12.875,20729
2026-10-05 12:28:00,1791217680,PATH,12.879899978637695,12.879899978637695,12.869999885559082,12.875,34268
2026-10-05 12:29:00,1791217740,PATH,12.869999885559082,12.890000343322754,12.869999885559082,12.886099815368652,114621
2026-10-05 12:30:00,1791217800,PATH,12.885000228881836,12.895000457763672,12.885000228881836,12.895000457763672,32965
2026-10-05 12:31:00,1791217860,PATH,12.895000457763672,12.899999618530273,12.880000114440918,12.885000228881836,118542
2026-10-05 12:32:00,1791217920,PATH,12.885000228881836,12.887200355529785,12.875,12.875,37636
2026-10-05 12:33:00,1791217980,PATH,12.875,12.880000114440918,12.869999885559082,12.875,27072
2026-10-05 12:34:00,1791218040,PATH,12.875,12.875,12.859999656677246,12.864999771118164,52890
2026-10-05 12:35:00,1791218100,PATH,12.860099792480469,12.869999885559082,12.859999656677246,12.869999885559082,15894
2026-10-05 12:36:00,1791218160,PATH,12.875,12.875,12.864999771118164,12.864999771118164,39432
2026-10-05 12:37:00,1791218220,PATH,12.859999656677246,12.869999885559082,12.859999656677246,12.864999771118164,16216
2026-10-05 12:38:00,1791218280,PATH,12.869999885559082,12.869999885559082,12.85420036315918,12.854999542236328,126863
2026-10-05 12:39:00,1791218340,PATH,12.854999542236328,12.859999656677246,12.850000381469727,12.859999656677246,66638
2026-10-05 12:40:00,1791218400,PATH,12.854999542236328,12.859999656677246,12.85260009765625,12.859999656677246,19913
2026-10-05 12:41:00,1791218460,PATH,12.854999542236328,12.864999771118164,12.850000381469727,12.864999771118164,95951
2026-10-05 12:42:00,1791218520,PATH,12.869999885559082,12.869999885559082,12.859999656677246,12.864999771118164,17142
2026-10-05 12:43:00,1791218580,PATH,12.869999885559082,12.869999885559082,12.859999656677246,12.864999771118164,59846
2026-10-05 12:44:00,1791218640,PATH,12.864999771118164,12.880000114440918,12.859999656677246,12.875,80904
2026-10-05 12:45:00,1791218700,PATH,12.880000114440918,12.890000343322754,12.870100021362305,12.880000114440918,157488
2026-10-05 12:46:00,1791218760,PATH,12.875,12.885100364685059,12.875,12.880499839782715,41853
2026-10-05 12:47:00,1791218820,PATH,12.885000228881836,12.885199546813965,12.880000114440918,12.885000228881836,37768
2026-10-05 12:48:00,1791218880,PATH,12.885000228881836,12.895000457763672,12.885000228881836,12.89009952545166,92726
2026-10-05 12:49:00,1791218940,PATH,12.895000457763672,12.899999618530273,12.890000343322754,12.895000457763672,124799
2026-10-05 12:50:00,1791219000,PATH,12.895099639892578,12.904999732971191,12.885000228881836,12.903900146484375,146879
2026-10-05 12:51:00,1791219060,PATH,12.900099754333496,12.90999984741211,12.900099754333496,12.901900291442871,166358
2026-10-05 12:52:00,1791219120,PATH,12.904999732971191,12.90999984741211,12.899999618530273,12.90999984741211,33811
2026-10-05 12:53:00,1791219180,PATH,12.904999732971191,12.90999984741211,12.899999618530273,12.90999984741211,26707
2026-10-05 12:54:00,1791219240,PATH,12.904999732971191,12.90999984741211,12.890000343322754,12.895000457763672,61012
2026-10-05 12:55:00,1791219300,PATH,12.895000457763672,12.899999618530273,12.885000228881836,12.885000228881836,49245
2026-10-05 12:56:00,1791219360,PATH,12.885000228881836,12.898799896240234,12.885000228881836,12.895000457763672,80970
2026-10-05 12:57:00,1791219420,PATH,12.895000457763672,12.899999618530273,12.880000114440918,12.880000114440918,51641
2026-10-05 12:58:00,1791219480,PATH,12.885000228881836,12.899900436401367,12.880000114440918,12.899900436401367,35602
2026-10-05 12:59:00,1791219540,PATH,12.895000457763672,12.895000457763672,12.880000114440918,12.880000114440918,27208
2026-10-05 13:00:00,1791219600,PATH,12.885000228881836,12.885000228881836,12.869999885559082,12.875,39927
2026-10-05 13:01:00,1791219660,PATH,12.875,12.885100364685059,12.875,12.88010025024414,92086
2026-10-05 13:02:00,1791219720,PATH,12.88010025024414,12.88860034942627,12.875,12.885000228881836,54850
2026-10-05 13:03:00,1791219780,PATH,12.885000228881836,12.890000343322754,12.869999885559082,12.875,61236
2026-10-05 13:04:00,1791219840,PATH,12.875,12.880000114440918,12.869999885559082,12.875,21227
2026-10-05 13:05:00,1791219900,PATH,12.875,12.875,12.854999542236328,12.859999656677246,11906625
2026-10-05 13:06:00,1791219960,PATH,12.859999656677246,12.869999885559082,12.851300239562988,12.869999885559082,72123
2026-10-05 13:07:00,1791220020,PATH,12.864999771118164,12.869999885559082,12.859999656677246,12.864999771118164,35889
2026-10-05 13:08:00,1791220080,PATH,12.86989974975586,12.875,12.864999771118164,12.864999771118164,64220
2026-10-05 13:09:00,1791220140,PATH,12.869999885559082,12.880000114440918,12.864999771118164,12.879799842834473,77468
2026-10-05 13:10:00,1791220200,PATH,12.875,12.885000228881836,12.870800018310547,12.875,156292
2026-10-05 13:11:00,1791220260,PATH,12.875,12.885000228881836,12.872699737548828,12.885000228881836,17507
2026-10-05 13:12:00,1791220320,PATH,12.885000228881836,12.885000228881836,12.869999885559082,12.875,89000
2026-10-05 13:13:00,1791220380,PATH,12.869999885559082,12.875,12.859999656677246,12.875,90538
2026-10-05 13:14:00,1791220440,PATH,12.875,12.880000114440918,12.869999885559082,12.875,34440
2026-10-05 13:15:00,1791220500,PATH,12.875,12.875,12.859999656677246,12.864999771118164,43603
2026-10-05 13:16:00,1791220560,PATH,12.869999885559082,12.890000343322754,12.859999656677246,12.88010025024414,260085
2026-10-05 13:17:00,1791220620,PATH,12.885000228881836,12.890000343322754,12.869999885559082,12.885000228881836,159184
2026-10-05 13:18:00,1791220680,PATH,12.885000228881836,12.885199546813965,12.880000114440918,12.885000228881836,27371
2026-10-05 13:19:00,1791220740,PATH,12.885000228881836,12.890000343322754,12.880000114440918,12.889900207519531,70446
2026-10-05 13:20:00,1791220800,PATH,12.885000228881836,12.895000457763672,12.880000114440918,12.895000457763672,120335
2026-10-05 13:21:00,1791220860,PATH,12.895000457763672,12.895000457763672,12.880000114440918,12.889900207519531,54562
2026-10-05 13:22:00,1791220920,PATH,12.889900207519531,12.899999618530273,12.880000114440918,12.880000114440918,91066
2026-10-05 13:23:00,1791220980,PATH,12.890000343322754,12.890000343322754,12.885000228881836,12.890000343322754,43946
2026-10-05 13:24:00,1791221040,PATH,12.885000228881836,12.889699935913086,12.880000114440918,12.885000228881836,16376
2026-10-05 13:25:00,1791221100,PATH,12.890000343322754,12.89780044555664,12.880000114440918,12.882200241088867,114395
2026-10-05 13:26:00,1791221160,PATH,12.880000114440918,12.890000343322754,12.875,12.875,54748
2026-10-05 13:27:00,1791221220,PATH,12.877699851989746,12.880000114440918,12.873200416564941,12.878199577331543,108289
2026-10-05 13:28:00,1791221280,PATH,12.880000114440918,12.885000228881836,12.869999885559082,12.875,105139
2026-10-05 13:29:00,1791221340,PATH,12.875,12.880000114440918,12.870200157165527,12.870200157165527,13528
2026-10-05 13:30:00,1791221400,PATH,12.875,12.880000114440918,12.869999885559082,12.875,54758
2026-10-05 13:31:00,1791221460,PATH,12.875,12.877099990844727,12.875,12.875,13541
2026-10-05 13:32:00,1791221520,PATH,12.875,12.875,12.859999656677246,12.864999771118164,72686
2026-10-05 13:33:00,1791221580,PATH,12.864999771118164,12.86989974975586,12.850000381469727,12.850000381469727,48199
2026-10-05 13:34:00,1791221640,PATH,12.852100372314453,12.859999656677246,12.843700408935547,12.845000267028809,81245
2026-10-05 13:35:00,1791221700,PATH,12.845000267028809,12.845000267028809,12.829999923706055,12.835000038146973,64908
2026-10-05 13:36:00,1791221760,PATH,12.835000038146973,12.850000381469727,12.835000038146973,12.845000267028809,42405
2026-10-05 13:37:00,1791221820,PATH,12.845000267028809,12.850000381469727,12.84000015258789,12.845000267028809,8190
2026-10-05 13:38:00,1791221880,PATH,12.845000267028809,12.850000381469727,12.845000267028809,12.845000267028809,58732
2026-10-05 13:39:00,1791221940,PATH,12.845000267028809,12.850000381469727,12.843799591064453,12.845000267028809,25910
2026-10-05 13:40:00,1791222000,PATH,12.845000267028809,12.850000381469727,12.845000267028809,12.845000267028809,35763
2026-10-05 13:41:00,1791222060,PATH,12.850000381469727,12.859999656677246,12.845000267028809,12.854999542236328,46074
2026-10-05 13:42:00,1791222120,PATH,12.854999542236328,12.859999656677246,12.842100143432617,12.845000267028809,70593
2026-10-05 13:43:00,1791222180,PATH,12.845000267028809,12.850000381469727,12.84000015258789,12.84000015258789,35579
2026-10-05 13:44:00,1791222240,PATH,12.84000015258789,12.859999656677246,12.84000015258789,12.854999542236328,16149
2026-10-05 13:45:00,1791222300,PATH,12.854999542236328,12.859999656677246,12.84000015258789,12.845000267028809,55736
2026-10-05 13:46:00,1791222360,PATH,12.849900245666504,12.850000381469727,12.84000015258789,12.845000267028809,39515
2026-10-05 13:47:00,1791222420,PATH,12.845000267028809,12.850000381469727,12.84000015258789,12.845000267028809,26875
2026-10-05 13:48:00,1791222480,PATH,12.845000267028809,12.859999656677246,12.842499732971191,12.854999542236328,67353
2026-10-05 13:49:00,1791222540,PATH,12.859999656677246,12.869999885559082,12.850000381469727,12.854999542236328,191061
2026-10-05 13:50:00,1791222600,PATH,12.854999542236328,12.859999656677246,12.854999542236328,12.854999542236328,22773
2026-10-05 13:51:00,1791222660,PATH,12.854999542236328,12.85990047454834,12.850000381469727,12.854999542236328,18291
2026-10-05 13:52:00,1791222720,PATH,12.859999656677246,12.859999656677246,12.852499961853027,12.85990047454834,33926
2026-10-05 13:53:00,1791222780,PATH,12.854999542236328,12.869999885559082,12.854999542236328,12.860099792480469,71817
2026-10-05 13:54:00,1791222840,PATH,12.864999771118164,12.864999771118164,12.853423118591309,12.853423118591309,130106
2026-10-05 13:55:00,1791222900,PATH,12.854999542236328,12.864999771118164,12.850000381469727,12.859999656677246,15198149
2026-10-05 13:56:00,1791222960,PATH,12.860400199890137,12.869999885559082,12.859999656677246,12.869999885559082,81295
2026-10-05 13:57:00,1791223020,PATH,12.864999771118164,12.869999885559082,12.859999656677246,12.86620044708252,16701
2026-10-05 13:58:00,1791223080,PATH,12.864999771118164,12.86989974975586,12.854999542236328,12.864999771118164,51361
2026-10-05 13:59:00,1791223140,PATH,12.864999771118164,12.869999885559082,12.864999771118164,12.864999771118164,45868
2026-10-05 14:00:00,1791223200,PATH,12.864999771118164,12.880000114440918,12.864999771118164,12.864999771118164,112823
2026-10-05 14:01:00,1791223260,PATH,12.869999885559082,12.880000114440918,12.860099792480469,12.864999771118164,196692
2026-10-05 14:02:00,1791223320,PATH,12.86989974975586,12.875,12.864999771118164,12.875,100239
2026-10-05 14:03:00,1791223380,PATH,12.875,12.875,12.870100021362305,12.875,6397
2026-10-05 14:04:00,1791223440,PATH,12.875,12.880000114440918,12.869999885559082,12.870100021362305,45975
2026-10-05 14:05:00,1791223500,PATH,12.875,12.875200271606445,12.859999656677246,12.875,64862
2026-10-05 14:06:00,1791223560,PATH,12.875,12.880000114440918,12.869999885559082,12.870100021362305,67419
2026-10-05 14:07:00,1791223620,PATH,12.875,12.880000114440918,12.869999885559082,12.878700256347656,38018
2026-10-05 14:08:00,1791223680,PATH,12.875,12.880000114440918,12.875,12.879899978637695,31346
2026-10-05 14:09:00,1791223740,PATH,12.876199722290039,12.890000343322754,12.875,12.885000228881836,71400
2026-10-05 14:10:00,1791223800,PATH,12.890000343322754,12.890000343322754,12.885000228881836,12.889900207519531,25233
2026-10-05 14:11:00,1791223860,PATH,12.885000228881836,12.899999618530273,12.880000114440918,12.895000457763672,79943
2026-10-05 14:12:00,1791223920,PATH,12.895000457763672,12.89799976348877,12.890000343322754,12.895000457763672,15395
2026-10-05 14:13:00,1791223980,PATH,12.895000457763672,12.899999618530273,12.890000343322754,12.89009952545166,57157
2026-10-05 14:14:00,1791224040,PATH,12.895000457763672,12.904999732971191,12.890000343322754,12.899999618530273,86518
2026-10-05 14:15:00,1791224100,PATH,12.899999618530273,12.90999984741211,12.899999618530273,12.904999732971191,67463
2026-10-05 14:16:00,1791224160,PATH,12.90999984741211,12.90999984741211,12.890000343322754,12.904999732971191,107644
2026-10-05 14:17:00,1791224220,PATH,12.904999732971191,12.90999984741211,12.895000457763672,12.899999618530273,101480
2026-10-05 14:18:00,1791224280,PATH,12.899999618530273,12.90999984741211,12.890000343322754,12.899999618530273,55063
2026-10-05 14:19:00,1791224340,PATH,12.895000457763672,12.899999618530273,12.890000343322754,12.895000457763672,42730
2026-10-05 14:20:00,1791224400,PATH,12.895000457763672,12.895000457763672,12.890000343322754,12.895000457763672,29171
2026-10-05 14:21:00,1791224460,PATH,12.890000343322754,12.899999618530273,12.880000114440918,12.895000457763672,84717
2026-10-05 14:22:00,1791224520,PATH,12.895000457763672,12.899999618530273,12.890000343322754,12.895000457763672,40589
2026-10-05 14:23:00,1791224580,PATH,12.896100044250488,12.899999618530273,12.890000343322754,12.895000457763672,41575
2026-10-05 14:24:00,1791224640,PATH,12.895000457763672,12.90999984741211,12.890000343322754,12.90999984741211,81277
2026-10-05 14:25:00,1791224700,PATH,12.904999732971191,12.930000305175781,12.899999618530273,12.925000190734863,101583
2026-10-05 14:26:00,1791224760,PATH,12.925000190734863,12.930000305175781,12.90999984741211,12.921899795532227,229348
2026-10-05 14:27:00,1791224820,PATH,12.949999809265137,12.949999809265137,12.920000076293945,12.949999809265137,145851
2026-10-05 14:28:00,1791224880,PATH,12.949999809265137,12.979999542236328,12.946200370788574,12.975000381469727,320115
2026-10-05 14:29:00,1791224940,PATH,12.975000381469727,12.989999771118164,12.973799705505371,12.975000381469727,261483
2026-10-05 14:30:00,1791225000,PATH,12.979999542236328,12.980999946594238,12.96500015258789,12.975000381469727,187770
2026-10-05 14:31:00,1791225060,PATH,12.975000381469727,12.979999542236328,12.970000267028809,12.978400230407715,123532
2026-10-05 14:32:00,1791225120,PATH,12.979999542236328,12.984999656677246,12.970000267028809,12.970000267028809,115726
2026-10-05 14:33:00,1791225180,PATH,12.975000381469727,12.989999771118164,12.970000267028809,12.984999656677246,107129
2026-10-05 14:34:00,1791225240,PATH,12.984999656677246,13.0,12.979999542236328,12.994999885559082,127793
2026-10-05 14:35:00,1791225300,PATH,12.994999885559082,13.010000228881836,12.984999656677246,13.001700401306152,167903
2026-10-05 14:36:00,1791225360,PATH,13.0,13.015000343322754,13.0,13.013500213623047,134277
2026-10-05 14:37:00,1791225420,PATH,13.015000343322754,13.020000457763672,13.005000114440918,13.005000114440918,77078
2026-10-05 14:38:00,1791225480,PATH,13.005000114440918,13.0649995803833,13.0,13.03439998626709,314277
2026-10-05 14:39:00,1791225540,PATH,13.029999732971191,13.029999732971191,13.000100135803223,13.010000228881836,186984
2026-10-05 14:40:00,1791225600,PATH,13.010000228881836,13.015000343322754,13.0,13.005000114440918,251493
2026-10-05 14:41:00,1791225660,PATH,13.0,13.029999732971191,12.994999885559082,13.024999618530273,165176
2026-10-05 14:42:00,1791225720,PATH,13.024999618530273,13.039999961853027,13.020000457763672,13.03499984741211,212862
2026-10-05 14:43:00,1791225780,PATH,13.029999732971191,13.03499984741211,13.020000457763672,13.024999618530273,145366
2026-10-05 14:44:00,1791225840,PATH,13.029899597167969,13.039999961853027,13.020099639892578,13.03499984741211,126686
2026-10-05 14:45:00,1791225900,PATH,13.03499984741211,13.03499984741211,13.010000228881836,13.015000343322754,113606
2026-10-05 14:46:00,1791225960,PATH,13.013199806213379,13.020000457763672,13.0,13.014599800109863,139578
2026-10-05 14:47:00,1791226020,PATH,13.015000343322754,13.020000457763672,13.010000228881836,13.015000343322754,69852
2026-10-05 14:48:00,1791226080,PATH,13.010000228881836,13.020000457763672,13.010000228881836,13.015000343322754,48416
2026-10-05 14:49:00,1791226140,PATH,13.020000457763672,13.020000457763672,13.010000228881836,13.020000457763672,48453
2026-10-05 14:50:00,1791226200,PATH,13.015000343322754,13.065099716186523,13.013999938964844,13.045000076293945,115638
2026-10-05 14:51:00,1791226260,PATH,13.04010009765625,13.059900283813477,13.039999961853027,13.055000305175781,77628
2026-10-05 14:52:00,1791226320,PATH,13.0600004196167,13.0600004196167,13.03499984741211,13.039999961853027,129727
2026-10-05 14:53:00,1791226380,PATH,13.03499984741211,13.050000190734863,13.029999732971191,13.03499984741211,43418
2026-10-05 14:54:00,1791226440,PATH,13.03499984741211,13.03499984741211,13.029999732971191,13.03499984741211,11825
2026-10-05 14:55:00,1791226500,PATH,13.03499984741211,13.0600004196167,13.029999732971191,13.0600004196167,92359
2026-10-05 14:56:00,1791226560,PATH,13.058300018310547,13.0600004196167,13.055000305175781,13.055000305175781,6587
2026-10-05 14:57:00,1791226620,PATH,13.0600004196167,13.069999694824219,13.050000190734863,13.057049751281738,110374
2026-10-05 14:58:00,1791226680,PATH,13.055000305175781,13.0600004196167,13.050000190734863,13.055000305175781,31426
2026-10-05 14:59:00,1791226740,PATH,13.055000305175781,13.0600004196167,13.050000190734863,13.055000305175781,30025
2026-10-05 15:00:00,1791226800,PATH,13.050000190734863,13.055000305175781,13.039999961853027,13.045000076293945,104607
2026-10-05 15:01:00,1791226860,PATH,13.041600227355957,13.045000076293945,13.029999732971191,13.029999732971191,17528
2026-10-05 15:02:00,1791226920,PATH,13.029999732971191,13.045000076293945,13.029999732971191,13.045000076293945,130824
2026-10-05 15:03:00,1791226980,PATH,13.045000076293945,13.045000076293945,13.030099868774414,13.03499984741211,64950
2026-10-05 15:04:00,1791227040,PATH,13.03499984741211,13.039999961853027,13.029999732971191,13.03499984741211,61271
2026-10-05 15:05:00,1791227100,PATH,13.03499984741211,13.039999961853027,13.029999732971191,13.03499984741211,45901
2026-10-05 15:06:00,1791227160,PATH,13.03499984741211,13.039999961853027,13.029999732971191,13.03499984741211,24382
2026-10-05 15:07:00,1791227220,PATH,13.03499984741211,13.03499984741211,13.020000457763672,13.024999618530273,44542
2026-10-05 15:08:00,1791227280,PATH,13.020000457763672,13.029999732971191,13.020000457763672,13.029999732971191,26729
2026-10-05 15:09:00,1791227340,PATH,13.024999618530273,13.029999732971191,13.020000457763672,13.024999618530273,16423
2026-10-05 15:10:00,1791227400,PATH,13.020000457763672,13.03499984741211,13.020000457763672,13.029999732971191,46201
2026-10-05 15:11:00,1791227460,PATH,13.024999618530273,13.045000076293945,13.024999618530273,13.045000076293945,78923
2026-10-05 15:12:00,1791227520,PATH,13.045000076293945,13.050000190734863,13.024999618530273,13.04010009765625,156134
2026-10-05 15:13:00,1791227580,PATH,13.039999961853027,13.050000190734863,13.039999961853027,13.045000076293945,21659
2026-10-05 15:14:00,1791227640,PATH,13.039999961853027,13.045000076293945,13.024900436401367,13.025699615478516,102525
2026-10-05 15:15:00,1791227700,PATH,13.024999618530273,13.029999732971191,13.020000457763672,13.024999618530273,40909
2026-10-05 15:16:00,1791227760,PATH,13.029999732971191,13.029999732971191,13.010100364685059,13.015000343322754,46241
2026-10-05 15:17:00,1791227820,PATH,13.015000343322754,13.029999732971191,13.010000228881836,13.029999732971191,83931
2026-10-05 15:18:00,1791227880,PATH,13.03499984741211,13.039999961853027,13.020000457763672,13.020000457763672,65496
2026-10-05 15:19:00,1791227940,PATH,13.024999618530273,13.03499984741211,13.020000457763672,13.024999618530273,49753
2026-10-05 15:20:00,1791228000,PATH,13.024999618530273,13.029999732971191,13.010000228881836,13.024999618530273,89554
2026-10-05 15:21:00,1791228060,PATH,13.024999618530273,13.03499984741211,13.020000457763672,13.03499984741211,38866
2026-10-05 15:22:00,1791228120,PATH,13.03499984741211,13.0600004196167,13.029999732971191,13.059900283813477,86482
2026-10-05 15:23:00,1791228180,PATH,13.059900283813477,13.069999694824219,13.050000190734863,13.069899559020996,104288
2026-10-05 15:24:00,1791228240,PATH,13.069999694824219,13.09000015258789,13.0600004196167,13.085000038146973,80617
2026-10-05 15:25:00,1791228300,PATH,13.085000038146973,13.100000381469727,13.085000038146973,13.09000015258789,118193
2026-10-05 15:26:00,1791228360,PATH,13.09000015258789,13.100000381469727,13.09000015258789,13.095000267028809,12040
2026-10-05 15:27:00,1791228420,PATH,13.095000267028809,13.100000381469727,13.09000015258789,13.09000015258789,41221
2026-10-05 15:28:00,1791228480,PATH,13.100000381469727,13.100000381469727,13.09000015258789,13.095000267028809,36101
2026-10-05 15:29:00,1791228540,PATH,13.095000267028809,13.100000381469727,13.085000038146973,13.095000267028809,64881
2026-10-05 15:30:00,1791228600,PATH,13.100000381469727,13.125100135803223,13.100000381469727,13.125,144304
2026-10-05 15:31:00,1791228660,PATH,13.125,13.130000114440918,13.110099792480469,13.121700286865234,85031
2026-10-05 15:32:00,1791228720,PATH,13.125,13.125,13.104999542236328,13.104999542236328,72000
2026-10-05 15:33:00,1791228780,PATH,13.104999542236328,13.104999542236328,13.0600004196167,13.0649995803833,115969
2026-10-05 15:34:00,1791228840,PATH,13.0600004196167,13.069999694824219,13.039999961853027,13.045000076293945,111876
2026-10-05 15:35:00,1791228900,PATH,13.045000076293945,13.0600004196167,13.024999618530273,13.045000076293945,190282
2026-10-05 15:36:00,1791228960,PATH,13.045000076293945,13.0600004196167,13.039999961853027,13.055000305175781,43827
2026-10-05 15:37:00,1791229020,PATH,13.050299644470215,13.0600004196167,13.050000190734863,13.055000305175781,44195
2026-10-05 15:38:00,1791229080,PATH,13.055000305175781,13.0600004196167,13.050000190734863,13.055000305175781,39332
2026-10-05 15:39:00,1791229140,PATH,13.050000190734863,13.0600004196167,13.050000190734863,13.059900283813477,38912
2026-10-05 15:40:00,1791229200,PATH,13.055000305175781,13.069999694824219,13.050000190734863,13.0649995803833,60280
2026-10-05 15:41:00,1791229260,PATH,13.0600004196167,13.069999694824219,13.0600004196167,13.069999694824219,22054
2026-10-05 15:42:00,1791229320,PATH,13.0649995803833,13.069999694824219,13.0600004196167,13.0649995803833,56854
2026-10-05 15:43:00,1791229380,PATH,13.0649995803833,13.0649995803833,13.050000190734863,13.0649995803833,154285
2026-10-05 15:44:00,1791229440,PATH,13.0649995803833,13.079899787902832,13.0600004196167,13.0649995803833,74197
2026-10-05 15:45:00,1791229500,PATH,13.0649995803833,13.069999694824219,13.055000305175781,13.0600004196167,44419
2026-10-05 15:46:00,1791229560,PATH,13.0649995803833,13.0649995803833,13.050000190734863,13.050000190734863,77061
2026-10-05 15:47:00,1791229620,PATH,13.050000190734863,13.050100326538086,13.029999732971191,13.03499984741211,56050
2026-10-05 15:48:00,1791229680,PATH,13.03499984741211,13.069999694824219,13.03499984741211,13.068099975585938,104013
2026-10-05 15:49:00,1791229740,PATH,13.0649995803833,13.079899787902832,13.0600004196167,13.074999809265137,67315
2026-10-05 15:50:00,1791229800,PATH,13.074999809265137,13.074999809265137,13.055000305175781,13.0649995803833,101847
2026-10-05 15:51:00,1791229860,PATH,13.0649995803833,13.069999694824219,13.055000305175781,13.0649995803833,102130
2026-10-05 15:52:00,1791229920,PATH,13.0600004196167,13.074999809265137,13.0600004196167,13.074999809265137,73438
2026-10-05 15:53:00,1791229980,PATH,13.069999694824219,13.085000038146973,13.0649995803833,13.074999809265137,109524
2026-10-05 15:54:00,1791230040,PATH,13.074999809265137,13.099499702453613,13.069999694824219,13.099499702453613,92634
2026-10-05 15:55:00,1791230100,PATH,13.095000267028809,13.130000114440918,13.095000267028809,13.125,116666
2026-10-05 15:56:00,1791230160,PATH,13.125,13.149999618530273,13.123700141906738,13.145000457763672,175340
2026-10-05 15:57:00,1791230220,PATH,13.145000457763672,13.145000457763672,13.119999885559082,13.125,135937
2026-10-05 15:58:00,1791230280,PATH,13.125,13.15999984741211,13.119999885559082,13.154999732971191,352556
2026-10-05 15:59:00,1791230340,PATH,13.154999732971191,13.170000076293945,13.140000343322754,13.15999984741211,322190
2026-10-05 16:00:00,1791230400,PATH,13.15999984741211,13.15999984741211,13.15999984741211,13.15999984741211,0
2026-10-06 09:30:00,1791293400,PATH,13.220000267028809,13.348600387573242,13.175000190734863,13.175000190734863,338646
2026-10-06 09:31:00,1791293460,PATH,13.179900169372559,13.180000305175781,13.110799789428711,13.164999961853027,45515
2026-10-06 09:32:00,1791293520,PATH,13.170000076293945,13.220000267028809,13.15999984741211,13.204999923706055,22198
2026-10-06 09:33:00,1791293580,PATH,13.210000038146973,13.255000114440918,13.199999809265137,13.210000038146973,44888
2026-10-06 09:34:00,1791293640,PATH,13.199999809265137,13.229999542236328,13.175000190734863,13.199999809265137,48949
2026-10-06 09:35:00,1791293700,PATH,13.199999809265137,13.21500015258789,13.180000305175781,13.21500015258789,49012
2026-10-06 09:36:00,1791293760,PATH,13.210000038146973,13.268199920654297,13.210000038146973,13.229999542236328,46144
2026-10-06 09:37:00,1791293820,PATH,13.225000381469727,13.265000343322754,13.220000267028809,13.260000228881836,37833
2026-10-06 09:38:00,1791293880,PATH,13.260000228881836,13.300000190734863,13.25,13.274999618530273,36375
2026-10-06 09:39:00,1791293940,PATH,13.279999732971191,13.305000305175781,13.25,13.25,43108
2026-10-06 09:40:00,1791294000,PATH,13.244999885559082,13.279999732971191,13.1899995803833,13.194999694824219,154480
2026-10-06 09:41:00,1791294060,PATH,13.194999694824219,13.204999923706055,13.150099754333496,13.154999732971191,109341
2026-10-06 09:42:00,1791294120,PATH,13.154999732971191,13.204999923706055,13.130999565124512,13.199999809265137,112818
2026-10-06 09:43:00,1791294180,PATH,13.194999694824219,13.204999923706055,13.149999618530273,13.164999961853027,14536
2026-10-06 09:44:00,1791294240,PATH,13.164999961853027,13.220000267028809,13.164999961853027,13.1899995803833,24742
2026-10-06 09:45:00,1791294300,PATH,13.1899995803833,13.199999809265137,13.135000228881836,13.199999809265137,30877
2026-10-06 09:46:00,1791294360,PATH,13.194999694824219,13.21500015258789,13.164999961853027,13.199999809265137,33390
2026-10-06 09:47:00,1791294420,PATH,13.199999809265137,13.210000038146973,13.175000190734863,13.175000190734863,15710
2026-10-06 09:48:00,1791294480,PATH,13.180000305175781,13.225000381469727,13.180000305175781,13.225000381469727,34155
2026-10-06 09:49:00,1791294540,PATH,13.229999542236328,13.260000228881836,13.229999542236328,13.229999542236328,30626
2026-10-06 09:50:00,1791294600,PATH,13.234999656677246,13.239999771118164,13.210000038146973,13.225000381469727,25807
2026-10-06 09:51:00,1791294660,PATH,13.225000381469727,13.228500366210938,13.170000076293945,13.180000305175781,11746
2026-10-06 09:52:00,1791294720,PATH,13.180000305175781,13.210000038146973,13.175000190734863,13.204999923706055,29075
2026-10-06 09:53:00,1791294780,PATH,13.204999923706055,13.220000267028809,13.199999809265137,13.204999923706055,21143
2026-10-06 09:54:00,1791294840,PATH,13.204999923706055,13.229999542236328,13.204999923706055,13.21500015258789,17205
2026-10-06 09:55:00,1791294900,PATH,13.210000038146973,13.229999542236328,13.210000038146973,13.220000267028809,20023
2026-10-06 09:56:00,1791294960,PATH,13.225000381469727,13.229999542236328,13.21500015258789,13.21500015258789,7924
2026-10-06 09:57:00,1791295020,PATH,13.210000038146973,13.236599922180176,13.1899995803833,13.236599922180176,20504
2026-10-06 09:58:00,1791295080,PATH,13.239999771118164,13.260000228881836,13.225000381469727,13.229999542236328,112514
2026-10-06 09:59:00,1791295140,PATH,13.25,13.255000114440918,13.229999542236328,13.25,82488
2026-10-06 10:00:00,1791295200,PATH,13.239999771118164,13.274999618530273,13.229999542236328,13.261099815368652,32061
2026-10-06 10:01:00,1791295260,PATH,13.265000343322754,13.274999618530273,13.240099906921387,13.274999618530273,24548
2026-10-06 10:02:00,1791295320,PATH,13.274999618530273,13.274999618530273,13.229999542236328,13.239999771118164,39971
2026-10-06 10:03:00,1791295380,PATH,13.234999656677246,13.239999771118164,13.199999809265137,13.210000038146973,27057
2026-10-06 10:04:00,1791295440,PATH,13.204999923706055,13.21500015258789,13.164999961853027,13.170000076293945,37944
2026-10-06 10:05:00,1791295500,PATH,13.170000076293945,13.175000190734863,13.1628999710083,13.170000076293945,16519
2026-10-06 10:06:00,1791295560,PATH,13.175000190734863,13.210000038146973,13.170000076293945,13.1850004196167,62340
2026-10-06 10:07:00,1791295620,PATH,13.189900398254395,13.204999923706055,13.189800262451172,13.204999923706055,77061
2026-10-06 10:08:00,1791295680,PATH,13.210000038146973,13.265000343322754,13.210000038146973,13.265000343322754,79026
2026-10-06 10:09:00,1791295740,PATH,13.270000457763672,13.28499984741211,13.255000114440918,13.28499984741211,64568
2026-10-06 10:10:00,1791295800,PATH,13.28499984741211,13.319999694824219,13.279999732971191,13.28499984741211,85017
2026-10-06 10:11:00,1791295860,PATH,13.28600025177002,13.289999961853027,13.255000114440918,13.255000114440918,74718
2026-10-06 10:12:00,1791295920,PATH,13.255000114440918,13.274999618530273,13.255000114440918,13.255000114440918,52525
2026-10-06 10:13:00,1791295980,PATH,13.255000114440918,13.260000228881836,13.255000114440918,13.255000114440918,26843
2026-10-06 10:14:00,1791296040,PATH,13.255000114440918,13.26990032196045,13.239999771118164,13.265000343322754,67496
2026-10-06 10:15:00,1791296100,PATH,13.265000343322754,13.265000343322754,13.244799613952637,13.255000114440918,38424
2026-10-06 10:16:00,1791296160,PATH,13.260000228881836,13.260000228881836,13.229999542236328,13.239999771118164,61520
2026-10-06 10:17:00,1791296220,PATH,13.239999771118164,13.25,13.229999542236328,13.234999656677246,43528
2026-10-06 10:18:00,1791296280,PATH,13.234999656677246,13.239999771118164,13.225000381469727,13.234999656677246,19377
2026-10-06 10:19:00,1791296340,PATH,13.234999656677246,13.25,13.23009967803955,13.239999771118164,76232
2026-10-06 10:20:00,1791296400,PATH,13.234999656677246,13.239999771118164,13.229999542236328,13.229999542236328,26331
2026-10-06 10:21:00,1791296460,PATH,13.234999656677246,13.234999656677246,13.204999923706055,13.209001541137695,53228
2026-10-06 10:22:00,1791296520,PATH,13.204999923706055,13.220000267028809,13.15999984741211,13.21500015258789,244246
2026-10-06 10:23:00,1791296580,PATH,13.211899757385254,13.220000267028809,13.175000190734863,13.189900398254395,83718
2026-10-06 10:24:00,1791296640,PATH,13.1899995803833,13.199999809265137,13.175000190734863,13.1850004196167,73604
2026-10-06 10:25:00,1791296700,PATH,13.180000305175781,13.194999694824219,13.180000305175781,13.1850004196167,71507
2026-10-06 10:26:00,1791296760,PATH,13.189900398254395,13.189900398254395,13.149999618530273,13.154999732971191,25894
2026-10-06 10:27:00,1791296820,PATH,13.152299880981445,13.167499542236328,13.149999618530273,13.156371116638184,53940
2026-10-06 10:28:00,1791296880,PATH,13.156371116638184,13.180000305175781,13.152299880981445,13.175000190734863,55449
2026-10-06 10:29:00,1791296940,PATH,13.170000076293945,13.180000305175781,13.170000076293945,13.175000190734863,40572
2026-10-06 10:30:00,1791297000,PATH,13.170000076293945,13.199899673461914,13.170000076293945,13.1899995803833,47527
2026-10-06 10:31:00,1791297060,PATH,13.1899995803833,13.204999923706055,13.180100440979004,13.194999694824219,130637
2026-10-06 10:32:00,1791297120,PATH,13.199999809265137,13.199999809265137,13.164999961853027,13.164999961853027,30181
2026-10-06 10:33:00,1791297180,PATH,13.164999961853027,13.168600082397461,13.145000457763672,13.164999961853027,40097
2026-10-06 10:34:00,1791297240,PATH,13.164999961853027,13.170000076293945,13.15999984741211,13.15999984741211,21378
2026-10-06 10:35:00,1791297300,PATH,13.164999961853027,13.164999961853027,13.145000457763672,13.145000457763672,24104
2026-10-06 10:36:00,1791297360,PATH,13.145000457763672,13.154999732971191,13.140000343322754,13.154999732971191,68093
2026-10-06 10:37:00,1791297420,PATH,13.154999732971191,13.15999984741211,13.140000343322754,13.15999984741211,77825
2026-10-06 10:38:00,1791297480,PATH,13.149999618530273,13.15999984741211,13.145000457763672,13.15999984741211,42966
2026-10-06 10:39:00,1791297540,PATH,13.149999618530273,13.15999984741211,13.140000343322754,13.15999984741211,84337
2026-10-06 10:40:00,1791297600,PATH,13.15999984741211,13.15999984741211,13.149999618530273,13.154999732971191,45451
2026-10-06 10:41:00,1791297660,PATH,13.149999618530273,13.1850004196167,13.149999618530273,13.1850004196167,26868
2026-10-06 10:42:00,1791297720,PATH,13.1899995803833,13.20989990234375,13.1899995803833,13.204999923706055,102389
2026-10-06 10:43:00,1791297780,PATH,13.207500457763672,13.220000267028809,13.204999923706055,13.210100173950195,103024
2026-10-06 10:44:00,1791297840,PATH,13.21500015258789,13.234999656677246,13.21500015258789,13.229999542236328,37666
2026-10-06 10:45:00,1791297900,PATH,13.234999656677246,13.239999771118164,13.210000038146973,13.225000381469727,86856
2026-10-06 10:46:00,1791297960,PATH,13.225000381469727,13.225000381469727,13.199999809265137,13.199999809265137,52149
2026-10-06 10:47:00,1791298020,PATH,13.204999923706055,13.210000038146973,13.194999694824219,13.204999923706055,37223
2026-10-06 10:48:00,1791298080,PATH,13.204999923706055,13.204999923706055,13.199999809265137,13.204999923706055,15182
2026-10-06 10:49:00,1791298140,PATH,13.20419979095459,13.215900421142578,13.203200340270996,13.204999923706055,107469
2026-10-06 10:50:00,1791298200,PATH,13.210000038146973,13.210000038146973,13.20199966430664,13.204999923706055,28881
2026-10-06 10:51:00,1791298260,PATH,13.199999809265137,13.220000267028809,13.199999809265137,13.210000038146973,68931
2026-10-06 10:52:00,1791298320,PATH,13.21500015258789,13.229999542236328,13.210000038146973,13.21500015258789,34100
2026-10-06 10:53:00,1791298380,PATH,13.210000038146973,13.219900131225586,13.199999809265137,13.21500015258789,78363
2026-10-06 10:54:00,1791298440,PATH,13.21500015258789,13.21500015258789,13.1899995803833,13.199999809265137,42672
2026-10-06 10:55:00,1791298500,PATH,13.194999694824219,13.199999809265137,13.1899995803833,13.199999809265137,34930
2026-10-06 10:56:00,1791298560,PATH,13.1899995803833,13.206399917602539,13.1899995803833,13.1899995803833,46542
2026-10-06 10:57:00,1791298620,PATH,13.1899995803833,13.194999694824219,13.180000305175781,13.1850004196167,31070
2026-10-06 10:58:00,1791298680,PATH,13.180000305175781,13.180000305175781,13.149999618530273,13.154999732971191,48248
2026-10-06 10:59:00,1791298740,PATH,13.149999618530273,13.169899940490723,13.149999618530273,13.159899711608887,116585
2026-10-06 11:00:00,1791298800,PATH,13.159899711608887,13.168899536132812,13.149999618530273,13.164999961853027,87998
2026-10-06 11:01:00,1791298860,PATH,13.164999961853027,13.1899995803833,13.164999961853027,13.1899995803833,51105
2026-10-06 11:02:00,1791298920,PATH,13.189900398254395,13.199899673461914,13.1850004196167,13.194999694824219,66043
2026-10-06 11:03:00,1791298980,PATH,13.194999694824219,13.199999809265137,13.190099716186523,13.194999694824219,58659
2026-10-06 11:04:00,1791299040,PATH,13.199999809265137,13.210000038146973,13.1899995803833,13.194999694824219,92175
2026-10-06 11:05:00,1791299100,PATH,13.1899995803833,13.190099716186523,13.175000190734863,13.175000190734863,119981
2026-10-06 11:06:00,1791299160,PATH,13.172699928283691,13.180000305175781,13.149999618530273,13.154999732971191,162159
2026-10-06 11:07:00,1791299220,PATH,13.154999732971191,13.179900169372559,13.154999732971191,13.154999732971191,39909
2026-10-06 11:08:00,1791299280,PATH,13.154999732971191,13.15999984741211,13.14009952545166,13.149999618530273,59744
2026-10-06 11:09:00,1791299340,PATH,13.149900436401367,13.154999732971191,13.140000343322754,13.149999618530273,40621
2026-10-06 11:10:00,1791299400,PATH,13.149999618530273,13.15999984741211,13.140000343322754,13.156900405883789,91147
2026-10-06 11:11:00,1791299460,PATH,13.150099754333496,13.15999984741211,13.140000343322754,13.150099754333496,45357
2026-10-06 11:12:00,1791299520,PATH,13.149999618530273,13.170000076293945,13.149999618530273,13.169899940490723,34783
2026-10-06 11:13:00,1791299580,PATH,13.15999984741211,13.170000076293945,13.15999984741211,13.15999984741211,32568
2026-10-06 11:14:00,1791299640,PATH,13.164999961853027,13.164999961853027,13.145000457763672,13.145000457763672,97135
2026-10-06 11:15:00,1791299700,PATH,13.149100303649902,13.154999732971191,13.140000343322754,13.140000343322754,77203
2026-10-06 11:16:00,1791299760,PATH,13.14009952545166,13.14009952545166,13.130000114440918,13.130000114440918,80584
2026-10-06 11:17:00,1791299820,PATH,13.130000114440918,13.137100219726562,13.119999885559082,13.130000114440918,33016
2026-10-06 11:18:00,1791299880,PATH,13.130000114440918,13.130000114440918,13.125,13.125,29307
2026-10-06 11:19:00,1791299940,PATH,13.130000114440918,13.130000114440918,13.119999885559082,13.130000114440918,67700
2026-10-06 11:20:00,1791300000,PATH,13.125,13.130000114440918,13.119999885559082,13.120100021362305,79818
2026-10-06 11:21:00,1791300060,PATH,13.125,13.140000343322754,13.119999885559082,13.140000343322754,43572
2026-10-06 11:22:00,1791300120,PATH,13.139699935913086,13.154999732971191,13.13010025024414,13.154999732971191,64947
2026-10-06 11:23:00,1791300180,PATH,13.15999984741211,13.15999984741211,13.145000457763672,13.149999618530273,59568
2026-10-06 11:24:00,1791300240,PATH,13.149999618530273,13.154999732971191,13.149999618530273,13.149999618530273,27942
2026-10-06 11:25:00,1791300300,PATH,13.149999618530273,13.15999984741211,13.14009952545166,13.149900436401367,49157
2026-10-06 11:26:00,1791300360,PATH,13.140000343322754,13.146370887756348,13.140000343322754,13.14050006866455,48160
2026-10-06 11:27:00,1791300420,PATH,13.140000343322754,13.147299766540527,13.130000114440918,13.135000228881836,115922
2026-10-06 11:28:00,1791300480,PATH,13.135000228881836,13.149900436401367,13.130000114440918,13.139900207519531,78037
2026-10-06 11:29:00,1791300540,PATH,13.130000114440918,13.140000343322754,13.130000114440918,13.136370658874512,6303
2026-10-06 11:30:00,1791300600,PATH,13.135000228881836,13.137700080871582,13.130000114440918,13.130000114440918,16392
2026-10-06 11:31:00,1791300660,PATH,13.135000228881836,13.15999984741211,13.135000228881836,13.154999732971191,54666
2026-10-06 11:32:00,1791300720,PATH,13.154999732971191,13.170000076293945,13.154999732971191,13.165300369262695,25871
2026-10-06 11:33:00,1791300780,PATH,13.164999961853027,13.170000076293945,13.15999984741211,13.164999961853027,22004
2026-10-06 11:34:00,1791300840,PATH,13.170000076293945,13.170000076293945,13.15999984741211,13.164999961853027,40264
2026-10-06 11:35:00,1791300900,PATH,13.164999961853027,13.170000076293945,13.145000457763672,13.145000457763672,42589
2026-10-06 11:36:00,1791300960,PATH,13.14050006866455,13.145000457763672,13.140000343322754,13.140000343322754,11006
2026-10-06 11:37:00,1791301020,PATH,13.145000457763672,13.145000457763672,13.119999885559082,13.125,33797
2026-10-06 11:38:00,1791301080,PATH,13.125,13.12909984588623,13.119999885559082,13.125,12666
2026-10-06 11:39:00,1791301140,PATH,13.125,13.130000114440918,13.119999885559082,13.125,6708
2026-10-06 11:40:00,1791301200,PATH,13.125,13.130000114440918,13.125,13.130000114440918,5232
2026-10-06 11:41:00,1791301260,PATH,13.119999885559082,13.139900207519531,13.119999885559082,13.135000228881836,98838
2026-10-06 11:42:00,1791301320,PATH,13.135000228881836,13.140000343322754,13.130000114440918,13.140000343322754,38068
2026-10-06 11:43:00,1791301380,PATH,13.135000228881836,13.135000228881836,13.125,13.135000228881836,47576
2026-10-06 11:44:00,1791301440,PATH,13.135000228881836,13.137999534606934,13.130000114440918,13.130000114440918,8138
2026-10-06 11:45:00,1791301500,PATH,13.135000228881836,13.135000228881836,13.119999885559082,13.135000228881836,50992
2026-10-06 11:46:00,1791301560,PATH,13.130000114440918,13.135000228881836,13.119999885559082,13.129899978637695,16436
2026-10-06 11:47:00,1791301620,PATH,13.125,13.135000228881836,13.125,13.135000228881836,17468
2026-10-06 11:48:00,1791301680,PATH,13.135000228881836,13.149999618530273,13.135000228881836,13.14009952545166,54376
2026-10-06 11:49:00,1791301740,PATH,13.149999618530273,13.149999618530273,13.145000457763672,13.145000457763672,4906
2026-10-06 11:50:00,1791301800,PATH,13.145000457763672,13.145000457763672,13.14210033416748,13.145000457763672,2693
2026-10-06 11:51:00,1791301860,PATH,13.149999618530273,13.149999618530273,13.140000343322754,13.145000457763672,3668
2026-10-06 11:52:00,1791301920,PATH,13.140000343322754,13.149900436401367,13.140000343322754,13.149900436401367,13142
2026-10-06 11:53:00,1791301980,PATH,13.145000457763672,13.154999732971191,13.145000457763672,13.154999732971191,17260
2026-10-06 11:54:00,1791302040,PATH,13.154999732971191,13.170000076293945,13.149999618530273,13.169899940490723,12939
2026-10-06 11:55:00,1791302100,PATH,13.169899940490723,13.170000076293945,13.162799835205078,13.164999961853027,15495
2026-10-06 11:56:00,1791302160,PATH,13.164999961853027,13.170000076293945,13.15999984741211,13.164999961853027,16099
2026-10-06 11:57:00,1791302220,PATH,13.164999961853027,13.170000076293945,13.15999984741211,13.170000076293945,7428
2026-10-06 11:58:00,1791302280,PATH,13.170000076293945,13.180000305175781,13.160499572753906,13.180000305175781,23976
2026-10-06 11:59:00,1791302340,PATH,13.180000305175781,13.180000305175781,13.170100212097168,13.180000305175781,9626
2026-10-06 12:00:00,1791302400,PATH,13.175000190734863,13.180000305175781,13.164999961853027,13.171899795532227,40972
2026-10-06 12:01:00,1791302460,PATH,13.175000190734863,13.199999809265137,13.175000190734863,13.194999694824219,55230
2026-10-06 12:02:00,1791302520,PATH,13.199999809265137,13.210000038146973,13.180000305175781,13.1850004196167,47505
2026-10-06 12:03:00,1791302580,PATH,13.189900398254395,13.194999694824219,13.180000305175781,13.194999694824219,53836
2026-10-06 12:04:00,1791302640,PATH,13.1899995803833,13.199999809265137,13.180100440979004,13.194999694824219,49257
2026-10-06 12:05:00,1791302700,PATH,13.1899995803833,13.199999809265137,13.1899995803833,13.199999809265137,18994
2026-10-06 12:06:00,1791302760,PATH,13.194999694824219,13.194999694824219,13.1850004196167,13.1850004196167,28634
2026-10-06 12:07:00,1791302820,PATH,13.180000305175781,13.1850004196167,13.175000190734863,13.175000190734863,10976
2026-10-06 12:08:00,1791302880,PATH,13.175000190734863,13.199999809265137,13.170000076293945,13.1899995803833,50530
2026-10-06 12:09:00,1791302940,PATH,13.199999809265137,13.199999809265137,13.180000305175781,13.1899995803833,40557
2026-10-06 12:10:00,1791303000,PATH,13.1850004196167,13.199999809265137,13.180000305175781,13.194199562072754,51472
2026-10-06 12:11:00,1791303060,PATH,13.194999694824219,13.197699546813965,13.1850004196167,13.1850004196167,10420
2026-10-06 12:12:00,1791303120,PATH,13.1899995803833,13.199999809265137,13.1899995803833,13.194999694824219,27286
2026-10-06 12:13:00,1791303180,PATH,13.194999694824219,13.199999809265137,13.194999694824219,13.194999694824219,4338
2026-10-06 12:14:00,1791303240,PATH,13.194999694824219,13.199999809265137,13.1850004196167,13.1850004196167,13235
2026-10-06 12:15:00,1791303300,PATH,13.1850004196167,13.1899995803833,13.180000305175781,13.180000305175781,37419
2026-10-06 12:16:00,1791303360,PATH,13.180000305175781,13.1899995803833,13.170000076293945,13.175000190734863,22219
2026-10-06 12:17:00,1791303420,PATH,13.170000076293945,13.175000190734863,13.170000076293945,13.17240047454834,15068
2026-10-06 12:18:00,1791303480,PATH,13.175000190734863,13.180000305175781,13.170100212097168,13.175000190734863,4993
2026-10-06 12:19:00,1791303540,PATH,13.175000190734863,13.180000305175781,13.170000076293945,13.175000190734863,6141
2026-10-06 12:20:00,1791303600,PATH,13.179100036621094,13.180000305175781,13.170000076293945,13.175000190734863,5487
2026-10-06 12:21:00,1791303660,PATH,13.175000190734863,13.180000305175781,13.170000076293945,13.175000190734863,11673
2026-10-06 12:22:00,1791303720,PATH,13.170100212097168,13.180000305175781,13.164999961853027,13.175000190734863,49357
2026-10-06 12:23:00,1791303780,PATH,13.175000190734863,13.175000190734863,13.15999984741211,13.164999961853027,28754
2026-10-06 12:24:00,1791303840,PATH,13.15999984741211,13.164999961853027,13.154999732971191,13.15999984741211,44492
2026-10-06 12:25:00,1791303900,PATH,13.15999984741211,13.15999984741211,13.149999618530273,13.150199890136719,6300
2026-10-06 12:26:00,1791303960,PATH,13.154999732971191,13.15999984741211,13.149999618530273,13.15999984741211,28362
2026-10-06 12:27:00,1791304020,PATH,13.154999732971191,13.154999732971191,13.149999618530273,13.154999732971191,5017
2026-10-06 12:28:00,1791304080,PATH,13.154999732971191,13.154999732971191,13.149999618530273,13.149999618530273,10983
2026-10-06 12:29:00,1791304140,PATH,13.154999732971191,13.154999732971191,13.149999618530273,13.149999618530273,8103
2026-10-06 12:30:00,1791304200,PATH,13.154999732971191,13.154999732971191,13.149999618530273,13.154999732971191,24875
2026-10-06 12:31:00,1791304260,PATH,13.154999732971191,13.170000076293945,13.154999732971191,13.154999732971191,162590
2026-10-06 12:32:00,1791304320,PATH,13.15999984741211,13.15999984741211,13.14009952545166,13.145000457763672,11390
2026-10-06 12:33:00,1791304380,PATH,13.145000457763672,13.149999618530273,13.140000343322754,13.140000343322754,8291
2026-10-06 12:34:00,1791304440,PATH,13.149999618530273,13.149999618530273,13.140000343322754,13.14009952545166,106067
2026-10-06 12:35:00,1791304500,PATH,13.149999618530273,13.149999618530273,13.145000457763672,13.145000457763672,21101
2026-10-06 12:36:00,1791304560,PATH,13.145000457763672,13.149999618530273,13.140000343322754,13.145000457763672,46470
2026-10-06 12:37:00,1791304620,PATH,13.140000343322754,13.149999618530273,13.135000228881836,13.145000457763672,125200
2026-10-06 12:38:00,1791304680,PATH,13.140000343322754,13.145000457763672,13.13010025024414,13.145000457763672,22420
2026-10-06 12:39:00,1791304740,PATH,13.145000457763672,13.149999618530273,13.14009952545166,13.149999618530273,6513
2026-10-06 12:40:00,1791304800,PATH,13.145000457763672,13.145000457763672,13.14009952545166,13.145000457763672,2852
2026-10-06 12:41:00,1791304860,PATH,13.145000457763672,13.149999618530273,13.140000343322754,13.145000457763672,7561
2026-10-06 12:42:00,1791304920,PATH,13.145000457763672,13.145000457763672,13.119999885559082,13.129899978637695,35825
2026-10-06 12:43:00,1791304980,PATH,13.130000114440918,13.139900207519531,13.119999885559082,13.135000228881836,35047
2026-10-06 12:44:00,1791305040,PATH,13.140000343322754,13.140000343322754,13.130000114440918,13.135000228881836,22265
2026-10-06 12:45:00,1791305100,PATH,13.140000343322754,13.140000343322754,13.130000114440918,13.140000343322754,30718
2026-10-06 12:46:00,1791305160,PATH,13.140000343322754,13.149999618530273,13.135000228881836,13.135000228881836,62138
2026-10-06 12:47:00,1791305220,PATH,13.13010025024414,13.13010025024414,13.109999656677246,13.114999771118164,44914
2026-10-06 12:48:00,1791305280,PATH,13.114999771118164,13.114999771118164,13.100000381469727,13.100099563598633,32645
2026-10-06 12:49:00,1791305340,PATH,13.100000381469727,13.109999656677246,13.100000381469727,13.104999542236328,33332
2026-10-06 12:50:00,1791305400,PATH,13.104999542236328,13.10990047454834,13.09280014038086,13.104999542236328,48659
2026-10-06 12:51:00,1791305460,PATH,13.106599807739258,13.106599807739258,13.100000381469727,13.104999542236328,5722
2026-10-06 12:52:00,1791305520,PATH,13.109999656677246,13.109999656677246,13.100000381469727,13.100500106811523,13824
2026-10-06 12:53:00,1791305580,PATH,13.104999542236328,13.109999656677246,13.100000381469727,13.109999656677246,15049
2026-10-06 12:54:00,1791305640,PATH,13.109999656677246,13.119999885559082,13.100000381469727,13.116900444030762,72334
2026-10-06 12:55:00,1791305700,PATH,13.114999771118164,13.114999771118164,13.100000381469727,13.114999771118164,53656
2026-10-06 12:56:00,1791305760,PATH,13.109999656677246,13.109999656677246,13.104999542236328,13.104999542236328,28555
2026-10-06 12:57:00,1791305820,PATH,13.104999542236328,13.114999771118164,13.100500106811523,13.114999771118164,17831
2026-10-06 12:58:00,1791305880,PATH,13.110099792480469,13.119999885559082,13.100000381469727,13.104999542236328,44606
2026-10-06 12:59:00,1791305940,PATH,13.100000381469727,13.109999656677246,13.100000381469727,13.104999542236328,5050
2026-10-06 13:00:00,1791306000,PATH,13.104999542236328,13.109999656677246,13.100000381469727,13.104999542236328,10060
2026-10-06 13:01:00,1791306060,PATH,13.104999542236328,13.104999542236328,13.100000381469727,13.104999542236328,7017
2026-10-06 13:02:00,1791306120,PATH,13.104999542236328,13.109999656677246,13.09000015258789,13.095000267028809,46181
2026-10-06 13:03:00,1791306180,PATH,13.095000267028809,13.109999656677246,13.09000015258789,13.104999542236328,60596
2026-10-06 13:04:00,1791306240,PATH,13.104999542236328,13.109999656677246,13.100000381469727,13.104999542236328,6546
2026-10-06 13:05:00,1791306300,PATH,13.104999542236328,13.107399940490723,13.100000381469727,13.104999542236328,5404
2026-10-06 13:06:00,1791306360,PATH,13.100000381469727,13.104999542236328,13.085000038146973,13.095000267028809,73777
2026-10-06 13:07:00,1791306420,PATH,13.096199989318848,13.100000381469727,13.09000015258789,13.095000267028809,7842
2026-10-06 13:08:00,1791306480,PATH,13.100000381469727,13.100000381469727,13.09000015258789,13.095000267028809,12965
2026-10-06 13:09:00,1791306540,PATH,13.095000267028809,13.100000381469727,13.095000267028809,13.099900245666504,6715
2026-10-06 13:10:00,1791306600,PATH,13.095000267028809,13.104999542236328,13.09000015258789,13.095000267028809,64575
2026-10-06 13:11:00,1791306660,PATH,13.097599983215332,13.104999542236328,13.095000267028809,13.102299690246582,45354
2026-10-06 13:12:00,1791306720,PATH,13.104999542236328,13.109999656677246,13.093999862670898,13.095000267028809,55146
2026-10-06 13:13:00,1791306780,PATH,13.09000015258789,13.100000381469727,13.09000015258789,13.095000267028809,23145
2026-10-06 13:14:00,1791306840,PATH,13.099900245666504,13.100000381469727,13.09000015258789,13.09000015258789,11630
2026-10-06 13:15:00,1791306900,PATH,13.095000267028809,13.100000381469727,13.09000015258789,13.095000267028809,11010
2026-10-06 13:16:00,1791306960,PATH,13.095000267028809,13.100000381469727,13.09000015258789,13.095000267028809,6414
2026-10-06 13:17:00,1791307020,PATH,13.09000015258789,13.095000267028809,13.09000015258789,13.095000267028809,5399
2026-10-06 13:18:00,1791307080,PATH,13.095000267028809,13.095000267028809,13.09000015258789,13.095000267028809,6982
2026-10-06 13:19:00,1791307140,PATH,13.095000267028809,13.100000381469727,13.09000015258789,13.095000267028809,6494
2026-10-06 13:20:00,1791307200,PATH,13.095000267028809,13.09689998626709,13.09000015258789,13.095000267028809,6841
2026-10-06 13:21:00,1791307260,PATH,13.095000267028809,13.095000267028809,13.074999809265137,13.09000015258789,50480
2026-10-06 13:22:00,1791307320,PATH,13.085000038146973,13.09000015258789,13.079999923706055,13.085000038146973,20585
2026-10-06 13:23:00,1791307380,PATH,13.085000038146973,13.085000038146973,13.074999809265137,13.075599670410156,32612
2026-10-06 13:24:00,1791307440,PATH,13.074999809265137,13.079999923706055,13.069999694824219,13.074999809265137,5182
2026-10-06 13:25:00,1791307500,PATH,13.074999809265137,13.085000038146973,13.074999809265137,13.080100059509277,24091
2026-10-06 13:26:00,1791307560,PATH,13.085000038146973,13.09000015258789,13.079999923706055,13.09000015258789,77595
2026-10-06 13:27:00,1791307620,PATH,13.085000038146973,13.09000015258789,13.079999923706055,13.085000038146973,31085
2026-10-06 13:28:00,1791307680,PATH,13.089300155639648,13.09000015258789,13.079999923706055,13.085000038146973,13488
2026-10-06 13:29:00,1791307740,PATH,13.089900016784668,13.09000015258789,13.079999923706055,13.09000015258789,31717
2026-10-06 13:30:00,1791307800,PATH,13.085000038146973,13.09000015258789,13.079999923706055,13.09000015258789,5621
2026-10-06 13:31:00,1791307860,PATH,13.09000015258789,13.095000267028809,13.079999923706055,13.095000267028809,44335
2026-10-06 13:32:00,1791307920,PATH,13.095000267028809,13.100000381469727,13.09000015258789,13.095000267028809,14614
2026-10-06 13:33:00,1791307980,PATH,13.095000267028809,13.095000267028809,13.090100288391113,13.095000267028809,11891
2026-10-06 13:34:00,1791308040,PATH,13.095000267028809,13.100000381469727,13.091699600219727,13.095000267028809,6688
2026-10-06 13:35:00,1791308100,PATH,13.095000267028809,13.100000381469727,13.09000015258789,13.095000267028809,4751
2026-10-06 13:36:00,1791308160,PATH,13.095000267028809,13.100000381469727,13.09000015258789,13.095000267028809,10570
2026-10-06 13:37:00,1791308220,PATH,13.100000381469727,13.100000381469727,13.090100288391113,13.100000381469727,10055
2026-10-06 13:38:00,1791308280,PATH,13.100000381469727,13.109999656677246,13.095000267028809,13.104999542236328,40570
2026-10-06 13:39:00,1791308340,PATH,13.104999542236328,13.109999656677246,13.100000381469727,13.104999542236328,8057
2026-10-06 13:40:00,1791308400,PATH,13.109999656677246,13.109999656677246,13.10260009765625,13.105856895446777,14269
2026-10-06 13:41:00,1791308460,PATH,13.104999542236328,13.104999542236328,13.09000015258789,13.098099708557129,30731
2026-10-06 13:42:00,1791308520,PATH,13.100000381469727,13.100000381469727,13.060099601745605,13.074999809265137,52868
2026-10-06 13:43:00,1791308580,PATH,13.074999809265137,13.079999923706055,13.0600004196167,13.0600004196167,28449
2026-10-06 13:44:00,1791308640,PATH,13.0600004196167,13.0600004196167,13.030099868774414,13.039999961853027,39144
2026-10-06 13:45:00,1791308700,PATH,13.03499984741211,13.039999961853027,13.010000228881836,13.015000343322754,72848
2026-10-06 13:46:00,1791308760,PATH,13.017399787902832,13.020000457763672,13.0,13.005000114440918,130076
2026-10-06 13:47:00,1791308820,PATH,13.005000114440918,13.024999618530273,13.005000114440918,13.024999618530273,166349
2026-10-06 13:48:00,1791308880,PATH,13.024999618530273,13.024999618530273,13.015000343322754,13.015000343322754,49526
2026-10-06 13:49:00,1791308940,PATH,13.010000228881836,13.024999618530273,13.010000228881836,13.020000457763672,63445
2026-10-06 13:50:00,1791309000,PATH,13.020000457763672,13.024999618530273,13.012700080871582,13.024999618530273,53837
2026-10-06 13:51:00,1791309060,PATH,13.024999618530273,13.03499984741211,13.024999618530273,13.029999732971191,39345
2026-10-06 13:52:00,1791309120,PATH,13.029999732971191,13.039999961853027,13.024999618530273,13.029999732971191,41850
2026-10-06 13:53:00,1791309180,PATH,13.030099868774414,13.039899826049805,13.024999618530273,13.026100158691406,29561
2026-10-06 13:54:00,1791309240,PATH,13.024999618530273,13.03499984741211,13.024999618530273,13.028900146484375,29726
2026-10-06 13:55:00,1791309300,PATH,13.024999618530273,13.03499984741211,13.020000457763672,13.024999618530273,28068
2026-10-06 13:56:00,1791309360,PATH,13.029899597167969,13.029899597167969,13.015000343322754,13.015000343322754,26826
2026-10-06 13:57:00,1791309420,PATH,13.015000343322754,13.027600288391113,13.015000343322754,13.024999618530273,13859
2026-10-06 13:58:00,1791309480,PATH,13.024999618530273,13.026599884033203,13.020000457763672,13.024999618530273,23007
2026-10-06 13:59:00,1791309540,PATH,13.024999618530273,13.03499984741211,13.020000457763672,13.03499984741211,22089
2026-10-06 14:00:00,1791309600,PATH,13.037599563598633,13.039999961853027,13.020099639892578,13.03499984741211,40923
2026-10-06 14:01:00,1791309660,PATH,13.029999732971191,13.059900283813477,13.029999732971191,13.045000076293945,91693
2026-10-06 14:02:00,1791309720,PATH,13.04010009765625,13.050000190734863,13.039999961853027,13.045000076293945,10744
2026-10-06 14:03:00,1791309780,PATH,13.045000076293945,13.050000190734863,13.04010009765625,13.045000076293945,17383
2026-10-06 14:04:00,1791309840,PATH,13.045000076293945,13.050000190734863,13.045000076293945,13.045000076293945,14757
2026-10-06 14:05:00,1791309900,PATH,13.045000076293945,13.050000190734863,13.020099639892578,13.024999618530273,37634
2026-10-06 14:06:00,1791309960,PATH,13.020000457763672,13.029999732971191,13.020000457763672,13.024399757385254,13492
2026-10-06 14:07:00,1791310020,PATH,13.024999618530273,13.03499984741211,13.024999618530273,13.024999618530273,22628
2026-10-06 14:08:00,1791310080,PATH,13.024999618530273,13.029999732971191,13.020000457763672,13.024999618530273,17317
2026-10-06 14:09:00,1791310140,PATH,13.024999618530273,13.03499984741211,13.010000228881836,13.010100364685059,36394
2026-10-06 14:10:00,1791310200,PATH,13.010000228881836,13.020000457763672,13.010000228881836,13.015000343322754,35559
2026-10-06 14:11:00,1791310260,PATH,13.020000457763672,13.020000457763672,13.010000228881836,13.015000343322754,17508
2026-10-06 14:12:00,1791310320,PATH,13.015000343322754,13.020000457763672,13.010000228881836,13.015000343322754,4763
2026-10-06 14:13:00,1791310380,PATH,13.015000343322754,13.020000457763672,13.010000228881836,13.015000343322754,17553
2026-10-06 14:14:00,1791310440,PATH,13.020000457763672,13.029999732971191,13.020000457763672,13.020000457763672,18591
2026-10-06 14:15:00,1791310500,PATH,13.029999732971191,13.029999732971191,13.015000343322754,13.029999732971191,59490
2026-10-06 14:16:00,1791310560,PATH,13.024999618530273,13.024999618530273,13.020000457763672,13.024999618530273,15049
2026-10-06 14:17:00,1791310620,PATH,13.024999618530273,13.029999732971191,13.020000457763672,13.024999618530273,23300
2026-10-06 14:18:00,1791310680,PATH,13.029999732971191,13.039999961853027,13.024999618530273,13.03499984741211,32197
2026-10-06 14:19:00,1791310740,PATH,13.03499984741211,13.039999961853027,13.029999732971191,13.03499984741211,41284
2026-10-06 14:20:00,1791310800,PATH,13.039999961853027,13.050000190734863,13.029999732971191,13.050000190734863,50624
2026-10-06 14:21:00,1791310860,PATH,13.045000076293945,13.050000190734863,13.039999961853027,13.043100357055664,38448
2026-10-06 14:22:00,1791310920,PATH,13.050000190734863,13.0600004196167,13.045000076293945,13.055000305175781,52882
2026-10-06 14:23:00,1791310980,PATH,13.055000305175781,13.055000305175781,13.050000190734863,13.050000190734863,36211
2026-10-06 14:24:00,1791311040,PATH,13.055000305175781,13.059900283813477,13.03499984741211,13.039999961853027,22761
2026-10-06 14:25:00,1791311100,PATH,13.03499984741211,13.039999961853027,13.029999732971191,13.03499984741211,8187
2026-10-06 14:26:00,1791311160,PATH,13.03499984741211,13.039999961853027,13.029999732971191,13.03499984741211,30954
2026-10-06 14:27:00,1791311220,PATH,13.03499984741211,13.039999961853027,13.029999732971191,13.029999732971191,15141
2026-10-06 14:28:00,1791311280,PATH,13.024999618530273,13.024999618530273,13.020000457763672,13.020999908447266,15927
2026-10-06 14:29:00,1791311340,PATH,13.024999618530273,13.024999618530273,13.010000228881836,13.015000343322754,13485
2026-10-06 14:30:00,1791311400,PATH,13.020000457763672,13.020000457763672,13.010000228881836,13.015000343322754,21201
2026-10-06 14:31:00,1791311460,PATH,13.015000343322754,13.020000457763672,13.0,13.00730037689209,35594
2026-10-06 14:32:00,1791311520,PATH,13.010000228881836,13.010000228881836,13.005000114440918,13.005000114440918,26795
2026-10-06 14:33:00,1791311580,PATH,13.005000114440918,13.010000228881836,13.0,13.0,17350
2026-10-06 14:34:00,1791311640,PATH,13.005000114440918,13.008199691772461,13.0,13.005000114440918,20079
2026-10-06 14:35:00,1791311700,PATH,13.005000114440918,13.005000114440918,12.989999771118164,12.999899864196777,118943
2026-10-06 14:36:00,1791311760,PATH,12.994999885559082,13.0,12.984999656677246,12.994999885559082,50310
2026-10-06 14:37:00,1791311820,PATH,12.992600440979004,13.0,12.989999771118164,12.990099906921387,11940
2026-10-06 14:38:00,1791311880,PATH,12.994999885559082,13.0,12.989999771118164,12.994999885559082,4644
2026-10-06 14:39:00,1791311940,PATH,12.994999885559082,13.0,12.989999771118164,12.994999885559082,10816
2026-10-06 14:40:00,1791312000,PATH,12.994999885559082,12.994999885559082,12.994799613952637,12.994999885559082,7811
2026-10-06 14:41:00,1791312060,PATH,12.994999885559082,13.0,12.989999771118164,13.0,8205
2026-10-06 14:42:00,1791312120,PATH,12.994999885559082,13.010000228881836,12.989999771118164,12.994999885559082,48582
2026-10-06 14:43:00,1791312180,PATH,12.989999771118164,13.0,12.989999771118164,12.994999885559082,9005
2026-10-06 14:44:00,1791312240,PATH,12.994999885559082,13.0,12.984999656677246,12.989999771118164,16009
2026-10-06 14:45:00,1791312300,PATH,12.984999656677246,12.984999656677246,12.96500015258789,12.96500015258789,23394
2026-10-06 14:46:00,1791312360,PATH,12.96500015258789,12.96500015258789,12.949999809265137,12.949999809265137,31969
2026-10-06 14:47:00,1791312420,PATH,12.954999923706055,12.960000038146973,12.949999809265137,12.960000038146973,36197
2026-10-06 14:48:00,1791312480,PATH,12.954999923706055,12.960000038146973,12.949999809265137,12.954999923706055,15421
2026-10-06 14:49:00,1791312540,PATH,12.960000038146973,12.970000267028809,12.954999923706055,12.96500015258789,61887
2026-10-06 14:50:00,1791312600,PATH,12.96500015258789,12.96500015258789,12.960000038146973,12.96500015258789,8480
2026-10-06 14:51:00,1791312660,PATH,12.96500015258789,12.970000267028809,12.9399995803833,12.949999809265137,52407
2026-10-06 14:52:00,1791312720,PATH,12.947600364685059,12.947699546813965,12.940999984741211,12.944999694824219,17378
2026-10-06 14:53:00,1791312780,PATH,12.944999694824219,13.0,12.9399995803833,12.96500015258789,94273
2026-10-06 14:54:00,1791312840,PATH,12.970000267028809,12.975000381469727,12.960000038146973,12.975000381469727,113222
2026-10-06 14:55:00,1791312900,PATH,12.975000381469727,12.979999542236328,12.970000267028809,12.975000381469727,63411
2026-10-06 14:56:00,1791312960,PATH,12.975000381469727,12.979999542236328,12.970000267028809,12.975000381469727,35122
2026-10-06 14:57:00,1791313020,PATH,12.975000381469727,12.979999542236328,12.954999923706055,12.954999923706055,33878
2026-10-06 14:58:00,1791313080,PATH,12.954999923706055,12.96500015258789,12.949999809265137,12.960000038146973,17460
2026-10-06 14:59:00,1791313140,PATH,12.96500015258789,12.979999542236328,12.96500015258789,12.970000267028809,18485
2026-10-06 15:00:00,1791313200,PATH,12.970000267028809,12.979999542236328,12.96500015258789,12.975000381469727,40661
2026-10-06 15:01:00,1791313260,PATH,12.970000267028809,12.977700233459473,12.960000038146973,12.975000381469727,67412
2026-10-06 15:02:00,1791313320,PATH,12.975000381469727,12.979999542236328,12.970000267028809,12.975000381469727,12751
2026-10-06 15:03:00,1791313380,PATH,12.970000267028809,12.979999542236328,12.970000267028809,12.975000381469727,7765
2026-10-06 15:04:00,1791313440,PATH,12.979999542236328,12.979999542236328,12.970000267028809,12.979999542236328,26087
2026-10-06 15:05:00,1791313500,PATH,12.970000267028809,12.979999542236328,12.970000267028809,12.975000381469727,24113
2026-10-06 15:06:00,1791313560,PATH,12.979999542236328,12.979999542236328,12.970000267028809,12.975000381469727,14521
2026-10-06 15:07:00,1791313620,PATH,12.975000381469727,12.979999542236328,12.970000267028809,12.975000381469727,17269
2026-10-06 15:08:00,1791313680,PATH,12.979999542236328,12.979999542236328,12.970000267028809,12.975000381469727,20316
2026-10-06 15:09:00,1791313740,PATH,12.970000267028809,12.989999771118164,12.970000267028809,12.989999771118164,55421
2026-10-06 15:10:00,1791313800,PATH,12.989999771118164,12.989999771118164,12.979999542236328,12.984999656677246,26617
2026-10-06 15:11:00,1791313860,PATH,12.984999656677246,12.994999885559082,12.979999542236328,12.984999656677246,38854
2026-10-06 15:12:00,1791313920,PATH,12.984999656677246,12.984999656677246,12.970000267028809,12.979999542236328,19856
2026-10-06 15:13:00,1791313980,PATH,12.975000381469727,12.975000381469727,12.96500015258789,12.96500015258789,10307
2026-10-06 15:14:00,1791314040,PATH,12.96500015258789,12.96500015258789,12.949999809265137,12.954999923706055,21897
2026-10-06 15:15:00,1791314100,PATH,12.96500015258789,12.96500015258789,12.954999923706055,12.96500015258789,22076
2026-10-06 15:16:00,1791314160,PATH,12.960000038146973,12.960000038146973,12.949999809265137,12.949999809265137,22281
2026-10-06 15:17:00,1791314220,PATH,12.954999923706055,12.970000267028809,12.949999809265137,12.96500015258789,49144
2026-10-06 15:18:00,1791314280,PATH,12.96500015258789,12.989999771118164,12.96500015258789,12.989999771118164,50134
2026-10-06 15:19:00,1791314340,PATH,12.979999542236328,12.989999771118164,12.979999542236328,12.989999771118164,12895
2026-10-06 15:20:00,1791314400,PATH,12.984999656677246,13.010000228881836,12.979999542236328,13.010000228881836,67224
2026-10-06 15:21:00,1791314460,PATH,13.008500099182129,13.020000457763672,13.0,13.015000343322754,56459
2026-10-06 15:22:00,1791314520,PATH,13.015000343322754,13.020000457763672,13.010000228881836,13.015000343322754,24133
2026-10-06 15:23:00,1791314580,PATH,13.015000343322754,13.015000343322754,13.005000114440918,13.005000114440918,23950
2026-10-06 15:24:00,1791314640,PATH,13.005000114440918,13.010000228881836,12.989999771118164,13.005000114440918,86393
2026-10-06 15:25:00,1791314700,PATH,13.010000228881836,13.020000457763672,13.005000114440918,13.015000343322754,35055
2026-10-06 15:26:00,1791314760,PATH,13.015000343322754,13.020000457763672,13.010000228881836,13.010000228881836,7617
2026-10-06 15:27:00,1791314820,PATH,13.013500213623047,13.015000343322754,13.0,13.010100364685059,56107
2026-10-06 15:28:00,1791314880,PATH,13.015000343322754,13.020000457763672,12.994999885559082,12.994999885559082,35893
2026-10-06 15:29:00,1791314940,PATH,12.994999885559082,12.994999885559082,12.990099906921387,12.994999885559082,7261
2026-10-06 15:30:00,1791315000,PATH,13.0,13.005000114440918,12.994999885559082,12.996100425720215,34126
2026-10-06 15:31:00,1791315060,PATH,12.994999885559082,13.024999618530273,12.994999885559082,13.020000457763672,55389
2026-10-06 15:32:00,1791315120,PATH,13.024999618530273,13.029999732971191,13.020000457763672,13.024999618530273,8305
2026-10-06 15:33:00,1791315180,PATH,13.024999618530273,13.024999618530273,13.0,13.0,36523
2026-10-06 15:34:00,1791315240,PATH,13.005000114440918,13.005000114440918,13.0,13.005000114440918,13239
2026-10-06 15:35:00,1791315300,PATH,13.005000114440918,13.007399559020996,13.0,13.005000114440918,29710
2026-10-06 15:36:00,1791315360,PATH,13.0,13.010000228881836,13.0,13.010000228881836,18333
2026-10-06 15:37:00,1791315420,PATH,13.0,13.010000228881836,13.0,13.009900093078613,17011
2026-10-06 15:38:00,1791315480,PATH,13.005000114440918,13.010000228881836,12.994999885559082,13.0,22573
2026-10-06 15:39:00,1791315540,PATH,13.0,13.010000228881836,12.994999885559082,13.010000228881836,44973
2026-10-06 15:40:00,1791315600,PATH,13.005000114440918,13.020000457763672,13.002599716186523,13.010000228881836,54218
2026-10-06 15:41:00,1791315660,PATH,13.015000343322754,13.020000457763672,13.010000228881836,13.015000343322754,8687
2026-10-06 15:42:00,1791315720,PATH,13.015000343322754,13.020000457763672,13.0,13.0,28571
2026-10-06 15:43:00,1791315780,PATH,13.0,13.001700401306152,12.990099906921387,12.994999885559082,22896
2026-10-06 15:44:00,1791315840,PATH,12.994999885559082,13.010000228881836,12.994999885559082,13.0,47589
2026-10-06 15:45:00,1791315900,PATH,13.0,13.010000228881836,12.994999885559082,13.005000114440918,21822
2026-10-06 15:46:00,1791315960,PATH,13.005000114440918,13.010000228881836,13.0,13.005000114440918,21341
2026-10-06 15:47:00,1791316020,PATH,13.005000114440918,13.020000457763672,13.0,13.015000343322754,71784
2026-10-06 15:48:00,1791316080,PATH,13.010000228881836,13.029999732971191,13.010000228881836,13.024999618530273,51163
2026-10-06 15:49:00,1791316140,PATH,13.020000457763672,13.020000457763672,13.005000114440918,13.010000228881836,45288
2026-10-06 15:50:00,1791316200,PATH,13.010000228881836,13.020000457763672,13.0,13.020000457763672,50943
2026-10-06 15:51:00,1791316260,PATH,13.020000457763672,13.020000457763672,13.010000228881836,13.020000457763672,29890
2026-10-06 15:52:00,1791316320,PATH,13.020000457763672,13.020000457763672,13.010000228881836,13.020000457763672,25236
2026-10-06 15:53:00,1791316380,PATH,13.015000343322754,13.050000190734863,13.015000343322754,13.03499984741211,115995
2026-10-06 15:54:00,1791316440,PATH,13.039999961853027,13.050000190734863,13.03499984741211,13.050000190734863,78548
2026-10-06 15:55:00,1791316500,PATH,13.04010009765625,13.074999809265137,13.04010009765625,13.074999809265137,70989
2026-10-06 15:56:00,1791316560,PATH,13.079999923706055,13.09000015258789,13.069999694824219,13.087800025939941,90351
2026-10-06 15:57:00,1791316620,PATH,13.083000183105469,13.109999656677246,13.070099830627441,13.109999656677246,192387
2026-10-06 15:58:00,1791316680,PATH,13.104999542236328,13.125,13.100000381469727,13.125,342964
2026-10-06 15:59:00,1791316740,PATH,13.125,13.130000114440918,13.109999656677246,13.109999656677246,552002
2026-10-06 16:00:00,1791316800,PATH,13.100000381469727,13.100000381469727,13.100000381469727,13.100000381469727,0
2026-10-07 09:30:00,1791379800,PATH,13.130000114440918,13.210000038146973,13.069999694824219,13.1899995803833,351460
2026-10-07 09:31:00,1791379860,PATH,13.115500450134277,13.194999694824219,13.09000015258789,13.115500450134277,77687
2026-10-07 09:32:00,1791379920,PATH,13.119999885559082,13.145000457763672,13.084799766540527,13.145000457763672,34698
2026-10-07 09:33:00,1791379980,PATH,13.149999618530273,13.154999732971191,13.104999542236328,13.154000282287598,45518
2026-10-07 09:34:00,1791380040,PATH,13.154999732971191,13.180000305175781,13.140000343322754,13.170000076293945,206844
2026-10-07 09:35:00,1791380100,PATH,13.170000076293945,13.180000305175781,13.130000114440918,13.154999732971191,40596
2026-10-07 09:36:00,1791380160,PATH,13.164999961853027,13.164999961853027,13.125,13.145000457763672,74022
2026-10-07 09:37:00,1791380220,PATH,13.145000457763672,13.170000076293945,13.125,13.170000076293945,20933
2026-10-07 09:38:00,1791380280,PATH,13.164999961853027,13.164999961853027,13.109999656677246,13.109999656677246,35345
2026-10-07 09:39:00,1791380340,PATH,13.109999656677246,13.135000228881836,13.100000381469727,13.109999656677246,59040
2026-10-07 09:40:00,1791380400,PATH,13.104999542236328,13.145000457763672,13.100000381469727,13.140000343322754,81834
2026-10-07 09:41:00,1791380460,PATH,13.140000343322754,13.15999984741211,13.121999740600586,13.145000457763672,38074
2026-10-07 09:42:00,1791380520,PATH,13.149800300598145,13.149800300598145,13.114999771118164,13.114999771118164,57145
2026-10-07 09:43:00,1791380580,PATH,13.114999771118164,13.135000228881836,13.079999923706055,13.085000038146973,66921
2026-10-07 09:44:00,1791380640,PATH,13.080900192260742,13.15999984741211,13.079999923706055,13.140000343322754,57641
2026-10-07 09:45:00,1791380700,PATH,13.140000343322754,13.149999618530273,13.085000038146973,13.145000457763672,61403
2026-10-07 09:46:00,1791380760,PATH,13.145000457763672,13.145000457763672,13.119999885559082,13.119999885559082,51900
2026-10-07 09:47:00,1791380820,PATH,13.109999656677246,13.126199722290039,13.104999542236328,13.109999656677246,29055
2026-10-07 09:48:00,1791380880,PATH,13.104999542236328,13.135000228881836,13.104999542236328,13.119999885559082,68176
2026-10-07 09:49:00,1791380940,PATH,13.130000114440918,13.135000228881836,13.119999885559082,13.125,35978
2026-10-07 09:50:00,1791381000,PATH,13.130000114440918,13.130000114440918,13.104999542236328,13.104999542236328,16237
2026-10-07 09:51:00,1791381060,PATH,13.104999542236328,13.125,13.091699600219727,13.092300415039062,30228
2026-10-07 09:52:00,1791381120,PATH,13.095000267028809,13.095000267028809,13.069999694824219,13.069999694824219,28559
2026-10-07 09:53:00,1791381180,PATH,13.074999809265137,13.085000038146973,13.070099830627441,13.074999809265137,24473
2026-10-07 09:54:00,1791381240,PATH,13.074999809265137,13.095000267028809,13.070099830627441,13.085000038146973,17227
2026-10-07 09:55:00,1791381300,PATH,13.09000015258789,13.114999771118164,13.09000015258789,13.114999771118164,25052
2026-10-07 09:56:00,1791381360,PATH,13.114999771118164,13.114999771118164,13.100000381469727,13.109700202941895,32333
2026-10-07 09:57:00,1791381420,PATH,13.10990047454834,13.10990047454834,13.085000038146973,13.085000038146973,12586
2026-10-07 09:58:00,1791381480,PATH,13.09000015258789,13.100000381469727,13.074999809265137,13.079999923706055,18553
2026-10-07 09:59:00,1791381540,PATH,13.074999809265137,13.095000267028809,13.0649995803833,13.0649995803833,19607
2026-10-07 10:00:00,1791381600,PATH,13.0649995803833,13.09000015258789,13.0649995803833,13.079999923706055,64345
2026-10-07 10:01:00,1791381660,PATH,13.085000038146973,13.095000267028809,13.074999809265137,13.095000267028809,14828
2026-10-07 10:02:00,1791381720,PATH,13.095000267028809,13.109999656677246,13.09000015258789,13.095000267028809,39139
2026-10-07 10:03:00,1791381780,PATH,13.095000267028809,13.119999885559082,13.09000015258789,13.114999771118164,37199
2026-10-07 10:04:00,1791381840,PATH,13.114999771118164,13.117500305175781,13.109999656677246,13.114999771118164,34579
2026-10-07 10:05:00,1791381900,PATH,13.114999771118164,13.119999885559082,13.100000381469727,13.104999542236328,73392
2026-10-07 10:06:00,1791381960,PATH,13.104999542236328,13.109999656677246,13.079999923706055,13.081399917602539,26455
2026-10-07 10:07:00,1791382020,PATH,13.079999923706055,13.088399887084961,13.074999809265137,13.074999809265137,26950
2026-10-07 10:08:00,1791382080,PATH,13.074999809265137,13.089799880981445,13.070099830627441,13.089799880981445,11236
2026-10-07 10:09:00,1791382140,PATH,13.085000038146973,13.095000267028809,13.069999694824219,13.095000267028809,59042
2026-10-07 10:10:00,1791382200,PATH,13.09160041809082,13.100000381469727,13.071800231933594,13.071800231933594,23332
2026-10-07 10:11:00,1791382260,PATH,13.074999809265137,13.085000038146973,13.069999694824219,13.085000038146973,88215
2026-10-07 10:12:00,1791382320,PATH,13.079999923706055,13.079999923706055,13.050000190734863,13.0649995803833,52570
2026-10-07 10:13:00,1791382380,PATH,13.0649995803833,13.069899559020996,13.050000190734863,13.055000305175781,39996
2026-10-07 10:14:00,1791382440,PATH,13.050000190734863,13.065099716186523,13.050000190734863,13.0649995803833,50423
2026-10-07 10:15:00,1791382500,PATH,13.069100379943848,13.069999694824219,13.039999961853027,13.045000076293945,86007
2026-10-07 10:16:00,1791382560,PATH,13.045000076293945,13.068599700927734,13.045000076293945,13.0649995803833,41365
2026-10-07 10:17:00,1791382620,PATH,13.060999870300293,13.09000015258789,13.060999870300293,13.074999809265137,63946
2026-10-07 10:18:00,1791382680,PATH,13.074999809265137,13.100000381469727,13.074999809265137,13.095000267028809,117588
2026-10-07 10:19:00,1791382740,PATH,13.100000381469727,13.109999656677246,13.100000381469727,13.104999542236328,55525
2026-10-07 10:20:00,1791382800,PATH,13.104999542236328,13.108400344848633,13.050000190734863,13.0600004196167,76801
2026-10-07 10:21:00,1791382860,PATH,13.0649995803833,13.079999923706055,13.0600004196167,13.069999694824219,83752
2026-10-07 10:22:00,1791382920,PATH,13.069999694824219,13.074999809265137,13.055000305175781,13.055000305175781,35129
2026-10-07 10:23:00,1791382980,PATH,13.050000190734863,13.055000305175781,13.029999732971191,13.029999732971191,9911
2026-10-07 10:24:00,1791383040,PATH,13.03499984741211,13.03499984741211,13.005000114440918,13.010000228881836,117712
2026-10-07 10:25:00,1791383100,PATH,13.000100135803223,13.020000457763672,13.0,13.015000343322754,44046
2026-10-07 10:26:00,1791383160,PATH,13.015000343322754,13.029999732971191,13.010000228881836,13.020000457763672,29103
2026-10-07 10:27:00,1791383220,PATH,13.024999618530273,13.029899597167969,13.005000114440918,13.005000114440918,41210
2026-10-07 10:28:00,1791383280,PATH,13.0,13.020000457763672,12.975000381469727,12.975000381469727,45892
2026-10-07 10:29:00,1791383340,PATH,12.979999542236328,12.984999656677246,12.96500015258789,12.979999542236328,104568
2026-10-07 10:30:00,1791383400,PATH,12.984999656677246,13.010000228881836,12.984999656677246,13.005000114440918,64403
2026-10-07 10:31:00,1791383460,PATH,13.0,13.010000228881836,12.989999771118164,12.999899864196777,194288
2026-10-07 10:32:00,1791383520,PATH,12.999899864196777,13.0,12.989999771118164,12.994999885559082,49029
2026-10-07 10:33:00,1791383580,PATH,12.989999771118164,12.989999771118164,12.96500015258789,12.96500015258789,61206
2026-10-07 10:34:00,1791383640,PATH,12.970000267028809,12.989999771118164,12.970000267028809,12.984999656677246,50927
2026-10-07 10:35:00,1791383700,PATH,12.984999656677246,12.994999885559082,12.98009967803955,12.984999656677246,47877
2026-10-07 10:36:00,1791383760,PATH,12.989999771118164,12.989999771118164,12.970000267028809,12.977700233459473,120002
2026-10-07 10:37:00,1791383820,PATH,12.975000381469727,12.975000381469727,12.970000267028809,12.975000381469727,2030
2026-10-07 10:38:00,1791383880,PATH,12.975000381469727,12.979999542236328,12.960000038146973,12.96500015258789,18146
2026-10-07 10:39:00,1791383940,PATH,12.96500015258789,12.970000267028809,12.96500015258789,12.96500015258789,26387
2026-10-07 10:40:00,1791384000,PATH,12.970000267028809,12.970000267028809,12.944999694824219,12.944999694824219,51411
2026-10-07 10:41:00,1791384060,PATH,12.944999694824219,12.949999809265137,12.9350004196167,12.9399995803833,87958
2026-10-07 10:42:00,1791384120,PATH,12.944999694824219,12.95989990234375,12.944999694824219,12.95989990234375,21543
2026-10-07 10:43:00,1791384180,PATH,12.960000038146973,12.970000267028809,12.960000038146973,12.96500015258789,40887
2026-10-07 10:44:00,1791384240,PATH,12.96500015258789,12.96500015258789,12.949999809265137,12.949999809265137,36259
2026-10-07 10:45:00,1791384300,PATH,12.949999809265137,12.960000038146973,12.949999809265137,12.954999923706055,15419
2026-10-07 10:46:00,1791384360,PATH,12.954999923706055,12.979999542236328,12.954999923706055,12.970000267028809,82843
2026-10-07 10:47:00,1791384420,PATH,12.979900360107422,12.984999656677246,12.970000267028809,12.984999656677246,18836
2026-10-07 10:48:00,1791384480,PATH,12.984999656677246,12.989999771118164,12.979999542236328,12.984999656677246,37972
2026-10-07 10:49:00,1791384540,PATH,12.984999656677246,13.0,12.979999542236328,12.994999885559082,54525
2026-10-07 10:50:00,1791384600,PATH,12.994999885559082,12.994999885559082,12.970000267028809,12.975000381469727,49998
2026-10-07 10:51:00,1791384660,PATH,12.971500396728516,12.979999542236328,12.960000038146973,12.970000267028809,107754
2026-10-07 10:52:00,1791384720,PATH,12.970000267028809,12.970000267028809,12.96500015258789,12.96500015258789,11559
2026-10-07 10:53:00,1791384780,PATH,12.96500015258789,12.970000267028809,12.960000038146973,12.96500015258789,9789
2026-10-07 10:54:00,1791384840,PATH,12.960000038146973,12.975000381469727,12.960000038146973,12.975000381469727,33854
2026-10-07 10:55:00,1791384900,PATH,12.979999542236328,12.989999771118164,12.979999542236328,12.984999656677246,50122
2026-10-07 10:56:00,1791384960,PATH,12.989899635314941,13.0,12.989899635314941,13.0,68754
2026-10-07 10:57:00,1791385020,PATH,13.0,13.010000228881836,13.0,13.005000114440918,46306
2026-10-07 10:58:00,1791385080,PATH,13.005000114440918,13.020000457763672,13.005000114440918,13.005000114440918,22115
2026-10-07 10:59:00,1791385140,PATH,13.000100135803223,13.005000114440918,12.989999771118164,12.994999885559082,108810
2026-10-07 11:00:00,1791385200,PATH,12.989999771118164,12.989999771118164,12.96500015258789,12.970000267028809,37123
2026-10-07 11:01:00,1791385260,PATH,12.965100288391113,12.968299865722656,12.96500015258789,12.96500015258789,12952
2026-10-07 11:02:00,1791385320,PATH,12.970000267028809,12.975000381469727,12.970000267028809,12.975000381469727,41875
2026-10-07 11:03:00,1791385380,PATH,12.975000381469727,12.979999542236328,12.97089958190918,12.975000381469727,12058
2026-10-07 11:04:00,1791385440,PATH,12.975000381469727,12.97599983215332,12.96500015258789,12.96500015258789,16265
2026-10-07 11:05:00,1791385500,PATH,12.960100173950195,12.970000267028809,12.960100173950195,12.96090030670166,10812
2026-10-07 11:06:00,1791385560,PATH,12.960200309753418,12.989899635314941,12.960200309753418,12.98009967803955,65582
2026-10-07 11:07:00,1791385620,PATH,12.984999656677246,12.984999656677246,12.979999542236328,12.98169994354248,7157
2026-10-07 11:08:00,1791385680,PATH,12.984999656677246,13.010000228881836,12.984999656677246,13.005000114440918,53062
2026-10-07 11:09:00,1791385740,PATH,13.005000114440918,13.010000228881836,13.003499984741211,13.005000114440918,22568
2026-10-07 11:10:00,1791385800,PATH,13.0,13.020000457763672,12.989999771118164,13.010000228881836,76909
2026-10-07 11:11:00,1791385860,PATH,13.010000228881836,13.016900062561035,13.010000228881836,13.015000343322754,6740
2026-10-07 11:12:00,1791385920,PATH,13.015000343322754,13.020000457763672,13.005000114440918,13.005000114440918,23127
2026-10-07 11:13:00,1791385980,PATH,13.005000114440918,13.010000228881836,13.0,13.0,4029
2026-10-07 11:14:00,1791386040,PATH,13.005000114440918,13.020000457763672,13.0,13.015000343322754,45786
2026-10-07 11:15:00,1791386100,PATH,13.010000228881836,13.024999618530273,13.000100135803223,13.024999618530273,105317
2026-10-07 11:16:00,1791386160,PATH,13.024999618530273,13.029999732971191,13.015000343322754,13.024999618530273,131311
2026-10-07 11:17:00,1791386220,PATH,13.024999618530273,13.029999732971191,13.020000457763672,13.024999618530273,59242
2026-10-07 11:18:00,1791386280,PATH,13.020000457763672,13.037300109863281,13.020000457763672,13.03499984741211,75377
2026-10-07 11:19:00,1791386340,PATH,13.03499984741211,13.039999961853027,13.029999732971191,13.030099868774414,54471
2026-10-07 11:20:00,1791386400,PATH,13.03499984741211,13.03499984741211,13.020099639892578,13.024999618530273,26042
2026-10-07 11:21:00,1791386460,PATH,13.029999732971191,13.029999732971191,13.020000457763672,13.020000457763672,43909
2026-10-07 11:22:00,1791386520,PATH,13.020099639892578,13.029999732971191,13.010199546813965,13.024999618530273,108277
2026-10-07 11:23:00,1791386580,PATH,13.024999618530273,13.029999732971191,13.020000457763672,13.024999618530273,28998
2026-10-07 11:24:00,1791386640,PATH,13.024999618530273,13.039999961853027,13.024999618530273,13.03499984741211,58240
2026-10-07 11:25:00,1791386700,PATH,13.03499984741211,13.03499984741211,13.020000457763672,13.024999618530273,28262
2026-10-07 11:26:00,1791386760,PATH,13.020000457763672,13.024999618530273,13.0,13.024999618530273,143430
2026-10-07 11:27:00,1791386820,PATH,13.024999618530273,13.029999732971191,13.005000114440918,13.015000343322754,25383
2026-10-07 11:28:00,1791386880,PATH,13.015000343322754,13.029999732971191,13.010000228881836,13.015000343322754,84589
2026-10-07 11:29:00,1791386940,PATH,13.015000343322754,13.03499984741211,13.010000228881836,13.029500007629395,93774
2026-10-07 11:30:00,1791387000,PATH,13.029999732971191,13.029999732971191,13.020000457763672,13.024999618530273,93331
2026-10-07 11:31:00,1791387060,PATH,13.024999618530273,13.050000190734863,13.020000457763672,13.045000076293945,273271
2026-10-07 11:32:00,1791387120,PATH,13.045000076293945,13.045000076293945,13.029999732971191,13.030099868774414,91312
2026-10-07 11:33:00,1791387180,PATH,13.039999961853027,13.039999961853027,13.020000457763672,13.024999618530273,89288
2026-10-07 11:34:00,1791387240,PATH,13.024999618530273,13.029899597167969,13.020000457763672,13.024999618530273,30255
2026-10-07 11:35:00,1791387300,PATH,13.024999618530273,13.03499984741211,13.020000457763672,13.030099868774414,45124
2026-10-07 11:36:00,1791387360,PATH,13.031599998474121,13.039899826049805,13.031599998474121,13.03499984741211,20561
2026-10-07 11:37:00,1791387420,PATH,13.03499984741211,13.039999961853027,13.029999732971191,13.039999961853027,33222
2026-10-07 11:38:00,1791387480,PATH,13.039999961853027,13.059900283813477,13.039999961853027,13.059900283813477,102782
2026-10-07 11:39:00,1791387540,PATH,13.0649995803833,13.069999694824219,13.055000305175781,13.0649995803833,102593
2026-10-07 11:40:00,1791387600,PATH,13.0649995803833,13.069999694824219,13.06190013885498,13.06190013885498,24244
2026-10-07 11:41:00,1791387660,PATH,13.0649995803833,13.069999694824219,13.055000305175781,13.055000305175781,101959
2026-10-07 11:42:00,1791387720,PATH,13.059800148010254,13.065999984741211,13.059800148010254,13.06149959564209,38887
2026-10-07 11:43:00,1791387780,PATH,13.0649995803833,13.069999694824219,13.0649995803833,13.0649995803833,3000
2026-10-07 11:44:00,1791387840,PATH,13.0600004196167,13.069999694824219,13.0600004196167,13.0649995803833,5983
2026-10-07 11:45:00,1791387900,PATH,13.0649995803833,13.069999694824219,13.0600004196167,13.069999694824219,33689
2026-10-07 11:46:00,1791387960,PATH,13.0649995803833,13.079999923706055,13.060500144958496,13.079999923706055,41080
2026-10-07 11:47:00,1791388020,PATH,13.07390022277832,13.089500427246094,13.07390022277832,13.085000038146973,28544
2026-10-07 11:48:00,1791388080,PATH,13.089099884033203,13.109999656677246,13.079999923706055,13.109999656677246,125622
2026-10-07 11:49:00,1791388140,PATH,13.109999656677246,13.119999885559082,13.10890007019043,13.110099792480469,166652
2026-10-07 11:50:00,1791388200,PATH,13.114999771118164,13.119999885559082,13.109999656677246,13.119999885559082,39232
2026-10-07 11:51:00,1791388260,PATH,13.114999771118164,13.119999885559082,13.109999656677246,13.114999771118164,45893
2026-10-07 11:52:00,1791388320,PATH,13.119999885559082,13.119999885559082,13.114999771118164,13.114999771118164,11750
2026-10-07 11:53:00,1791388380,PATH,13.114999771118164,13.114999771118164,13.110199928283691,13.114999771118164,6236
2026-10-07 11:54:00,1791388440,PATH,13.114999771118164,13.119999885559082,13.095000267028809,13.105999946594238,101179
2026-10-07 11:55:00,1791388500,PATH,13.100000381469727,13.104999542236328,13.100000381469727,13.100099563598633,30235
2026-10-07 11:56:00,1791388560,PATH,13.10159969329834,13.125,13.100000381469727,13.116100311279297,168763
2026-10-07 11:57:00,1791388620,PATH,13.11989974975586,13.130000114440918,13.109999656677246,13.11989974975586,369032
2026-10-07 11:58:00,1791388680,PATH,13.114999771118164,13.130000114440918,13.114999771118164,13.130000114440918,87353
2026-10-07 11:59:00,1791388740,PATH,13.125,13.125,13.110099792480469,13.114999771118164,68931
2026-10-07 12:00:00,1791388800,PATH,13.110099792480469,13.110099792480469,13.092499732971191,13.095000267028809,97151
2026-10-07 12:01:00,1791388860,PATH,13.095000267028809,13.104999542236328,13.090100288391113,13.095000267028809,133319
2026-10-07 12:02:00,1791388920,PATH,13.095000267028809,13.104999542236328,13.095000267028809,13.100099563598633,19135
2026-10-07 12:03:00,1791388980,PATH,13.104999542236328,13.109999656677246,13.095000267028809,13.095000267028809,40645
2026-10-07 12:04:00,1791389040,PATH,13.095000267028809,13.100000381469727,13.085000038146973,13.085000038146973,12501
2026-10-07 12:05:00,1791389100,PATH,13.089900016784668,13.109999656677246,13.085000038146973,13.100000381469727,57324
2026-10-07 12:06:00,1791389160,PATH,13.104999542236328,13.104999542236328,13.09000015258789,13.09000015258789,32819
2026-10-07 12:07:00,1791389220,PATH,13.095000267028809,13.100000381469727,13.09000015258789,13.095000267028809,59337
2026-10-07 12:08:00,1791389280,PATH,13.095000267028809,13.109999656677246,13.095000267028809,13.095000267028809,86709
2026-10-07 12:09:00,1791389340,PATH,13.095000267028809,13.119999885559082,13.09000015258789,13.114999771118164,217084
2026-10-07 12:10:00,1791389400,PATH,13.114999771118164,13.119999885559082,13.112099647521973,13.114999771118164,55817
2026-10-07 12:11:00,1791389460,PATH,13.110099792480469,13.119999885559082,13.104999542236328,13.104999542236328,20832
2026-10-07 12:12:00,1791389520,PATH,13.104999542236328,13.104999542236328,13.095000267028809,13.099900245666504,36613
2026-10-07 12:13:00,1791389580,PATH,13.095000267028809,13.119999885559082,13.095000267028809,13.109999656677246,129859
2026-10-07 12:14:00,1791389640,PATH,13.109999656677246,13.114999771118164,13.109999656677246,13.110099792480469,24391
2026-10-07 12:15:00,1791389700,PATH,13.114999771118164,13.114999771118164,13.100000381469727,13.104999542236328,92455
2026-10-07 12:16:00,1791389760,PATH,13.10830020904541,13.109999656677246,13.100000381469727,13.100000381469727,59467
2026-10-07 12:17:00,1791389820,PATH,13.109999656677246,13.135000228881836,13.109999656677246,13.125,135319
2026-10-07 12:18:00,1791389880,PATH,13.125,13.125,13.109999656677246,13.11359977722168,20772
2026-10-07 12:19:00,1791389940,PATH,13.114999771118164,13.119999885559082,13.114999771118164,13.114999771118164,6324
2026-10-07 12:20:00,1791390000,PATH,13.114999771118164,13.135000228881836,13.110400199890137,13.130000114440918,114616
2026-10-07 12:21:00,1791390060,PATH,13.135000228881836,13.135000228881836,13.119999885559082,13.125,48084
2026-10-07 12:22:00,1791390120,PATH,13.125,13.149999618530273,13.125,13.149999618530273,136667
2026-10-07 12:23:00,1791390180,PATH,13.14009952545166,13.149800300598145,13.140000343322754,13.14009952545166,42369
2026-10-07 12:24:00,1791390240,PATH,13.140000343322754,13.140000343322754,13.125,13.125,112700
2026-10-07 12:25:00,1791390300,PATH,13.125,13.125,13.119999885559082,13.119999885559082,44074
2026-10-07 12:26:00,1791390360,PATH,13.120100021362305,13.130000114440918,13.114999771118164,13.114999771118164,97470
2026-10-07 12:27:00,1791390420,PATH,13.114999771118164,13.119999885559082,13.110099792480469,13.114999771118164,7352
2026-10-07 12:28:00,1791390480,PATH,13.111900329589844,13.119999885559082,13.109999656677246,13.114999771118164,8342
2026-10-07 12:29:00,1791390540,PATH,13.114999771118164,13.114999771118164,13.109999656677246,13.114999771118164,44228
2026-10-07 12:30:00,1791390600,PATH,13.109999656677246,13.114999771118164,13.102299690246582,13.104999542236328,52025
2026-10-07 12:31:00,1791390660,PATH,13.104999542236328,13.109999656677246,13.104999542236328,13.104999542236328,16160
2026-10-07 12:32:00,1791390720,PATH,13.104999542236328,13.104999542236328,13.100000381469727,13.104999542236328,2676
2026-10-07 12:33:00,1791390780,PATH,13.104999542236328,13.109999656677246,13.102299690246582,13.104999542236328,3404
2026-10-07 12:34:00,1791390840,PATH,13.104999542236328,13.119999885559082,13.09000015258789,13.090100288391113,185020
2026-10-07 12:35:00,1791390900,PATH,13.095000267028809,13.095000267028809,13.095000267028809,13.095000267028809,2414
2026-10-07 12:36:00,1791390960,PATH,13.095000267028809,13.100000381469727,13.09000015258789,13.095000267028809,95235
2026-10-07 12:37:00,1791391020,PATH,13.099200248718262,13.100000381469727,13.09000015258789,13.095000267028809,69071
2026-10-07 12:38:00,1791391080,PATH,13.099900245666504,13.109999656677246,13.095000267028809,13.109800338745117,166965
2026-10-07 12:39:00,1791391140,PATH,13.10949993133545,13.109999656677246,13.101900100708008,13.104999542236328,59516
2026-10-07 12:40:00,1791391200,PATH,13.104999542236328,13.104999542236328,13.100000381469727,13.104999542236328,21353
2026-10-07 12:41:00,1791391260,PATH,13.100000381469727,13.104999542236328,13.09000015258789,13.095000267028809,52169
2026-10-07 12:42:00,1791391320,PATH,13.095000267028809,13.100000381469727,13.079999923706055,13.095000267028809,158300
2026-10-07 12:43:00,1791391380,PATH,13.095000267028809,13.095000267028809,13.09000015258789,13.095000267028809,7516
2026-10-07 12:44:00,1791391440,PATH,13.095000267028809,13.119999885559082,13.09000015258789,13.114999771118164,133980
2026-10-07 12:45:00,1791391500,PATH,13.114999771118164,13.119999885559082,13.109999656677246,13.109999656677246,14140
2026-10-07 12:46:00,1791391560,PATH,13.114999771118164,13.119999885559082,13.109999656677246,13.114999771118164,60529
2026-10-07 12:47:00,1791391620,PATH,13.111800193786621,13.114999771118164,13.109999656677246,13.114999771118164,21975
2026-10-07 12:48:00,1791391680,PATH,13.112199783325195,13.119999885559082,13.109999656677246,13.114999771118164,19438
2026-10-07 12:49:00,1791391740,PATH,13.119999885559082,13.125,13.114999771118164,13.125,40427
2026-10-07 12:50:00,1791391800,PATH,13.12030029296875,13.130000114440918,13.119999885559082,13.119999885559082,43640
2026-10-07 12:51:00,1791391860,PATH,13.119999885559082,13.125,13.109999656677246,13.109999656677246,62386
2026-10-07 12:52:00,1791391920,PATH,13.109999656677246,13.119999885559082,13.109999656677246,13.119999885559082,28137
2026-10-07 12:53:00,1791391980,PATH,13.109999656677246,13.119999885559082,13.109999656677246,13.114999771118164,37275
2026-10-07 12:54:00,1791392040,PATH,13.119999885559082,13.119999885559082,13.114999771118164,13.119999885559082,13457
2026-10-07 12:55:00,1791392100,PATH,13.114999771118164,13.130000114440918,13.109999656677246,13.125,68022
2026-10-07 12:56:00,1791392160,PATH,13.125,13.135000228881836,13.119999885559082,13.13010025024414,116412
2026-10-07 12:57:00,1791392220,PATH,13.13010025024414,13.140000343322754,13.109999656677246,13.11989974975586,139276
2026-10-07 12:58:00,1791392280,PATH,13.119999885559082,13.140000343322754,13.119999885559082,13.135000228881836,126098
2026-10-07 12:59:00,1791392340,PATH,13.13479995727539,13.140000343322754,13.130000114440918,13.133099555969238,22027
2026-10-07 13:00:00,1791392400,PATH,13.130000114440918,13.130000114440918,13.125,13.125,26538
2026-10-07 13:01:00,1791392460,PATH,13.125,13.125,13.100000381469727,13.104000091552734,49302
2026-10-07 13:02:00,1791392520,PATH,13.104999542236328,13.130000114440918,13.104999542236328,13.125,104854
2026-10-07 13:03:00,1791392580,PATH,13.125,13.125,13.109999656677246,13.114999771118164,38798
2026-10-07 13:04:00,1791392640,PATH,13.114999771118164,13.114999771118164,13.109999656677246,13.109999656677246,12580
2026-10-07 13:05:00,1791392700,PATH,13.114999771118164,13.114999771118164,13.114999771118164,13.114999771118164,11523
2026-10-07 13:06:00,1791392760,PATH,13.114999771118164,13.119999885559082,13.104999542236328,13.114999771118164,94762
2026-10-07 13:07:00,1791392820,PATH,13.114999771118164,13.130000114440918,13.100000381469727,13.125,112800
2026-10-07 13:08:00,1791392880,PATH,13.130000114440918,13.140000343322754,13.125,13.13010025024414,102609
2026-10-07 13:09:00,1791392940,PATH,13.135000228881836,13.140000343322754,13.133000373840332,13.135000228881836,64111
2026-10-07 13:10:00,1791393000,PATH,13.132100105285645,13.140000343322754,13.130000114440918,13.135000228881836,46796
2026-10-07 13:11:00,1791393060,PATH,13.135000228881836,13.135000228881836,13.130000114440918,13.13010025024414,17264
2026-10-07 13:12:00,1791393120,PATH,13.140000343322754,13.140000343322754,13.125,13.125,38159
2026-10-07 13:13:00,1791393180,PATH,13.125,13.140000343322754,13.119999885559082,13.135000228881836,114422
2026-10-07 13:14:00,1791393240,PATH,13.13539981842041,13.13539981842041,13.130000114440918,13.130000114440918,6590
2026-10-07 13:15:00,1791393300,PATH,13.135000228881836,13.139900207519531,13.130000114440918,13.135000228881836,7784
2026-10-07 13:16:00,1791393360,PATH,13.135000228881836,13.135000228881836,13.119999885559082,13.119999885559082,74565
2026-10-07 13:17:00,1791393420,PATH,13.125,13.130000114440918,13.119999885559082,13.130000114440918,18635
2026-10-07 13:18:00,1791393480,PATH,13.125,13.130000114440918,13.119999885559082,13.125,27205
2026-10-07 13:19:00,1791393540,PATH,13.123299598693848,13.125,13.109999656677246,13.11989974975586,34981
2026-10-07 13:20:00,1791393600,PATH,13.114999771118164,13.125,13.114999771118164,13.125,39082
2026-10-07 13:21:00,1791393660,PATH,13.120100021362305,13.125,13.109999656677246,13.114999771118164,35743
2026-10-07 13:22:00,1791393720,PATH,13.114999771118164,13.11989974975586,13.095000267028809,13.100000381469727,149885
2026-10-07 13:23:00,1791393780,PATH,13.104999542236328,13.119999885559082,13.104999542236328,13.109999656677246,68960
2026-10-07 13:24:00,1791393840,PATH,13.119999885559082,13.130000114440918,13.11989974975586,13.125,86370
2026-10-07 13:25:00,1791393900,PATH,13.125,13.125,13.119999885559082,13.125,30403
2026-10-07 13:26:00,1791393960,PATH,13.120100021362305,13.128299713134766,13.104999542236328,13.104999542236328,27310
2026-10-07 13:27:00,1791394020,PATH,13.104999542236328,13.104999542236328,13.100000381469727,13.100000381469727,10766
2026-10-07 13:28:00,1791394080,PATH,13.100000381469727,13.100000381469727,13.09000015258789,13.09000015258789,43196
2026-10-07 13:29:00,1791394140,PATH,13.09000015258789,13.09000015258789,13.079999923706055,13.085000038146973,37423
2026-10-07 13:30:00,1791394200,PATH,13.085000038146973,13.085000038146973,13.069999694824219,13.074999809265137,68921
2026-10-07 13:31:00,1791394260,PATH,13.069999694824219,13.095000267028809,13.069999694824219,13.095000267028809,51222
2026-10-07 13:32:00,1791394320,PATH,13.095000267028809,13.095000267028809,13.085000038146973,13.086000442504883,14662
2026-10-07 13:33:00,1791394380,PATH,13.09000015258789,13.095000267028809,13.074999809265137,13.074999809265137,46002
2026-10-07 13:34:00,1791394440,PATH,13.079099655151367,13.085000038146973,13.079099655151367,13.079999923706055,41136
2026-10-07 13:35:00,1791394500,PATH,13.09000015258789,13.095000267028809,13.089599609375,13.09000015258789,49814
2026-10-07 13:36:00,1791394560,PATH,13.100000381469727,13.100000381469727,13.090100288391113,13.090100288391113,23602
2026-10-07 13:37:00,1791394620,PATH,13.095000267028809,13.100000381469727,13.09000015258789,13.095000267028809,10035
2026-10-07 13:38:00,1791394680,PATH,13.095000267028809,13.100000381469727,13.09000015258789,13.095000267028809,13471
2026-10-07 13:39:00,1791394740,PATH,13.093799591064453,13.100000381469727,13.09000015258789,13.095000267028809,5244
2026-10-07 13:40:00,1791394800,PATH,13.095000267028809,13.095000267028809,13.09000015258789,13.095000267028809,10917
2026-10-07 13:41:00,1791394860,PATH,13.095000267028809,13.100000381469727,13.09000015258789,13.095000267028809,1337
2026-10-07 13:42:00,1791394920,PATH,13.095000267028809,13.09630012512207,13.09000015258789,13.095000267028809,3070
2026-10-07 13:43:00,1791394980,PATH,13.09000015258789,13.095000267028809,13.09000015258789,13.09000015258789,5713
2026-10-07 13:44:00,1791395040,PATH,13.095000267028809,13.100000381469727,13.079999923706055,13.079999923706055,18826
2026-10-07 13:45:00,1791395100,PATH,13.085000038146973,13.09000015258789,13.079999923706055,13.09000015258789,10075
2026-10-07 13:46:00,1791395160,PATH,13.085000038146973,13.09000015258789,13.085000038146973,13.09000015258789,3522
2026-10-07 13:47:00,1791395220,PATH,13.085000038146973,13.100000381469727,13.085000038146973,13.100000381469727,83815
2026-10-07 13:48:00,1791395280,PATH,13.095000267028809,13.100000381469727,13.09000015258789,13.100000381469727,5974
2026-10-07 13:49:00,1791395340,PATH,13.095000267028809,13.095000267028809,13.09000015258789,13.09179973602295,9123
2026-10-07 13:50:00,1791395400,PATH,13.095000267028809,13.100000381469727,13.095000267028809,13.095000267028809,45094
2026-10-07 13:51:00,1791395460,PATH,13.095000267028809,13.095000267028809,13.09000015258789,13.09000015258789,1569
2026-10-07 13:52:00,1791395520,PATH,13.095000267028809,13.104999542236328,13.095000267028809,13.104399681091309,29182
2026-10-07 13:53:00,1791395580,PATH,13.104999542236328,13.109999656677246,13.100000381469727,13.100000381469727,5604
2026-10-07 13:54:00,1791395640,PATH,13.104999542236328,13.104999542236328,13.095000267028809,13.095000267028809,28100
2026-10-07 13:55:00,1791395700,PATH,13.095000267028809,13.103094100952148,13.095000267028809,13.100000381469727,20241
2026-10-07 13:56:00,1791395760,PATH,13.104999542236328,13.119999885559082,13.104999542236328,13.119999885559082,42421
2026-10-07 13:57:00,1791395820,PATH,13.112500190734863,13.11989974975586,13.110099792480469,13.114999771118164,46554
2026-10-07 13:58:00,1791395880,PATH,13.114999771118164,13.119999885559082,13.109999656677246,13.114999771118164,20985
2026-10-07 13:59:00,1791395940,PATH,13.109999656677246,13.109999656677246,13.100000381469727,13.100000381469727,27309
2026-10-07 14:00:00,1791396000,PATH,13.104999542236328,13.109999656677246,13.100000381469727,13.104999542236328,10191
2026-10-07 14:01:00,1791396060,PATH,13.104999542236328,13.109999656677246,13.100000381469727,13.100000381469727,2628
2026-10-07 14:02:00,1791396120,PATH,13.104999542236328,13.114999771118164,13.104999542236328,13.109999656677246,29780
2026-10-07 14:03:00,1791396180,PATH,13.114999771118164,13.125,13.109999656677246,13.109999656677246,48359
2026-10-07 14:04:00,1791396240,PATH,13.114999771118164,13.119999885559082,13.109999656677246,13.116000175476074,9007
2026-10-07 14:05:00,1791396300,PATH,13.119999885559082,13.129899978637695,13.114999771118164,13.120100021362305,127575
2026-10-07 14:06:00,1791396360,PATH,13.120100021362305,13.125,13.111499786376953,13.125,42526
2026-10-07 14:07:00,1791396420,PATH,13.119999885559082,13.125,13.109999656677246,13.114999771118164,14388
2026-10-07 14:08:00,1791396480,PATH,13.114999771118164,13.114999771118164,13.100000381469727,13.100000381469727,51056
2026-10-07 14:09:00,1791396540,PATH,13.104999542236328,13.109999656677246,13.100000381469727,13.104999542236328,19363
2026-10-07 14:10:00,1791396600,PATH,13.104999542236328,13.109999656677246,13.104999542236328,13.104999542236328,13912
2026-10-07 14:11:00,1791396660,PATH,13.104999542236328,13.104999542236328,13.100000381469727,13.100099563598633,15940
2026-10-07 14:12:00,1791396720,PATH,13.100000381469727,13.100000381469727,13.09000015258789,13.095000267028809,64659
2026-10-07 14:13:00,1791396780,PATH,13.095000267028809,13.100000381469727,13.09000015258789,13.095000267028809,10293
2026-10-07 14:14:00,1791396840,PATH,13.09000015258789,13.100000381469727,13.09000015258789,13.095000267028809,41257
2026-10-07 14:15:00,1791396900,PATH,13.095000267028809,13.109999656677246,13.095000267028809,13.104999542236328,57346
2026-10-07 14:16:00,1791396960,PATH,13.107199668884277,13.11620044708252,13.104999542236328,13.114999771118164,84840
2026-10-07 14:17:00,1791397020,PATH,13.114999771118164,13.119999885559082,13.109999656677246,13.109999656677246,13379
2026-10-07 14:18:00,1791397080,PATH,13.114999771118164,13.119000434875488,13.109999656677246,13.110099792480469,29261
2026-10-07 14:19:00,1791397140,PATH,13.114999771118164,13.11989974975586,13.104999542236328,13.114999771118164,67459
2026-10-07 14:20:00,1791397200,PATH,13.119999885559082,13.125,13.114999771118164,13.125,58269
2026-10-07 14:21:00,1791397260,PATH,13.125,13.130000114440918,13.120100021362305,13.125,54449
2026-10-07 14:22:00,1791397320,PATH,13.120100021362305,13.125,13.119999885559082,13.125,16785
2026-10-07 14:23:00,1791397380,PATH,13.119999885559082,13.130000114440918,13.119999885559082,13.125,24492
2026-10-07 14:24:00,1791397440,PATH,13.119999885559082,13.128999710083008,13.114999771118164,13.125,135340
2026-10-07 14:25:00,1791397500,PATH,13.125,13.125,13.114999771118164,13.11989974975586,39167
2026-10-07 14:26:00,1791397560,PATH,13.119999885559082,13.119999885559082,13.114999771118164,13.114999771118164,14751
2026-10-07 14:27:00,1791397620,PATH,13.114999771118164,13.119999885559082,13.114999771118164,13.114999771118164,18091
2026-10-07 14:28:00,1791397680,PATH,13.114999771118164,13.114999771118164,13.109999656677246,13.109999656677246,23838
2026-10-07 14:29:00,1791397740,PATH,13.114999771118164,13.119999885559082,13.109999656677246,13.112199783325195,3475
2026-10-07 14:30:00,1791397800,PATH,13.114999771118164,13.11989974975586,13.109999656677246,13.114999771118164,4178
2026-10-07 14:31:00,1791397860,PATH,13.114999771118164,13.114999771118164,13.109999656677246,13.114999771118164,13168
2026-10-07 14:32:00,1791397920,PATH,13.114999771118164,13.119999885559082,13.109999656677246,13.119999885559082,3397
2026-10-07 14:33:00,1791397980,PATH,13.114999771118164,13.114999771118164,13.100000381469727,13.104999542236328,15917
2026-10-07 14:34:00,1791398040,PATH,13.109999656677246,13.119999885559082,13.109999656677246,13.114999771118164,42780
2026-10-07 14:35:00,1791398100,PATH,13.114999771118164,13.119999885559082,13.109999656677246,13.119999885559082,22115
2026-10-07 14:36:00,1791398160,PATH,13.114999771118164,13.119999885559082,13.109999656677246,13.109999656677246,25442
2026-10-07 14:37:00,1791398220,PATH,13.114999771118164,13.119999885559082,13.109999656677246,13.109999656677246,40615
2026-10-07 14:38:00,1791398280,PATH,13.109999656677246,13.114999771118164,13.104999542236328,13.104999542236328,9251
2026-10-07 14:39:00,1791398340,PATH,13.104999542236328,13.130000114440918,13.104999542236328,13.130000114440918,60012
2026-10-07 14:40:00,1791398400,PATH,13.125,13.135000228881836,13.120200157165527,13.135000228881836,57826
2026-10-07 14:41:00,1791398460,PATH,13.135000228881836,13.149999618530273,13.135000228881836,13.140000343322754,94241
2026-10-07 14:42:00,1791398520,PATH,13.145000457763672,13.149999618530273,13.140000343322754,13.145000457763672,21887
2026-10-07 14:43:00,1791398580,PATH,13.140000343322754,13.149999618530273,13.140000343322754,13.145000457763672,5951
2026-10-07 14:44:00,1791398640,PATH,13.140000343322754,13.149999618530273,13.140000343322754,13.145000457763672,25380
2026-10-07 14:45:00,1791398700,PATH,13.149499893188477,13.149999618530273,13.14009952545166,13.145000457763672,33467
2026-10-07 14:46:00,1791398760,PATH,13.140000343322754,13.149999618530273,13.140000343322754,13.149999618530273,5542
2026-10-07 14:47:00,1791398820,PATH,13.149999618530273,13.149999618530273,13.140000343322754,13.140000343322754,10521
2026-10-07 14:48:00,1791398880,PATH,13.149999618530273,13.149999618530273,13.140000343322754,13.145000457763672,5094
2026-10-07 14:49:00,1791398940,PATH,13.145000457763672,13.149999618530273,13.140000343322754,13.145000457763672,7212
2026-10-07 14:50:00,1791399000,PATH,13.145000457763672,13.149999618530273,13.140000343322754,13.145000457763672,19744
2026-10-07 14:51:00,1791399060,PATH,13.149999618530273,13.149999618530273,13.135000228881836,13.138400077819824,42628
2026-10-07 14:52:00,1791399120,PATH,13.135000228881836,13.149999618530273,13.130000114440918,13.145000457763672,86228
2026-10-07 14:53:00,1791399180,PATH,13.143899917602539,13.149999618530273,13.140000343322754,13.140000343322754,5248
2026-10-07 14:54:00,1791399240,PATH,13.145000457763672,13.145000457763672,13.130000114440918,13.140000343322754,22166
2026-10-07 14:55:00,1791399300,PATH,13.135000228881836,13.135000228881836,13.130000114440918,13.135000228881836,9871
2026-10-07 14:56:00,1791399360,PATH,13.135000228881836,13.140000343322754,13.135000228881836,13.140000343322754,79318
2026-10-07 14:57:00,1791399420,PATH,13.142600059509277,13.145000457763672,13.135000228881836,13.135000228881836,120902
2026-10-07 14:58:00,1791399480,PATH,13.135100364685059,13.135100364685059,13.130000114440918,13.130000114440918,2812
2026-10-07 14:59:00,1791399540,PATH,13.130000114440918,13.135000228881836,13.119999885559082,13.119999885559082,13069
2026-10-07 15:00:00,1791399600,PATH,13.119999885559082,13.130000114440918,13.114999771118164,13.119999885559082,50156
2026-10-07 15:01:00,1791399660,PATH,13.125,13.130000114440918,13.119999885559082,13.127599716186523,30720
2026-10-07 15:02:00,1791399720,PATH,13.125,13.130000114440918,13.119999885559082,13.125,33234
2026-10-07 15:03:00,1791399780,PATH,13.125,13.130000114440918,13.119999885559082,13.125,29475
2026-10-07 15:04:00,1791399840,PATH,13.120100021362305,13.130000114440918,13.119999885559082,13.125,53977
2026-10-07 15:05:00,1791399900,PATH,13.130000114440918,13.130000114440918,13.119999885559082,13.125,4795
2026-10-07 15:06:00,1791399960,PATH,13.125,13.130000114440918,13.119999885559082,13.125,29409
2026-10-07 15:07:00,1791400020,PATH,13.120100021362305,13.125,13.119999885559082,13.125,29499
2026-10-07 15:08:00,1791400080,PATH,13.125,13.130000114440918,13.119999885559082,13.119999885559082,8462
2026-10-07 15:09:00,1791400140,PATH,13.125,13.130000114440918,13.119999885559082,13.125,20732
2026-10-07 15:10:00,1791400200,PATH,13.130000114440918,13.130000114440918,13.119999885559082,13.125,29972
2026-10-07 15:11:00,1791400260,PATH,13.125,13.130000114440918,13.109999656677246,13.114999771118164,41206
2026-10-07 15:12:00,1791400320,PATH,13.119999885559082,13.130000114440918,13.109999656677246,13.109999656677246,133554
2026-10-07 15:13:00,1791400380,PATH,13.114999771118164,13.119999885559082,13.100000381469727,13.104999542236328,44208
2026-10-07 15:14:00,1791400440,PATH,13.104999542236328,13.109999656677246,13.100000381469727,13.109999656677246,27925
2026-10-07 15:15:00,1791400500,PATH,13.100000381469727,13.109999656677246,13.100000381469727,13.10509967803955,39170
2026-10-07 15:16:00,1791400560,PATH,13.104999542236328,13.109999656677246,13.100000381469727,13.109999656677246,86711
2026-10-07 15:17:00,1791400620,PATH,13.104999542236328,13.114999771118164,13.100000381469727,13.114999771118164,78556
2026-10-07 15:18:00,1791400680,PATH,13.109999656677246,13.119999885559082,13.109999656677246,13.114999771118164,7968
2026-10-07 15:19:00,1791400740,PATH,13.114999771118164,13.125,13.109999656677246,13.125,92173
2026-10-07 15:20:00,1791400800,PATH,13.130000114440918,13.130000114440918,13.119999885559082,13.125,15880
2026-10-07 15:21:00,1791400860,PATH,13.125,13.130000114440918,13.119999885559082,13.125,5093
2026-10-07 15:22:00,1791400920,PATH,13.125,13.125,13.109999656677246,13.114999771118164,42928
2026-10-07 15:23:00,1791400980,PATH,13.114999771118164,13.119999885559082,13.109999656677246,13.114999771118164,44169
2026-10-07 15:24:00,1791401040,PATH,13.114999771118164,13.119999885559082,13.109999656677246,13.114999771118164,19921
2026-10-07 15:25:00,1791401100,PATH,13.109999656677246,13.119999885559082,13.109999656677246,13.119999885559082,39945
2026-10-07 15:26:00,1791401160,PATH,13.119999885559082,13.119999885559082,13.109999656677246,13.114999771118164,34254
2026-10-07 15:27:00,1791401220,PATH,13.119999885559082,13.119999885559082,13.109999656677246,13.109999656677246,7659
2026-10-07 15:28:00,1791401280,PATH,13.109999656677246,13.119999885559082,13.100000381469727,13.104999542236328,39023
2026-10-07 15:29:00,1791401340,PATH,13.104999542236328,13.109999656677246,13.100000381469727,13.104999542236328,15722
2026-10-07 15:30:00,1791401400,PATH,13.104999542236328,13.109999656677246,13.100000381469727,13.104999542236328,21932
2026-10-07 15:31:00,1791401460,PATH,13.100000381469727,13.114999771118164,13.100000381469727,13.114999771118164,26496
2026-10-07 15:32:00,1791401520,PATH,13.1143798828125,13.130000114440918,13.109999656677246,13.119999885559082,71867
2026-10-07 15:33:00,1791401580,PATH,13.125,13.130000114440918,13.119999885559082,13.130000114440918,8635
2026-10-07 15:34:00,1791401640,PATH,13.125,13.130000114440918,13.119999885559082,13.125,12294
2026-10-07 15:35:00,1791401700,PATH,13.130000114440918,13.130000114440918,13.109999656677246,13.114999771118164,69398
2026-10-07 15:36:00,1791401760,PATH,13.119999885559082,13.119999885559082,13.104999542236328,13.104999542236328,48609
2026-10-07 15:37:00,1791401820,PATH,13.104999542236328,13.109999656677246,13.085000038146973,13.09000015258789,105475
2026-10-07 15:38:00,1791401880,PATH,13.09000015258789,13.09000015258789,13.070099830627441,13.074999809265137,117377
2026-10-07 15:39:00,1791401940,PATH,13.069999694824219,13.085000038146973,13.069999694824219,13.079999923706055,120284
2026-10-07 15:40:00,1791402000,PATH,13.085000038146973,13.09000015258789,13.079999923706055,13.09000015258789,40039
2026-10-07 15:41:00,1791402060,PATH,13.09000015258789,13.100000381469727,13.079999923706055,13.099900245666504,73747
2026-10-07 15:42:00,1791402120,PATH,13.095000267028809,13.109999656677246,13.09000015258789,13.104999542236328,95144
2026-10-07 15:43:00,1791402180,PATH,13.104999542236328,13.109999656677246,13.100000381469727,13.100000381469727,57615
2026-10-07 15:44:00,1791402240,PATH,13.104999542236328,13.109999656677246,13.100000381469727,13.109000205993652,48307
2026-10-07 15:45:00,1791402300,PATH,13.100000381469727,13.109999656677246,13.100000381469727,13.104999542236328,65603
2026-10-07 15:46:00,1791402360,PATH,13.109999656677246,13.109999656677246,13.100000381469727,13.104999542236328,122949
2026-10-07 15:47:00,1791402420,PATH,13.109999656677246,13.109999656677246,13.100000381469727,13.104999542236328,108588
2026-10-07 15:48:00,1791402480,PATH,13.100000381469727,13.109999656677246,13.100000381469727,13.104999542236328,59585
2026-10-07 15:49:00,1791402540,PATH,13.104999542236328,13.130000114440918,13.100000381469727,13.130000114440918,143061
2026-10-07 15:50:00,1791402600,PATH,13.130000114440918,13.140000343322754,13.125,13.135000228881836,61033
2026-10-07 15:51:00,1791402660,PATH,13.139900207519531,13.140000343322754,13.104999542236328,13.104999542236328,100042
2026-10-07 15:52:00,1791402720,PATH,13.104999542236328,13.109999656677246,13.09000015258789,13.095000267028809,42882
2026-10-07 15:53:00,1791402780,PATH,13.095000267028809,13.100000381469727,13.09000015258789,13.100000381469727,19907
2026-10-07 15:54:00,1791402840,PATH,13.095000267028809,13.100000381469727,13.079999923706055,13.085000038146973,70647
2026-10-07 15:55:00,1791402900,PATH,13.09000015258789,13.109999656677246,13.09000015258789,13.100000381469727,156963
2026-10-07 15:56:00,1791402960,PATH,13.095000267028809,13.095000267028809,13.079999923706055,13.079999923706055,129491
2026-10-07 15:57:00,1791403020,PATH,13.09000015258789,13.09000015258789,13.079999923706055,13.085000038146973,75145
2026-10-07 15:58:00,1791403080,PATH,13.085000038146973,13.095000267028809,13.079999923706055,13.085000038146973,145279
2026-10-07 15:59:00,1791403140,PATH,13.085000038146973,13.100000381469727,13.069999694824219,13.079999923706055,410857
2026-10-07 16:00:00,1791403200,PATH,13.069999694824219,13.069999694824219,13.069999694824219,13.069999694824219,0
2026-10-08 09:30:00,1791466200,PATH,13.079999923706055,13.185500144958496,13.0600004196167,13.180000305175781,210147
2026-10-08 09:31:00,1791466260,PATH,13.1899995803833,13.279999732971191,13.1899995803833,13.220000267028809,79075
2026-10-08 09:32:00,1791466320,PATH,13.199999809265137,13.220000267028809,13.140000343322754,13.220000267028809,26246
2026-10-08 09:33:00,1791466380,PATH,13.220000267028809,13.359999656677246,13.220000267028809,13.350000381469727,83351
2026-10-08 09:34:00,1791466440,PATH,13.350000381469727,13.385000228881836,13.340100288391113,13.369999885559082,97848
2026-10-08 09:35:00,1791466500,PATH,13.364500045776367,13.369999885559082,13.279999732971191,13.279999732971191,68934
2026-10-08 09:36:00,1791466560,PATH,13.279999732971191,13.329999923706055,13.239999771118164,13.255000114440918,52554
2026-10-08 09:37:00,1791466620,PATH,13.255000114440918,13.260000228881836,13.21500015258789,13.229999542236328,44012
2026-10-08 09:38:00,1791466680,PATH,13.229999542236328,13.270000457763672,13.220000267028809,13.22089958190918,30833
2026-10-08 09:39:00,1791466740,PATH,13.220499992370605,13.234999656677246,13.1899995803833,13.220000267028809,20033
2026-10-08 09:40:00,1791466800,PATH,13.226900100708008,13.239999771118164,13.210000038146973,13.210000038146973,34065
2026-10-08 09:41:00,1791466860,PATH,13.210000038146973,13.225000381469727,13.149999618530273,13.149999618530273,78124
2026-10-08 09:42:00,1791466920,PATH,13.149999618530273,13.21500015258789,13.149999618530273,13.1899995803833,28116
2026-10-08 09:43:00,1791466980,PATH,13.194999694824219,13.194999694824219,13.140000343322754,13.140000343322754,9569
2026-10-08 09:44:00,1791467040,PATH,13.135000228881836,13.1850004196167,13.135000228881836,13.175000190734863,19195
2026-10-08 09:45:00,1791467100,PATH,13.170000076293945,13.170000076293945,13.110099792480469,13.118599891662598,31047
2026-10-08 09:46:00,1791467160,PATH,13.109999656677246,13.114999771118164,13.079999923706055,13.079999923706055,29744
2026-10-08 09:47:00,1791467220,PATH,13.085000038146973,13.09000015258789,13.0600004196167,13.069999694824219,16609
2026-10-08 09:48:00,1791467280,PATH,13.055000305175781,13.074999809265137,13.055000305175781,13.074999809265137,19053
2026-10-08 09:49:00,1791467340,PATH,13.074999809265137,13.08899974822998,13.063699722290039,13.079999923706055,172360
2026-10-08 09:50:00,1791467400,PATH,13.085000038146973,13.085000038146973,13.050999641418457,13.050999641418457,41068
2026-10-08 09:51:00,1791467460,PATH,13.055000305175781,13.095000267028809,13.039999961853027,13.085000038146973,27267
2026-10-08 09:52:00,1791467520,PATH,13.09000015258789,13.095000267028809,13.069999694824219,13.085000038146973,36851
2026-10-08 09:53:00,1791467580,PATH,13.085000038146973,13.135100364685059,13.080699920654297,13.135100364685059,39101
2026-10-08 09:54:00,1791467640,PATH,13.135000228881836,13.175000190734863,13.130000114440918,13.175000190734863,35159
2026-10-08 09:55:00,1791467700,PATH,13.175000190734863,13.220000267028809,13.172200202941895,13.204999923706055,57163
2026-10-08 09:56:00,1791467760,PATH,13.204999923706055,13.255000114440918,13.190899848937988,13.255000114440918,47934
2026-10-08 09:57:00,1791467820,PATH,13.255000114440918,13.265000343322754,13.204999923706055,13.210000038146973,195178
2026-10-08 09:58:00,1791467880,PATH,13.206299781799316,13.234999656677246,13.199999809265137,13.220000267028809,59677
2026-10-08 09:59:00,1791467940,PATH,13.21500015258789,13.229999542236328,13.210000038146973,13.229900360107422,19827
2026-10-08 10:00:00,1791468000,PATH,13.220000267028809,13.225000381469727,13.170000076293945,13.1899995803833,44835
2026-10-08 10:01:00,1791468060,PATH,13.194999694824219,13.194999694824219,13.130000114440918,13.135000228881836,42234
2026-10-08 10:02:00,1791468120,PATH,13.135000228881836,13.145000457763672,13.095000267028809,13.114999771118164,33733
2026-10-08 10:03:00,1791468180,PATH,13.119999885559082,13.140000343322754,13.100000381469727,13.104999542236328,61102
2026-10-08 10:04:00,1791468240,PATH,13.100000381469727,13.130000114440918,13.100000381469727,13.125,55839
2026-10-08 10:05:00,1791468300,PATH,13.125,13.140000343322754,13.104999542236328,13.140000343322754,48878
2026-10-08 10:06:00,1791468360,PATH,13.145000457763672,13.145000457763672,13.119999885559082,13.130000114440918,44791
2026-10-08 10:07:00,1791468420,PATH,13.125,13.135000228881836,13.119999885559082,13.130000114440918,28766
2026-10-08 10:08:00,1791468480,PATH,13.145000457763672,13.149999618530273,13.130000114440918,13.135000228881836,11172
2026-10-08 10:09:00,1791468540,PATH,13.135000228881836,13.154999732971191,13.130000114440918,13.145000457763672,22080
2026-10-08 10:10:00,1791468600,PATH,13.145000457763672,13.15999984741211,13.135000228881836,13.140000343322754,26118
2026-10-08 10:11:00,1791468660,PATH,13.135000228881836,13.145000457763672,13.135000228881836,13.14210033416748,5645
2026-10-08 10:12:00,1791468720,PATH,13.140000343322754,13.170000076293945,13.135000228881836,13.170000076293945,48333
2026-10-08 10:13:00,1791468780,PATH,13.164999961853027,13.170000076293945,13.149999618530273,13.164999961853027,57794
2026-10-08 10:14:00,1791468840,PATH,13.15999984741211,13.170000076293945,13.140000343322754,13.145000457763672,36337
2026-10-08 10:15:00,1791468900,PATH,13.149999618530273,13.15999984741211,13.140000343322754,13.145000457763672,42952
2026-10-08 10:16:00,1791468960,PATH,13.149999618530273,13.159899711608887,13.130000114440918,13.135000228881836,33732
2026-10-08 10:17:00,1791469020,PATH,13.135000228881836,13.149999618530273,13.125,13.145000457763672,37171
2026-10-08 10:18:00,1791469080,PATH,13.140000343322754,13.149999618530273,13.135000228881836,13.135000228881836,19804
2026-10-08 10:19:00,1791469140,PATH,13.130000114440918,13.15999984741211,13.130000114440918,13.130999565124512,79396
2026-10-08 10:20:00,1791469200,PATH,13.135000228881836,13.145000457763672,13.109999656677246,13.109999656677246,13694
2026-10-08 10:21:00,1791469260,PATH,13.114999771118164,13.119999885559082,13.100000381469727,13.104999542236328,14979
2026-10-08 10:22:00,1791469320,PATH,13.104999542236328,13.114999771118164,13.100000381469727,13.10949993133545,41767
2026-10-08 10:23:00,1791469380,PATH,13.109999656677246,13.130000114440918,13.109999656677246,13.125,38117
2026-10-08 10:24:00,1791469440,PATH,13.119999885559082,13.125,13.09000015258789,13.095000267028809,32537
2026-10-08 10:25:00,1791469500,PATH,13.095000267028809,13.095000267028809,13.079999923706055,13.079999923706055,18260
2026-10-08 10:26:00,1791469560,PATH,13.079999923706055,13.100000381469727,13.079999923706055,13.095000267028809,97223
2026-10-08 10:27:00,1791469620,PATH,13.100000381469727,13.108099937438965,13.09000015258789,13.104999542236328,89595
2026-10-08 10:28:00,1791469680,PATH,13.104999542236328,13.109999656677246,13.085000038146973,13.085000038146973,14229
2026-10-08 10:29:00,1791469740,PATH,13.085000038146973,13.104999542236328,13.079999923706055,13.09000015258789,132620
2026-10-08 10:30:00,1791469800,PATH,13.09000015258789,13.104999542236328,13.079999923706055,13.104999542236328,89211
2026-10-08 10:31:00,1791469860,PATH,13.104999542236328,13.104999542236328,13.085000038146973,13.092499732971191,59848
2026-10-08 10:32:00,1791469920,PATH,13.085000038146973,13.095000267028809,13.079999923706055,13.085000038146973,61621
2026-10-08 10:33:00,1791469980,PATH,13.085000038146973,13.09000015258789,13.085000038146973,13.085000038146973,25532
2026-10-08 10:34:00,1791470040,PATH,13.089900016784668,13.095000267028809,13.085000038146973,13.09000015258789,49448
2026-10-08 10:35:00,1791470100,PATH,13.085000038146973,13.095000267028809,13.079999923706055,13.09000015258789,44314
2026-10-08 10:36:00,1791470160,PATH,13.09000015258789,13.109999656677246,13.089900016784668,13.109999656677246,84671
2026-10-08 10:37:00,1791470220,PATH,13.104999542236328,13.104999542236328,13.080100059509277,13.095000267028809,68991
2026-10-08 10:38:00,1791470280,PATH,13.090100288391113,13.100000381469727,13.085000038146973,13.095000267028809,53420
2026-10-08 10:39:00,1791470340,PATH,13.095000267028809,13.100000381469727,13.080100059509277,13.085000038146973,67881
2026-10-08 10:40:00,1791470400,PATH,13.085000038146973,13.09000015258789,13.079999923706055,13.085000038146973,13992
2026-10-08 10:41:00,1791470460,PATH,13.085000038146973,13.085000038146973,13.0649995803833,13.0649995803833,40636
2026-10-08 10:42:00,1791470520,PATH,13.0649995803833,13.069999694824219,13.0600004196167,13.069999694824219,15436
2026-10-08 10:43:00,1791470580,PATH,13.071700096130371,13.074999809265137,13.063799858093262,13.069899559020996,62481
2026-10-08 10:44:00,1791470640,PATH,13.0649995803833,13.068900108337402,13.050000190734863,13.0649995803833,81757
2026-10-08 10:45:00,1791470700,PATH,13.0600004196167,13.079999923706055,13.050000190734863,13.074999809265137,68566
2026-10-08 10:46:00,1791470760,PATH,13.074999809265137,13.089900016784668,13.069999694824219,13.085000038146973,65596
2026-10-08 10:47:00,1791470820,PATH,13.085000038146973,13.116000175476074,13.074999809265137,13.114999771118164,120122
2026-10-08 10:48:00,1791470880,PATH,13.111300468444824,13.114999771118164,13.090100288391113,13.095000267028809,35722
2026-10-08 10:49:00,1791470940,PATH,13.095000267028809,13.100000381469727,13.0600004196167,13.0600004196167,26027
2026-10-08 10:50:00,1791471000,PATH,13.0600004196167,13.0649995803833,13.039999961853027,13.045000076293945,71359
2026-10-08 10:51:00,1791471060,PATH,13.045000076293945,13.050000190734863,13.039999961853027,13.045000076293945,84976
2026-10-08 10:52:00,1791471120,PATH,13.039999961853027,13.046196937561035,13.03499984741211,13.045000076293945,42604
2026-10-08 10:53:00,1791471180,PATH,13.049799919128418,13.050000190734863,13.029999732971191,13.039999961853027,151443
2026-10-08 10:54:00,1791471240,PATH,13.03499984741211,13.038100242614746,13.010000228881836,13.015000343322754,57824
2026-10-08 10:55:00,1791471300,PATH,13.015000343322754,13.015000343322754,12.989999771118164,12.994999885559082,107021
2026-10-08 10:56:00,1791471360,PATH,12.994999885559082,13.015000343322754,12.989999771118164,13.015000343322754,50222
2026-10-08 10:57:00,1791471420,PATH,13.01990032196045,13.029999732971191,13.015000343322754,13.020000457763672,159865
2026-10-08 10:58:00,1791471480,PATH,13.020000457763672,13.020000457763672,12.979999542236328,12.989999771118164,92426
2026-10-08 10:59:00,1791471540,PATH,12.990099906921387,13.024999618530273,12.984000205993652,13.024999618530273,105377
2026-10-08 11:00:00,1791471600,PATH,13.024999618530273,13.029999732971191,12.994999885559082,13.015000343322754,88422
2026-10-08 11:01:00,1791471660,PATH,13.01930046081543,13.024999618530273,13.005000114440918,13.010000228881836,127338
2026-10-08 11:02:00,1791471720,PATH,13.015000343322754,13.020000457763672,13.010000228881836,13.015000343322754,62774
2026-10-08 11:03:00,1791471780,PATH,13.015000343322754,13.020000457763672,13.005000114440918,13.005000114440918,30323
2026-10-08 11:04:00,1791471840,PATH,13.000300407409668,13.03909969329834,13.000300407409668,13.03499984741211,68763
2026-10-08 11:05:00,1791471900,PATH,13.029999732971191,13.0649995803833,13.029999732971191,13.0600004196167,58452
2026-10-08 11:06:00,1791471960,PATH,13.0649995803833,13.079899787902832,13.0600004196167,13.0649995803833,73988
2026-10-08 11:07:00,1791472020,PATH,13.069499969482422,13.069499969482422,13.050000190734863,13.055000305175781,16549
2026-10-08 11:08:00,1791472080,PATH,13.055000305175781,13.057600021362305,13.039999961853027,13.045000076293945,19803
2026-10-08 11:09:00,1791472140,PATH,13.045000076293945,13.050000190734863,13.029999732971191,13.031599998474121,74923
2026-10-08 11:10:00,1791472200,PATH,13.03499984741211,13.03499984741211,13.010000228881836,13.01990032196045,153711
2026-10-08 11:11:00,1791472260,PATH,12.989899635314941,13.020000457763672,12.984999656677246,12.989899635314941,86986
2026-10-08 11:12:00,1791472320,PATH,12.989999771118164,13.010000228881836,12.960100173950195,12.979999542236328,297773
2026-10-08 11:13:00,1791472380,PATH,12.979900360107422,13.020000457763672,12.970000267028809,13.020000457763672,290943
2026-10-08 11:14:00,1791472440,PATH,13.029999732971191,13.039899826049805,13.015000343322754,13.015000343322754,62261
2026-10-08 11:15:00,1791472500,PATH,13.019100189208984,13.029999732971191,13.010100364685059,13.015000343322754,167663
2026-10-08 11:16:00,1791472560,PATH,13.01990032196045,13.020000457763672,13.0,13.005000114440918,112690
2026-10-08 11:17:00,1791472620,PATH,13.005000114440918,13.010000228881836,12.989999771118164,13.005000114440918,166367
2026-10-08 11:18:00,1791472680,PATH,13.0,13.0,12.989999771118164,12.994999885559082,74817
2026-10-08 11:19:00,1791472740,PATH,12.990099906921387,13.010000228881836,12.979999542236328,12.989999771118164,211394
2026-10-08 11:20:00,1791472800,PATH,12.994999885559082,13.010000228881836,12.989999771118164,12.990099906921387,164755
2026-10-08 11:21:00,1791472860,PATH,12.989999771118164,13.0,12.975000381469727,12.984999656677246,253604
2026-10-08 11:22:00,1791472920,PATH,12.984999656677246,13.005000114440918,12.984999656677246,12.989999771118164,122610
2026-10-08 11:23:00,1791472980,PATH,12.984999656677246,12.984999656677246,12.970000267028809,12.984999656677246,45691
2026-10-08 11:24:00,1791473040,PATH,12.984999656677246,12.989999771118164,12.975000381469727,12.989700317382812,135443
2026-10-08 11:25:00,1791473100,PATH,12.984999656677246,13.0,12.984999656677246,12.994999885559082,96784
2026-10-08 11:26:00,1791473160,PATH,12.994999885559082,12.995100021362305,12.989999771118164,12.990099906921387,21844
2026-10-08 11:27:00,1791473220,PATH,12.990099906921387,12.994999885559082,12.970000267028809,12.975099563598633,137677
2026-10-08 11:28:00,1791473280,PATH,12.975000381469727,12.975000381469727,12.960000038146973,12.961700439453125,46096
2026-10-08 11:29:00,1791473340,PATH,12.960100173950195,12.979999542236328,12.960000038146973,12.975199699401855,58972
2026-10-08 11:30:00,1791473400,PATH,12.975000381469727,12.975000381469727,12.960000038146973,12.96500015258789,73356
2026-10-08 11:31:00,1791473460,PATH,12.96500015258789,12.970000267028809,12.960000038146973,12.96500015258789,37851
2026-10-08 11:32:00,1791473520,PATH,12.960000038146973,12.979999542236328,12.960000038146973,12.970100402832031,157009
2026-10-08 11:33:00,1791473580,PATH,12.975000381469727,12.979999542236328,12.970000267028809,12.977899551391602,86397
2026-10-08 11:34:00,1791473640,PATH,12.97029972076416,12.975000381469727,12.970000267028809,12.97070026397705,31726
2026-10-08 11:35:00,1791473700,PATH,12.972900390625,12.979999542236328,12.96500015258789,12.96500015258789,39334
2026-10-08 11:36:00,1791473760,PATH,12.96500015258789,12.989999771118164,12.96224308013916,12.979900360107422,214014
2026-10-08 11:37:00,1791473820,PATH,12.975000381469727,13.020000457763672,12.975000381469727,13.009900093078613,212261
2026-10-08 11:38:00,1791473880,PATH,13.009900093078613,13.015000343322754,13.0,13.005000114440918,116805
2026-10-08 11:39:00,1791473940,PATH,13.005000114440918,13.010000228881836,13.0,13.005000114440918,9832
2026-10-08 11:40:00,1791474000,PATH,13.000100135803223,13.005000114440918,12.989999771118164,12.994999885559082,110461
2026-10-08 11:41:00,1791474060,PATH,12.994999885559082,12.994999885559082,12.984800338745117,12.994999885559082,71227
2026-10-08 11:42:00,1791474120,PATH,12.994999885559082,13.010000228881836,12.991399765014648,13.010000228881836,116958
2026-10-08 11:43:00,1791474180,PATH,13.010000228881836,13.010000228881836,13.000100135803223,13.005000114440918,47609
2026-10-08 11:44:00,1791474240,PATH,13.005000114440918,13.020000457763672,13.0,13.015000343322754,124897
2026-10-08 11:45:00,1791474300,PATH,13.01990032196045,13.020000457763672,13.010000228881836,13.015000343322754,97722
2026-10-08 11:46:00,1791474360,PATH,13.015000343322754,13.024999618530273,13.010000228881836,13.024999618530273,77258
2026-10-08 11:47:00,1791474420,PATH,13.024999618530273,13.03499984741211,13.020000457763672,13.024999618530273,36713
2026-10-08 11:48:00,1791474480,PATH,13.020899772644043,13.029999732971191,13.020099639892578,13.024999618530273,18157
2026-10-08 11:49:00,1791474540,PATH,13.024999618530273,13.039999961853027,13.024999618530273,13.029999732971191,25867
2026-10-08 11:50:00,1791474600,PATH,13.029999732971191,13.039999961853027,13.029999732971191,13.030099868774414,813679
2026-10-08 11:51:00,1791474660,PATH,13.03499984741211,13.03499984741211,13.024999618530273,13.024999618530273,30590
2026-10-08 11:52:00,1791474720,PATH,13.024999618530273,13.03499984741211,13.024999618530273,13.03499984741211,12917
2026-10-08 11:53:00,1791474780,PATH,13.029999732971191,13.039999961853027,13.020099639892578,13.026599884033203,49172
2026-10-08 11:54:00,1791474840,PATH,13.024999618530273,13.029899597167969,13.020500183105469,13.020500183105469,6198
2026-10-08 11:55:00,1791474900,PATH,13.020500183105469,13.024999618530273,13.020000457763672,13.024999618530273,33769
2026-10-08 11:56:00,1791474960,PATH,13.024999618530273,13.029999732971191,13.020000457763672,13.020000457763672,32582
2026-10-08 11:57:00,1791475020,PATH,13.024999618530273,13.028300285339355,13.020000457763672,13.024999618530273,15362
2026-10-08 11:58:00,1791475080,PATH,13.024999618530273,13.024999618530273,13.020000457763672,13.024999618530273,19964
2026-10-08 11:59:00,1791475140,PATH,13.024999618530273,13.024999618530273,13.020000457763672,13.020000457763672,25390
2026-10-08 12:00:00,1791475200,PATH,13.020000457763672,13.020000457763672,13.0,13.005000114440918,78758
2026-10-08 12:01:00,1791475260,PATH,13.005000114440918,13.020000457763672,13.0,13.015000343322754,31792
2026-10-08 12:02:00,1791475320,PATH,13.015000343322754,13.020000457763672,13.0,13.005000114440918,16729
2026-10-08 12:03:00,1791475380,PATH,13.005000114440918,13.010000228881836,13.0,13.005000114440918,17085
2026-10-08 12:04:00,1791475440,PATH,13.010000228881836,13.020000457763672,13.0,13.015000343322754,24811
2026-10-08 12:05:00,1791475500,PATH,13.010000228881836,13.015000343322754,13.010000228881836,13.015000343322754,7851
2026-10-08 12:06:00,1791475560,PATH,13.015000343322754,13.01990032196045,13.010000228881836,13.015000343322754,6904
2026-10-08 12:07:00,1791475620,PATH,13.015000343322754,13.020000457763672,13.0,13.000100135803223,51646
2026-10-08 12:08:00,1791475680,PATH,13.003800392150879,13.010000228881836,12.994999885559082,13.005000114440918,153084
2026-10-08 12:09:00,1791475740,PATH,13.005000114440918,13.010000228881836,13.0,13.005000114440918,23017
2026-10-08 12:10:00,1791475800,PATH,13.005000114440918,13.010000228881836,13.0,13.010000228881836,29449
2026-10-08 12:11:00,1791475860,PATH,13.005000114440918,13.010000228881836,13.0,13.010000228881836,4461
2026-10-08 12:12:00,1791475920,PATH,13.005000114440918,13.010000228881836,13.0,13.005000114440918,21319
2026-10-08 12:13:00,1791475980,PATH,13.010000228881836,13.010000228881836,13.000100135803223,13.005000114440918,7384
2026-10-08 12:14:00,1791476040,PATH,13.010000228881836,13.020000457763672,13.010000228881836,13.01990032196045,90222
2026-10-08 12:15:00,1791476100,PATH,13.015000343322754,13.015000343322754,13.010100364685059,13.015000343322754,28373
2026-10-08 12:16:00,1791476160,PATH,13.015000343322754,13.015000343322754,13.005000114440918,13.010000228881836,17696
2026-10-08 12:17:00,1791476220,PATH,13.005000114440918,13.100000381469727,13.002699851989746,13.074999809265137,226156
2026-10-08 12:18:00,1791476280,PATH,13.074999809265137,13.074999809265137,13.050000190734863,13.050000190734863,39186
2026-10-08 12:19:00,1791476340,PATH,13.055000305175781,13.058500289916992,13.029999732971191,13.029999732971191,32435
2026-10-08 12:20:00,1791476400,PATH,13.039999961853027,13.039999961853027,13.020000457763672,13.03499984741211,19788
2026-10-08 12:21:00,1791476460,PATH,13.029999732971191,13.039999961853027,13.020000457763672,13.029999732971191,67916
2026-10-08 12:22:00,1791476520,PATH,13.024999618530273,13.03499984741211,13.020000457763672,13.03499984741211,38117
2026-10-08 12:23:00,1791476580,PATH,13.03499984741211,13.050000190734863,13.029999732971191,13.04990005493164,55124
2026-10-08 12:24:00,1791476640,PATH,13.050000190734863,13.059900283813477,13.039999961853027,13.039999961853027,129369
2026-10-08 12:25:00,1791476700,PATH,13.04889965057373,13.050000190734863,13.039999961853027,13.050000190734863,20169
2026-10-08 12:26:00,1791476760,PATH,13.042699813842773,13.074999809265137,13.042699813842773,13.074999809265137,125809
2026-10-08 12:27:00,1791476820,PATH,13.074999809265137,13.09000015258789,13.070099830627441,13.074999809265137,100926
2026-10-08 12:28:00,1791476880,PATH,13.074999809265137,13.085000038146973,13.069999694824219,13.074999809265137,45910
2026-10-08 12:29:00,1791476940,PATH,13.074199676513672,13.074999809265137,13.069999694824219,13.074999809265137,4362
2026-10-08 12:30:00,1791477000,PATH,13.069999694824219,13.07509994506836,13.0649995803833,13.0649995803833,56125
2026-10-08 12:31:00,1791477060,PATH,13.0649995803833,13.079999923706055,13.060099601745605,13.0649995803833,92737
2026-10-08 12:32:00,1791477120,PATH,13.0600004196167,13.075599670410156,13.0600004196167,13.074999809265137,58848
2026-10-08 12:33:00,1791477180,PATH,13.074999809265137,13.09000015258789,13.069999694824219,13.088299751281738,117547
2026-10-08 12:34:00,1791477240,PATH,13.085000038146973,13.100000381469727,13.080100059509277,13.095000267028809,97492
2026-10-08 12:35:00,1791477300,PATH,13.09000015258789,13.091899871826172,13.085000038146973,13.09000015258789,43294
2026-10-08 12:36:00,1791477360,PATH,13.085000038146973,13.100000381469727,13.079999923706055,13.085000038146973,126366
2026-10-08 12:37:00,1791477420,PATH,13.079999923706055,13.099699974060059,13.074999809265137,13.085000038146973,133779
2026-10-08 12:38:00,1791477480,PATH,13.085000038146973,13.09000015258789,13.074999809265137,13.074999809265137,67073
2026-10-08 12:39:00,1791477540,PATH,13.074999809265137,13.085000038146973,13.069999694824219,13.085000038146973,65610
2026-10-08 12:40:00,1791477600,PATH,13.085000038146973,13.100000381469727,13.085000038146973,13.095000267028809,69638
2026-10-08 12:41:00,1791477660,PATH,13.095000267028809,13.095000267028809,13.069999694824219,13.074999809265137,120908
2026-10-08 12:42:00,1791477720,PATH,13.069999694824219,13.079999923706055,13.0649995803833,13.0649995803833,59845
2026-10-08 12:43:00,1791477780,PATH,13.069899559020996,13.074999809265137,13.0600004196167,13.060099601745605,80645
2026-10-08 12:44:00,1791477840,PATH,13.068400382995605,13.069999694824219,13.055000305175781,13.055000305175781,24696
2026-10-08 12:45:00,1791477900,PATH,13.055000305175781,13.0600004196167,13.050000190734863,13.050000190734863,13576
2026-10-08 12:46:00,1791477960,PATH,13.050000190734863,13.0600004196167,13.039999961853027,13.0600004196167,21767
2026-10-08 12:47:00,1791478020,PATH,13.055000305175781,13.055000305175781,13.010000228881836,13.020000457763672,62514
2026-10-08 12:48:00,1791478080,PATH,13.024999618530273,13.03499984741211,13.011799812316895,13.024999618530273,49241
2026-10-08 12:49:00,1791478140,PATH,13.024999618530273,13.029999732971191,13.015000343322754,13.015000343322754,47029
2026-10-08 12:50:00,1791478200,PATH,13.015000343322754,13.024999618530273,13.000100135803223,13.024999618530273,125086
2026-10-08 12:51:00,1791478260,PATH,13.029999732971191,13.050000190734863,13.024999618530273,13.03499984741211,131636
2026-10-08 12:52:00,1791478320,PATH,13.029999732971191,13.069999694824219,13.024999618530273,13.0649995803833,130800
2026-10-08 12:53:00,1791478380,PATH,13.069999694824219,13.079999923706055,13.055000305175781,13.079999923706055,130671
2026-10-08 12:54:00,1791478440,PATH,13.085000038146973,13.130000114440918,13.079999923706055,13.130000114440918,306603
2026-10-08 12:55:00,1791478500,PATH,13.135000228881836,13.135000228881836,13.109999656677246,13.114999771118164,107180
2026-10-08 12:56:00,1791478560,PATH,13.114999771118164,13.135000228881836,13.109999656677246,13.109999656677246,91279
2026-10-08 12:57:00,1791478620,PATH,13.110099792480469,13.154999732971191,13.104999542236328,13.145000457763672,130284
2026-10-08 12:58:00,1791478680,PATH,13.145000457763672,13.170000076293945,13.140000343322754,13.154999732971191,197075
2026-10-08 12:59:00,1791478740,PATH,13.154999732971191,13.15999984741211,13.140000343322754,13.145000457763672,87718
2026-10-08 13:00:00,1791478800,PATH,13.140000343322754,13.145000457763672,13.135000228881836,13.145000457763672,36820
2026-10-08 13:01:00,1791478860,PATH,13.145000457763672,13.164999961853027,13.140000343322754,13.15999984741211,73328
2026-10-08 13:02:00,1791478920,PATH,13.149999618530273,13.175000190734863,13.135000228881836,13.170000076293945,140542
2026-10-08 13:03:00,1791478980,PATH,13.170000076293945,13.180000305175781,13.164999961853027,13.175000190734863,88278
2026-10-08 13:04:00,1791479040,PATH,13.175000190734863,13.180000305175781,13.164999961853027,13.175000190734863,63307
2026-10-08 13:05:00,1791479100,PATH,13.180000305175781,13.180000305175781,13.15999984741211,13.175000190734863,152448
2026-10-08 13:06:00,1791479160,PATH,13.170000076293945,13.194999694824219,13.15999984741211,13.175000190734863,98986
2026-10-08 13:07:00,1791479220,PATH,13.170100212097168,13.179900169372559,13.130000114440918,13.135000228881836,107983
2026-10-08 13:08:00,1791479280,PATH,13.140000343322754,13.15999984741211,13.123600006103516,13.130000114440918,188555
2026-10-08 13:09:00,1791479340,PATH,13.125,13.154999732971191,13.125,13.154999732971191,81347
2026-10-08 13:10:00,1791479400,PATH,13.156499862670898,13.159500122070312,13.145000457763672,13.145000457763672,121723
2026-10-08 13:11:00,1791479460,PATH,13.145000457763672,13.149999618530273,13.14009952545166,13.14009952545166,12274
2026-10-08 13:12:00,1791479520,PATH,13.140000343322754,13.15999984741211,13.130000114440918,13.154999732971191,30163
2026-10-08 13:13:00,1791479580,PATH,13.154999732971191,13.175000190734863,13.149999618530273,13.175000190734863,48232
2026-10-08 13:14:00,1791479640,PATH,13.175000190734863,13.199999809265137,13.175000190734863,13.1899995803833,94084
2026-10-08 13:15:00,1791479700,PATH,13.1850004196167,13.210000038146973,13.180000305175781,13.191399574279785,58462
2026-10-08 13:16:00,1791479760,PATH,13.199999809265137,13.239999771118164,13.199999809265137,13.239999771118164,79176
2026-10-08 13:17:00,1791479820,PATH,13.25,13.25,13.220000267028809,13.25,83564
2026-10-08 13:18:00,1791479880,PATH,13.25,13.260000228881836,13.220000267028809,13.220000267028809,77015
2026-10-08 13:19:00,1791479940,PATH,13.220000267028809,13.234999656677246,13.210000038146973,13.225000381469727,66393
2026-10-08 13:20:00,1791480000,PATH,13.225000381469727,13.229999542236328,13.220000267028809,13.229999542236328,25603
2026-10-08 13:21:00,1791480060,PATH,13.225000381469727,13.239999771118164,13.220000267028809,13.220000267028809,109142
2026-10-08 13:22:00,1791480120,PATH,13.225000381469727,13.229999542236328,13.204999923706055,13.204999923706055,79064
2026-10-08 13:23:00,1791480180,PATH,13.204999923706055,13.210000038146973,13.194999694824219,13.194999694824219,32394
2026-10-08 13:24:00,1791480240,PATH,13.1899995803833,13.199999809265137,13.175000190734863,13.180000305175781,43875
2026-10-08 13:25:00,1791480300,PATH,13.170100212097168,13.1899995803833,13.170100212097168,13.1850004196167,80379
2026-10-08 13:26:00,1791480360,PATH,13.180000305175781,13.1899995803833,13.15999984741211,13.164999961853027,110697
2026-10-08 13:27:00,1791480420,PATH,13.170000076293945,13.175000190734863,13.140000343322754,13.140000343322754,53635
2026-10-08 13:28:00,1791480480,PATH,13.135000228881836,13.145000457763672,13.125,13.143899917602539,108600
2026-10-08 13:29:00,1791480540,PATH,13.145000457763672,13.170000076293945,13.140000343322754,13.164999961853027,88250
2026-10-08 13:30:00,1791480600,PATH,13.164999961853027,13.180000305175781,13.164999961853027,13.175000190734863,67592
2026-10-08 13:31:00,1791480660,PATH,13.175000190734863,13.189900398254395,13.170000076293945,13.189900398254395,75368
2026-10-08 13:32:00,1791480720,PATH,13.1850004196167,13.1899995803833,13.170100212097168,13.175000190734863,120222
2026-10-08 13:33:00,1791480780,PATH,13.175000190734863,13.199999809265137,13.175000190734863,13.1899995803833,86205
2026-10-08 13:34:00,1791480840,PATH,13.1850004196167,13.194999694824219,13.180000305175781,13.1850004196167,163449
2026-10-08 13:35:00,1791480900,PATH,13.180100440979004,13.199999809265137,13.175000190734863,13.175000190734863,76847
2026-10-08 13:36:00,1791480960,PATH,13.178999900817871,13.20989990234375,13.178999900817871,13.199999809265137,55493
2026-10-08 13:37:00,1791481020,PATH,13.204999923706055,13.210000038146973,13.1899995803833,13.190099716186523,88720
2026-10-08 13:38:00,1791481080,PATH,13.190099716186523,13.194999694824219,13.180000305175781,13.1899995803833,11515
2026-10-08 13:39:00,1791481140,PATH,13.1850004196167,13.199999809265137,13.175000190734863,13.1899995803833,52428
2026-10-08 13:40:00,1791481200,PATH,13.194999694824219,13.194999694824219,13.1850004196167,13.190099716186523,34536
2026-10-08 13:41:00,1791481260,PATH,13.1899995803833,13.1899995803833,13.170000076293945,13.170100212097168,69306
2026-10-08 13:42:00,1791481320,PATH,13.175000190734863,13.180000305175781,13.164999961853027,13.169899940490723,77934
2026-10-08 13:43:00,1791481380,PATH,13.164999961853027,13.189900398254395,13.15999984741211,13.1850004196167,133777
2026-10-08 13:44:00,1791481440,PATH,13.1850004196167,13.1899995803833,13.180000305175781,13.188599586486816,66395
2026-10-08 13:45:00,1791481500,PATH,13.1850004196167,13.1899995803833,13.175000190734863,13.175822257995605,33118
2026-10-08 13:46:00,1791481560,PATH,13.174799919128418,13.175000190734863,13.145000457763672,13.145000457763672,62147
2026-10-08 13:47:00,1791481620,PATH,13.146300315856934,13.15999984741211,13.140000343322754,13.145000457763672,101174
2026-10-08 13:48:00,1791481680,PATH,13.140000343322754,13.145000457763672,13.119999885559082,13.119999885559082,39812
2026-10-08 13:49:00,1791481740,PATH,13.119999885559082,13.119999885559082,13.104999542236328,13.105600357055664,65722
2026-10-08 13:50:00,1791481800,PATH,13.100000381469727,13.109999656677246,13.100000381469727,13.104999542236328,10232
2026-10-08 13:51:00,1791481860,PATH,13.104999542236328,13.130000114440918,13.104999542236328,13.126700401306152,147096
2026-10-08 13:52:00,1791481920,PATH,13.125,13.125,13.109999656677246,13.114999771118164,68905
2026-10-08 13:53:00,1791481980,PATH,13.114999771118164,13.119999885559082,13.114999771118164,13.114999771118164,11712
2026-10-08 13:54:00,1791482040,PATH,13.114999771118164,13.116000175476074,13.109999656677246,13.114999771118164,69840
2026-10-08 13:55:00,1791482100,PATH,13.109999656677246,13.114999771118164,13.104999542236328,13.104999542236328,45963
2026-10-08 13:56:00,1791482160,PATH,13.104999542236328,13.11989974975586,13.104999542236328,13.112299919128418,120494
2026-10-08 13:57:00,1791482220,PATH,13.114999771118164,13.125,13.109999656677246,13.114999771118164,93808
2026-10-08 13:58:00,1791482280,PATH,13.114999771118164,13.114999771118164,13.100000381469727,13.100000381469727,57120
2026-10-08 13:59:00,1791482340,PATH,13.104999542236328,13.130000114440918,13.100000381469727,13.114999771118164,97040
2026-10-08 14:00:00,1791482400,PATH,13.109999656677246,13.130000114440918,13.109999656677246,13.114999771118164,57398
2026-10-08 14:01:00,1791482460,PATH,13.114999771118164,13.119999885559082,13.100000381469727,13.100000381469727,33469
2026-10-08 14:02:00,1791482520,PATH,13.100000381469727,13.100000381469727,13.085000038146973,13.100000381469727,22281
2026-10-08 14:03:00,1791482580,PATH,13.100000381469727,13.119999885559082,13.09000015258789,13.114999771118164,33500
2026-10-08 14:04:00,1791482640,PATH,13.114999771118164,13.119999885559082,13.109999656677246,13.114999771118164,35579
2026-10-08 14:05:00,1791482700,PATH,13.114999771118164,13.135000228881836,13.109999656677246,13.135000228881836,83404
2026-10-08 14:06:00,1791482760,PATH,13.135000228881836,13.138299942016602,13.130000114440918,13.135000228881836,59243
2026-10-08 14:07:00,1791482820,PATH,13.135000228881836,13.140000343322754,13.130000114440918,13.130000114440918,19963
2026-10-08 14:08:00,1791482880,PATH,13.130000114440918,13.148200035095215,13.130000114440918,13.14009952545166,72357
2026-10-08 14:09:00,1791482940,PATH,13.140000343322754,13.145000457763672,13.119999885559082,13.125,53845
2026-10-08 14:10:00,1791483000,PATH,13.125,13.139900207519531,13.119999885559082,13.137700080871582,63374
2026-10-08 14:11:00,1791483060,PATH,13.135000228881836,13.135000228881836,13.13230037689209,13.135000228881836,10919
2026-10-08 14:12:00,1791483120,PATH,13.135000228881836,13.139900207519531,13.125,13.135000228881836,54849
2026-10-08 14:13:00,1791483180,PATH,13.135000228881836,13.140000343322754,13.125,13.130000114440918,48473
2026-10-08 14:14:00,1791483240,PATH,13.135000228881836,13.14009952545166,13.125,13.135000228881836,119484
2026-10-08 14:15:00,1791483300,PATH,13.130000114440918,13.140000343322754,13.130000114440918,13.135000228881836,5931
2026-10-08 14:16:00,1791483360,PATH,13.135000228881836,13.140000343322754,13.125,13.130000114440918,65873
2026-10-08 14:17:00,1791483420,PATH,13.135000228881836,13.149999618530273,13.135000228881836,13.135000228881836,60664
2026-10-08 14:18:00,1791483480,PATH,13.13640022277832,13.140000343322754,13.130000114440918,13.135000228881836,68177
2026-10-08 14:19:00,1791483540,PATH,13.135000228881836,13.135000228881836,13.130000114440918,13.135000228881836,19580
2026-10-08 14:20:00,1791483600,PATH,13.135000228881836,13.140000343322754,13.119999885559082,13.119999885559082,65451
2026-10-08 14:21:00,1791483660,PATH,13.119999885559082,13.130000114440918,13.119999885559082,13.125,13219
2026-10-08 14:22:00,1791483720,PATH,13.125,13.130000114440918,13.119999885559082,13.130000114440918,20889
2026-10-08 14:23:00,1791483780,PATH,13.125,13.130000114440918,13.119999885559082,13.125,6956
2026-10-08 14:24:00,1791483840,PATH,13.125,13.130000114440918,13.119999885559082,13.125,31650
2026-10-08 14:25:00,1791483900,PATH,13.125,13.135000228881836,13.119999885559082,13.13010025024414,32954
2026-10-08 14:26:00,1791483960,PATH,13.135000228881836,13.145000457763672,13.130000114440918,13.145000457763672,41392
2026-10-08 14:27:00,1791484020,PATH,13.145000457763672,13.154999732971191,13.145000457763672,13.145000457763672,31925
2026-10-08 14:28:00,1791484080,PATH,13.145000457763672,13.15999984741211,13.145000457763672,13.159700393676758,32318
2026-10-08 14:29:00,1791484140,PATH,13.149999618530273,13.15999984741211,13.149999618530273,13.154999732971191,27452
2026-10-08 14:30:00,1791484200,PATH,13.154999732971191,13.15999984741211,13.149999618530273,13.154999732971191,40946
2026-10-08 14:31:00,1791484260,PATH,13.154999732971191,13.15999984741211,13.140000343322754,13.149999618530273,71478
2026-10-08 14:32:00,1791484320,PATH,13.145000457763672,13.149999618530273,13.140000343322754,13.140000343322754,19986
2026-10-08 14:33:00,1791484380,PATH,13.145000457763672,13.149999618530273,13.140000343322754,13.149999618530273,22592
2026-10-08 14:34:00,1791484440,PATH,13.145000457763672,13.149999618530273,13.135000228881836,13.135000228881836,40733
2026-10-08 14:35:00,1791484500,PATH,13.140000343322754,13.145000457763672,13.130000114440918,13.140000343322754,46902
2026-10-08 14:36:00,1791484560,PATH,13.14009952545166,13.14009952545166,13.109999656677246,13.125,136264
2026-10-08 14:37:00,1791484620,PATH,13.119999885559082,13.130000114440918,13.119999885559082,13.130000114440918,13631
2026-10-08 14:38:00,1791484680,PATH,13.119999885559082,13.130000114440918,13.119999885559082,13.130000114440918,22186
2026-10-08 14:39:00,1791484740,PATH,13.125,13.135000228881836,13.119999885559082,13.125,50963
2026-10-08 14:40:00,1791484800,PATH,13.125,13.140000343322754,13.125,13.130000114440918,42818
2026-10-08 14:41:00,1791484860,PATH,13.130000114440918,13.130000114440918,13.109999656677246,13.110699653625488,33807
2026-10-08 14:42:00,1791484920,PATH,13.109999656677246,13.114999771118164,13.100000381469727,13.104999542236328,153340
2026-10-08 14:43:00,1791484980,PATH,13.100000381469727,13.109999656677246,13.100000381469727,13.104999542236328,11368
2026-10-08 14:44:00,1791485040,PATH,13.104999542236328,13.104999542236328,13.09000015258789,13.095000267028809,31474
2026-10-08 14:45:00,1791485100,PATH,13.09000015258789,13.100000381469727,13.09000015258789,13.095000267028809,15304
2026-10-08 14:46:00,1791485160,PATH,13.095000267028809,13.100000381469727,13.09000015258789,13.095000267028809,18122
2026-10-08 14:47:00,1791485220,PATH,13.097800254821777,13.100000381469727,13.09000015258789,13.100000381469727,36729
2026-10-08 14:48:00,1791485280,PATH,13.100000381469727,13.125,13.09000015258789,13.119999885559082,160341
2026-10-08 14:49:00,1791485340,PATH,13.125,13.130000114440918,13.114999771118164,13.114999771118164,45722
2026-10-08 14:50:00,1791485400,PATH,13.114999771118164,13.119999885559082,13.109999656677246,13.109999656677246,33543
2026-10-08 14:51:00,1791485460,PATH,13.114999771118164,13.130000114440918,13.109999656677246,13.125,67523
2026-10-08 14:52:00,1791485520,PATH,13.125,13.130000114440918,13.119999885559082,13.125,32932
2026-10-08 14:53:00,1791485580,PATH,13.125,13.130000114440918,13.119999885559082,13.125,42226
2026-10-08 14:54:00,1791485640,PATH,13.125,13.130000114440918,13.125,13.130000114440918,20112
2026-10-08 14:55:00,1791485700,PATH,13.125,13.145000457763672,13.119999885559082,13.145000457763672,105052
2026-10-08 14:56:00,1791485760,PATH,13.145000457763672,13.149999618530273,13.130000114440918,13.135000228881836,107153
2026-10-08 14:57:00,1791485820,PATH,13.135000228881836,13.15999984741211,13.135000228881836,13.145000457763672,184782
2026-10-08 14:58:00,1791485880,PATH,13.145000457763672,13.149999618530273,13.140000343322754,13.145000457763672,20663
2026-10-08 14:59:00,1791485940,PATH,13.144700050354004,13.180000305175781,13.144700050354004,13.175000190734863,158679
2026-10-08 15:00:00,1791486000,PATH,13.175000190734863,13.180000305175781,13.15999984741211,13.164999961853027,78160
2026-10-08 15:01:00,1791486060,PATH,13.15999984741211,13.170000076293945,13.15999984741211,13.164999961853027,134432
2026-10-08 15:02:00,1791486120,PATH,13.164999961853027,13.170000076293945,13.15999984741211,13.164999961853027,9690
2026-10-08 15:03:00,1791486180,PATH,13.164999961853027,13.170000076293945,13.15999984741211,13.15999984741211,131973
2026-10-08 15:04:00,1791486240,PATH,13.164999961853027,13.175000190734863,13.15999984741211,13.175000190734863,63305
2026-10-08 15:05:00,1791486300,PATH,13.170000076293945,13.180000305175781,13.170000076293945,13.175000190734863,10965
2026-10-08 15:06:00,1791486360,PATH,13.175000190734863,13.180000305175781,13.164999961853027,13.170000076293945,26641
2026-10-08 15:07:00,1791486420,PATH,13.175000190734863,13.194999694824219,13.170100212097168,13.194999694824219,49239
2026-10-08 15:08:00,1791486480,PATH,13.194999694824219,13.210000038146973,13.194999694824219,13.200300216674805,54341
2026-10-08 15:09:00,1791486540,PATH,13.204999923706055,13.210000038146973,13.199999809265137,13.20989990234375,109424
2026-10-08 15:10:00,1791486600,PATH,13.204999923706055,13.229999542236328,13.204999923706055,13.225000381469727,99875
2026-10-08 15:11:00,1791486660,PATH,13.229999542236328,13.229999542236328,13.170000076293945,13.175000190734863,141082
2026-10-08 15:12:00,1791486720,PATH,13.175000190734863,13.1899995803833,13.15999984741211,13.170000076293945,104710
2026-10-08 15:13:00,1791486780,PATH,13.170000076293945,13.180000305175781,13.15999984741211,13.175000190734863,76906
2026-10-08 15:14:00,1791486840,PATH,13.170000076293945,13.180000305175781,13.135000228881836,13.135000228881836,185311
2026-10-08 15:15:00,1791486900,PATH,13.130000114440918,13.154999732971191,13.130000114440918,13.154999732971191,150606
2026-10-08 15:16:00,1791486960,PATH,13.154999732971191,13.180000305175781,13.154999732971191,13.175000190734863,147489
2026-10-08 15:17:00,1791487020,PATH,13.175000190734863,13.180000305175781,13.170000076293945,13.175000190734863,93873
2026-10-08 15:18:00,1791487080,PATH,13.175000190734863,13.17609977722168,13.170000076293945,13.175000190734863,40745
2026-10-08 15:19:00,1791487140,PATH,13.179900169372559,13.1899995803833,13.170000076293945,13.1899995803833,84984
2026-10-08 15:20:00,1791487200,PATH,13.1899995803833,13.199999809265137,13.180000305175781,13.1850004196167,116408
2026-10-08 15:21:00,1791487260,PATH,13.1899995803833,13.1899995803833,13.180000305175781,13.1850004196167,55925
2026-10-08 15:22:00,1791487320,PATH,13.1850004196167,13.194999694824219,13.180000305175781,13.194999694824219,38779
2026-10-08 15:23:00,1791487380,PATH,13.194999694824219,13.199999809265137,13.1899995803833,13.194999694824219,10946
2026-10-08 15:24:00,1791487440,PATH,13.194999694824219,13.204999923706055,13.1899995803833,13.204999923706055,111471
2026-10-08 15:25:00,1791487500,PATH,13.204999923706055,13.220000267028809,13.199999809265137,13.220000267028809,94880
2026-10-08 15:26:00,1791487560,PATH,13.21500015258789,13.220000267028809,13.210000038146973,13.210000038146973,50890
2026-10-08 15:27:00,1791487620,PATH,13.210100173950195,13.220000267028809,13.199999809265137,13.210000038146973,52837
2026-10-08 15:28:00,1791487680,PATH,13.210000038146973,13.21500015258789,13.204999923706055,13.204999923706055,48552
2026-10-08 15:29:00,1791487740,PATH,13.204999923706055,13.225000381469727,13.199999809265137,13.225000381469727,150704
2026-10-08 15:30:00,1791487800,PATH,13.220000267028809,13.225000381469727,13.1899995803833,13.194999694824219,143739
2026-10-08 15:31:00,1791487860,PATH,13.194999694824219,13.199999809265137,13.1850004196167,13.194999694824219,66539
2026-10-08 15:32:00,1791487920,PATH,13.194999694824219,13.225000381469727,13.194999694824219,13.225000381469727,151929
2026-10-08 15:33:00,1791487980,PATH,13.22249984741211,13.239999771118164,13.220000267028809,13.234999656677246,62804
2026-10-08 15:34:00,1791488040,PATH,13.229999542236328,13.239999771118164,13.194999694824219,13.194999694824219,132118
2026-10-08 15:35:00,1791488100,PATH,13.194999694824219,13.210000038146973,13.1899995803833,13.199999809265137,118830
2026-10-08 15:36:00,1791488160,PATH,13.1899995803833,13.210000038146973,13.1899995803833,13.210000038146973,172788
2026-10-08 15:37:00,1791488220,PATH,13.210000038146973,13.220000267028809,13.199999809265137,13.21500015258789,131733
2026-10-08 15:38:00,1791488280,PATH,13.21500015258789,13.229999542236328,13.210000038146973,13.225000381469727,150024
2026-10-08 15:39:00,1791488340,PATH,13.229999542236328,13.239999771118164,13.225000381469727,13.229999542236328,66084
2026-10-08 15:40:00,1791488400,PATH,13.234999656677246,13.25,13.21500015258789,13.229999542236328,229063
2026-10-08 15:41:00,1791488460,PATH,13.229999542236328,13.229999542236328,13.210000038146973,13.210000038146973,63351
2026-10-08 15:42:00,1791488520,PATH,13.210000038146973,13.220000267028809,13.199999809265137,13.210000038146973,158340
2026-10-08 15:43:00,1791488580,PATH,13.210000038146973,13.21500015258789,13.199999809265137,13.199999809265137,54885
2026-10-08 15:44:00,1791488640,PATH,13.204999923706055,13.210000038146973,13.199999809265137,13.20989990234375,41059
2026-10-08 15:45:00,1791488700,PATH,13.199999809265137,13.220000267028809,13.199999809265137,13.220000267028809,144300
2026-10-08 15:46:00,1791488760,PATH,13.225000381469727,13.229999542236328,13.220000267028809,13.225000381469727,64711
2026-10-08 15:47:00,1791488820,PATH,13.226300239562988,13.226300239562988,13.199999809265137,13.20479965209961,79162
2026-10-08 15:48:00,1791488880,PATH,13.204999923706055,13.210000038146973,13.194999694824219,13.204999923706055,94590
2026-10-08 15:49:00,1791488940,PATH,13.204999923706055,13.210000038146973,13.194999694824219,13.204999923706055,105521
2026-10-08 15:50:00,1791489000,PATH,13.210000038146973,13.220000267028809,13.180000305175781,13.199999809265137,230566
2026-10-08 15:51:00,1791489060,PATH,13.194999694824219,13.220000267028809,13.1899995803833,13.210000038146973,150289
2026-10-08 15:52:00,1791489120,PATH,13.21500015258789,13.220000267028809,13.194999694824219,13.210000038146973,88455
2026-10-08 15:53:00,1791489180,PATH,13.199999809265137,13.210000038146973,13.199999809265137,13.204999923706055,25125
2026-10-08 15:54:00,1791489240,PATH,13.204999923706055,13.229999542236328,13.199999809265137,13.220000267028809,95497
2026-10-08 15:55:00,1791489300,PATH,13.229999542236328,13.277700424194336,13.229999542236328,13.255000114440918,395087
2026-10-08 15:56:00,1791489360,PATH,13.255000114440918,13.270000457763672,13.25,13.265000343322754,100146
2026-10-08 15:57:00,1791489420,PATH,13.265000343322754,13.270000457763672,13.25,13.255000114440918,176482
2026-10-08 15:58:00,1791489480,PATH,13.255000114440918,13.274999618530273,13.25,13.274999618530273,381435
2026-10-08 15:59:00,1791489540,PATH,13.274999618530273,13.279999732971191,13.25,13.260000228881836,348925
2026-10-08 16:00:00,1791489600,PATH,13.25,13.25,13.25,13.25,0
2026-10-09 09:30:00,1791552600,PATH,13.380000114440918,13.399999618530273,13.319999694824219,13.34000015258789,232113
2026-10-09 09:31:00,1791552660,PATH,13.350000381469727,13.355500221252441,13.300000190734863,13.335000038146973,12973
2026-10-09 09:32:00,1791552720,PATH,13.34000015258789,13.359999656677246,13.329999923706055,13.350000381469727,22191
2026-10-09 09:33:00,1791552780,PATH,13.350000381469727,13.390000343322754,13.350000381469727,13.371000289916992,28923
2026-10-09 09:34:00,1791552840,PATH,13.354999542236328,13.359999656677246,13.300000190734863,13.300000190734863,343466
2026-10-09 09:35:00,1791552900,PATH,13.295000076293945,13.34000015258789,13.295000076293945,13.34000015258789,22189
2026-10-09 09:36:00,1791552960,PATH,13.350000381469727,13.354999542236328,13.319999694824219,13.329999923706055,32303
2026-10-09 09:37:00,1791553020,PATH,13.329999923706055,13.329999923706055,13.25,13.255999565124512,82509
2026-10-09 09:38:00,1791553080,PATH,13.260000228881836,13.28499984741211,13.25,13.260000228881836,28628
2026-10-09 09:39:00,1791553140,PATH,13.255000114440918,13.279999732971191,13.226300239562988,13.234999656677246,40378
2026-10-09 09:40:00,1791553200,PATH,13.234999656677246,13.239999771118164,13.1899995803833,13.194999694824219,54890
2026-10-09 09:41:00,1791553260,PATH,13.194999694824219,13.265999794006348,13.194999694824219,13.265999794006348,16764
2026-10-09 09:42:00,1791553320,PATH,13.270000457763672,13.3149995803833,13.260000228881836,13.289999961853027,36461
2026-10-09 09:43:00,1791553380,PATH,13.300000190734863,13.305999755859375,13.270000457763672,13.270000457763672,34195
2026-10-09 09:44:00,1791553440,PATH,13.270000457763672,13.305999755859375,13.270000457763672,13.298600196838379,29236
2026-10-09 09:45:00,1791553500,PATH,13.295000076293945,13.364999771118164,13.270000457763672,13.364999771118164,90660
2026-10-09 09:46:00,1791553560,PATH,13.361700057983398,13.375,13.345000267028809,13.369999885559082,53237
2026-10-09 09:47:00,1791553620,PATH,13.375,13.399999618530273,13.359999656677246,13.395000457763672,63634
2026-10-09 09:48:00,1791553680,PATH,13.395000457763672,13.40999984741211,13.375,13.399999618530273,73468
2026-10-09 09:49:00,1791553740,PATH,13.404999732971191,13.4350004196167,13.399999618530273,13.406000137329102,53454
2026-10-09 09:50:00,1791553800,PATH,13.404999732971191,13.470000267028809,13.399999618530273,13.44279956817627,120891
2026-10-09 09:51:00,1791553860,PATH,13.449999809265137,13.460000038146973,13.420000076293945,13.454999923706055,78183
2026-10-09 09:52:00,1791553920,PATH,13.454999923706055,13.489999771118164,13.444999694824219,13.46500015258789,72598
2026-10-09 09:53:00,1791553980,PATH,13.46500015258789,13.475000381469727,13.449999809265137,13.470100402832031,63113
2026-10-09 09:54:00,1791554040,PATH,13.479999542236328,13.479999542236328,13.444999694824219,13.454999923706055,52792
2026-10-09 09:55:00,1791554100,PATH,13.454999923706055,13.5,13.454999923706055,13.479999542236328,106342
2026-10-09 09:56:00,1791554160,PATH,13.484999656677246,13.5,13.470000267028809,13.470000267028809,67912
2026-10-09 09:57:00,1791554220,PATH,13.479999542236328,13.479999542236328,13.460000038146973,13.46500015258789,32898
2026-10-09 09:58:00,1791554280,PATH,13.46500015258789,13.470000267028809,13.4350004196167,13.4350004196167,58601
2026-10-09 09:59:00,1791554340,PATH,13.4350004196167,13.460000038146973,13.430000305175781,13.433799743652344,42456
2026-10-09 10:00:00,1791554400,PATH,13.4350004196167,13.4350004196167,13.359999656677246,13.380000114440918,60505
2026-10-09 10:01:00,1791554460,PATH,13.369999885559082,13.414999961853027,13.359999656677246,13.380000114440918,42751
2026-10-09 10:02:00,1791554520,PATH,13.38379955291748,13.395000457763672,13.369999885559082,13.375,27913
2026-10-09 10:03:00,1791554580,PATH,13.375,13.395000457763672,13.369999885559082,13.369999885559082,34890
2026-10-09 10:04:00,1791554640,PATH,13.369999885559082,13.390000343322754,13.369999885559082,13.385000228881836,11009
2026-10-09 10:05:00,1791554700,PATH,13.385000228881836,13.390000343322754,13.369999885559082,13.375,27670
2026-10-09 10:06:00,1791554760,PATH,13.375,13.390000343322754,13.359999656677246,13.369999885559082,112043
2026-10-09 10:07:00,1791554820,PATH,13.375,13.380000114440918,13.359999656677246,13.380000114440918,64615
2026-10-09 10:08:00,1791554880,PATH,13.385000228881836,13.444999694824219,13.385000228881836,13.4399995803833,74150
2026-10-09 10:09:00,1791554940,PATH,13.4399995803833,13.479999542236328,13.4350004196167,13.479900360107422,112605
2026-10-09 10:10:00,1791555000,PATH,13.475000381469727,13.489999771118164,13.475000381469727,13.484999656677246,84091
2026-10-09 10:11:00,1791555060,PATH,13.484999656677246,13.489999771118164,13.479999542236328,13.489999771118164,99422
2026-10-09 10:12:00,1791555120,PATH,13.485699653625488,13.488682746887207,13.470000267028809,13.479999542236328,63527
2026-10-09 10:13:00,1791555180,PATH,13.479999542236328,13.489899635314941,13.444999694824219,13.460000038146973,123950
2026-10-09 10:14:00,1791555240,PATH,13.465100288391113,13.494999885559082,13.46500015258789,13.484999656677246,82736
2026-10-09 10:15:00,1791555300,PATH,13.487899780273438,13.490099906921387,13.470000267028809,13.484999656677246,85350
2026-10-09 10:16:00,1791555360,PATH,13.479999542236328,13.524999618530273,13.475000381469727,13.515000343322754,316103
2026-10-09 10:17:00,1791555420,PATH,13.515000343322754,13.545000076293945,13.510000228881836,13.539999961853027,117733
2026-10-09 10:18:00,1791555480,PATH,13.545000076293945,13.550000190734863,13.529999732971191,13.53499984741211,227673
2026-10-09 10:19:00,1791555540,PATH,13.53499984741211,13.545000076293945,13.510100364685059,13.515000343322754,201243
2026-10-09 10:20:00,1791555600,PATH,13.513999938964844,13.539999961853027,13.510000228881836,13.53499984741211,227980
2026-10-09 10:21:00,1791555660,PATH,13.53499984741211,13.53499984741211,13.494999885559082,13.5,91302
2026-10-09 10:22:00,1791555720,PATH,13.5,13.510000228881836,13.489999771118164,13.5,92536
2026-10-09 10:23:00,1791555780,PATH,13.5,13.510000228881836,13.479999542236328,13.505000114440918,78472
2026-10-09 10:24:00,1791555840,PATH,13.500499725341797,13.505000114440918,13.489999771118164,13.494999885559082,44249
2026-10-09 10:25:00,1791555900,PATH,13.496100425720215,13.539999961853027,13.496100425720215,13.53499984741211,171139
2026-10-09 10:26:00,1791555960,PATH,13.53499984741211,13.537400245666504,13.529999732971191,13.53499984741211,15570
2026-10-09 10:27:00,1791556020,PATH,13.53499984741211,13.568900108337402,13.53499984741211,13.555000305175781,75122
2026-10-09 10:28:00,1791556080,PATH,13.550100326538086,13.555000305175781,13.529999732971191,13.550000190734863,82472
2026-10-09 10:29:00,1791556140,PATH,13.5649995803833,13.5649995803833,13.54010009765625,13.5649995803833,4719729
2026-10-09 10:30:00,1791556200,PATH,13.5649995803833,13.569999694824219,13.539999961853027,13.545000076293945,17373
2026-10-09 10:31:00,1791556260,PATH,13.550000190734863,13.550000190734863,13.524999618530273,13.524999618530273,75650
2026-10-09 10:32:00,1791556320,PATH,13.522600173950195,13.529999732971191,13.520000457763672,13.529999732971191,109103
2026-10-09 10:33:00,1791556380,PATH,13.53499984741211,13.539999961853027,13.515000343322754,13.515000343322754,48538
2026-10-09 10:34:00,1791556440,PATH,13.515000343322754,13.524999618530273,13.5,13.515000343322754,87040
2026-10-09 10:35:00,1791556500,PATH,13.520000457763672,13.529999732971191,13.515000343322754,13.515000343322754,41563
2026-10-09 10:36:00,1791556560,PATH,13.515000343322754,13.529999732971191,13.515000343322754,13.529999732971191,120971
2026-10-09 10:37:00,1791556620,PATH,13.53499984741211,13.550000190734863,13.53499984741211,13.539999961853027,63602
2026-10-09 10:38:00,1791556680,PATH,13.545000076293945,13.545000076293945,13.539999961853027,13.539999961853027,17685
2026-10-09 10:39:00,1791556740,PATH,13.545000076293945,13.5600004196167,13.539999961853027,13.5600004196167,44313
2026-10-09 10:40:00,1791556800,PATH,13.555000305175781,13.5600004196167,13.550000190734863,13.550000190734863,21699
2026-10-09 10:41:00,1791556860,PATH,13.550000190734863,13.5649995803833,13.550000190734863,13.555000305175781,30263
2026-10-09 10:42:00,1791556920,PATH,13.555000305175781,13.5600004196167,13.550000190734863,13.555000305175781,80656
2026-10-09 10:43:00,1791556980,PATH,13.5600004196167,13.5600004196167,13.545000076293945,13.545000076293945,148491
2026-10-09 10:44:00,1791557040,PATH,13.545000076293945,13.5600004196167,13.539999961853027,13.555000305175781,55902
2026-10-09 10:45:00,1791557100,PATH,13.555000305175781,13.579999923706055,13.550000190734863,13.569999694824219,157622
2026-10-09 10:46:00,1791557160,PATH,13.569000244140625,13.574999809265137,13.5600004196167,13.5649995803833,164818
2026-10-09 10:47:00,1791557220,PATH,13.5649995803833,13.569999694824219,13.550000190734863,13.569999694824219,117439
2026-10-09 10:48:00,1791557280,PATH,13.569999694824219,13.575400352478027,13.5600004196167,13.569999694824219,52515
2026-10-09 10:49:00,1791557340,PATH,13.569999694824219,13.579999923706055,13.555000305175781,13.555000305175781,70663
2026-10-09 10:50:00,1791557400,PATH,13.555000305175781,13.556400299072266,13.550000190734863,13.555000305175781,32581
2026-10-09 10:51:00,1791557460,PATH,13.555000305175781,13.5600004196167,13.539999961853027,13.545000076293945,55536
2026-10-09 10:52:00,1791557520,PATH,13.548999786376953,13.5600004196167,13.548999786376953,13.555000305175781,52443
2026-10-09 10:53:00,1791557580,PATH,13.555000305175781,13.5600004196167,13.53499984741211,13.53499984741211,88702
2026-10-09 10:54:00,1791557640,PATH,13.53499984741211,13.53499984741211,13.520000457763672,13.53499984741211,32847
2026-10-09 10:55:00,1791557700,PATH,13.529999732971191,13.53499984741211,13.520000457763672,13.529999732971191,35343
2026-10-09 10:56:00,1791557760,PATH,13.529999732971191,13.539999961853027,13.522000312805176,13.529999732971191,40903
2026-10-09 10:57:00,1791557820,PATH,13.524999618530273,13.53499984741211,13.510000228881836,13.520000457763672,57301
2026-10-09 10:58:00,1791557880,PATH,13.524999618530273,13.539999961853027,13.524999618530273,13.539999961853027,43541
2026-10-09 10:59:00,1791557940,PATH,13.545000076293945,13.550000190734863,13.539999961853027,13.545000076293945,22665
2026-10-09 11:00:00,1791558000,PATH,13.539999961853027,13.539999961853027,13.524999618530273,13.529999732971191,73306
2026-10-09 11:01:00,1791558060,PATH,13.530099868774414,13.530099868774414,13.510000228881836,13.524999618530273,93711
2026-10-09 11:02:00,1791558120,PATH,13.529999732971191,13.529999732971191,13.510000228881836,13.510000228881836,31351
2026-10-09 11:03:00,1791558180,PATH,13.510000228881836,13.510000228881836,13.479999542236328,13.479999542236328,43112
2026-10-09 11:04:00,1791558240,PATH,13.484999656677246,13.494999885559082,13.479999542236328,13.487199783325195,101637
2026-10-09 11:05:00,1791558300,PATH,13.484999656677246,13.5,13.479999542236328,13.494999885559082,113644
2026-10-09 11:06:00,1791558360,PATH,13.494999885559082,13.494999885559082,13.470000267028809,13.470000267028809,112445
2026-10-09 11:07:00,1791558420,PATH,13.46500015258789,13.475000381469727,13.4399995803833,13.444999694824219,91173
2026-10-09 11:08:00,1791558480,PATH,13.444999694824219,13.470000267028809,13.4399995803833,13.460000038146973,133927
2026-10-09 11:09:00,1791558540,PATH,13.460000038146973,13.4621000289917,13.449999809265137,13.449999809265137,84631
2026-10-09 11:10:00,1791558600,PATH,13.454999923706055,13.469900131225586,13.449999809265137,13.449999809265137,78290
2026-10-09 11:11:00,1791558660,PATH,13.454999923706055,13.454999923706055,13.4399995803833,13.4399995803833,12081
2026-10-09 11:12:00,1791558720,PATH,13.444999694824219,13.475000381469727,13.4399995803833,13.470000267028809,131879
2026-10-09 11:13:00,1791558780,PATH,13.46500015258789,13.475000381469727,13.460000038146973,13.470000267028809,28997
2026-10-09 11:14:00,1791558840,PATH,13.469900131225586,13.494999885559082,13.469900131225586,13.494999885559082,131907
2026-10-09 11:15:00,1791558900,PATH,13.489999771118164,13.509900093078613,13.470000267028809,13.470000267028809,122575
2026-10-09 11:16:00,1791558960,PATH,13.470000267028809,13.479999542236328,13.46399974822998,13.469900131225586,55794
2026-10-09 11:17:00,1791559020,PATH,13.46500015258789,13.470000267028809,13.460000038146973,13.46500015258789,49728
2026-10-09 11:18:00,1791559080,PATH,13.470000267028809,13.479999542236328,13.470000267028809,13.475000381469727,50441
2026-10-09 11:19:00,1791559140,PATH,13.479999542236328,13.479999542236328,13.454999923706055,13.46500015258789,105925
2026-10-09 11:20:00,1791559200,PATH,13.46500015258789,13.470000267028809,13.460000038146973,13.469799995422363,38325
2026-10-09 11:21:00,1791559260,PATH,13.470000267028809,13.489999771118164,13.470000267028809,13.481100082397461,109220
2026-10-09 11:22:00,1791559320,PATH,13.484999656677246,13.489899635314941,13.475000381469727,13.484999656677246,143878
2026-10-09 11:23:00,1791559380,PATH,13.484999656677246,13.484999656677246,13.470000267028809,13.475000381469727,102459
2026-10-09 11:24:00,1791559440,PATH,13.479999542236328,13.489999771118164,13.475000381469727,13.484999656677246,82375
2026-10-09 11:25:00,1791559500,PATH,13.484999656677246,13.489999771118164,13.479999542236328,13.484999656677246,52332
2026-10-09 11:26:00,1791559560,PATH,13.484999656677246,13.494999885559082,13.484999656677246,13.494999885559082,87564
2026-10-09 11:27:00,1791559620,PATH,13.494999885559082,13.5,13.479999542236328,13.484999656677246,82810
2026-10-09 11:28:00,1791559680,PATH,13.484999656677246,13.494999885559082,13.479999542236328,13.484999656677246,147693
2026-10-09 11:29:00,1791559740,PATH,13.484999656677246,13.484999656677246,13.475000381469727,13.475000381469727,77064
2026-10-09 11:30:00,1791559800,PATH,13.475000381469727,13.479999542236328,13.470000267028809,13.475000381469727,37029
2026-10-09 11:31:00,1791559860,PATH,13.470000267028809,13.505000114440918,13.470000267028809,13.5,125133
2026-10-09 11:32:00,1791559920,PATH,13.505000114440918,13.520000457763672,13.505000114440918,13.515000343322754,99522
2026-10-09 11:33:00,1791559980,PATH,13.51990032196045,13.520000457763672,13.5,13.5,171560
2026-10-09 11:34:00,1791560040,PATH,13.505000114440918,13.505000114440918,13.489999771118164,13.494999885559082,59946
2026-10-09 11:35:00,1791560100,PATH,13.494999885559082,13.505000114440918,13.494999885559082,13.494999885559082,93000
2026-10-09 11:36:00,1791560160,PATH,13.494999885559082,13.494999885559082,13.479999542236328,13.484999656677246,26026
2026-10-09 11:37:00,1791560220,PATH,13.484999656677246,13.489999771118164,13.479999542236328,13.489999771118164,31543
2026-10-09 11:38:00,1791560280,PATH,13.484999656677246,13.489999771118164,13.479999542236328,13.489999771118164,48367
2026-10-09 11:39:00,1791560340,PATH,13.484999656677246,13.494999885559082,13.479999542236328,13.494999885559082,68233
2026-10-09 11:40:00,1791560400,PATH,13.494999885559082,13.515000343322754,13.494999885559082,13.515000343322754,123479
2026-10-09 11:41:00,1791560460,PATH,13.515000343322754,13.515000343322754,13.5,13.505000114440918,70946
2026-10-09 11:42:00,1791560520,PATH,13.509900093078613,13.510000228881836,13.5,13.505000114440918,41511
2026-10-09 11:43:00,1791560580,PATH,13.505000114440918,13.510000228881836,13.5,13.505000114440918,12633
2026-10-09 11:44:00,1791560640,PATH,13.505000114440918,13.505000114440918,13.479999542236328,13.479999542236328,34361
2026-10-09 11:45:00,1791560700,PATH,13.479999542236328,13.484999656677246,13.470000267028809,13.470000267028809,19611
2026-10-09 11:46:00,1791560760,PATH,13.46500015258789,13.475000381469727,13.460000038146973,13.462300300598145,22575
2026-10-09 11:47:00,1791560820,PATH,13.466899871826172,13.470000267028809,13.444999694824219,13.45989990234375,104633
2026-10-09 11:48:00,1791560880,PATH,13.45989990234375,13.470000267028809,13.452500343322754,13.470000267028809,72526
2026-10-09 11:49:00,1791560940,PATH,13.46500015258789,13.479999542236328,13.46150016784668,13.475000381469727,95893
2026-10-09 11:50:00,1791561000,PATH,13.475000381469727,13.489999771118164,13.470100402832031,13.484999656677246,44371
2026-10-09 11:51:00,1791561060,PATH,13.484999656677246,13.489999771118164,13.479999542236328,13.489999771118164,32410
2026-10-09 11:52:00,1791561120,PATH,13.489899635314941,13.489999771118164,13.479999542236328,13.489999771118164,17065
2026-10-09 11:53:00,1791561180,PATH,13.484999656677246,13.489999771118164,13.479999542236328,13.489999771118164,58637
2026-10-09 11:54:00,1791561240,PATH,13.494999885559082,13.510000228881836,13.489999771118164,13.494999885559082,98570
2026-10-09 11:55:00,1791561300,PATH,13.494999885559082,13.5,13.489999771118164,13.489999771118164,58870
2026-10-09 11:56:00,1791561360,PATH,13.494999885559082,13.5,13.489999771118164,13.494999885559082,8732
2026-10-09 11:57:00,1791561420,PATH,13.494999885559082,13.5,13.489999771118164,13.494999885559082,59229
2026-10-09 11:58:00,1791561480,PATH,13.5,13.5,13.489999771118164,13.494999885559082,4862
2026-10-09 11:59:00,1791561540,PATH,13.489999771118164,13.5,13.489999771118164,13.494999885559082,14614
2026-10-09 12:00:00,1791561600,PATH,13.494999885559082,13.496999740600586,13.479999542236328,13.479999542236328,29845
2026-10-09 12:01:00,1791561660,PATH,13.484999656677246,13.489999771118164,13.479999542236328,13.484999656677246,71365
2026-10-09 12:02:00,1791561720,PATH,13.484999656677246,13.484999656677246,13.479999542236328,13.484999656677246,3891
2026-10-09 12:03:00,1791561780,PATH,13.484999656677246,13.489999771118164,13.479999542236328,13.484999656677246,24209
2026-10-09 12:04:00,1791561840,PATH,13.484999656677246,13.505000114440918,13.479999542236328,13.505000114440918,62693
2026-10-09 12:05:00,1791561900,PATH,13.505000114440918,13.515000343322754,13.5,13.505000114440918,72633
2026-10-09 12:06:00,1791561960,PATH,13.505000114440918,13.510000228881836,13.505000114440918,13.505000114440918,31964
2026-10-09 12:07:00,1791562020,PATH,13.505000114440918,13.509699821472168,13.479999542236328,13.484999656677246,120849
2026-10-09 12:08:00,1791562080,PATH,13.484999656677246,13.5,13.484999656677246,13.491800308227539,21979
2026-10-09 12:09:00,1791562140,PATH,13.494999885559082,13.494999885559082,13.484999656677246,13.484999656677246,29427
2026-10-09 12:10:00,1791562200,PATH,13.484999656677246,13.489999771118164,13.479999542236328,13.484999656677246,29361
2026-10-09 12:11:00,1791562260,PATH,13.484999656677246,13.489999771118164,13.479999542236328,13.48009967803955,25776
2026-10-09 12:12:00,1791562320,PATH,13.484999656677246,13.484999656677246,13.470000267028809,13.475000381469727,13961
2026-10-09 12:13:00,1791562380,PATH,13.470000267028809,13.470000267028809,13.454999923706055,13.46500015258789,51201
2026-10-09 12:14:00,1791562440,PATH,13.460000038146973,13.470000267028809,13.460000038146973,13.46500015258789,48224
2026-10-09 12:15:00,1791562500,PATH,13.46500015258789,13.46500015258789,13.454999923706055,13.454999923706055,11229
2026-10-09 12:16:00,1791562560,PATH,13.454999923706055,13.470000267028809,13.454999923706055,13.470000267028809,14708
2026-10-09 12:17:00,1791562620,PATH,13.46500015258789,13.469900131225586,13.460000038146973,13.460599899291992,18374
2026-10-09 12:18:00,1791562680,PATH,13.460000038146973,13.46500015258789,13.449999809265137,13.449999809265137,8955
2026-10-09 12:19:00,1791562740,PATH,13.449999809265137,13.454999923706055,13.449999809265137,13.449999809265137,2068
2026-10-09 12:20:00,1791562800,PATH,13.45009994506836,13.454999923706055,13.430000305175781,13.4350004196167,40933
2026-10-09 12:21:00,1791562860,PATH,13.4350004196167,13.4399995803833,13.430000305175781,13.4350004196167,45740
2026-10-09 12:22:00,1791562920,PATH,13.4399995803833,13.444999694824219,13.430000305175781,13.440099716186523,79155
2026-10-09 12:23:00,1791562980,PATH,13.444999694824219,13.449999809265137,13.4399995803833,13.444999694824219,42728
2026-10-09 12:24:00,1791563040,PATH,13.449999809265137,13.449999809265137,13.425000190734863,13.4350004196167,48063
2026-10-09 12:25:00,1791563100,PATH,13.4350004196167,13.4399995803833,13.430100440979004,13.4350004196167,38664
2026-10-09 12:26:00,1791563160,PATH,13.4350004196167,13.449999809265137,13.4350004196167,13.444999694824219,107913
2026-10-09 12:27:00,1791563220,PATH,13.444999694824219,13.449899673461914,13.430000305175781,13.444999694824219,83293
2026-10-09 12:28:00,1791563280,PATH,13.446000099182129,13.449999809265137,13.44480037689209,13.447799682617188,5750
2026-10-09 12:29:00,1791563340,PATH,13.444999694824219,13.449999809265137,13.4399995803833,13.444999694824219,28213
2026-10-09 12:30:00,1791563400,PATH,13.4399995803833,13.460000038146973,13.4399995803833,13.454999923706055,81147
2026-10-09 12:31:00,1791563460,PATH,13.460000038146973,13.470000267028809,13.460000038146973,13.46500015258789,84153
2026-10-09 12:32:00,1791563520,PATH,13.470000267028809,13.470000267028809,13.460000038146973,13.46500015258789,84985
2026-10-09 12:33:00,1791563580,PATH,13.46500015258789,13.470000267028809,13.460000038146973,13.46500015258789,20630
2026-10-09 12:34:00,1791563640,PATH,13.46500015258789,13.470000267028809,13.460000038146973,13.46500015258789,8568
2026-10-09 12:35:00,1791563700,PATH,13.460000038146973,13.460000038146973,13.449999809265137,13.454999923706055,58546
2026-10-09 12:36:00,1791563760,PATH,13.449999809265137,13.460000038146973,13.449999809265137,13.454999923706055,35771
2026-10-09 12:37:00,1791563820,PATH,13.454999923706055,13.454999923706055,13.440099716186523,13.444999694824219,110375
2026-10-09 12:38:00,1791563880,PATH,13.444999694824219,13.444999694824219,13.4399995803833,13.440099716186523,7152
2026-10-09 12:39:00,1791563940,PATH,13.4399995803833,13.444999694824219,13.40999984741211,13.414999961853027,52058
2026-10-09 12:40:00,1791564000,PATH,13.40999984741211,13.425000190734863,13.40999984741211,13.414999961853027,73528
2026-10-09 12:41:00,1791564060,PATH,13.419899940490723,13.430000305175781,13.40999984741211,13.425000190734863,86017
2026-10-09 12:42:00,1791564120,PATH,13.425000190734863,13.430000305175781,13.420000076293945,13.425000190734863,90614
2026-10-09 12:43:00,1791564180,PATH,13.425000190734863,13.449999809265137,13.425000190734863,13.449899673461914,156992
2026-10-09 12:44:00,1791564240,PATH,13.449999809265137,13.470000267028809,13.449999809265137,13.470000267028809,85843
2026-10-09 12:45:00,1791564300,PATH,13.46500015258789,13.470000267028809,13.460000038146973,13.46500015258789,33746
2026-10-09 12:46:00,1791564360,PATH,13.46500015258789,13.484999656677246,13.460100173950195,13.46500015258789,131598
2026-10-09 12:47:00,1791564420,PATH,13.46500015258789,13.470000267028809,13.460000038146973,13.468999862670898,93843
2026-10-09 12:48:00,1791564480,PATH,13.46500015258789,13.479999542236328,13.460000038146973,13.475000381469727,128966
2026-10-09 12:49:00,1791564540,PATH,13.475000381469727,13.479999542236328,13.449999809265137,13.470000267028809,165006
2026-10-09 12:50:00,1791564600,PATH,13.475000381469727,13.489999771118164,13.470000267028809,13.484999656677246,164414
2026-10-09 12:51:00,1791564660,PATH,13.484999656677246,13.489999771118164,13.484999656677246,13.484999656677246,44193
2026-10-09 12:52:00,1791564720,PATH,13.484999656677246,13.484999656677246,13.460000038146973,13.460000038146973,53618
2026-10-09 12:53:00,1791564780,PATH,13.460000038146973,13.46500015258789,13.454999923706055,13.460000038146973,37544
2026-10-09 12:54:00,1791564840,PATH,13.454999923706055,13.46500015258789,13.449999809265137,13.46500015258789,49183
2026-10-09 12:55:00,1791564900,PATH,13.46500015258789,13.465100288391113,13.454999923706055,13.46500015258789,41073
2026-10-09 12:56:00,1791564960,PATH,13.46500015258789,13.470000267028809,13.460000038146973,13.46500015258789,7358
2026-10-09 12:57:00,1791565020,PATH,13.46500015258789,13.470000267028809,13.460000038146973,13.46500015258789,72230
2026-10-09 12:58:00,1791565080,PATH,13.460000038146973,13.470000267028809,13.460000038146973,13.46500015258789,4918
2026-10-09 12:59:00,1791565140,PATH,13.46500015258789,13.46500015258789,13.460000038146973,13.46500015258789,5353
2026-10-09 13:00:00,1791565200,PATH,13.46500015258789,13.46500015258789,13.449999809265137,13.454999923706055,47742
2026-10-09 13:01:00,1791565260,PATH,13.460000038146973,13.470000267028809,13.444999694824219,13.444999694824219,105932
2026-10-09 13:02:00,1791565320,PATH,13.449999809265137,13.460000038146973,13.444999694824219,13.460000038146973,53439
2026-10-09 13:03:00,1791565380,PATH,13.454999923706055,13.470000267028809,13.444999694824219,13.444999694824219,71370
2026-10-09 13:04:00,1791565440,PATH,13.444999694824219,13.444999694824219,13.4399995803833,13.444999694824219,2299
2026-10-09 13:05:00,1791565500,PATH,13.444999694824219,13.444999694824219,13.4399995803833,13.444999694824219,4260
2026-10-09 13:06:00,1791565560,PATH,13.444999694824219,13.449999809265137,13.4399995803833,13.444999694824219,15671
2026-10-09 13:07:00,1791565620,PATH,13.444999694824219,13.449999809265137,13.430000305175781,13.4350004196167,93305
2026-10-09 13:08:00,1791565680,PATH,13.4350004196167,13.4399995803833,13.430000305175781,13.4350004196167,4030
2026-10-09 13:09:00,1791565740,PATH,13.4350004196167,13.4399995803833,13.430000305175781,13.430000305175781,13415
2026-10-09 13:10:00,1791565800,PATH,13.4350004196167,13.4350004196167,13.430000305175781,13.4350004196167,16085
2026-10-09 13:11:00,1791565860,PATH,13.430000305175781,13.430100440979004,13.420000076293945,13.420000076293945,53446
2026-10-09 13:12:00,1791565920,PATH,13.425000190734863,13.429900169372559,13.40999984741211,13.414999961853027,73858
2026-10-09 13:13:00,1791565980,PATH,13.419899940490723,13.420000076293945,13.399999618530273,13.404999732971191,92035
2026-10-09 13:14:00,1791566040,PATH,13.40999984741211,13.40999984741211,13.404999732971191,13.404999732971191,22205
2026-10-09 13:15:00,1791566100,PATH,13.404999732971191,13.420000076293945,13.404999732971191,13.414999961853027,115201
2026-10-09 13:16:00,1791566160,PATH,13.414999961853027,13.420000076293945,13.40999984741211,13.414999961853027,19007
2026-10-09 13:17:00,1791566220,PATH,13.414999961853027,13.420000076293945,13.404999732971191,13.414999961853027,93425
2026-10-09 13:18:00,1791566280,PATH,13.414999961853027,13.420000076293945,13.40999984741211,13.414381980895996,45031
2026-10-09 13:19:00,1791566340,PATH,13.419899940490723,13.454999923706055,13.419899940490723,13.444999694824219,165298
2026-10-09 13:20:00,1791566400,PATH,13.444999694824219,13.444999694824219,13.4399995803833,13.444999694824219,2992
2026-10-09 13:21:00,1791566460,PATH,13.444999694824219,13.449999809265137,13.44279956817627,13.444999694824219,4448
2026-10-09 13:22:00,1791566520,PATH,13.4399995803833,13.449999809265137,13.4399995803833,13.444999694824219,6464
2026-10-09 13:23:00,1791566580,PATH,13.4399995803833,13.449999809265137,13.4399995803833,13.4399995803833,3472
2026-10-09 13:24:00,1791566640,PATH,13.444999694824219,13.449999809265137,13.4399995803833,13.449999809265137,7836
2026-10-09 13:25:00,1791566700,PATH,13.4399995803833,13.449999809265137,13.4399995803833,13.444999694824219,3249
2026-10-09 13:26:00,1791566760,PATH,13.444999694824219,13.449999809265137,13.4399995803833,13.449999809265137,10085
2026-10-09 13:27:00,1791566820,PATH,13.449999809265137,13.454999923706055,13.444999694824219,13.454999923706055,31473
2026-10-09 13:28:00,1791566880,PATH,13.454999923706055,13.454999923706055,13.449999809265137,13.454999923706055,17019
2026-10-09 13:29:00,1791566940,PATH,13.454999923706055,13.470000267028809,13.449999809265137,13.46500015258789,81263
2026-10-09 13:30:00,1791567000,PATH,13.46500015258789,13.46500015258789,13.449999809265137,13.454999923706055,39168
2026-10-09 13:31:00,1791567060,PATH,13.454999923706055,13.454999923706055,13.4399995803833,13.444999694824219,23095
2026-10-09 13:32:00,1791567120,PATH,13.449999809265137,13.454999923706055,13.4350004196167,13.4399995803833,69810
2026-10-09 13:33:00,1791567180,PATH,13.449999809265137,13.449999809265137,13.430100440979004,13.4350004196167,20073
2026-10-09 13:34:00,1791567240,PATH,13.4350004196167,13.4399995803833,13.430000305175781,13.430000305175781,10917
2026-10-09 13:35:00,1791567300,PATH,13.4350004196167,13.4399995803833,13.430000305175781,13.4350004196167,24517
2026-10-09 13:36:00,1791567360,PATH,13.430000305175781,13.449999809265137,13.430000305175781,13.440099716186523,66363
2026-10-09 13:37:00,1791567420,PATH,13.444999694824219,13.444999694824219,13.430000305175781,13.430000305175781,33506
2026-10-09 13:38:00,1791567480,PATH,13.4350004196167,13.4399995803833,13.4350004196167,13.4350004196167,13517
2026-10-09 13:39:00,1791567540,PATH,13.4350004196167,13.4399995803833,13.430000305175781,13.4350004196167,12245
2026-10-09 13:40:00,1791567600,PATH,13.4399995803833,13.449999809265137,13.430000305175781,13.444999694824219,69304
2026-10-09 13:41:00,1791567660,PATH,13.444999694824219,13.460000038146973,13.444999694824219,13.454999923706055,54166
2026-10-09 13:42:00,1791567720,PATH,13.454999923706055,13.460000038146973,13.449999809265137,13.454999923706055,33459
2026-10-09 13:43:00,1791567780,PATH,13.460000038146973,13.475000381469727,13.449999809265137,13.475000381469727,57420
2026-10-09 13:44:00,1791567840,PATH,13.475000381469727,13.479999542236328,13.470000267028809,13.475000381469727,8417
2026-10-09 13:45:00,1791567900,PATH,13.475000381469727,13.47700023651123,13.460000038146973,13.46500015258789,58990
2026-10-09 13:46:00,1791567960,PATH,13.46500015258789,13.470000267028809,13.460000038146973,13.470000267028809,23143
2026-10-09 13:47:00,1791568020,PATH,13.467499732971191,13.479900360107422,13.46500015258789,13.46500015258789,88345
2026-10-09 13:48:00,1791568080,PATH,13.46500015258789,13.479999542236328,13.460000038146973,13.475000381469727,18420
2026-10-09 13:49:00,1791568140,PATH,13.475000381469727,13.479999542236328,13.475000381469727,13.475000381469727,2933
2026-10-09 13:50:00,1791568200,PATH,13.475000381469727,13.479999542236328,13.470000267028809,13.479900360107422,43760
2026-10-09 13:51:00,1791568260,PATH,13.479999542236328,13.484999656677246,13.470000267028809,13.475000381469727,52292
2026-10-09 13:52:00,1791568320,PATH,13.475000381469727,13.479999542236328,13.454999923706055,13.454999923706055,54201
2026-10-09 13:53:00,1791568380,PATH,13.449999809265137,13.46500015258789,13.449999809265137,13.46500015258789,31548
2026-10-09 13:54:00,1791568440,PATH,13.460000038146973,13.46500015258789,13.449999809265137,13.454999923706055,12169
2026-10-09 13:55:00,1791568500,PATH,13.460000038146973,13.46500015258789,13.454999923706055,13.460000038146973,65198
2026-10-09 13:56:00,1791568560,PATH,13.460000038146973,13.46619987487793,13.460000038146973,13.46500015258789,21975
2026-10-09 13:57:00,1791568620,PATH,13.46500015258789,13.470000267028809,13.460000038146973,13.46500015258789,5369
2026-10-09 13:58:00,1791568680,PATH,13.46500015258789,13.470000267028809,13.460000038146973,13.46500015258789,5116
2026-10-09 13:59:00,1791568740,PATH,13.46500015258789,13.470000267028809,13.460000038146973,13.46500015258789,4975
2026-10-09 14:00:00,1791568800,PATH,13.46500015258789,13.470000267028809,13.460000038146973,13.46500015258789,8075
2026-10-09 14:01:00,1791568860,PATH,13.46500015258789,13.475000381469727,13.46500015258789,13.475000381469727,39559
2026-10-09 14:02:00,1791568920,PATH,13.470100402832031,13.479999542236328,13.470000267028809,13.475000381469727,29224
2026-10-09 14:03:00,1791568980,PATH,13.479999542236328,13.5,13.475000381469727,13.5,63477
2026-10-09 14:04:00,1791569040,PATH,13.489999771118164,13.5,13.470000267028809,13.484999656677246,57954
2026-10-09 14:05:00,1791569100,PATH,13.479999542236328,13.479999542236328,13.470000267028809,13.475000381469727,36986
2026-10-09 14:06:00,1791569160,PATH,13.470000267028809,13.479999542236328,13.470000267028809,13.475000381469727,17767
2026-10-09 14:07:00,1791569220,PATH,13.479999542236328,13.479999542236328,13.470000267028809,13.475000381469727,8894
2026-10-09 14:08:00,1791569280,PATH,13.475000381469727,13.475000381469727,13.460000038146973,13.460000038146973,51874
2026-10-09 14:09:00,1791569340,PATH,13.46500015258789,13.470000267028809,13.46500015258789,13.470000267028809,8960
2026-10-09 14:10:00,1791569400,PATH,13.46500015258789,13.469799995422363,13.46500015258789,13.46500015258789,4269
2026-10-09 14:11:00,1791569460,PATH,13.46500015258789,13.479999542236328,13.454999923706055,13.475000381469727,39117
2026-10-09 14:12:00,1791569520,PATH,13.475000381469727,13.476200103759766,13.460000038146973,13.460000038146973,69631
2026-10-09 14:13:00,1791569580,PATH,13.46500015258789,13.470000267028809,13.460000038146973,13.460700035095215,32496
2026-10-09 14:14:00,1791569640,PATH,13.46500015258789,13.465100288391113,13.449999809265137,13.460000038146973,106418
2026-10-09 14:15:00,1791569700,PATH,13.454999923706055,13.454999923706055,13.449999809265137,13.454999923706055,16221
2026-10-09 14:16:00,1791569760,PATH,13.454999923706055,13.465100288391113,13.449999809265137,13.46500015258789,36536
2026-10-09 14:17:00,1791569820,PATH,13.460000038146973,13.46500015258789,13.449999809265137,13.454999923706055,45897
2026-10-09 14:18:00,1791569880,PATH,13.449999809265137,13.460000038146973,13.449999809265137,13.449999809265137,16552
2026-10-09 14:19:00,1791569940,PATH,13.460000038146973,13.470000267028809,13.449999809265137,13.46500015258789,56980
2026-10-09 14:20:00,1791570000,PATH,13.46500015258789,13.465100288391113,13.454999923706055,13.460000038146973,30911
2026-10-09 14:21:00,1791570060,PATH,13.449999809265137,13.460000038146973,13.449999809265137,13.449999809265137,32248
2026-10-09 14:22:00,1791570120,PATH,13.449999809265137,13.454999923706055,13.4399995803833,13.444999694824219,29959
2026-10-09 14:23:00,1791570180,PATH,13.444999694824219,13.444999694824219,13.430000305175781,13.4350004196167,29382
2026-10-09 14:24:00,1791570240,PATH,13.4399995803833,13.4399995803833,13.430000305175781,13.430000305175781,89480
2026-10-09 14:25:00,1791570300,PATH,13.430000305175781,13.4399995803833,13.430000305175781,13.4350004196167,15847
2026-10-09 14:26:00,1791570360,PATH,13.430000305175781,13.4399995803833,13.430000305175781,13.4350004196167,89108
2026-10-09 14:27:00,1791570420,PATH,13.430000305175781,13.4399995803833,13.430000305175781,13.4350004196167,65635
2026-10-09 14:28:00,1791570480,PATH,13.4350004196167,13.4350004196167,13.430000305175781,13.4350004196167,12829
2026-10-09 14:29:00,1791570540,PATH,13.430000305175781,13.4350004196167,13.420000076293945,13.425000190734863,26967
2026-10-09 14:30:00,1791570600,PATH,13.420000076293945,13.425000190734863,13.420000076293945,13.425000190734863,6024
2026-10-09 14:31:00,1791570660,PATH,13.420000076293945,13.4350004196167,13.420000076293945,13.420000076293945,108235
2026-10-09 14:32:00,1791570720,PATH,13.430000305175781,13.4399995803833,13.420000076293945,13.4350004196167,40060
2026-10-09 14:33:00,1791570780,PATH,13.4350004196167,13.449999809265137,13.430000305175781,13.444999694824219,92858
2026-10-09 14:34:00,1791570840,PATH,13.4399995803833,13.454999923706055,13.4399995803833,13.454999923706055,174028
2026-10-09 14:35:00,1791570900,PATH,13.449999809265137,13.460000038146973,13.449999809265137,13.454999923706055,27702
2026-10-09 14:36:00,1791570960,PATH,13.460000038146973,13.460000038146973,13.449999809265137,13.454999923706055,23441
2026-10-09 14:37:00,1791571020,PATH,13.454999923706055,13.460000038146973,13.449999809265137,13.454999923706055,27442
2026-10-09 14:38:00,1791571080,PATH,13.454999923706055,13.470000267028809,13.449999809265137,13.454999923706055,163787
2026-10-09 14:39:00,1791571140,PATH,13.449999809265137,13.460000038146973,13.4399995803833,13.449999809265137,214408
2026-10-09 14:40:00,1791571200,PATH,13.444999694824219,13.449999809265137,13.4399995803833,13.444999694824219,9435
2026-10-09 14:41:00,1791571260,PATH,13.449999809265137,13.470000267028809,13.4399995803833,13.470000267028809,98367
2026-10-09 14:42:00,1791571320,PATH,13.460000038146973,13.468700408935547,13.460000038146973,13.46500015258789,25861
2026-10-09 14:43:00,1791571380,PATH,13.46500015258789,13.46500015258789,13.460000038146973,13.46500015258789,9700
2026-10-09 14:44:00,1791571440,PATH,13.46500015258789,13.468199729919434,13.454999923706055,13.454999923706055,57207
2026-10-09 14:45:00,1791571500,PATH,13.460000038146973,13.460000038146973,13.444999694824219,13.454999923706055,72296
2026-10-09 14:46:00,1791571560,PATH,13.449999809265137,13.470000267028809,13.444999694824219,13.460000038146973,193527
2026-10-09 14:47:00,1791571620,PATH,13.46500015258789,13.470000267028809,13.460000038146973,13.46500015258789,17138
2026-10-09 14:48:00,1791571680,PATH,13.46500015258789,13.468600273132324,13.460000038146973,13.460000038146973,87555
2026-10-09 14:49:00,1791571740,PATH,13.46500015258789,13.479999542236328,13.46500015258789,13.475000381469727,98992
2026-10-09 14:50:00,1791571800,PATH,13.475000381469727,13.494999885559082,13.475000381469727,13.494999885559082,37392
2026-10-09 14:51:00,1791571860,PATH,13.494999885559082,13.494999885559082,13.489999771118164,13.494999885559082,30031
2026-10-09 14:52:00,1791571920,PATH,13.489999771118164,13.489999771118164,13.479999542236328,13.484999656677246,139026
2026-10-09 14:53:00,1791571980,PATH,13.484999656677246,13.489999771118164,13.479999542236328,13.484999656677246,77774
2026-10-09 14:54:00,1791572040,PATH,13.484999656677246,13.489999771118164,13.479999542236328,13.489999771118164,78049
2026-10-09 14:55:00,1791572100,PATH,13.484999656677246,13.484999656677246,13.475000381469727,13.484999656677246,25418
2026-10-09 14:56:00,1791572160,PATH,13.484999656677246,13.489999771118164,13.479999542236328,13.479999542236328,37049
2026-10-09 14:57:00,1791572220,PATH,13.484999656677246,13.484999656677246,13.479999542236328,13.479999542236328,9947
2026-10-09 14:58:00,1791572280,PATH,13.484999656677246,13.5,13.479999542236328,13.5,167882
2026-10-09 14:59:00,1791572340,PATH,13.494999885559082,13.5,13.489999771118164,13.5,62537
2026-10-09 15:00:00,1791572400,PATH,13.489999771118164,13.510000228881836,13.489999771118164,13.505000114440918,50167
2026-10-09 15:01:00,1791572460,PATH,13.505000114440918,13.505000114440918,13.505000114440918,13.505000114440918,3957
2026-10-09 15:02:00,1791572520,PATH,13.509099960327148,13.509099960327148,13.5,13.505000114440918,15220
2026-10-09 15:03:00,1791572580,PATH,13.505000114440918,13.510000228881836,13.5,13.510000228881836,5290
2026-10-09 15:04:00,1791572640,PATH,13.510000228881836,13.520000457763672,13.5,13.515000343322754,51524
2026-10-09 15:05:00,1791572700,PATH,13.510000228881836,13.510000228881836,13.5,13.505000114440918,26724
2026-10-09 15:06:00,1791572760,PATH,13.505000114440918,13.510000228881836,13.494999885559082,13.5,33752
2026-10-09 15:07:00,1791572820,PATH,13.5,13.5,13.489999771118164,13.494999885559082,35911
2026-10-09 15:08:00,1791572880,PATH,13.489999771118164,13.5,13.489999771118164,13.494999885559082,22702
2026-10-09 15:09:00,1791572940,PATH,13.494999885559082,13.495599746704102,13.489999771118164,13.489999771118164,15462
2026-10-09 15:10:00,1791573000,PATH,13.494999885559082,13.520000457763672,13.489999771118164,13.505000114440918,84668
2026-10-09 15:11:00,1791573060,PATH,13.505000114440918,13.505000114440918,13.5,13.505000114440918,8935
2026-10-09 15:12:00,1791573120,PATH,13.505000114440918,13.505000114440918,13.489999771118164,13.489999771118164,29778
2026-10-09 15:13:00,1791573180,PATH,13.494999885559082,13.505000114440918,13.489999771118164,13.5,61638
2026-10-09 15:14:00,1791573240,PATH,13.49839973449707,13.499500274658203,13.489999771118164,13.494999885559082,11910
2026-10-09 15:15:00,1791573300,PATH,13.494999885559082,13.494999885559082,13.479999542236328,13.489999771118164,82024
2026-10-09 15:16:00,1791573360,PATH,13.484999656677246,13.5,13.484999656677246,13.499899864196777,94089
2026-10-09 15:17:00,1791573420,PATH,13.499899864196777,13.5,13.489999771118164,13.494999885559082,14727
2026-10-09 15:18:00,1791573480,PATH,13.489999771118164,13.505000114440918,13.489999771118164,13.505000114440918,81236
2026-10-09 15:19:00,1791573540,PATH,13.505000114440918,13.505000114440918,13.489999771118164,13.494999885559082,36238
2026-10-09 15:20:00,1791573600,PATH,13.494999885559082,13.494999885559082,13.46500015258789,13.484999656677246,133987
2026-10-09 15:21:00,1791573660,PATH,13.484999656677246,13.486200332641602,13.46500015258789,13.470000267028809,53547
2026-10-09 15:22:00,1791573720,PATH,13.475000381469727,13.475000381469727,13.451399803161621,13.454999923706055,50462
2026-10-09 15:23:00,1791573780,PATH,13.454999923706055,13.456999778747559,13.4399995803833,13.444999694824219,35298
2026-10-09 15:24:00,1791573840,PATH,13.444999694824219,13.460000038146973,13.440099716186523,13.444999694824219,110831
2026-10-09 15:25:00,1791573900,PATH,13.444999694824219,13.460000038146973,13.4399995803833,13.454999923706055,87297
2026-10-09 15:26:00,1791573960,PATH,13.454999923706055,13.460000038146973,13.449999809265137,13.454999923706055,22562
2026-10-09 15:27:00,1791574020,PATH,13.45989990234375,13.460000038146973,13.449999809265137,13.454999923706055,24531
2026-10-09 15:28:00,1791574080,PATH,13.454999923706055,13.46500015258789,13.449999809265137,13.46500015258789,87725
2026-10-09 15:29:00,1791574140,PATH,13.46500015258789,13.46500015258789,13.444999694824219,13.444999694824219,55925
2026-10-09 15:30:00,1791574200,PATH,13.444999694824219,13.449899673461914,13.4399995803833,13.440299987792969,16764
2026-10-09 15:31:00,1791574260,PATH,13.4399995803833,13.449999809265137,13.425000190734863,13.4350004196167,106750
2026-10-09 15:32:00,1791574320,PATH,13.4350004196167,13.444999694824219,13.425000190734863,13.430000305175781,108891
2026-10-09 15:33:00,1791574380,PATH,13.4350004196167,13.444999694824219,13.430000305175781,13.444999694824219,42977
2026-10-09 15:34:00,1791574440,PATH,13.444999694824219,13.454999923706055,13.4399995803833,13.454999923706055,68143
2026-10-09 15:35:00,1791574500,PATH,13.460000038146973,13.460000038146973,13.430000305175781,13.430000305175781,66236
2026-10-09 15:36:00,1791574560,PATH,13.430000305175781,13.4399995803833,13.420000076293945,13.420000076293945,26147
2026-10-09 15:37:00,1791574620,PATH,13.420000076293945,13.4350004196167,13.414999961853027,13.4350004196167,41039
2026-10-09 15:38:00,1791574680,PATH,13.4350004196167,13.4350004196167,13.420000076293945,13.425000190734863,108363
2026-10-09 15:39:00,1791574740,PATH,13.425000190734863,13.4399995803833,13.420000076293945,13.4350004196167,52949
2026-10-09 15:40:00,1791574800,PATH,13.430000305175781,13.4399995803833,13.425000190734863,13.430000305175781,51595
2026-10-09 15:41:00,1791574860,PATH,13.425000190734863,13.425000190734863,13.40999984741211,13.414999961853027,67330
2026-10-09 15:42:00,1791574920,PATH,13.414999961853027,13.420000076293945,13.40999984741211,13.414999961853027,87590
2026-10-09 15:43:00,1791574980,PATH,13.414999961853027,13.414999961853027,13.40999984741211,13.414999961853027,21372
2026-10-09 15:44:00,1791575040,PATH,13.414999961853027,13.4399995803833,13.40999984741211,13.4350004196167,98611
2026-10-09 15:45:00,1791575100,PATH,13.4399995803833,13.4399995803833,13.430000305175781,13.4350004196167,101954
2026-10-09 15:46:00,1791575160,PATH,13.4350004196167,13.444999694824219,13.430000305175781,13.4399995803833,178573
2026-10-09 15:47:00,1791575220,PATH,13.430000305175781,13.449999809265137,13.430000305175781,13.4350004196167,132945
2026-10-09 15:48:00,1791575280,PATH,13.430000305175781,13.4350004196167,13.430000305175781,13.4350004196167,32716
2026-10-09 15:49:00,1791575340,PATH,13.4350004196167,13.454999923706055,13.4350004196167,13.454999923706055,72303
2026-10-09 15:50:00,1791575400,PATH,13.449999809265137,13.479599952697754,13.449999809265137,13.470000267028809,61722
2026-10-09 15:51:00,1791575460,PATH,13.475000381469727,13.479999542236328,13.460000038146973,13.475000381469727,98924
2026-10-09 15:52:00,1791575520,PATH,13.470000267028809,13.479999542236328,13.470000267028809,13.470199584960938,81798
2026-10-09 15:53:00,1791575580,PATH,13.475000381469727,13.479999542236328,13.460000038146973,13.475000381469727,180424
2026-10-09 15:54:00,1791575640,PATH,13.475000381469727,13.494999885559082,13.475000381469727,13.484999656677246,171540
2026-10-09 15:55:00,1791575700,PATH,13.489999771118164,13.510000228881836,13.484999656677246,13.505000114440918,123915
2026-10-09 15:56:00,1791575760,PATH,13.505000114440918,13.520000457763672,13.505000114440918,13.515000343322754,269564
2026-10-09 15:57:00,1791575820,PATH,13.520000457763672,13.520000457763672,13.489999771118164,13.489999771118164,129305
2026-10-09 15:58:00,1791575880,PATH,13.489999771118164,13.494999885559082,13.479999542236328,13.479999542236328,133866
2026-10-09 15:59:00,1791575940,PATH,13.484999656677246,13.484999656677246,13.460000038146973,13.479999542236328,456092
2026-10-09 16:00:00,1791576000,PATH,13.479999542236328,13.479999542236328,13.479999542236328,13.479999542236328,0
