timestamp_et,epoch,ticker,open,high,low,close,volume
2026-09-30 09:30:00,1790775000,USAR,14.100000381469727,14.329899787902832,14.069999694824219,14.289999961853027,805124
2026-09-30 09:31:00,1790775060,USAR,14.300000190734863,14.475199699401855,14.300000190734863,14.457900047302246,81760
2026-09-30 09:32:00,1790775120,USAR,14.449999809265137,14.449999809265137,14.380000114440918,14.410099983215332,69674
2026-09-30 09:33:00,1790775180,USAR,14.421199798583984,14.4399995803833,14.381999969482422,14.399999618530273,71900
2026-09-30 09:34:00,1790775240,USAR,14.409899711608887,14.4350004196167,14.359999656677246,14.364999771118164,39226
2026-09-30 09:35:00,1790775300,USAR,14.364999771118164,14.379899978637695,14.319999694824219,14.321499824523926,91568
2026-09-30 09:36:00,1790775360,USAR,14.329899787902832,14.369999885559082,14.251500129699707,14.29990005493164,85290
2026-09-30 09:37:00,1790775420,USAR,14.289999961853027,14.300000190734863,14.239999771118164,14.274999618530273,29690
2026-09-30 09:38:00,1790775480,USAR,14.274999618530273,14.274999618530273,14.15999984741211,14.175000190734863,131994
2026-09-30 09:39:00,1790775540,USAR,14.175000190734863,14.345000267028809,14.170000076293945,14.319999694824219,77083
2026-09-30 09:40:00,1790775600,USAR,14.3149995803833,14.319999694824219,14.25,14.270000457763672,29770
2026-09-30 09:41:00,1790775660,USAR,14.274999618530273,14.359999656677246,14.255000114440918,14.319999694824219,50531
2026-09-30 09:42:00,1790775720,USAR,14.321900367736816,14.359999656677246,14.3149995803833,14.324999809265137,32677
2026-09-30 09:43:00,1790775780,USAR,14.324999809265137,14.369000434875488,14.3100004196167,14.353699684143066,27053
2026-09-30 09:44:00,1790775840,USAR,14.356200218200684,14.419099807739258,14.350000381469727,14.40999984741211,34926
2026-09-30 09:45:00,1790775900,USAR,14.420000076293945,14.420000076293945,14.350000381469727,14.350000381469727,36585
2026-09-30 09:46:00,1790775960,USAR,14.350000381469727,14.425000190734863,14.34000015258789,14.390000343322754,41430
2026-09-30 09:47:00,1790776020,USAR,14.390000343322754,14.414999961853027,14.380000114440918,14.380000114440918,70571
2026-09-30 09:48:00,1790776080,USAR,14.380000114440918,14.380000114440918,14.319999694824219,14.319999694824219,37458
2026-09-30 09:49:00,1790776140,USAR,14.319999694824219,14.34000015258789,14.3100004196167,14.34000015258789,15042
2026-09-30 09:50:00,1790776200,USAR,14.34000015258789,14.364999771118164,14.335000038146973,14.354999542236328,28497
2026-09-30 09:51:00,1790776260,USAR,14.359999656677246,14.430000305175781,14.354999542236328,14.430000305175781,42847
2026-09-30 09:52:00,1790776320,USAR,14.420000076293945,14.430000305175781,14.358699798583984,14.390000343322754,36565
2026-09-30 09:53:00,1790776380,USAR,14.377699851989746,14.395000457763672,14.370100021362305,14.375,30342
2026-09-30 09:54:00,1790776440,USAR,14.375,14.380000114440918,14.335000038146973,14.375,33294
2026-09-30 09:55:00,1790776500,USAR,14.380000114440918,14.425000190734863,14.380000114440918,14.420000076293945,23977
2026-09-30 09:56:00,1790776560,USAR,14.410099983215332,14.509900093078613,14.410099983215332,14.5,67981
2026-09-30 09:57:00,1790776620,USAR,14.494999885559082,14.515000343322754,14.484999656677246,14.5,57284
2026-09-30 09:58:00,1790776680,USAR,14.489999771118164,14.489999771118164,14.454999923706055,14.470000267028809,32797
2026-09-30 09:59:00,1790776740,USAR,14.475000381469727,14.479999542236328,14.444999694824219,14.46500015258789,39892
2026-09-30 10:00:00,1790776800,USAR,14.46500015258789,14.524999618530273,14.460000038146973,14.510000228881836,61024
2026-09-30 10:01:00,1790776860,USAR,14.494999885559082,14.545000076293945,14.489999771118164,14.545000076293945,65421
2026-09-30 10:02:00,1790776920,USAR,14.539999961853027,14.625,14.529999732971191,14.600000381469727,126270
2026-09-30 10:03:00,1790776980,USAR,14.595000267028809,14.614999771118164,14.539999961853027,14.545000076293945,52936
2026-09-30 10:04:00,1790777040,USAR,14.550000190734863,14.609999656677246,14.539999961853027,14.595000267028809,61841
2026-09-30 10:05:00,1790777100,USAR,14.59000015258789,14.604999542236328,14.5600004196167,14.595000267028809,65917
2026-09-30 10:06:00,1790777160,USAR,14.59000015258789,14.739999771118164,14.59000015258789,14.6850004196167,131914
2026-09-30 10:07:00,1790777220,USAR,14.680000305175781,14.6850004196167,14.585000038146973,14.59000015258789,58882
2026-09-30 10:08:00,1790777280,USAR,14.589900016784668,14.654999732971191,14.574999809265137,14.649999618530273,47788
2026-09-30 10:09:00,1790777340,USAR,14.654999732971191,14.680000305175781,14.645000457763672,14.675000190734863,67010
2026-09-30 10:10:00,1790777400,USAR,14.680000305175781,14.6850004196167,14.600000381469727,14.619999885559082,64619
2026-09-30 10:11:00,1790777460,USAR,14.625,14.654999732971191,14.625,14.640000343322754,73943
2026-09-30 10:12:00,1790777520,USAR,14.635000228881836,14.720000267028809,14.633199691772461,14.720000267028809,53251
2026-09-30 10:13:00,1790777580,USAR,14.710100173950195,14.749899864196777,14.710100173950195,14.739999771118164,57347
2026-09-30 10:14:00,1790777640,USAR,14.729999542236328,14.729999542236328,14.681500434875488,14.6899995803833,41716
2026-09-30 10:15:00,1790777700,USAR,14.680000305175781,14.725000381469727,14.680000305175781,14.710000038146973,57463
2026-09-30 10:16:00,1790777760,USAR,14.720000267028809,14.734999656677246,14.699999809265137,14.727700233459473,62167
2026-09-30 10:17:00,1790777820,USAR,14.720000267028809,14.739999771118164,14.6899995803833,14.720000267028809,42138
2026-09-30 10:18:00,1790777880,USAR,14.725000381469727,14.75,14.699999809265137,14.699999809265137,37512
2026-09-30 10:19:00,1790777940,USAR,14.694999694824219,14.699999809265137,14.660099983215332,14.664999961853027,72059
2026-09-30 10:20:00,1790778000,USAR,14.664999961853027,14.694999694824219,14.664999961853027,14.694999694824219,41364
2026-09-30 10:21:00,1790778060,USAR,14.694999694824219,14.729999542236328,14.675000190734863,14.704999923706055,37643
2026-09-30 10:22:00,1790778120,USAR,14.704999923706055,14.704999923706055,14.600099563598633,14.604999542236328,62565
2026-09-30 10:23:00,1790778180,USAR,14.600000381469727,14.609999656677246,14.579999923706055,14.600299835205078,39616
2026-09-30 10:24:00,1790778240,USAR,14.595000267028809,14.604999542236328,14.551400184631348,14.569899559020996,42865
2026-09-30 10:25:00,1790778300,USAR,14.5649995803833,14.60990047454834,14.555000305175781,14.600099563598633,30376
2026-09-30 10:26:00,1790778360,USAR,14.60990047454834,14.60990047454834,14.574999809265137,14.595000267028809,29826
2026-09-30 10:27:00,1790778420,USAR,14.595000267028809,14.645000457763672,14.595000267028809,14.645000457763672,27342
2026-09-30 10:28:00,1790778480,USAR,14.640000343322754,14.645000457763672,14.579999923706055,14.591699600219727,55390
2026-09-30 10:29:00,1790778540,USAR,14.600000381469727,14.635000228881836,14.585000038146973,14.630000114440918,39334
2026-09-30 10:30:00,1790778600,USAR,14.619999885559082,14.619999885559082,14.574999809265137,14.579999923706055,27465
2026-09-30 10:31:00,1790778660,USAR,14.5649995803833,14.600000381469727,14.539999961853027,14.595000267028809,70285
2026-09-30 10:32:00,1790778720,USAR,14.595000267028809,14.609999656677246,14.555000305175781,14.5600004196167,45594
2026-09-30 10:33:00,1790778780,USAR,14.550000190734863,14.5649995803833,14.53499984741211,14.5649995803833,63674
2026-09-30 10:34:00,1790778840,USAR,14.5600004196167,14.569999694824219,14.530099868774414,14.555000305175781,27940
2026-09-30 10:35:00,1790778900,USAR,14.550000190734863,14.5649995803833,14.539999961853027,14.545000076293945,11075
2026-09-30 10:36:00,1790778960,USAR,14.550000190734863,14.600000381469727,14.550000190734863,14.570099830627441,35926
2026-09-30 10:37:00,1790779020,USAR,14.574999809265137,14.609999656677246,14.57289981842041,14.595000267028809,36652
2026-09-30 10:38:00,1790779080,USAR,14.595000267028809,14.6899995803833,14.59000015258789,14.654999732971191,105173
2026-09-30 10:39:00,1790779140,USAR,14.645000457763672,14.670000076293945,14.619999885559082,14.625,19072
2026-09-30 10:40:00,1790779200,USAR,14.62720012664795,14.640000343322754,14.60990047454834,14.635000228881836,26679
2026-09-30 10:41:00,1790779260,USAR,14.640000343322754,14.680000305175781,14.635000228881836,14.670000076293945,27683
2026-09-30 10:42:00,1790779320,USAR,14.680000305175781,14.719900131225586,14.680000305175781,14.71720027923584,31926
2026-09-30 10:43:00,1790779380,USAR,14.710000038146973,14.71500015258789,14.670000076293945,14.670000076293945,47909
2026-09-30 10:44:00,1790779440,USAR,14.664999961853027,14.664999961853027,14.600000381469727,14.609999656677246,59800
2026-09-30 10:45:00,1790779500,USAR,14.60099983215332,14.630000114440918,14.585000038146973,14.604999542236328,56284
2026-09-30 10:46:00,1790779560,USAR,14.604999542236328,14.619999885559082,14.555000305175781,14.574999809265137,64753
2026-09-30 10:47:00,1790779620,USAR,14.579999923706055,14.605899810791016,14.579999923706055,14.604999542236328,31590
2026-09-30 10:48:00,1790779680,USAR,14.604999542236328,14.625,14.600000381469727,14.609999656677246,23880
2026-09-30 10:49:00,1790779740,USAR,14.619999885559082,14.619999885559082,14.595000267028809,14.604999542236328,16896
2026-09-30 10:50:00,1790779800,USAR,14.604999542236328,14.604999542236328,14.569999694824219,14.585000038146973,29042
2026-09-30 10:51:00,1790779860,USAR,14.59000015258789,14.625,14.59000015258789,14.614999771118164,20253
2026-09-30 10:52:00,1790779920,USAR,14.614999771118164,14.619999885559082,14.604999542236328,14.614999771118164,7011
2026-09-30 10:53:00,1790779980,USAR,14.614999771118164,14.619999885559082,14.610099792480469,14.614999771118164,16613
2026-09-30 10:54:00,1790780040,USAR,14.614999771118164,14.654999732971191,14.609999656677246,14.614999771118164,124273
2026-09-30 10:55:00,1790780100,USAR,14.61460018157959,14.635000228881836,14.61460018157959,14.625,20826
2026-09-30 10:56:00,1790780160,USAR,14.625,14.639900207519531,14.619999885559082,14.619999885559082,13257
2026-09-30 10:57:00,1790780220,USAR,14.614999771118164,14.636799812316895,14.604999542236328,14.636799812316895,18540
2026-09-30 10:58:00,1790780280,USAR,14.630000114440918,14.64009952545166,14.614999771118164,14.640000343322754,45793
2026-09-30 10:59:00,1790780340,USAR,14.654999732971191,14.680000305175781,14.649999618530273,14.65999984741211,34892
2026-09-30 11:00:00,1790780400,USAR,14.654999732971191,14.65999984741211,14.604999542236328,14.604999542236328,22568
2026-09-30 11:01:00,1790780460,USAR,14.600000381469727,14.609999656677246,14.59000015258789,14.595000267028809,45520
2026-09-30 11:02:00,1790780520,USAR,14.600000381469727,14.600000381469727,14.569999694824219,14.569999694824219,19699
2026-09-30 11:03:00,1790780580,USAR,14.574999809265137,14.609999656677246,14.569999694824219,14.609700202941895,23040
2026-09-30 11:04:00,1790780640,USAR,14.604999542236328,14.609999656677246,14.574999809265137,14.595000267028809,27611
2026-09-30 11:05:00,1790780700,USAR,14.59000015258789,14.600000381469727,14.5600004196167,14.5649995803833,124504
2026-09-30 11:06:00,1790780760,USAR,14.5600004196167,14.5871000289917,14.5600004196167,14.5649995803833,13101
2026-09-30 11:07:00,1790780820,USAR,14.569999694824219,14.574999809265137,14.539999961853027,14.560099601745605,24586
2026-09-30 11:08:00,1790780880,USAR,14.56029987335205,14.599900245666504,14.56029987335205,14.585000038146973,29379
2026-09-30 11:09:00,1790780940,USAR,14.5649995803833,14.569899559020996,14.510000228881836,14.510000228881836,45363
2026-09-30 11:10:00,1790781000,USAR,14.510000228881836,14.550000190734863,14.505000114440918,14.53499984741211,71147
2026-09-30 11:11:00,1790781060,USAR,14.53499984741211,14.5649995803833,14.53499984741211,14.539999961853027,59809
2026-09-30 11:12:00,1790781120,USAR,14.545000076293945,14.545000076293945,14.5,14.515000343322754,47555
2026-09-30 11:13:00,1790781180,USAR,14.520000457763672,14.53499984741211,14.515000343322754,14.524999618530273,51573
2026-09-30 11:14:00,1790781240,USAR,14.524999618530273,14.524999618530273,14.489999771118164,14.494999885559082,42876
2026-09-30 11:15:00,1790781300,USAR,14.498600006103516,14.529999732971191,14.479999542236328,14.520000457763672,30520
2026-09-30 11:16:00,1790781360,USAR,14.520000457763672,14.524999618530273,14.5,14.505000114440918,18627
2026-09-30 11:17:00,1790781420,USAR,14.5,14.510000228881836,14.479999542236328,14.484999656677246,16767
2026-09-30 11:18:00,1790781480,USAR,14.479999542236328,14.48009967803955,14.474100112915039,14.475000381469727,30324
2026-09-30 11:19:00,1790781540,USAR,14.475000381469727,14.48900032043457,14.460100173950195,14.46500015258789,21922
2026-09-30 11:20:00,1790781600,USAR,14.46500015258789,14.46500015258789,14.4399995803833,14.444999694824219,18051
2026-09-30 11:21:00,1790781660,USAR,14.444999694824219,14.454999923706055,14.432000160217285,14.449999809265137,30185
2026-09-30 11:22:00,1790781720,USAR,14.454999923706055,14.454999923706055,14.425000190734863,14.4350004196167,34092
2026-09-30 11:23:00,1790781780,USAR,14.430000305175781,14.4399995803833,14.420100212097168,14.420100212097168,14081
2026-09-30 11:24:00,1790781840,USAR,14.430000305175781,14.430000305175781,14.395000457763672,14.404999732971191,21379
2026-09-30 11:25:00,1790781900,USAR,14.404999732971191,14.404999732971191,14.385000228881836,14.390000343322754,17723
2026-09-30 11:26:00,1790781960,USAR,14.385000228881836,14.40999984741211,14.370100021362305,14.399999618530273,50140
2026-09-30 11:27:00,1790782020,USAR,14.395000457763672,14.395000457763672,14.370100021362305,14.390000343322754,19674
2026-09-30 11:28:00,1790782080,USAR,14.395000457763672,14.40999984741211,14.390000343322754,14.40999984741211,15999
2026-09-30 11:29:00,1790782140,USAR,14.414999961853027,14.428000450134277,14.399999618530273,14.414999961853027,17822
2026-09-30 11:30:00,1790782200,USAR,14.420000076293945,14.449999809265137,14.414999961853027,14.4399995803833,20650
2026-09-30 11:31:00,1790782260,USAR,14.444999694824219,14.449999809265137,14.425000190734863,14.449999809265137,34205
2026-09-30 11:32:00,1790782320,USAR,14.454999923706055,14.460000038146973,14.45009994506836,14.454999923706055,10109
2026-09-30 11:33:00,1790782380,USAR,14.470000267028809,14.484999656677246,14.466899871826172,14.470000267028809,18419
2026-09-30 11:34:00,1790782440,USAR,14.454999923706055,14.459799766540527,14.414999961853027,14.4399995803833,66202
2026-09-30 11:35:00,1790782500,USAR,14.444999694824219,14.460000038146973,14.4350004196167,14.4350004196167,29781
2026-09-30 11:36:00,1790782560,USAR,14.430899620056152,14.439900398254395,14.420100212097168,14.4350004196167,10510
2026-09-30 11:37:00,1790782620,USAR,14.4350004196167,14.4399995803833,14.430000305175781,14.4350004196167,19590
2026-09-30 11:38:00,1790782680,USAR,14.4399995803833,14.460000038146973,14.4399995803833,14.45460033416748,18617
2026-09-30 11:39:00,1790782740,USAR,14.460000038146973,14.46500015258789,14.444999694824219,14.449999809265137,5646
2026-09-30 11:40:00,1790782800,USAR,14.449999809265137,14.454999923706055,14.4350004196167,14.4350004196167,24403
2026-09-30 11:41:00,1790782860,USAR,14.443699836730957,14.444999694824219,14.4350004196167,14.4350004196167,5721
2026-09-30 11:42:00,1790782920,USAR,14.434100151062012,14.460000038146973,14.434100151062012,14.454999923706055,15873
2026-09-30 11:43:00,1790782980,USAR,14.449999809265137,14.449999809265137,14.420000076293945,14.422599792480469,37898
2026-09-30 11:44:00,1790783040,USAR,14.425000190734863,14.439900398254395,14.420000076293945,14.425000190734863,9574
2026-09-30 11:45:00,1790783100,USAR,14.425000190734863,14.4350004196167,14.420000076293945,14.42020034790039,7832
2026-09-30 11:46:00,1790783160,USAR,14.425000190734863,14.425000190734863,14.40999984741211,14.40999984741211,6963
2026-09-30 11:47:00,1790783220,USAR,14.40999984741211,14.414999961853027,14.387499809265137,14.395000457763672,18587
2026-09-30 11:48:00,1790783280,USAR,14.399999618530273,14.414999961853027,14.399999618530273,14.404999732971191,10632
2026-09-30 11:49:00,1790783340,USAR,14.404999732971191,14.4399995803833,14.404999732971191,14.430100440979004,4927
2026-09-30 11:50:00,1790783400,USAR,14.42770004272461,14.4350004196167,14.420100212097168,14.4350004196167,12205
2026-09-30 11:51:00,1790783460,USAR,14.4350004196167,14.4399995803833,14.404999732971191,14.404999732971191,10404
2026-09-30 11:52:00,1790783520,USAR,14.404999732971191,14.404999732971191,14.390000343322754,14.390000343322754,7866
2026-09-30 11:53:00,1790783580,USAR,14.395000457763672,14.409099578857422,14.395000457763672,14.404999732971191,10065
2026-09-30 11:54:00,1790783640,USAR,14.399999618530273,14.40999984741211,14.395000457763672,14.395000457763672,13982
2026-09-30 11:55:00,1790783700,USAR,14.390000343322754,14.390000343322754,14.370100021362305,14.371399879455566,13626
2026-09-30 11:56:00,1790783760,USAR,14.370499610900879,14.380000114440918,14.369999885559082,14.380000114440918,10328
2026-09-30 11:57:00,1790783820,USAR,14.390000343322754,14.399999618530273,14.380000114440918,14.380000114440918,12065
2026-09-30 11:58:00,1790783880,USAR,14.380000114440918,14.380000114440918,14.369999885559082,14.375,7369
2026-09-30 11:59:00,1790783940,USAR,14.372900009155273,14.380000114440918,14.369999885559082,14.375,16267
2026-09-30 12:00:00,1790784000,USAR,14.375,14.390000343322754,14.369999885559082,14.375,11737
2026-09-30 12:01:00,1790784060,USAR,14.369999885559082,14.380000114440918,14.369999885559082,14.380000114440918,6447
2026-09-30 12:02:00,1790784120,USAR,14.385000228881836,14.390000343322754,14.380000114440918,14.390000343322754,10249
2026-09-30 12:03:00,1790784180,USAR,14.385000228881836,14.399999618530273,14.38010025024414,14.390000343322754,7334
2026-09-30 12:04:00,1790784240,USAR,14.390000343322754,14.399999618530273,14.385000228881836,14.395000457763672,14122
2026-09-30 12:05:00,1790784300,USAR,14.399900436401367,14.399900436401367,14.369999885559082,14.369999885559082,18173
2026-09-30 12:06:00,1790784360,USAR,14.364999771118164,14.380000114440918,14.364999771118164,14.369999885559082,31946
2026-09-30 12:07:00,1790784420,USAR,14.375,14.375,14.364999771118164,14.364999771118164,17173
2026-09-30 12:08:00,1790784480,USAR,14.364999771118164,14.364999771118164,14.350199699401855,14.354999542236328,7652
2026-09-30 12:09:00,1790784540,USAR,14.354999542236328,14.364999771118164,14.354999542236328,14.364999771118164,5044
2026-09-30 12:10:00,1790784600,USAR,14.364999771118164,14.364999771118164,14.350000381469727,14.354999542236328,11080
2026-09-30 12:11:00,1790784660,USAR,14.354999542236328,14.375,14.354999542236328,14.369999885559082,15393
2026-09-30 12:12:00,1790784720,USAR,14.359999656677246,14.359999656677246,14.34000015258789,14.345000267028809,37388
2026-09-30 12:13:00,1790784780,USAR,14.345000267028809,14.354999542236328,14.345000267028809,14.354999542236328,7567
2026-09-30 12:14:00,1790784840,USAR,14.354999542236328,14.380000114440918,14.354999542236328,14.380000114440918,8882
2026-09-30 12:15:00,1790784900,USAR,14.385000228881836,14.385000228881836,14.364999771118164,14.364999771118164,12051
2026-09-30 12:16:00,1790784960,USAR,14.369999885559082,14.369999885559082,14.364999771118164,14.364999771118164,6455
2026-09-30 12:17:00,1790785020,USAR,14.359999656677246,14.380000114440918,14.359999656677246,14.364999771118164,13068
2026-09-30 12:18:00,1790785080,USAR,14.364999771118164,14.364999771118164,14.354999542236328,14.364999771118164,10415
2026-09-30 12:19:00,1790785140,USAR,14.364999771118164,14.420000076293945,14.364999771118164,14.414999961853027,46277
2026-09-30 12:20:00,1790785200,USAR,14.420000076293945,14.4350004196167,14.414999961853027,14.4350004196167,17691
2026-09-30 12:21:00,1790785260,USAR,14.4350004196167,14.45989990234375,14.4350004196167,14.44950008392334,12493
2026-09-30 12:22:00,1790785320,USAR,14.444999694824219,14.46500015258789,14.444100379943848,14.46500015258789,8400
2026-09-30 12:23:00,1790785380,USAR,14.470000267028809,14.470000267028809,14.444999694824219,14.460000038146973,36931
2026-09-30 12:24:00,1790785440,USAR,14.460000038146973,14.460000038146973,14.444999694824219,14.444999694824219,7416
2026-09-30 12:25:00,1790785500,USAR,14.444999694824219,14.449899673461914,14.4350004196167,14.4399995803833,9350
2026-09-30 12:26:00,1790785560,USAR,14.4350004196167,14.4399995803833,14.4350004196167,14.4350004196167,4136
2026-09-30 12:27:00,1790785620,USAR,14.4350004196167,14.449999809265137,14.430000305175781,14.449999809265137,8152
2026-09-30 12:28:00,1790785680,USAR,14.444999694824219,14.454999923706055,14.4399995803833,14.444999694824219,16758
2026-09-30 12:29:00,1790785740,USAR,14.448200225830078,14.454999923706055,14.4399995803833,14.449999809265137,10633
2026-09-30 12:30:00,1790785800,USAR,14.444999694824219,14.454999923706055,14.430500030517578,14.430500030517578,14058
2026-09-30 12:31:00,1790785860,USAR,14.430000305175781,14.4399995803833,14.430000305175781,14.430000305175781,13758
2026-09-30 12:32:00,1790785920,USAR,14.433799743652344,14.4399995803833,14.425000190734863,14.425000190734863,22974
2026-09-30 12:33:00,1790785980,USAR,14.425000190734863,14.439900398254395,14.420000076293945,14.430000305175781,8495
2026-09-30 12:34:00,1790786040,USAR,14.4350004196167,14.449999809265137,14.4350004196167,14.444999694824219,3759
2026-09-30 12:35:00,1790786100,USAR,14.444999694824219,14.444999694824219,14.425000190734863,14.425000190734863,8341
2026-09-30 12:36:00,1790786160,USAR,14.420000076293945,14.429900169372559,14.414999961853027,14.429900169372559,4983
2026-09-30 12:37:00,1790786220,USAR,14.420100212097168,14.4399995803833,14.420100212097168,14.4350004196167,6263
2026-09-30 12:38:00,1790786280,USAR,14.4399995803833,14.4399995803833,14.4350004196167,14.4350004196167,10385
2026-09-30 12:39:00,1790786340,USAR,14.4350004196167,14.4399995803833,14.430000305175781,14.4350004196167,11407
2026-09-30 12:40:00,1790786400,USAR,14.4350004196167,14.4399995803833,14.4350004196167,14.4399995803833,2645
2026-09-30 12:41:00,1790786460,USAR,14.430000305175781,14.460000038146973,14.430000305175781,14.454999923706055,15608
2026-09-30 12:42:00,1790786520,USAR,14.454999923706055,14.458000183105469,14.454999923706055,14.4576997756958,2658
2026-09-30 12:43:00,1790786580,USAR,14.454999923706055,14.460000038146973,14.454999923706055,14.460000038146973,3123
2026-09-30 12:44:00,1790786640,USAR,14.454999923706055,14.479999542236328,14.449999809265137,14.475000381469727,10779
2026-09-30 12:45:00,1790786700,USAR,14.477100372314453,14.479999542236328,14.46500015258789,14.468600273132324,10062
2026-09-30 12:46:00,1790786760,USAR,14.465299606323242,14.484999656677246,14.449999809265137,14.484999656677246,24996
2026-09-30 12:47:00,1790786820,USAR,14.487099647521973,14.524999618530273,14.479999542236328,14.510100364685059,26833
2026-09-30 12:48:00,1790786880,USAR,14.510000228881836,14.520000457763672,14.505000114440918,14.520000457763672,19625
2026-09-30 12:49:00,1790786940,USAR,14.520000457763672,14.53499984741211,14.520000457763672,14.529999732971191,22779
2026-09-30 12:50:00,1790787000,USAR,14.536299705505371,14.536299705505371,14.529999732971191,14.529999732971191,6906
2026-09-30 12:51:00,1790787060,USAR,14.520099639892578,14.526900291442871,14.505000114440918,14.524999618530273,15838
2026-09-30 12:52:00,1790787120,USAR,14.520000457763672,14.520000457763672,14.505000114440918,14.515000343322754,15207
2026-09-30 12:53:00,1790787180,USAR,14.515000343322754,14.52970027923584,14.510499954223633,14.520000457763672,8801
2026-09-30 12:54:00,1790787240,USAR,14.5177001953125,14.528499603271484,14.515000343322754,14.528499603271484,4856
2026-09-30 12:55:00,1790787300,USAR,14.529899597167969,14.53499984741211,14.520000457763672,14.520000457763672,19167
2026-09-30 12:56:00,1790787360,USAR,14.524999618530273,14.529999732971191,14.520000457763672,14.524999618530273,6287
2026-09-30 12:57:00,1790787420,USAR,14.520000457763672,14.529999732971191,14.520000457763672,14.529899597167969,7890
2026-09-30 12:58:00,1790787480,USAR,14.529999732971191,14.545000076293945,14.520000457763672,14.529999732971191,26480
2026-09-30 12:59:00,1790787540,USAR,14.529999732971191,14.539799690246582,14.524999618530273,14.537599563598633,9041
2026-09-30 13:00:00,1790787600,USAR,14.529999732971191,14.529999732971191,14.515000343322754,14.524999618530273,11183
2026-09-30 13:01:00,1790787660,USAR,14.524999618530273,14.524999618530273,14.510000228881836,14.515000343322754,7056
2026-09-30 13:02:00,1790787720,USAR,14.515000343322754,14.515000343322754,14.49899959564209,14.49899959564209,23179
2026-09-30 13:03:00,1790787780,USAR,14.494999885559082,14.5,14.484999656677246,14.494999885559082,9673
2026-09-30 13:04:00,1790787840,USAR,14.494999885559082,14.498000144958496,14.494999885559082,14.498000144958496,1784
2026-09-30 13:05:00,1790787900,USAR,14.494999885559082,14.505000114440918,14.494999885559082,14.505000114440918,8525
2026-09-30 13:06:00,1790787960,USAR,14.509699821472168,14.524999618530273,14.505000114440918,14.524999618530273,7206
2026-09-30 13:07:00,1790788020,USAR,14.524999618530273,14.555000305175781,14.524999618530273,14.550000190734863,42426
2026-09-30 13:08:00,1790788080,USAR,14.545000076293945,14.545000076293945,14.545000076293945,14.545000076293945,4358
2026-09-30 13:09:00,1790788140,USAR,14.545000076293945,14.549799919128418,14.524999618530273,14.529999732971191,11710
2026-09-30 13:10:00,1790788200,USAR,14.524999618530273,14.524999618530273,14.515000343322754,14.515000343322754,8239
2026-09-30 13:11:00,1790788260,USAR,14.515000343322754,14.515000343322754,14.515000343322754,14.515000343322754,5852
2026-09-30 13:12:00,1790788320,USAR,14.510000228881836,14.545000076293945,14.510000228881836,14.53499984741211,19137
2026-09-30 13:13:00,1790788380,USAR,14.53499984741211,14.53499984741211,14.451399803161621,14.454999923706055,25925
2026-09-30 13:14:00,1790788440,USAR,14.454999923706055,14.46500015258789,14.449999809265137,14.46500015258789,19047
2026-09-30 13:15:00,1790788500,USAR,14.460000038146973,14.46500015258789,14.425000190734863,14.430000305175781,41904
2026-09-30 13:16:00,1790788560,USAR,14.414999961853027,14.420000076293945,14.414999961853027,14.414999961853027,3433
2026-09-30 13:17:00,1790788620,USAR,14.414999961853027,14.430000305175781,14.414999961853027,14.430000305175781,7502
2026-09-30 13:18:00,1790788680,USAR,14.425000190734863,14.4350004196167,14.425000190734863,14.4350004196167,6577
2026-09-30 13:19:00,1790788740,USAR,14.4399995803833,14.4399995803833,14.430100440979004,14.430100440979004,3070
2026-09-30 13:20:00,1790788800,USAR,14.430000305175781,14.430500030517578,14.425000190734863,14.425000190734863,9683
2026-09-30 13:21:00,1790788860,USAR,14.425000190734863,14.4399995803833,14.420000076293945,14.430000305175781,8861
2026-09-30 13:22:00,1790788920,USAR,14.420000076293945,14.420000076293945,14.414999961853027,14.414999961853027,3086
2026-09-30 13:23:00,1790788980,USAR,14.419899940490723,14.419899940490723,14.399999618530273,14.409500122070312,25089
2026-09-30 13:24:00,1790789040,USAR,14.40999984741211,14.415599822998047,14.40999984741211,14.414999961853027,19595
2026-09-30 13:25:00,1790789100,USAR,14.40999984741211,14.40999984741211,14.395000457763672,14.399999618530273,21916
2026-09-30 13:26:00,1790789160,USAR,14.399999618530273,14.40999984741211,14.385000228881836,14.395000457763672,14943
2026-09-30 13:27:00,1790789220,USAR,14.395000457763672,14.399499893188477,14.395000457763672,14.399499893188477,3520
2026-09-30 13:28:00,1790789280,USAR,14.395000457763672,14.409899711608887,14.395000457763672,14.404999732971191,5987
2026-09-30 13:29:00,1790789340,USAR,14.404999732971191,14.40999984741211,14.39009952545166,14.395000457763672,12399
2026-09-30 13:30:00,1790789400,USAR,14.390000343322754,14.390000343322754,14.380000114440918,14.385000228881836,5276
2026-09-30 13:31:00,1790789460,USAR,14.385000228881836,14.390000343322754,14.380000114440918,14.389900207519531,10189
2026-09-30 13:32:00,1790789520,USAR,14.390000343322754,14.395000457763672,14.380000114440918,14.385000228881836,13170
2026-09-30 13:33:00,1790789580,USAR,14.385000228881836,14.404999732971191,14.385000228881836,14.399999618530273,13386
2026-09-30 13:34:00,1790789640,USAR,14.390000343322754,14.397299766540527,14.385000228881836,14.385000228881836,6446
2026-09-30 13:35:00,1790789700,USAR,14.388699531555176,14.399999618530273,14.388699531555176,14.395000457763672,7184
2026-09-30 13:36:00,1790789760,USAR,14.395000457763672,14.399999618530273,14.390000343322754,14.390000343322754,15270
2026-09-30 13:37:00,1790789820,USAR,14.399999618530273,14.399999618530273,14.395000457763672,14.399999618530273,4666
2026-09-30 13:38:00,1790789880,USAR,14.395000457763672,14.408699989318848,14.390000343322754,14.404999732971191,10842
2026-09-30 13:39:00,1790789940,USAR,14.404999732971191,14.420000076293945,14.404999732971191,14.410099983215332,10079
2026-09-30 13:40:00,1790790000,USAR,14.414999961853027,14.425000190734863,14.40999984741211,14.425000190734863,12726
2026-09-30 13:41:00,1790790060,USAR,14.425000190734863,14.430000305175781,14.411700248718262,14.42020034790039,11276
2026-09-30 13:42:00,1790790120,USAR,14.425000190734863,14.4350004196167,14.425000190734863,14.4350004196167,5333
2026-09-30 13:43:00,1790790180,USAR,14.4399995803833,14.444999694824219,14.4350004196167,14.4350004196167,14639
2026-09-30 13:44:00,1790790240,USAR,14.430100440979004,14.430100440979004,14.425000190734863,14.425000190734863,7523
2026-09-30 13:45:00,1790790300,USAR,14.420000076293945,14.420000076293945,14.404999732971191,14.40999984741211,10670
2026-09-30 13:46:00,1790790360,USAR,14.414999961853027,14.449899673461914,14.414999961853027,14.449899673461914,26604
2026-09-30 13:47:00,1790790420,USAR,14.4399995803833,14.479999542236328,14.425000190734863,14.4399995803833,86696
2026-09-30 13:48:00,1790790480,USAR,14.4399995803833,14.449999809265137,14.4350004196167,14.444999694824219,7616
2026-09-30 13:49:00,1790790540,USAR,14.4399995803833,14.4399995803833,14.4350004196167,14.4350004196167,7627
2026-09-30 13:50:00,1790790600,USAR,14.4350004196167,14.447999954223633,14.4350004196167,14.4350004196167,8578
2026-09-30 13:51:00,1790790660,USAR,14.4350004196167,14.4399995803833,14.425000190734863,14.425000190734863,24757
2026-09-30 13:52:00,1790790720,USAR,14.425000190734863,14.4350004196167,14.420000076293945,14.425000190734863,10450
2026-09-30 13:53:00,1790790780,USAR,14.420999526977539,14.420999526977539,14.414999961853027,14.414999961853027,5882
2026-09-30 13:54:00,1790790840,USAR,14.40999984741211,14.414999961853027,14.399999618530273,14.414999961853027,12446
2026-09-30 13:55:00,1790790900,USAR,14.414999961853027,14.414999961853027,14.395000457763672,14.395000457763672,8123
2026-09-30 13:56:00,1790790960,USAR,14.398699760437012,14.40999984741211,14.39009952545166,14.399900436401367,8267
2026-09-30 13:57:00,1790791020,USAR,14.395000457763672,14.404999732971191,14.395000457763672,14.399999618530273,8413
2026-09-30 13:58:00,1790791080,USAR,14.398599624633789,14.408100128173828,14.395000457763672,14.399999618530273,14364
2026-09-30 13:59:00,1790791140,USAR,14.40999984741211,14.414999961853027,14.404999732971191,14.414999961853027,5084
2026-09-30 14:00:00,1790791200,USAR,14.40999984741211,14.40999984741211,14.395000457763672,14.404999732971191,12881
2026-09-30 14:01:00,1790791260,USAR,14.399999618530273,14.399999618530273,14.385000228881836,14.399999618530273,6161
2026-09-30 14:02:00,1790791320,USAR,14.399999618530273,14.40999984741211,14.399999618530273,14.404999732971191,23959
2026-09-30 14:03:00,1790791380,USAR,14.40999984741211,14.4399995803833,14.40999984741211,14.430100440979004,13762
2026-09-30 14:04:00,1790791440,USAR,14.4350004196167,14.446599960327148,14.430000305175781,14.4399995803833,22816
2026-09-30 14:05:00,1790791500,USAR,14.4399995803833,14.4399995803833,14.4350004196167,14.4399995803833,10525
2026-09-30 14:06:00,1790791560,USAR,14.4399995803833,14.4399995803833,14.420000076293945,14.420000076293945,9853
2026-09-30 14:07:00,1790791620,USAR,14.40999984741211,14.414999961853027,14.40999984741211,14.414999961853027,4607
2026-09-30 14:08:00,1790791680,USAR,14.40999984741211,14.40999984741211,14.385000228881836,14.395000457763672,12273
2026-09-30 14:09:00,1790791740,USAR,14.395000457763672,14.395000457763672,14.395000457763672,14.395000457763672,3618
2026-09-30 14:10:00,1790791800,USAR,14.395000457763672,14.404999732971191,14.395000457763672,14.404999732971191,6043
2026-09-30 14:11:00,1790791860,USAR,14.404999732971191,14.404999732971191,14.395000457763672,14.395000457763672,9454
2026-09-30 14:12:00,1790791920,USAR,14.399999618530273,14.40999984741211,14.399999618530273,14.404999732971191,16835
2026-09-30 14:13:00,1790791980,USAR,14.399999618530273,14.40999984741211,14.399999618530273,14.40999984741211,3381
2026-09-30 14:14:00,1790792040,USAR,14.404999732971191,14.420000076293945,14.404500007629395,14.404500007629395,18593
2026-09-30 14:15:00,1790792100,USAR,14.399999618530273,14.399999618530273,14.390000343322754,14.395000457763672,4134
2026-09-30 14:16:00,1790792160,USAR,14.395000457763672,14.404999732971191,14.392499923706055,14.395000457763672,8056
2026-09-30 14:17:00,1790792220,USAR,14.390000343322754,14.397100448608398,14.380000114440918,14.385000228881836,7370
2026-09-30 14:18:00,1790792280,USAR,14.385000228881836,14.385000228881836,14.364999771118164,14.380000114440918,20187
2026-09-30 14:19:00,1790792340,USAR,14.385000228881836,14.390000343322754,14.385000228881836,14.390000343322754,4130
2026-09-30 14:20:00,1790792400,USAR,14.385000228881836,14.395000457763672,14.380000114440918,14.395000457763672,24521
2026-09-30 14:21:00,1790792460,USAR,14.395000457763672,14.395000457763672,14.380000114440918,14.385000228881836,3323
2026-09-30 14:22:00,1790792520,USAR,14.38010025024414,14.390000343322754,14.38010025024414,14.389900207519531,5499
2026-09-30 14:23:00,1790792580,USAR,14.390000343322754,14.399900436401367,14.387700080871582,14.397600173950195,5485
2026-09-30 14:24:00,1790792640,USAR,14.398599624633789,14.398599624633789,14.385000228881836,14.395000457763672,11709
2026-09-30 14:25:00,1790792700,USAR,14.395000457763672,14.395000457763672,14.385000228881836,14.389900207519531,9291
2026-09-30 14:26:00,1790792760,USAR,14.390000343322754,14.404999732971191,14.390000343322754,14.404999732971191,18699
2026-09-30 14:27:00,1790792820,USAR,14.399999618530273,14.404999732971191,14.399999618530273,14.399999618530273,5230
2026-09-30 14:28:00,1790792880,USAR,14.402299880981445,14.414999961853027,14.399999618530273,14.404999732971191,12141
2026-09-30 14:29:00,1790792940,USAR,14.399999618530273,14.399999618530273,14.390000343322754,14.395000457763672,4397
2026-09-30 14:30:00,1790793000,USAR,14.395000457763672,14.395000457763672,14.390000343322754,14.390000343322754,5299
2026-09-30 14:31:00,1790793060,USAR,14.385000228881836,14.390000343322754,14.375,14.389900207519531,19117
2026-09-30 14:32:00,1790793120,USAR,14.380000114440918,14.385000228881836,14.380000114440918,14.385000228881836,5020
2026-09-30 14:33:00,1790793180,USAR,14.390000343322754,14.395000457763672,14.342000007629395,14.342399597167969,39143
2026-09-30 14:34:00,1790793240,USAR,14.34000015258789,14.345000267028809,14.34000015258789,14.34000015258789,7175
2026-09-30 14:35:00,1790793300,USAR,14.345000267028809,14.345000267028809,14.34000015258789,14.340100288391113,5139
2026-09-30 14:36:00,1790793360,USAR,14.341300010681152,14.341300010681152,14.329999923706055,14.335000038146973,23049
2026-09-30 14:37:00,1790793420,USAR,14.335000038146973,14.34000015258789,14.329999923706055,14.34000015258789,8416
2026-09-30 14:38:00,1790793480,USAR,14.349900245666504,14.364999771118164,14.349900245666504,14.364999771118164,7158
2026-09-30 14:39:00,1790793540,USAR,14.364999771118164,14.380000114440918,14.364999771118164,14.377699851989746,19222
2026-09-30 14:40:00,1790793600,USAR,14.369999885559082,14.385199546813965,14.369999885559082,14.385000228881836,12360
2026-09-30 14:41:00,1790793660,USAR,14.385000228881836,14.385000228881836,14.380000114440918,14.383700370788574,10102
2026-09-30 14:42:00,1790793720,USAR,14.380000114440918,14.385000228881836,14.375,14.380000114440918,17890
2026-09-30 14:43:00,1790793780,USAR,14.385000228881836,14.389900207519531,14.375,14.375,8550
2026-09-30 14:44:00,1790793840,USAR,14.374300003051758,14.375,14.364999771118164,14.364999771118164,6205
2026-09-30 14:45:00,1790793900,USAR,14.359999656677246,14.364999771118164,14.350000381469727,14.350000381469727,2869
2026-09-30 14:46:00,1790793960,USAR,14.350000381469727,14.36989974975586,14.350000381469727,14.364999771118164,13792
2026-09-30 14:47:00,1790794020,USAR,14.359999656677246,14.359999656677246,14.34000015258789,14.34000015258789,4980
2026-09-30 14:48:00,1790794080,USAR,14.34000015258789,14.345000267028809,14.34000015258789,14.34000015258789,3719
2026-09-30 14:49:00,1790794140,USAR,14.340100288391113,14.350000381469727,14.34000015258789,14.34000015258789,11996
2026-09-30 14:50:00,1790794200,USAR,14.345000267028809,14.359999656677246,14.34000015258789,14.359999656677246,8010
2026-09-30 14:51:00,1790794260,USAR,14.350000381469727,14.359999656677246,14.345000267028809,14.354999542236328,24438
2026-09-30 14:52:00,1790794320,USAR,14.350000381469727,14.359999656677246,14.350000381469727,14.354999542236328,2473
2026-09-30 14:53:00,1790794380,USAR,14.358599662780762,14.358599662780762,14.350000381469727,14.354999542236328,4224
2026-09-30 14:54:00,1790794440,USAR,14.350000381469727,14.354999542236328,14.34000015258789,14.354999542236328,14690
2026-09-30 14:55:00,1790794500,USAR,14.354999542236328,14.369999885559082,14.354999542236328,14.369999885559082,5960
2026-09-30 14:56:00,1790794560,USAR,14.364999771118164,14.36989974975586,14.359999656677246,14.364999771118164,6308
2026-09-30 14:57:00,1790794620,USAR,14.369999885559082,14.385000228881836,14.369999885559082,14.385000228881836,17499
2026-09-30 14:58:00,1790794680,USAR,14.385000228881836,14.399999618530273,14.385000228881836,14.394700050354004,28352
2026-09-30 14:59:00,1790794740,USAR,14.390000343322754,14.399999618530273,14.390000343322754,14.395000457763672,12394
2026-09-30 15:00:00,1790794800,USAR,14.399999618530273,14.399999618530273,14.364999771118164,14.369999885559082,12299
2026-09-30 15:01:00,1790794860,USAR,14.375,14.385000228881836,14.375,14.380000114440918,8385
2026-09-30 15:02:00,1790794920,USAR,14.380000114440918,14.380000114440918,14.369999885559082,14.375,8124
2026-09-30 15:03:00,1790794980,USAR,14.375,14.375,14.354999542236328,14.359999656677246,11077
2026-09-30 15:04:00,1790795040,USAR,14.354999542236328,14.354999542236328,14.350000381469727,14.350000381469727,7772
2026-09-30 15:05:00,1790795100,USAR,14.350000381469727,14.35990047454834,14.34000015258789,14.35990047454834,4059
2026-09-30 15:06:00,1790795160,USAR,14.35770034790039,14.35770034790039,14.350000381469727,14.350000381469727,3548
2026-09-30 15:07:00,1790795220,USAR,14.350000381469727,14.360099792480469,14.345000267028809,14.360099792480469,31056
2026-09-30 15:08:00,1790795280,USAR,14.364999771118164,14.3681001663208,14.359999656677246,14.364999771118164,6779
2026-09-30 15:09:00,1790795340,USAR,14.369999885559082,14.375,14.359999656677246,14.375,11040
2026-09-30 15:10:00,1790795400,USAR,14.370100021362305,14.380000114440918,14.369999885559082,14.369999885559082,9191
2026-09-30 15:11:00,1790795460,USAR,14.369999885559082,14.380000114440918,14.369999885559082,14.369999885559082,8081
2026-09-30 15:12:00,1790795520,USAR,14.364999771118164,14.364999771118164,14.359999656677246,14.364999771118164,9344
2026-09-30 15:13:00,1790795580,USAR,14.36709976196289,14.36709976196289,14.359999656677246,14.364999771118164,5369
2026-09-30 15:14:00,1790795640,USAR,14.364999771118164,14.369999885559082,14.359999656677246,14.369999885559082,7282
2026-09-30 15:15:00,1790795700,USAR,14.359999656677246,14.364999771118164,14.359999656677246,14.364999771118164,6391
2026-09-30 15:16:00,1790795760,USAR,14.359999656677246,14.359999656677246,14.350000381469727,14.350000381469727,8060
2026-09-30 15:17:00,1790795820,USAR,14.354999542236328,14.358599662780762,14.350000381469727,14.358599662780762,3155
2026-09-30 15:18:00,1790795880,USAR,14.354999542236328,14.359999656677246,14.34000015258789,14.359999656677246,24613
2026-09-30 15:19:00,1790795940,USAR,14.359999656677246,14.369999885559082,14.359999656677246,14.369999885559082,3200
2026-09-30 15:20:00,1790796000,USAR,14.369999885559082,14.369999885559082,14.350000381469727,14.350000381469727,12604
2026-09-30 15:21:00,1790796060,USAR,14.34000015258789,14.350000381469727,14.34000015258789,14.345000267028809,9592
2026-09-30 15:22:00,1790796120,USAR,14.34000015258789,14.34000015258789,14.320199966430664,14.320199966430664,23564
2026-09-30 15:23:00,1790796180,USAR,14.329999923706055,14.329999923706055,14.3149995803833,14.3149995803833,9077
2026-09-30 15:24:00,1790796240,USAR,14.3149995803833,14.3149995803833,14.3100004196167,14.3100004196167,5024
2026-09-30 15:25:00,1790796300,USAR,14.310099601745605,14.319999694824219,14.3100004196167,14.3149995803833,13788
2026-09-30 15:26:00,1790796360,USAR,14.3100004196167,14.3149995803833,14.291999816894531,14.291999816894531,38999
2026-09-30 15:27:00,1790796420,USAR,14.295000076293945,14.308500289916992,14.295000076293945,14.300000190734863,11689
2026-09-30 15:28:00,1790796480,USAR,14.305899620056152,14.305899620056152,14.289999961853027,14.29990005493164,11687
2026-09-30 15:29:00,1790796540,USAR,14.29990005493164,14.29990005493164,14.265000343322754,14.265000343322754,13693
2026-09-30 15:30:00,1790796600,USAR,14.265000343322754,14.279999732971191,14.260600090026855,14.274999618530273,23937
2026-09-30 15:31:00,1790796660,USAR,14.274999618530273,14.274999618530273,14.25,14.255000114440918,16238
2026-09-30 15:32:00,1790796720,USAR,14.260000228881836,14.279999732971191,14.260000228881836,14.260000228881836,33074
2026-09-30 15:33:00,1790796780,USAR,14.265000343322754,14.274999618530273,14.260000228881836,14.274999618530273,19357
2026-09-30 15:34:00,1790796840,USAR,14.274999618530273,14.274999618530273,14.255000114440918,14.255000114440918,21340
2026-09-30 15:35:00,1790796900,USAR,14.25,14.255000114440918,14.241999626159668,14.255000114440918,24710
2026-09-30 15:36:00,1790796960,USAR,14.255000114440918,14.260000228881836,14.255000114440918,14.255000114440918,6368
2026-09-30 15:37:00,1790797020,USAR,14.260000228881836,14.260000228881836,14.220000267028809,14.225000381469727,16733
2026-09-30 15:38:00,1790797080,USAR,14.221699714660645,14.225000381469727,14.21500015258789,14.220800399780273,23879
2026-09-30 15:39:00,1790797140,USAR,14.220000267028809,14.239999771118164,14.220000267028809,14.234999656677246,21676
2026-09-30 15:40:00,1790797200,USAR,14.234999656677246,14.234999656677246,14.222000122070312,14.226699829101562,14844
2026-09-30 15:41:00,1790797260,USAR,14.225000381469727,14.234999656677246,14.220000267028809,14.225000381469727,19671
2026-09-30 15:42:00,1790797320,USAR,14.220000267028809,14.225000381469727,14.210000038146973,14.21500015258789,17024
2026-09-30 15:43:00,1790797380,USAR,14.220000267028809,14.220000267028809,14.210000038146973,14.220000267028809,12141
2026-09-30 15:44:00,1790797440,USAR,14.220000267028809,14.225000381469727,14.210000038146973,14.225000381469727,110511
2026-09-30 15:45:00,1790797500,USAR,14.225000381469727,14.229900360107422,14.210000038146973,14.210700035095215,48959
2026-09-30 15:46:00,1790797560,USAR,14.210000038146973,14.220000267028809,14.210000038146973,14.210000038146973,18772
2026-09-30 15:47:00,1790797620,USAR,14.219900131225586,14.220000267028809,14.199999809265137,14.204999923706055,23194
2026-09-30 15:48:00,1790797680,USAR,14.199999809265137,14.220000267028809,14.199999809265137,14.204999923706055,25756
2026-09-30 15:49:00,1790797740,USAR,14.204999923706055,14.20989990234375,14.1899995803833,14.199999809265137,26958
2026-09-30 15:50:00,1790797800,USAR,14.199999809265137,14.199999809265137,14.164999961853027,14.164999961853027,39788
2026-09-30 15:51:00,1790797860,USAR,14.170000076293945,14.1850004196167,14.170000076293945,14.1850004196167,35301
2026-09-30 15:52:00,1790797920,USAR,14.1850004196167,14.1850004196167,14.170000076293945,14.170000076293945,21519
2026-09-30 15:53:00,1790797980,USAR,14.175000190734863,14.1899995803833,14.170000076293945,14.170000076293945,54552
2026-09-30 15:54:00,1790798040,USAR,14.170000076293945,14.1850004196167,14.119999885559082,14.149999618530273,83257
2026-09-30 15:55:00,1790798100,USAR,14.140000343322754,14.145000457763672,14.079999923706055,14.104999542236328,166882
2026-09-30 15:56:00,1790798160,USAR,14.104999542236328,14.114999771118164,14.09000015258789,14.104999542236328,97921
2026-09-30 15:57:00,1790798220,USAR,14.100000381469727,14.119999885559082,14.095000267028809,14.109999656677246,80595
2026-09-30 15:58:00,1790798280,USAR,14.109999656677246,14.11989974975586,14.095000267028809,14.104999542236328,157234
2026-09-30 15:59:00,1790798340,USAR,14.104999542236328,14.109999656677246,14.0649995803833,14.085000038146973,337139
2026-09-30 16:00:00,1790798400,USAR,14.079999923706055,14.079999923706055,14.079999923706055,14.079999923706055,0
2026-10-01 09:30:00,1790861400,USAR,14.085000038146973,14.199999809265137,14.0649995803833,14.091500282287598,696825
2026-10-01 09:31:00,1790861460,USAR,14.09000015258789,14.105500221252441,14.020000457763672,14.020000457763672,41323
2026-10-01 09:32:00,1790861520,USAR,14.015000343322754,14.100000381469727,14.010000228881836,14.069999694824219,52781
2026-10-01 09:33:00,1790861580,USAR,14.069999694824219,14.119999885559082,14.039999961853027,14.045000076293945,57650
2026-10-01 09:34:00,1790861640,USAR,14.045000076293945,14.045000076293945,13.930100440979004,13.960000038146973,148895
2026-10-01 09:35:00,1790861700,USAR,13.949999809265137,13.956600189208984,13.880000114440918,13.914999961853027,61687
2026-10-01 09:36:00,1790861760,USAR,13.919899940490723,13.920000076293945,13.859999656677246,13.859999656677246,109649
2026-10-01 09:37:00,1790861820,USAR,13.864999771118164,13.874899864196777,13.84000015258789,13.869999885559082,48087
2026-10-01 09:38:00,1790861880,USAR,13.869999885559082,13.88010025024414,13.84000015258789,13.859700202941895,38320
2026-10-01 09:39:00,1790861940,USAR,13.854999542236328,13.864999771118164,13.829999923706055,13.858799934387207,47812
2026-10-01 09:40:00,1790862000,USAR,13.864999771118164,13.864999771118164,13.805000305175781,13.8100004196167,78060
2026-10-01 09:41:00,1790862060,USAR,13.8100004196167,13.8100004196167,13.760000228881836,13.774999618530273,94232
2026-10-01 09:42:00,1790862120,USAR,13.774999618530273,13.780099868774414,13.704999923706055,13.710000038146973,86769
2026-10-01 09:43:00,1790862180,USAR,13.71500015258789,13.75,13.710000038146973,13.729999542236328,133252
2026-10-01 09:44:00,1790862240,USAR,13.720000267028809,13.75,13.71500015258789,13.728599548339844,52786
2026-10-01 09:45:00,1790862300,USAR,13.725000381469727,13.734999656677246,13.680100440979004,13.6850004196167,61157
2026-10-01 09:46:00,1790862360,USAR,13.6850004196167,13.689000129699707,13.610300064086914,13.614999771118164,104800
2026-10-01 09:47:00,1790862420,USAR,13.619999885559082,13.654999732971191,13.610099792480469,13.645000457763672,103823
2026-10-01 09:48:00,1790862480,USAR,13.645000457763672,13.649999618530273,13.609999656677246,13.648599624633789,49151
2026-10-01 09:49:00,1790862540,USAR,13.640000343322754,13.65999984741211,13.630000114440918,13.65999984741211,103394
2026-10-01 09:50:00,1790862600,USAR,13.670000076293945,13.710000038146973,13.670000076293945,13.6850004196167,47750
2026-10-01 09:51:00,1790862660,USAR,13.6899995803833,13.6899995803833,13.664999961853027,13.675000190734863,39821
2026-10-01 09:52:00,1790862720,USAR,13.680000305175781,13.739999771118164,13.670000076293945,13.734999656677246,65030
2026-10-01 09:53:00,1790862780,USAR,13.734999656677246,13.76550006866455,13.710000038146973,13.755000114440918,75052
2026-10-01 09:54:00,1790862840,USAR,13.755000114440918,13.78499984741211,13.710100173950195,13.725000381469727,59865
2026-10-01 09:55:00,1790862900,USAR,13.725000381469727,13.755000114440918,13.720000267028809,13.725000381469727,25969
2026-10-01 09:56:00,1790862960,USAR,13.729999542236328,13.744999885559082,13.710000038146973,13.73859977722168,80077
2026-10-01 09:57:00,1790863020,USAR,13.739999771118164,13.78499984741211,13.734999656677246,13.760100364685059,40732
2026-10-01 09:58:00,1790863080,USAR,13.765000343322754,13.765000343322754,13.734999656677246,13.755000114440918,21510
2026-10-01 09:59:00,1790863140,USAR,13.755000114440918,13.765000343322754,13.739999771118164,13.746600151062012,27760
2026-10-01 10:00:00,1790863200,USAR,13.739999771118164,13.760000228881836,13.680000305175781,13.692700386047363,48926
2026-10-01 10:01:00,1790863260,USAR,13.6850004196167,13.694999694824219,13.670000076293945,13.675000190734863,26664
2026-10-01 10:02:00,1790863320,USAR,13.675000190734863,13.675000190734863,13.635000228881836,13.664999961853027,61695
2026-10-01 10:03:00,1790863380,USAR,13.670000076293945,13.699999809265137,13.668000221252441,13.694999694824219,47531
2026-10-01 10:04:00,1790863440,USAR,13.699999809265137,13.72029972076416,13.649999618530273,13.65999984741211,72844
2026-10-01 10:05:00,1790863500,USAR,13.649999618530273,13.65999984741211,13.630000114440918,13.645000457763672,40642
2026-10-01 10:06:00,1790863560,USAR,13.649999618530273,13.65999984741211,13.635000228881836,13.65999984741211,40120
2026-10-01 10:07:00,1790863620,USAR,13.664999961853027,13.704999923706055,13.65999984741211,13.680100440979004,35947
2026-10-01 10:08:00,1790863680,USAR,13.6850004196167,13.720000267028809,13.670000076293945,13.699999809265137,53237
2026-10-01 10:09:00,1790863740,USAR,13.710000038146973,13.71720027923584,13.6850004196167,13.710000038146973,24742
2026-10-01 10:10:00,1790863800,USAR,13.704999923706055,13.710000038146973,13.6850004196167,13.694999694824219,29197
2026-10-01 10:11:00,1790863860,USAR,13.694999694824219,13.719900131225586,13.6899995803833,13.69729995727539,33353
2026-10-01 10:12:00,1790863920,USAR,13.694999694824219,13.710000038146973,13.690099716186523,13.694999694824219,14991
2026-10-01 10:13:00,1790863980,USAR,13.6899995803833,13.704999923706055,13.6850004196167,13.699600219726562,22835
2026-10-01 10:14:00,1790864040,USAR,13.6899995803833,13.699899673461914,13.65999984741211,13.690099716186523,25544
2026-10-01 10:15:00,1790864100,USAR,13.699999809265137,13.729900360107422,13.694999694824219,13.696200370788574,32509
2026-10-01 10:16:00,1790864160,USAR,13.694999694824219,13.720000267028809,13.694999694824219,13.710000038146973,28537
2026-10-01 10:17:00,1790864220,USAR,13.71500015258789,13.734999656677246,13.704999923706055,13.709799766540527,20936
2026-10-01 10:18:00,1790864280,USAR,13.704999923706055,13.704999923706055,13.670100212097168,13.680000305175781,23740
2026-10-01 10:19:00,1790864340,USAR,13.675000190734863,13.680000305175781,13.645000457763672,13.649999618530273,31709
2026-10-01 10:20:00,1790864400,USAR,13.654999732971191,13.6850004196167,13.649999618530273,13.6850004196167,35144
2026-10-01 10:21:00,1790864460,USAR,13.6850004196167,13.699999809265137,13.65999984741211,13.65999984741211,31393
2026-10-01 10:22:00,1790864520,USAR,13.65999984741211,13.65999984741211,13.609999656677246,13.619999885559082,40519
2026-10-01 10:23:00,1790864580,USAR,13.619999885559082,13.630000114440918,13.579999923706055,13.619999885559082,153285
2026-10-01 10:24:00,1790864640,USAR,13.619999885559082,13.629899978637695,13.610099792480469,13.619999885559082,26926
2026-10-01 10:25:00,1790864700,USAR,13.625,13.654999732971191,13.625,13.649999618530273,19912
2026-10-01 10:26:00,1790864760,USAR,13.65999984741211,13.680000305175781,13.649499893188477,13.680000305175781,28470
2026-10-01 10:27:00,1790864820,USAR,13.6850004196167,13.699999809265137,13.680000305175781,13.6850004196167,20895
2026-10-01 10:28:00,1790864880,USAR,13.6850004196167,13.6850004196167,13.654999732971191,13.675000190734863,28356
2026-10-01 10:29:00,1790864940,USAR,13.675000190734863,13.689900398254395,13.654999732971191,13.654999732971191,22051
2026-10-01 10:30:00,1790865000,USAR,13.649999618530273,13.6850004196167,13.649999618530273,13.675000190734863,26650
2026-10-01 10:31:00,1790865060,USAR,13.670000076293945,13.710000038146973,13.670000076293945,13.699999809265137,26515
2026-10-01 10:32:00,1790865120,USAR,13.694999694824219,13.734999656677246,13.6899995803833,13.725000381469727,63421
2026-10-01 10:33:00,1790865180,USAR,13.725000381469727,13.76990032196045,13.725000381469727,13.744999885559082,31275
2026-10-01 10:34:00,1790865240,USAR,13.749899864196777,13.765000343322754,13.6899995803833,13.760000228881836,146619
2026-10-01 10:35:00,1790865300,USAR,13.75,13.75,13.720000267028809,13.734999656677246,19545
2026-10-01 10:36:00,1790865360,USAR,13.734999656677246,13.749899864196777,13.720000267028809,13.720000267028809,42879
2026-10-01 10:37:00,1790865420,USAR,13.715700149536133,13.720000267028809,13.680000305175781,13.680000305175781,35390
2026-10-01 10:38:00,1790865480,USAR,13.680000305175781,13.704999923706055,13.675000190734863,13.704999923706055,28378
2026-10-01 10:39:00,1790865540,USAR,13.700400352478027,13.725000381469727,13.700400352478027,13.71500015258789,26795
2026-10-01 10:40:00,1790865600,USAR,13.71500015258789,13.729499816894531,13.704999923706055,13.729499816894531,20497
2026-10-01 10:41:00,1790865660,USAR,13.720000267028809,13.720000267028809,13.675000190734863,13.680000305175781,27325
2026-10-01 10:42:00,1790865720,USAR,13.6850004196167,13.704999923706055,13.6850004196167,13.6850004196167,40944
2026-10-01 10:43:00,1790865780,USAR,13.6850004196167,13.704999923706055,13.680000305175781,13.694999694824219,17718
2026-10-01 10:44:00,1790865840,USAR,13.694999694824219,13.699999809265137,13.6850004196167,13.689800262451172,17682
2026-10-01 10:45:00,1790865900,USAR,13.680000305175781,13.694999694824219,13.664999961853027,13.694999694824219,41065
2026-10-01 10:46:00,1790865960,USAR,13.6899995803833,13.699999809265137,13.649999618530273,13.649999618530273,31447
2026-10-01 10:47:00,1790866020,USAR,13.654999732971191,13.669899940490723,13.640000343322754,13.645000457763672,18930
2026-10-01 10:48:00,1790866080,USAR,13.645000457763672,13.645000457763672,13.59000015258789,13.595000267028809,270153
2026-10-01 10:49:00,1790866140,USAR,13.59000015258789,13.609999656677246,13.59000015258789,13.604999542236328,19232
2026-10-01 10:50:00,1790866200,USAR,13.604999542236328,13.614999771118164,13.59000015258789,13.600000381469727,25544
2026-10-01 10:51:00,1790866260,USAR,13.604999542236328,13.619999885559082,13.585000038146973,13.59000015258789,79916
2026-10-01 10:52:00,1790866320,USAR,13.599900245666504,13.599900245666504,13.5600004196167,13.5649995803833,56718
2026-10-01 10:53:00,1790866380,USAR,13.5649995803833,13.604999542236328,13.557999610900879,13.5600004196167,52669
2026-10-01 10:54:00,1790866440,USAR,13.5600004196167,13.579999923706055,13.545000076293945,13.569999694824219,183853
2026-10-01 10:55:00,1790866500,USAR,13.5649995803833,13.600000381469727,13.5649995803833,13.600000381469727,19474
2026-10-01 10:56:00,1790866560,USAR,13.595000267028809,13.609999656677246,13.595000267028809,13.595000267028809,16560
2026-10-01 10:57:00,1790866620,USAR,13.595000267028809,13.619999885559082,13.59000015258789,13.614999771118164,21396
2026-10-01 10:58:00,1790866680,USAR,13.614999771118164,13.675000190734863,13.589900016784668,13.595000267028809,102424
2026-10-01 10:59:00,1790866740,USAR,13.595000267028809,13.604999542236328,13.579999923706055,13.600000381469727,48474
2026-10-01 11:00:00,1790866800,USAR,13.600000381469727,13.604999542236328,13.579999923706055,13.585000038146973,14655
2026-10-01 11:01:00,1790866860,USAR,13.574999809265137,13.574999809265137,13.555000305175781,13.555899620056152,25186
2026-10-01 11:02:00,1790866920,USAR,13.550100326538086,13.585000038146973,13.550100326538086,13.574999809265137,21381
2026-10-01 11:03:00,1790866980,USAR,13.570099830627441,13.600000381469727,13.570099830627441,13.595000267028809,17907
2026-10-01 11:04:00,1790867040,USAR,13.59000015258789,13.595000267028809,13.569999694824219,13.569999694824219,15172
2026-10-01 11:05:00,1790867100,USAR,13.569999694824219,13.579999923706055,13.5649995803833,13.5649995803833,7907
2026-10-01 11:06:00,1790867160,USAR,13.569899559020996,13.569899559020996,13.555000305175781,13.559900283813477,15232
2026-10-01 11:07:00,1790867220,USAR,13.555000305175781,13.5649995803833,13.550000190734863,13.555000305175781,28639
2026-10-01 11:08:00,1790867280,USAR,13.550000190734863,13.550000190734863,13.520000457763672,13.545000076293945,50630
2026-10-01 11:09:00,1790867340,USAR,13.548600196838379,13.5600004196167,13.510000228881836,13.520000457763672,66487
2026-10-01 11:10:00,1790867400,USAR,13.520000457763672,13.53499984741211,13.510000228881836,13.53499984741211,23689
2026-10-01 11:11:00,1790867460,USAR,13.53499984741211,13.545100212097168,13.524999618530273,13.545100212097168,31054
2026-10-01 11:12:00,1790867520,USAR,13.539999961853027,13.539999961853027,13.520000457763672,13.53499984741211,16450
2026-10-01 11:13:00,1790867580,USAR,13.539999961853027,13.574999809265137,13.539999961853027,13.555000305175781,31197
2026-10-01 11:14:00,1790867640,USAR,13.555000305175781,13.574999809265137,13.555000305175781,13.569999694824219,14443
2026-10-01 11:15:00,1790867700,USAR,13.5649995803833,13.569999694824219,13.529999732971191,13.545000076293945,87206
2026-10-01 11:16:00,1790867760,USAR,13.545000076293945,13.550000190734863,13.530099868774414,13.53499984741211,11295
2026-10-01 11:17:00,1790867820,USAR,13.539899826049805,13.550000190734863,13.529999732971191,13.550000190734863,10858
2026-10-01 11:18:00,1790867880,USAR,13.555000305175781,13.555000305175781,13.524999618530273,13.53499984741211,25021
2026-10-01 11:19:00,1790867940,USAR,13.529999732971191,13.569999694824219,13.529999732971191,13.5649995803833,13982
2026-10-01 11:20:00,1790868000,USAR,13.5649995803833,13.569999694824219,13.541500091552734,13.550000190734863,38587
2026-10-01 11:21:00,1790868060,USAR,13.555000305175781,13.579999923706055,13.555000305175781,13.574999809265137,21580
2026-10-01 11:22:00,1790868120,USAR,13.579999923706055,13.585000038146973,13.574999809265137,13.574999809265137,16221
2026-10-01 11:23:00,1790868180,USAR,13.569999694824219,13.589900016784668,13.569999694824219,13.579999923706055,10614
2026-10-01 11:24:00,1790868240,USAR,13.581500053405762,13.585000038146973,13.569999694824219,13.57229995727539,19416
2026-10-01 11:25:00,1790868300,USAR,13.569999694824219,13.57859992980957,13.5600004196167,13.574999809265137,16627
2026-10-01 11:26:00,1790868360,USAR,13.574999809265137,13.579899787902832,13.5649995803833,13.574999809265137,13860
2026-10-01 11:27:00,1790868420,USAR,13.579999923706055,13.59000015258789,13.569999694824219,13.581000328063965,37018
2026-10-01 11:28:00,1790868480,USAR,13.575799942016602,13.575799942016602,13.545000076293945,13.547499656677246,17507
2026-10-01 11:29:00,1790868540,USAR,13.545000076293945,13.550000190734863,13.529999732971191,13.545000076293945,18051
2026-10-01 11:30:00,1790868600,USAR,13.53499984741211,13.545000076293945,13.524999618530273,13.538599967956543,26347
2026-10-01 11:31:00,1790868660,USAR,13.53499984741211,13.545000076293945,13.524999618530273,13.539999961853027,16727
2026-10-01 11:32:00,1790868720,USAR,13.53499984741211,13.539999961853027,13.524999618530273,13.53499984741211,16521
2026-10-01 11:33:00,1790868780,USAR,13.53499984741211,13.53499984741211,13.511500358581543,13.515000343322754,17027
2026-10-01 11:34:00,1790868840,USAR,13.515000343322754,13.51990032196045,13.484999656677246,13.494999885559082,200555
2026-10-01 11:35:00,1790868900,USAR,13.5,13.5,13.471500396728516,13.479999542236328,57097
2026-10-01 11:36:00,1790868960,USAR,13.489999771118164,13.529999732971191,13.484999656677246,13.529999732971191,37866
2026-10-01 11:37:00,1790869020,USAR,13.524999618530273,13.529999732971191,13.515000343322754,13.524999618530273,23555
2026-10-01 11:38:00,1790869080,USAR,13.529999732971191,13.549699783325195,13.520000457763672,13.549699783325195,46040
2026-10-01 11:39:00,1790869140,USAR,13.541500091552734,13.5600004196167,13.539999961853027,13.54990005493164,28353
2026-10-01 11:40:00,1790869200,USAR,13.550000190734863,13.555000305175781,13.539999961853027,13.545000076293945,17902
2026-10-01 11:41:00,1790869260,USAR,13.545000076293945,13.545000076293945,13.515000343322754,13.520000457763672,49444
2026-10-01 11:42:00,1790869320,USAR,13.529999732971191,13.545000076293945,13.529999732971191,13.545000076293945,10572
2026-10-01 11:43:00,1790869380,USAR,13.54990005493164,13.550000190734863,13.53499984741211,13.53499984741211,12224
2026-10-01 11:44:00,1790869440,USAR,13.53499984741211,13.538599967956543,13.520000457763672,13.524999618530273,16154
2026-10-01 11:45:00,1790869500,USAR,13.524999618530273,13.524999618530273,13.515000343322754,13.524999618530273,15804
2026-10-01 11:46:00,1790869560,USAR,13.524999618530273,13.524999618530273,13.505000114440918,13.505000114440918,8875
2026-10-01 11:47:00,1790869620,USAR,13.510000228881836,13.515000343322754,13.5,13.510100364685059,13871
2026-10-01 11:48:00,1790869680,USAR,13.515000343322754,13.545000076293945,13.515000343322754,13.53499984741211,34311
2026-10-01 11:49:00,1790869740,USAR,13.529999732971191,13.53499984741211,13.5,13.515000343322754,79487
2026-10-01 11:50:00,1790869800,USAR,13.515000343322754,13.524999618530273,13.510000228881836,13.515000343322754,14866
2026-10-01 11:51:00,1790869860,USAR,13.51140022277832,13.524999618530273,13.505000114440918,13.51990032196045,19120
2026-10-01 11:52:00,1790869920,USAR,13.520000457763672,13.53279972076416,13.515000343322754,13.53279972076416,12690
2026-10-01 11:53:00,1790869980,USAR,13.53499984741211,13.539999961853027,13.520000457763672,13.529999732971191,16444
2026-10-01 11:54:00,1790870040,USAR,13.524999618530273,13.5649995803833,13.524999618530273,13.545000076293945,24455
2026-10-01 11:55:00,1790870100,USAR,13.545000076293945,13.555000305175781,13.529999732971191,13.555000305175781,25524
2026-10-01 11:56:00,1790870160,USAR,13.555000305175781,13.600000381469727,13.555000305175781,13.574999809265137,98319
2026-10-01 11:57:00,1790870220,USAR,13.569999694824219,13.595000267028809,13.5649995803833,13.585000038146973,8757
2026-10-01 11:58:00,1790870280,USAR,13.59000015258789,13.59000015258789,13.560099601745605,13.574999809265137,63107
2026-10-01 11:59:00,1790870340,USAR,13.574999809265137,13.585000038146973,13.574999809265137,13.579999923706055,14165
2026-10-01 12:00:00,1790870400,USAR,13.579999923706055,13.59000015258789,13.5649995803833,13.59000015258789,15780
2026-10-01 12:01:00,1790870460,USAR,13.585000038146973,13.595000267028809,13.579999923706055,13.595000267028809,11293
2026-10-01 12:02:00,1790870520,USAR,13.595000267028809,13.635000228881836,13.595000267028809,13.625,75943
2026-10-01 12:03:00,1790870580,USAR,13.629899978637695,13.630000114440918,13.619999885559082,13.625,20269
2026-10-01 12:04:00,1790870640,USAR,13.625,13.649999618530273,13.625,13.645000457763672,43338
2026-10-01 12:05:00,1790870700,USAR,13.649999618530273,13.65999984741211,13.645000457763672,13.645000457763672,19317
2026-10-01 12:06:00,1790870760,USAR,13.643099784851074,13.670000076293945,13.640000343322754,13.657099723815918,27895
2026-10-01 12:07:00,1790870820,USAR,13.654999732971191,13.654999732971191,13.612500190734863,13.614999771118164,18151
2026-10-01 12:08:00,1790870880,USAR,13.61989974975586,13.630000114440918,13.609999656677246,13.614999771118164,16470
2026-10-01 12:09:00,1790870940,USAR,13.614999771118164,13.614999771118164,13.579999923706055,13.595000267028809,34820
2026-10-01 12:10:00,1790871000,USAR,13.59000015258789,13.61989974975586,13.59000015258789,13.604999542236328,26722
2026-10-01 12:11:00,1790871060,USAR,13.604999542236328,13.604999542236328,13.59000015258789,13.598199844360352,12074
2026-10-01 12:12:00,1790871120,USAR,13.595000267028809,13.600000381469727,13.579999923706055,13.585000038146973,7348
2026-10-01 12:13:00,1790871180,USAR,13.579999923706055,13.585000038146973,13.569999694824219,13.569999694824219,10494
2026-10-01 12:14:00,1790871240,USAR,13.579899787902832,13.579899787902832,13.5600004196167,13.574999809265137,30059
2026-10-01 12:15:00,1790871300,USAR,13.570099830627441,13.585000038146973,13.569999694824219,13.579999923706055,8505
2026-10-01 12:16:00,1790871360,USAR,13.587200164794922,13.59000015258789,13.574999809265137,13.59000015258789,24008
2026-10-01 12:17:00,1790871420,USAR,13.595000267028809,13.609999656677246,13.590100288391113,13.609999656677246,10373
2026-10-01 12:18:00,1790871480,USAR,13.619999885559082,13.639800071716309,13.619999885559082,13.635000228881836,9089
2026-10-01 12:19:00,1790871540,USAR,13.630000114440918,13.640000343322754,13.619999885559082,13.635000228881836,22448
2026-10-01 12:20:00,1790871600,USAR,13.635000228881836,13.640000343322754,13.625,13.635000228881836,11949
2026-10-01 12:21:00,1790871660,USAR,13.635000228881836,13.645000457763672,13.635000228881836,13.639800071716309,16164
2026-10-01 12:22:00,1790871720,USAR,13.635000228881836,13.664999961853027,13.635000228881836,13.654999732971191,13431
2026-10-01 12:23:00,1790871780,USAR,13.659899711608887,13.659899711608887,13.635000228881836,13.647299766540527,6942
2026-10-01 12:24:00,1790871840,USAR,13.645000457763672,13.654999732971191,13.645000457763672,13.645000457763672,10571
2026-10-01 12:25:00,1790871900,USAR,13.649499893188477,13.649999618530273,13.635000228881836,13.645000457763672,16721
2026-10-01 12:26:00,1790871960,USAR,13.645000457763672,13.65999984741211,13.645000457763672,13.654999732971191,7842
2026-10-01 12:27:00,1790872020,USAR,13.649999618530273,13.649999618530273,13.640000343322754,13.640000343322754,10579
2026-10-01 12:28:00,1790872080,USAR,13.630000114440918,13.635000228881836,13.630000114440918,13.635000228881836,7019
2026-10-01 12:29:00,1790872140,USAR,13.640000343322754,13.649999618530273,13.630000114440918,13.630000114440918,22277
2026-10-01 12:30:00,1790872200,USAR,13.630000114440918,13.649999618530273,13.625,13.641799926757812,11064
2026-10-01 12:31:00,1790872260,USAR,13.649999618530273,13.661999702453613,13.649999618530273,13.654999732971191,9524
2026-10-01 12:32:00,1790872320,USAR,13.657999992370605,13.670000076293945,13.654999732971191,13.670000076293945,19113
2026-10-01 12:33:00,1790872380,USAR,13.660200119018555,13.699999809265137,13.660200119018555,13.694999694824219,19512
2026-10-01 12:34:00,1790872440,USAR,13.694999694824219,13.71500015258789,13.6850004196167,13.71500015258789,25989
2026-10-01 12:35:00,1790872500,USAR,13.719799995422363,13.75,13.719799995422363,13.744999885559082,20557
2026-10-01 12:36:00,1790872560,USAR,13.744999885559082,13.760000228881836,13.734999656677246,13.755000114440918,22362
2026-10-01 12:37:00,1790872620,USAR,13.760000228881836,13.760000228881836,13.725000381469727,13.734999656677246,41320
2026-10-01 12:38:00,1790872680,USAR,13.734999656677246,13.736100196838379,13.704999923706055,13.704999923706055,14499
2026-10-01 12:39:00,1790872740,USAR,13.709799766540527,13.70989990234375,13.699999809265137,13.708000183105469,6684
2026-10-01 12:40:00,1790872800,USAR,13.710000038146973,13.71500015258789,13.699999809265137,13.699999809265137,16087
2026-10-01 12:41:00,1790872860,USAR,13.704999923706055,13.708600044250488,13.680000305175781,13.680000305175781,18368
2026-10-01 12:42:00,1790872920,USAR,13.6850004196167,13.704999923706055,13.6850004196167,13.694999694824219,8783
2026-10-01 12:43:00,1790872980,USAR,13.699999809265137,13.719900131225586,13.699999809265137,13.71500015258789,5149
2026-10-01 12:44:00,1790873040,USAR,13.710000038146973,13.71500015258789,13.699999809265137,13.710000038146973,8761
2026-10-01 12:45:00,1790873100,USAR,13.710000038146973,13.71500015258789,13.699999809265137,13.699999809265137,5246
2026-10-01 12:46:00,1790873160,USAR,13.704999923706055,13.734999656677246,13.704999923706055,13.734999656677246,21731
2026-10-01 12:47:00,1790873220,USAR,13.734999656677246,13.755000114440918,13.73390007019043,13.754500389099121,109062
2026-10-01 12:48:00,1790873280,USAR,13.755000114440918,13.767999649047852,13.755000114440918,13.765000343322754,8675
2026-10-01 12:49:00,1790873340,USAR,13.760000228881836,13.770000457763672,13.760000228881836,13.765000343322754,29301
2026-10-01 12:50:00,1790873400,USAR,13.770000457763672,13.78499984741211,13.76990032196045,13.78499984741211,23246
2026-10-01 12:51:00,1790873460,USAR,13.78499984741211,13.78499984741211,13.744999885559082,13.744999885559082,16286
2026-10-01 12:52:00,1790873520,USAR,13.75,13.75,13.739999771118164,13.744999885559082,21280
2026-10-01 12:53:00,1790873580,USAR,13.744999885559082,13.760000228881836,13.739999771118164,13.755000114440918,10040
2026-10-01 12:54:00,1790873640,USAR,13.755000114440918,13.755000114440918,13.729999542236328,13.739999771118164,24797
2026-10-01 12:55:00,1790873700,USAR,13.744999885559082,13.744999885559082,13.729999542236328,13.729999542236328,7801
2026-10-01 12:56:00,1790873760,USAR,13.734999656677246,13.744999885559082,13.729999542236328,13.734999656677246,13742
2026-10-01 12:57:00,1790873820,USAR,13.739899635314941,13.744999885559082,13.73009967803955,13.744999885559082,7059
2026-10-01 12:58:00,1790873880,USAR,13.75,13.75,13.744999885559082,13.744999885559082,6725
2026-10-01 12:59:00,1790873940,USAR,13.744999885559082,13.770000457763672,13.741399765014648,13.760499954223633,21159
2026-10-01 13:00:00,1790874000,USAR,13.760000228881836,13.765000343322754,13.739999771118164,13.755000114440918,26631
2026-10-01 13:01:00,1790874060,USAR,13.750200271606445,13.770000457763672,13.75,13.760000228881836,19557
2026-10-01 13:02:00,1790874120,USAR,13.770000457763672,13.795000076293945,13.76990032196045,13.795000076293945,15593
2026-10-01 13:03:00,1790874180,USAR,13.795000076293945,13.795000076293945,13.765000343322754,13.770000457763672,11554
2026-10-01 13:04:00,1790874240,USAR,13.770000457763672,13.805000305175781,13.770000457763672,13.800100326538086,23674
2026-10-01 13:05:00,1790874300,USAR,13.805000305175781,13.8149995803833,13.795000076293945,13.800000190734863,19716
2026-10-01 13:06:00,1790874360,USAR,13.809800148010254,13.8100004196167,13.79010009765625,13.805000305175781,17753
2026-10-01 13:07:00,1790874420,USAR,13.805000305175781,13.8100004196167,13.779999732971191,13.789899826049805,11667
2026-10-01 13:08:00,1790874480,USAR,13.789999961853027,13.829000473022461,13.789999961853027,13.800000190734863,21737
2026-10-01 13:09:00,1790874540,USAR,13.789199829101562,13.789999961853027,13.770000457763672,13.779999732971191,13656
2026-10-01 13:10:00,1790874600,USAR,13.779899597167969,13.789999961853027,13.779899597167969,13.789999961853027,9186
2026-10-01 13:11:00,1790874660,USAR,13.78499984741211,13.789999961853027,13.779999732971191,13.789999961853027,12413
2026-10-01 13:12:00,1790874720,USAR,13.78499984741211,13.789899826049805,13.774999618530273,13.774999618530273,10066
2026-10-01 13:13:00,1790874780,USAR,13.77869987487793,13.779899597167969,13.760000228881836,13.779899597167969,16639
2026-10-01 13:14:00,1790874840,USAR,13.774999618530273,13.78499984741211,13.770000457763672,13.774999618530273,9966
2026-10-01 13:15:00,1790874900,USAR,13.774999618530273,13.795000076293945,13.774999618530273,13.789999961853027,8590
2026-10-01 13:16:00,1790874960,USAR,13.789999961853027,13.824999809265137,13.789999961853027,13.819999694824219,20864
2026-10-01 13:17:00,1790875020,USAR,13.8100004196167,13.8149995803833,13.805000305175781,13.805000305175781,6604
2026-10-01 13:18:00,1790875080,USAR,13.805000305175781,13.805000305175781,13.795000076293945,13.805000305175781,8096
2026-10-01 13:19:00,1790875140,USAR,13.808300018310547,13.828700065612793,13.805000305175781,13.819999694824219,14371
2026-10-01 13:20:00,1790875200,USAR,13.829999923706055,13.864999771118164,13.829999923706055,13.864999771118164,23936
2026-10-01 13:21:00,1790875260,USAR,13.864999771118164,13.864999771118164,13.840100288391113,13.850000381469727,46980
2026-10-01 13:22:00,1790875320,USAR,13.854999542236328,13.859999656677246,13.850000381469727,13.854999542236328,8553
2026-10-01 13:23:00,1790875380,USAR,13.859999656677246,13.869999885559082,13.859999656677246,13.859999656677246,7909
2026-10-01 13:24:00,1790875440,USAR,13.859999656677246,13.899999618530273,13.859999656677246,13.895000457763672,24123
2026-10-01 13:25:00,1790875500,USAR,13.899999618530273,13.9399995803833,13.899999618530273,13.9399995803833,25229
2026-10-01 13:26:00,1790875560,USAR,13.944999694824219,13.949999809265137,13.930100440979004,13.949999809265137,23883
2026-10-01 13:27:00,1790875620,USAR,13.949999809265137,13.960000038146973,13.944999694824219,13.949999809265137,23222
2026-10-01 13:28:00,1790875680,USAR,13.95009994506836,13.96500015258789,13.95009994506836,13.95989990234375,30130
2026-10-01 13:29:00,1790875740,USAR,13.949999809265137,13.960000038146973,13.9399995803833,13.944999694824219,24427
2026-10-01 13:30:00,1790875800,USAR,13.949999809265137,14.039999961853027,13.949999809265137,14.005000114440918,131682
2026-10-01 13:31:00,1790875860,USAR,14.005000114440918,14.015000343322754,13.979999542236328,13.998499870300293,34879
2026-10-01 13:32:00,1790875920,USAR,14.0,14.015000343322754,13.960000038146973,13.975000381469727,40960
2026-10-01 13:33:00,1790875980,USAR,13.970000267028809,13.975000381469727,13.9399995803833,13.954999923706055,25078
2026-10-01 13:34:00,1790876040,USAR,13.960000038146973,13.970000267028809,13.944999694824219,13.953300476074219,13453
2026-10-01 13:35:00,1790876100,USAR,13.95009994506836,13.968600273132324,13.925000190734863,13.925000190734863,16291
2026-10-01 13:36:00,1790876160,USAR,13.910099983215332,13.920000076293945,13.899999618530273,13.904999732971191,20546
2026-10-01 13:37:00,1790876220,USAR,13.904999732971191,13.904999732971191,13.885000228881836,13.890000343322754,26166
2026-10-01 13:38:00,1790876280,USAR,13.899999618530273,13.904999732971191,13.875,13.875,15216
2026-10-01 13:39:00,1790876340,USAR,13.880000114440918,13.885000228881836,13.859999656677246,13.869999885559082,13411
2026-10-01 13:40:00,1790876400,USAR,13.87030029296875,13.879899978637695,13.860400199890137,13.860400199890137,13609
2026-10-01 13:41:00,1790876460,USAR,13.859999656677246,13.890000343322754,13.850000381469727,13.890000343322754,14548
2026-10-01 13:42:00,1790876520,USAR,13.890000343322754,13.890000343322754,13.875,13.875,9156
2026-10-01 13:43:00,1790876580,USAR,13.880000114440918,13.899999618530273,13.869999885559082,13.895000457763672,10997
2026-10-01 13:44:00,1790876640,USAR,13.899999618530273,13.90999984741211,13.899999618530273,13.904999732971191,8557
2026-10-01 13:45:00,1790876700,USAR,13.90999984741211,13.919899940490723,13.904999732971191,13.919899940490723,10694
2026-10-01 13:46:00,1790876760,USAR,13.914999961853027,13.930000305175781,13.90999984741211,13.929900169372559,12891
2026-10-01 13:47:00,1790876820,USAR,13.92549991607666,13.92549991607666,13.895000457763672,13.904999732971191,12538
2026-10-01 13:48:00,1790876880,USAR,13.904999732971191,13.90999984741211,13.899999618530273,13.904999732971191,14159
2026-10-01 13:49:00,1790876940,USAR,13.90999984741211,13.914999961853027,13.899999618530273,13.909899711608887,17994
2026-10-01 13:50:00,1790877000,USAR,13.904999732971191,13.904999732971191,13.850099563598633,13.854999542236328,15778
2026-10-01 13:51:00,1790877060,USAR,13.850000381469727,13.859999656677246,13.84000015258789,13.845000267028809,12057
2026-10-01 13:52:00,1790877120,USAR,13.84000015258789,13.858499526977539,13.84000015258789,13.845000267028809,11041
2026-10-01 13:53:00,1790877180,USAR,13.850000381469727,13.859999656677246,13.842000007629395,13.854999542236328,10071
2026-10-01 13:54:00,1790877240,USAR,13.854999542236328,13.854999542236328,13.800299644470215,13.805000305175781,25004
2026-10-01 13:55:00,1790877300,USAR,13.8100004196167,13.819999694824219,13.795000076293945,13.819999694824219,21851
2026-10-01 13:56:00,1790877360,USAR,13.829999923706055,13.84000015258789,13.795000076293945,13.800000190734863,13900
2026-10-01 13:57:00,1790877420,USAR,13.805000305175781,13.805000305175781,13.795000076293945,13.805000305175781,11272
2026-10-01 13:58:00,1790877480,USAR,13.805000305175781,13.8149995803833,13.789999961853027,13.800000190734863,16281
2026-10-01 13:59:00,1790877540,USAR,13.79010009765625,13.8149995803833,13.789999961853027,13.8149995803833,10165
2026-10-01 14:00:00,1790877600,USAR,13.8149995803833,13.819600105285645,13.779999732971191,13.792099952697754,13870
2026-10-01 14:01:00,1790877660,USAR,13.770500183105469,13.800000190734863,13.770500183105469,13.795000076293945,6733
2026-10-01 14:02:00,1790877720,USAR,13.789999961853027,13.800000190734863,13.770500183105469,13.789999961853027,22961
2026-10-01 14:03:00,1790877780,USAR,13.787599563598633,13.79800033569336,13.774999618530273,13.774999618530273,7915
2026-10-01 14:04:00,1790877840,USAR,13.774999618530273,13.774999618530273,13.770000457763672,13.774999618530273,7029
2026-10-01 14:05:00,1790877900,USAR,13.774999618530273,13.779899597167969,13.760000228881836,13.760000228881836,4876
2026-10-01 14:06:00,1790877960,USAR,13.75,13.750200271606445,13.744999885559082,13.744999885559082,9264
2026-10-01 14:07:00,1790878020,USAR,13.744999885559082,13.75,13.734999656677246,13.744999885559082,18534
2026-10-01 14:08:00,1790878080,USAR,13.75,13.75,13.740099906921387,13.744999885559082,4984
2026-10-01 14:09:00,1790878140,USAR,13.744999885559082,13.770000457763672,13.744999885559082,13.770000457763672,22706
2026-10-01 14:10:00,1790878200,USAR,13.770000457763672,13.779500007629395,13.755000114440918,13.765000343322754,19743
2026-10-01 14:11:00,1790878260,USAR,13.765000343322754,13.78499984741211,13.765000343322754,13.779999732971191,4723
2026-10-01 14:12:00,1790878320,USAR,13.774999618530273,13.800000190734863,13.774999618530273,13.799799919128418,14451
2026-10-01 14:13:00,1790878380,USAR,13.800000190734863,13.829999923706055,13.795000076293945,13.795000076293945,44301
2026-10-01 14:14:00,1790878440,USAR,13.789999961853027,13.795000076293945,13.78499984741211,13.789999961853027,6372
2026-10-01 14:15:00,1790878500,USAR,13.795000076293945,13.814399719238281,13.795000076293945,13.800000190734863,21446
2026-10-01 14:16:00,1790878560,USAR,13.800000190734863,13.805000305175781,13.789999961853027,13.795000076293945,6935
2026-10-01 14:17:00,1790878620,USAR,13.795000076293945,13.819999694824219,13.795000076293945,13.819899559020996,6983
2026-10-01 14:18:00,1790878680,USAR,13.819999694824219,13.838000297546387,13.819999694824219,13.819999694824219,9169
2026-10-01 14:19:00,1790878740,USAR,13.819999694824219,13.819999694824219,13.800000190734863,13.800100326538086,8591
2026-10-01 14:20:00,1790878800,USAR,13.789999961853027,13.795000076293945,13.779999732971191,13.78499984741211,10224
2026-10-01 14:21:00,1790878860,USAR,13.78499984741211,13.78499984741211,13.779899597167969,13.779999732971191,8417
2026-10-01 14:22:00,1790878920,USAR,13.78499984741211,13.789999961853027,13.760000228881836,13.779999732971191,25470
2026-10-01 14:23:00,1790878980,USAR,13.78499984741211,13.8149995803833,13.78499984741211,13.805000305175781,34134
2026-10-01 14:24:00,1790879040,USAR,13.800000190734863,13.805000305175781,13.789999961853027,13.789999961853027,7923
2026-10-01 14:25:00,1790879100,USAR,13.789999961853027,13.789999961853027,13.770000457763672,13.779999732971191,9984
2026-10-01 14:26:00,1790879160,USAR,13.779999732971191,13.78499984741211,13.765000343322754,13.765000343322754,7284
2026-10-01 14:27:00,1790879220,USAR,13.760000228881836,13.779999732971191,13.755000114440918,13.765000343322754,18575
2026-10-01 14:28:00,1790879280,USAR,13.765000343322754,13.779999732971191,13.76140022277832,13.774999618530273,14623
2026-10-01 14:29:00,1790879340,USAR,13.774999618530273,13.779999732971191,13.760000228881836,13.760000228881836,11009
2026-10-01 14:30:00,1790879400,USAR,13.770000457763672,13.770000457763672,13.760000228881836,13.760000228881836,8605
2026-10-01 14:31:00,1790879460,USAR,13.765000343322754,13.765000343322754,13.755000114440918,13.759900093078613,16843
2026-10-01 14:32:00,1790879520,USAR,13.755000114440918,13.770000457763672,13.750100135803223,13.760000228881836,11935
2026-10-01 14:33:00,1790879580,USAR,13.760000228881836,13.765000343322754,13.760000228881836,13.765000343322754,2444
2026-10-01 14:34:00,1790879640,USAR,13.770000457763672,13.8149995803833,13.76830005645752,13.8149995803833,29138
2026-10-01 14:35:00,1790879700,USAR,13.800000190734863,13.829999923706055,13.795000076293945,13.819999694824219,34475
2026-10-01 14:36:00,1790879760,USAR,13.819999694824219,13.82960033416748,13.79010009765625,13.795000076293945,41834
2026-10-01 14:37:00,1790879820,USAR,13.800000190734863,13.800000190734863,13.780099868774414,13.789899826049805,11430
2026-10-01 14:38:00,1790879880,USAR,13.78499984741211,13.78499984741211,13.78499984741211,13.78499984741211,6487
2026-10-01 14:39:00,1790879940,USAR,13.78499984741211,13.800000190734863,13.781399726867676,13.781399726867676,16300
2026-10-01 14:40:00,1790880000,USAR,13.78499984741211,13.789899826049805,13.770000457763672,13.770000457763672,5424
2026-10-01 14:41:00,1790880060,USAR,13.778599739074707,13.78499984741211,13.770000457763672,13.78499984741211,20092
2026-10-01 14:42:00,1790880120,USAR,13.789999961853027,13.789999961853027,13.771400451660156,13.771400451660156,8297
2026-10-01 14:43:00,1790880180,USAR,13.774999618530273,13.779999732971191,13.770000457763672,13.770000457763672,6092
2026-10-01 14:44:00,1790880240,USAR,13.765000343322754,13.778300285339355,13.765000343322754,13.770000457763672,9155
2026-10-01 14:45:00,1790880300,USAR,13.774999618530273,13.800000190734863,13.774999618530273,13.795000076293945,12462
2026-10-01 14:46:00,1790880360,USAR,13.79010009765625,13.795000076293945,13.774999618530273,13.789999961853027,6172
2026-10-01 14:47:00,1790880420,USAR,13.795000076293945,13.800000190734863,13.779999732971191,13.795000076293945,15324
2026-10-01 14:48:00,1790880480,USAR,13.795000076293945,13.79990005493164,13.779999732971191,13.779999732971191,5360
2026-10-01 14:49:00,1790880540,USAR,13.78499984741211,13.789999961853027,13.770000457763672,13.774999618530273,13125
2026-10-01 14:50:00,1790880600,USAR,13.774999618530273,13.78499984741211,13.765000343322754,13.78499984741211,11579
2026-10-01 14:51:00,1790880660,USAR,13.78499984741211,13.789999961853027,13.774999618530273,13.78499984741211,13064
2026-10-01 14:52:00,1790880720,USAR,13.789999961853027,13.789999961853027,13.780099868774414,13.78499984741211,6130
2026-10-01 14:53:00,1790880780,USAR,13.78499984741211,13.78499984741211,13.770000457763672,13.774999618530273,11324
2026-10-01 14:54:00,1790880840,USAR,13.774999618530273,13.779999732971191,13.765000343322754,13.765000343322754,6561
2026-10-01 14:55:00,1790880900,USAR,13.765000343322754,13.779999732971191,13.765000343322754,13.774999618530273,9198
2026-10-01 14:56:00,1790880960,USAR,13.779999732971191,13.78499984741211,13.765000343322754,13.776100158691406,25419
2026-10-01 14:57:00,1790881020,USAR,13.77400016784668,13.77869987487793,13.77400016784668,13.77869987487793,3571
2026-10-01 14:58:00,1790881080,USAR,13.779999732971191,13.779999732971191,13.770000457763672,13.77970027923584,14432
2026-10-01 14:59:00,1790881140,USAR,13.774999618530273,13.774999618530273,13.765000343322754,13.770000457763672,22075
2026-10-01 15:00:00,1790881200,USAR,13.765000343322754,13.765000343322754,13.755000114440918,13.760000228881836,13784
2026-10-01 15:01:00,1790881260,USAR,13.760000228881836,13.760000228881836,13.744999885559082,13.755000114440918,23168
2026-10-01 15:02:00,1790881320,USAR,13.760000228881836,13.760000228881836,13.75,13.755000114440918,14769
2026-10-01 15:03:00,1790881380,USAR,13.759900093078613,13.759900093078613,13.744999885559082,13.75,18605
2026-10-01 15:04:00,1790881440,USAR,13.744999885559082,13.755000114440918,13.744999885559082,13.755000114440918,6568
2026-10-01 15:05:00,1790881500,USAR,13.75,13.765000343322754,13.75,13.765000343322754,9325
2026-10-01 15:06:00,1790881560,USAR,13.765000343322754,13.770000457763672,13.760000228881836,13.760000228881836,12101
2026-10-01 15:07:00,1790881620,USAR,13.755000114440918,13.755000114440918,13.734999656677246,13.739999771118164,24465
2026-10-01 15:08:00,1790881680,USAR,13.734999656677246,13.734999656677246,13.725000381469727,13.734999656677246,11653
2026-10-01 15:09:00,1790881740,USAR,13.734999656677246,13.739999771118164,13.729999542236328,13.739999771118164,16602
2026-10-01 15:10:00,1790881800,USAR,13.75,13.755000114440918,13.739999771118164,13.739999771118164,16288
2026-10-01 15:11:00,1790881860,USAR,13.744999885559082,13.755000114440918,13.739999771118164,13.755000114440918,16335
2026-10-01 15:12:00,1790881920,USAR,13.75,13.75,13.739999771118164,13.744999885559082,8466
2026-10-01 15:13:00,1790881980,USAR,13.75,13.755000114440918,13.739999771118164,13.755000114440918,16581
2026-10-01 15:14:00,1790882040,USAR,13.755000114440918,13.765000343322754,13.75,13.760100364685059,13519
2026-10-01 15:15:00,1790882100,USAR,13.765000343322754,13.770000457763672,13.760000228881836,13.76990032196045,10583
2026-10-01 15:16:00,1790882160,USAR,13.770000457763672,13.789999961853027,13.770000457763672,13.789999961853027,9869
2026-10-01 15:17:00,1790882220,USAR,13.78499984741211,13.800000190734863,13.774999618530273,13.774999618530273,21052
2026-10-01 15:18:00,1790882280,USAR,13.774999618530273,13.779500007629395,13.760000228881836,13.774999618530273,12457
2026-10-01 15:19:00,1790882340,USAR,13.774999618530273,13.779999732971191,13.765000343322754,13.774999618530273,14196
2026-10-01 15:20:00,1790882400,USAR,13.770000457763672,13.777600288391113,13.760000228881836,13.760000228881836,11364
2026-10-01 15:21:00,1790882460,USAR,13.760000228881836,13.760000228881836,13.75,13.755000114440918,13004
2026-10-01 15:22:00,1790882520,USAR,13.75,13.760000228881836,13.75,13.755000114440918,13362
2026-10-01 15:23:00,1790882580,USAR,13.755000114440918,13.770000457763672,13.75,13.762299537658691,12919
2026-10-01 15:24:00,1790882640,USAR,13.765000343322754,13.770000457763672,13.760000228881836,13.765000343322754,24808
2026-10-01 15:25:00,1790882700,USAR,13.760000228881836,13.774999618530273,13.760000228881836,13.774999618530273,22892
2026-10-01 15:26:00,1790882760,USAR,13.774999618530273,13.789899826049805,13.774999618530273,13.789899826049805,12822
2026-10-01 15:27:00,1790882820,USAR,13.78499984741211,13.78499984741211,13.770000457763672,13.774999618530273,8035
2026-10-01 15:28:00,1790882880,USAR,13.774999618530273,13.779899597167969,13.760000228881836,13.760000228881836,8886
2026-10-01 15:29:00,1790882940,USAR,13.760000228881836,13.770000457763672,13.75,13.765000343322754,36341
2026-10-01 15:30:00,1790883000,USAR,13.765000343322754,13.795000076293945,13.765000343322754,13.78499984741211,16940
2026-10-01 15:31:00,1790883060,USAR,13.789999961853027,13.819999694824219,13.789999961853027,13.8149995803833,14334
2026-10-01 15:32:00,1790883120,USAR,13.8149995803833,13.835000038146973,13.812000274658203,13.835000038146973,13953
2026-10-01 15:33:00,1790883180,USAR,13.835000038146973,13.835000038146973,13.805000305175781,13.8149995803833,23473
2026-10-01 15:34:00,1790883240,USAR,13.819999694824219,13.819999694824219,13.779999732971191,13.78499984741211,13857
2026-10-01 15:35:00,1790883300,USAR,13.78499984741211,13.795000076293945,13.779999732971191,13.795000076293945,27325
2026-10-01 15:36:00,1790883360,USAR,13.795000076293945,13.795000076293945,13.774999618530273,13.774999618530273,18030
2026-10-01 15:37:00,1790883420,USAR,13.779999732971191,13.789999961853027,13.774999618530273,13.78499984741211,14828
2026-10-01 15:38:00,1790883480,USAR,13.78499984741211,13.795000076293945,13.78499984741211,13.78499984741211,12374
2026-10-01 15:39:00,1790883540,USAR,13.787699699401855,13.789899826049805,13.78499984741211,13.78499984741211,8198
2026-10-01 15:40:00,1790883600,USAR,13.779999732971191,13.79990005493164,13.779999732971191,13.79990005493164,18981
2026-10-01 15:41:00,1790883660,USAR,13.795000076293945,13.80620002746582,13.795000076293945,13.800000190734863,21447
2026-10-01 15:42:00,1790883720,USAR,13.805000305175781,13.8100004196167,13.795000076293945,13.800000190734863,20995
2026-10-01 15:43:00,1790883780,USAR,13.789999961853027,13.798999786376953,13.770000457763672,13.795000076293945,24924
2026-10-01 15:44:00,1790883840,USAR,13.795000076293945,13.800000190734863,13.78499984741211,13.795000076293945,18088
2026-10-01 15:45:00,1790883900,USAR,13.795000076293945,13.800000190734863,13.789999961853027,13.799799919128418,9515
2026-10-01 15:46:00,1790883960,USAR,13.789999961853027,13.795000076293945,13.781999588012695,13.795000076293945,39283
2026-10-01 15:47:00,1790884020,USAR,13.800000190734863,13.805000305175781,13.795000076293945,13.795000076293945,23420
2026-10-01 15:48:00,1790884080,USAR,13.79990005493164,13.8100004196167,13.789999961853027,13.795000076293945,18648
2026-10-01 15:49:00,1790884140,USAR,13.795000076293945,13.8149995803833,13.795000076293945,13.808199882507324,18372
2026-10-01 15:50:00,1790884200,USAR,13.805000305175781,13.805000305175781,13.779999732971191,13.795000076293945,78946
2026-10-01 15:51:00,1790884260,USAR,13.795000076293945,13.819999694824219,13.795000076293945,13.8149995803833,46859
2026-10-01 15:52:00,1790884320,USAR,13.8149995803833,13.819999694824219,13.805000305175781,13.819999694824219,49576
2026-10-01 15:53:00,1790884380,USAR,13.8100004196167,13.8100004196167,13.78499984741211,13.789999961853027,38598
2026-10-01 15:54:00,1790884440,USAR,13.78499984741211,13.789999961853027,13.750100135803223,13.750100135803223,46438
2026-10-01 15:55:00,1790884500,USAR,13.75,13.8100004196167,13.75,13.795000076293945,119544
2026-10-01 15:56:00,1790884560,USAR,13.795000076293945,13.805000305175781,13.791000366210938,13.795000076293945,55709
2026-10-01 15:57:00,1790884620,USAR,13.795000076293945,13.800000190734863,13.78499984741211,13.795000076293945,64025
2026-10-01 15:58:00,1790884680,USAR,13.789999961853027,13.829999923706055,13.780099868774414,13.824999809265137,173145
2026-10-01 15:59:00,1790884740,USAR,13.819999694824219,13.819999694824219,13.800000190734863,13.819999694824219,175421
2026-10-01 16:00:00,1790884800,USAR,13.800000190734863,13.800000190734863,13.800000190734863,13.800000190734863,0
2026-10-02 09:30:00,1790947800,USAR,14.079999923706055,14.079999923706055,13.970000267028809,13.989999771118164,549285
2026-10-02 09:31:00,1790947860,USAR,13.989999771118164,14.079899787902832,13.973999977111816,13.989999771118164,53412
2026-10-02 09:32:00,1790947920,USAR,14.0,14.00100040435791,13.920000076293945,13.930000305175781,46436
2026-10-02 09:33:00,1790947980,USAR,13.920000076293945,13.929900169372559,13.8100004196167,13.837599754333496,67925
2026-10-02 09:34:00,1790948040,USAR,13.84000015258789,13.859999656677246,13.8100004196167,13.8149995803833,75196
2026-10-02 09:35:00,1790948100,USAR,13.829999923706055,13.85099983215332,13.800000190734863,13.849900245666504,87624
2026-10-02 09:36:00,1790948160,USAR,13.845000267028809,13.920000076293945,13.845000267028809,13.890000343322754,51491
2026-10-02 09:37:00,1790948220,USAR,13.890000343322754,13.890000343322754,13.819999694824219,13.829899787902832,91431
2026-10-02 09:38:00,1790948280,USAR,13.824999809265137,13.829999923706055,13.77299976348877,13.784600257873535,58288
2026-10-02 09:39:00,1790948340,USAR,13.784000396728516,13.800000190734863,13.739999771118164,13.739999771118164,76827
2026-10-02 09:40:00,1790948400,USAR,13.75,13.760000228881836,13.619999885559082,13.635000228881836,73486
2026-10-02 09:41:00,1790948460,USAR,13.635000228881836,13.635000228881836,13.569999694824219,13.613100051879883,104874
2026-10-02 09:42:00,1790948520,USAR,13.614999771118164,13.645000457763672,13.614999771118164,13.630000114440918,56277
2026-10-02 09:43:00,1790948580,USAR,13.629799842834473,13.699999809265137,13.629799842834473,13.6899995803833,55834
2026-10-02 09:44:00,1790948640,USAR,13.6899995803833,13.789999961853027,13.6899995803833,13.782299995422363,39170
2026-10-02 09:45:00,1790948700,USAR,13.789999961853027,13.819999694824219,13.780500411987305,13.795000076293945,76466
2026-10-02 09:46:00,1790948760,USAR,13.795000076293945,13.829999923706055,13.795000076293945,13.800000190734863,59807
2026-10-02 09:47:00,1790948820,USAR,13.799799919128418,13.8149995803833,13.779999732971191,13.800000190734863,25347
2026-10-02 09:48:00,1790948880,USAR,13.800000190734863,13.805999755859375,13.760000228881836,13.779999732971191,45392
2026-10-02 09:49:00,1790948940,USAR,13.774999618530273,13.85990047454834,13.774999618530273,13.829999923706055,29605
2026-10-02 09:50:00,1790949000,USAR,13.835000038146973,13.850000381469727,13.771499633789062,13.798600196838379,29574
2026-10-02 09:51:00,1790949060,USAR,13.795000076293945,13.800000190734863,13.760000228881836,13.78499984741211,44678
2026-10-02 09:52:00,1790949120,USAR,13.800000190734863,13.819899559020996,13.78499984741211,13.795499801635742,23654
2026-10-02 09:53:00,1790949180,USAR,13.798999786376953,13.800000190734863,13.739999771118164,13.774999618530273,25702
2026-10-02 09:54:00,1790949240,USAR,13.779899597167969,13.779999732971191,13.739999771118164,13.744999885559082,30544
2026-10-02 09:55:00,1790949300,USAR,13.744999885559082,13.744999885559082,13.680000305175781,13.682900428771973,54013
2026-10-02 09:56:00,1790949360,USAR,13.683099746704102,13.6850004196167,13.645000457763672,13.664999961853027,38664
2026-10-02 09:57:00,1790949420,USAR,13.664999961853027,13.704999923706055,13.654999732971191,13.680100440979004,56162
2026-10-02 09:58:00,1790949480,USAR,13.6850004196167,13.729999542236328,13.6850004196167,13.729999542236328,40682
2026-10-02 09:59:00,1790949540,USAR,13.744999885559082,13.75,13.710000038146973,13.729999542236328,31461
2026-10-02 10:00:00,1790949600,USAR,13.710000038146973,13.710000038146973,13.649999618530273,13.68690013885498,60799
2026-10-02 10:01:00,1790949660,USAR,13.689900398254395,13.70989990234375,13.65999984741211,13.6850004196167,69289
2026-10-02 10:02:00,1790949720,USAR,13.6899995803833,13.734999656677246,13.6899995803833,13.710000038146973,127170
2026-10-02 10:03:00,1790949780,USAR,13.710000038146973,13.749899864196777,13.710000038146973,13.725000381469727,39499
2026-10-02 10:04:00,1790949840,USAR,13.725000381469727,13.729999542236328,13.704999923706055,13.720000267028809,40306
2026-10-02 10:05:00,1790949900,USAR,13.710000038146973,13.75,13.710000038146973,13.739999771118164,62992
2026-10-02 10:06:00,1790949960,USAR,13.734999656677246,13.734999656677246,13.704999923706055,13.720000267028809,52489
2026-10-02 10:07:00,1790950020,USAR,13.720000267028809,13.770000457763672,13.704999923706055,13.720000267028809,62332
2026-10-02 10:08:00,1790950080,USAR,13.729999542236328,13.760000228881836,13.725000381469727,13.760000228881836,38174
2026-10-02 10:09:00,1790950140,USAR,13.759900093078613,13.800000190734863,13.75,13.755000114440918,74668
2026-10-02 10:10:00,1790950200,USAR,13.760000228881836,13.789999961853027,13.75,13.774999618530273,23321
2026-10-02 10:11:00,1790950260,USAR,13.770000457763672,13.779999732971191,13.739999771118164,13.744999885559082,40023
2026-10-02 10:12:00,1790950320,USAR,13.744999885559082,13.774999618530273,13.734999656677246,13.774999618530273,23681
2026-10-02 10:13:00,1790950380,USAR,13.774999618530273,13.779999732971191,13.740099906921387,13.770000457763672,30061
2026-10-02 10:14:00,1790950440,USAR,13.760000228881836,13.760000228881836,13.734999656677246,13.734999656677246,30245
2026-10-02 10:15:00,1790950500,USAR,13.734999656677246,13.770000457763672,13.720000267028809,13.765000343322754,39995
2026-10-02 10:16:00,1790950560,USAR,13.760000228881836,13.777299880981445,13.734999656677246,13.76990032196045,22140
2026-10-02 10:17:00,1790950620,USAR,13.770000457763672,13.835000038146973,13.770000457763672,13.835000038146973,25985
2026-10-02 10:18:00,1790950680,USAR,13.84000015258789,13.850000381469727,13.809900283813477,13.8100004196167,42235
2026-10-02 10:19:00,1790950740,USAR,13.819999694824219,13.82859992980957,13.800000190734863,13.82859992980957,27262
2026-10-02 10:20:00,1790950800,USAR,13.829999923706055,13.833200454711914,13.774999618530273,13.78499984741211,31806
2026-10-02 10:21:00,1790950860,USAR,13.781700134277344,13.789999961853027,13.770000457763672,13.789999961853027,18861
2026-10-02 10:22:00,1790950920,USAR,13.78499984741211,13.789999961853027,13.755000114440918,13.774999618530273,24239
2026-10-02 10:23:00,1790950980,USAR,13.774999618530273,13.774999618530273,13.739999771118164,13.755000114440918,22184
2026-10-02 10:24:00,1790951040,USAR,13.75,13.789999961853027,13.75,13.779899597167969,27723
2026-10-02 10:25:00,1790951100,USAR,13.770099639892578,13.779899597167969,13.755000114440918,13.758700370788574,16457
2026-10-02 10:26:00,1790951160,USAR,13.759900093078613,13.799799919128418,13.750100135803223,13.799799919128418,15988
2026-10-02 10:27:00,1790951220,USAR,13.795000076293945,13.800000190734863,13.770000457763672,13.789999961853027,31174
2026-10-02 10:28:00,1790951280,USAR,13.789999961853027,13.819999694824219,13.789999961853027,13.805000305175781,20907
2026-10-02 10:29:00,1790951340,USAR,13.800000190734863,13.819999694824219,13.800000190734863,13.800000190734863,26173
2026-10-02 10:30:00,1790951400,USAR,13.789999961853027,13.800000190734863,13.765000343322754,13.789999961853027,73677
2026-10-02 10:31:00,1790951460,USAR,13.78499984741211,13.789999961853027,13.770099639892578,13.78499984741211,27551
2026-10-02 10:32:00,1790951520,USAR,13.78499984741211,13.805000305175781,13.770000457763672,13.770000457763672,52363
2026-10-02 10:33:00,1790951580,USAR,13.765000343322754,13.779999732971191,13.755000114440918,13.770000457763672,60525
2026-10-02 10:34:00,1790951640,USAR,13.765000343322754,13.8149995803833,13.760000228881836,13.8149995803833,16125
2026-10-02 10:35:00,1790951700,USAR,13.8100004196167,13.84000015258789,13.8100004196167,13.84000015258789,45085
2026-10-02 10:36:00,1790951760,USAR,13.839900016784668,13.854999542236328,13.829999923706055,13.835000038146973,34945
2026-10-02 10:37:00,1790951820,USAR,13.835000038146973,13.850000381469727,13.824999809265137,13.829899787902832,37751
2026-10-02 10:38:00,1790951880,USAR,13.82859992980957,13.859999656677246,13.819999694824219,13.84000015258789,28561
2026-10-02 10:39:00,1790951940,USAR,13.84939956665039,13.854999542236328,13.835000038146973,13.850000381469727,25297
2026-10-02 10:40:00,1790952000,USAR,13.845000267028809,13.859999656677246,13.835000038146973,13.849100112915039,28162
2026-10-02 10:41:00,1790952060,USAR,13.850000381469727,13.850000381469727,13.810099601745605,13.850000381469727,45977
2026-10-02 10:42:00,1790952120,USAR,13.850000381469727,13.854999542236328,13.824999809265137,13.824999809265137,27412
2026-10-02 10:43:00,1790952180,USAR,13.824999809265137,13.835000038146973,13.8149995803833,13.829899787902832,27030
2026-10-02 10:44:00,1790952240,USAR,13.827699661254883,13.854999542236328,13.819999694824219,13.845000267028809,20253
2026-10-02 10:45:00,1790952300,USAR,13.845000267028809,13.859999656677246,13.845000267028809,13.854999542236328,15165
2026-10-02 10:46:00,1790952360,USAR,13.850000381469727,13.855600357055664,13.829999923706055,13.835000038146973,13915
2026-10-02 10:47:00,1790952420,USAR,13.829999923706055,13.850000381469727,13.819999694824219,13.839900016784668,36789
2026-10-02 10:48:00,1790952480,USAR,13.835000038146973,13.84000015258789,13.8149995803833,13.829999923706055,26802
2026-10-02 10:49:00,1790952540,USAR,13.835000038146973,13.839900016784668,13.819999694824219,13.819999694824219,20815
2026-10-02 10:50:00,1790952600,USAR,13.819999694824219,13.819999694824219,13.78499984741211,13.789999961853027,35258
2026-10-02 10:51:00,1790952660,USAR,13.789999961853027,13.8100004196167,13.770000457763672,13.78499984741211,21606
2026-10-02 10:52:00,1790952720,USAR,13.78499984741211,13.796099662780762,13.774999618530273,13.78499984741211,18394
2026-10-02 10:53:00,1790952780,USAR,13.78499984741211,13.795000076293945,13.760000228881836,13.760000228881836,37387
2026-10-02 10:54:00,1790952840,USAR,13.760000228881836,13.800000190734863,13.734999656677246,13.800000190734863,69647
2026-10-02 10:55:00,1790952900,USAR,13.789999961853027,13.805000305175781,13.78499984741211,13.802399635314941,24485
2026-10-02 10:56:00,1790952960,USAR,13.809900283813477,13.829999923706055,13.795000076293945,13.824999809265137,28572
2026-10-02 10:57:00,1790953020,USAR,13.824999809265137,13.835000038146973,13.805000305175781,13.808699607849121,31821
2026-10-02 10:58:00,1790953080,USAR,13.809900283813477,13.809900283813477,13.765000343322754,13.770000457763672,18701
2026-10-02 10:59:00,1790953140,USAR,13.774999618530273,13.777799606323242,13.774999618530273,13.774999618530273,3758
2026-10-02 11:00:00,1790953200,USAR,13.774999618530273,13.789899826049805,13.770000457763672,13.779999732971191,16493
2026-10-02 11:01:00,1790953260,USAR,13.78499984741211,13.800000190734863,13.779999732971191,13.795000076293945,13658
2026-10-02 11:02:00,1790953320,USAR,13.78499984741211,13.800000190734863,13.760000228881836,13.765000343322754,26779
2026-10-02 11:03:00,1790953380,USAR,13.765000343322754,13.77280044555664,13.739999771118164,13.744999885559082,35369
2026-10-02 11:04:00,1790953440,USAR,13.744999885559082,13.748700141906738,13.720000267028809,13.734999656677246,33209
2026-10-02 11:05:00,1790953500,USAR,13.734999656677246,13.734999656677246,13.710000038146973,13.71500015258789,50440
2026-10-02 11:06:00,1790953560,USAR,13.710000038146973,13.71500015258789,13.675000190734863,13.699899673461914,69790
2026-10-02 11:07:00,1790953620,USAR,13.699999809265137,13.699999809265137,13.664999961853027,13.675000190734863,25078
2026-10-02 11:08:00,1790953680,USAR,13.675000190734863,13.675000190734863,13.654999732971191,13.675000190734863,27188
2026-10-02 11:09:00,1790953740,USAR,13.675000190734863,13.680000305175781,13.65999984741211,13.661600112915039,9888
2026-10-02 11:10:00,1790953800,USAR,13.65999984741211,13.664999961853027,13.614999771118164,13.635000228881836,31636
2026-10-02 11:11:00,1790953860,USAR,13.635000228881836,13.649999618530273,13.614399909973145,13.645000457763672,24029
2026-10-02 11:12:00,1790953920,USAR,13.654999732971191,13.654999732971191,13.614999771118164,13.61989974975586,37639
2026-10-02 11:13:00,1790953980,USAR,13.625,13.645000457763672,13.619999885559082,13.645000457763672,19438
2026-10-02 11:14:00,1790954040,USAR,13.648699760437012,13.670000076293945,13.648699760437012,13.670000076293945,15507
2026-10-02 11:15:00,1790954100,USAR,13.670000076293945,13.71500015258789,13.670000076293945,13.6850004196167,39103
2026-10-02 11:16:00,1790954160,USAR,13.680000305175781,13.680000305175781,13.654999732971191,13.664999961853027,29008
2026-10-02 11:17:00,1790954220,USAR,13.664999961853027,13.670000076293945,13.635000228881836,13.640000343322754,27667
2026-10-02 11:18:00,1790954280,USAR,13.645000457763672,13.65999984741211,13.640000343322754,13.645000457763672,17092
2026-10-02 11:19:00,1790954340,USAR,13.635000228881836,13.645000457763672,13.619999885559082,13.625,19796
2026-10-02 11:20:00,1790954400,USAR,13.619999885559082,13.630000114440918,13.609999656677246,13.614999771118164,9958
2026-10-02 11:21:00,1790954460,USAR,13.614999771118164,13.619999885559082,13.600000381469727,13.609999656677246,27948
2026-10-02 11:22:00,1790954520,USAR,13.617199897766113,13.630000114440918,13.614999771118164,13.629199981689453,30659
2026-10-02 11:23:00,1790954580,USAR,13.625,13.640000343322754,13.614999771118164,13.640000343322754,33214
2026-10-02 11:24:00,1790954640,USAR,13.645000457763672,13.649999618530273,13.604999542236328,13.604999542236328,31859
2026-10-02 11:25:00,1790954700,USAR,13.600000381469727,13.600000381469727,13.574999809265137,13.595000267028809,113260
2026-10-02 11:26:00,1790954760,USAR,13.597000122070312,13.608400344848633,13.585000038146973,13.604999542236328,22435
2026-10-02 11:27:00,1790954820,USAR,13.604999542236328,13.640000343322754,13.604999542236328,13.640000343322754,18916
2026-10-02 11:28:00,1790954880,USAR,13.640000343322754,13.650099754333496,13.635000228881836,13.635000228881836,19254
2026-10-02 11:29:00,1790954940,USAR,13.630000114440918,13.670000076293945,13.630000114440918,13.664999961853027,21557
2026-10-02 11:30:00,1790955000,USAR,13.664999961853027,13.664999961853027,13.625,13.630000114440918,17470
2026-10-02 11:31:00,1790955060,USAR,13.625,13.645000457763672,13.619999885559082,13.629899978637695,12404
2026-10-02 11:32:00,1790955120,USAR,13.630000114440918,13.640000343322754,13.625,13.639900207519531,15722
2026-10-02 11:33:00,1790955180,USAR,13.635000228881836,13.664999961853027,13.630000114440918,13.664999961853027,9336
2026-10-02 11:34:00,1790955240,USAR,13.664999961853027,13.680000305175781,13.660099983215332,13.67770004272461,12808
2026-10-02 11:35:00,1790955300,USAR,13.674400329589844,13.675000190734863,13.660099983215332,13.670000076293945,13794
2026-10-02 11:36:00,1790955360,USAR,13.670000076293945,13.67959976196289,13.664999961853027,13.664999961853027,12446
2026-10-02 11:37:00,1790955420,USAR,13.669899940490723,13.670000076293945,13.645000457763672,13.654999732971191,17868
2026-10-02 11:38:00,1790955480,USAR,13.650300025939941,13.664999961853027,13.645000457763672,13.659899711608887,14384
2026-10-02 11:39:00,1790955540,USAR,13.65999984741211,13.664999961853027,13.649999618530273,13.654999732971191,12928
2026-10-02 11:40:00,1790955600,USAR,13.654999732971191,13.658699989318848,13.620699882507324,13.625399589538574,24917
2026-10-02 11:41:00,1790955660,USAR,13.623000144958496,13.630000114440918,13.612000465393066,13.614999771118164,13420
2026-10-02 11:42:00,1790955720,USAR,13.614999771118164,13.630000114440918,13.609999656677246,13.624500274658203,10127
2026-10-02 11:43:00,1790955780,USAR,13.628299713134766,13.639100074768066,13.620100021362305,13.637299537658691,13416
2026-10-02 11:44:00,1790955840,USAR,13.633299827575684,13.635000228881836,13.614999771118164,13.625,19783
2026-10-02 11:45:00,1790955900,USAR,13.625,13.630000114440918,13.610099792480469,13.619999885559082,15059
2026-10-02 11:46:00,1790955960,USAR,13.625,13.640000343322754,13.61970043182373,13.635000228881836,11363
2026-10-02 11:47:00,1790956020,USAR,13.64009952545166,13.649900436401367,13.640000343322754,13.645000457763672,7655
2026-10-02 11:48:00,1790956080,USAR,13.640000343322754,13.649999618530273,13.640000343322754,13.645000457763672,7998
2026-10-02 11:49:00,1790956140,USAR,13.641300201416016,13.649999618530273,13.630000114440918,13.640000343322754,20358
2026-10-02 11:50:00,1790956200,USAR,13.645000457763672,13.654999732971191,13.63949966430664,13.640000343322754,7392
2026-10-02 11:51:00,1790956260,USAR,13.640000343322754,13.65999984741211,13.640000343322754,13.649999618530273,11568
2026-10-02 11:52:00,1790956320,USAR,13.654999732971191,13.659700393676758,13.636899948120117,13.645000457763672,15659
2026-10-02 11:53:00,1790956380,USAR,13.645000457763672,13.666899681091309,13.645000457763672,13.645000457763672,22083
2026-10-02 11:54:00,1790956440,USAR,13.649999618530273,13.654999732971191,13.640000343322754,13.647199630737305,13204
2026-10-02 11:55:00,1790956500,USAR,13.645000457763672,13.658699989318848,13.631199836730957,13.658699989318848,13625
2026-10-02 11:56:00,1790956560,USAR,13.649999618530273,13.670000076293945,13.649999618530273,13.670000076293945,17332
2026-10-02 11:57:00,1790956620,USAR,13.675000190734863,13.680000305175781,13.664999961853027,13.664999961853027,17520
2026-10-02 11:58:00,1790956680,USAR,13.669899940490723,13.679900169372559,13.664999961853027,13.679900169372559,8801
2026-10-02 11:59:00,1790956740,USAR,13.670100212097168,13.699999809265137,13.670100212097168,13.694999694824219,11274
2026-10-02 12:00:00,1790956800,USAR,13.6899995803833,13.699999809265137,13.6850004196167,13.699999809265137,16465
2026-10-02 12:01:00,1790956860,USAR,13.698599815368652,13.710000038146973,13.694999694824219,13.710000038146973,9613
2026-10-02 12:02:00,1790956920,USAR,13.703900337219238,13.70989990234375,13.675000190734863,13.6899995803833,31199
2026-10-02 12:03:00,1790956980,USAR,13.6899995803833,13.699999809265137,13.689900398254395,13.6899995803833,12427
2026-10-02 12:04:00,1790957040,USAR,13.680000305175781,13.6899995803833,13.670100212097168,13.684000015258789,8228
2026-10-02 12:05:00,1790957100,USAR,13.6850004196167,13.689900398254395,13.675000190734863,13.675000190734863,9728
2026-10-02 12:06:00,1790957160,USAR,13.675000190734863,13.694999694824219,13.675000190734863,13.6899995803833,7604
2026-10-02 12:07:00,1790957220,USAR,13.699999809265137,13.719799995422363,13.699999809265137,13.719799995422363,22460
2026-10-02 12:08:00,1790957280,USAR,13.710000038146973,13.729999542236328,13.710000038146973,13.726200103759766,13439
2026-10-02 12:09:00,1790957340,USAR,13.725000381469727,13.725000381469727,13.71500015258789,13.725000381469727,18002
2026-10-02 12:10:00,1790957400,USAR,13.725000381469727,13.725000381469727,13.711299896240234,13.720000267028809,8196
2026-10-02 12:11:00,1790957460,USAR,13.725000381469727,13.729999542236328,13.704999923706055,13.704999923706055,12107
2026-10-02 12:12:00,1790957520,USAR,13.704999923706055,13.710000038146973,13.680100440979004,13.6850004196167,8196
2026-10-02 12:13:00,1790957580,USAR,13.680000305175781,13.710000038146973,13.670000076293945,13.704999923706055,12763
2026-10-02 12:14:00,1790957640,USAR,13.704999923706055,13.71500015258789,13.70009994506836,13.704999923706055,14374
2026-10-02 12:15:00,1790957700,USAR,13.699999809265137,13.699999809265137,13.690099716186523,13.694999694824219,10768
2026-10-02 12:16:00,1790957760,USAR,13.695199966430664,13.710000038146973,13.694999694824219,13.704999923706055,13859
2026-10-02 12:17:00,1790957820,USAR,13.710000038146973,13.725000381469727,13.704999923706055,13.724599838256836,15396
2026-10-02 12:18:00,1790957880,USAR,13.725000381469727,13.738300323486328,13.710000038146973,13.725000381469727,27002
2026-10-02 12:19:00,1790957940,USAR,13.725000381469727,13.734999656677246,13.720000267028809,13.720000267028809,6906
2026-10-02 12:20:00,1790958000,USAR,13.725000381469727,13.729999542236328,13.72249984741211,13.725000381469727,13208
2026-10-02 12:21:00,1790958060,USAR,13.729999542236328,13.739999771118164,13.725000381469727,13.725000381469727,25747
2026-10-02 12:22:00,1790958120,USAR,13.729999542236328,13.729999542236328,13.710000038146973,13.725000381469727,7784
2026-10-02 12:23:00,1790958180,USAR,13.725000381469727,13.725000381469727,13.704999923706055,13.704999923706055,10718
2026-10-02 12:24:00,1790958240,USAR,13.704999923706055,13.71500015258789,13.6899995803833,13.6899995803833,17132
2026-10-02 12:25:00,1790958300,USAR,13.694999694824219,13.699999809265137,13.6899995803833,13.6899995803833,4107
2026-10-02 12:26:00,1790958360,USAR,13.694999694824219,13.699999809265137,13.6850004196167,13.6850004196167,5347
2026-10-02 12:27:00,1790958420,USAR,13.681300163269043,13.6899995803833,13.680000305175781,13.6850004196167,7765
2026-10-02 12:28:00,1790958480,USAR,13.699999809265137,13.699999809265137,13.6899995803833,13.694999694824219,1935
2026-10-02 12:29:00,1790958540,USAR,13.6899995803833,13.6899995803833,13.670000076293945,13.670000076293945,12404
2026-10-02 12:30:00,1790958600,USAR,13.680000305175781,13.6899995803833,13.680000305175781,13.6899995803833,10722
2026-10-02 12:31:00,1790958660,USAR,13.694999694824219,13.694999694824219,13.6899995803833,13.6899995803833,12421
2026-10-02 12:32:00,1790958720,USAR,13.680000305175781,13.680000305175781,13.664999961853027,13.675000190734863,10782
2026-10-02 12:33:00,1790958780,USAR,13.680000305175781,13.699999809265137,13.680000305175781,13.690099716186523,11915
2026-10-02 12:34:00,1790958840,USAR,13.6850004196167,13.699999809265137,13.680000305175781,13.6899995803833,12909
2026-10-02 12:35:00,1790958900,USAR,13.6899995803833,13.704999923706055,13.6899995803833,13.6899995803833,7342
2026-10-02 12:36:00,1790958960,USAR,13.699899673461914,13.704999923706055,13.6899995803833,13.704999923706055,5687
2026-10-02 12:37:00,1790959020,USAR,13.704999923706055,13.704999923706055,13.69279956817627,13.694999694824219,8146
2026-10-02 12:38:00,1790959080,USAR,13.699999809265137,13.70989990234375,13.6899995803833,13.70989990234375,5088
2026-10-02 12:39:00,1790959140,USAR,13.710000038146973,13.71500015258789,13.704999923706055,13.70989990234375,11701
2026-10-02 12:40:00,1790959200,USAR,13.707099914550781,13.707099914550781,13.694999694824219,13.699999809265137,10141
2026-10-02 12:41:00,1790959260,USAR,13.694999694824219,13.694999694824219,13.675000190734863,13.680100440979004,18338
2026-10-02 12:42:00,1790959320,USAR,13.675000190734863,13.699999809265137,13.65999984741211,13.699999809265137,14521
2026-10-02 12:43:00,1790959380,USAR,13.694999694824219,13.710000038146973,13.694999694824219,13.710000038146973,8939
2026-10-02 12:44:00,1790959440,USAR,13.704999923706055,13.725000381469727,13.699999809265137,13.725000381469727,12060
2026-10-02 12:45:00,1790959500,USAR,13.725000381469727,13.749899864196777,13.720000267028809,13.739999771118164,11618
2026-10-02 12:46:00,1790959560,USAR,13.744999885559082,13.75,13.730799674987793,13.734999656677246,12310
2026-10-02 12:47:00,1790959620,USAR,13.736000061035156,13.738499641418457,13.729999542236328,13.729999542236328,15411
2026-10-02 12:48:00,1790959680,USAR,13.729999542236328,13.75,13.720000267028809,13.75,12716
2026-10-02 12:49:00,1790959740,USAR,13.75,13.750100135803223,13.734999656677246,13.734999656677246,3572
2026-10-02 12:50:00,1790959800,USAR,13.734999656677246,13.739899635314941,13.729999542236328,13.734999656677246,17631
2026-10-02 12:51:00,1790959860,USAR,13.734999656677246,13.736100196838379,13.73009967803955,13.73009967803955,6388
2026-10-02 12:52:00,1790959920,USAR,13.734999656677246,13.743000030517578,13.729999542236328,13.734999656677246,8645
2026-10-02 12:53:00,1790959980,USAR,13.739899635314941,13.749899864196777,13.734999656677246,13.749899864196777,8029
2026-10-02 12:54:00,1790960040,USAR,13.744999885559082,13.75,13.744999885559082,13.744999885559082,8320
2026-10-02 12:55:00,1790960100,USAR,13.739999771118164,13.75,13.734999656677246,13.734999656677246,8389
2026-10-02 12:56:00,1790960160,USAR,13.73859977722168,13.739999771118164,13.725000381469727,13.739999771118164,13506
2026-10-02 12:57:00,1790960220,USAR,13.75,13.755000114440918,13.75,13.75,5018
2026-10-02 12:58:00,1790960280,USAR,13.75,13.760000228881836,13.737199783325195,13.737199783325195,13978
2026-10-02 12:59:00,1790960340,USAR,13.729999542236328,13.75,13.729999542236328,13.749899864196777,19027
2026-10-02 13:00:00,1790960400,USAR,13.744999885559082,13.744999885559082,13.73270034790039,13.734999656677246,7044
2026-10-02 13:01:00,1790960460,USAR,13.734999656677246,13.770000457763672,13.734999656677246,13.765000343322754,10646
2026-10-02 13:02:00,1790960520,USAR,13.760000228881836,13.768899917602539,13.744999885559082,13.755000114440918,11961
2026-10-02 13:03:00,1790960580,USAR,13.760000228881836,13.760000228881836,13.750100135803223,13.755000114440918,6412
2026-10-02 13:04:00,1790960640,USAR,13.755000114440918,13.760000228881836,13.744999885559082,13.75,42177
2026-10-02 13:05:00,1790960700,USAR,13.749899864196777,13.760000228881836,13.744999885559082,13.755000114440918,14577
2026-10-02 13:06:00,1790960760,USAR,13.755000114440918,13.760000228881836,13.729999542236328,13.739999771118164,36861
2026-10-02 13:07:00,1790960820,USAR,13.744999885559082,13.747699737548828,13.734999656677246,13.734999656677246,11566
2026-10-02 13:08:00,1790960880,USAR,13.734999656677246,13.739899635314941,13.725000381469727,13.725000381469727,8591
2026-10-02 13:09:00,1790960940,USAR,13.729999542236328,13.729999542236328,13.720000267028809,13.729999542236328,20124
2026-10-02 13:10:00,1790961000,USAR,13.725000381469727,13.734999656677246,13.725000381469727,13.734999656677246,9391
2026-10-02 13:11:00,1790961060,USAR,13.729999542236328,13.729999542236328,13.720499992370605,13.725000381469727,15900
2026-10-02 13:12:00,1790961120,USAR,13.720000267028809,13.725000381469727,13.694999694824219,13.694999694824219,23015
2026-10-02 13:13:00,1790961180,USAR,13.704999923706055,13.704999923706055,13.6850004196167,13.6850004196167,10047
2026-10-02 13:14:00,1790961240,USAR,13.688599586486816,13.6899995803833,13.670000076293945,13.675000190734863,15726
2026-10-02 13:15:00,1790961300,USAR,13.670000076293945,13.675000190734863,13.664999961853027,13.670000076293945,12611
2026-10-02 13:16:00,1790961360,USAR,13.664999961853027,13.680000305175781,13.660200119018555,13.675000190734863,22498
2026-10-02 13:17:00,1790961420,USAR,13.675000190734863,13.675000190734863,13.675000190734863,13.675000190734863,3599
2026-10-02 13:18:00,1790961480,USAR,13.670100212097168,13.670100212097168,13.65999984741211,13.670000076293945,5642
2026-10-02 13:19:00,1790961540,USAR,13.664999961853027,13.664999961853027,13.65999984741211,13.65999984741211,1758
2026-10-02 13:20:00,1790961600,USAR,13.664999961853027,13.670000076293945,13.65999984741211,13.670000076293945,16454
2026-10-02 13:21:00,1790961660,USAR,13.664999961853027,13.669899940490723,13.645000457763672,13.649999618530273,25564
2026-10-02 13:22:00,1790961720,USAR,13.654999732971191,13.66450023651123,13.649999618530273,13.66450023651123,15130
2026-10-02 13:23:00,1790961780,USAR,13.65999984741211,13.670000076293945,13.654999732971191,13.654999732971191,83162
2026-10-02 13:24:00,1790961840,USAR,13.654999732971191,13.669899940490723,13.654999732971191,13.65999984741211,18272
2026-10-02 13:25:00,1790961900,USAR,13.649999618530273,13.65999984741211,13.649999618530273,13.654999732971191,7479
2026-10-02 13:26:00,1790961960,USAR,13.654999732971191,13.65999984741211,13.649999618530273,13.65999984741211,20948
2026-10-02 13:27:00,1790962020,USAR,13.670000076293945,13.670000076293945,13.654999732971191,13.65999984741211,6873
2026-10-02 13:28:00,1790962080,USAR,13.654999732971191,13.658100128173828,13.650099754333496,13.654999732971191,13098
2026-10-02 13:29:00,1790962140,USAR,13.654999732971191,13.659899711608887,13.649999618530273,13.656200408935547,17911
2026-10-02 13:30:00,1790962200,USAR,13.649999618530273,13.654999732971191,13.640000343322754,13.645000457763672,8619
2026-10-02 13:31:00,1790962260,USAR,13.649999618530273,13.659899711608887,13.643799781799316,13.654999732971191,11504
2026-10-02 13:32:00,1790962320,USAR,13.654999732971191,13.670000076293945,13.654999732971191,13.664999961853027,13673
2026-10-02 13:33:00,1790962380,USAR,13.664999961853027,13.670000076293945,13.664999961853027,13.670000076293945,13011
2026-10-02 13:34:00,1790962440,USAR,13.669899940490723,13.670000076293945,13.649999618530273,13.649999618530273,6125
2026-10-02 13:35:00,1790962500,USAR,13.654999732971191,13.65999984741211,13.649999618530273,13.65939998626709,5198
2026-10-02 13:36:00,1790962560,USAR,13.654999732971191,13.65999984741211,13.645000457763672,13.645000457763672,5232
2026-10-02 13:37:00,1790962620,USAR,13.649999618530273,13.654999732971191,13.645000457763672,13.645000457763672,11872
2026-10-02 13:38:00,1790962680,USAR,13.64490032196045,13.649900436401367,13.640000343322754,13.645000457763672,3463
2026-10-02 13:39:00,1790962740,USAR,13.640000343322754,13.640000343322754,13.630000114440918,13.635000228881836,24523
2026-10-02 13:40:00,1790962800,USAR,13.635000228881836,13.640000343322754,13.635000228881836,13.635000228881836,6906
2026-10-02 13:41:00,1790962860,USAR,13.635000228881836,13.640000343322754,13.630000114440918,13.635000228881836,8710
2026-10-02 13:42:00,1790962920,USAR,13.640000343322754,13.640000343322754,13.630000114440918,13.630000114440918,4958
2026-10-02 13:43:00,1790962980,USAR,13.630000114440918,13.640000343322754,13.630000114440918,13.635000228881836,4055
2026-10-02 13:44:00,1790963040,USAR,13.635000228881836,13.649999618530273,13.630000114440918,13.645000457763672,19505
2026-10-02 13:45:00,1790963100,USAR,13.649999618530273,13.670000076293945,13.649999618530273,13.65999984741211,10236
2026-10-02 13:46:00,1790963160,USAR,13.669899940490723,13.669899940490723,13.654999732971191,13.654999732971191,4330
2026-10-02 13:47:00,1790963220,USAR,13.659899711608887,13.678199768066406,13.659899711608887,13.675000190734863,18151
2026-10-02 13:48:00,1790963280,USAR,13.670000076293945,13.670000076293945,13.65999984741211,13.664999961853027,6999
2026-10-02 13:49:00,1790963340,USAR,13.660099983215332,13.680000305175781,13.65999984741211,13.680000305175781,11096
2026-10-02 13:50:00,1790963400,USAR,13.680000305175781,13.6899995803833,13.65999984741211,13.682600021362305,22550
2026-10-02 13:51:00,1790963460,USAR,13.6850004196167,13.694999694824219,13.6850004196167,13.694999694824219,13385
2026-10-02 13:52:00,1790963520,USAR,13.694999694824219,13.699999809265137,13.670000076293945,13.680000305175781,35995
2026-10-02 13:53:00,1790963580,USAR,13.680000305175781,13.6899995803833,13.670100212097168,13.6850004196167,14726
2026-10-02 13:54:00,1790963640,USAR,13.6850004196167,13.6850004196167,13.680000305175781,13.6850004196167,6081
2026-10-02 13:55:00,1790963700,USAR,13.680000305175781,13.6850004196167,13.675000190734863,13.675000190734863,5614
2026-10-02 13:56:00,1790963760,USAR,13.670100212097168,13.6899995803833,13.670100212097168,13.6850004196167,10273
2026-10-02 13:57:00,1790963820,USAR,13.6850004196167,13.6899995803833,13.675000190734863,13.6850004196167,10264
2026-10-02 13:58:00,1790963880,USAR,13.6850004196167,13.704999923706055,13.680000305175781,13.704999923706055,11352
2026-10-02 13:59:00,1790963940,USAR,13.699999809265137,13.719400405883789,13.694999694824219,13.710000038146973,18934
2026-10-02 14:00:00,1790964000,USAR,13.710000038146973,13.710000038146973,13.680000305175781,13.6850004196167,13720
2026-10-02 14:01:00,1790964060,USAR,13.670000076293945,13.670000076293945,13.65999984741211,13.664999961853027,12618
2026-10-02 14:02:00,1790964120,USAR,13.664999961853027,13.670000076293945,13.650099754333496,13.654999732971191,8886
2026-10-02 14:03:00,1790964180,USAR,13.649999618530273,13.670000076293945,13.649999618530273,13.664999961853027,13903
2026-10-02 14:04:00,1790964240,USAR,13.666099548339844,13.680500030517578,13.664999961853027,13.675000190734863,5921
2026-10-02 14:05:00,1790964300,USAR,13.670100212097168,13.675000190734863,13.664999961853027,13.670000076293945,10382
2026-10-02 14:06:00,1790964360,USAR,13.671699523925781,13.680000305175781,13.670000076293945,13.675000190734863,7901
2026-10-02 14:07:00,1790964420,USAR,13.680000305175781,13.6850004196167,13.65999984741211,13.65999984741211,6320
2026-10-02 14:08:00,1790964480,USAR,13.664999961853027,13.664999961853027,13.664999961853027,13.664999961853027,4896
2026-10-02 14:09:00,1790964540,USAR,13.65999984741211,13.664999961853027,13.654999732971191,13.664999961853027,10792
2026-10-02 14:10:00,1790964600,USAR,13.664999961853027,13.664999961853027,13.664999961853027,13.664999961853027,2629
2026-10-02 14:11:00,1790964660,USAR,13.664999961853027,13.664999961853027,13.649999618530273,13.65999984741211,14638
2026-10-02 14:12:00,1790964720,USAR,13.654999732971191,13.664999961853027,13.649999618530273,13.66450023651123,14368
2026-10-02 14:13:00,1790964780,USAR,13.664999961853027,13.670000076293945,13.65999984741211,13.660099983215332,6216
2026-10-02 14:14:00,1790964840,USAR,13.664999961853027,13.670000076293945,13.664999961853027,13.664999961853027,4752
2026-10-02 14:15:00,1790964900,USAR,13.660099983215332,13.669899940490723,13.649999618530273,13.654999732971191,7143
2026-10-02 14:16:00,1790964960,USAR,13.654999732971191,13.65999984741211,13.654999732971191,13.655400276184082,16457
2026-10-02 14:17:00,1790965020,USAR,13.649999618530273,13.659899711608887,13.640000343322754,13.640000343322754,43680
2026-10-02 14:18:00,1790965080,USAR,13.630000114440918,13.638199806213379,13.625,13.635000228881836,20302
2026-10-02 14:19:00,1790965140,USAR,13.630200386047363,13.640000343322754,13.630000114440918,13.635000228881836,4155
2026-10-02 14:20:00,1790965200,USAR,13.635000228881836,13.640000343322754,13.630000114440918,13.639800071716309,17194
2026-10-02 14:21:00,1790965260,USAR,13.630000114440918,13.630000114440918,13.609999656677246,13.619999885559082,10468
2026-10-02 14:22:00,1790965320,USAR,13.619999885559082,13.619999885559082,13.600000381469727,13.609999656677246,15207
2026-10-02 14:23:00,1790965380,USAR,13.60990047454834,13.609999656677246,13.579999923706055,13.600000381469727,129171
2026-10-02 14:24:00,1790965440,USAR,13.592000007629395,13.600000381469727,13.59000015258789,13.59000015258789,8250
2026-10-02 14:25:00,1790965500,USAR,13.59000015258789,13.599900245666504,13.59000015258789,13.59000015258789,6680
2026-10-02 14:26:00,1790965560,USAR,13.59000015258789,13.600000381469727,13.585000038146973,13.585000038146973,15997
2026-10-02 14:27:00,1790965620,USAR,13.585599899291992,13.59000015258789,13.579999923706055,13.588899612426758,6991
2026-10-02 14:28:00,1790965680,USAR,13.585000038146973,13.604999542236328,13.585000038146973,13.604999542236328,31057
2026-10-02 14:29:00,1790965740,USAR,13.604999542236328,13.60990047454834,13.595000267028809,13.600099563598633,11468
2026-10-02 14:30:00,1790965800,USAR,13.604999542236328,13.604999542236328,13.600000381469727,13.604999542236328,6287
2026-10-02 14:31:00,1790965860,USAR,13.604999542236328,13.609999656677246,13.590100288391113,13.595000267028809,23840
2026-10-02 14:32:00,1790965920,USAR,13.595000267028809,13.609999656677246,13.59000015258789,13.604999542236328,17755
2026-10-02 14:33:00,1790965980,USAR,13.600799560546875,13.614999771118164,13.600799560546875,13.604999542236328,16293
2026-10-02 14:34:00,1790966040,USAR,13.604999542236328,13.606900215148926,13.600000381469727,13.604999542236328,8526
2026-10-02 14:35:00,1790966100,USAR,13.604999542236328,13.614999771118164,13.604999542236328,13.614999771118164,11369
2026-10-02 14:36:00,1790966160,USAR,13.614999771118164,13.630000114440918,13.614999771118164,13.630000114440918,17827
2026-10-02 14:37:00,1790966220,USAR,13.625,13.629899978637695,13.614999771118164,13.625,11982
2026-10-02 14:38:00,1790966280,USAR,13.620599746704102,13.625,13.604999542236328,13.609999656677246,11268
2026-10-02 14:39:00,1790966340,USAR,13.614999771118164,13.614999771118164,13.600000381469727,13.604999542236328,12118
2026-10-02 14:40:00,1790966400,USAR,13.604999542236328,13.60990047454834,13.600000381469727,13.600000381469727,10339
2026-10-02 14:41:00,1790966460,USAR,13.609999656677246,13.625,13.609999656677246,13.625,18760
2026-10-02 14:42:00,1790966520,USAR,13.619999885559082,13.622400283813477,13.609999656677246,13.622400283813477,9738
2026-10-02 14:43:00,1790966580,USAR,13.625,13.625,13.614999771118164,13.614999771118164,6544
2026-10-02 14:44:00,1790966640,USAR,13.614999771118164,13.614999771118164,13.609999656677246,13.609999656677246,8801
2026-10-02 14:45:00,1790966700,USAR,13.61989974975586,13.61989974975586,13.611499786376953,13.614999771118164,22321
2026-10-02 14:46:00,1790966760,USAR,13.611000061035156,13.614999771118164,13.600000381469727,13.609999656677246,12179
2026-10-02 14:47:00,1790966820,USAR,13.609999656677246,13.614999771118164,13.600000381469727,13.604999542236328,9618
2026-10-02 14:48:00,1790966880,USAR,13.604999542236328,13.604999542236328,13.59000015258789,13.59000015258789,20691
2026-10-02 14:49:00,1790966940,USAR,13.595000267028809,13.595000267028809,13.59000015258789,13.595000267028809,3131
2026-10-02 14:50:00,1790967000,USAR,13.59000015258789,13.60990047454834,13.579999923706055,13.604999542236328,42238
2026-10-02 14:51:00,1790967060,USAR,13.600000381469727,13.604999542236328,13.595000267028809,13.604999542236328,11902
2026-10-02 14:52:00,1790967120,USAR,13.604999542236328,13.609999656677246,13.600000381469727,13.60990047454834,15634
2026-10-02 14:53:00,1790967180,USAR,13.604999542236328,13.619999885559082,13.604999542236328,13.619999885559082,7577
2026-10-02 14:54:00,1790967240,USAR,13.614999771118164,13.614999771118164,13.604999542236328,13.609999656677246,7356
2026-10-02 14:55:00,1790967300,USAR,13.61989974975586,13.61989974975586,13.600099563598633,13.609999656677246,26592
2026-10-02 14:56:00,1790967360,USAR,13.614999771118164,13.619999885559082,13.600000381469727,13.604999542236328,7669
2026-10-02 14:57:00,1790967420,USAR,13.600099563598633,13.609999656677246,13.600000381469727,13.6003999710083,8063
2026-10-02 14:58:00,1790967480,USAR,13.601099967956543,13.604999542236328,13.595000267028809,13.600000381469727,22921
2026-10-02 14:59:00,1790967540,USAR,13.600000381469727,13.609999656677246,13.600000381469727,13.609999656677246,8697
2026-10-02 15:00:00,1790967600,USAR,13.605899810791016,13.614999771118164,13.604999542236328,13.604999542236328,9532
2026-10-02 15:01:00,1790967660,USAR,13.604999542236328,13.618000030517578,13.600000381469727,13.614999771118164,13038
2026-10-02 15:02:00,1790967720,USAR,13.612600326538086,13.614999771118164,13.609999656677246,13.6141996383667,11962
2026-10-02 15:03:00,1790967780,USAR,13.614999771118164,13.614999771118164,13.609999656677246,13.614999771118164,13607
2026-10-02 15:04:00,1790967840,USAR,13.614999771118164,13.619999885559082,13.609999656677246,13.614999771118164,12657
2026-10-02 15:05:00,1790967900,USAR,13.614999771118164,13.618200302124023,13.609999656677246,13.614999771118164,2716
2026-10-02 15:06:00,1790967960,USAR,13.609999656677246,13.614999771118164,13.594300270080566,13.595100402832031,18249
2026-10-02 15:07:00,1790968020,USAR,13.595000267028809,13.599900245666504,13.59000015258789,13.595000267028809,5531
2026-10-02 15:08:00,1790968080,USAR,13.59000015258789,13.600000381469727,13.59000015258789,13.596099853515625,6766
2026-10-02 15:09:00,1790968140,USAR,13.59000015258789,13.596099853515625,13.59000015258789,13.595000267028809,9237
2026-10-02 15:10:00,1790968200,USAR,13.600000381469727,13.607000350952148,13.595000267028809,13.600500106811523,7257
2026-10-02 15:11:00,1790968260,USAR,13.600000381469727,13.600000381469727,13.59000015258789,13.59000015258789,9852
2026-10-02 15:12:00,1790968320,USAR,13.595000267028809,13.614999771118164,13.59000015258789,13.604999542236328,71347
2026-10-02 15:13:00,1790968380,USAR,13.609999656677246,13.61989974975586,13.604999542236328,13.614999771118164,13095
2026-10-02 15:14:00,1790968440,USAR,13.614999771118164,13.619999885559082,13.595000267028809,13.595000267028809,18985
2026-10-02 15:15:00,1790968500,USAR,13.600000381469727,13.600000381469727,13.59000015258789,13.595000267028809,18346
2026-10-02 15:16:00,1790968560,USAR,13.595000267028809,13.600000381469727,13.579999923706055,13.585000038146973,29189
2026-10-02 15:17:00,1790968620,USAR,13.585000038146973,13.59000015258789,13.574999809265137,13.579899787902832,38018
2026-10-02 15:18:00,1790968680,USAR,13.579999923706055,13.59000015258789,13.574999809265137,13.59000015258789,9147
2026-10-02 15:19:00,1790968740,USAR,13.59000015258789,13.595000267028809,13.579999923706055,13.595000267028809,27596
2026-10-02 15:20:00,1790968800,USAR,13.595000267028809,13.599900245666504,13.59000015258789,13.595000267028809,22513
2026-10-02 15:21:00,1790968860,USAR,13.595000267028809,13.600000381469727,13.585000038146973,13.595000267028809,17009
2026-10-02 15:22:00,1790968920,USAR,13.595000267028809,13.625,13.59000015258789,13.610099792480469,59928
2026-10-02 15:23:00,1790968980,USAR,13.609999656677246,13.609999656677246,13.604999542236328,13.604999542236328,14966
2026-10-02 15:24:00,1790969040,USAR,13.609999656677246,13.619999885559082,13.609999656677246,13.619999885559082,14809
2026-10-02 15:25:00,1790969100,USAR,13.625,13.630000114440918,13.620100021362305,13.628899574279785,17756
2026-10-02 15:26:00,1790969160,USAR,13.619999885559082,13.630000114440918,13.609999656677246,13.614999771118164,20769
2026-10-02 15:27:00,1790969220,USAR,13.614999771118164,13.619999885559082,13.604999542236328,13.609999656677246,11612
2026-10-02 15:28:00,1790969280,USAR,13.609999656677246,13.614999771118164,13.595000267028809,13.595000267028809,18417
2026-10-02 15:29:00,1790969340,USAR,13.595600128173828,13.599900245666504,13.59000015258789,13.599900245666504,11071
2026-10-02 15:30:00,1790969400,USAR,13.595000267028809,13.600000381469727,13.579999923706055,13.585000038146973,19089
2026-10-02 15:31:00,1790969460,USAR,13.585000038146973,13.595000267028809,13.585000038146973,13.595000267028809,15895
2026-10-02 15:32:00,1790969520,USAR,13.595000267028809,13.595000267028809,13.59000015258789,13.595000267028809,17311
2026-10-02 15:33:00,1790969580,USAR,13.590100288391113,13.595000267028809,13.569999694824219,13.574999809265137,15983
2026-10-02 15:34:00,1790969640,USAR,13.574999809265137,13.57699966430664,13.569999694824219,13.571399688720703,12982
2026-10-02 15:35:00,1790969700,USAR,13.574999809265137,13.585000038146973,13.569999694824219,13.574999809265137,49416
2026-10-02 15:36:00,1790969760,USAR,13.579899787902832,13.589900016784668,13.574999809265137,13.574999809265137,16788
2026-10-02 15:37:00,1790969820,USAR,13.574999809265137,13.579899787902832,13.569999694824219,13.573699951171875,9097
2026-10-02 15:38:00,1790969880,USAR,13.574999809265137,13.579999923706055,13.569999694824219,13.569999694824219,28563
2026-10-02 15:39:00,1790969940,USAR,13.5649995803833,13.565600395202637,13.550000190734863,13.550000190734863,30803
2026-10-02 15:40:00,1790970000,USAR,13.555000305175781,13.5600004196167,13.550000190734863,13.555899620056152,19629
2026-10-02 15:41:00,1790970060,USAR,13.555000305175781,13.5600004196167,13.550000190734863,13.555000305175781,38664
2026-10-02 15:42:00,1790970120,USAR,13.550000190734863,13.569999694824219,13.539999961853027,13.555000305175781,90450
2026-10-02 15:43:00,1790970180,USAR,13.555000305175781,13.569899559020996,13.555000305175781,13.5600004196167,27036
2026-10-02 15:44:00,1790970240,USAR,13.5649995803833,13.579999923706055,13.5649995803833,13.574999809265137,31908
2026-10-02 15:45:00,1790970300,USAR,13.579999923706055,13.604999542236328,13.574999809265137,13.574999809265137,93070
2026-10-02 15:46:00,1790970360,USAR,13.574999809265137,13.579999923706055,13.560099601745605,13.574999809265137,28911
2026-10-02 15:47:00,1790970420,USAR,13.574999809265137,13.579899787902832,13.553099632263184,13.553099632263184,35414
2026-10-02 15:48:00,1790970480,USAR,13.5600004196167,13.5649995803833,13.550000190734863,13.555000305175781,27760
2026-10-02 15:49:00,1790970540,USAR,13.555000305175781,13.5600004196167,13.550000190734863,13.555000305175781,12430
2026-10-02 15:50:00,1790970600,USAR,13.5600004196167,13.574999809265137,13.557499885559082,13.5600004196167,38660
2026-10-02 15:51:00,1790970660,USAR,13.569999694824219,13.579999923706055,13.564800262451172,13.57699966430664,47704
2026-10-02 15:52:00,1790970720,USAR,13.574999809265137,13.579999923706055,13.569999694824219,13.574999809265137,21902
2026-10-02 15:53:00,1790970780,USAR,13.574999809265137,13.579999923706055,13.5600004196167,13.5649995803833,85828
2026-10-02 15:54:00,1790970840,USAR,13.5600004196167,13.574999809265137,13.555000305175781,13.5649995803833,90171
2026-10-02 15:55:00,1790970900,USAR,13.569999694824219,13.579999923706055,13.555000305175781,13.574999809265137,89229
2026-10-02 15:56:00,1790970960,USAR,13.574999809265137,13.600000381469727,13.5649995803833,13.595000267028809,59878
2026-10-02 15:57:00,1790971020,USAR,13.59000015258789,13.609999656677246,13.59000015258789,13.604999542236328,95717
2026-10-02 15:58:00,1790971080,USAR,13.604999542236328,13.604999542236328,13.579999923706055,13.595000267028809,121208
2026-10-02 15:59:00,1790971140,USAR,13.599900245666504,13.600000381469727,13.579999923706055,13.59000015258789,164475
2026-10-02 16:00:00,1790971200,USAR,13.59000015258789,13.59000015258789,13.59000015258789,13.59000015258789,0
2026-10-05 09:30:00,1791207000,USAR,13.680000305175781,13.6899995803833,13.569999694824219,13.65999984741211,578931
2026-10-05 09:31:00,1791207060,USAR,13.640000343322754,13.65999984741211,13.59000015258789,13.600000381469727,38866
2026-10-05 09:32:00,1791207120,USAR,13.600000381469727,13.609999656677246,13.4399995803833,13.442500114440918,220849
2026-10-05 09:33:00,1791207180,USAR,13.442899703979492,13.489999771118164,13.420000076293945,13.47760009765625,230676
2026-10-05 09:34:00,1791207240,USAR,13.475000381469727,13.479999542236328,13.430000305175781,13.460000038146973,60875
2026-10-05 09:35:00,1791207300,USAR,13.46500015258789,13.574999809265137,13.451399803161621,13.523599624633789,54507
2026-10-05 09:36:00,1791207360,USAR,13.520000457763672,13.5600004196167,13.484999656677246,13.494999885559082,30121
2026-10-05 09:37:00,1791207420,USAR,13.5,13.5,13.444999694824219,13.454999923706055,26687
2026-10-05 09:38:00,1791207480,USAR,13.470000267028809,13.510000228881836,13.460000038146973,13.460000038146973,36798
2026-10-05 09:39:00,1791207540,USAR,13.454999923706055,13.475000381469727,13.442000389099121,13.475000381469727,48958
2026-10-05 09:40:00,1791207600,USAR,13.479999542236328,13.510000228881836,13.449999809265137,13.460000038146973,37571
2026-10-05 09:41:00,1791207660,USAR,13.46500015258789,13.489999771118164,13.449999809265137,13.489800453186035,31024
2026-10-05 09:42:00,1791207720,USAR,13.475000381469727,13.520000457763672,13.475000381469727,13.520000457763672,65128
2026-10-05 09:43:00,1791207780,USAR,13.529999732971191,13.550000190734863,13.524999618530273,13.550000190734863,48064
2026-10-05 09:44:00,1791207840,USAR,13.545000076293945,13.545000076293945,13.520000457763672,13.53499984741211,33224
2026-10-05 09:45:00,1791207900,USAR,13.529999732971191,13.529999732971191,13.4399995803833,13.454999923706055,61567
2026-10-05 09:46:00,1791207960,USAR,13.454999923706055,13.460000038146973,13.359999656677246,13.385000228881836,114181
2026-10-05 09:47:00,1791208020,USAR,13.380000114440918,13.460000038146973,13.369999885559082,13.4399995803833,31389
2026-10-05 09:48:00,1791208080,USAR,13.4350004196167,13.449999809265137,13.411499977111816,13.420000076293945,30729
2026-10-05 09:49:00,1791208140,USAR,13.418299674987793,13.430000305175781,13.395000457763672,13.399999618530273,37088
2026-10-05 09:50:00,1791208200,USAR,13.400099754333496,13.407699584960938,13.359999656677246,13.364999771118164,38866
2026-10-05 09:51:00,1791208260,USAR,13.364999771118164,13.379899978637695,13.331999778747559,13.341500282287598,67168
2026-10-05 09:52:00,1791208320,USAR,13.345000267028809,13.364999771118164,13.329999923706055,13.359999656677246,27273
2026-10-05 09:53:00,1791208380,USAR,13.359999656677246,13.364999771118164,13.329999923706055,13.335000038146973,74060
2026-10-05 09:54:00,1791208440,USAR,13.330100059509277,13.345000267028809,13.324999809265137,13.339900016784668,25954
2026-10-05 09:55:00,1791208500,USAR,13.335000038146973,13.359999656677246,13.329999923706055,13.354999542236328,24287
2026-10-05 09:56:00,1791208560,USAR,13.354999542236328,13.369999885559082,13.350000381469727,13.364999771118164,25362
2026-10-05 09:57:00,1791208620,USAR,13.364999771118164,13.368599891662598,13.34000015258789,13.349900245666504,20649
2026-10-05 09:58:00,1791208680,USAR,13.34000015258789,13.359999656677246,13.329999923706055,13.350000381469727,36861
2026-10-05 09:59:00,1791208740,USAR,13.345000267028809,13.369999885559082,13.339900016784668,13.34000015258789,45707
2026-10-05 10:00:00,1791208800,USAR,13.34000015258789,13.345000267028809,13.279999732971191,13.295000076293945,141434
2026-10-05 10:01:00,1791208860,USAR,13.300000190734863,13.4350004196167,13.300000190734863,13.425000190734863,75037
2026-10-05 10:02:00,1791208920,USAR,13.420000076293945,13.484999656677246,13.404999732971191,13.454999923706055,62046
2026-10-05 10:03:00,1791208980,USAR,13.449999809265137,13.475000381469727,13.444999694824219,13.475000381469727,20545
2026-10-05 10:04:00,1791209040,USAR,13.470000267028809,13.508999824523926,13.454999923706055,13.48859977722168,59397
2026-10-05 10:05:00,1791209100,USAR,13.489999771118164,13.5600004196167,13.484999656677246,13.545000076293945,42711
2026-10-05 10:06:00,1791209160,USAR,13.5423002243042,13.640000343322754,13.5423002243042,13.635000228881836,63625
2026-10-05 10:07:00,1791209220,USAR,13.635000228881836,13.670000076293945,13.604999542236328,13.619999885559082,58286
2026-10-05 10:08:00,1791209280,USAR,13.609999656677246,13.625,13.580100059509277,13.604999542236328,67706
2026-10-05 10:09:00,1791209340,USAR,13.600000381469727,13.630000114440918,13.5649995803833,13.625,67409
2026-10-05 10:10:00,1791209400,USAR,13.630000114440918,13.635000228881836,13.612199783325195,13.614999771118164,24145
2026-10-05 10:11:00,1791209460,USAR,13.619999885559082,13.6899995803833,13.609999656677246,13.680000305175781,62175
2026-10-05 10:12:00,1791209520,USAR,13.678299903869629,13.704999923706055,13.675000190734863,13.680000305175781,48211
2026-10-05 10:13:00,1791209580,USAR,13.675000190734863,13.755000114440918,13.675000190734863,13.725000381469727,53306
2026-10-05 10:14:00,1791209640,USAR,13.729999542236328,13.729999542236328,13.670100212097168,13.6850004196167,82671
2026-10-05 10:15:00,1791209700,USAR,13.6899995803833,13.6899995803833,13.625,13.654999732971191,55008
2026-10-05 10:16:00,1791209760,USAR,13.649999618530273,13.69729995727539,13.649999618530273,13.69729995727539,41212
2026-10-05 10:17:00,1791209820,USAR,13.699600219726562,13.734999656677246,13.6899995803833,13.725000381469727,29105
2026-10-05 10:18:00,1791209880,USAR,13.725000381469727,13.725000381469727,13.6899995803833,13.694999694824219,21884
2026-10-05 10:19:00,1791209940,USAR,13.699399948120117,13.704999923706055,13.675000190734863,13.680000305175781,33951
2026-10-05 10:20:00,1791210000,USAR,13.680000305175781,13.6899995803833,13.649999618530273,13.664999961853027,29030
2026-10-05 10:21:00,1791210060,USAR,13.670000076293945,13.670000076293945,13.630000114440918,13.645000457763672,57352
2026-10-05 10:22:00,1791210120,USAR,13.645000457763672,13.645000457763672,13.610099792480469,13.614999771118164,15751
2026-10-05 10:23:00,1791210180,USAR,13.614999771118164,13.649999618530273,13.609999656677246,13.649999618530273,29461
2026-10-05 10:24:00,1791210240,USAR,13.645000457763672,13.664999961853027,13.634300231933594,13.635000228881836,32228
2026-10-05 10:25:00,1791210300,USAR,13.63010025024414,13.640000343322754,13.591300010681152,13.591300010681152,30463
2026-10-05 10:26:00,1791210360,USAR,13.595000267028809,13.630000114440918,13.59000015258789,13.625,38683
2026-10-05 10:27:00,1791210420,USAR,13.629899978637695,13.629899978637695,13.600000381469727,13.607600212097168,40328
2026-10-05 10:28:00,1791210480,USAR,13.605899810791016,13.60990047454834,13.585000038146973,13.585000038146973,15099
2026-10-05 10:29:00,1791210540,USAR,13.579999923706055,13.589900016784668,13.569899559020996,13.569999694824219,60309
2026-10-05 10:30:00,1791210600,USAR,13.5649995803833,13.5649995803833,13.53499984741211,13.550000190734863,30141
2026-10-05 10:31:00,1791210660,USAR,13.54990005493164,13.569999694824219,13.53499984741211,13.5649995803833,34215
2026-10-05 10:32:00,1791210720,USAR,13.5649995803833,13.579999923706055,13.555000305175781,13.578499794006348,20059
2026-10-05 10:33:00,1791210780,USAR,13.574999809265137,13.579999923706055,13.529999732971191,13.53499984741211,34043
2026-10-05 10:34:00,1791210840,USAR,13.529999732971191,13.529999732971191,13.500100135803223,13.515000343322754,38222
2026-10-05 10:35:00,1791210900,USAR,13.520000457763672,13.55370044708252,13.515000343322754,13.545000076293945,16806
2026-10-05 10:36:00,1791210960,USAR,13.545000076293945,13.574999809265137,13.545000076293945,13.555000305175781,28671
2026-10-05 10:37:00,1791211020,USAR,13.5649995803833,13.585000038146973,13.550000190734863,13.550000190734863,31382
2026-10-05 10:38:00,1791211080,USAR,13.555000305175781,13.5649995803833,13.545000076293945,13.555000305175781,23100
2026-10-05 10:39:00,1791211140,USAR,13.5649995803833,13.600000381469727,13.5600004196167,13.569999694824219,16147
2026-10-05 10:40:00,1791211200,USAR,13.5649995803833,13.585000038146973,13.5649995803833,13.574999809265137,13987
2026-10-05 10:41:00,1791211260,USAR,13.579999923706055,13.625,13.579999923706055,13.604999542236328,26292
2026-10-05 10:42:00,1791211320,USAR,13.609999656677246,13.609999656677246,13.5600004196167,13.569899559020996,64664
2026-10-05 10:43:00,1791211380,USAR,13.5649995803833,13.59000015258789,13.539999961853027,13.550000190734863,117164
2026-10-05 10:44:00,1791211440,USAR,13.539999961853027,13.569999694824219,13.53499984741211,13.550000190734863,33523
2026-10-05 10:45:00,1791211500,USAR,13.548600196838379,13.574999809265137,13.529999732971191,13.550000190734863,34098
2026-10-05 10:46:00,1791211560,USAR,13.550000190734863,13.569999694824219,13.539999961853027,13.5600004196167,44579
2026-10-05 10:47:00,1791211620,USAR,13.555000305175781,13.569999694824219,13.550000190734863,13.5600004196167,30524
2026-10-05 10:48:00,1791211680,USAR,13.5600004196167,13.569999694824219,13.5600004196167,13.5649995803833,13455
2026-10-05 10:49:00,1791211740,USAR,13.5600004196167,13.569999694824219,13.545000076293945,13.550000190734863,35978
2026-10-05 10:50:00,1791211800,USAR,13.555100440979004,13.57859992980957,13.552000045776367,13.57859992980957,20227
2026-10-05 10:51:00,1791211860,USAR,13.579999923706055,13.59000015258789,13.5600004196167,13.5649995803833,33925
2026-10-05 10:52:00,1791211920,USAR,13.5600004196167,13.569899559020996,13.555000305175781,13.555000305175781,30077
2026-10-05 10:53:00,1791211980,USAR,13.550000190734863,13.59000015258789,13.550000190734863,13.582799911499023,21602
2026-10-05 10:54:00,1791212040,USAR,13.585000038146973,13.60990047454834,13.579999923706055,13.59000015258789,23732
2026-10-05 10:55:00,1791212100,USAR,13.59000015258789,13.619999885559082,13.59000015258789,13.604999542236328,33199
2026-10-05 10:56:00,1791212160,USAR,13.60990047454834,13.625,13.60990047454834,13.619999885559082,6474
2026-10-05 10:57:00,1791212220,USAR,13.625,13.649999618530273,13.619999885559082,13.645000457763672,45135
2026-10-05 10:58:00,1791212280,USAR,13.649999618530273,13.654999732971191,13.640000343322754,13.645000457763672,15139
2026-10-05 10:59:00,1791212340,USAR,13.649999618530273,13.6899995803833,13.645000457763672,13.645000457763672,54510
2026-10-05 11:00:00,1791212400,USAR,13.649999618530273,13.675000190734863,13.649999618530273,13.675000190734863,21075
2026-10-05 11:01:00,1791212460,USAR,13.675000190734863,13.675000190734863,13.609999656677246,13.619999885559082,56868
2026-10-05 11:02:00,1791212520,USAR,13.625,13.625,13.600000381469727,13.619999885559082,16793
2026-10-05 11:03:00,1791212580,USAR,13.625,13.625,13.595000267028809,13.600000381469727,57704
2026-10-05 11:04:00,1791212640,USAR,13.604999542236328,13.60830020904541,13.595000267028809,13.595000267028809,3671
2026-10-05 11:05:00,1791212700,USAR,13.595000267028809,13.595000267028809,13.579999923706055,13.585000038146973,12202
2026-10-05 11:06:00,1791212760,USAR,13.574999809265137,13.595000267028809,13.569999694824219,13.569999694824219,14188
2026-10-05 11:07:00,1791212820,USAR,13.569999694824219,13.574999809265137,13.5600004196167,13.569999694824219,13646
2026-10-05 11:08:00,1791212880,USAR,13.574999809265137,13.574999809265137,13.555000305175781,13.555000305175781,10597
2026-10-05 11:09:00,1791212940,USAR,13.555000305175781,13.5600004196167,13.539999961853027,13.545000076293945,22383
2026-10-05 11:10:00,1791213000,USAR,13.545000076293945,13.568499565124512,13.545000076293945,13.568499565124512,8195
2026-10-05 11:11:00,1791213060,USAR,13.5600004196167,13.569999694824219,13.550000190734863,13.5649995803833,5672
2026-10-05 11:12:00,1791213120,USAR,13.5600004196167,13.5649995803833,13.539999961853027,13.539999961853027,12739
2026-10-05 11:13:00,1791213180,USAR,13.53499984741211,13.54990005493164,13.53499984741211,13.543899536132812,7815
2026-10-05 11:14:00,1791213240,USAR,13.539999961853027,13.550000190734863,13.529999732971191,13.53499984741211,10776
2026-10-05 11:15:00,1791213300,USAR,13.537099838256836,13.537099838256836,13.529500007629395,13.529999732971191,10593
2026-10-05 11:16:00,1791213360,USAR,13.524999618530273,13.53499984741211,13.521499633789062,13.53499984741211,11682
2026-10-05 11:17:00,1791213420,USAR,13.53499984741211,13.53499984741211,13.520000457763672,13.529899597167969,17313
2026-10-05 11:18:00,1791213480,USAR,13.524999618530273,13.545000076293945,13.524999618530273,13.539999961853027,11941
2026-10-05 11:19:00,1791213540,USAR,13.53499984741211,13.539999961853027,13.524999618530273,13.524999618530273,14295
2026-10-05 11:20:00,1791213600,USAR,13.524999618530273,13.529800415039062,13.520000457763672,13.524999618530273,3073
2026-10-05 11:21:00,1791213660,USAR,13.524999618530273,13.535799980163574,13.520000457763672,13.524999618530273,14662
2026-10-05 11:22:00,1791213720,USAR,13.524999618530273,13.524999618530273,13.510100364685059,13.515000343322754,12714
2026-10-05 11:23:00,1791213780,USAR,13.515299797058105,13.53499984741211,13.515000343322754,13.53499984741211,17957
2026-10-05 11:24:00,1791213840,USAR,13.53499984741211,13.539999961853027,13.53499984741211,13.53499984741211,8237
2026-10-05 11:25:00,1791213900,USAR,13.53499984741211,13.539999961853027,13.524999618530273,13.539999961853027,10307
2026-10-05 11:26:00,1791213960,USAR,13.53499984741211,13.53499984741211,13.520000457763672,13.529999732971191,20307
2026-10-05 11:27:00,1791214020,USAR,13.524999618530273,13.539999961853027,13.520000457763672,13.53499984741211,19534
2026-10-05 11:28:00,1791214080,USAR,13.53499984741211,13.53499984741211,13.520000457763672,13.524999618530273,14371
2026-10-05 11:29:00,1791214140,USAR,13.520000457763672,13.529999732971191,13.515000343322754,13.51990032196045,9789
2026-10-05 11:30:00,1791214200,USAR,13.515000343322754,13.515000343322754,13.505000114440918,13.515000343322754,54178
2026-10-05 11:31:00,1791214260,USAR,13.515000343322754,13.525899887084961,13.515000343322754,13.524999618530273,24641
2026-10-05 11:32:00,1791214320,USAR,13.524999618530273,13.53499984741211,13.520000457763672,13.524999618530273,24780
2026-10-05 11:33:00,1791214380,USAR,13.525799751281738,13.550000190734863,13.525799751281738,13.545000076293945,8678
2026-10-05 11:34:00,1791214440,USAR,13.54990005493164,13.550000190734863,13.53499984741211,13.545000076293945,26779
2026-10-05 11:35:00,1791214500,USAR,13.550000190734863,13.5600004196167,13.539999961853027,13.555000305175781,10132
2026-10-05 11:36:00,1791214560,USAR,13.555000305175781,13.569999694824219,13.555000305175781,13.5649995803833,10490
2026-10-05 11:37:00,1791214620,USAR,13.5600004196167,13.579999923706055,13.555000305175781,13.579999923706055,22521
2026-10-05 11:38:00,1791214680,USAR,13.574999809265137,13.59000015258789,13.574999809265137,13.574999809265137,15057
2026-10-05 11:39:00,1791214740,USAR,13.579899787902832,13.585000038146973,13.574999809265137,13.585000038146973,9864
2026-10-05 11:40:00,1791214800,USAR,13.59000015258789,13.600000381469727,13.59000015258789,13.595000267028809,12871
2026-10-05 11:41:00,1791214860,USAR,13.595000267028809,13.595000267028809,13.579999923706055,13.59000015258789,18621
2026-10-05 11:42:00,1791214920,USAR,13.585000038146973,13.59000015258789,13.579999923706055,13.585000038146973,20851
2026-10-05 11:43:00,1791214980,USAR,13.585000038146973,13.600000381469727,13.581500053405762,13.581500053405762,20063
2026-10-05 11:44:00,1791215040,USAR,13.579999923706055,13.59000015258789,13.5649995803833,13.5649995803833,15483
2026-10-05 11:45:00,1791215100,USAR,13.5649995803833,13.5649995803833,13.5600004196167,13.5649995803833,8072
2026-10-05 11:46:00,1791215160,USAR,13.5649995803833,13.5649995803833,13.5600004196167,13.5600004196167,3503
2026-10-05 11:47:00,1791215220,USAR,13.5649995803833,13.569999694824219,13.560099601745605,13.5649995803833,3673
2026-10-05 11:48:00,1791215280,USAR,13.5649995803833,13.579999923706055,13.5649995803833,13.574999809265137,9844
2026-10-05 11:49:00,1791215340,USAR,13.570099830627441,13.578499794006348,13.570099830627441,13.574999809265137,13814
2026-10-05 11:50:00,1791215400,USAR,13.574999809265137,13.579999923706055,13.570099830627441,13.579999923706055,7578
2026-10-05 11:51:00,1791215460,USAR,13.579999923706055,13.585000038146973,13.569999694824219,13.57859992980957,8690
2026-10-05 11:52:00,1791215520,USAR,13.570099830627441,13.6072998046875,13.570099830627441,13.600000381469727,19019
2026-10-05 11:53:00,1791215580,USAR,13.600000381469727,13.600000381469727,13.59000015258789,13.595000267028809,9812
2026-10-05 11:54:00,1791215640,USAR,13.590100288391113,13.590100288391113,13.579999923706055,13.585000038146973,14805
2026-10-05 11:55:00,1791215700,USAR,13.579999923706055,13.59000015258789,13.569999694824219,13.59000015258789,9862
2026-10-05 11:56:00,1791215760,USAR,13.59000015258789,13.600000381469727,13.59000015258789,13.600000381469727,9390
2026-10-05 11:57:00,1791215820,USAR,13.604999542236328,13.604999542236328,13.579999923706055,13.585000038146973,13692
2026-10-05 11:58:00,1791215880,USAR,13.585000038146973,13.585000038146973,13.562299728393555,13.579999923706055,11612
2026-10-05 11:59:00,1791215940,USAR,13.574999809265137,13.574999809265137,13.5600004196167,13.5649995803833,13487
2026-10-05 12:00:00,1791216000,USAR,13.5600004196167,13.5649995803833,13.555000305175781,13.555000305175781,11303
2026-10-05 12:01:00,1791216060,USAR,13.553500175476074,13.5600004196167,13.539999961853027,13.545000076293945,12420
2026-10-05 12:02:00,1791216120,USAR,13.545000076293945,13.545000076293945,13.530200004577637,13.53499984741211,17688
2026-10-05 12:03:00,1791216180,USAR,13.53499984741211,13.545000076293945,13.524999618530273,13.545000076293945,12837
2026-10-05 12:04:00,1791216240,USAR,13.545000076293945,13.545000076293945,13.510000228881836,13.515000343322754,18529
2026-10-05 12:05:00,1791216300,USAR,13.515000343322754,13.518600463867188,13.510100364685059,13.515000343322754,2713
2026-10-05 12:06:00,1791216360,USAR,13.518600463867188,13.518600463867188,13.505000114440918,13.510000228881836,14297
2026-10-05 12:07:00,1791216420,USAR,13.505000114440918,13.510000228881836,13.5,13.5,23381
2026-10-05 12:08:00,1791216480,USAR,13.494999885559082,13.5,13.490099906921387,13.494999885559082,2898
2026-10-05 12:09:00,1791216540,USAR,13.5,13.510000228881836,13.5,13.510000228881836,8288
2026-10-05 12:10:00,1791216600,USAR,13.507399559020996,13.520000457763672,13.507399559020996,13.515000343322754,19302
2026-10-05 12:11:00,1791216660,USAR,13.515000343322754,13.520000457763672,13.510000228881836,13.515000343322754,3350
2026-10-05 12:12:00,1791216720,USAR,13.515000343322754,13.515000343322754,13.505000114440918,13.515000343322754,10398
2026-10-05 12:13:00,1791216780,USAR,13.515000343322754,13.515000343322754,13.505000114440918,13.505000114440918,11944
2026-10-05 12:14:00,1791216840,USAR,13.510000228881836,13.515000343322754,13.505000114440918,13.510000228881836,7362
2026-10-05 12:15:00,1791216900,USAR,13.510000228881836,13.510000228881836,13.484999656677246,13.484999656677246,20226
2026-10-05 12:16:00,1791216960,USAR,13.484999656677246,13.494999885559082,13.484999656677246,13.484999656677246,8254
2026-10-05 12:17:00,1791217020,USAR,13.489999771118164,13.5,13.489999771118164,13.5,7300
2026-10-05 12:18:00,1791217080,USAR,13.498200416564941,13.520000457763672,13.498200416564941,13.515000343322754,19762
2026-10-05 12:19:00,1791217140,USAR,13.520000457763672,13.520000457763672,13.505000114440918,13.510000228881836,9692
2026-10-05 12:20:00,1791217200,USAR,13.505000114440918,13.509900093078613,13.5,13.5,4599
2026-10-05 12:21:00,1791217260,USAR,13.5,13.510000228881836,13.489999771118164,13.5,21863
2026-10-05 12:22:00,1791217320,USAR,13.494999885559082,13.5,13.494999885559082,13.5,5728
2026-10-05 12:23:00,1791217380,USAR,13.494999885559082,13.508600234985352,13.489999771118164,13.505000114440918,9875
2026-10-05 12:24:00,1791217440,USAR,13.505000114440918,13.529999732971191,13.505000114440918,13.529999732971191,16340
2026-10-05 12:25:00,1791217500,USAR,13.520000457763672,13.520000457763672,13.515000343322754,13.518600463867188,4389
2026-10-05 12:26:00,1791217560,USAR,13.515000343322754,13.520000457763672,13.510000228881836,13.515000343322754,3628
2026-10-05 12:27:00,1791217620,USAR,13.515000343322754,13.520000457763672,13.510000228881836,13.515000343322754,25185
2026-10-05 12:28:00,1791217680,USAR,13.515000343322754,13.515000343322754,13.510100364685059,13.510100364685059,3112
2026-10-05 12:29:00,1791217740,USAR,13.520000457763672,13.529999732971191,13.520000457763672,13.524999618530273,7511
2026-10-05 12:30:00,1791217800,USAR,13.524999618530273,13.529999732971191,13.520000457763672,13.520099639892578,6894
2026-10-05 12:31:00,1791217860,USAR,13.529999732971191,13.529999732971191,13.520000457763672,13.524999618530273,7810
2026-10-05 12:32:00,1791217920,USAR,13.520000457763672,13.520000457763672,13.510000228881836,13.518899917602539,7439
2026-10-05 12:33:00,1791217980,USAR,13.520000457763672,13.524999618530273,13.520000457763672,13.520000457763672,7095
2026-10-05 12:34:00,1791218040,USAR,13.529999732971191,13.529999732971191,13.524999618530273,13.524999618530273,1673
2026-10-05 12:35:00,1791218100,USAR,13.520000457763672,13.520000457763672,13.510000228881836,13.510000228881836,14880
2026-10-05 12:36:00,1791218160,USAR,13.510100364685059,13.515000343322754,13.506999969482422,13.506999969482422,8040
2026-10-05 12:37:00,1791218220,USAR,13.505000114440918,13.510000228881836,13.5,13.505000114440918,9805
2026-10-05 12:38:00,1791218280,USAR,13.500100135803223,13.500100135803223,13.489999771118164,13.492899894714355,15590
2026-10-05 12:39:00,1791218340,USAR,13.494999885559082,13.5,13.494999885559082,13.494999885559082,3101
2026-10-05 12:41:00,1791218460,USAR,13.5,13.5,13.494999885559082,13.494999885559082,1418
2026-10-05 12:42:00,1791218520,USAR,13.494999885559082,13.494999885559082,13.494999885559082,13.494999885559082,1807
2026-10-05 12:43:00,1791218580,USAR,13.494999885559082,13.5,13.494999885559082,13.5,8625
2026-10-05 12:44:00,1791218640,USAR,13.505000114440918,13.509900093078613,13.505000114440918,13.509900093078613,6045
2026-10-05 12:45:00,1791218700,USAR,13.510000228881836,13.555000305175781,13.5,13.555000305175781,65200
2026-10-05 12:46:00,1791218760,USAR,13.555000305175781,13.569999694824219,13.550000190734863,13.5649995803833,17670
2026-10-05 12:47:00,1791218820,USAR,13.5649995803833,13.569999694824219,13.555000305175781,13.5600004196167,13616
2026-10-05 12:48:00,1791218880,USAR,13.5600004196167,13.569999694824219,13.5600004196167,13.5649995803833,10308
2026-10-05 12:49:00,1791218940,USAR,13.5649995803833,13.5649995803833,13.550100326538086,13.555000305175781,6563
2026-10-05 12:50:00,1791219000,USAR,13.555000305175781,13.5600004196167,13.550100326538086,13.5600004196167,2910
2026-10-05 12:51:00,1791219060,USAR,13.5600004196167,13.569999694824219,13.5600004196167,13.569999694824219,6713
2026-10-05 12:52:00,1791219120,USAR,13.579999923706055,13.579999923706055,13.5649995803833,13.574999809265137,17298
2026-10-05 12:53:00,1791219180,USAR,13.569999694824219,13.579999923706055,13.569999694824219,13.569999694824219,9007
2026-10-05 12:54:00,1791219240,USAR,13.574999809265137,13.57859992980957,13.5649995803833,13.5649995803833,4143
2026-10-05 12:55:00,1791219300,USAR,13.5649995803833,13.5649995803833,13.550100326538086,13.5600004196167,4519
2026-10-05 12:56:00,1791219360,USAR,13.555000305175781,13.5600004196167,13.550000190734863,13.555000305175781,7928
2026-10-05 12:57:00,1791219420,USAR,13.550100326538086,13.557499885559082,13.545000076293945,13.545000076293945,5982
2026-10-05 12:58:00,1791219480,USAR,13.54990005493164,13.550000190734863,13.54010009765625,13.549500465393066,6953
2026-10-05 12:59:00,1791219540,USAR,13.545000076293945,13.555000305175781,13.545000076293945,13.555000305175781,20414
2026-10-05 13:00:00,1791219600,USAR,13.555000305175781,13.555000305175781,13.539999961853027,13.54010009765625,13025
2026-10-05 13:01:00,1791219660,USAR,13.539999961853027,13.539999961853027,13.529999732971191,13.53499984741211,13235
2026-10-05 13:02:00,1791219720,USAR,13.53499984741211,13.539999961853027,13.520000457763672,13.529999732971191,9753
2026-10-05 13:03:00,1791219780,USAR,13.529999732971191,13.529999732971191,13.520000457763672,13.524999618530273,4072
2026-10-05 13:04:00,1791219840,USAR,13.524999618530273,13.529999732971191,13.524999618530273,13.529899597167969,9827
2026-10-05 13:05:00,1791219900,USAR,13.520000457763672,13.520000457763672,13.5,13.510000228881836,10751
2026-10-05 13:06:00,1791219960,USAR,13.505000114440918,13.520000457763672,13.5,13.520000457763672,9886
2026-10-05 13:07:00,1791220020,USAR,13.529899597167969,13.529999732971191,13.520000457763672,13.524999618530273,4151
2026-10-05 13:08:00,1791220080,USAR,13.520000457763672,13.527700424194336,13.520000457763672,13.527700424194336,2004
2026-10-05 13:09:00,1791220140,USAR,13.520000457763672,13.524999618530273,13.515000343322754,13.515000343322754,3284
2026-10-05 13:10:00,1791220200,USAR,13.515000343322754,13.520000457763672,13.510000228881836,13.520000457763672,4764
2026-10-05 13:11:00,1791220260,USAR,13.520000457763672,13.520000457763672,13.515000343322754,13.515000343322754,7643
2026-10-05 13:12:00,1791220320,USAR,13.515000343322754,13.515000343322754,13.514599800109863,13.514599800109863,3349
2026-10-05 13:13:00,1791220380,USAR,13.515000343322754,13.515000343322754,13.505000114440918,13.505000114440918,7219
2026-10-05 13:14:00,1791220440,USAR,13.505000114440918,13.505000114440918,13.505000114440918,13.505000114440918,281
2026-10-05 13:15:00,1791220500,USAR,13.505000114440918,13.515000343322754,13.505000114440918,13.510000228881836,8255
2026-10-05 13:16:00,1791220560,USAR,13.510000228881836,13.510000228881836,13.505000114440918,13.509900093078613,2954
2026-10-05 13:17:00,1791220620,USAR,13.5,13.509900093078613,13.5,13.509900093078613,15492
2026-10-05 13:18:00,1791220680,USAR,13.505000114440918,13.505000114440918,13.505000114440918,13.505000114440918,640
2026-10-05 13:19:00,1791220740,USAR,13.500499725341797,13.515000343322754,13.494999885559082,13.515000343322754,40215
2026-10-05 13:20:00,1791220800,USAR,13.512499809265137,13.515000343322754,13.512499809265137,13.515000343322754,3967
2026-10-05 13:21:00,1791220860,USAR,13.515000343322754,13.520000457763672,13.510000228881836,13.510100364685059,5035
2026-10-05 13:22:00,1791220920,USAR,13.510100364685059,13.510100364685059,13.5,13.505000114440918,6037
2026-10-05 13:23:00,1791220980,USAR,13.5,13.509900093078613,13.5,13.509900093078613,2403
2026-10-05 13:24:00,1791221040,USAR,13.509099960327148,13.510000228881836,13.5,13.510000228881836,5020
2026-10-05 13:25:00,1791221100,USAR,13.510000228881836,13.520000457763672,13.510000228881836,13.515000343322754,6309
2026-10-05 13:26:00,1791221160,USAR,13.515000343322754,13.520000457763672,13.515000343322754,13.515000343322754,3367
2026-10-05 13:27:00,1791221220,USAR,13.520000457763672,13.524999618530273,13.515000343322754,13.515000343322754,15695
2026-10-05 13:28:00,1791221280,USAR,13.515000343322754,13.515000343322754,13.515000343322754,13.515000343322754,2165
2026-10-05 13:29:00,1791221340,USAR,13.510000228881836,13.520000457763672,13.510000228881836,13.515000343322754,2665
2026-10-05 13:30:00,1791221400,USAR,13.510199546813965,13.515000343322754,13.5,13.505000114440918,12831
2026-10-05 13:31:00,1791221460,USAR,13.508600234985352,13.510100364685059,13.508600234985352,13.510100364685059,6197
2026-10-05 13:32:00,1791221520,USAR,13.515000343322754,13.520000457763672,13.510100364685059,13.510100364685059,5277
2026-10-05 13:33:00,1791221580,USAR,13.515000343322754,13.515000343322754,13.5,13.505000114440918,9033
2026-10-05 13:34:00,1791221640,USAR,13.510000228881836,13.510000228881836,13.505000114440918,13.505000114440918,4547
2026-10-05 13:35:00,1791221700,USAR,13.50570011138916,13.510000228881836,13.5,13.510000228881836,8334
2026-10-05 13:36:00,1791221760,USAR,13.515000343322754,13.515000343322754,13.510000228881836,13.515000343322754,7107
2026-10-05 13:37:00,1791221820,USAR,13.520000457763672,13.529999732971191,13.520000457763672,13.529999732971191,13035
2026-10-05 13:38:00,1791221880,USAR,13.529999732971191,13.529999732971191,13.520000457763672,13.529999732971191,5749
2026-10-05 13:39:00,1791221940,USAR,13.529999732971191,13.539999961853027,13.529999732971191,13.53499984741211,5658
2026-10-05 13:40:00,1791222000,USAR,13.539999961853027,13.539999961853027,13.53499984741211,13.539999961853027,7066
2026-10-05 13:41:00,1791222060,USAR,13.539999961853027,13.5600004196167,13.539999961853027,13.5600004196167,10484
2026-10-05 13:42:00,1791222120,USAR,13.555000305175781,13.5600004196167,13.539999961853027,13.539999961853027,11304
2026-10-05 13:43:00,1791222180,USAR,13.545000076293945,13.5600004196167,13.54010009765625,13.551400184631348,19812
2026-10-05 13:44:00,1791222240,USAR,13.550000190734863,13.550000190734863,13.545000076293945,13.545000076293945,9143
2026-10-05 13:45:00,1791222300,USAR,13.545000076293945,13.550000190734863,13.529999732971191,13.53499984741211,13198
2026-10-05 13:46:00,1791222360,USAR,13.529999732971191,13.529999732971191,13.520000457763672,13.52910041809082,9103
2026-10-05 13:47:00,1791222420,USAR,13.524999618530273,13.528599739074707,13.520099639892578,13.528599739074707,2895
2026-10-05 13:48:00,1791222480,USAR,13.524999618530273,13.529999732971191,13.515000343322754,13.529999732971191,14670
2026-10-05 13:49:00,1791222540,USAR,13.529999732971191,13.550000190734863,13.529999732971191,13.550000190734863,6630
2026-10-05 13:50:00,1791222600,USAR,13.545000076293945,13.550000190734863,13.529999732971191,13.529999732971191,5039
2026-10-05 13:51:00,1791222660,USAR,13.53499984741211,13.545000076293945,13.53499984741211,13.540200233459473,12353
2026-10-05 13:52:00,1791222720,USAR,13.544099807739258,13.550000190734863,13.544099807739258,13.550000190734863,2213
2026-10-05 13:53:00,1791222780,USAR,13.542200088500977,13.548600196838379,13.539999961853027,13.539999961853027,7351
2026-10-05 13:54:00,1791222840,USAR,13.53499984741211,13.539899826049805,13.53499984741211,13.53499984741211,3958
2026-10-05 13:55:00,1791222900,USAR,13.53499984741211,13.545000076293945,13.53499984741211,13.53499984741211,14718
2026-10-05 13:56:00,1791222960,USAR,13.53499984741211,13.545000076293945,13.53499984741211,13.545000076293945,9199
2026-10-05 13:57:00,1791223020,USAR,13.550000190734863,13.5600004196167,13.546099662780762,13.5600004196167,15279
2026-10-05 13:58:00,1791223080,USAR,13.555000305175781,13.5600004196167,13.550000190734863,13.552399635314941,5024
2026-10-05 13:59:00,1791223140,USAR,13.552499771118164,13.5600004196167,13.548600196838379,13.550000190734863,8553
2026-10-05 14:00:00,1791223200,USAR,13.545000076293945,13.5600004196167,13.543800354003906,13.550000190734863,17698
2026-10-05 14:01:00,1791223260,USAR,13.545000076293945,13.5600004196167,13.54010009765625,13.555000305175781,11726
2026-10-05 14:02:00,1791223320,USAR,13.555000305175781,13.555000305175781,13.53499984741211,13.54010009765625,15078
2026-10-05 14:03:00,1791223380,USAR,13.54010009765625,13.569999694824219,13.54010009765625,13.5649995803833,9798
2026-10-05 14:04:00,1791223440,USAR,13.569899559020996,13.569999694824219,13.555000305175781,13.555000305175781,7243
2026-10-05 14:05:00,1791223500,USAR,13.5600004196167,13.5600004196167,13.545000076293945,13.555000305175781,13825
2026-10-05 14:06:00,1791223560,USAR,13.559900283813477,13.5600004196167,13.539999961853027,13.539999961853027,7584
2026-10-05 14:07:00,1791223620,USAR,13.545000076293945,13.54990005493164,13.53030014038086,13.539999961853027,19106
2026-10-05 14:08:00,1791223680,USAR,13.539999961853027,13.539999961853027,13.53499984741211,13.53499984741211,8696
2026-10-05 14:09:00,1791223740,USAR,13.529999732971191,13.539899826049805,13.529999732971191,13.53499984741211,6771
2026-10-05 14:10:00,1791223800,USAR,13.529999732971191,13.529999732971191,13.521699905395508,13.521699905395508,6483
2026-10-05 14:11:00,1791223860,USAR,13.520000457763672,13.529999732971191,13.520000457763672,13.529999732971191,5058
2026-10-05 14:12:00,1791223920,USAR,13.524999618530273,13.524999618530273,13.51140022277832,13.515000343322754,8818
2026-10-05 14:13:00,1791223980,USAR,13.520000457763672,13.520000457763672,13.510000228881836,13.51140022277832,12519
2026-10-05 14:14:00,1791224040,USAR,13.515000343322754,13.51990032196045,13.505000114440918,13.514399528503418,13796
2026-10-05 14:15:00,1791224100,USAR,13.51099967956543,13.515000343322754,13.505000114440918,13.515000343322754,11755
2026-10-05 14:16:00,1791224160,USAR,13.515000343322754,13.520000457763672,13.510100364685059,13.520000457763672,4536
2026-10-05 14:17:00,1791224220,USAR,13.520000457763672,13.520000457763672,13.510000228881836,13.515000343322754,1532
2026-10-05 14:18:00,1791224280,USAR,13.510499954223633,13.511300086975098,13.494999885559082,13.505000114440918,33049
2026-10-05 14:19:00,1791224340,USAR,13.5,13.505000114440918,13.5,13.5,13882
2026-10-05 14:20:00,1791224400,USAR,13.5,13.5,13.490099906921387,13.490099906921387,24126
2026-10-05 14:21:00,1791224460,USAR,13.5,13.510000228881836,13.499899864196777,13.505000114440918,12488
2026-10-05 14:22:00,1791224520,USAR,13.509900093078613,13.510000228881836,13.500100135803223,13.510000228881836,9677
2026-10-05 14:23:00,1791224580,USAR,13.5,13.520000457763672,13.5,13.517600059509277,15277
2026-10-05 14:24:00,1791224640,USAR,13.515000343322754,13.520000457763672,13.510100364685059,13.515000343322754,6708
2026-10-05 14:25:00,1791224700,USAR,13.510000228881836,13.529999732971191,13.510000228881836,13.524999618530273,20240
2026-10-05 14:26:00,1791224760,USAR,13.520000457763672,13.529999732971191,13.515000343322754,13.515000343322754,12230
2026-10-05 14:27:00,1791224820,USAR,13.515000343322754,13.515000343322754,13.515000343322754,13.515000343322754,1298
2026-10-05 14:28:00,1791224880,USAR,13.520000457763672,13.524999618530273,13.51140022277832,13.515000343322754,30922
2026-10-05 14:29:00,1791224940,USAR,13.520000457763672,13.520000457763672,13.505000114440918,13.505000114440918,7099
2026-10-05 14:30:00,1791225000,USAR,13.505000114440918,13.510000228881836,13.500300407409668,13.505200386047363,3558
2026-10-05 14:31:00,1791225060,USAR,13.505000114440918,13.510000228881836,13.494999885559082,13.494999885559082,18274
2026-10-05 14:32:00,1791225120,USAR,13.494999885559082,13.5,13.494999885559082,13.494999885559082,8934
2026-10-05 14:33:00,1791225180,USAR,13.5,13.5,13.491999626159668,13.5,3070
2026-10-05 14:34:00,1791225240,USAR,13.489999771118164,13.494999885559082,13.484999656677246,13.489999771118164,36875
2026-10-05 14:35:00,1791225300,USAR,13.489999771118164,13.496999740600586,13.489999771118164,13.494999885559082,8928
2026-10-05 14:36:00,1791225360,USAR,13.494999885559082,13.494999885559082,13.484999656677246,13.489999771118164,7658
2026-10-05 14:37:00,1791225420,USAR,13.484999656677246,13.484999656677246,13.479999542236328,13.479999542236328,3686
2026-10-05 14:38:00,1791225480,USAR,13.484999656677246,13.487799644470215,13.475000381469727,13.475000381469727,12772
2026-10-05 14:39:00,1791225540,USAR,13.47070026397705,13.479999542236328,13.470000267028809,13.475000381469727,5425
2026-10-05 14:40:00,1791225600,USAR,13.475000381469727,13.475000381469727,13.463000297546387,13.475000381469727,17932
2026-10-05 14:41:00,1791225660,USAR,13.470100402832031,13.475000381469727,13.470100402832031,13.475000381469727,2970
2026-10-05 14:42:00,1791225720,USAR,13.479900360107422,13.479999542236328,13.475000381469727,13.475000381469727,13503
2026-10-05 14:43:00,1791225780,USAR,13.475000381469727,13.479999542236328,13.470000267028809,13.475000381469727,13635
2026-10-05 14:44:00,1791225840,USAR,13.475000381469727,13.477800369262695,13.470000267028809,13.475000381469727,9620
2026-10-05 14:45:00,1791225900,USAR,13.475000381469727,13.475000381469727,13.46500015258789,13.46500015258789,37042
2026-10-05 14:46:00,1791225960,USAR,13.46310043334961,13.470000267028809,13.460000038146973,13.460000038146973,5487
2026-10-05 14:47:00,1791226020,USAR,13.46500015258789,13.510000228881836,13.46500015258789,13.510000228881836,30138
2026-10-05 14:48:00,1791226080,USAR,13.510000228881836,13.515000343322754,13.505000114440918,13.50979995727539,21884
2026-10-05 14:49:00,1791226140,USAR,13.5,13.51830005645752,13.5,13.517900466918945,8076
2026-10-05 14:50:00,1791226200,USAR,13.515000343322754,13.515000343322754,13.50160026550293,13.50160026550293,7208
2026-10-05 14:51:00,1791226260,USAR,13.508199691772461,13.520000457763672,13.5,13.520000457763672,13217
2026-10-05 14:52:00,1791226320,USAR,13.524999618530273,13.539999961853027,13.520000457763672,13.539999961853027,19519
2026-10-05 14:53:00,1791226380,USAR,13.53499984741211,13.550000190734863,13.529999732971191,13.550000190734863,5396
2026-10-05 14:54:00,1791226440,USAR,13.545000076293945,13.5600004196167,13.545000076293945,13.558199882507324,10377
2026-10-05 14:55:00,1791226500,USAR,13.555000305175781,13.579999923706055,13.555000305175781,13.579999923706055,16731
2026-10-05 14:56:00,1791226560,USAR,13.574999809265137,13.574999809265137,13.570099830627441,13.574999809265137,5093
2026-10-05 14:57:00,1791226620,USAR,13.574999809265137,13.585000038146973,13.574999809265137,13.574999809265137,24772
2026-10-05 14:58:00,1791226680,USAR,13.579999923706055,13.579999923706055,13.574999809265137,13.579999923706055,5515
2026-10-05 14:59:00,1791226740,USAR,13.59000015258789,13.600000381469727,13.579999923706055,13.585000038146973,10899
2026-10-05 15:00:00,1791226800,USAR,13.59000015258789,13.59000015258789,13.574999809265137,13.59000015258789,9370
2026-10-05 15:01:00,1791226860,USAR,13.585000038146973,13.59000015258789,13.585000038146973,13.585000038146973,5497
2026-10-05 15:02:00,1791226920,USAR,13.59000015258789,13.600000381469727,13.581999778747559,13.595000267028809,6449
2026-10-05 15:03:00,1791226980,USAR,13.600000381469727,13.600000381469727,13.595000267028809,13.595000267028809,5562
2026-10-05 15:04:00,1791227040,USAR,13.595000267028809,13.60789966583252,13.595000267028809,13.597100257873535,13738
2026-10-05 15:05:00,1791227100,USAR,13.595000267028809,13.604999542236328,13.59000015258789,13.59000015258789,10796
2026-10-05 15:06:00,1791227160,USAR,13.585000038146973,13.58650016784668,13.569999694824219,13.569999694824219,20213
2026-10-05 15:07:00,1791227220,USAR,13.579999923706055,13.579999923706055,13.550100326538086,13.5600004196167,4862
2026-10-05 15:08:00,1791227280,USAR,13.5600004196167,13.569899559020996,13.550000190734863,13.5600004196167,15626
2026-10-05 15:09:00,1791227340,USAR,13.555000305175781,13.5649995803833,13.555000305175781,13.5649995803833,4838
2026-10-05 15:10:00,1791227400,USAR,13.56190013885498,13.574999809265137,13.56190013885498,13.574999809265137,8571
2026-10-05 15:11:00,1791227460,USAR,13.574999809265137,13.585000038146973,13.57229995727539,13.574999809265137,9287
2026-10-05 15:12:00,1791227520,USAR,13.574999809265137,13.579999923706055,13.574999809265137,13.579999923706055,8044
2026-10-05 15:13:00,1791227580,USAR,13.585000038146973,13.585000038146973,13.580100059509277,13.585000038146973,2741
2026-10-05 15:14:00,1791227640,USAR,13.59000015258789,13.595000267028809,13.585000038146973,13.585000038146973,20480
2026-10-05 15:15:00,1791227700,USAR,13.579999923706055,13.579999923706055,13.5649995803833,13.570099830627441,24795
2026-10-05 15:16:00,1791227760,USAR,13.574999809265137,13.574999809265137,13.5600004196167,13.569999694824219,7980
2026-10-05 15:17:00,1791227820,USAR,13.574999809265137,13.574999809265137,13.555000305175781,13.555000305175781,7956
2026-10-05 15:18:00,1791227880,USAR,13.5600004196167,13.5600004196167,13.550000190734863,13.555000305175781,4508
2026-10-05 15:19:00,1791227940,USAR,13.5600004196167,13.569999694824219,13.555000305175781,13.5649995803833,4200
2026-10-05 15:20:00,1791228000,USAR,13.5649995803833,13.579999923706055,13.5649995803833,13.574999809265137,19585
2026-10-05 15:21:00,1791228060,USAR,13.576299667358398,13.579999923706055,13.569999694824219,13.569999694824219,3636
2026-10-05 15:22:00,1791228120,USAR,13.571999549865723,13.572400093078613,13.555000305175781,13.569999694824219,26668
2026-10-05 15:23:00,1791228180,USAR,13.5649995803833,13.5649995803833,13.555000305175781,13.555000305175781,9657
2026-10-05 15:24:00,1791228240,USAR,13.5600004196167,13.5600004196167,13.555000305175781,13.555000305175781,7078
2026-10-05 15:25:00,1791228300,USAR,13.555000305175781,13.557999610900879,13.550000190734863,13.555000305175781,5859
2026-10-05 15:26:00,1791228360,USAR,13.555000305175781,13.5600004196167,13.550000190734863,13.555000305175781,10898
2026-10-05 15:27:00,1791228420,USAR,13.559900283813477,13.559900283813477,13.545000076293945,13.545000076293945,12369
2026-10-05 15:28:00,1791228480,USAR,13.539999961853027,13.54990005493164,13.530099868774414,13.53499984741211,16949
2026-10-05 15:29:00,1791228540,USAR,13.529999732971191,13.53499984741211,13.520000457763672,13.524999618530273,9283
2026-10-05 15:30:00,1791228600,USAR,13.524999618530273,13.529999732971191,13.520000457763672,13.52929973602295,9541
2026-10-05 15:31:00,1791228660,USAR,13.524999618530273,13.529999732971191,13.520000457763672,13.524999618530273,6757
2026-10-05 15:32:00,1791228720,USAR,13.520000457763672,13.529999732971191,13.505000114440918,13.509900093078613,46390
2026-10-05 15:33:00,1791228780,USAR,13.510000228881836,13.528499603271484,13.510000228881836,13.524999618530273,16716
2026-10-05 15:34:00,1791228840,USAR,13.528599739074707,13.53499984741211,13.528599739074707,13.53499984741211,4252
2026-10-05 15:35:00,1791228900,USAR,13.538200378417969,13.538200378417969,13.524800300598145,13.524800300598145,7550
2026-10-05 15:36:00,1791228960,USAR,13.520099639892578,13.53499984741211,13.520099639892578,13.53499984741211,22136
2026-10-05 15:37:00,1791229020,USAR,13.539899826049805,13.550000190734863,13.529999732971191,13.550000190734863,12220
2026-10-05 15:38:00,1791229080,USAR,13.550000190734863,13.5649995803833,13.550000190734863,13.5649995803833,13439
2026-10-05 15:39:00,1791229140,USAR,13.5600004196167,13.5649995803833,13.550000190734863,13.555000305175781,10496
2026-10-05 15:40:00,1791229200,USAR,13.555000305175781,13.56980037689209,13.555000305175781,13.5649995803833,10533
2026-10-05 15:41:00,1791229260,USAR,13.5649995803833,13.579999923706055,13.545000076293945,13.569999694824219,53645
2026-10-05 15:42:00,1791229320,USAR,13.5649995803833,13.5649995803833,13.5600004196167,13.5649995803833,17472
2026-10-05 15:43:00,1791229380,USAR,13.567999839782715,13.569999694824219,13.5600004196167,13.5649995803833,18778
2026-10-05 15:44:00,1791229440,USAR,13.5649995803833,13.600000381469727,13.5600004196167,13.600000381469727,30118
2026-10-05 15:45:00,1791229500,USAR,13.600000381469727,13.604999542236328,13.585000038146973,13.585000038146973,34611
2026-10-05 15:46:00,1791229560,USAR,13.585000038146973,13.585000038146973,13.579999923706055,13.579999923706055,10334
2026-10-05 15:47:00,1791229620,USAR,13.574999809265137,13.59000015258789,13.574999809265137,13.583900451660156,9386
2026-10-05 15:48:00,1791229680,USAR,13.585000038146973,13.59000015258789,13.574999809265137,13.574999809265137,14919
2026-10-05 15:49:00,1791229740,USAR,13.569999694824219,13.595000267028809,13.569999694824219,13.59000015258789,13968
2026-10-05 15:50:00,1791229800,USAR,13.59000015258789,13.609999656677246,13.59000015258789,13.595000267028809,34202
2026-10-05 15:51:00,1791229860,USAR,13.595000267028809,13.600000381469727,13.585000038146973,13.585000038146973,16751
2026-10-05 15:52:00,1791229920,USAR,13.585000038146973,13.59000015258789,13.579999923706055,13.585000038146973,13184
2026-10-05 15:53:00,1791229980,USAR,13.585000038146973,13.59000015258789,13.570199966430664,13.574999809265137,29216
2026-10-05 15:54:00,1791230040,USAR,13.574999809265137,13.59000015258789,13.560099601745605,13.57800006866455,75692
2026-10-05 15:55:00,1791230100,USAR,13.569999694824219,13.585000038146973,13.5649995803833,13.585000038146973,38003
2026-10-05 15:56:00,1791230160,USAR,13.59000015258789,13.609999656677246,13.59000015258789,13.604999542236328,47480
2026-10-05 15:57:00,1791230220,USAR,13.604999542236328,13.630000114440918,13.600000381469727,13.630000114440918,82163
2026-10-05 15:58:00,1791230280,USAR,13.625,13.65999984741211,13.625,13.654999732971191,199201
2026-10-05 15:59:00,1791230340,USAR,13.654999732971191,13.664999961853027,13.630000114440918,13.649999618530273,246196
2026-10-05 16:00:00,1791230400,USAR,13.649999618530273,13.649999618530273,13.649999618530273,13.649999618530273,0
2026-10-06 09:30:00,1791293400,USAR,13.805000305175781,13.850000381469727,13.789999961853027,13.789999961853027,576880
2026-10-06 09:31:00,1791293460,USAR,13.797499656677246,13.91569995880127,13.770000457763672,13.800000190734863,123776
2026-10-06 09:32:00,1791293520,USAR,13.800000190734863,13.850000381469727,13.795000076293945,13.829999923706055,45050
2026-10-06 09:33:00,1791293580,USAR,13.829999923706055,13.899999618530273,13.819999694824219,13.869999885559082,53574
2026-10-06 09:34:00,1791293640,USAR,13.859999656677246,13.885000228881836,13.824999809265137,13.824999809265137,63165
2026-10-06 09:35:00,1791293700,USAR,13.824000358581543,13.90999984741211,13.770000457763672,13.901100158691406,118598
2026-10-06 09:36:00,1791293760,USAR,13.90999984741211,13.968500137329102,13.890000343322754,13.930000305175781,69843
2026-10-06 09:37:00,1791293820,USAR,13.930000305175781,13.949999809265137,13.89009952545166,13.930000305175781,33507
2026-10-06 09:38:00,1791293880,USAR,13.930000305175781,13.939900398254395,13.8100004196167,13.843999862670898,120435
2026-10-06 09:39:00,1791293940,USAR,13.84000015258789,13.899999618530273,13.805000305175781,13.869999885559082,173455
2026-10-06 09:40:00,1791294000,USAR,13.879899978637695,13.898699760437012,13.854999542236328,13.854999542236328,35702
2026-10-06 09:41:00,1791294060,USAR,13.854499816894531,13.9399995803833,13.852999687194824,13.885000228881836,84842
2026-10-06 09:42:00,1791294120,USAR,13.890000343322754,13.899999618530273,13.84000015258789,13.869999885559082,88050
2026-10-06 09:43:00,1791294180,USAR,13.859999656677246,13.880000114440918,13.829999923706055,13.850000381469727,34239
2026-10-06 09:44:00,1791294240,USAR,13.850000381469727,13.920000076293945,13.824999809265137,13.899999618530273,172180
2026-10-06 09:45:00,1791294300,USAR,13.890000343322754,13.920000076293945,13.829999923706055,13.869999885559082,186084
2026-10-06 09:46:00,1791294360,USAR,13.880000114440918,13.930000305175781,13.864999771118164,13.925000190734863,150573
2026-10-06 09:47:00,1791294420,USAR,13.930000305175781,13.954999923706055,13.914999961853027,13.914999961853027,71187
2026-10-06 09:48:00,1791294480,USAR,13.920000076293945,13.9350004196167,13.880000114440918,13.880000114440918,34367
2026-10-06 09:49:00,1791294540,USAR,13.890000343322754,13.90999984741211,13.850000381469727,13.902299880981445,81635
2026-10-06 09:50:00,1791294600,USAR,13.904999732971191,13.970000267028809,13.904999732971191,13.954999923706055,64878
2026-10-06 09:51:00,1791294660,USAR,13.963899612426758,13.989999771118164,13.925000190734863,13.925000190734863,58067
2026-10-06 09:52:00,1791294720,USAR,13.920000076293945,13.960000038146973,13.904999732971191,13.95989990234375,63126
2026-10-06 09:53:00,1791294780,USAR,13.954999923706055,13.954999923706055,13.899999618530273,13.918800354003906,46085
2026-10-06 09:54:00,1791294840,USAR,13.910099983215332,13.954999923706055,13.910099983215332,13.949999809265137,65053
2026-10-06 09:55:00,1791294900,USAR,13.949999809265137,13.984999656677246,13.944999694824219,13.975000381469727,48670
2026-10-06 09:56:00,1791294960,USAR,13.979999542236328,14.010000228881836,13.954999923706055,13.954999923706055,87666
2026-10-06 09:57:00,1791295020,USAR,13.960000038146973,13.960000038146973,13.830100059509277,13.851400375366211,93517
2026-10-06 09:58:00,1791295080,USAR,13.854999542236328,13.859999656677246,13.829999923706055,13.854999542236328,34960
2026-10-06 09:59:00,1791295140,USAR,13.850000381469727,13.869999885559082,13.84000015258789,13.864999771118164,28419
2026-10-06 10:00:00,1791295200,USAR,13.869999885559082,13.979999542236328,13.859999656677246,13.960100173950195,70831
2026-10-06 10:01:00,1791295260,USAR,13.960000038146973,14.010000228881836,13.954999923706055,13.984999656677246,118505
2026-10-06 10:02:00,1791295320,USAR,13.984999656677246,14.0,13.930000305175781,13.9399995803833,37270
2026-10-06 10:03:00,1791295380,USAR,13.9399995803833,13.963500022888184,13.904999732971191,13.90999984741211,29943
2026-10-06 10:04:00,1791295440,USAR,13.914999961853027,13.9399995803833,13.90999984741211,13.914999961853027,25530
2026-10-06 10:05:00,1791295500,USAR,13.914999961853027,13.930000305175781,13.899999618530273,13.930000305175781,56051
2026-10-06 10:06:00,1791295560,USAR,13.9399995803833,13.954999923706055,13.9350004196167,13.9350004196167,26155
2026-10-06 10:07:00,1791295620,USAR,13.9350004196167,13.944999694824219,13.914999961853027,13.930000305175781,17559
2026-10-06 10:08:00,1791295680,USAR,13.9399995803833,13.979999542236328,13.925000190734863,13.979999542236328,31809
2026-10-06 10:09:00,1791295740,USAR,13.969900131225586,13.989999771118164,13.969900131225586,13.979999542236328,20547
2026-10-06 10:10:00,1791295800,USAR,13.979999542236328,14.010000228881836,13.96500015258789,13.979999542236328,64016
2026-10-06 10:11:00,1791295860,USAR,13.984999656677246,13.989899635314941,13.963199615478516,13.970000267028809,12003
2026-10-06 10:12:00,1791295920,USAR,13.960000038146973,13.98859977722168,13.954999923706055,13.960000038146973,25473
2026-10-06 10:13:00,1791295980,USAR,13.970000267028809,13.970000267028809,13.944999694824219,13.957599639892578,30916
2026-10-06 10:14:00,1791296040,USAR,13.954999923706055,13.970000267028809,13.929900169372559,13.9399995803833,25066
2026-10-06 10:15:00,1791296100,USAR,13.9350004196167,13.960000038146973,13.930000305175781,13.95009994506836,22088
2026-10-06 10:16:00,1791296160,USAR,13.949999809265137,13.969900131225586,13.910099983215332,13.9350004196167,38850
2026-10-06 10:17:00,1791296220,USAR,13.914999961853027,13.949899673461914,13.89050006866455,13.895000457763672,33383
2026-10-06 10:18:00,1791296280,USAR,13.890000343322754,13.90999984741211,13.869999885559082,13.90999984741211,32425
2026-10-06 10:19:00,1791296340,USAR,13.920000076293945,13.949999809265137,13.920000076293945,13.9399995803833,25466
2026-10-06 10:20:00,1791296400,USAR,13.9399995803833,14.010000228881836,13.9399995803833,13.989999771118164,156929
2026-10-06 10:21:00,1791296460,USAR,13.984999656677246,13.999899864196777,13.975000381469727,13.994799613952637,32226
2026-10-06 10:22:00,1791296520,USAR,13.994999885559082,14.005000114440918,13.941300392150879,13.941300392150879,46545
2026-10-06 10:23:00,1791296580,USAR,13.9399995803833,14.015000343322754,13.9399995803833,14.0,28407
2026-10-06 10:24:00,1791296640,USAR,14.005000114440918,14.010000228881836,13.984999656677246,14.005000114440918,27396
2026-10-06 10:25:00,1791296700,USAR,14.010000228881836,14.03499984741211,14.004500389099121,14.030699729919434,45073
2026-10-06 10:26:00,1791296760,USAR,14.03499984741211,14.0600004196167,14.029999732971191,14.039999961853027,57222
2026-10-06 10:27:00,1791296820,USAR,14.03499984741211,14.04990005493164,14.015000343322754,14.015000343322754,24794
2026-10-06 10:28:00,1791296880,USAR,14.020000457763672,14.039999961853027,14.020000457763672,14.020000457763672,21154
2026-10-06 10:29:00,1791296940,USAR,14.020000457763672,14.039999961853027,14.000100135803223,14.029999732971191,77628
2026-10-06 10:30:00,1791297000,USAR,14.024999618530273,14.039899826049805,13.989999771118164,13.989999771118164,44968
2026-10-06 10:31:00,1791297060,USAR,13.989999771118164,13.994999885559082,13.975000381469727,13.977999687194824,14869
2026-10-06 10:32:00,1791297120,USAR,13.970000267028809,13.975000381469727,13.9399995803833,13.944999694824219,30647
2026-10-06 10:33:00,1791297180,USAR,13.944999694824219,13.96500015258789,13.940099716186523,13.954999923706055,15890
2026-10-06 10:34:00,1791297240,USAR,13.951000213623047,13.960000038146973,13.942000389099121,13.942000389099121,32468
2026-10-06 10:35:00,1791297300,USAR,13.930000305175781,13.949999809265137,13.920000076293945,13.9399995803833,41039
2026-10-06 10:36:00,1791297360,USAR,13.938599586486816,13.949899673461914,13.920100212097168,13.944999694824219,42922
2026-10-06 10:37:00,1791297420,USAR,13.949999809265137,13.975000381469727,13.944999694824219,13.944999694824219,24017
2026-10-06 10:38:00,1791297480,USAR,13.949999809265137,13.949999809265137,13.899999618530273,13.904999732971191,18372
2026-10-06 10:39:00,1791297540,USAR,13.904999732971191,13.914999961853027,13.890000343322754,13.904999732971191,21688
2026-10-06 10:40:00,1791297600,USAR,13.899999618530273,13.914999961853027,13.880000114440918,13.914999961853027,19328
2026-10-06 10:41:00,1791297660,USAR,13.90999984741211,13.930000305175781,13.899999618530273,13.925000190734863,10009
2026-10-06 10:42:00,1791297720,USAR,13.930000305175781,13.944999694824219,13.930000305175781,13.939900398254395,15161
2026-10-06 10:43:00,1791297780,USAR,13.930000305175781,13.939900398254395,13.930000305175781,13.9350004196167,13060
2026-10-06 10:44:00,1791297840,USAR,13.9350004196167,13.9350004196167,13.890000343322754,13.899999618530273,26834
2026-10-06 10:45:00,1791297900,USAR,13.904999732971191,13.904999732971191,13.885000228881836,13.885000228881836,21968
2026-10-06 10:46:00,1791297960,USAR,13.889800071716309,13.899999618530273,13.880000114440918,13.898699760437012,12188
2026-10-06 10:47:00,1791298020,USAR,13.885000228881836,13.899900436401367,13.88010025024414,13.899900436401367,15164
2026-10-06 10:48:00,1791298080,USAR,13.895000457763672,13.904999732971191,13.890000343322754,13.895000457763672,21178
2026-10-06 10:49:00,1791298140,USAR,13.889900207519531,13.90999984741211,13.885000228881836,13.885000228881836,37189
2026-10-06 10:50:00,1791298200,USAR,13.890000343322754,13.899900436401367,13.880000114440918,13.899900436401367,16354
2026-10-06 10:51:00,1791298260,USAR,13.899900436401367,13.938599586486816,13.899900436401367,13.938599586486816,12773
2026-10-06 10:52:00,1791298320,USAR,13.9399995803833,13.949999809265137,13.920100212097168,13.949999809265137,25305
2026-10-06 10:53:00,1791298380,USAR,13.944999694824219,13.954999923706055,13.9399995803833,13.954999923706055,12470
2026-10-06 10:54:00,1791298440,USAR,13.949999809265137,13.956299781799316,13.940099716186523,13.954999923706055,20234
2026-10-06 10:55:00,1791298500,USAR,13.944999694824219,13.960000038146973,13.944999694824219,13.95680046081543,15562
2026-10-06 10:56:00,1791298560,USAR,13.944999694824219,13.975000381469727,13.944999694824219,13.969799995422363,12940
2026-10-06 10:57:00,1791298620,USAR,13.96500015258789,13.970000267028809,13.949999809265137,13.960000038146973,15729
2026-10-06 10:58:00,1791298680,USAR,13.954999923706055,13.955900192260742,13.9399995803833,13.9399995803833,13904
2026-10-06 10:59:00,1791298740,USAR,13.9350004196167,13.944999694824219,13.9350004196167,13.9350004196167,9614
2026-10-06 11:00:00,1791298800,USAR,13.9350004196167,13.954999923706055,13.931400299072266,13.954999923706055,7512
2026-10-06 11:01:00,1791298860,USAR,13.960000038146973,13.96500015258789,13.949999809265137,13.949999809265137,6157
2026-10-06 11:02:00,1791298920,USAR,13.954999923706055,13.979999542236328,13.954999923706055,13.96500015258789,16232
2026-10-06 11:03:00,1791298980,USAR,13.970000267028809,13.984999656677246,13.96500015258789,13.975000381469727,20290
2026-10-06 11:04:00,1791299040,USAR,13.970000267028809,13.999899864196777,13.96500015258789,13.96500015258789,22886
2026-10-06 11:05:00,1791299100,USAR,13.969900131225586,13.969900131225586,13.949999809265137,13.949999809265137,15868
2026-10-06 11:06:00,1791299160,USAR,13.9399995803833,13.954999923706055,13.9350004196167,13.954999923706055,17542
2026-10-06 11:07:00,1791299220,USAR,13.960000038146973,13.960000038146973,13.90999984741211,13.90999984741211,12533
2026-10-06 11:08:00,1791299280,USAR,13.904999732971191,13.909899711608887,13.885000228881836,13.885000228881836,19713
2026-10-06 11:09:00,1791299340,USAR,13.889900207519531,13.890000343322754,13.869999885559082,13.877699851989746,34556
2026-10-06 11:10:00,1791299400,USAR,13.869999885559082,13.886899948120117,13.869999885559082,13.885000228881836,19939
2026-10-06 11:11:00,1791299460,USAR,13.890000343322754,13.895000457763672,13.869999885559082,13.875,23983
2026-10-06 11:12:00,1791299520,USAR,13.885000228881836,13.904999732971191,13.870100021362305,13.899999618530273,17454
2026-10-06 11:13:00,1791299580,USAR,13.904999732971191,13.928600311279297,13.899999618530273,13.928600311279297,11914
2026-10-06 11:14:00,1791299640,USAR,13.925000190734863,13.949999809265137,13.920000076293945,13.949999809265137,12501
2026-10-06 11:15:00,1791299700,USAR,13.944999694824219,13.949999809265137,13.920000076293945,13.933799743652344,11365
2026-10-06 11:16:00,1791299760,USAR,13.930000305175781,13.9399995803833,13.930000305175781,13.930000305175781,23965
2026-10-06 11:17:00,1791299820,USAR,13.9350004196167,13.9399995803833,13.90999984741211,13.9399995803833,21754
2026-10-06 11:18:00,1791299880,USAR,13.930800437927246,13.9399995803833,13.914999961853027,13.914999961853027,15045
2026-10-06 11:19:00,1791299940,USAR,13.90999984741211,13.920000076293945,13.904999732971191,13.914999961853027,10958
2026-10-06 11:20:00,1791300000,USAR,13.914999961853027,13.959799766540527,13.914999961853027,13.959799766540527,17905
2026-10-06 11:21:00,1791300060,USAR,13.954999923706055,13.975000381469727,13.944999694824219,13.96500015258789,76743
2026-10-06 11:22:00,1791300120,USAR,13.960000038146973,13.970000267028809,13.960000038146973,13.96619987487793,14016
2026-10-06 11:23:00,1791300180,USAR,13.949999809265137,13.960000038146973,13.944999694824219,13.949999809265137,21967
2026-10-06 11:24:00,1791300240,USAR,13.949999809265137,13.979999542236328,13.949999809265137,13.975000381469727,21976
2026-10-06 11:25:00,1791300300,USAR,13.979999542236328,13.989999771118164,13.970000267028809,13.979999542236328,20268
2026-10-06 11:26:00,1791300360,USAR,13.989899635314941,14.020000457763672,13.984999656677246,13.994999885559082,38909
2026-10-06 11:27:00,1791300420,USAR,13.994999885559082,13.994999885559082,13.979900360107422,13.979900360107422,10299
2026-10-06 11:28:00,1791300480,USAR,13.975000381469727,13.977100372314453,13.970000267028809,13.975000381469727,12401
2026-10-06 11:29:00,1791300540,USAR,13.979900360107422,13.979900360107422,13.96500015258789,13.969900131225586,12467
2026-10-06 11:30:00,1791300600,USAR,13.960000038146973,13.960000038146973,13.930000305175781,13.930000305175781,24552
2026-10-06 11:31:00,1791300660,USAR,13.9350004196167,13.9350004196167,13.90999984741211,13.914999961853027,11558
2026-10-06 11:32:00,1791300720,USAR,13.920000076293945,13.930000305175781,13.914999961853027,13.929900169372559,14720
2026-10-06 11:33:00,1791300780,USAR,13.925000190734863,13.930000305175781,13.91100025177002,13.930000305175781,20344
2026-10-06 11:34:00,1791300840,USAR,13.930000305175781,13.930000305175781,13.920100212097168,13.929900169372559,7566
2026-10-06 11:35:00,1791300900,USAR,13.920000076293945,13.920000076293945,13.904999732971191,13.919899940490723,30803
2026-10-06 11:36:00,1791300960,USAR,13.91819953918457,13.929900169372559,13.914999961853027,13.914999961853027,7484
2026-10-06 11:37:00,1791301020,USAR,13.914999961853027,13.920000076293945,13.904999732971191,13.904999732971191,6865
2026-10-06 11:38:00,1791301080,USAR,13.899999618530273,13.914999961853027,13.885000228881836,13.899999618530273,25410
2026-10-06 11:39:00,1791301140,USAR,13.90999984741211,13.920000076293945,13.899999618530273,13.914999961853027,10714
2026-10-06 11:40:00,1791301200,USAR,13.920000076293945,13.925000190734863,13.90999984741211,13.90999984741211,10441
2026-10-06 11:41:00,1791301260,USAR,13.914999961853027,13.930000305175781,13.914999961853027,13.925000190734863,9393
2026-10-06 11:42:00,1791301320,USAR,13.920000076293945,13.920000076293945,13.90999984741211,13.914999961853027,4595
2026-10-06 11:43:00,1791301380,USAR,13.914999961853027,13.920000076293945,13.90999984741211,13.920000076293945,3607
2026-10-06 11:44:00,1791301440,USAR,13.90999984741211,13.920000076293945,13.904999732971191,13.920000076293945,8449
2026-10-06 11:45:00,1791301500,USAR,13.925000190734863,13.925000190734863,13.899999618530273,13.899999618530273,5999
2026-10-06 11:46:00,1791301560,USAR,13.904999732971191,13.914999961853027,13.899999618530273,13.914999961853027,6760
2026-10-06 11:47:00,1791301620,USAR,13.920000076293945,13.920000076293945,13.90999984741211,13.90999984741211,8361
2026-10-06 11:48:00,1791301680,USAR,13.919899940490723,13.930000305175781,13.912599563598633,13.930000305175781,19593
2026-10-06 11:49:00,1791301740,USAR,13.9350004196167,13.938599586486816,13.9350004196167,13.9350004196167,6506
2026-10-06 11:50:00,1791301800,USAR,13.9350004196167,13.944999694824219,13.925000190734863,13.9350004196167,31245
2026-10-06 11:51:00,1791301860,USAR,13.9399995803833,13.954999923706055,13.9399995803833,13.944999694824219,15829
2026-10-06 11:52:00,1791301920,USAR,13.949999809265137,13.949999809265137,13.925000190734863,13.929900169372559,16307
2026-10-06 11:53:00,1791301980,USAR,13.930000305175781,13.939900398254395,13.914999961853027,13.939900398254395,17242
2026-10-06 11:54:00,1791302040,USAR,13.9399995803833,13.9399995803833,13.925000190734863,13.925000190734863,5041
2026-10-06 11:55:00,1791302100,USAR,13.920000076293945,13.929900169372559,13.914999961853027,13.914999961853027,8167
2026-10-06 11:56:00,1791302160,USAR,13.90999984741211,13.919899940490723,13.899999618530273,13.909899711608887,12216
2026-10-06 11:57:00,1791302220,USAR,13.90999984741211,13.914999961853027,13.904999732971191,13.904999732971191,11159
2026-10-06 11:58:00,1791302280,USAR,13.904999732971191,13.90999984741211,13.899999618530273,13.904999732971191,8079
2026-10-06 11:59:00,1791302340,USAR,13.90999984741211,13.920000076293945,13.904899597167969,13.920000076293945,17538
2026-10-06 12:00:00,1791302400,USAR,13.919899940490723,13.919899940490723,13.904999732971191,13.907099723815918,8941
2026-10-06 12:01:00,1791302460,USAR,13.904999732971191,13.920000076293945,13.904999732971191,13.920000076293945,15554
2026-10-06 12:02:00,1791302520,USAR,13.925000190734863,13.929900169372559,13.920000076293945,13.925000190734863,11482
2026-10-06 12:03:00,1791302580,USAR,13.930000305175781,13.9350004196167,13.914999961853027,13.925000190734863,12245
2026-10-06 12:04:00,1791302640,USAR,13.925000190734863,13.9350004196167,13.920000076293945,13.9350004196167,15449
2026-10-06 12:05:00,1791302700,USAR,13.925000190734863,13.9350004196167,13.925000190734863,13.9350004196167,2437
2026-10-06 12:06:00,1791302760,USAR,13.930000305175781,13.9399995803833,13.930000305175781,13.930000305175781,33900
2026-10-06 12:07:00,1791302820,USAR,13.930000305175781,13.9350004196167,13.920100212097168,13.9350004196167,8243
2026-10-06 12:08:00,1791302880,USAR,13.925000190734863,13.928299903869629,13.904999732971191,13.910099983215332,28588
2026-10-06 12:09:00,1791302940,USAR,13.920000076293945,13.930000305175781,13.90999984741211,13.929900169372559,12945
2026-10-06 12:10:00,1791303000,USAR,13.920000076293945,13.920000076293945,13.910099983215332,13.914999961853027,11164
2026-10-06 12:11:00,1791303060,USAR,13.90999984741211,13.914999961853027,13.902400016784668,13.904999732971191,8448
2026-10-06 12:12:00,1791303120,USAR,13.904999732971191,13.920000076293945,13.904999732971191,13.920000076293945,6224
2026-10-06 12:13:00,1791303180,USAR,13.930000305175781,13.9399995803833,13.930000305175781,13.9350004196167,11622
2026-10-06 12:14:00,1791303240,USAR,13.9350004196167,13.9350004196167,13.930000305175781,13.930000305175781,8577
2026-10-06 12:15:00,1791303300,USAR,13.930000305175781,13.930000305175781,13.904999732971191,13.909700393676758,9142
2026-10-06 12:16:00,1791303360,USAR,13.904999732971191,13.90999984741211,13.895000457763672,13.899999618530273,13274
2026-10-06 12:17:00,1791303420,USAR,13.89780044555664,13.909899711608887,13.895000457763672,13.904999732971191,13683
2026-10-06 12:18:00,1791303480,USAR,13.899999618530273,13.910099983215332,13.890000343322754,13.890000343322754,41309
2026-10-06 12:19:00,1791303540,USAR,13.890000343322754,13.904999732971191,13.88010025024414,13.895000457763672,14958
2026-10-06 12:20:00,1791303600,USAR,13.895000457763672,13.904999732971191,13.885000228881836,13.904999732971191,12025
2026-10-06 12:21:00,1791303660,USAR,13.904999732971191,13.909899711608887,13.895000457763672,13.895000457763672,8192
2026-10-06 12:22:00,1791303720,USAR,13.898500442504883,13.899900436401367,13.885000228881836,13.890000343322754,18544
2026-10-06 12:23:00,1791303780,USAR,13.889900207519531,13.890000343322754,13.824999809265137,13.830100059509277,169732
2026-10-06 12:24:00,1791303840,USAR,13.830100059509277,13.84850025177002,13.821999549865723,13.84000015258789,35604
2026-10-06 12:25:00,1791303900,USAR,13.835000038146973,13.845000267028809,13.829999923706055,13.840100288391113,10719
2026-10-06 12:26:00,1791303960,USAR,13.848099708557129,13.864999771118164,13.848099708557129,13.864999771118164,22433
2026-10-06 12:27:00,1791304020,USAR,13.86989974975586,13.86989974975586,13.854999542236328,13.854999542236328,35665
2026-10-06 12:28:00,1791304080,USAR,13.854999542236328,13.880000114440918,13.85159969329834,13.880000114440918,32764
2026-10-06 12:29:00,1791304140,USAR,13.875,13.880000114440918,13.875,13.880000114440918,6834
2026-10-06 12:30:00,1791304200,USAR,13.875,13.885000228881836,13.870499610900879,13.885000228881836,9706
2026-10-06 12:31:00,1791304260,USAR,13.885000228881836,13.899999618530273,13.885000228881836,13.895000457763672,8021
2026-10-06 12:32:00,1791304320,USAR,13.890000343322754,13.899999618530273,13.890000343322754,13.895000457763672,6718
2026-10-06 12:33:00,1791304380,USAR,13.885000228881836,13.895000457763672,13.880000114440918,13.895000457763672,14589
2026-10-06 12:34:00,1791304440,USAR,13.890000343322754,13.890000343322754,13.880000114440918,13.884499549865723,19600
2026-10-06 12:35:00,1791304500,USAR,13.890000343322754,13.904999732971191,13.890000343322754,13.904999732971191,13624
2026-10-06 12:36:00,1791304560,USAR,13.904999732971191,13.906800270080566,13.895000457763672,13.895000457763672,6075
2026-10-06 12:37:00,1791304620,USAR,13.890000343322754,13.890000343322754,13.869999885559082,13.875,10298
2026-10-06 12:38:00,1791304680,USAR,13.87030029296875,13.888500213623047,13.87030029296875,13.887200355529785,11610
2026-10-06 12:39:00,1791304740,USAR,13.890000343322754,13.904999732971191,13.880000114440918,13.904999732971191,18708
2026-10-06 12:40:00,1791304800,USAR,13.904999732971191,13.914999961853027,13.899999618530273,13.914999961853027,11331
2026-10-06 12:41:00,1791304860,USAR,13.919899940490723,13.929900169372559,13.914999961853027,13.920000076293945,14801
2026-10-06 12:42:00,1791304920,USAR,13.914999961853027,13.920000076293945,13.90999984741211,13.914999961853027,32057
2026-10-06 12:43:00,1791304980,USAR,13.910099983215332,13.920000076293945,13.909000396728516,13.911399841308594,27226
2026-10-06 12:44:00,1791305040,USAR,13.914999961853027,13.930000305175781,13.914999961853027,13.930000305175781,8908
2026-10-06 12:45:00,1791305100,USAR,13.925000190734863,13.949999809265137,13.925000190734863,13.944999694824219,12187
2026-10-06 12:46:00,1791305160,USAR,13.944999694824219,13.954999923706055,13.9350004196167,13.9350004196167,14990
2026-10-06 12:47:00,1791305220,USAR,13.9350004196167,13.937700271606445,13.930000305175781,13.930000305175781,3266
2026-10-06 12:48:00,1791305280,USAR,13.925000190734863,13.925000190734863,13.899999618530273,13.899999618530273,12515
2026-10-06 12:49:00,1791305340,USAR,13.904999732971191,13.920000076293945,13.900099754333496,13.904999732971191,9564
2026-10-06 12:50:00,1791305400,USAR,13.904999732971191,13.920000076293945,13.904999732971191,13.914999961853027,6069
2026-10-06 12:51:00,1791305460,USAR,13.90999984741211,13.920000076293945,13.90999984741211,13.911299705505371,5085
2026-10-06 12:52:00,1791305520,USAR,13.904999732971191,13.920000076293945,13.899999618530273,13.920000076293945,7830
2026-10-06 12:53:00,1791305580,USAR,13.914999961853027,13.920000076293945,13.910099983215332,13.920000076293945,6666
2026-10-06 12:54:00,1791305640,USAR,13.920000076293945,13.920000076293945,13.90999984741211,13.914999961853027,3352
2026-10-06 12:55:00,1791305700,USAR,13.920000076293945,13.925000190734863,13.90999984741211,13.925000190734863,16895
2026-10-06 12:56:00,1791305760,USAR,13.925000190734863,13.930000305175781,13.920000076293945,13.920000076293945,6033
2026-10-06 12:57:00,1791305820,USAR,13.925000190734863,13.930000305175781,13.921500205993652,13.930000305175781,4225
2026-10-06 12:58:00,1791305880,USAR,13.929900169372559,13.9399995803833,13.923199653625488,13.9399995803833,15329
2026-10-06 12:59:00,1791305940,USAR,13.937999725341797,13.939000129699707,13.925000190734863,13.925000190734863,23589
2026-10-06 13:00:00,1791306000,USAR,13.920000076293945,13.920000076293945,13.909899711608887,13.90999984741211,10462
2026-10-06 13:01:00,1791306060,USAR,13.90999984741211,13.919899940490723,13.904999732971191,13.914999961853027,15354
2026-10-06 13:02:00,1791306120,USAR,13.90999984741211,13.914999961853027,13.899999618530273,13.899999618530273,12683
2026-10-06 13:03:00,1791306180,USAR,13.904999732971191,13.914999961853027,13.904999732971191,13.914999961853027,10859
2026-10-06 13:04:00,1791306240,USAR,13.914999961853027,13.920000076293945,13.914999961853027,13.920000076293945,2715
2026-10-06 13:05:00,1791306300,USAR,13.920000076293945,13.930000305175781,13.920000076293945,13.930000305175781,12806
2026-10-06 13:06:00,1791306360,USAR,13.9350004196167,13.944999694824219,13.9350004196167,13.944999694824219,5355
2026-10-06 13:07:00,1791306420,USAR,13.9399995803833,13.9399995803833,13.930000305175781,13.930000305175781,6675
2026-10-06 13:08:00,1791306480,USAR,13.9350004196167,13.9350004196167,13.930000305175781,13.930000305175781,2761
2026-10-06 13:09:00,1791306540,USAR,13.9350004196167,13.9350004196167,13.925000190734863,13.9350004196167,11458
2026-10-06 13:10:00,1791306600,USAR,13.930000305175781,13.930000305175781,13.90999984741211,13.90999984741211,106250
2026-10-06 13:11:00,1791306660,USAR,13.90999984741211,13.920000076293945,13.90999984741211,13.920000076293945,10116
2026-10-06 13:12:00,1791306720,USAR,13.920000076293945,13.921500205993652,13.914999961853027,13.914999961853027,8143
2026-10-06 13:13:00,1791306780,USAR,13.90999984741211,13.914999961853027,13.900099754333496,13.914999961853027,5149
2026-10-06 13:14:00,1791306840,USAR,13.90999984741211,13.90999984741211,13.904999732971191,13.904999732971191,9413
2026-10-06 13:15:00,1791306900,USAR,13.904999732971191,13.960000038146973,13.904999732971191,13.960000038146973,57153
2026-10-06 13:16:00,1791306960,USAR,13.970000267028809,13.970000267028809,13.949999809265137,13.949999809265137,5815
2026-10-06 13:17:00,1791307020,USAR,13.954999923706055,13.960000038146973,13.954999923706055,13.95989990234375,4782
2026-10-06 13:18:00,1791307080,USAR,13.949999809265137,13.949999809265137,13.9350004196167,13.9399995803833,11301
2026-10-06 13:19:00,1791307140,USAR,13.949899673461914,13.949999809265137,13.930000305175781,13.9350004196167,5284
2026-10-06 13:20:00,1791307200,USAR,13.9350004196167,13.9350004196167,13.914999961853027,13.920000076293945,4575
2026-10-06 13:21:00,1791307260,USAR,13.925000190734863,13.9350004196167,13.920000076293945,13.925000190734863,7424
2026-10-06 13:22:00,1791307320,USAR,13.925000190734863,13.930000305175781,13.90999984741211,13.920000076293945,10602
2026-10-06 13:23:00,1791307380,USAR,13.920000076293945,13.928099632263184,13.920000076293945,13.920000076293945,5366
2026-10-06 13:24:00,1791307440,USAR,13.925000190734863,13.9350004196167,13.922300338745117,13.922300338745117,9711
2026-10-06 13:25:00,1791307500,USAR,13.925000190734863,13.9399995803833,13.925000190734863,13.9350004196167,4222
2026-10-06 13:26:00,1791307560,USAR,13.9350004196167,13.970000267028809,13.9350004196167,13.960100173950195,8743
2026-10-06 13:27:00,1791307620,USAR,13.966400146484375,13.979999542236328,13.960000038146973,13.979999542236328,6794
2026-10-06 13:28:00,1791307680,USAR,13.975000381469727,13.979999542236328,13.970000267028809,13.975000381469727,9762
2026-10-06 13:29:00,1791307740,USAR,13.970000267028809,13.994999885559082,13.970000267028809,13.978500366210938,48455
2026-10-06 13:30:00,1791307800,USAR,13.96500015258789,13.970000267028809,13.960000038146973,13.96500015258789,6368
2026-10-06 13:31:00,1791307860,USAR,13.96500015258789,13.970000267028809,13.960000038146973,13.96500015258789,32834
2026-10-06 13:32:00,1791307920,USAR,13.970000267028809,13.979999542236328,13.96500015258789,13.979999542236328,9490
2026-10-06 13:33:00,1791307980,USAR,13.979999542236328,13.979999542236328,13.96500015258789,13.975000381469727,10198
2026-10-06 13:34:00,1791308040,USAR,13.979900360107422,14.0,13.979900360107422,13.994999885559082,109311
2026-10-06 13:35:00,1791308100,USAR,13.999899864196777,14.0,13.989999771118164,13.994999885559082,40861
2026-10-06 13:36:00,1791308160,USAR,14.0,14.0,13.984999656677246,13.989999771118164,15395
2026-10-06 13:37:00,1791308220,USAR,13.984999656677246,13.989999771118164,13.975000381469727,13.97700023651123,5913
2026-10-06 13:38:00,1791308280,USAR,13.975000381469727,13.979499816894531,13.970000267028809,13.979499816894531,3004
2026-10-06 13:39:00,1791308340,USAR,13.970000267028809,13.975000381469727,13.960000038146973,13.960000038146973,20806
2026-10-06 13:40:00,1791308400,USAR,13.964200019836426,13.979999542236328,13.964200019836426,13.979999542236328,11693
2026-10-06 13:41:00,1791308460,USAR,13.976400375366211,13.979999542236328,13.975000381469727,13.979999542236328,3741
2026-10-06 13:42:00,1791308520,USAR,13.975000381469727,13.979999542236328,13.975000381469727,13.979999542236328,1264
2026-10-06 13:43:00,1791308580,USAR,13.979999542236328,13.989899635314941,13.975000381469727,13.984999656677246,11013
2026-10-06 13:44:00,1791308640,USAR,13.984999656677246,13.98799991607666,13.975000381469727,13.975000381469727,9702
2026-10-06 13:45:00,1791308700,USAR,13.975000381469727,13.984999656677246,13.975000381469727,13.984999656677246,3584
2026-10-06 13:46:00,1791308760,USAR,13.984999656677246,13.988900184631348,13.98009967803955,13.988900184631348,4481
2026-10-06 13:47:00,1791308820,USAR,13.989999771118164,13.989999771118164,13.979999542236328,13.989999771118164,2945
2026-10-06 13:48:00,1791308880,USAR,13.984999656677246,13.989999771118164,13.979999542236328,13.989899635314941,6723
2026-10-06 13:49:00,1791308940,USAR,13.989999771118164,13.989999771118164,13.979999542236328,13.989999771118164,7998
2026-10-06 13:50:00,1791309000,USAR,13.989999771118164,14.0,13.989999771118164,13.994999885559082,10185
2026-10-06 13:51:00,1791309060,USAR,13.994999885559082,13.999899864196777,13.987500190734863,13.994999885559082,20876
2026-10-06 13:52:00,1791309120,USAR,13.989999771118164,13.990099906921387,13.984999656677246,13.989899635314941,19905
2026-10-06 13:53:00,1791309180,USAR,13.984999656677246,13.989999771118164,13.984000205993652,13.989899635314941,15823
2026-10-06 13:54:00,1791309240,USAR,13.984000205993652,14.0,13.979999542236328,13.997099876403809,52207
2026-10-06 13:55:00,1791309300,USAR,13.994999885559082,13.994999885559082,13.975000381469727,13.979999542236328,19410
2026-10-06 13:56:00,1791309360,USAR,13.979900360107422,13.989999771118164,13.970000267028809,13.979999542236328,49447
2026-10-06 13:57:00,1791309420,USAR,13.979900360107422,13.989999771118164,13.975000381469727,13.989999771118164,8255
2026-10-06 13:58:00,1791309480,USAR,13.984999656677246,13.994999885559082,13.984999656677246,13.989999771118164,4220
2026-10-06 13:59:00,1791309540,USAR,13.994999885559082,13.999899864196777,13.970000267028809,13.970000267028809,11849
2026-10-06 14:00:00,1791309600,USAR,13.975000381469727,13.975000381469727,13.970000267028809,13.970000267028809,6992
2026-10-06 14:01:00,1791309660,USAR,13.96500015258789,13.979999542236328,13.96500015258789,13.975000381469727,12933
2026-10-06 14:02:00,1791309720,USAR,13.975000381469727,13.989999771118164,13.970000267028809,13.989999771118164,7953
2026-10-06 14:03:00,1791309780,USAR,13.994999885559082,14.010000228881836,13.990099906921387,14.010000228881836,12517
2026-10-06 14:04:00,1791309840,USAR,14.005000114440918,14.010000228881836,14.005000114440918,14.010000228881836,6270
2026-10-06 14:05:00,1791309900,USAR,14.005000114440918,14.010000228881836,14.000100135803223,14.000100135803223,8296
2026-10-06 14:06:00,1791309960,USAR,14.005000114440918,14.005000114440918,13.984999656677246,13.994999885559082,18514
2026-10-06 14:07:00,1791310020,USAR,13.994999885559082,14.0,13.975000381469727,13.975000381469727,54055
2026-10-06 14:08:00,1791310080,USAR,13.975000381469727,13.994999885559082,13.975000381469727,13.994999885559082,43635
2026-10-06 14:09:00,1791310140,USAR,13.994999885559082,13.999899864196777,13.994999885559082,13.994999885559082,8706
2026-10-06 14:10:00,1791310200,USAR,13.994999885559082,13.994999885559082,13.990099906921387,13.994999885559082,3465
2026-10-06 14:11:00,1791310260,USAR,14.0,14.005000114440918,13.994999885559082,13.994999885559082,17107
2026-10-06 14:12:00,1791310320,USAR,13.999699592590332,13.999899864196777,13.994999885559082,13.994999885559082,2051
2026-10-06 14:13:00,1791310380,USAR,13.998000144958496,13.998200416564941,13.989999771118164,13.989999771118164,7553
2026-10-06 14:14:00,1791310440,USAR,13.994999885559082,13.994999885559082,13.984999656677246,13.984999656677246,10899
2026-10-06 14:15:00,1791310500,USAR,13.979999542236328,14.0,13.979999542236328,14.0,10618
2026-10-06 14:16:00,1791310560,USAR,14.0,14.0,13.994999885559082,13.994999885559082,9655
2026-10-06 14:17:00,1791310620,USAR,13.989999771118164,13.997699737548828,13.975000381469727,13.975000381469727,9108
2026-10-06 14:18:00,1791310680,USAR,13.979900360107422,13.979999542236328,13.970100402832031,13.975000381469727,6797
2026-10-06 14:19:00,1791310740,USAR,13.97719955444336,13.97719955444336,13.949999809265137,13.949999809265137,24581
2026-10-06 14:20:00,1791310800,USAR,13.940699577331543,13.949999809265137,13.9399995803833,13.949600219726562,10379
2026-10-06 14:21:00,1791310860,USAR,13.944999694824219,13.949999809265137,13.9399995803833,13.9399995803833,5987
2026-10-06 14:22:00,1791310920,USAR,13.949999809265137,13.949999809265137,13.920000076293945,13.925000190734863,14807
2026-10-06 14:23:00,1791310980,USAR,13.925000190734863,13.925000190734863,13.910099983215332,13.920000076293945,13553
2026-10-06 14:24:00,1791311040,USAR,13.914999961853027,13.925000190734863,13.90999984741211,13.914999961853027,11636
2026-10-06 14:25:00,1791311100,USAR,13.914999961853027,13.920000076293945,13.910099983215332,13.910099983215332,11566
2026-10-06 14:26:00,1791311160,USAR,13.914999961853027,13.920000076293945,13.910300254821777,13.914999961853027,5933
2026-10-06 14:27:00,1791311220,USAR,13.914999961853027,13.920000076293945,13.90999984741211,13.90999984741211,4265
2026-10-06 14:28:00,1791311280,USAR,13.90999984741211,13.90999984741211,13.899999618530273,13.904999732971191,22954
2026-10-06 14:29:00,1791311340,USAR,13.900099754333496,13.914999961853027,13.899999618530273,13.914999961853027,15636
2026-10-06 14:30:00,1791311400,USAR,13.914999961853027,13.920000076293945,13.904999732971191,13.904999732971191,22541
2026-10-06 14:31:00,1791311460,USAR,13.90999984741211,13.914999961853027,13.904999732971191,13.906000137329102,16371
2026-10-06 14:32:00,1791311520,USAR,13.90999984741211,13.90999984741211,13.904999732971191,13.904999732971191,6886
2026-10-06 14:33:00,1791311580,USAR,13.904999732971191,13.90999984741211,13.895000457763672,13.899900436401367,37443
2026-10-06 14:34:00,1791311640,USAR,13.899900436401367,13.899999618530273,13.880000114440918,13.885000228881836,28463
2026-10-06 14:35:00,1791311700,USAR,13.889900207519531,13.890000343322754,13.885000228881836,13.885000228881836,10828
2026-10-06 14:36:00,1791311760,USAR,13.889900207519531,13.890000343322754,13.859999656677246,13.864999771118164,14335
2026-10-06 14:37:00,1791311820,USAR,13.859999656677246,13.869999885559082,13.859999656677246,13.864999771118164,9723
2026-10-06 14:38:00,1791311880,USAR,13.864999771118164,13.869999885559082,13.859999656677246,13.864999771118164,6069
2026-10-06 14:39:00,1791311940,USAR,13.859999656677246,13.864999771118164,13.850000381469727,13.854999542236328,15200
2026-10-06 14:40:00,1791312000,USAR,13.854999542236328,13.869999885559082,13.851499557495117,13.869999885559082,21529
2026-10-06 14:41:00,1791312060,USAR,13.868000030517578,13.880000114440918,13.864999771118164,13.870100021362305,7652
2026-10-06 14:42:00,1791312120,USAR,13.875,13.875,13.859999656677246,13.864999771118164,9512
2026-10-06 14:43:00,1791312180,USAR,13.859999656677246,13.879899978637695,13.859999656677246,13.864999771118164,7920
2026-10-06 14:44:00,1791312240,USAR,13.860099792480469,13.864999771118164,13.860099792480469,13.864999771118164,4518
2026-10-06 14:45:00,1791312300,USAR,13.86050033569336,13.864999771118164,13.859999656677246,13.859999656677246,4282
2026-10-06 14:46:00,1791312360,USAR,13.864999771118164,13.864999771118164,13.850000381469727,13.854999542236328,13531
2026-10-06 14:47:00,1791312420,USAR,13.854999542236328,13.875,13.854999542236328,13.875,14295
2026-10-06 14:48:00,1791312480,USAR,13.879899978637695,13.879899978637695,13.864999771118164,13.879899978637695,10916
2026-10-06 14:49:00,1791312540,USAR,13.875,13.895000457763672,13.875,13.892200469970703,11820
2026-10-06 14:50:00,1791312600,USAR,13.895000457763672,13.90999984741211,13.895000457763672,13.904999732971191,14000
2026-10-06 14:51:00,1791312660,USAR,13.903900146484375,13.90999984741211,13.903900146484375,13.90999984741211,6871
2026-10-06 14:52:00,1791312720,USAR,13.904999732971191,13.920000076293945,13.885000228881836,13.911700248718262,36889
2026-10-06 14:53:00,1791312780,USAR,13.914999961853027,13.925000190734863,13.911700248718262,13.925000190734863,7492
2026-10-06 14:54:00,1791312840,USAR,13.925000190734863,13.949999809265137,13.920000076293945,13.944999694824219,58812
2026-10-06 14:55:00,1791312900,USAR,13.949999809265137,13.970000267028809,13.940099716186523,13.960000038146973,33518
2026-10-06 14:56:00,1791312960,USAR,13.949999809265137,13.970000267028809,13.944999694824219,13.954999923706055,39460
2026-10-06 14:57:00,1791313020,USAR,13.960000038146973,13.989999771118164,13.960000038146973,13.96500015258789,99619
2026-10-06 14:58:00,1791313080,USAR,13.96500015258789,13.970000267028809,13.904999732971191,13.904999732971191,63686
2026-10-06 14:59:00,1791313140,USAR,13.899999618530273,13.920000076293945,13.890000343322754,13.909899711608887,25935
2026-10-06 15:00:00,1791313200,USAR,13.904999732971191,13.914999961853027,13.885000228881836,13.885000228881836,42288
2026-10-06 15:01:00,1791313260,USAR,13.885000228881836,13.899999618530273,13.875,13.894200325012207,71675
2026-10-06 15:02:00,1791313320,USAR,13.899900436401367,13.90999984741211,13.89009952545166,13.899900436401367,39341
2026-10-06 15:03:00,1791313380,USAR,13.899999618530273,13.90999984741211,13.890000343322754,13.8996000289917,73044
2026-10-06 15:04:00,1791313440,USAR,13.895000457763672,13.899999618530273,13.89009952545166,13.899999618530273,14427
2026-10-06 15:05:00,1791313500,USAR,13.899999618530273,13.899999618530273,13.885000228881836,13.885000228881836,10423
2026-10-06 15:06:00,1791313560,USAR,13.885000228881836,13.899999618530273,13.885000228881836,13.890000343322754,11754
2026-10-06 15:07:00,1791313620,USAR,13.889900207519531,13.889900207519531,13.854999542236328,13.855999946594238,36956
2026-10-06 15:08:00,1791313680,USAR,13.857999801635742,13.869999885559082,13.845000267028809,13.864999771118164,32282
2026-10-06 15:09:00,1791313740,USAR,13.868300437927246,13.869999885559082,13.845000267028809,13.850000381469727,63169
2026-10-06 15:10:00,1791313800,USAR,13.84000015258789,13.850000381469727,13.84000015258789,13.845000267028809,5150
2026-10-06 15:11:00,1791313860,USAR,13.845000267028809,13.845000267028809,13.829999923706055,13.829999923706055,24189
2026-10-06 15:12:00,1791313920,USAR,13.835000038146973,13.84000015258789,13.824999809265137,13.84000015258789,32673
2026-10-06 15:13:00,1791313980,USAR,13.84000015258789,13.854999542236328,13.829999923706055,13.854999542236328,23753
2026-10-06 15:14:00,1791314040,USAR,13.850099563598633,13.854999542236328,13.835000038146973,13.835000038146973,23455
2026-10-06 15:15:00,1791314100,USAR,13.829999923706055,13.84000015258789,13.824999809265137,13.824999809265137,13639
2026-10-06 15:16:00,1791314160,USAR,13.822400093078613,13.829999923706055,13.819999694824219,13.824999809265137,22926
2026-10-06 15:17:00,1791314220,USAR,13.824999809265137,13.829999923706055,13.8100004196167,13.8100004196167,77438
2026-10-06 15:18:00,1791314280,USAR,13.8149995803833,13.8149995803833,13.789999961853027,13.789999961853027,80109
2026-10-06 15:19:00,1791314340,USAR,13.789999961853027,13.8149995803833,13.78499984741211,13.8149995803833,25974
2026-10-06 15:20:00,1791314400,USAR,13.819899559020996,13.835000038146973,13.8149995803833,13.824999809265137,24853
2026-10-06 15:21:00,1791314460,USAR,13.819999694824219,13.819999694824219,13.805000305175781,13.8149995803833,22970
2026-10-06 15:22:00,1791314520,USAR,13.8100004196167,13.8100004196167,13.800000190734863,13.805000305175781,14777
2026-10-06 15:23:00,1791314580,USAR,13.805000305175781,13.8100004196167,13.789999961853027,13.805000305175781,24254
2026-10-06 15:24:00,1791314640,USAR,13.805000305175781,13.805000305175781,13.779999732971191,13.779999732971191,13606
2026-10-06 15:25:00,1791314700,USAR,13.78499984741211,13.789999961853027,13.770000457763672,13.78499984741211,19714
2026-10-06 15:26:00,1791314760,USAR,13.779999732971191,13.789999961853027,13.779999732971191,13.779999732971191,10766
2026-10-06 15:27:00,1791314820,USAR,13.779999732971191,13.789999961853027,13.75,13.75,47269
2026-10-06 15:28:00,1791314880,USAR,13.755000114440918,13.765000343322754,13.739999771118164,13.744999885559082,38651
2026-10-06 15:29:00,1791314940,USAR,13.739999771118164,13.739999771118164,13.729999542236328,13.729999542236328,34066
2026-10-06 15:30:00,1791315000,USAR,13.729999542236328,13.755000114440918,13.729999542236328,13.739999771118164,51463
2026-10-06 15:31:00,1791315060,USAR,13.744999885559082,13.774999618530273,13.744999885559082,13.770000457763672,36105
2026-10-06 15:32:00,1791315120,USAR,13.770099639892578,13.789999961853027,13.770000457763672,13.774999618530273,33283
2026-10-06 15:33:00,1791315180,USAR,13.774999618530273,13.779899597167969,13.765000343322754,13.76990032196045,27416
2026-10-06 15:34:00,1791315240,USAR,13.760000228881836,13.760000228881836,13.755000114440918,13.755000114440918,23381
2026-10-06 15:35:00,1791315300,USAR,13.752900123596191,13.760000228881836,13.75,13.755000114440918,18756
2026-10-06 15:36:00,1791315360,USAR,13.7524995803833,13.789999961853027,13.7524995803833,13.78499984741211,47238
2026-10-06 15:37:00,1791315420,USAR,13.78499984741211,13.79990005493164,13.774999618530273,13.795000076293945,72996
2026-10-06 15:38:00,1791315480,USAR,13.795000076293945,13.809000015258789,13.78499984741211,13.809000015258789,18700
2026-10-06 15:39:00,1791315540,USAR,13.805000305175781,13.805000305175781,13.789999961853027,13.795000076293945,12834
2026-10-06 15:40:00,1791315600,USAR,13.789999961853027,13.819999694824219,13.789999961853027,13.8100004196167,42374
2026-10-06 15:41:00,1791315660,USAR,13.8149995803833,13.8149995803833,13.779999732971191,13.779999732971191,29653
2026-10-06 15:42:00,1791315720,USAR,13.779999732971191,13.800000190734863,13.774999618530273,13.779999732971191,26005
2026-10-06 15:43:00,1791315780,USAR,13.789999961853027,13.8149995803833,13.789999961853027,13.8100004196167,24503
2026-10-06 15:44:00,1791315840,USAR,13.8100004196167,13.815600395202637,13.809900283813477,13.809900283813477,11632
2026-10-06 15:45:00,1791315900,USAR,13.805000305175781,13.8100004196167,13.78499984741211,13.788599967956543,38504
2026-10-06 15:46:00,1791315960,USAR,13.78499984741211,13.789999961853027,13.765000343322754,13.774999618530273,20007
2026-10-06 15:47:00,1791316020,USAR,13.774999618530273,13.795000076293945,13.774999618530273,13.789999961853027,20622
2026-10-06 15:48:00,1791316080,USAR,13.795100212097168,13.800000190734863,13.789999961853027,13.796899795532227,39100
2026-10-06 15:49:00,1791316140,USAR,13.789999961853027,13.800000190734863,13.789999961853027,13.795000076293945,7011
2026-10-06 15:50:00,1791316200,USAR,13.795000076293945,13.800000190734863,13.774999618530273,13.788999557495117,91478
2026-10-06 15:51:00,1791316260,USAR,13.78499984741211,13.819899559020996,13.78499984741211,13.805000305175781,42253
2026-10-06 15:52:00,1791316320,USAR,13.805000305175781,13.805000305175781,13.79010009765625,13.800000190734863,52670
2026-10-06 15:53:00,1791316380,USAR,13.7923002243042,13.795000076293945,13.774999618530273,13.78499984741211,51334
2026-10-06 15:54:00,1791316440,USAR,13.78499984741211,13.78499984741211,13.770000457763672,13.774999618530273,46752
2026-10-06 15:55:00,1791316500,USAR,13.779999732971191,13.800000190734863,13.770000457763672,13.795000076293945,191628
2026-10-06 15:56:00,1791316560,USAR,13.795000076293945,13.800000190734863,13.770000457763672,13.774999618530273,75596
2026-10-06 15:57:00,1791316620,USAR,13.774999618530273,13.779999732971191,13.755000114440918,13.755000114440918,107810
2026-10-06 15:58:00,1791316680,USAR,13.755000114440918,13.760000228881836,13.75,13.755000114440918,287616
2026-10-06 15:59:00,1791316740,USAR,13.755000114440918,13.770000457763672,13.729999542236328,13.740500450134277,314852
2026-10-06 16:00:00,1791316800,USAR,13.739999771118164,13.739999771118164,13.739999771118164,13.739999771118164,0
2026-10-07 09:30:00,1791379800,USAR,13.350000381469727,13.390000343322754,13.265000343322754,13.270000457763672,754182
2026-10-07 09:31:00,1791379860,USAR,13.270000457763672,13.279999732971191,13.140000343322754,13.154999732971191,245037
2026-10-07 09:32:00,1791379920,USAR,13.154999732971191,13.164999961853027,13.114999771118164,13.114999771118164,94037
2026-10-07 09:33:00,1791379980,USAR,13.109999656677246,13.175000190734863,13.09000015258789,13.175000190734863,133617
2026-10-07 09:34:00,1791380040,USAR,13.1850004196167,13.194999694824219,13.135000228881836,13.135000228881836,47225
2026-10-07 09:35:00,1791380100,USAR,13.135000228881836,13.210000038146973,13.125,13.194999694824219,89819
2026-10-07 09:36:00,1791380160,USAR,13.199999809265137,13.204999923706055,13.130000114440918,13.175000190734863,77842
2026-10-07 09:37:00,1791380220,USAR,13.175000190734863,13.20989990234375,13.175000190734863,13.1850004196167,64757
2026-10-07 09:38:00,1791380280,USAR,13.1850004196167,13.1899995803833,13.119999885559082,13.125,53999
2026-10-07 09:39:00,1791380340,USAR,13.125,13.149900436401367,13.100500106811523,13.100500106811523,51731
2026-10-07 09:40:00,1791380400,USAR,13.100000381469727,13.114999771118164,13.0600004196167,13.074999809265137,92733
2026-10-07 09:41:00,1791380460,USAR,13.079999923706055,13.100000381469727,13.069999694824219,13.100000381469727,32725
2026-10-07 09:42:00,1791380520,USAR,13.100000381469727,13.145000457763672,13.0600004196167,13.130000114440918,97602
2026-10-07 09:43:00,1791380580,USAR,13.130000114440918,13.154999732971191,13.100000381469727,13.154999732971191,38274
2026-10-07 09:44:00,1791380640,USAR,13.158499717712402,13.210000038146973,13.154999732971191,13.180000305175781,80222
2026-10-07 09:45:00,1791380700,USAR,13.1899995803833,13.199999809265137,13.140000343322754,13.170000076293945,48031
2026-10-07 09:46:00,1791380760,USAR,13.170000076293945,13.210000038146973,13.15999984741211,13.1850004196167,42630
2026-10-07 09:47:00,1791380820,USAR,13.1850004196167,13.1850004196167,13.104999542236328,13.104999542236328,54997
2026-10-07 09:48:00,1791380880,USAR,13.104999542236328,13.125,13.100000381469727,13.104999542236328,97571
2026-10-07 09:49:00,1791380940,USAR,13.100000381469727,13.109999656677246,13.0802001953125,13.085000038146973,53141
2026-10-07 09:50:00,1791381000,USAR,13.088600158691406,13.119999885559082,13.085000038146973,13.119999885559082,99104
2026-10-07 09:51:00,1791381060,USAR,13.11989974975586,13.15999984741211,13.114999771118164,13.149999618530273,21855
2026-10-07 09:52:00,1791381120,USAR,13.140000343322754,13.15999984741211,13.12399959564209,13.149700164794922,69644
2026-10-07 09:53:00,1791381180,USAR,13.145000457763672,13.178299903869629,13.144000053405762,13.149999618530273,48300
2026-10-07 09:54:00,1791381240,USAR,13.145000457763672,13.175000190734863,13.145000457763672,13.170000076293945,44365
2026-10-07 09:55:00,1791381300,USAR,13.164999961853027,13.170000076293945,13.154999732971191,13.164999961853027,27462
2026-10-07 09:56:00,1791381360,USAR,13.164999961853027,13.170000076293945,13.145000457763672,13.159799575805664,18707
2026-10-07 09:57:00,1791381420,USAR,13.154999732971191,13.15999984741211,13.130000114440918,13.140000343322754,17657
2026-10-07 09:58:00,1791381480,USAR,13.135000228881836,13.180000305175781,13.125,13.180000305175781,38637
2026-10-07 09:59:00,1791381540,USAR,13.1850004196167,13.1899995803833,13.164999961853027,13.175000190734863,26459
2026-10-07 10:00:00,1791381600,USAR,13.175000190734863,13.209799766540527,13.149999618530273,13.154999732971191,36621
2026-10-07 10:01:00,1791381660,USAR,13.154999732971191,13.170000076293945,13.145000457763672,13.149900436401367,30008
2026-10-07 10:02:00,1791381720,USAR,13.140000343322754,13.15999984741211,13.125,13.154999732971191,38976
2026-10-07 10:03:00,1791381780,USAR,13.159899711608887,13.180000305175781,13.145000457763672,13.175000190734863,13032
2026-10-07 10:04:00,1791381840,USAR,13.17710018157959,13.1850004196167,13.161499977111816,13.164999961853027,24549
2026-10-07 10:05:00,1791381900,USAR,13.164999961853027,13.180000305175781,13.145000457763672,13.145000457763672,41908
2026-10-07 10:06:00,1791381960,USAR,13.145000457763672,13.169899940490723,13.140000343322754,13.164999961853027,25610
2026-10-07 10:07:00,1791382020,USAR,13.15999984741211,13.180000305175781,13.154999732971191,13.154999732971191,18046
2026-10-07 10:08:00,1791382080,USAR,13.154999732971191,13.190099716186523,13.154999732971191,13.190099716186523,16531
2026-10-07 10:09:00,1791382140,USAR,13.194999694824219,13.210000038146973,13.180100440979004,13.210000038146973,42453
2026-10-07 10:10:00,1791382200,USAR,13.204999923706055,13.21500015258789,13.190099716186523,13.194999694824219,18963
2026-10-07 10:11:00,1791382260,USAR,13.197999954223633,13.20989990234375,13.1899995803833,13.199999809265137,28745
2026-10-07 10:12:00,1791382320,USAR,13.194999694824219,13.199999809265137,13.1899995803833,13.199999809265137,24257
2026-10-07 10:13:00,1791382380,USAR,13.194999694824219,13.199999809265137,13.175000190734863,13.189599990844727,18557
2026-10-07 10:14:00,1791382440,USAR,13.180000305175781,13.194999694824219,13.180000305175781,13.1850004196167,48031
2026-10-07 10:15:00,1791382500,USAR,13.1850004196167,13.194999694824219,13.173299789428711,13.175000190734863,15563
2026-10-07 10:16:00,1791382560,USAR,13.170000076293945,13.175000190734863,13.152400016784668,13.159899711608887,58040
2026-10-07 10:17:00,1791382620,USAR,13.15999984741211,13.164999961853027,13.145000457763672,13.145000457763672,39030
2026-10-07 10:18:00,1791382680,USAR,13.145000457763672,13.170000076293945,13.145000457763672,13.164999961853027,33699
2026-10-07 10:19:00,1791382740,USAR,13.15999984741211,13.15999984741211,13.145000457763672,13.154999732971191,51611
2026-10-07 10:20:00,1791382800,USAR,13.154999732971191,13.15999984741211,13.140000343322754,13.140000343322754,34914
2026-10-07 10:21:00,1791382860,USAR,13.149999618530273,13.180000305175781,13.145000457763672,13.149999618530273,39526
2026-10-07 10:22:00,1791382920,USAR,13.151000022888184,13.15999984741211,13.140000343322754,13.140000343322754,14811
2026-10-07 10:23:00,1791382980,USAR,13.130000114440918,13.137999534606934,13.125,13.130000114440918,18093
2026-10-07 10:24:00,1791383040,USAR,13.125,13.14799976348877,13.119999885559082,13.14799976348877,10270
2026-10-07 10:25:00,1791383100,USAR,13.14799976348877,13.170000076293945,13.140000343322754,13.15999984741211,20729
2026-10-07 10:26:00,1791383160,USAR,13.15999984741211,13.164999961853027,13.145000457763672,13.164999961853027,26200
2026-10-07 10:27:00,1791383220,USAR,13.164999961853027,13.180000305175781,13.164999961853027,13.170100212097168,101340
2026-10-07 10:28:00,1791383280,USAR,13.175000190734863,13.175000190734863,13.145000457763672,13.145000457763672,11120
2026-10-07 10:29:00,1791383340,USAR,13.145000457763672,13.159899711608887,13.140000343322754,13.145000457763672,7141
2026-10-07 10:30:00,1791383400,USAR,13.140000343322754,13.149999618530273,13.125,13.125,22964
2026-10-07 10:31:00,1791383460,USAR,13.125,13.125,13.104999542236328,13.114999771118164,75789
2026-10-07 10:32:00,1791383520,USAR,13.11989974975586,13.130000114440918,13.109999656677246,13.130000114440918,53964
2026-10-07 10:33:00,1791383580,USAR,13.125,13.135000228881836,13.114999771118164,13.125,35900
2026-10-07 10:34:00,1791383640,USAR,13.125,13.149999618530273,13.109999656677246,13.114999771118164,29245
2026-10-07 10:35:00,1791383700,USAR,13.114999771118164,13.149999618530273,13.114999771118164,13.145000457763672,77604
2026-10-07 10:36:00,1791383760,USAR,13.145000457763672,13.145000457763672,13.114999771118164,13.114999771118164,41878
2026-10-07 10:37:00,1791383820,USAR,13.109999656677246,13.11989974975586,13.079999923706055,13.085000038146973,96388
2026-10-07 10:38:00,1791383880,USAR,13.085000038146973,13.095000267028809,13.069999694824219,13.079899787902832,60911
2026-10-07 10:39:00,1791383940,USAR,13.074999809265137,13.089900016784668,13.074999809265137,13.085000038146973,30206
2026-10-07 10:40:00,1791384000,USAR,13.085000038146973,13.100000381469727,13.079999923706055,13.095000267028809,38318
2026-10-07 10:41:00,1791384060,USAR,13.095000267028809,13.109999656677246,13.09000015258789,13.095000267028809,21347
2026-10-07 10:42:00,1791384120,USAR,13.095000267028809,13.109999656677246,13.095000267028809,13.104999542236328,30121
2026-10-07 10:43:00,1791384180,USAR,13.100000381469727,13.100000381469727,13.081000328063965,13.085000038146973,43171
2026-10-07 10:44:00,1791384240,USAR,13.09000015258789,13.109999656677246,13.079999923706055,13.095000267028809,92887
2026-10-07 10:45:00,1791384300,USAR,13.095000267028809,13.119999885559082,13.095000267028809,13.114999771118164,71875
2026-10-07 10:46:00,1791384360,USAR,13.11989974975586,13.135000228881836,13.11989974975586,13.135000228881836,32969
2026-10-07 10:47:00,1791384420,USAR,13.135000228881836,13.135000228881836,13.119999885559082,13.130000114440918,16968
2026-10-07 10:48:00,1791384480,USAR,13.130000114440918,13.130000114440918,13.119999885559082,13.125,16583
2026-10-07 10:49:00,1791384540,USAR,13.125,13.125,13.114999771118164,13.125,26562
2026-10-07 10:50:00,1791384600,USAR,13.130000114440918,13.130000114440918,13.114999771118164,13.125,15394
2026-10-07 10:51:00,1791384660,USAR,13.129899978637695,13.140000343322754,13.109999656677246,13.114399909973145,27057
2026-10-07 10:52:00,1791384720,USAR,13.109999656677246,13.109999656677246,13.100000381469727,13.100000381469727,12239
2026-10-07 10:53:00,1791384780,USAR,13.104999542236328,13.104999542236328,13.079999923706055,13.079999923706055,55998
2026-10-07 10:54:00,1791384840,USAR,13.079999923706055,13.100000381469727,13.074999809265137,13.098299980163574,185734
2026-10-07 10:55:00,1791384900,USAR,13.095000267028809,13.100000381469727,13.079999923706055,13.088600158691406,37246
2026-10-07 10:56:00,1791384960,USAR,13.085000038146973,13.089900016784668,13.0600004196167,13.074999809265137,507285
2026-10-07 10:57:00,1791385020,USAR,13.074999809265137,13.079999923706055,13.07229995727539,13.074999809265137,12937
2026-10-07 10:58:00,1791385080,USAR,13.07390022277832,13.074999809265137,13.050000190734863,13.055500030517578,37491
2026-10-07 10:59:00,1791385140,USAR,13.055000305175781,13.069999694824219,13.050000190734863,13.0649995803833,56405
2026-10-07 11:00:00,1791385200,USAR,13.069999694824219,13.069999694824219,13.050000190734863,13.055100440979004,22803
2026-10-07 11:01:00,1791385260,USAR,13.050000190734863,13.050000190734863,13.039999961853027,13.045000076293945,54809
2026-10-07 11:02:00,1791385320,USAR,13.039999961853027,13.047900199890137,13.039999961853027,13.045000076293945,23928
2026-10-07 11:03:00,1791385380,USAR,13.047100067138672,13.050000190734863,13.043000221252441,13.046600341796875,21666
2026-10-07 11:04:00,1791385440,USAR,13.050000190734863,13.050000190734863,13.039999961853027,13.045000076293945,25610
2026-10-07 11:05:00,1791385500,USAR,13.045000076293945,13.050000190734863,13.039999961853027,13.04990005493164,28780
2026-10-07 11:06:00,1791385560,USAR,13.045000076293945,13.050000190734863,13.029999732971191,13.03499984741211,51745
2026-10-07 11:07:00,1791385620,USAR,13.039999961853027,13.045000076293945,13.029999732971191,13.029999732971191,27697
2026-10-07 11:08:00,1791385680,USAR,13.03499984741211,13.056099891662598,13.029999732971191,13.045000076293945,52871
2026-10-07 11:09:00,1791385740,USAR,13.045000076293945,13.050000190734863,13.039999961853027,13.047100067138672,7387
2026-10-07 11:10:00,1791385800,USAR,13.048500061035156,13.050000190734863,13.029999732971191,13.039899826049805,27201
2026-10-07 11:11:00,1791385860,USAR,13.03499984741211,13.055000305175781,13.029999732971191,13.050000190734863,96899
2026-10-07 11:12:00,1791385920,USAR,13.059900283813477,13.0600004196167,13.039999961853027,13.045000076293945,7968
2026-10-07 11:13:00,1791385980,USAR,13.039999961853027,13.085000038146973,13.039999961853027,13.0600004196167,120823
2026-10-07 11:14:00,1791386040,USAR,13.067999839782715,13.079999923706055,13.0600004196167,13.0600004196167,45722
2026-10-07 11:15:00,1791386100,USAR,13.0600004196167,13.069999694824219,13.0600004196167,13.0649995803833,18680
2026-10-07 11:16:00,1791386160,USAR,13.0600004196167,13.069999694824219,13.0600004196167,13.069999694824219,14670
2026-10-07 11:17:00,1791386220,USAR,13.069899559020996,13.069999694824219,13.0600004196167,13.0649995803833,15081
2026-10-07 11:18:00,1791386280,USAR,13.0600004196167,13.069899559020996,13.050000190734863,13.050000190734863,61035
2026-10-07 11:19:00,1791386340,USAR,13.050000190734863,13.055000305175781,13.045000076293945,13.05090045928955,48279
2026-10-07 11:20:00,1791386400,USAR,13.055000305175781,13.069999694824219,13.050000190734863,13.069999694824219,31129
2026-10-07 11:21:00,1791386460,USAR,13.069899559020996,13.069999694824219,13.050000190734863,13.055000305175781,14790
2026-10-07 11:22:00,1791386520,USAR,13.050000190734863,13.0600004196167,13.039999961853027,13.055000305175781,52716
2026-10-07 11:23:00,1791386580,USAR,13.055100440979004,13.059900283813477,13.050000190734863,13.050000190734863,4132
2026-10-07 11:24:00,1791386640,USAR,13.050000190734863,13.0600004196167,13.050000190734863,13.055000305175781,8498
2026-10-07 11:25:00,1791386700,USAR,13.05370044708252,13.055899620056152,13.050000190734863,13.050000190734863,41785
2026-10-07 11:26:00,1791386760,USAR,13.050000190734863,13.055000305175781,13.039999961853027,13.050000190734863,33196
2026-10-07 11:27:00,1791386820,USAR,13.055000305175781,13.0600004196167,13.039999961853027,13.045000076293945,27457
2026-10-07 11:28:00,1791386880,USAR,13.039999961853027,13.050000190734863,13.039999961853027,13.045000076293945,11115
2026-10-07 11:29:00,1791386940,USAR,13.050000190734863,13.0600004196167,13.039999961853027,13.0600004196167,22086
2026-10-07 11:30:00,1791387000,USAR,13.050000190734863,13.089799880981445,13.039999961853027,13.055000305175781,88615
2026-10-07 11:31:00,1791387060,USAR,13.050999641418457,13.0600004196167,13.029999732971191,13.050100326538086,154663
2026-10-07 11:32:00,1791387120,USAR,13.055000305175781,13.069999694824219,13.055000305175781,13.0600004196167,46422
2026-10-07 11:33:00,1791387180,USAR,13.0649995803833,13.0649995803833,13.050000190734863,13.0600004196167,85245
2026-10-07 11:34:00,1791387240,USAR,13.055000305175781,13.0600004196167,13.039999961853027,13.045000076293945,15739
2026-10-07 11:35:00,1791387300,USAR,13.050000190734863,13.0649995803833,13.050000190734863,13.0649995803833,26479
2026-10-07 11:36:00,1791387360,USAR,13.0600004196167,13.085000038146973,13.0600004196167,13.085000038146973,13943
2026-10-07 11:37:00,1791387420,USAR,13.079999923706055,13.100000381469727,13.079999923706055,13.100000381469727,24732
2026-10-07 11:38:00,1791387480,USAR,13.095000267028809,13.119999885559082,13.09000015258789,13.090100288391113,64470
2026-10-07 11:39:00,1791387540,USAR,13.095000267028809,13.100000381469727,13.079999923706055,13.085000038146973,18797
2026-10-07 11:40:00,1791387600,USAR,13.079999923706055,13.09000015258789,13.069999694824219,13.074999809265137,9911
2026-10-07 11:41:00,1791387660,USAR,13.079999923706055,13.079999923706055,13.069999694824219,13.074999809265137,16170
2026-10-07 11:42:00,1791387720,USAR,13.074999809265137,13.079999923706055,13.069999694824219,13.074999809265137,13809
2026-10-07 11:43:00,1791387780,USAR,13.074999809265137,13.079999923706055,13.0600004196167,13.0649995803833,29966
2026-10-07 11:44:00,1791387840,USAR,13.067999839782715,13.086899757385254,13.067999839782715,13.086000442504883,28778
2026-10-07 11:45:00,1791387900,USAR,13.085000038146973,13.089900016784668,13.069999694824219,13.085000038146973,15801
2026-10-07 11:46:00,1791387960,USAR,13.085000038146973,13.109999656677246,13.085000038146973,13.104999542236328,24785
2026-10-07 11:47:00,1791388020,USAR,13.104999542236328,13.109999656677246,13.100000381469727,13.104999542236328,11975
2026-10-07 11:48:00,1791388080,USAR,13.104999542236328,13.104999542236328,13.09000015258789,13.095000267028809,39124
2026-10-07 11:49:00,1791388140,USAR,13.100000381469727,13.109999656677246,13.095000267028809,13.104999542236328,18615
2026-10-07 11:50:00,1791388200,USAR,13.10669994354248,13.10669994354248,13.100000381469727,13.104999542236328,11830
2026-10-07 11:51:00,1791388260,USAR,13.100000381469727,13.114999771118164,13.09000015258789,13.114999771118164,40623
2026-10-07 11:52:00,1791388320,USAR,13.114999771118164,13.114999771118164,13.100000381469727,13.104999542236328,8977
2026-10-07 11:53:00,1791388380,USAR,13.104999542236328,13.104999542236328,13.100000381469727,13.100000381469727,43317
2026-10-07 11:54:00,1791388440,USAR,13.095000267028809,13.104999542236328,13.095000267028809,13.100000381469727,17691
2026-10-07 11:55:00,1791388500,USAR,13.095000267028809,13.100000381469727,13.09000015258789,13.095000267028809,3303
2026-10-07 11:56:00,1791388560,USAR,13.095000267028809,13.100000381469727,13.09000015258789,13.099900245666504,14927
2026-10-07 11:57:00,1791388620,USAR,13.092700004577637,13.099900245666504,13.092700004577637,13.095000267028809,15183
2026-10-07 11:58:00,1791388680,USAR,13.095000267028809,13.100000381469727,13.09000015258789,13.100000381469727,15034
2026-10-07 11:59:00,1791388740,USAR,13.095000267028809,13.140000343322754,13.095000267028809,13.130000114440918,63276
2026-10-07 12:00:00,1791388800,USAR,13.135000228881836,13.13599967956543,13.114999771118164,13.130000114440918,33494
2026-10-07 12:01:00,1791388860,USAR,13.125,13.135000228881836,13.109999656677246,13.109999656677246,61301
2026-10-07 12:02:00,1791388920,USAR,13.104999542236328,13.109999656677246,13.100000381469727,13.104999542236328,8060
2026-10-07 12:03:00,1791388980,USAR,13.109999656677246,13.119999885559082,13.100000381469727,13.104999542236328,13697
2026-10-07 12:04:00,1791389040,USAR,13.104999542236328,13.109999656677246,13.09749984741211,13.09749984741211,35975
2026-10-07 12:05:00,1791389100,USAR,13.095000267028809,13.100000381469727,13.09000015258789,13.095000267028809,12050
2026-10-07 12:06:00,1791389160,USAR,13.095000267028809,13.100000381469727,13.09000015258789,13.095000267028809,8742
2026-10-07 12:07:00,1791389220,USAR,13.095000267028809,13.100000381469727,13.079999923706055,13.085000038146973,22166
2026-10-07 12:08:00,1791389280,USAR,13.09000015258789,13.09000015258789,13.079999923706055,13.09000015258789,13189
2026-10-07 12:09:00,1791389340,USAR,13.085000038146973,13.089900016784668,13.080100059509277,13.085000038146973,7450
2026-10-07 12:10:00,1791389400,USAR,13.085000038146973,13.09000015258789,13.079999923706055,13.085000038146973,8912
2026-10-07 12:11:00,1791389460,USAR,13.085000038146973,13.09000015258789,13.079999923706055,13.085000038146973,10098
2026-10-07 12:12:00,1791389520,USAR,13.085000038146973,13.095000267028809,13.079999923706055,13.087499618530273,24092
2026-10-07 12:13:00,1791389580,USAR,13.09000015258789,13.100000381469727,13.08240032196045,13.100000381469727,12543
2026-10-07 12:14:00,1791389640,USAR,13.095000267028809,13.100000381469727,13.095000267028809,13.100000381469727,7264
2026-10-07 12:15:00,1791389700,USAR,13.099900245666504,13.099900245666504,13.09000015258789,13.095000267028809,12870
2026-10-07 12:16:00,1791389760,USAR,13.095000267028809,13.099900245666504,13.085000038146973,13.09000015258789,8208
2026-10-07 12:17:00,1791389820,USAR,13.089900016784668,13.099900245666504,13.089900016784668,13.095000267028809,15434
2026-10-07 12:18:00,1791389880,USAR,13.095000267028809,13.104999542236328,13.095000267028809,13.104999542236328,18940
2026-10-07 12:19:00,1791389940,USAR,13.100000381469727,13.109999656677246,13.100000381469727,13.104999542236328,6069
2026-10-07 12:20:00,1791390000,USAR,13.109999656677246,13.11769962310791,13.100000381469727,13.11769962310791,8992
2026-10-07 12:21:00,1791390060,USAR,13.114999771118164,13.114999771118164,13.100000381469727,13.104999542236328,21163
2026-10-07 12:22:00,1791390120,USAR,13.104999542236328,13.125,13.100000381469727,13.125,14384
2026-10-07 12:23:00,1791390180,USAR,13.125,13.130000114440918,13.119999885559082,13.12969970703125,6396
2026-10-07 12:24:00,1791390240,USAR,13.125,13.125,13.114999771118164,13.119999885559082,20235
2026-10-07 12:25:00,1791390300,USAR,13.114500045776367,13.119999885559082,13.114500045776367,13.119999885559082,7164
2026-10-07 12:26:00,1791390360,USAR,13.119999885559082,13.130000114440918,13.119999885559082,13.130000114440918,22900
2026-10-07 12:27:00,1791390420,USAR,13.130000114440918,13.130000114440918,13.119999885559082,13.125,12821
2026-10-07 12:28:00,1791390480,USAR,13.128000259399414,13.149999618530273,13.119999885559082,13.149999618530273,48914
2026-10-07 12:29:00,1791390540,USAR,13.145000457763672,13.149999618530273,13.131500244140625,13.145000457763672,15122
2026-10-07 12:30:00,1791390600,USAR,13.145000457763672,13.145000457763672,13.114999771118164,13.114999771118164,14495
2026-10-07 12:31:00,1791390660,USAR,13.114999771118164,13.129899978637695,13.114999771118164,13.127300262451172,8921
2026-10-07 12:32:00,1791390720,USAR,13.125,13.135000228881836,13.125,13.135000228881836,10620
2026-10-07 12:33:00,1791390780,USAR,13.135000228881836,13.145000457763672,13.135000228881836,13.140000343322754,8980
2026-10-07 12:34:00,1791390840,USAR,13.145000457763672,13.170000076293945,13.145000457763672,13.16569995880127,29218
2026-10-07 12:35:00,1791390900,USAR,13.15999984741211,13.15999984741211,13.145000457763672,13.149999618530273,19481
2026-10-07 12:36:00,1791390960,USAR,13.149999618530273,13.15999984741211,13.145000457763672,13.15999984741211,11999
2026-10-07 12:37:00,1791391020,USAR,13.159899711608887,13.15999984741211,13.135000228881836,13.135000228881836,18477
2026-10-07 12:38:00,1791391080,USAR,13.140000343322754,13.164999961853027,13.131500244140625,13.135000228881836,50204
2026-10-07 12:39:00,1791391140,USAR,13.13640022277832,13.140000343322754,13.119999885559082,13.140000343322754,25746
2026-10-07 12:40:00,1791391200,USAR,13.135000228881836,13.148599624633789,13.130000114440918,13.145000457763672,11046
2026-10-07 12:41:00,1791391260,USAR,13.145000457763672,13.149999618530273,13.145000457763672,13.145000457763672,3983
2026-10-07 12:43:00,1791391380,USAR,13.145000457763672,13.149999618530273,13.140000343322754,13.140000343322754,21968
2026-10-07 12:44:00,1791391440,USAR,13.135000228881836,13.149999618530273,13.130000114440918,13.145000457763672,18688
2026-10-07 12:45:00,1791391500,USAR,13.148799896240234,13.149999618530273,13.14009952545166,13.145000457763672,33901
2026-10-07 12:46:00,1791391560,USAR,13.149999618530273,13.149999618530273,13.139900207519531,13.139900207519531,30240
2026-10-07 12:47:00,1791391620,USAR,13.135000228881836,13.137999534606934,13.125,13.125,16711
2026-10-07 12:48:00,1791391680,USAR,13.125,13.130000114440918,13.125,13.130000114440918,15527
2026-10-07 12:49:00,1791391740,USAR,13.140000343322754,13.140000343322754,13.135000228881836,13.135000228881836,3105
2026-10-07 12:50:00,1791391800,USAR,13.130000114440918,13.140000343322754,13.130000114440918,13.140000343322754,9304
2026-10-07 12:51:00,1791391860,USAR,13.135100364685059,13.140000343322754,13.135000228881836,13.135000228881836,3327
2026-10-07 12:52:00,1791391920,USAR,13.135000228881836,13.140000343322754,13.130000114440918,13.135000228881836,15408
2026-10-07 12:53:00,1791391980,USAR,13.135000228881836,13.135000228881836,13.119999885559082,13.124300003051758,8505
2026-10-07 12:54:00,1791392040,USAR,13.129899978637695,13.139900207519531,13.129899978637695,13.130000114440918,9756
2026-10-07 12:55:00,1791392100,USAR,13.135000228881836,13.140000343322754,13.125,13.130000114440918,8972
2026-10-07 12:56:00,1791392160,USAR,13.125,13.130000114440918,13.120699882507324,13.130000114440918,6943
2026-10-07 12:57:00,1791392220,USAR,13.125,13.125,13.125,13.125,3144
2026-10-07 12:58:00,1791392280,USAR,13.125,13.130000114440918,13.114999771118164,13.125,11648
2026-10-07 12:59:00,1791392340,USAR,13.120100021362305,13.130000114440918,13.120100021362305,13.125,9037
2026-10-07 13:00:00,1791392400,USAR,13.125,13.130000114440918,13.114999771118164,13.128000259399414,12086
2026-10-07 13:01:00,1791392460,USAR,13.125,13.130000114440918,13.119999885559082,13.121999740600586,6791
2026-10-07 13:02:00,1791392520,USAR,13.119999885559082,13.154999732971191,13.119999885559082,13.145000457763672,40310
2026-10-07 13:03:00,1791392580,USAR,13.149999618530273,13.154999732971191,13.135000228881836,13.135000228881836,33143
2026-10-07 13:04:00,1791392640,USAR,13.131999969482422,13.135000228881836,13.125,13.128000259399414,7495
2026-10-07 13:05:00,1791392700,USAR,13.119999885559082,13.15999984741211,13.119999885559082,13.154999732971191,24236
2026-10-07 13:06:00,1791392760,USAR,13.154999732971191,13.15999984741211,13.135000228881836,13.149999618530273,45591
2026-10-07 13:07:00,1791392820,USAR,13.145000457763672,13.15999984741211,13.140000343322754,13.154999732971191,20842
2026-10-07 13:08:00,1791392880,USAR,13.15999984741211,13.199999809265137,13.15999984741211,13.199999809265137,26905
2026-10-07 13:09:00,1791392940,USAR,13.199999809265137,13.199999809265137,13.1850004196167,13.1850004196167,32748
2026-10-07 13:10:00,1791393000,USAR,13.1850004196167,13.1899995803833,13.180000305175781,13.189499855041504,5480
2026-10-07 13:11:00,1791393060,USAR,13.1850004196167,13.194999694824219,13.180000305175781,13.187700271606445,15217
2026-10-07 13:12:00,1791393120,USAR,13.194999694824219,13.220000267028809,13.194999694824219,13.21500015258789,211736
2026-10-07 13:13:00,1791393180,USAR,13.21500015258789,13.220000267028809,13.210000038146973,13.21500015258789,18550
2026-10-07 13:14:00,1791393240,USAR,13.21500015258789,13.215100288391113,13.204999923706055,13.21500015258789,16424
2026-10-07 13:15:00,1791393300,USAR,13.219900131225586,13.225000381469727,13.210000038146973,13.21500015258789,24984
2026-10-07 13:16:00,1791393360,USAR,13.212300300598145,13.217700004577637,13.204999923706055,13.204999923706055,18561
2026-10-07 13:17:00,1791393420,USAR,13.210000038146973,13.210000038146973,13.190099716186523,13.199999809265137,71025
2026-10-07 13:18:00,1791393480,USAR,13.199999809265137,13.210000038146973,13.199999809265137,13.210000038146973,7122
2026-10-07 13:19:00,1791393540,USAR,13.209699630737305,13.225000381469727,13.209699630737305,13.225000381469727,18625
2026-10-07 13:20:00,1791393600,USAR,13.220100402832031,13.239999771118164,13.220100402832031,13.234999656677246,17886
2026-10-07 13:21:00,1791393660,USAR,13.233200073242188,13.234999656677246,13.210100173950195,13.234999656677246,18884
2026-10-07 13:22:00,1791393720,USAR,13.234999656677246,13.234999656677246,13.199999809265137,13.199999809265137,40371
2026-10-07 13:23:00,1791393780,USAR,13.199700355529785,13.199999809265137,13.180100440979004,13.1899995803833,10956
2026-10-07 13:24:00,1791393840,USAR,13.180000305175781,13.180000305175781,13.170000076293945,13.175000190734863,10135
2026-10-07 13:25:00,1791393900,USAR,13.175000190734863,13.179900169372559,13.175000190734863,13.175000190734863,5945
2026-10-07 13:26:00,1791393960,USAR,13.175000190734863,13.180000305175781,13.170299530029297,13.178999900817871,3903
2026-10-07 13:27:00,1791394020,USAR,13.175000190734863,13.180000305175781,13.175000190734863,13.175000190734863,9315
2026-10-07 13:28:00,1791394080,USAR,13.170100212097168,13.170100212097168,13.164999961853027,13.164999961853027,11262
2026-10-07 13:29:00,1791394140,USAR,13.164999961853027,13.164999961853027,13.15999984741211,13.164999961853027,10345
2026-10-07 13:30:00,1791394200,USAR,13.164999961853027,13.164999961853027,13.149999618530273,13.164999961853027,13025
2026-10-07 13:31:00,1791394260,USAR,13.164999961853027,13.169899940490723,13.161999702453613,13.164999961853027,3858
2026-10-07 13:32:00,1791394320,USAR,13.15999984741211,13.166500091552734,13.154999732971191,13.154999732971191,6590
2026-10-07 13:33:00,1791394380,USAR,13.15999984741211,13.15999984741211,13.140000343322754,13.140000343322754,25768
2026-10-07 13:34:00,1791394440,USAR,13.149999618530273,13.158499717712402,13.149999618530273,13.149999618530273,7548
2026-10-07 13:35:00,1791394500,USAR,13.154999732971191,13.157299995422363,13.145000457763672,13.145500183105469,12837
2026-10-07 13:36:00,1791394560,USAR,13.156599998474121,13.156599998474121,13.149999618530273,13.156100273132324,6815
2026-10-07 13:37:00,1791394620,USAR,13.154999732971191,13.154999732971191,13.145000457763672,13.145000457763672,6640
2026-10-07 13:38:00,1791394680,USAR,13.140000343322754,13.149999618530273,13.135000228881836,13.149999618530273,28608
2026-10-07 13:39:00,1791394740,USAR,13.15999984741211,13.170000076293945,13.15999984741211,13.15999984741211,14767
2026-10-07 13:40:00,1791394800,USAR,13.154999732971191,13.15999984741211,13.149900436401367,13.149999618530273,7843
2026-10-07 13:41:00,1791394860,USAR,13.149999618530273,13.15999984741211,13.145000457763672,13.154999732971191,10257
2026-10-07 13:42:00,1791394920,USAR,13.15999984741211,13.170000076293945,13.154999732971191,13.164999961853027,10919
2026-10-07 13:43:00,1791394980,USAR,13.164999961853027,13.170000076293945,13.164999961853027,13.170000076293945,3595
2026-10-07 13:44:00,1791395040,USAR,13.15999984741211,13.15999984741211,13.145000457763672,13.145000457763672,8970
2026-10-07 13:45:00,1791395100,USAR,13.145000457763672,13.149999618530273,13.140000343322754,13.140000343322754,5332
2026-10-07 13:46:00,1791395160,USAR,13.149999618530273,13.154999732971191,13.140000343322754,13.154999732971191,18951
2026-10-07 13:47:00,1791395220,USAR,13.154999732971191,13.15999984741211,13.140000343322754,13.140299797058105,17468
2026-10-07 13:48:00,1791395280,USAR,13.145000457763672,13.170000076293945,13.145000457763672,13.170000076293945,23216
2026-10-07 13:49:00,1791395340,USAR,13.164999961853027,13.1899995803833,13.15999984741211,13.1850004196167,31984
2026-10-07 13:50:00,1791395400,USAR,13.1850004196167,13.1899995803833,13.180000305175781,13.189900398254395,5131
2026-10-07 13:51:00,1791395460,USAR,13.1899995803833,13.194999694824219,13.180000305175781,13.19219970703125,13920
2026-10-07 13:52:00,1791395520,USAR,13.194999694824219,13.194999694824219,13.1850004196167,13.1850004196167,6939
2026-10-07 13:53:00,1791395580,USAR,13.1850004196167,13.1850004196167,13.15999984741211,13.180000305175781,53705
2026-10-07 13:54:00,1791395640,USAR,13.175000190734863,13.207599639892578,13.171799659729004,13.207599639892578,110986
2026-10-07 13:55:00,1791395700,USAR,13.208399772644043,13.210000038146973,13.175000190734863,13.1850004196167,55357
2026-10-07 13:56:00,1791395760,USAR,13.175000190734863,13.1850004196167,13.15999984741211,13.15999984741211,25358
2026-10-07 13:57:00,1791395820,USAR,13.15999984741211,13.15999984741211,13.150099754333496,13.15999984741211,11507
2026-10-07 13:58:00,1791395880,USAR,13.150099754333496,13.15999984741211,13.149999618530273,13.152099609375,5800
2026-10-07 13:59:00,1791395940,USAR,13.154999732971191,13.154999732971191,13.135000228881836,13.140000343322754,21472
2026-10-07 14:00:00,1791396000,USAR,13.130000114440918,13.149999618530273,13.119999885559082,13.14009952545166,22682
2026-10-07 14:01:00,1791396060,USAR,13.14009952545166,13.145000457763672,13.140000343322754,13.145000457763672,3258
2026-10-07 14:02:00,1791396120,USAR,13.140000343322754,13.154999732971191,13.140000343322754,13.149999618530273,11082
2026-10-07 14:03:00,1791396180,USAR,13.154999732971191,13.15999984741211,13.149999618530273,13.158599853515625,12511
2026-10-07 14:04:00,1791396240,USAR,13.154999732971191,13.180000305175781,13.149999618530273,13.180000305175781,13047
2026-10-07 14:05:00,1791396300,USAR,13.180000305175781,13.225000381469727,13.180000305175781,13.220000267028809,21689
2026-10-07 14:06:00,1791396360,USAR,13.225000381469727,13.234999656677246,13.21500015258789,13.229999542236328,42845
2026-10-07 14:07:00,1791396420,USAR,13.229999542236328,13.25,13.220000267028809,13.22029972076416,61102
2026-10-07 14:08:00,1791396480,USAR,13.21500015258789,13.220000267028809,13.199999809265137,13.204999923706055,18915
2026-10-07 14:09:00,1791396540,USAR,13.199999809265137,13.210000038146973,13.1899995803833,13.210000038146973,18169
2026-10-07 14:10:00,1791396600,USAR,13.21500015258789,13.21500015258789,13.199999809265137,13.199999809265137,5613
2026-10-07 14:11:00,1791396660,USAR,13.20009994506836,13.21500015258789,13.199999809265137,13.21500015258789,16829
2026-10-07 14:12:00,1791396720,USAR,13.210000038146973,13.220000267028809,13.204999923706055,13.21500015258789,18197
2026-10-07 14:13:00,1791396780,USAR,13.210000038146973,13.211000442504883,13.194999694824219,13.194999694824219,10174
2026-10-07 14:14:00,1791396840,USAR,13.194999694824219,13.210000038146973,13.1899995803833,13.204999923706055,7794
2026-10-07 14:15:00,1791396900,USAR,13.210000038146973,13.210000038146973,13.201000213623047,13.210000038146973,2756
2026-10-07 14:16:00,1791396960,USAR,13.204999923706055,13.210000038146973,13.199999809265137,13.20989990234375,7183
2026-10-07 14:17:00,1791397020,USAR,13.200599670410156,13.210000038146973,13.200599670410156,13.204999923706055,7893
2026-10-07 14:18:00,1791397080,USAR,13.201000213623047,13.201000213623047,13.1850004196167,13.1850004196167,11846
2026-10-07 14:19:00,1791397140,USAR,13.1899995803833,13.199999809265137,13.180000305175781,13.199999809265137,11106
2026-10-07 14:20:00,1791397200,USAR,13.194999694824219,13.194999694824219,13.190099716186523,13.190099716186523,5182
2026-10-07 14:21:00,1791397260,USAR,13.194999694824219,13.194999694824219,13.1899995803833,13.194999694824219,4469
2026-10-07 14:22:00,1791397320,USAR,13.194999694824219,13.210000038146973,13.194999694824219,13.204999923706055,19864
2026-10-07 14:23:00,1791397380,USAR,13.210000038146973,13.210000038146973,13.204999923706055,13.210000038146973,6853
2026-10-07 14:24:00,1791397440,USAR,13.204999923706055,13.204999923706055,13.194999694824219,13.204999923706055,11610
2026-10-07 14:25:00,1791397500,USAR,13.204999923706055,13.204999923706055,13.194999694824219,13.199999809265137,10049
2026-10-07 14:26:00,1791397560,USAR,13.204999923706055,13.210000038146973,13.199999809265137,13.210000038146973,9650
2026-10-07 14:27:00,1791397620,USAR,13.220000267028809,13.229999542236328,13.220000267028809,13.229999542236328,11184
2026-10-07 14:28:00,1791397680,USAR,13.229999542236328,13.229999542236328,13.210000038146973,13.210000038146973,14157
2026-10-07 14:29:00,1791397740,USAR,13.220000267028809,13.220000267028809,13.204999923706055,13.204999923706055,6767
2026-10-07 14:30:00,1791397800,USAR,13.204999923706055,13.210000038146973,13.199999809265137,13.210000038146973,12624
2026-10-07 14:31:00,1791397860,USAR,13.210000038146973,13.21500015258789,13.199999809265137,13.21500015258789,13174
2026-10-07 14:32:00,1791397920,USAR,13.220000267028809,13.220000267028809,13.21500015258789,13.220000267028809,2580
2026-10-07 14:33:00,1791397980,USAR,13.220000267028809,13.225000381469727,13.210000038146973,13.225000381469727,16507
2026-10-07 14:34:00,1791398040,USAR,13.229999542236328,13.229999542236328,13.213399887084961,13.21500015258789,6950
2026-10-07 14:35:00,1791398100,USAR,13.210000038146973,13.21500015258789,13.199999809265137,13.210000038146973,9708
2026-10-07 14:36:00,1791398160,USAR,13.204999923706055,13.204999923706055,13.20009994506836,13.204999923706055,10545
2026-10-07 14:37:00,1791398220,USAR,13.199999809265137,13.210000038146973,13.1899995803833,13.197999954223633,9254
2026-10-07 14:38:00,1791398280,USAR,13.194999694824219,13.194999694824219,13.180000305175781,13.180000305175781,12177
2026-10-07 14:39:00,1791398340,USAR,13.175000190734863,13.1850004196167,13.170000076293945,13.1850004196167,36933
2026-10-07 14:40:00,1791398400,USAR,13.1850004196167,13.1850004196167,13.175000190734863,13.180000305175781,11332
2026-10-07 14:41:00,1791398460,USAR,13.180000305175781,13.1899995803833,13.180000305175781,13.1899995803833,5575
2026-10-07 14:42:00,1791398520,USAR,13.1850004196167,13.1899995803833,13.180000305175781,13.187700271606445,5737
2026-10-07 14:43:00,1791398580,USAR,13.1899995803833,13.199999809265137,13.1899995803833,13.192299842834473,18594
2026-10-07 14:44:00,1791398640,USAR,13.199999809265137,13.199999809265137,13.190099716186523,13.199999809265137,16022
2026-10-07 14:45:00,1791398700,USAR,13.210000038146973,13.229999542236328,13.204999923706055,13.22659969329834,17516
2026-10-07 14:46:00,1791398760,USAR,13.229999542236328,13.229999542236328,13.21500015258789,13.229999542236328,19071
2026-10-07 14:47:00,1791398820,USAR,13.234999656677246,13.237099647521973,13.21500015258789,13.21500015258789,16371
2026-10-07 14:48:00,1791398880,USAR,13.210100173950195,13.220000267028809,13.210000038146973,13.210000038146973,8984
2026-10-07 14:49:00,1791398940,USAR,13.219900131225586,13.220000267028809,13.210000038146973,13.21500015258789,5953
2026-10-07 14:50:00,1791399000,USAR,13.21500015258789,13.225000381469727,13.210000038146973,13.220000267028809,16808
2026-10-07 14:51:00,1791399060,USAR,13.225000381469727,13.225000381469727,13.220000267028809,13.220000267028809,6839
2026-10-07 14:52:00,1791399120,USAR,13.229999542236328,13.239999771118164,13.220000267028809,13.234999656677246,19863
2026-10-07 14:53:00,1791399180,USAR,13.25,13.25,13.244999885559082,13.244999885559082,12871
2026-10-07 14:54:00,1791399240,USAR,13.244999885559082,13.261699676513672,13.244999885559082,13.255000114440918,31149
2026-10-07 14:55:00,1791399300,USAR,13.255000114440918,13.265000343322754,13.255000114440918,13.256099700927734,20295
2026-10-07 14:56:00,1791399360,USAR,13.260000228881836,13.260000228881836,13.25,13.255000114440918,6537
2026-10-07 14:57:00,1791399420,USAR,13.255000114440918,13.255000114440918,13.234999656677246,13.234999656677246,42193
2026-10-07 14:58:00,1791399480,USAR,13.234999656677246,13.234999656677246,13.220000267028809,13.225000381469727,15529
2026-10-07 14:59:00,1791399540,USAR,13.229900360107422,13.229999542236328,13.220000267028809,13.220000267028809,10899
2026-10-07 15:00:00,1791399600,USAR,13.220000267028809,13.234999656677246,13.210000038146973,13.234999656677246,20556
2026-10-07 15:01:00,1791399660,USAR,13.232600212097168,13.239999771118164,13.229999542236328,13.239999771118164,9807
2026-10-07 15:02:00,1791399720,USAR,13.239999771118164,13.239999771118164,13.220000267028809,13.220000267028809,12312
2026-10-07 15:03:00,1791399780,USAR,13.215800285339355,13.220000267028809,13.210000038146973,13.210000038146973,6062
2026-10-07 15:04:00,1791399840,USAR,13.220000267028809,13.220000267028809,13.199999809265137,13.204999923706055,11803
2026-10-07 15:05:00,1791399900,USAR,13.210000038146973,13.21500015258789,13.199999809265137,13.21500015258789,17157
2026-10-07 15:06:00,1791399960,USAR,13.21500015258789,13.21500015258789,13.199999809265137,13.199999809265137,22010
2026-10-07 15:07:00,1791400020,USAR,13.194999694824219,13.210000038146973,13.194999694824219,13.204999923706055,28179
2026-10-07 15:08:00,1791400080,USAR,13.204999923706055,13.204999923706055,13.170000076293945,13.1850004196167,108214
2026-10-07 15:09:00,1791400140,USAR,13.1850004196167,13.199999809265137,13.180000305175781,13.194499969482422,19190
2026-10-07 15:10:00,1791400200,USAR,13.194999694824219,13.199999809265137,13.194999694824219,13.197600364685059,9355
2026-10-07 15:11:00,1791400260,USAR,13.194999694824219,13.21500015258789,13.194999694824219,13.210000038146973,30156
2026-10-07 15:12:00,1791400320,USAR,13.219799995422363,13.225000381469727,13.199999809265137,13.199999809265137,18378
2026-10-07 15:13:00,1791400380,USAR,13.204999923706055,13.204999923706055,13.194999694824219,13.194999694824219,14171
2026-10-07 15:14:00,1791400440,USAR,13.1899995803833,13.199999809265137,13.1899995803833,13.194999694824219,16421
2026-10-07 15:15:00,1791400500,USAR,13.194999694824219,13.199999809265137,13.170000076293945,13.182499885559082,72675
2026-10-07 15:16:00,1791400560,USAR,13.1899995803833,13.199999809265137,13.170000076293945,13.180000305175781,69594
2026-10-07 15:17:00,1791400620,USAR,13.175000190734863,13.1899995803833,13.175000190734863,13.1850004196167,26800
2026-10-07 15:18:00,1791400680,USAR,13.1899995803833,13.199999809265137,13.1850004196167,13.199999809265137,17521
2026-10-07 15:19:00,1791400740,USAR,13.194999694824219,13.20989990234375,13.1899995803833,13.194999694824219,28892
2026-10-07 15:20:00,1791400800,USAR,13.194999694824219,13.194999694824219,13.180000305175781,13.188599586486816,18676
2026-10-07 15:21:00,1791400860,USAR,13.1899995803833,13.1899995803833,13.180000305175781,13.189499855041504,15326
2026-10-07 15:22:00,1791400920,USAR,13.1850004196167,13.210000038146973,13.1850004196167,13.204999923706055,20807
2026-10-07 15:23:00,1791400980,USAR,13.204999923706055,13.21500015258789,13.1899995803833,13.204999923706055,52478
2026-10-07 15:24:00,1791401040,USAR,13.210000038146973,13.21500015258789,13.199999809265137,13.212800025939941,29798
2026-10-07 15:25:00,1791401100,USAR,13.220000267028809,13.229999542236328,13.220000267028809,13.229999542236328,27384
2026-10-07 15:26:00,1791401160,USAR,13.234999656677246,13.234999656677246,13.220000267028809,13.220000267028809,22788
2026-10-07 15:27:00,1791401220,USAR,13.229999542236328,13.234999656677246,13.225000381469727,13.234999656677246,24074
2026-10-07 15:28:00,1791401280,USAR,13.234999656677246,13.239999771118164,13.210100173950195,13.210100173950195,38727
2026-10-07 15:29:00,1791401340,USAR,13.21500015258789,13.239999771118164,13.21500015258789,13.229999542236328,55525
2026-10-07 15:30:00,1791401400,USAR,13.234999656677246,13.260000228881836,13.229999542236328,13.25,39530
2026-10-07 15:31:00,1791401460,USAR,13.244999885559082,13.260000228881836,13.244999885559082,13.258000373840332,23519
2026-10-07 15:32:00,1791401520,USAR,13.25,13.270000457763672,13.25,13.265000343322754,41979
2026-10-07 15:33:00,1791401580,USAR,13.260000228881836,13.265000343322754,13.255000114440918,13.265000343322754,65125
2026-10-07 15:34:00,1791401640,USAR,13.265000343322754,13.265000343322754,13.225000381469727,13.225000381469727,80105
2026-10-07 15:35:00,1791401700,USAR,13.229999542236328,13.239999771118164,13.225000381469727,13.239999771118164,25930
2026-10-07 15:36:00,1791401760,USAR,13.229999542236328,13.239999771118164,13.225000381469727,13.234999656677246,8998
2026-10-07 15:37:00,1791401820,USAR,13.229999542236328,13.239999771118164,13.225000381469727,13.225000381469727,19016
2026-10-07 15:38:00,1791401880,USAR,13.225000381469727,13.23859977722168,13.221699714660645,13.23859977722168,18859
2026-10-07 15:39:00,1791401940,USAR,13.234999656677246,13.237799644470215,13.220000267028809,13.220000267028809,10391
2026-10-07 15:40:00,1791402000,USAR,13.229999542236328,13.248000144958496,13.229999542236328,13.239999771118164,31954
2026-10-07 15:41:00,1791402060,USAR,13.244999885559082,13.26990032196045,13.244999885559082,13.265000343322754,36357
2026-10-07 15:42:00,1791402120,USAR,13.265000343322754,13.270000457763672,13.25,13.25,12635
2026-10-07 15:43:00,1791402180,USAR,13.25,13.255000114440918,13.244999885559082,13.244999885559082,13586
2026-10-07 15:44:00,1791402240,USAR,13.244999885559082,13.255000114440918,13.239999771118164,13.255000114440918,14452
2026-10-07 15:45:00,1791402300,USAR,13.255000114440918,13.260000228881836,13.239999771118164,13.255000114440918,22997
2026-10-07 15:46:00,1791402360,USAR,13.255000114440918,13.260000228881836,13.25,13.251999855041504,19237
2026-10-07 15:47:00,1791402420,USAR,13.25,13.25,13.229999542236328,13.234999656677246,27069
2026-10-07 15:48:00,1791402480,USAR,13.234999656677246,13.244999885559082,13.229999542236328,13.239999771118164,23014
2026-10-07 15:49:00,1791402540,USAR,13.240099906921387,13.25,13.239999771118164,13.244999885559082,20875
2026-10-07 15:50:00,1791402600,USAR,13.239999771118164,13.239999771118164,13.225000381469727,13.239999771118164,40792
2026-10-07 15:51:00,1791402660,USAR,13.232000350952148,13.23799991607666,13.220000267028809,13.220000267028809,45521
2026-10-07 15:52:00,1791402720,USAR,13.220000267028809,13.234999656677246,13.220000267028809,13.225000381469727,40797
2026-10-07 15:53:00,1791402780,USAR,13.2298002243042,13.229999542236328,13.21500015258789,13.225000381469727,71640
2026-10-07 15:54:00,1791402840,USAR,13.225000381469727,13.239999771118164,13.204999923706055,13.229999542236328,91807
2026-10-07 15:55:00,1791402900,USAR,13.239999771118164,13.25,13.229999542236328,13.234999656677246,98133
2026-10-07 15:56:00,1791402960,USAR,13.234999656677246,13.244999885559082,13.220499992370605,13.244999885559082,110555
2026-10-07 15:57:00,1791403020,USAR,13.244999885559082,13.25,13.239999771118164,13.244999885559082,45505
2026-10-07 15:58:00,1791403080,USAR,13.244999885559082,13.255000114440918,13.229999542236328,13.244999885559082,217620
2026-10-07 15:59:00,1791403140,USAR,13.244999885559082,13.244999885559082,13.210000038146973,13.229999542236328,250959
2026-10-07 16:00:00,1791403200,USAR,13.229999542236328,13.229999542236328,13.229999542236328,13.229999542236328,0
2026-10-08 09:30:00,1791466200,USAR,13.020000457763672,13.12399959564209,13.0,13.12399959564209,900264
2026-10-08 09:31:00,1791466260,USAR,13.130000114440918,13.239999771118164,13.109999656677246,13.229999542236328,150589
2026-10-08 09:32:00,1791466320,USAR,13.229999542236328,13.239899635314941,13.164999961853027,13.1899995803833,53726
2026-10-08 09:33:00,1791466380,USAR,13.1899995803833,13.279999732971191,13.130000114440918,13.130000114440918,132985
2026-10-08 09:34:00,1791466440,USAR,13.130000114440918,13.149999618530273,13.122900009155273,13.135000228881836,34053
2026-10-08 09:35:00,1791466500,USAR,13.135000228881836,13.154999732971191,13.101400375366211,13.130000114440918,52229
2026-10-08 09:36:00,1791466560,USAR,13.130000114440918,13.149999618530273,13.110099792480469,13.11989974975586,21512
2026-10-08 09:37:00,1791466620,USAR,13.119999885559082,13.15999984741211,13.119999885559082,13.155900001525879,35424
2026-10-08 09:38:00,1791466680,USAR,13.149999618530273,13.15839958190918,13.110099792480469,13.145000457763672,28891
2026-10-08 09:39:00,1791466740,USAR,13.145000457763672,13.170000076293945,13.130000114440918,13.149999618530273,31727
2026-10-08 09:40:00,1791466800,USAR,13.149999618530273,13.15999984741211,13.125,13.149999618530273,18367
2026-10-08 09:41:00,1791466860,USAR,13.149999618530273,13.220000267028809,13.149999618530273,13.219900131225586,35861
2026-10-08 09:42:00,1791466920,USAR,13.20989990234375,13.229999542236328,13.1899995803833,13.221799850463867,25945
2026-10-08 09:43:00,1791466980,USAR,13.225000381469727,13.25,13.175000190734863,13.175000190734863,59915
2026-10-08 09:44:00,1791467040,USAR,13.1899995803833,13.220000267028809,13.1899995803833,13.199999809265137,14775
2026-10-08 09:45:00,1791467100,USAR,13.199999809265137,13.248000144958496,13.199999809265137,13.229999542236328,29446
2026-10-08 09:46:00,1791467160,USAR,13.229999542236328,13.229999542236328,13.204999923706055,13.220000267028809,28527
2026-10-08 09:47:00,1791467220,USAR,13.204999923706055,13.220000267028809,13.201399803161621,13.210000038146973,15733
2026-10-08 09:48:00,1791467280,USAR,13.210000038146973,13.239999771118164,13.210000038146973,13.234999656677246,15524
2026-10-08 09:49:00,1791467340,USAR,13.234999656677246,13.289799690246582,13.234999656677246,13.260000228881836,45096
2026-10-08 09:50:00,1791467400,USAR,13.25,13.25,13.204999923706055,13.210000038146973,26577
2026-10-08 09:51:00,1791467460,USAR,13.21500015258789,13.229999542236328,13.174400329589844,13.17609977722168,20454
2026-10-08 09:52:00,1791467520,USAR,13.15999984741211,13.1899995803833,13.15999984741211,13.15999984741211,15736
2026-10-08 09:53:00,1791467580,USAR,13.15999984741211,13.15999984741211,13.140000343322754,13.145899772644043,22084
2026-10-08 09:54:00,1791467640,USAR,13.140000343322754,13.149999618530273,13.104700088500977,13.109999656677246,30104
2026-10-08 09:55:00,1791467700,USAR,13.104999542236328,13.104999542236328,13.079999923706055,13.085000038146973,20200
2026-10-08 09:56:00,1791467760,USAR,13.089500427246094,13.100000381469727,13.0600004196167,13.062999725341797,17374
2026-10-08 09:57:00,1791467820,USAR,13.069999694824219,13.079899787902832,13.060099601745605,13.074999809265137,22259
2026-10-08 09:58:00,1791467880,USAR,13.074999809265137,13.074999809265137,13.0649995803833,13.074999809265137,12831
2026-10-08 09:59:00,1791467940,USAR,13.074999809265137,13.074999809265137,13.050000190734863,13.055000305175781,55434
2026-10-08 10:00:00,1791468000,USAR,13.050000190734863,13.0649995803833,13.03499984741211,13.055000305175781,28843
2026-10-08 10:01:00,1791468060,USAR,13.050000190734863,13.0600004196167,13.030099868774414,13.039999961853027,16291
2026-10-08 10:02:00,1791468120,USAR,13.03499984741211,13.050000190734863,13.024999618530273,13.039999961853027,42686
2026-10-08 10:03:00,1791468180,USAR,13.039999961853027,13.039999961853027,13.010000228881836,13.024999618530273,38883
2026-10-08 10:04:00,1791468240,USAR,13.020000457763672,13.035699844360352,13.015000343322754,13.024999618530273,17464
2026-10-08 10:05:00,1791468300,USAR,13.03499984741211,13.055000305175781,13.020000457763672,13.055000305175781,16355
2026-10-08 10:06:00,1791468360,USAR,13.0600004196167,13.079999923706055,13.050000190734863,13.0649995803833,42841
2026-10-08 10:07:00,1791468420,USAR,13.060099601745605,13.079999923706055,13.0600004196167,13.0649995803833,16990
2026-10-08 10:08:00,1791468480,USAR,13.0600004196167,13.0600004196167,13.039999961853027,13.039999961853027,24983
2026-10-08 10:09:00,1791468540,USAR,13.039999961853027,13.050000190734863,13.029999732971191,13.039999961853027,20284
2026-10-08 10:10:00,1791468600,USAR,13.043899536132812,13.048999786376953,13.010000228881836,13.010000228881836,68654
2026-10-08 10:11:00,1791468660,USAR,13.010000228881836,13.020000457763672,13.0,13.010000228881836,77339
2026-10-08 10:12:00,1791468720,USAR,13.010000228881836,13.020000457763672,13.000100135803223,13.000100135803223,44256
2026-10-08 10:13:00,1791468780,USAR,13.005000114440918,13.020000457763672,13.005000114440918,13.01990032196045,10918
2026-10-08 10:14:00,1791468840,USAR,13.015000343322754,13.015000343322754,13.0,13.005000114440918,35355
2026-10-08 10:15:00,1791468900,USAR,13.008700370788574,13.010000228881836,12.989999771118164,12.994999885559082,250170
2026-10-08 10:16:00,1791468960,USAR,12.989999771118164,12.989999771118164,12.96500015258789,12.975000381469727,72594
2026-10-08 10:17:00,1791469020,USAR,12.975000381469727,13.0,12.975000381469727,12.989999771118164,60176
2026-10-08 10:18:00,1791469080,USAR,12.98740005493164,13.020000457763672,12.984999656677246,13.01990032196045,33500
2026-10-08 10:19:00,1791469140,USAR,13.019000053405762,13.029999732971191,13.0,13.005000114440918,49668
2026-10-08 10:20:00,1791469200,USAR,13.006699562072754,13.018400192260742,13.0,13.015000343322754,25639
2026-10-08 10:21:00,1791469260,USAR,13.015000343322754,13.029999732971191,13.005000114440918,13.024999618530273,28229
2026-10-08 10:22:00,1791469320,USAR,13.020000457763672,13.029899597167969,13.005000114440918,13.015000343322754,16915
2026-10-08 10:23:00,1791469380,USAR,13.015000343322754,13.024999618530273,13.010000228881836,13.015000343322754,44269
2026-10-08 10:24:00,1791469440,USAR,13.015000343322754,13.020000457763672,13.0,13.010000228881836,68980
2026-10-08 10:25:00,1791469500,USAR,13.0,13.020000457763672,13.0,13.005000114440918,27364
2026-10-08 10:26:00,1791469560,USAR,13.00979995727539,13.015999794006348,13.0,13.015000343322754,18776
2026-10-08 10:27:00,1791469620,USAR,13.010000228881836,13.010000228881836,13.0,13.0,19005
2026-10-08 10:28:00,1791469680,USAR,13.0,13.024999618530273,13.0,13.024999618530273,20104
2026-10-08 10:29:00,1791469740,USAR,13.024999618530273,13.029999732971191,13.0,13.010000228881836,17588
2026-10-08 10:30:00,1791469800,USAR,13.005000114440918,13.009900093078613,12.979999542236328,12.989999771118164,85930
2026-10-08 10:31:00,1791469860,USAR,12.989999771118164,12.998700141906738,12.979999542236328,12.989999771118164,29637
2026-10-08 10:32:00,1791469920,USAR,12.989999771118164,13.0,12.984999656677246,12.991000175476074,20229
2026-10-08 10:33:00,1791469980,USAR,13.0,13.0,12.990099906921387,12.997699737548828,14282
2026-10-08 10:34:00,1791470040,USAR,12.994999885559082,13.0,12.989999771118164,12.994999885559082,28044
2026-10-08 10:35:00,1791470100,USAR,13.0,13.0,12.98009967803955,12.984999656677246,30690
2026-10-08 10:36:00,1791470160,USAR,12.979999542236328,13.0,12.979999542236328,12.999899864196777,15399
2026-10-08 10:37:00,1791470220,USAR,12.994999885559082,12.999899864196777,12.970000267028809,12.970000267028809,35732
2026-10-08 10:38:00,1791470280,USAR,12.970100402832031,12.970100402832031,12.949999809265137,12.954999923706055,33227
2026-10-08 10:39:00,1791470340,USAR,12.95989990234375,12.960000038146973,12.949999809265137,12.958900451660156,17065
2026-10-08 10:40:00,1791470400,USAR,12.957599639892578,12.970000267028809,12.949999809265137,12.962300300598145,27628
2026-10-08 10:41:00,1791470460,USAR,12.960000038146973,12.960000038146973,12.95009994506836,12.954999923706055,17722
2026-10-08 10:42:00,1791470520,USAR,12.954999923706055,12.960000038146973,12.949999809265137,12.95989990234375,15088
2026-10-08 10:43:00,1791470580,USAR,12.954999923706055,12.960000038146973,12.930000305175781,12.9350004196167,56119
2026-10-08 10:44:00,1791470640,USAR,12.9350004196167,12.948599815368652,12.930100440979004,12.9399995803833,25537
2026-10-08 10:45:00,1791470700,USAR,12.9350004196167,12.949999809265137,12.930000305175781,12.949899673461914,29398
2026-10-08 10:46:00,1791470760,USAR,12.944999694824219,12.947099685668945,12.930800437927246,12.938199996948242,16011
2026-10-08 10:47:00,1791470820,USAR,12.9399995803833,12.9399995803833,12.930000305175781,12.9350004196167,37596
2026-10-08 10:48:00,1791470880,USAR,12.9350004196167,12.9399995803833,12.930000305175781,12.930000305175781,36517
2026-10-08 10:49:00,1791470940,USAR,12.925000190734863,12.970000267028809,12.925000190734863,12.939900398254395,126013
2026-10-08 10:50:00,1791471000,USAR,12.939900398254395,12.939900398254395,12.925000190734863,12.930000305175781,15382
2026-10-08 10:51:00,1791471060,USAR,12.929900169372559,12.930000305175781,12.920000076293945,12.925000190734863,32526
2026-10-08 10:52:00,1791471120,USAR,12.920000076293945,12.920000076293945,12.90999984741211,12.914999961853027,36176
2026-10-08 10:53:00,1791471180,USAR,12.90999984741211,12.90999984741211,12.869999885559082,12.869999885559082,171257
2026-10-08 10:54:00,1791471240,USAR,12.875,12.879899978637695,12.854999542236328,12.864999771118164,64406
2026-10-08 10:55:00,1791471300,USAR,12.864999771118164,12.864999771118164,12.8100004196167,12.835000038146973,242187
2026-10-08 10:56:00,1791471360,USAR,12.829999923706055,12.850000381469727,12.824999809265137,12.845000267028809,97837
2026-10-08 10:57:00,1791471420,USAR,12.845000267028809,12.850000381469727,12.84000015258789,12.84000015258789,38550
2026-10-08 10:58:00,1791471480,USAR,12.843000411987305,12.850000381469727,12.824999809265137,12.829999923706055,26725
2026-10-08 10:59:00,1791471540,USAR,12.829999923706055,12.835000038146973,12.819999694824219,12.824999809265137,39047
2026-10-08 11:00:00,1791471600,USAR,12.824999809265137,12.835000038146973,12.8149995803833,12.819999694824219,81686
2026-10-08 11:01:00,1791471660,USAR,12.824999809265137,12.829999923706055,12.819999694824219,12.819999694824219,71259
2026-10-08 11:02:00,1791471720,USAR,12.812000274658203,12.819999694824219,12.807999610900879,12.8100004196167,42238
2026-10-08 11:03:00,1791471780,USAR,12.8100004196167,12.817700386047363,12.79259967803955,12.79259967803955,81584
2026-10-08 11:04:00,1791471840,USAR,12.795000076293945,12.800000190734863,12.781700134277344,12.78499984741211,31716
2026-10-08 11:05:00,1791471900,USAR,12.789999961853027,12.789999961853027,12.770000457763672,12.779899597167969,112855
2026-10-08 11:06:00,1791471960,USAR,12.774999618530273,12.789999961853027,12.770000457763672,12.774999618530273,48448
2026-10-08 11:07:00,1791472020,USAR,12.774999618530273,12.779999732971191,12.75,12.755000114440918,62971
2026-10-08 11:08:00,1791472080,USAR,12.760000228881836,12.760000228881836,12.729999542236328,12.739999771118164,122341
2026-10-08 11:09:00,1791472140,USAR,12.734999656677246,12.75,12.734999656677246,12.744999885559082,60977
2026-10-08 11:10:00,1791472200,USAR,12.744999885559082,12.749899864196777,12.720000267028809,12.725000381469727,40234
2026-10-08 11:11:00,1791472260,USAR,12.725000381469727,12.75,12.722000122070312,12.734999656677246,23106
2026-10-08 11:12:00,1791472320,USAR,12.739899635314941,12.744999885559082,12.734999656677246,12.740699768066406,16296
2026-10-08 11:13:00,1791472380,USAR,12.744999885559082,12.760000228881836,12.734999656677246,12.744999885559082,85979
2026-10-08 11:14:00,1791472440,USAR,12.746500015258789,12.75,12.729999542236328,12.734999656677246,91744
2026-10-08 11:15:00,1791472500,USAR,12.734999656677246,12.734999656677246,12.699999809265137,12.710000038146973,109653
2026-10-08 11:16:00,1791472560,USAR,12.720000267028809,12.720000267028809,12.699999809265137,12.71500015258789,86279
2026-10-08 11:17:00,1791472620,USAR,12.71500015258789,12.720000267028809,12.704999923706055,12.71500015258789,41130
2026-10-08 11:18:00,1791472680,USAR,12.71500015258789,12.739999771118164,12.710000038146973,12.734999656677246,59347
2026-10-08 11:19:00,1791472740,USAR,12.739999771118164,12.744999885559082,12.720000267028809,12.734999656677246,40576
2026-10-08 11:20:00,1791472800,USAR,12.739899635314941,12.75,12.729999542236328,12.73900032043457,24308
2026-10-08 11:21:00,1791472860,USAR,12.739999771118164,12.75,12.734999656677246,12.744999885559082,23749
2026-10-08 11:22:00,1791472920,USAR,12.744999885559082,12.75,12.729999542236328,12.739899635314941,27521
2026-10-08 11:23:00,1791472980,USAR,12.734999656677246,12.739999771118164,12.729999542236328,12.734999656677246,17805
2026-10-08 11:24:00,1791473040,USAR,12.732799530029297,12.739999771118164,12.732799530029297,12.734999656677246,14036
2026-10-08 11:25:00,1791473100,USAR,12.739999771118164,12.739999771118164,12.729999542236328,12.729999542236328,14385
2026-10-08 11:26:00,1791473160,USAR,12.725000381469727,12.729999542236328,12.71500015258789,12.725000381469727,22896
2026-10-08 11:27:00,1791473220,USAR,12.729999542236328,12.739899635314941,12.720000267028809,12.734999656677246,26640
2026-10-08 11:28:00,1791473280,USAR,12.729999542236328,12.760000228881836,12.729999542236328,12.755000114440918,150578
2026-10-08 11:29:00,1791473340,USAR,12.759900093078613,12.770000457763672,12.75,12.765000343322754,82524
2026-10-08 11:30:00,1791473400,USAR,12.765000343322754,12.770000457763672,12.75,12.765000343322754,27802
2026-10-08 11:31:00,1791473460,USAR,12.765800476074219,12.765800476074219,12.744999885559082,12.760000228881836,164705
2026-10-08 11:32:00,1791473520,USAR,12.755000114440918,12.768600463867188,12.75,12.760000228881836,41449
2026-10-08 11:33:00,1791473580,USAR,12.760000228881836,12.76039981842041,12.744999885559082,12.75,168737
2026-10-08 11:34:00,1791473640,USAR,12.755000114440918,12.760000228881836,12.744999885559082,12.75,186013
2026-10-08 11:35:00,1791473700,USAR,12.744999885559082,12.744999885559082,12.717700004577637,12.720000267028809,49762
2026-10-08 11:36:00,1791473760,USAR,12.71500015258789,12.720000267028809,12.710000038146973,12.71500015258789,34961
2026-10-08 11:37:00,1791473820,USAR,12.71500015258789,12.72819995880127,12.710000038146973,12.71500015258789,19786
2026-10-08 11:38:00,1791473880,USAR,12.710000038146973,12.710000038146973,12.699999809265137,12.70989990234375,23871
2026-10-08 11:39:00,1791473940,USAR,12.710000038146973,12.71500015258789,12.704999923706055,12.71500015258789,33791
2026-10-08 11:40:00,1791474000,USAR,12.71500015258789,12.719900131225586,12.710000038146973,12.71500015258789,33710
2026-10-08 11:41:00,1791474060,USAR,12.720000267028809,12.739999771118164,12.71500015258789,12.71500015258789,79563
2026-10-08 11:42:00,1791474120,USAR,12.711600303649902,12.720000267028809,12.710000038146973,12.710000038146973,18216
2026-10-08 11:43:00,1791474180,USAR,12.71500015258789,12.725000381469727,12.710000038146973,12.71500015258789,29573
2026-10-08 11:44:00,1791474240,USAR,12.71500015258789,12.719900131225586,12.699999809265137,12.704999923706055,56274
2026-10-08 11:45:00,1791474300,USAR,12.70989990234375,12.71500015258789,12.699999809265137,12.704999923706055,36454
2026-10-08 11:46:00,1791474360,USAR,12.710000038146973,12.719900131225586,12.699999809265137,12.699999809265137,33256
2026-10-08 11:47:00,1791474420,USAR,12.704999923706055,12.710000038146973,12.699999809265137,12.710000038146973,14516
2026-10-08 11:48:00,1791474480,USAR,12.710000038146973,12.717100143432617,12.70009994506836,12.717100143432617,10357
2026-10-08 11:49:00,1791474540,USAR,12.71500015258789,12.717700004577637,12.704999923706055,12.71500015258789,14471
2026-10-08 11:50:00,1791474600,USAR,12.720000267028809,12.720000267028809,12.70009994506836,12.706100463867188,8705
2026-10-08 11:51:00,1791474660,USAR,12.70009994506836,12.725000381469727,12.699999809265137,12.725000381469727,31131
2026-10-08 11:52:00,1791474720,USAR,12.720499992370605,12.725000381469727,12.704999923706055,12.704999923706055,13090
2026-10-08 11:53:00,1791474780,USAR,12.704999923706055,12.710000038146973,12.6850004196167,12.704999923706055,109763
2026-10-08 11:54:00,1791474840,USAR,12.699999809265137,12.710000038146973,12.6899995803833,12.694999694824219,22809
2026-10-08 11:55:00,1791474900,USAR,12.690099716186523,12.699999809265137,12.6850004196167,12.6850004196167,22750
2026-10-08 11:56:00,1791474960,USAR,12.680000305175781,12.6899995803833,12.675000190734863,12.680000305175781,28925
2026-10-08 11:57:00,1791475020,USAR,12.680000305175781,12.6899995803833,12.65999984741211,12.664999961853027,83846
2026-10-08 11:58:00,1791475080,USAR,12.670000076293945,12.677399635314941,12.65999984741211,12.666199684143066,54375
2026-10-08 11:59:00,1791475140,USAR,12.664999961853027,12.68179988861084,12.65999984741211,12.680000305175781,46068
2026-10-08 12:00:00,1791475200,USAR,12.680000305175781,12.6899995803833,12.664999961853027,12.664999961853027,15597
2026-10-08 12:01:00,1791475260,USAR,12.664999961853027,12.675000190734863,12.664999961853027,12.670000076293945,23002
2026-10-08 12:02:00,1791475320,USAR,12.670000076293945,12.670000076293945,12.65999984741211,12.664999961853027,12188
2026-10-08 12:03:00,1791475380,USAR,12.65999984741211,12.670000076293945,12.65999984741211,12.660099983215332,30275
2026-10-08 12:04:00,1791475440,USAR,12.65999984741211,12.675000190734863,12.65999984741211,12.672900199890137,34111
2026-10-08 12:05:00,1791475500,USAR,12.670000076293945,12.67020034790039,12.65999984741211,12.65999984741211,55474
2026-10-08 12:06:00,1791475560,USAR,12.664999961853027,12.675000190734863,12.65999984741211,12.675000190734863,47722
2026-10-08 12:07:00,1791475620,USAR,12.680000305175781,12.680000305175781,12.670000076293945,12.680000305175781,42262
2026-10-08 12:08:00,1791475680,USAR,12.6850004196167,12.689900398254395,12.680000305175781,12.6850004196167,21796
2026-10-08 12:09:00,1791475740,USAR,12.6850004196167,12.699999809265137,12.6850004196167,12.6850004196167,24474
2026-10-08 12:10:00,1791475800,USAR,12.6850004196167,12.6850004196167,12.680000305175781,12.6850004196167,13750
2026-10-08 12:11:00,1791475860,USAR,12.680000305175781,12.6899995803833,12.670000076293945,12.675000190734863,24110
2026-10-08 12:12:00,1791475920,USAR,12.675000190734863,12.675000190734863,12.660099983215332,12.660099983215332,17725
2026-10-08 12:13:00,1791475980,USAR,12.664999961853027,12.664999961853027,12.654999732971191,12.654999732971191,80169
2026-10-08 12:14:00,1791476040,USAR,12.654999732971191,12.65999984741211,12.635000228881836,12.635000228881836,45602
2026-10-08 12:15:00,1791476100,USAR,12.635000228881836,12.640000343322754,12.630000114440918,12.635000228881836,10577
2026-10-08 12:16:00,1791476160,USAR,12.635000228881836,12.640000343322754,12.625,12.635000228881836,29000
2026-10-08 12:17:00,1791476220,USAR,12.635000228881836,12.795000076293945,12.635000228881836,12.720000267028809,308952
2026-10-08 12:18:00,1791476280,USAR,12.729999542236328,12.734999656677246,12.675000190734863,12.680000305175781,76020
2026-10-08 12:19:00,1791476340,USAR,12.67199993133545,12.6899995803833,12.654999732971191,12.654999732971191,29590
2026-10-08 12:20:00,1791476400,USAR,12.654999732971191,12.680000305175781,12.645000457763672,12.672900199890137,43467
2026-10-08 12:21:00,1791476460,USAR,12.675000190734863,12.71500015258789,12.675000190734863,12.71500015258789,30997
2026-10-08 12:22:00,1791476520,USAR,12.710000038146973,12.710000038146973,12.664999961853027,12.664999961853027,24147
2026-10-08 12:23:00,1791476580,USAR,12.664999961853027,12.6899995803833,12.664999961853027,12.6850004196167,28433
2026-10-08 12:24:00,1791476640,USAR,12.6850004196167,12.699999809265137,12.6850004196167,12.6850004196167,13729
2026-10-08 12:25:00,1791476700,USAR,12.6850004196167,12.6899995803833,12.670000076293945,12.684000015258789,19077
2026-10-08 12:26:00,1791476760,USAR,12.680000305175781,12.6899995803833,12.670000076293945,12.682999610900879,23319
2026-10-08 12:27:00,1791476820,USAR,12.68970012664795,12.6899995803833,12.670000076293945,12.6899995803833,19777
2026-10-08 12:28:00,1791476880,USAR,12.6850004196167,12.6899995803833,12.680000305175781,12.6850004196167,10850
2026-10-08 12:29:00,1791476940,USAR,12.680000305175781,12.6899995803833,12.670000076293945,12.680000305175781,32286
2026-10-08 12:30:00,1791477000,USAR,12.675000190734863,12.675000190734863,12.654999732971191,12.654999732971191,25965
2026-10-08 12:31:00,1791477060,USAR,12.658599853515625,12.669899940490723,12.640000343322754,12.640000343322754,26631
2026-10-08 12:32:00,1791477120,USAR,12.645000457763672,12.664999961853027,12.645000457763672,12.654999732971191,35071
2026-10-08 12:33:00,1791477180,USAR,12.654999732971191,12.65999984741211,12.640000343322754,12.649999618530273,28802
2026-10-08 12:34:00,1791477240,USAR,12.649800300598145,12.649999618530273,12.640000343322754,12.645000457763672,12370
2026-10-08 12:35:00,1791477300,USAR,12.645000457763672,12.648599624633789,12.635000228881836,12.639900207519531,11810
2026-10-08 12:36:00,1791477360,USAR,12.639900207519531,12.639900207519531,12.619999885559082,12.625,32193
2026-10-08 12:37:00,1791477420,USAR,12.625,12.640000343322754,12.600000381469727,12.600000381469727,53289
2026-10-08 12:38:00,1791477480,USAR,12.600000381469727,12.614999771118164,12.600000381469727,12.609999656677246,42900
2026-10-08 12:39:00,1791477540,USAR,12.600099563598633,12.640000343322754,12.600099563598633,12.635000228881836,26521
2026-10-08 12:40:00,1791477600,USAR,12.635000228881836,12.65999984741211,12.635000228881836,12.655900001525879,16218
2026-10-08 12:41:00,1791477660,USAR,12.65999984741211,12.669899940490723,12.654999732971191,12.664999961853027,33587
2026-10-08 12:42:00,1791477720,USAR,12.664999961853027,12.6899995803833,12.664999961853027,12.679900169372559,21734
2026-10-08 12:43:00,1791477780,USAR,12.675000190734863,12.680000305175781,12.661499977111816,12.664999961853027,22371
2026-10-08 12:44:00,1791477840,USAR,12.66919994354248,12.670000076293945,12.654999732971191,12.664999961853027,24063
2026-10-08 12:45:00,1791477900,USAR,12.664999961853027,12.664999961853027,12.649999618530273,12.65999984741211,12856
2026-10-08 12:46:00,1791477960,USAR,12.654999732971191,12.675000190734863,12.654999732971191,12.670000076293945,17152
2026-10-08 12:47:00,1791478020,USAR,12.670000076293945,12.675000190734863,12.649999618530273,12.654999732971191,27793
2026-10-08 12:48:00,1791478080,USAR,12.654999732971191,12.680000305175781,12.649999618530273,12.649999618530273,43323
2026-10-08 12:49:00,1791478140,USAR,12.649999618530273,12.649999618530273,12.635000228881836,12.645000457763672,43459
2026-10-08 12:50:00,1791478200,USAR,12.640000343322754,12.649999618530273,12.614999771118164,12.61989974975586,41717
2026-10-08 12:51:00,1791478260,USAR,12.614999771118164,12.640000343322754,12.609999656677246,12.635000228881836,36934
2026-10-08 12:52:00,1791478320,USAR,12.645000457763672,12.645000457763672,12.619999885559082,12.625,29571
2026-10-08 12:53:00,1791478380,USAR,12.625,12.635000228881836,12.620100021362305,12.635000228881836,18463
2026-10-08 12:54:00,1791478440,USAR,12.635000228881836,12.635000228881836,12.619999885559082,12.620100021362305,19827
2026-10-08 12:55:00,1791478500,USAR,12.630000114440918,12.630000114440918,12.609999656677246,12.619999885559082,35155
2026-10-08 12:56:00,1791478560,USAR,12.629899978637695,12.629899978637695,12.609999656677246,12.614999771118164,24936
2026-10-08 12:57:00,1791478620,USAR,12.614999771118164,12.649999618530273,12.60990047454834,12.635000228881836,23484
2026-10-08 12:58:00,1791478680,USAR,12.625,12.649999618530273,12.619999885559082,12.649999618530273,20317
2026-10-08 12:59:00,1791478740,USAR,12.645000457763672,12.649999618530273,12.640000343322754,12.645000457763672,14189
2026-10-08 13:00:00,1791478800,USAR,12.640000343322754,12.640000343322754,12.625,12.625,27658
2026-10-08 13:01:00,1791478860,USAR,12.619999885559082,12.630000114440918,12.611499786376953,12.614999771118164,20597
2026-10-08 13:02:00,1791478920,USAR,12.614999771118164,12.629899978637695,12.585000038146973,12.595000267028809,190022
2026-10-08 13:03:00,1791478980,USAR,12.595000267028809,12.600000381469727,12.5600004196167,12.574999809265137,53445
2026-10-08 13:04:00,1791479040,USAR,12.569999694824219,12.569999694824219,12.550000190734863,12.5649995803833,63289
2026-10-08 13:05:00,1791479100,USAR,12.5649995803833,12.56659984588623,12.550000190734863,12.562000274658203,153677
2026-10-08 13:06:00,1791479160,USAR,12.555000305175781,12.569899559020996,12.539999961853027,12.545000076293945,52379
2026-10-08 13:07:00,1791479220,USAR,12.550000190734863,12.5600004196167,12.53499984741211,12.5600004196167,62727
2026-10-08 13:08:00,1791479280,USAR,12.554900169372559,12.574999809265137,12.550000190734863,12.569999694824219,33520
2026-10-08 13:09:00,1791479340,USAR,12.574999809265137,12.585000038146973,12.569999694824219,12.574999809265137,42998
2026-10-08 13:10:00,1791479400,USAR,12.574999809265137,12.574999809265137,12.550100326538086,12.555000305175781,58129
2026-10-08 13:11:00,1791479460,USAR,12.555000305175781,12.5649995803833,12.550000190734863,12.555399894714355,20738
2026-10-08 13:12:00,1791479520,USAR,12.5600004196167,12.614999771118164,12.5600004196167,12.614999771118164,63078
2026-10-08 13:13:00,1791479580,USAR,12.619999885559082,12.630000114440918,12.579999923706055,12.609999656677246,137718
2026-10-08 13:14:00,1791479640,USAR,12.614999771118164,12.630000114440918,12.614999771118164,12.625,38390
2026-10-08 13:15:00,1791479700,USAR,12.620499610900879,12.625,12.604999542236328,12.60990047454834,31228
2026-10-08 13:16:00,1791479760,USAR,12.609999656677246,12.614999771118164,12.569999694824219,12.579999923706055,50088
2026-10-08 13:17:00,1791479820,USAR,12.574999809265137,12.585000038146973,12.560099601745605,12.579999923706055,65839
2026-10-08 13:18:00,1791479880,USAR,12.585000038146973,12.585000038146973,12.574000358581543,12.574999809265137,33713
2026-10-08 13:19:00,1791479940,USAR,12.574999809265137,12.59000015258789,12.555000305175781,12.555000305175781,34178
2026-10-08 13:20:00,1791480000,USAR,12.555000305175781,12.569999694824219,12.545000076293945,12.5649995803833,34361
2026-10-08 13:21:00,1791480060,USAR,12.567700386047363,12.569899559020996,12.550000190734863,12.550000190734863,14553
2026-10-08 13:22:00,1791480120,USAR,12.555000305175781,12.555000305175781,12.520000457763672,12.520000457763672,38112
2026-10-08 13:23:00,1791480180,USAR,12.524999618530273,12.524999618530273,12.470000267028809,12.484999656677246,255095
2026-10-08 13:24:00,1791480240,USAR,12.484999656677246,12.5,12.475000381469727,12.494999885559082,106965
2026-10-08 13:25:00,1791480300,USAR,12.494999885559082,12.505000114440918,12.484999656677246,12.484999656677246,31010
2026-10-08 13:26:00,1791480360,USAR,12.475000381469727,12.475600242614746,12.440099716186523,12.449999809265137,22968
2026-10-08 13:27:00,1791480420,USAR,12.4399995803833,12.449999809265137,12.431500434875488,12.444999694824219,30121
2026-10-08 13:28:00,1791480480,USAR,12.444999694824219,12.475000381469727,12.444999694824219,12.475000381469727,34865
2026-10-08 13:29:00,1791480540,USAR,12.470000267028809,12.475000381469727,12.454500198364258,12.470000267028809,40254
2026-10-08 13:30:00,1791480600,USAR,12.46500015258789,12.479999542236328,12.46500015258789,12.479999542236328,15933
2026-10-08 13:31:00,1791480660,USAR,12.479999542236328,12.489899635314941,12.460000038146973,12.484999656677246,48962
2026-10-08 13:32:00,1791480720,USAR,12.484999656677246,12.5,12.475000381469727,12.475000381469727,25455
2026-10-08 13:33:00,1791480780,USAR,12.475000381469727,12.489999771118164,12.475000381469727,12.489700317382812,21405
2026-10-08 13:34:00,1791480840,USAR,12.487000465393066,12.489899635314941,12.475000381469727,12.489899635314941,19844
2026-10-08 13:35:00,1791480900,USAR,12.484999656677246,12.484999656677246,12.460100173950195,12.460100173950195,20000
2026-10-08 13:36:00,1791480960,USAR,12.46500015258789,12.475000381469727,12.45009994506836,12.45009994506836,28083
2026-10-08 13:37:00,1791481020,USAR,12.454999923706055,12.45989990234375,12.440099716186523,12.444199562072754,28906
2026-10-08 13:38:00,1791481080,USAR,12.440099716186523,12.460000038146973,12.440099716186523,12.460000038146973,14801
2026-10-08 13:39:00,1791481140,USAR,12.460000038146973,12.479999542236328,12.45009994506836,12.479999542236328,13937
2026-10-08 13:40:00,1791481200,USAR,12.475000381469727,12.479999542236328,12.470000267028809,12.475000381469727,7494
2026-10-08 13:41:00,1791481260,USAR,12.479100227355957,12.484999656677246,12.475000381469727,12.478300094604492,28098
2026-10-08 13:42:00,1791481320,USAR,12.473099708557129,12.529899597167969,12.472800254821777,12.524999618530273,57651
2026-10-08 13:43:00,1791481380,USAR,12.510100364685059,12.545000076293945,12.510100364685059,12.545000076293945,25222
2026-10-08 13:44:00,1791481440,USAR,12.555000305175781,12.555000305175781,12.524999618530273,12.53499984741211,19767
2026-10-08 13:45:00,1791481500,USAR,12.53499984741211,12.539999961853027,12.510000228881836,12.51990032196045,22097
2026-10-08 13:46:00,1791481560,USAR,12.515000343322754,12.51990032196045,12.500100135803223,12.505000114440918,12122
2026-10-08 13:47:00,1791481620,USAR,12.5,12.5,12.484999656677246,12.489999771118164,17058
2026-10-08 13:48:00,1791481680,USAR,12.484999656677246,12.494999885559082,12.479999542236328,12.479999542236328,15358
2026-10-08 13:49:00,1791481740,USAR,12.479999542236328,12.479999542236328,12.460000038146973,12.46500015258789,29690
2026-10-08 13:50:00,1791481800,USAR,12.46500015258789,12.470000267028809,12.444999694824219,12.444999694824219,42562
2026-10-08 13:51:00,1791481860,USAR,12.444999694824219,12.460000038146973,12.444999694824219,12.454999923706055,19384
2026-10-08 13:52:00,1791481920,USAR,12.454999923706055,12.469900131225586,12.449999809265137,12.46500015258789,15123
2026-10-08 13:53:00,1791481980,USAR,12.46500015258789,12.470000267028809,12.459799766540527,12.46500015258789,6018
2026-10-08 13:54:00,1791482040,USAR,12.469900131225586,12.479999542236328,12.46500015258789,12.479900360107422,14412
2026-10-08 13:55:00,1791482100,USAR,12.479999542236328,12.484999656677246,12.470000267028809,12.484999656677246,25059
2026-10-08 13:56:00,1791482160,USAR,12.484999656677246,12.494999885559082,12.479999542236328,12.484999656677246,22163
2026-10-08 13:57:00,1791482220,USAR,12.48169994354248,12.484999656677246,12.47760009765625,12.477999687194824,6649
2026-10-08 13:58:00,1791482280,USAR,12.479499816894531,12.505000114440918,12.475000381469727,12.505000114440918,43137
2026-10-08 13:59:00,1791482340,USAR,12.505000114440918,12.505000114440918,12.484999656677246,12.484999656677246,9082
2026-10-08 14:00:00,1791482400,USAR,12.489999771118164,12.489999771118164,12.475000381469727,12.484999656677246,17039
2026-10-08 14:01:00,1791482460,USAR,12.484999656677246,12.489899635314941,12.475000381469727,12.484999656677246,6425
2026-10-08 14:02:00,1791482520,USAR,12.484999656677246,12.520000457763672,12.484999656677246,12.515000343322754,72401
2026-10-08 14:03:00,1791482580,USAR,12.515000343322754,12.529999732971191,12.515000343322754,12.524999618530273,21667
2026-10-08 14:04:00,1791482640,USAR,12.524999618530273,12.529999732971191,12.515000343322754,12.520000457763672,17000
2026-10-08 14:05:00,1791482700,USAR,12.520000457763672,12.520000457763672,12.501799583435059,12.510000228881836,33967
2026-10-08 14:06:00,1791482760,USAR,12.505000114440918,12.509900093078613,12.489999771118164,12.489999771118164,21697
2026-10-08 14:07:00,1791482820,USAR,12.494999885559082,12.5,12.48169994354248,12.494999885559082,23314
2026-10-08 14:08:00,1791482880,USAR,12.489999771118164,12.494999885559082,12.484999656677246,12.494999885559082,11444
2026-10-08 14:09:00,1791482940,USAR,12.499899864196777,12.499899864196777,12.484999656677246,12.484999656677246,7333
2026-10-08 14:10:00,1791483000,USAR,12.484999656677246,12.489999771118164,12.479999542236328,12.484999656677246,9049
2026-10-08 14:11:00,1791483060,USAR,12.484999656677246,12.494999885559082,12.484999656677246,12.48859977722168,9792
2026-10-08 14:12:00,1791483120,USAR,12.489999771118164,12.489999771118164,12.48009967803955,12.489999771118164,8933
2026-10-08 14:13:00,1791483180,USAR,12.489999771118164,12.494999885559082,12.484999656677246,12.494999885559082,7982
2026-10-08 14:14:00,1791483240,USAR,12.494999885559082,12.510000228881836,12.494999885559082,12.494999885559082,43155
2026-10-08 14:15:00,1791483300,USAR,12.494999885559082,12.505000114440918,12.494999885559082,12.505000114440918,14884
2026-10-08 14:16:00,1791483360,USAR,12.510000228881836,12.524999618530273,12.505000114440918,12.524999618530273,23233
2026-10-08 14:17:00,1791483420,USAR,12.520099639892578,12.539999961853027,12.520099639892578,12.53499984741211,11338
2026-10-08 14:18:00,1791483480,USAR,12.53499984741211,12.53499984741211,12.520000457763672,12.520099639892578,36600
2026-10-08 14:19:00,1791483540,USAR,12.529999732971191,12.539999961853027,12.520000457763672,12.520099639892578,18921
2026-10-08 14:20:00,1791483600,USAR,12.515000343322754,12.524999618530273,12.515000343322754,12.524999618530273,28831
2026-10-08 14:21:00,1791483660,USAR,12.520000457763672,12.520000457763672,12.5,12.5,16591
2026-10-08 14:22:00,1791483720,USAR,12.505000114440918,12.520000457763672,12.505000114440918,12.515000343322754,41036
2026-10-08 14:23:00,1791483780,USAR,12.520000457763672,12.53499984741211,12.515000343322754,12.53499984741211,26717
2026-10-08 14:24:00,1791483840,USAR,12.53499984741211,12.550000190734863,12.520099639892578,12.550000190734863,55732
2026-10-08 14:25:00,1791483900,USAR,12.545000076293945,12.550000190734863,12.53499984741211,12.539899826049805,17831
2026-10-08 14:26:00,1791483960,USAR,12.53499984741211,12.539999961853027,12.529999732971191,12.538200378417969,83944
2026-10-08 14:27:00,1791484020,USAR,12.53499984741211,12.550000190734863,12.524999618530273,12.539999961853027,63965
2026-10-08 14:28:00,1791484080,USAR,12.545000076293945,12.569999694824219,12.545000076293945,12.5649995803833,15173
2026-10-08 14:29:00,1791484140,USAR,12.5649995803833,12.574999809265137,12.550000190734863,12.5600004196167,22739
2026-10-08 14:30:00,1791484200,USAR,12.555000305175781,12.555000305175781,12.534000396728516,12.539899826049805,32236
2026-10-08 14:31:00,1791484260,USAR,12.539999961853027,12.550000190734863,12.530099868774414,12.530099868774414,9984
2026-10-08 14:32:00,1791484320,USAR,12.53499984741211,12.550000190734863,12.53439998626709,12.545000076293945,53881
2026-10-08 14:33:00,1791484380,USAR,12.545000076293945,12.550000190734863,12.530099868774414,12.53499984741211,41417
2026-10-08 14:34:00,1791484440,USAR,12.53499984741211,12.539999961853027,12.520099639892578,12.524999618530273,31018
2026-10-08 14:35:00,1791484500,USAR,12.524999618530273,12.529999732971191,12.505000114440918,12.509300231933594,26080
2026-10-08 14:36:00,1791484560,USAR,12.510000228881836,12.520000457763672,12.510000228881836,12.515000343322754,34719
2026-10-08 14:37:00,1791484620,USAR,12.515000343322754,12.51990032196045,12.5,12.505000114440918,11260
2026-10-08 14:38:00,1791484680,USAR,12.505000114440918,12.515000343322754,12.505000114440918,12.515000343322754,19897
2026-10-08 14:39:00,1791484740,USAR,12.515000343322754,12.515000343322754,12.5,12.505000114440918,47034
2026-10-08 14:40:00,1791484800,USAR,12.505000114440918,12.524999618530273,12.5,12.524999618530273,56006
2026-10-08 14:41:00,1791484860,USAR,12.524999618530273,12.524999618530273,12.520000457763672,12.524999618530273,6760
2026-10-08 14:42:00,1791484920,USAR,12.524999618530273,12.524999618530273,12.510199546813965,12.515000343322754,15138
2026-10-08 14:43:00,1791484980,USAR,12.515000343322754,12.515000343322754,12.5,12.5,10148
2026-10-08 14:44:00,1791485040,USAR,12.505000114440918,12.510000228881836,12.5,12.509900093078613,11048
2026-10-08 14:45:00,1791485100,USAR,12.510000228881836,12.520000457763672,12.5,12.5,40242
2026-10-08 14:46:00,1791485160,USAR,12.494999885559082,12.5,12.489999771118164,12.489999771118164,32342
2026-10-08 14:47:00,1791485220,USAR,12.49779987335205,12.5,12.490099906921387,12.494999885559082,19865
2026-10-08 14:48:00,1791485280,USAR,12.494999885559082,12.5,12.489999771118164,12.499899864196777,15899
2026-10-08 14:49:00,1791485340,USAR,12.494999885559082,12.510000228881836,12.494999885559082,12.505000114440918,13447
2026-10-08 14:50:00,1791485400,USAR,12.505000114440918,12.509900093078613,12.5,12.505000114440918,10731
2026-10-08 14:51:00,1791485460,USAR,12.505000114440918,12.505000114440918,12.479999542236328,12.484999656677246,51792
2026-10-08 14:52:00,1791485520,USAR,12.484999656677246,12.484999656677246,12.470000267028809,12.475000381469727,18991
2026-10-08 14:53:00,1791485580,USAR,12.470800399780273,12.470800399780273,12.460000038146973,12.470000267028809,21073
2026-10-08 14:54:00,1791485640,USAR,12.470000267028809,12.470000267028809,12.460000038146973,12.470000267028809,15429
2026-10-08 14:55:00,1791485700,USAR,12.470000267028809,12.470000267028809,12.46500015258789,12.46500015258789,53902
2026-10-08 14:56:00,1791485760,USAR,12.46500015258789,12.470000267028809,12.454999923706055,12.454999923706055,19048
2026-10-08 14:57:00,1791485820,USAR,12.45009994506836,12.459799766540527,12.449999809265137,12.454999923706055,18918
2026-10-08 14:58:00,1791485880,USAR,12.454999923706055,12.470000267028809,12.449999809265137,12.46500015258789,16160
2026-10-08 14:59:00,1791485940,USAR,12.46500015258789,12.470000267028809,12.430000305175781,12.430000305175781,51136
2026-10-08 15:00:00,1791486000,USAR,12.430000305175781,12.4399995803833,12.420000076293945,12.425000190734863,34657
2026-10-08 15:01:00,1791486060,USAR,12.430000305175781,12.4399995803833,12.420000076293945,12.4350004196167,30802
2026-10-08 15:02:00,1791486120,USAR,12.4350004196167,12.4399995803833,12.430000305175781,12.4399995803833,14761
2026-10-08 15:03:00,1791486180,USAR,12.444999694824219,12.444999694824219,12.430000305175781,12.439900398254395,22776
2026-10-08 15:04:00,1791486240,USAR,12.439800262451172,12.447999954223633,12.4350004196167,12.440099716186523,7722
2026-10-08 15:05:00,1791486300,USAR,12.449999809265137,12.454999923706055,12.444999694824219,12.454999923706055,15443
2026-10-08 15:06:00,1791486360,USAR,12.454999923706055,12.46500015258789,12.45009994506836,12.46500015258789,10092
2026-10-08 15:07:00,1791486420,USAR,12.470000267028809,12.470000267028809,12.4399995803833,12.454999923706055,14884
2026-10-08 15:08:00,1791486480,USAR,12.454999923706055,12.460000038146973,12.449999809265137,12.454999923706055,4300
2026-10-08 15:09:00,1791486540,USAR,12.458999633789062,12.460000038146973,12.444999694824219,12.444999694824219,15812
2026-10-08 15:10:00,1791486600,USAR,12.4399995803833,12.449999809265137,12.4399995803833,12.4399995803833,8305
2026-10-08 15:11:00,1791486660,USAR,12.444999694824219,12.458200454711914,12.444999694824219,12.45009994506836,19956
2026-10-08 15:12:00,1791486720,USAR,12.454999923706055,12.460000038146973,12.449999809265137,12.454999923706055,5252
2026-10-08 15:13:00,1791486780,USAR,12.460000038146973,12.460000038146973,12.449999809265137,12.454999923706055,3943
2026-10-08 15:14:00,1791486840,USAR,12.454999923706055,12.456600189208984,12.449999809265137,12.454999923706055,6665
2026-10-08 15:15:00,1791486900,USAR,12.451499938964844,12.454999923706055,12.444999694824219,12.444999694824219,23959
2026-10-08 15:16:00,1791486960,USAR,12.444999694824219,12.454999923706055,12.444999694824219,12.454999923706055,11873
2026-10-08 15:17:00,1791487020,USAR,12.454999923706055,12.470000267028809,12.449999809265137,12.46500015258789,10542
2026-10-08 15:18:00,1791487080,USAR,12.46500015258789,12.470000267028809,12.460100173950195,12.470000267028809,5098
2026-10-08 15:19:00,1791487140,USAR,12.46500015258789,12.479900360107422,12.460100173950195,12.475000381469727,22624
2026-10-08 15:20:00,1791487200,USAR,12.479999542236328,12.489899635314941,12.47089958190918,12.47089958190918,12491
2026-10-08 15:21:00,1791487260,USAR,12.475000381469727,12.484999656677246,12.470100402832031,12.473699569702148,19828
2026-10-08 15:22:00,1791487320,USAR,12.473999977111816,12.515000343322754,12.473999977111816,12.494999885559082,30825
2026-10-08 15:23:00,1791487380,USAR,12.494999885559082,12.520000457763672,12.494999885559082,12.520000457763672,29993
2026-10-08 15:24:00,1791487440,USAR,12.520000457763672,12.538399696350098,12.51990032196045,12.534299850463867,25850
2026-10-08 15:25:00,1791487500,USAR,12.53499984741211,12.574999809265137,12.53219985961914,12.574999809265137,87964
2026-10-08 15:26:00,1791487560,USAR,12.574999809265137,12.579899787902832,12.555000305175781,12.5649995803833,82432
2026-10-08 15:27:00,1791487620,USAR,12.569999694824219,12.585000038146973,12.5600004196167,12.574999809265137,78441
2026-10-08 15:28:00,1791487680,USAR,12.574999809265137,12.58180046081543,12.550000190734863,12.555000305175781,33884
2026-10-08 15:29:00,1791487740,USAR,12.550000190734863,12.557100296020508,12.524999618530273,12.53499984741211,60506
2026-10-08 15:30:00,1791487800,USAR,12.53499984741211,12.558300018310547,12.529999732971191,12.550000190734863,68709
2026-10-08 15:31:00,1791487860,USAR,12.555000305175781,12.59000015258789,12.555000305175781,12.5649995803833,64385
2026-10-08 15:32:00,1791487920,USAR,12.5649995803833,12.5649995803833,12.550000190734863,12.555000305175781,41024
2026-10-08 15:33:00,1791487980,USAR,12.555000305175781,12.5649995803833,12.524999618530273,12.550000190734863,106166
2026-10-08 15:34:00,1791488040,USAR,12.555000305175781,12.589900016784668,12.555000305175781,12.565699577331543,44686
2026-10-08 15:35:00,1791488100,USAR,12.5649995803833,12.600000381469727,12.5649995803833,12.595000267028809,8144
2026-10-08 15:36:00,1791488160,USAR,12.59000015258789,12.600000381469727,12.574999809265137,12.585000038146973,41761
2026-10-08 15:37:00,1791488220,USAR,12.579999923706055,12.625,12.579999923706055,12.625,69036
2026-10-08 15:38:00,1791488280,USAR,12.625,12.649999618530273,12.625,12.645000457763672,17911
2026-10-08 15:39:00,1791488340,USAR,12.645000457763672,12.645000457763672,12.619999885559082,12.625,22580
2026-10-08 15:40:00,1791488400,USAR,12.625,12.645000457763672,12.609999656677246,12.645000457763672,32851
2026-10-08 15:41:00,1791488460,USAR,12.645000457763672,12.649999618530273,12.635000228881836,12.64009952545166,21132
2026-10-08 15:42:00,1791488520,USAR,12.640000343322754,12.640000343322754,12.634400367736816,12.640000343322754,28455
2026-10-08 15:43:00,1791488580,USAR,12.640000343322754,12.645000457763672,12.625,12.625,13865
2026-10-08 15:44:00,1791488640,USAR,12.625,12.625,12.614999771118164,12.614999771118164,16522
2026-10-08 15:45:00,1791488700,USAR,12.614999771118164,12.635000228881836,12.614999771118164,12.630200386047363,25499
2026-10-08 15:46:00,1791488760,USAR,12.635000228881836,12.635000228881836,12.61050033569336,12.614999771118164,26277
2026-10-08 15:47:00,1791488820,USAR,12.614999771118164,12.649999618530273,12.614999771118164,12.635000228881836,20297
2026-10-08 15:48:00,1791488880,USAR,12.649999618530273,12.65999984741211,12.645000457763672,12.65999984741211,26456
2026-10-08 15:49:00,1791488940,USAR,12.664999961853027,12.679900169372559,12.65999984741211,12.675000190734863,25873
2026-10-08 15:50:00,1791489000,USAR,12.675000190734863,12.689900398254395,12.664999961853027,12.689900398254395,57848
2026-10-08 15:51:00,1791489060,USAR,12.6850004196167,12.6899995803833,12.670000076293945,12.679699897766113,31639
2026-10-08 15:52:00,1791489120,USAR,12.675000190734863,12.6850004196167,12.609999656677246,12.619999885559082,103515
2026-10-08 15:53:00,1791489180,USAR,12.609999656677246,12.625,12.579999923706055,12.595000267028809,207636
2026-10-08 15:54:00,1791489240,USAR,12.600000381469727,12.600000381469727,12.569999694824219,12.600000381469727,160685
2026-10-08 15:55:00,1791489300,USAR,12.609999656677246,12.649999618530273,12.609999656677246,12.630000114440918,184712
2026-10-08 15:56:00,1791489360,USAR,12.635000228881836,12.635000228881836,12.609999656677246,12.614999771118164,175438
2026-10-08 15:57:00,1791489420,USAR,12.619999885559082,12.630000114440918,12.600000381469727,12.619999885559082,225261
2026-10-08 15:58:00,1791489480,USAR,12.625,12.630000114440918,12.609999656677246,12.625,225401
2026-10-08 15:59:00,1791489540,USAR,12.625,12.630000114440918,12.600000381469727,12.609999656677246,273766
2026-10-08 16:00:00,1791489600,USAR,12.630000114440918,12.630000114440918,12.630000114440918,12.630000114440918,0
2026-10-09 09:30:00,1791552600,USAR,12.670000076293945,12.75,12.670000076293945,12.729999542236328,535853
2026-10-09 09:31:00,1791552660,USAR,12.739999771118164,12.739999771118164,12.579999923706055,12.59000015258789,124111
2026-10-09 09:32:00,1791552720,USAR,12.579999923706055,12.59000015258789,12.524999618530273,12.529999732971191,66365
2026-10-09 09:33:00,1791552780,USAR,12.539999961853027,12.550000190734863,12.510000228881836,12.510000228881836,51441
2026-10-09 09:34:00,1791552840,USAR,12.515000343322754,12.529999732971191,12.484999656677246,12.484999656677246,84733
2026-10-09 09:35:00,1791552900,USAR,12.484000205993652,12.485699653625488,12.430100440979004,12.431300163269043,91670
2026-10-09 09:36:00,1791552960,USAR,12.430000305175781,12.529899597167969,12.430000305175781,12.510000228881836,54288
2026-10-09 09:37:00,1791553020,USAR,12.520000457763672,12.599200248718262,12.510000228881836,12.57979965209961,57946
2026-10-09 09:38:00,1791553080,USAR,12.59000015258789,12.640000343322754,12.579999923706055,12.614999771118164,74929
2026-10-09 09:39:00,1791553140,USAR,12.609999656677246,12.654999732971191,12.579999923706055,12.645000457763672,105197
2026-10-09 09:40:00,1791553200,USAR,12.637700080871582,12.639900207519531,12.579999923706055,12.589900016784668,52292
2026-10-09 09:41:00,1791553260,USAR,12.569999694824219,12.600000381469727,12.5600004196167,12.569999694824219,18745
2026-10-09 09:42:00,1791553320,USAR,12.579999923706055,12.600000381469727,12.560999870300293,12.59000015258789,46761
2026-10-09 09:43:00,1791553380,USAR,12.578300476074219,12.58650016784668,12.523799896240234,12.569999694824219,22700
2026-10-09 09:44:00,1791553440,USAR,12.5600004196167,12.59000015258789,12.529999732971191,12.53499984741211,50886
2026-10-09 09:45:00,1791553500,USAR,12.550000190734863,12.550000190734863,12.489999771118164,12.5,54807
2026-10-09 09:46:00,1791553560,USAR,12.510000228881836,12.520000457763672,12.484100341796875,12.5,42743
2026-10-09 09:47:00,1791553620,USAR,12.498700141906738,12.520000457763672,12.48859977722168,12.511300086975098,31226
2026-10-09 09:48:00,1791553680,USAR,12.510000228881836,12.51990032196045,12.420000076293945,12.4399995803833,65095
2026-10-09 09:49:00,1791553740,USAR,12.430000305175781,12.475000381469727,12.425000190734863,12.460000038146973,84928
2026-10-09 09:50:00,1791553800,USAR,12.46500015258789,12.5,12.449999809265137,12.484999656677246,72313
2026-10-09 09:51:00,1791553860,USAR,12.468500137329102,12.505000114440918,12.468500137329102,12.489899635314941,39244
2026-10-09 09:52:00,1791553920,USAR,12.489999771118164,12.5,12.475000381469727,12.489999771118164,31812
2026-10-09 09:53:00,1791553980,USAR,12.5,12.510000228881836,12.460000038146973,12.470000267028809,56670
2026-10-09 09:54:00,1791554040,USAR,12.460000038146973,12.479999542236328,12.444999694824219,12.444999694824219,32712
2026-10-09 09:55:00,1791554100,USAR,12.449999809265137,12.449999809265137,12.430500030517578,12.4399995803833,27610
2026-10-09 09:56:00,1791554160,USAR,12.4399995803833,12.460000038146973,12.4350004196167,12.454999923706055,12329
2026-10-09 09:57:00,1791554220,USAR,12.45989990234375,12.479999542236328,12.449999809265137,12.475000381469727,23352
2026-10-09 09:58:00,1791554280,USAR,12.475000381469727,12.494999885559082,12.470100402832031,12.489999771118164,45126
2026-10-09 09:59:00,1791554340,USAR,12.479999542236328,12.479999542236328,12.460000038146973,12.475000381469727,26426
2026-10-09 10:00:00,1791554400,USAR,12.470000267028809,12.479999542236328,12.454999923706055,12.470100402832031,18178
2026-10-09 10:01:00,1791554460,USAR,12.475000381469727,12.479999542236328,12.430000305175781,12.431699752807617,24410
2026-10-09 10:02:00,1791554520,USAR,12.4350004196167,12.460000038146973,12.434000015258789,12.454999923706055,15929
2026-10-09 10:03:00,1791554580,USAR,12.454999923706055,12.479999542236328,12.444999694824219,12.449999809265137,22072
2026-10-09 10:04:00,1791554640,USAR,12.449999809265137,12.479999542236328,12.440199851989746,12.475000381469727,12363
2026-10-09 10:05:00,1791554700,USAR,12.470000267028809,12.470000267028809,12.454999923706055,12.460000038146973,11113
2026-10-09 10:06:00,1791554760,USAR,12.470000267028809,12.470000267028809,12.451399803161621,12.470000267028809,16486
2026-10-09 10:07:00,1791554820,USAR,12.46500015258789,12.509900093078613,12.46500015258789,12.508500099182129,22270
2026-10-09 10:08:00,1791554880,USAR,12.510000228881836,12.515000343322754,12.48009967803955,12.494999885559082,34802
2026-10-09 10:09:00,1791554940,USAR,12.460000038146973,12.494999885559082,12.449999809265137,12.460000038146973,30949
2026-10-09 10:10:00,1791555000,USAR,12.460000038146973,12.475000381469727,12.45009994506836,12.460100173950195,19699
2026-10-09 10:11:00,1791555060,USAR,12.460000038146973,12.468600273132324,12.4399995803833,12.466899871826172,28959
2026-10-09 10:12:00,1791555120,USAR,12.475000381469727,12.5,12.470000267028809,12.5,10866
2026-10-09 10:13:00,1791555180,USAR,12.494999885559082,12.505000114440918,12.484999656677246,12.484999656677246,18738
2026-10-09 10:14:00,1791555240,USAR,12.484999656677246,12.5,12.484999656677246,12.484999656677246,12771
2026-10-09 10:15:00,1791555300,USAR,12.479999542236328,12.505000114440918,12.479999542236328,12.505000114440918,14260
2026-10-09 10:16:00,1791555360,USAR,12.507800102233887,12.510000228881836,12.494999885559082,12.49899959564209,16421
2026-10-09 10:17:00,1791555420,USAR,12.494999885559082,12.524999618530273,12.489999771118164,12.524999618530273,19594
2026-10-09 10:18:00,1791555480,USAR,12.53499984741211,12.539999961853027,12.515000343322754,12.515000343322754,17284
2026-10-09 10:19:00,1791555540,USAR,12.510000228881836,12.520000457763672,12.5,12.515000343322754,14466
2026-10-09 10:20:00,1791555600,USAR,12.515000343322754,12.520000457763672,12.500100135803223,12.515000343322754,32042
2026-10-09 10:21:00,1791555660,USAR,12.520000457763672,12.524999618530273,12.5,12.524999618530273,28348
2026-10-09 10:22:00,1791555720,USAR,12.515000343322754,12.529899597167969,12.510000228881836,12.515000343322754,25705
2026-10-09 10:23:00,1791555780,USAR,12.515000343322754,12.550000190734863,12.510000228881836,12.545000076293945,25342
2026-10-09 10:24:00,1791555840,USAR,12.550000190734863,12.550000190734863,12.529999732971191,12.529999732971191,20527
2026-10-09 10:25:00,1791555900,USAR,12.524999618530273,12.53499984741211,12.515000343322754,12.53499984741211,15800
2026-10-09 10:26:00,1791555960,USAR,12.549200057983398,12.574999809265137,12.549200057983398,12.5600004196167,25792
2026-10-09 10:27:00,1791556020,USAR,12.569999694824219,12.574999809265137,12.5600004196167,12.5649995803833,11773
2026-10-09 10:28:00,1791556080,USAR,12.5649995803833,12.579999923706055,12.539999961853027,12.5649995803833,41016
2026-10-09 10:29:00,1791556140,USAR,12.569899559020996,12.59000015258789,12.560099601745605,12.579999923706055,19302
2026-10-09 10:30:00,1791556200,USAR,12.579899787902832,12.579999923706055,12.569999694824219,12.579999923706055,10280
2026-10-09 10:31:00,1791556260,USAR,12.579999923706055,12.585000038146973,12.553299903869629,12.553299903869629,25176
2026-10-09 10:32:00,1791556320,USAR,12.555000305175781,12.569999694824219,12.539999961853027,12.550000190734863,31173
2026-10-09 10:33:00,1791556380,USAR,12.555000305175781,12.555000305175781,12.545000076293945,12.545000076293945,28480
2026-10-09 10:34:00,1791556440,USAR,12.545000076293945,12.5600004196167,12.545000076293945,12.5600004196167,12168
2026-10-09 10:35:00,1791556500,USAR,12.5649995803833,12.569999694824219,12.545000076293945,12.5600004196167,16458
2026-10-09 10:36:00,1791556560,USAR,12.555000305175781,12.555000305175781,12.53499984741211,12.53499984741211,7747
2026-10-09 10:37:00,1791556620,USAR,12.53499984741211,12.539999961853027,12.529999732971191,12.53499984741211,13921
2026-10-09 10:38:00,1791556680,USAR,12.539999961853027,12.539999961853027,12.520000457763672,12.520500183105469,15804
2026-10-09 10:39:00,1791556740,USAR,12.529999732971191,12.529999732971191,12.510000228881836,12.520000457763672,9027
2026-10-09 10:40:00,1791556800,USAR,12.510000228881836,12.520000457763672,12.505000114440918,12.505000114440918,22172
2026-10-09 10:41:00,1791556860,USAR,12.510000228881836,12.520000457763672,12.494999885559082,12.510000228881836,28729
2026-10-09 10:42:00,1791556920,USAR,12.510000228881836,12.515000343322754,12.494999885559082,12.494999885559082,8360
2026-10-09 10:43:00,1791556980,USAR,12.498000144958496,12.510100364685059,12.491600036621094,12.510100364685059,13054
2026-10-09 10:44:00,1791557040,USAR,12.515000343322754,12.545000076293945,12.512800216674805,12.545000076293945,20367
2026-10-09 10:45:00,1791557100,USAR,12.545000076293945,12.545000076293945,12.529999732971191,12.529999732971191,11930
2026-10-09 10:46:00,1791557160,USAR,12.539999961853027,12.555000305175781,12.53499984741211,12.550000190734863,10172
2026-10-09 10:47:00,1791557220,USAR,12.545000076293945,12.550000190734863,12.539999961853027,12.545000076293945,15928
2026-10-09 10:48:00,1791557280,USAR,12.539999961853027,12.545000076293945,12.521699905395508,12.539999961853027,11944
2026-10-09 10:49:00,1791557340,USAR,12.53499984741211,12.539999961853027,12.524999618530273,12.53499984741211,11727
2026-10-09 10:50:00,1791557400,USAR,12.53499984741211,12.557000160217285,12.53499984741211,12.555000305175781,5862
2026-10-09 10:51:00,1791557460,USAR,12.5600004196167,12.600000381469727,12.5600004196167,12.597999572753906,20089
2026-10-09 10:52:00,1791557520,USAR,12.585000038146973,12.585000038146973,12.5600004196167,12.5649995803833,9307
2026-10-09 10:53:00,1791557580,USAR,12.562899589538574,12.574999809265137,12.562899589538574,12.574999809265137,8664
2026-10-09 10:54:00,1791557640,USAR,12.574999809265137,12.585000038146973,12.574999809265137,12.585000038146973,16201
2026-10-09 10:55:00,1791557700,USAR,12.589699745178223,12.600000381469727,12.579999923706055,12.59000015258789,19664
2026-10-09 10:56:00,1791557760,USAR,12.595000267028809,12.600600242614746,12.585000038146973,12.595000267028809,19035
2026-10-09 10:57:00,1791557820,USAR,12.595000267028809,12.604999542236328,12.585000038146973,12.600000381469727,33338
2026-10-09 10:58:00,1791557880,USAR,12.585000038146973,12.59000015258789,12.579999923706055,12.589900016784668,66592
2026-10-09 10:59:00,1791557940,USAR,12.579999923706055,12.59000015258789,12.5600004196167,12.5649995803833,18093
2026-10-09 11:00:00,1791558000,USAR,12.5649995803833,12.569999694824219,12.5600004196167,12.569899559020996,12625
2026-10-09 11:01:00,1791558060,USAR,12.5649995803833,12.574999809265137,12.560099601745605,12.574999809265137,12347
2026-10-09 11:02:00,1791558120,USAR,12.569999694824219,12.579999923706055,12.555000305175781,12.574999809265137,15444
2026-10-09 11:03:00,1791558180,USAR,12.574999809265137,12.595000267028809,12.5600004196167,12.574999809265137,43349
2026-10-09 11:04:00,1791558240,USAR,12.569999694824219,12.595000267028809,12.569999694824219,12.595000267028809,33607
2026-10-09 11:05:00,1791558300,USAR,12.595000267028809,12.595000267028809,12.550000190734863,12.550000190734863,30426
2026-10-09 11:06:00,1791558360,USAR,12.550000190734863,12.550000190734863,12.529999732971191,12.529999732971191,23878
2026-10-09 11:07:00,1791558420,USAR,12.524999618530273,12.529999732971191,12.515000343322754,12.515000343322754,20787
2026-10-09 11:08:00,1791558480,USAR,12.515000343322754,12.520000457763672,12.505000114440918,12.505000114440918,24257
2026-10-09 11:09:00,1791558540,USAR,12.509900093078613,12.51990032196045,12.5,12.515000343322754,30132
2026-10-09 11:10:00,1791558600,USAR,12.510000228881836,12.539999961853027,12.510000228881836,12.53499984741211,23461
2026-10-09 11:11:00,1791558660,USAR,12.539999961853027,12.545000076293945,12.529999732971191,12.529999732971191,8609
2026-10-09 11:12:00,1791558720,USAR,12.530599594116211,12.539999961853027,12.524999618530273,12.524999618530273,19085
2026-10-09 11:13:00,1791558780,USAR,12.52400016784668,12.529999732971191,12.515000343322754,12.515000343322754,25620
2026-10-09 11:14:00,1791558840,USAR,12.515000343322754,12.520000457763672,12.510000228881836,12.515000343322754,3169
2026-10-09 11:15:00,1791558900,USAR,12.51990032196045,12.529999732971191,12.515000343322754,12.524999618530273,10414
2026-10-09 11:16:00,1791558960,USAR,12.529999732971191,12.53499984741211,12.520099639892578,12.53499984741211,3328
2026-10-09 11:17:00,1791559020,USAR,12.53499984741211,12.539999961853027,12.520099639892578,12.539999961853027,6675
2026-10-09 11:18:00,1791559080,USAR,12.536600112915039,12.536600112915039,12.524999618530273,12.529999732971191,5402
2026-10-09 11:19:00,1791559140,USAR,12.524999618530273,12.539999961853027,12.510000228881836,12.515000343322754,12081
2026-10-09 11:20:00,1791559200,USAR,12.515000343322754,12.520000457763672,12.500300407409668,12.515000343322754,72773
2026-10-09 11:21:00,1791559260,USAR,12.515000343322754,12.520000457763672,12.505000114440918,12.515000343322754,11158
2026-10-09 11:22:00,1791559320,USAR,12.515000343322754,12.524999618530273,12.505000114440918,12.524999618530273,18221
2026-10-09 11:23:00,1791559380,USAR,12.529999732971191,12.529999732971191,12.515000343322754,12.520000457763672,4161
2026-10-09 11:24:00,1791559440,USAR,12.510100364685059,12.520000457763672,12.505000114440918,12.515000343322754,18435
2026-10-09 11:25:00,1791559500,USAR,12.515000343322754,12.524999618530273,12.505000114440918,12.505000114440918,10649
2026-10-09 11:26:00,1791559560,USAR,12.505000114440918,12.520000457763672,12.505000114440918,12.505000114440918,25339
2026-10-09 11:27:00,1791559620,USAR,12.505000114440918,12.515000343322754,12.494999885559082,12.505000114440918,39119
2026-10-09 11:28:00,1791559680,USAR,12.499899864196777,12.5,12.479999542236328,12.484999656677246,38524
2026-10-09 11:29:00,1791559740,USAR,12.48799991607666,12.5,12.484999656677246,12.484999656677246,10320
2026-10-09 11:30:00,1791559800,USAR,12.484999656677246,12.494999885559082,12.484999656677246,12.489999771118164,17505
2026-10-09 11:31:00,1791559860,USAR,12.484999656677246,12.5,12.4822998046875,12.494999885559082,19356
2026-10-09 11:32:00,1791559920,USAR,12.5,12.5,12.489999771118164,12.494999885559082,9986
2026-10-09 11:33:00,1791559980,USAR,12.494999885559082,12.5,12.484999656677246,12.489999771118164,9051
2026-10-09 11:34:00,1791560040,USAR,12.48009967803955,12.489999771118164,12.479999542236328,12.484999656677246,20252
2026-10-09 11:35:00,1791560100,USAR,12.489999771118164,12.489999771118164,12.475000381469727,12.479499816894531,19456
2026-10-09 11:36:00,1791560160,USAR,12.479999542236328,12.48550033569336,12.470000267028809,12.479999542236328,13382
2026-10-09 11:37:00,1791560220,USAR,12.484999656677246,12.484999656677246,12.470000267028809,12.470000267028809,7525
2026-10-09 11:38:00,1791560280,USAR,12.479999542236328,12.505000114440918,12.479999542236328,12.505000114440918,18267
2026-10-09 11:39:00,1791560340,USAR,12.5,12.509900093078613,12.489999771118164,12.489999771118164,10952
2026-10-09 11:40:00,1791560400,USAR,12.495100021362305,12.499899864196777,12.484999656677246,12.487099647521973,23446
2026-10-09 11:41:00,1791560460,USAR,12.479999542236328,12.489999771118164,12.479999542236328,12.489899635314941,16355
2026-10-09 11:42:00,1791560520,USAR,12.484999656677246,12.489999771118164,12.484999656677246,12.484999656677246,2614
2026-10-09 11:43:00,1791560580,USAR,12.489999771118164,12.489999771118164,12.475000381469727,12.475000381469727,10563
2026-10-09 11:44:00,1791560640,USAR,12.475000381469727,12.479999542236328,12.46500015258789,12.475000381469727,21840
2026-10-09 11:45:00,1791560700,USAR,12.475000381469727,12.479999542236328,12.460100173950195,12.46500015258789,25029
2026-10-09 11:46:00,1791560760,USAR,12.460000038146973,12.479999542236328,12.460000038146973,12.479999542236328,11483
2026-10-09 11:47:00,1791560820,USAR,12.479999542236328,12.5,12.47029972076416,12.489999771118164,36384
2026-10-09 11:48:00,1791560880,USAR,12.494999885559082,12.5,12.484999656677246,12.489999771118164,8776
2026-10-09 11:49:00,1791560940,USAR,12.484999656677246,12.489999771118164,12.48009967803955,12.48009967803955,7898
2026-10-09 11:50:00,1791561000,USAR,12.484999656677246,12.489899635314941,12.484999656677246,12.487700462341309,4087
2026-10-09 11:51:00,1791561060,USAR,12.484999656677246,12.489999771118164,12.479999542236328,12.484999656677246,10013
2026-10-09 11:52:00,1791561120,USAR,12.479999542236328,12.489999771118164,12.479999542236328,12.479999542236328,3674
2026-10-09 11:53:00,1791561180,USAR,12.484999656677246,12.484999656677246,12.470000267028809,12.475000381469727,7266
2026-10-09 11:54:00,1791561240,USAR,12.479999542236328,12.489999771118164,12.475000381469727,12.489999771118164,12663
2026-10-09 11:55:00,1791561300,USAR,12.484999656677246,12.489999771118164,12.470000267028809,12.479900360107422,8833
2026-10-09 11:56:00,1791561360,USAR,12.475000381469727,12.479999542236328,12.475000381469727,12.475000381469727,2836
2026-10-09 11:57:00,1791561420,USAR,12.475000381469727,12.479999542236328,12.475000381469727,12.479999542236328,8293
2026-10-09 11:58:00,1791561480,USAR,12.475000381469727,12.479999542236328,12.46500015258789,12.470000267028809,17421
2026-10-09 11:59:00,1791561540,USAR,12.46500015258789,12.479999542236328,12.460000038146973,12.460000038146973,14748
2026-10-09 12:00:00,1791561600,USAR,12.466300010681152,12.470000267028809,12.46500015258789,12.469599723815918,16607
2026-10-09 12:01:00,1791561660,USAR,12.46500015258789,12.470000267028809,12.460000038146973,12.46500015258789,8856
2026-10-09 12:02:00,1791561720,USAR,12.46500015258789,12.469900131225586,12.460000038146973,12.46500015258789,15424
2026-10-09 12:03:00,1791561780,USAR,12.46500015258789,12.470000267028809,12.460100173950195,12.46500015258789,5859
2026-10-09 12:04:00,1791561840,USAR,12.470000267028809,12.479999542236328,12.46500015258789,12.478599548339844,14472
2026-10-09 12:05:00,1791561900,USAR,12.479999542236328,12.479999542236328,12.460000038146973,12.465100288391113,10202
2026-10-09 12:06:00,1791561960,USAR,12.46500015258789,12.470000267028809,12.449999809265137,12.454999923706055,47412
2026-10-09 12:07:00,1791562020,USAR,12.460000038146973,12.460000038146973,12.4399995803833,12.449999809265137,59372
2026-10-09 12:08:00,1791562080,USAR,12.448599815368652,12.460000038146973,12.444999694824219,12.460000038146973,16622
2026-10-09 12:09:00,1791562140,USAR,12.449999809265137,12.460000038146973,12.444999694824219,12.444999694824219,8507
2026-10-09 12:10:00,1791562200,USAR,12.449899673461914,12.449999809265137,12.4399995803833,12.444999694824219,11337
2026-10-09 12:11:00,1791562260,USAR,12.449999809265137,12.449999809265137,12.4399995803833,12.449899673461914,32568
2026-10-09 12:12:00,1791562320,USAR,12.449999809265137,12.449999809265137,12.4399995803833,12.444999694824219,6034
2026-10-09 12:13:00,1791562380,USAR,12.448200225830078,12.459699630737305,12.444999694824219,12.444999694824219,31122
2026-10-09 12:14:00,1791562440,USAR,12.444999694824219,12.449999809265137,12.442500114440918,12.449999809265137,8056
2026-10-09 12:15:00,1791562500,USAR,12.444999694824219,12.449999809265137,12.444999694824219,12.444999694824219,7885
2026-10-09 12:16:00,1791562560,USAR,12.444999694824219,12.449899673461914,12.444999694824219,12.444999694824219,3834
2026-10-09 12:17:00,1791562620,USAR,12.444999694824219,12.460000038146973,12.4399995803833,12.4399995803833,26502
2026-10-09 12:18:00,1791562680,USAR,12.4350004196167,12.439800262451172,12.430000305175781,12.4350004196167,6414
2026-10-09 12:19:00,1791562740,USAR,12.4350004196167,12.4399995803833,12.430000305175781,12.439900398254395,8288
2026-10-09 12:20:00,1791562800,USAR,12.4350004196167,12.4399995803833,12.425000190734863,12.425000190734863,23399
2026-10-09 12:21:00,1791562860,USAR,12.430000305175781,12.430000305175781,12.40999984741211,12.414999961853027,56045
2026-10-09 12:22:00,1791562920,USAR,12.414999961853027,12.42199993133545,12.410699844360352,12.42199993133545,41708
2026-10-09 12:23:00,1791562980,USAR,12.429900169372559,12.429900169372559,12.40999984741211,12.425000190734863,13142
2026-10-09 12:24:00,1791563040,USAR,12.420000076293945,12.429900169372559,12.414999961853027,12.429900169372559,19701
2026-10-09 12:25:00,1791563100,USAR,12.430000305175781,12.4399995803833,12.425000190734863,12.425399780273438,13815
2026-10-09 12:26:00,1791563160,USAR,12.430000305175781,12.4399995803833,12.425000190734863,12.4350004196167,22714
2026-10-09 12:27:00,1791563220,USAR,12.4399995803833,12.449999809265137,12.43019962310791,12.444999694824219,57433
2026-10-09 12:28:00,1791563280,USAR,12.444999694824219,12.449999809265137,12.444999694824219,12.444999694824219,31364
2026-10-09 12:29:00,1791563340,USAR,12.449999809265137,12.450200080871582,12.444999694824219,12.450200080871582,10533
2026-10-09 12:30:00,1791563400,USAR,12.454999923706055,12.460000038146973,12.449999809265137,12.454999923706055,10234
2026-10-09 12:31:00,1791563460,USAR,12.454999923706055,12.460000038146973,12.454999923706055,12.454999923706055,12550
2026-10-09 12:32:00,1791563520,USAR,12.45989990234375,12.460000038146973,12.4399995803833,12.4399995803833,24183
2026-10-09 12:33:00,1791563580,USAR,12.444999694824219,12.447999954223633,12.444999694824219,12.444999694824219,7693
2026-10-09 12:34:00,1791563640,USAR,12.444999694824219,12.449999809265137,12.4399995803833,12.444999694824219,18344
2026-10-09 12:35:00,1791563700,USAR,12.4399995803833,12.449999809265137,12.4399995803833,12.444999694824219,14650
2026-10-09 12:36:00,1791563760,USAR,12.4399995803833,12.449999809265137,12.4399995803833,12.447999954223633,15786
2026-10-09 12:37:00,1791563820,USAR,12.449999809265137,12.460000038146973,12.449999809265137,12.458200454711914,55467
2026-10-09 12:38:00,1791563880,USAR,12.460000038146973,12.460000038146973,12.454999923706055,12.460000038146973,10727
2026-10-09 12:39:00,1791563940,USAR,12.454999923706055,12.460000038146973,12.449999809265137,12.449999809265137,28379
2026-10-09 12:40:00,1791564000,USAR,12.444999694824219,12.449999809265137,12.4399995803833,12.449999809265137,15342
2026-10-09 12:41:00,1791564060,USAR,12.454999923706055,12.460000038146973,12.444999694824219,12.444999694824219,5966
2026-10-09 12:42:00,1791564120,USAR,12.444999694824219,12.449999809265137,12.4399995803833,12.4399995803833,53727
2026-10-09 12:43:00,1791564180,USAR,12.444999694824219,12.460000038146973,12.444999694824219,12.460000038146973,12159
2026-10-09 12:44:00,1791564240,USAR,12.454999923706055,12.454999923706055,12.449999809265137,12.449999809265137,10512
2026-10-09 12:45:00,1791564300,USAR,12.4399995803833,12.449999809265137,12.433899879455566,12.444999694824219,38615
2026-10-09 12:46:00,1791564360,USAR,12.449999809265137,12.459799766540527,12.444999694824219,12.449999809265137,66029
2026-10-09 12:47:00,1791564420,USAR,12.444999694824219,12.460000038146973,12.444999694824219,12.456500053405762,15850
2026-10-09 12:48:00,1791564480,USAR,12.454999923706055,12.454999923706055,12.4399995803833,12.444999694824219,54594
2026-10-09 12:49:00,1791564540,USAR,12.444499969482422,12.449999809265137,12.4399995803833,12.444999694824219,4827
2026-10-09 12:50:00,1791564600,USAR,12.4399995803833,12.444999694824219,12.420000076293945,12.4350004196167,66262
2026-10-09 12:51:00,1791564660,USAR,12.4350004196167,12.4350004196167,12.430000305175781,12.430000305175781,72606
2026-10-09 12:52:00,1791564720,USAR,12.4350004196167,12.4350004196167,12.40999984741211,12.420000076293945,38724
2026-10-09 12:53:00,1791564780,USAR,12.425000190734863,12.4399995803833,12.425000190734863,12.430000305175781,11808
2026-10-09 12:54:00,1791564840,USAR,12.430000305175781,12.4399995803833,12.425000190734863,12.430000305175781,11806
2026-10-09 12:55:00,1791564900,USAR,12.425000190734863,12.430000305175781,12.425000190734863,12.430000305175781,7889
2026-10-09 12:56:00,1791564960,USAR,12.425000190734863,12.4399995803833,12.425000190734863,12.4350004196167,12476
2026-10-09 12:57:00,1791565020,USAR,12.430000305175781,12.430000305175781,12.425000190734863,12.425000190734863,13797
2026-10-09 12:58:00,1791565080,USAR,12.425000190734863,12.430000305175781,12.425000190734863,12.430000305175781,18922
2026-10-09 12:59:00,1791565140,USAR,12.425000190734863,12.430000305175781,12.414999961853027,12.414999961853027,22247
2026-10-09 13:00:00,1791565200,USAR,12.420000076293945,12.420000076293945,12.414999961853027,12.418000221252441,2231
2026-10-09 13:01:00,1791565260,USAR,12.414999961853027,12.430000305175781,12.414999961853027,12.430000305175781,61921
2026-10-09 13:02:00,1791565320,USAR,12.430000305175781,12.4399995803833,12.430000305175781,12.4350004196167,18689
2026-10-09 13:03:00,1791565380,USAR,12.4350004196167,12.4399995803833,12.425000190734863,12.430000305175781,21514
2026-10-09 13:04:00,1791565440,USAR,12.43970012664795,12.43970012664795,12.429699897766113,12.43970012664795,8931
2026-10-09 13:05:00,1791565500,USAR,12.425000190734863,12.4399995803833,12.425000190734863,12.4350004196167,62318
2026-10-09 13:06:00,1791565560,USAR,12.430000305175781,12.430000305175781,12.414999961853027,12.414999961853027,15371
2026-10-09 13:07:00,1791565620,USAR,12.41469955444336,12.430000305175781,12.41469955444336,12.420000076293945,73395
2026-10-09 13:08:00,1791565680,USAR,12.430000305175781,12.430000305175781,12.414999961853027,12.414999961853027,9633
2026-10-09 13:09:00,1791565740,USAR,12.414999961853027,12.420000076293945,12.411999702453613,12.414999961853027,5264
2026-10-09 13:10:00,1791565800,USAR,12.419099807739258,12.420000076293945,12.399999618530273,12.404999732971191,42905
2026-10-09 13:11:00,1791565860,USAR,12.404999732971191,12.417099952697754,12.404999732971191,12.417099952697754,8160
2026-10-09 13:12:00,1791565920,USAR,12.414999961853027,12.419899940490723,12.410099983215332,12.414999961853027,10668
2026-10-09 13:13:00,1791565980,USAR,12.412300109863281,12.430000305175781,12.412300109863281,12.414999961853027,14375
2026-10-09 13:14:00,1791566040,USAR,12.414999961853027,12.420000076293945,12.414999961853027,12.420000076293945,23064
2026-10-09 13:15:00,1791566100,USAR,12.420000076293945,12.430000305175781,12.40999984741211,12.420000076293945,16464
2026-10-09 13:16:00,1791566160,USAR,12.429900169372559,12.430000305175781,12.425000190734863,12.426400184631348,4118
2026-10-09 13:17:00,1791566220,USAR,12.425000190734863,12.430000305175781,12.422200202941895,12.425000190734863,3856
2026-10-09 13:18:00,1791566280,USAR,12.425000190734863,12.430000305175781,12.420000076293945,12.425000190734863,9078
2026-10-09 13:19:00,1791566340,USAR,12.428000450134277,12.4399995803833,12.428000450134277,12.4399995803833,14496
2026-10-09 13:20:00,1791566400,USAR,12.4350004196167,12.4399995803833,12.430000305175781,12.4399995803833,13882
2026-10-09 13:21:00,1791566460,USAR,12.4399995803833,12.449999809265137,12.4350004196167,12.4350004196167,15181
2026-10-09 13:22:00,1791566520,USAR,12.4350004196167,12.4399995803833,12.430000305175781,12.4350004196167,13049
2026-10-09 13:23:00,1791566580,USAR,12.4350004196167,12.444999694824219,12.4350004196167,12.444999694824219,8366
2026-10-09 13:24:00,1791566640,USAR,12.4399995803833,12.449999809265137,12.435400009155273,12.449999809265137,17932
2026-10-09 13:25:00,1791566700,USAR,12.443699836730957,12.449999809265137,12.4399995803833,12.444999694824219,21293
2026-10-09 13:26:00,1791566760,USAR,12.440099716186523,12.460000038146973,12.440099716186523,12.454999923706055,5822
2026-10-09 13:27:00,1791566820,USAR,12.454999923706055,12.46500015258789,12.454999923706055,12.460000038146973,25576
2026-10-09 13:28:00,1791566880,USAR,12.46500015258789,12.46500015258789,12.454999923706055,12.460000038146973,21251
2026-10-09 13:29:00,1791566940,USAR,12.454999923706055,12.46500015258789,12.449999809265137,12.460000038146973,15381
2026-10-09 13:30:00,1791567000,USAR,12.454999923706055,12.470000267028809,12.454999923706055,12.470000267028809,4699
2026-10-09 13:31:00,1791567060,USAR,12.46720027923584,12.479900360107422,12.465100288391113,12.475000381469727,9601
2026-10-09 13:32:00,1791567120,USAR,12.475000381469727,12.5,12.475000381469727,12.484999656677246,26072
2026-10-09 13:33:00,1791567180,USAR,12.484999656677246,12.5,12.484999656677246,12.494999885559082,8553
2026-10-09 13:34:00,1791567240,USAR,12.494999885559082,12.5,12.479999542236328,12.494999885559082,14962
2026-10-09 13:35:00,1791567300,USAR,12.494999885559082,12.494999885559082,12.489999771118164,12.490300178527832,4964
2026-10-09 13:36:00,1791567360,USAR,12.5,12.5,12.489999771118164,12.5,7899
2026-10-09 13:37:00,1791567420,USAR,12.494999885559082,12.510000228881836,12.494999885559082,12.505000114440918,93861
2026-10-09 13:38:00,1791567480,USAR,12.505000114440918,12.510000228881836,12.5,12.510000228881836,37336
2026-10-09 13:39:00,1791567540,USAR,12.50790023803711,12.510000228881836,12.505000114440918,12.510000228881836,13608
2026-10-09 13:40:00,1791567600,USAR,12.505000114440918,12.59000015258789,12.505000114440918,12.568400382995605,406356
2026-10-09 13:41:00,1791567660,USAR,12.5649995803833,12.585000038146973,12.555000305175781,12.555000305175781,44985
2026-10-09 13:42:00,1791567720,USAR,12.5600004196167,12.5649995803833,12.555000305175781,12.5649995803833,55326
2026-10-09 13:43:00,1791567780,USAR,12.5649995803833,12.56760025024414,12.5600004196167,12.56760025024414,3078
2026-10-09 13:44:00,1791567840,USAR,12.5649995803833,12.569999694824219,12.5600004196167,12.5649995803833,9539
2026-10-09 13:45:00,1791567900,USAR,12.5649995803833,12.579899787902832,12.555000305175781,12.575300216674805,24601
2026-10-09 13:46:00,1791567960,USAR,12.579999923706055,12.609999656677246,12.574999809265137,12.604999542236328,21980
2026-10-09 13:47:00,1791568020,USAR,12.604999542236328,12.60990047454834,12.600000381469727,12.604999542236328,8400
2026-10-09 13:48:00,1791568080,USAR,12.604999542236328,12.614999771118164,12.600099563598633,12.604999542236328,13283
2026-10-09 13:49:00,1791568140,USAR,12.604999542236328,12.635100364685059,12.604999542236328,12.625,18238
2026-10-09 13:50:00,1791568200,USAR,12.621000289916992,12.640000343322754,12.619999885559082,12.635000228881836,21253
2026-10-09 13:51:00,1791568260,USAR,12.635000228881836,12.640000343322754,12.630000114440918,12.635000228881836,14197
2026-10-09 13:52:00,1791568320,USAR,12.639900207519531,12.664999961853027,12.635000228881836,12.664999961853027,42360
2026-10-09 13:53:00,1791568380,USAR,12.670000076293945,12.718600273132324,12.664999961853027,12.718600273132324,42640
2026-10-09 13:54:00,1791568440,USAR,12.71500015258789,12.75,12.699999809265137,12.75,110157
2026-10-09 13:55:00,1791568500,USAR,12.760000228881836,12.779999732971191,12.75,12.779999732971191,57873
2026-10-09 13:56:00,1791568560,USAR,12.7701997756958,12.789999961853027,12.740099906921387,12.75,77980
2026-10-09 13:57:00,1791568620,USAR,12.755000114440918,12.75790023803711,12.739999771118164,12.75,21607
2026-10-09 13:58:00,1791568680,USAR,12.745100021362305,12.774999618530273,12.744999885559082,12.744999885559082,21856
2026-10-09 13:59:00,1791568740,USAR,12.744999885559082,12.760000228881836,12.739999771118164,12.744999885559082,27857
2026-10-09 14:00:00,1791568800,USAR,12.744999885559082,12.744999885559082,12.721199989318848,12.725000381469727,59682
2026-10-09 14:01:00,1791568860,USAR,12.720000267028809,12.725000381469727,12.70989990234375,12.720000267028809,32732
2026-10-09 14:02:00,1791568920,USAR,12.729700088500977,12.739999771118164,12.725000381469727,12.725000381469727,33766
2026-10-09 14:03:00,1791568980,USAR,12.720000267028809,12.720000267028809,12.699999809265137,12.704999923706055,11462
2026-10-09 14:04:00,1791569040,USAR,12.704999923706055,12.71720027923584,12.6899995803833,12.694999694824219,12076
2026-10-09 14:05:00,1791569100,USAR,12.694999694824219,12.726099967956543,12.690500259399414,12.726099967956543,44449
2026-10-09 14:06:00,1791569160,USAR,12.725000381469727,12.734999656677246,12.71500015258789,12.720000267028809,38867
2026-10-09 14:07:00,1791569220,USAR,12.710000038146973,12.710000038146973,12.691399574279785,12.691399574279785,21596
2026-10-09 14:08:00,1791569280,USAR,12.694999694824219,12.729999542236328,12.694999694824219,12.720000267028809,41587
2026-10-09 14:09:00,1791569340,USAR,12.71500015258789,12.729999542236328,12.710100173950195,12.710100173950195,8767
2026-10-09 14:10:00,1791569400,USAR,12.71500015258789,12.720000267028809,12.694999694824219,12.694999694824219,29062
2026-10-09 14:11:00,1791569460,USAR,12.699999809265137,12.699999809265137,12.670000076293945,12.670000076293945,15661
2026-10-09 14:12:00,1791569520,USAR,12.670000076293945,12.680000305175781,12.664999961853027,12.675000190734863,36186
2026-10-09 14:13:00,1791569580,USAR,12.680000305175781,12.695300102233887,12.680000305175781,12.694999694824219,24816
2026-10-09 14:14:00,1791569640,USAR,12.699999809265137,12.699999809265137,12.675000190734863,12.675000190734863,7736
2026-10-09 14:15:00,1791569700,USAR,12.675000190734863,12.694999694824219,12.675000190734863,12.686200141906738,13901
2026-10-09 14:16:00,1791569760,USAR,12.682299613952637,12.699899673461914,12.682299613952637,12.694999694824219,11440
2026-10-09 14:17:00,1791569820,USAR,12.699999809265137,12.71500015258789,12.694999694824219,12.704999923706055,29334
2026-10-09 14:18:00,1791569880,USAR,12.710000038146973,12.718000411987305,12.702300071716309,12.704999923706055,12971
2026-10-09 14:19:00,1791569940,USAR,12.704500198364258,12.710000038146973,12.694999694824219,12.694999694824219,13176
2026-10-09 14:20:00,1791570000,USAR,12.694999694824219,12.708600044250488,12.6899995803833,12.704999923706055,13676
2026-10-09 14:21:00,1791570060,USAR,12.704999923706055,12.704999923706055,12.6899995803833,12.694999694824219,8024
2026-10-09 14:22:00,1791570120,USAR,12.6899995803833,12.6899995803833,12.675000190734863,12.675000190734863,16953
2026-10-09 14:23:00,1791570180,USAR,12.680000305175781,12.680000305175781,12.670000076293945,12.675000190734863,16664
2026-10-09 14:24:00,1791570240,USAR,12.670000076293945,12.670000076293945,12.649999618530273,12.654999732971191,33438
2026-10-09 14:25:00,1791570300,USAR,12.649999618530273,12.65999984741211,12.640000343322754,12.649999618530273,17599
2026-10-09 14:26:00,1791570360,USAR,12.649999618530273,12.654999732971191,12.645000457763672,12.654999732971191,7528
2026-10-09 14:27:00,1791570420,USAR,12.649999618530273,12.649999618530273,12.625,12.63010025024414,157346
2026-10-09 14:28:00,1791570480,USAR,12.630000114440918,12.635000228881836,12.609999656677246,12.614999771118164,23496
2026-10-09 14:29:00,1791570540,USAR,12.609999656677246,12.609999656677246,12.600000381469727,12.604999542236328,9989
2026-10-09 14:30:00,1791570600,USAR,12.604999542236328,12.619999885559082,12.600000381469727,12.604999542236328,28766
2026-10-09 14:31:00,1791570660,USAR,12.604999542236328,12.609999656677246,12.600099563598633,12.604999542236328,6728
2026-10-09 14:32:00,1791570720,USAR,12.604999542236328,12.604999542236328,12.595000267028809,12.595000267028809,15258
2026-10-09 14:33:00,1791570780,USAR,12.59000015258789,12.6003999710083,12.59000015258789,12.597999572753906,23669
2026-10-09 14:34:00,1791570840,USAR,12.599900245666504,12.604999542236328,12.599900245666504,12.604999542236328,10725
2026-10-09 14:35:00,1791570900,USAR,12.604999542236328,12.609999656677246,12.604999542236328,12.60990047454834,11074
2026-10-09 14:36:00,1791570960,USAR,12.609999656677246,12.619999885559082,12.600000381469727,12.609999656677246,9757
2026-10-09 14:37:00,1791571020,USAR,12.608200073242188,12.608200073242188,12.600000381469727,12.604999542236328,4290
2026-10-09 14:38:00,1791571080,USAR,12.606499671936035,12.606499671936035,12.59000015258789,12.600099563598633,25750
2026-10-09 14:39:00,1791571140,USAR,12.60200023651123,12.604999542236328,12.59000015258789,12.600000381469727,9229
2026-10-09 14:40:00,1791571200,USAR,12.600000381469727,12.609999656677246,12.595000267028809,12.607999801635742,11192
2026-10-09 14:41:00,1791571260,USAR,12.604999542236328,12.609999656677246,12.600000381469727,12.600000381469727,6947
2026-10-09 14:42:00,1791571320,USAR,12.604999542236328,12.609299659729004,12.59000015258789,12.59000015258789,12226
2026-10-09 14:43:00,1791571380,USAR,12.595000267028809,12.600000381469727,12.585000038146973,12.59000015258789,45211
2026-10-09 14:44:00,1791571440,USAR,12.585000038146973,12.589900016784668,12.580100059509277,12.585000038146973,9108
2026-10-09 14:45:00,1791571500,USAR,12.585000038146973,12.599900245666504,12.574999809265137,12.599900245666504,23352
2026-10-09 14:46:00,1791571560,USAR,12.595000267028809,12.635000228881836,12.595000267028809,12.62969970703125,21147
2026-10-09 14:47:00,1791571620,USAR,12.614999771118164,12.63010025024414,12.604999542236328,12.609999656677246,28127
2026-10-09 14:48:00,1791571680,USAR,12.604999542236328,12.639900207519531,12.595000267028809,12.619999885559082,10867
2026-10-09 14:49:00,1791571740,USAR,12.617300033569336,12.65999984741211,12.614999771118164,12.65999984741211,44559
2026-10-09 14:50:00,1791571800,USAR,12.654999732971191,12.679900169372559,12.649999618530273,12.673700332641602,24020
2026-10-09 14:51:00,1791571860,USAR,12.670299530029297,12.675000190734863,12.654999732971191,12.657999992370605,17292
2026-10-09 14:52:00,1791571920,USAR,12.654999732971191,12.654999732971191,12.64009952545166,12.64009952545166,11949
