timestamp_et,epoch,ticker,open,high,low,close,volume
2026-09-25 09:30:00,1790343000,WRB,67.16000366210938,67.27999877929688,67.05999755859375,67.06999969482422,0
2026-09-25 09:31:00,1790343060,WRB,67.26000213623047,67.26000213623047,67.26000213623047,67.26000213623047,233
2026-09-25 09:32:00,1790343120,WRB,67.08999633789062,67.25,67.04000091552734,67.25,565
2026-09-25 09:33:00,1790343180,WRB,67.25499725341797,67.25499725341797,67.25499725341797,67.25499725341797,270
2026-09-25 09:34:00,1790343240,WRB,67.25,67.25,66.9000015258789,66.9000015258789,1604
2026-09-25 09:35:00,1790343300,WRB,66.80999755859375,66.80999755859375,66.77999877929688,66.77999877929688,7861
2026-09-25 09:36:00,1790343360,WRB,66.95850372314453,66.95850372314453,66.87999725341797,66.87999725341797,2541
2026-09-25 09:37:00,1790343420,WRB,66.94000244140625,66.94000244140625,66.83000183105469,66.83000183105469,1033
2026-09-25 09:38:00,1790343480,WRB,66.91000366210938,66.93000030517578,66.87000274658203,66.9000015258789,2173
2026-09-25 09:39:00,1790343540,WRB,66.83000183105469,66.95999908447266,66.83000183105469,66.87000274658203,2470
2026-09-25 09:40:00,1790343600,WRB,66.8499984741211,66.8499984741211,66.82499694824219,66.82499694824219,1232
2026-09-25 09:41:00,1790343660,WRB,66.81500244140625,66.87879943847656,66.81500244140625,66.87879943847656,1574
2026-09-25 09:42:00,1790343720,WRB,66.94000244140625,66.94000244140625,66.92500305175781,66.92500305175781,969
2026-09-25 09:43:00,1790343780,WRB,66.9000015258789,66.9000015258789,66.9000015258789,66.9000015258789,446
2026-09-25 09:45:00,1790343900,WRB,66.86000061035156,66.86000061035156,66.79000091552734,66.8499984741211,5128
2026-09-25 09:46:00,1790343960,WRB,66.83000183105469,66.83000183105469,66.81500244140625,66.81500244140625,796
2026-09-25 09:47:00,1790344020,WRB,66.81999969482422,66.81999969482422,66.81999969482422,66.81999969482422,716
2026-09-25 09:48:00,1790344080,WRB,66.77999877929688,66.77999877929688,66.7699966430664,66.77999877929688,763
2026-09-25 09:49:00,1790344140,WRB,66.75,66.75,66.69999694824219,66.7249984741211,4714
2026-09-25 09:50:00,1790344200,WRB,66.7249984741211,66.80000305175781,66.7249984741211,66.76499938964844,2650
2026-09-25 09:52:00,1790344320,WRB,66.7251968383789,66.75,66.72000122070312,66.72000122070312,1357
2026-09-25 09:53:00,1790344380,WRB,66.69000244140625,66.69000244140625,66.60009765625,66.60009765625,714
2026-09-25 09:54:00,1790344440,WRB,66.65499877929688,66.65499877929688,66.63500213623047,66.63500213623047,760
2026-09-25 09:55:00,1790344500,WRB,66.63999938964844,66.63999938964844,66.63999938964844,66.63999938964844,466
2026-09-25 09:56:00,1790344560,WRB,66.62000274658203,66.625,66.5999984741211,66.625,1250
2026-09-25 09:58:00,1790344680,WRB,66.62000274658203,66.62000274658203,66.62000274658203,66.62000274658203,113
2026-09-25 09:59:00,1790344740,WRB,66.6500015258789,66.6500015258789,66.58999633789062,66.6001968383789,2741
2026-09-25 10:01:00,1790344860,WRB,66.59500122070312,66.62999725341797,66.59500122070312,66.61000061035156,1065
2026-09-25 10:02:00,1790344920,WRB,66.5999984741211,66.5999984741211,66.5199966430664,66.55999755859375,6245
2026-09-25 10:03:00,1790344980,WRB,66.62000274658203,66.62000274658203,66.62000274658203,66.62000274658203,307
2026-09-25 10:04:00,1790345040,WRB,66.58000183105469,66.58000183105469,66.55000305175781,66.55000305175781,1053
2026-09-25 10:05:00,1790345100,WRB,66.55000305175781,66.56999969482422,66.4800033569336,66.4800033569336,3288
2026-09-25 10:06:00,1790345160,WRB,66.4749984741211,66.4749984741211,66.37999725341797,66.37999725341797,3106
2026-09-25 10:07:00,1790345220,WRB,66.41500091552734,66.41999816894531,66.41500091552734,66.41999816894531,622
2026-09-25 10:08:00,1790345280,WRB,66.45999908447266,66.45999908447266,66.41999816894531,66.41999816894531,3071
2026-09-25 10:09:00,1790345340,WRB,66.37000274658203,66.41000366210938,66.33999633789062,66.41000366210938,2516
2026-09-25 10:10:00,1790345400,WRB,66.40499877929688,66.43000030517578,66.37000274658203,66.43000030517578,1055
2026-09-25 10:11:00,1790345460,WRB,66.41000366210938,66.44999694824219,66.37000274658203,66.37000274658203,4442
2026-09-25 10:12:00,1790345520,WRB,66.33000183105469,66.3499984741211,66.31999969482422,66.3499984741211,893
2026-09-25 10:13:00,1790345580,WRB,66.38999938964844,66.38999938964844,66.37999725341797,66.37999725341797,1222
2026-09-25 10:14:00,1790345640,WRB,66.43000030517578,66.55000305175781,66.43000030517578,66.55000305175781,2772
2026-09-25 10:15:00,1790345700,WRB,66.56999969482422,66.58999633789062,66.5199966430664,66.54000091552734,3481
2026-09-25 10:16:00,1790345760,WRB,66.51000213623047,66.52999877929688,66.51000213623047,66.52999877929688,1020
2026-09-25 10:17:00,1790345820,WRB,66.54000091552734,66.5999984741211,66.54000091552734,66.58999633789062,4850
2026-09-25 10:18:00,1790345880,WRB,66.55000305175781,66.55999755859375,66.5,66.55999755859375,5764
2026-09-25 10:19:00,1790345940,WRB,66.56999969482422,66.61499786376953,66.54000091552734,66.54000091552734,5028
2026-09-25 10:20:00,1790346000,WRB,66.56999969482422,66.66999816894531,66.56999969482422,66.62000274658203,4462
2026-09-25 10:21:00,1790346060,WRB,66.62000274658203,66.6500015258789,66.62000274658203,66.62000274658203,1469
2026-09-25 10:22:00,1790346120,WRB,66.61499786376953,66.62999725341797,66.61000061035156,66.62999725341797,1189
2026-09-25 10:23:00,1790346180,WRB,66.62149810791016,66.6500015258789,66.62000274658203,66.62999725341797,4800
2026-09-25 10:24:00,1790346240,WRB,66.63500213623047,66.68000030517578,66.58499908447266,66.62999725341797,8352
2026-09-25 10:25:00,1790346300,WRB,66.62999725341797,66.62999725341797,66.59929656982422,66.61499786376953,3770
2026-09-25 10:26:00,1790346360,WRB,66.6449966430664,66.6449966430664,66.61499786376953,66.61499786376953,3694
2026-09-25 10:27:00,1790346420,WRB,66.5999984741211,66.61000061035156,66.58999633789062,66.61000061035156,1564
2026-09-25 10:28:00,1790346480,WRB,66.5999984741211,66.61509704589844,66.56999969482422,66.56999969482422,2696
2026-09-25 10:29:00,1790346540,WRB,66.5999984741211,66.65082550048828,66.5999984741211,66.65082550048828,3819
2026-09-25 10:30:00,1790346600,WRB,66.63999938964844,66.63999938964844,66.58000183105469,66.59500122070312,4301
2026-09-25 10:31:00,1790346660,WRB,66.59500122070312,66.62000274658203,66.55999755859375,66.56500244140625,9132
2026-09-25 10:32:00,1790346720,WRB,66.56999969482422,66.56999969482422,66.55500030517578,66.56999969482422,4081
2026-09-25 10:33:00,1790346780,WRB,66.56999969482422,66.56999969482422,66.5199966430664,66.5199966430664,3550
2026-09-25 10:34:00,1790346840,WRB,66.51000213623047,66.52999877929688,66.49500274658203,66.5020980834961,9870
2026-09-25 10:35:00,1790346900,WRB,66.51000213623047,66.51499938964844,66.48500061035156,66.51499938964844,17800
2026-09-25 10:36:00,1790346960,WRB,66.51000213623047,66.52999877929688,66.51000213623047,66.5199966430664,6309
2026-09-25 10:37:00,1790347020,WRB,66.5199966430664,66.55000305175781,66.51000213623047,66.55000305175781,10791
2026-09-25 10:38:00,1790347080,WRB,66.55999755859375,66.55999755859375,66.54000091552734,66.54000091552734,5730
2026-09-25 10:39:00,1790347140,WRB,66.5199966430664,66.52999877929688,66.5,66.52999877929688,6123
2026-09-25 10:40:00,1790347200,WRB,66.52999877929688,66.58999633789062,66.52999877929688,66.56999969482422,3955
2026-09-25 10:41:00,1790347260,WRB,66.56649780273438,66.61000061035156,66.55999755859375,66.58000183105469,5314
2026-09-25 10:42:00,1790347320,WRB,66.58999633789062,66.5999984741211,66.56999969482422,66.59500122070312,3154
2026-09-25 10:43:00,1790347380,WRB,66.61000061035156,66.66000366210938,66.61000061035156,66.66000366210938,4192
2026-09-25 10:44:00,1790347440,WRB,66.63999938964844,66.63999938964844,66.62000274658203,66.62000274658203,2485
2026-09-25 10:45:00,1790347500,WRB,66.61000061035156,66.61499786376953,66.59500122070312,66.61499786376953,3687
2026-09-25 10:46:00,1790347560,WRB,66.60982513427734,66.63999938964844,66.58999633789062,66.63999938964844,8585
2026-09-25 10:47:00,1790347620,WRB,66.66000366210938,66.69000244140625,66.66000366210938,66.67500305175781,5507
2026-09-25 10:48:00,1790347680,WRB,66.6500015258789,66.66000366210938,66.61499786376953,66.62000274658203,3776
2026-09-25 10:49:00,1790347740,WRB,66.61499786376953,66.63999938964844,66.61499786376953,66.63999938964844,5167
2026-09-25 10:50:00,1790347800,WRB,66.63999938964844,66.63999938964844,66.63999938964844,66.63999938964844,560
2026-09-25 10:51:00,1790347860,WRB,66.6500015258789,66.6500015258789,66.59500122070312,66.5999984741211,5266
2026-09-25 10:52:00,1790347920,WRB,66.58999633789062,66.63999938964844,66.58000183105469,66.63999938964844,6908
2026-09-25 10:53:00,1790347980,WRB,66.63999938964844,66.63999938964844,66.62999725341797,66.62999725341797,2883
2026-09-25 10:54:00,1790348040,WRB,66.63500213623047,66.66000366210938,66.63500213623047,66.63999938964844,6631
2026-09-25 10:55:00,1790348100,WRB,66.63999938964844,66.63999938964844,66.61000061035156,66.61000061035156,5511
2026-09-25 10:56:00,1790348160,WRB,66.58999633789062,66.58999633789062,66.55999755859375,66.56500244140625,9059
2026-09-25 10:57:00,1790348220,WRB,66.55000305175781,66.55000305175781,66.52999877929688,66.55000305175781,2375
2026-09-25 10:58:00,1790348280,WRB,66.53009796142578,66.53009796142578,66.44000244140625,66.48999786376953,36386
2026-09-25 10:59:00,1790348340,WRB,66.4800033569336,66.48999786376953,66.47000122070312,66.48999786376953,6084
2026-09-25 11:00:00,1790348400,WRB,66.48999786376953,66.52999877929688,66.48999786376953,66.5199966430664,6079
2026-09-25 11:01:00,1790348460,WRB,66.51412963867188,66.54000091552734,66.49500274658203,66.54000091552734,5883
2026-09-25 11:02:00,1790348520,WRB,66.55000305175781,66.55000305175781,66.54000091552734,66.54000091552734,1462
2026-09-25 11:03:00,1790348580,WRB,66.51000213623047,66.55000305175781,66.51000213623047,66.55000305175781,693
2026-09-25 11:04:00,1790348640,WRB,66.52999877929688,66.54000091552734,66.51000213623047,66.54000091552734,1299
2026-09-25 11:05:00,1790348700,WRB,66.54000091552734,66.56999969482422,66.52999877929688,66.56999969482422,4852
2026-09-25 11:06:00,1790348760,WRB,66.55999755859375,66.55999755859375,66.535400390625,66.535400390625,1695
2026-09-25 11:07:00,1790348820,WRB,66.56999969482422,66.58000183105469,66.5199966430664,66.52999877929688,7789
2026-09-25 11:08:00,1790348880,WRB,66.5199966430664,66.5199966430664,66.43000030517578,66.45500183105469,15419
2026-09-25 11:09:00,1790348940,WRB,66.4749984741211,66.5,66.4749984741211,66.48500061035156,2413
2026-09-25 11:10:00,1790349000,WRB,66.48500061035156,66.48500061035156,66.41999816894531,66.44280242919922,3035
2026-09-25 11:11:00,1790349060,WRB,66.41999816894531,66.41999816894531,66.36000061035156,66.375,6504
2026-09-25 11:12:00,1790349120,WRB,66.37000274658203,66.38999938964844,66.36000061035156,66.38999938964844,3819
2026-09-25 11:13:00,1790349180,WRB,66.41000366210938,66.44999694824219,66.4000015258789,66.44999694824219,2461
2026-09-25 11:14:00,1790349240,WRB,66.41999816894531,66.41999816894531,66.41999816894531,66.41999816894531,886
2026-09-25 11:15:00,1790349300,WRB,66.43000030517578,66.43000030517578,66.37999725341797,66.4000015258789,5317
2026-09-25 11:16:00,1790349360,WRB,66.38999938964844,66.43000030517578,66.37999725341797,66.43000030517578,2106
2026-09-25 11:17:00,1790349420,WRB,66.43000030517578,66.46499633789062,66.43000030517578,66.46499633789062,2489
2026-09-25 11:18:00,1790349480,WRB,66.4800033569336,66.5,66.47000122070312,66.47000122070312,3516
2026-09-25 11:19:00,1790349540,WRB,66.45999908447266,66.45999908447266,66.44999694824219,66.44999694824219,1815
2026-09-25 11:20:00,1790349600,WRB,66.46499633789062,66.61000061035156,66.45999908447266,66.59500122070312,8635
2026-09-25 11:21:00,1790349660,WRB,66.56999969482422,66.5999984741211,66.56999969482422,66.58499908447266,2427
2026-09-25 11:22:00,1790349720,WRB,66.5999984741211,66.63500213623047,66.5999984741211,66.63500213623047,3798
2026-09-25 11:23:00,1790349780,WRB,66.5999984741211,66.61000061035156,66.5999984741211,66.61000061035156,1705
2026-09-25 11:24:00,1790349840,WRB,66.6050033569336,66.6050033569336,66.58000183105469,66.59500122070312,2852
2026-09-25 11:25:00,1790349900,WRB,66.58999633789062,66.59500122070312,66.55999755859375,66.55999755859375,6761
2026-09-25 11:26:00,1790349960,WRB,66.56999969482422,66.56999969482422,66.56999969482422,66.56999969482422,550
2026-09-25 11:27:00,1790350020,WRB,66.56999969482422,66.58999633789062,66.56999969482422,66.58999633789062,2201
2026-09-25 11:28:00,1790350080,WRB,66.58999633789062,66.58999633789062,66.58000183105469,66.58999633789062,2919
2026-09-25 11:29:00,1790350140,WRB,66.58000183105469,66.58999633789062,66.55999755859375,66.55999755859375,3146
2026-09-25 11:30:00,1790350200,WRB,66.58999633789062,66.63999938964844,66.58999633789062,66.63999938964844,5394
2026-09-25 11:31:00,1790350260,WRB,66.62999725341797,66.63999938964844,66.62999725341797,66.63999938964844,4678
2026-09-25 11:32:00,1790350320,WRB,66.63999938964844,66.63999938964844,66.63999938964844,66.63999938964844,789
2026-09-25 11:33:00,1790350380,WRB,66.63999938964844,66.69000244140625,66.63999938964844,66.68000030517578,6345
2026-09-25 11:34:00,1790350440,WRB,66.68000030517578,66.69000244140625,66.66000366210938,66.68000030517578,5125
2026-09-25 11:35:00,1790350500,WRB,66.66000366210938,66.66000366210938,66.61499786376953,66.6500015258789,6272
2026-09-25 11:36:00,1790350560,WRB,66.66500091552734,66.70999908447266,66.66500091552734,66.70999908447266,3464
2026-09-25 11:37:00,1790350620,WRB,66.72000122070312,66.73999786376953,66.71499633789062,66.71499633789062,1742
2026-09-25 11:38:00,1790350680,WRB,66.69000244140625,66.69000244140625,66.67500305175781,66.68000030517578,3028
2026-09-25 11:39:00,1790350740,WRB,66.69000244140625,66.69000244140625,66.66000366210938,66.66000366210938,718
2026-09-25 11:40:00,1790350800,WRB,66.66999816894531,66.66999816894531,66.61000061035156,66.61000061035156,3059
2026-09-25 11:41:00,1790350860,WRB,66.625,66.625,66.58000183105469,66.60009765625,3330
2026-09-25 11:42:00,1790350920,WRB,66.5999984741211,66.65499877929688,66.5999984741211,66.61000061035156,3722
2026-09-25 11:43:00,1790350980,WRB,66.61499786376953,66.61499786376953,66.58999633789062,66.61000061035156,6317
2026-09-25 11:44:00,1790351040,WRB,66.58999633789062,66.61000061035156,66.58999633789062,66.5999984741211,2226
2026-09-25 11:45:00,1790351100,WRB,66.61000061035156,66.63999938964844,66.61000061035156,66.63999938964844,2054
2026-09-25 11:46:00,1790351160,WRB,66.6449966430664,66.73999786376953,66.6449966430664,66.73999786376953,12711
2026-09-25 11:47:00,1790351220,WRB,66.7750015258789,66.7750015258789,66.76000213623047,66.76000213623047,1285
2026-09-25 11:48:00,1790351280,WRB,66.7699966430664,66.7699966430664,66.73999786376953,66.75,3579
2026-09-25 11:49:00,1790351340,WRB,66.75,66.7699966430664,66.73999786376953,66.7699966430664,2021
2026-09-25 11:50:00,1790351400,WRB,66.76499938964844,66.7699966430664,66.75,66.75,1923
2026-09-25 11:51:00,1790351460,WRB,66.7699966430664,66.79000091552734,66.7699966430664,66.79000091552734,1270
2026-09-25 11:52:00,1790351520,WRB,66.7750015258789,66.80000305175781,66.75,66.80000305175781,4140
2026-09-25 11:53:00,1790351580,WRB,66.81999969482422,66.81999969482422,66.77999877929688,66.79000091552734,1961
2026-09-25 11:54:00,1790351640,WRB,66.79000091552734,66.79000091552734,66.79000091552734,66.79000091552734,854
2026-09-25 11:55:00,1790351700,WRB,66.79000091552734,66.81500244140625,66.79000091552734,66.80000305175781,2790
2026-09-25 11:56:00,1790351760,WRB,66.80500030517578,66.80500030517578,66.76000213623047,66.79000091552734,2929
2026-09-25 11:57:00,1790351820,WRB,66.7750015258789,66.80000305175781,66.76000213623047,66.80000305175781,3547
2026-09-25 11:58:00,1790351880,WRB,66.79000091552734,66.80000305175781,66.77999877929688,66.79000091552734,2694
2026-09-25 11:59:00,1790351940,WRB,66.79000091552734,66.79000091552734,66.7699966430664,66.7699966430664,3140
2026-09-25 12:00:00,1790352000,WRB,66.80999755859375,66.83000183105469,66.80999755859375,66.81999969482422,3543
2026-09-25 12:01:00,1790352060,WRB,66.81999969482422,66.87000274658203,66.81999969482422,66.83999633789062,5095
2026-09-25 12:02:00,1790352120,WRB,66.83000183105469,66.83999633789062,66.83000183105469,66.83999633789062,1222
2026-09-25 12:03:00,1790352180,WRB,66.84500122070312,66.86000061035156,66.83000183105469,66.86000061035156,2507
2026-09-25 12:04:00,1790352240,WRB,66.86000061035156,66.86000061035156,66.83999633789062,66.84500122070312,1679
2026-09-25 12:05:00,1790352300,WRB,66.83999633789062,66.83999633789062,66.80999755859375,66.82499694824219,5256
2026-09-25 12:06:00,1790352360,WRB,66.82499694824219,66.83999633789062,66.80999755859375,66.83999633789062,5846
2026-09-25 12:07:00,1790352420,WRB,66.8550033569336,66.87000274658203,66.8499984741211,66.8499984741211,3808
2026-09-25 12:08:00,1790352480,WRB,66.8550033569336,66.9000015258789,66.83999633789062,66.9000015258789,3026
2026-09-25 12:09:00,1790352540,WRB,66.9000015258789,66.9000015258789,66.87000274658203,66.87000274658203,4278
2026-09-25 12:10:00,1790352600,WRB,66.87999725341797,66.9000015258789,66.87999725341797,66.8949966430664,1092
2026-09-25 12:11:00,1790352660,WRB,66.8949966430664,66.8949966430664,66.88999938964844,66.8949966430664,2014
2026-09-25 12:12:00,1790352720,WRB,66.90989685058594,66.95999908447266,66.8949966430664,66.94999694824219,4443
2026-09-25 12:13:00,1790352780,WRB,66.94999694824219,66.95999908447266,66.94999694824219,66.94999694824219,903
2026-09-25 12:14:00,1790352840,WRB,66.93000030517578,66.93000030517578,66.93000030517578,66.93000030517578,1125
2026-09-25 12:15:00,1790352900,WRB,66.93000030517578,66.93000030517578,66.87000274658203,66.88500213623047,4448
2026-09-25 12:16:00,1790352960,WRB,66.87999725341797,66.8949966430664,66.87000274658203,66.8949966430664,5058
2026-09-25 12:17:00,1790353020,WRB,66.91000366210938,66.94000244140625,66.91000366210938,66.91999816894531,2365
2026-09-25 12:18:00,1790353080,WRB,66.9000015258789,66.9000015258789,66.88999938964844,66.88999938964844,2307
2026-09-25 12:20:00,1790353200,WRB,66.88999938964844,66.91000366210938,66.88500213623047,66.90499877929688,3203
2026-09-25 12:21:00,1790353260,WRB,66.88999938964844,66.9000015258789,66.88999938964844,66.9000015258789,815
2026-09-25 12:22:00,1790353320,WRB,66.91999816894531,66.94000244140625,66.9000015258789,66.9000015258789,2542
2026-09-25 12:23:00,1790353380,WRB,66.9000015258789,66.9000015258789,66.9000015258789,66.9000015258789,527
2026-09-25 12:24:00,1790353440,WRB,66.9000015258789,66.92500305175781,66.9000015258789,66.92500305175781,4188
2026-09-25 12:25:00,1790353500,WRB,66.9000015258789,66.9000015258789,66.87999725341797,66.87999725341797,1596
2026-09-25 12:26:00,1790353560,WRB,66.87999725341797,66.87999725341797,66.8499984741211,66.86000061035156,5577
2026-09-25 12:27:00,1790353620,WRB,66.83999633789062,66.83999633789062,66.83000183105469,66.83251953125,2247
2026-09-25 12:29:00,1790353740,WRB,66.80999755859375,66.80999755859375,66.7300033569336,66.76000213623047,9146
2026-09-25 12:30:00,1790353800,WRB,66.78500366210938,66.78500366210938,66.73999786376953,66.73999786376953,1193
2026-09-25 12:31:00,1790353860,WRB,66.73999786376953,66.73999786376953,66.69999694824219,66.69999694824219,4290
2026-09-25 12:32:00,1790353920,WRB,66.70999908447266,66.70999908447266,66.68000030517578,66.69000244140625,1824
2026-09-25 12:33:00,1790353980,WRB,66.68000030517578,66.68000030517578,66.66000366210938,66.66000366210938,1024
2026-09-25 12:34:00,1790354040,WRB,66.66000366210938,66.66999816894531,66.61499786376953,66.66500091552734,6106
2026-09-25 12:35:00,1790354100,WRB,66.69000244140625,66.7300033569336,66.69000244140625,66.7300033569336,1436
2026-09-25 12:36:00,1790354160,WRB,66.7249984741211,66.80999755859375,66.7249984741211,66.80999755859375,4494
2026-09-25 12:37:00,1790354220,WRB,66.79000091552734,66.79000091552734,66.77999877929688,66.77999877929688,784
2026-09-25 12:38:00,1790354280,WRB,66.7750015258789,66.81999969482422,66.7699966430664,66.81999969482422,3691
2026-09-25 12:40:00,1790354400,WRB,66.81999969482422,66.83999633789062,66.81999969482422,66.83999633789062,2770
2026-09-25 12:41:00,1790354460,WRB,66.83000183105469,66.87999725341797,66.83000183105469,66.87999725341797,2080
2026-09-25 12:42:00,1790354520,WRB,66.87999725341797,66.87999725341797,66.87000274658203,66.875,1206
2026-09-25 12:43:00,1790354580,WRB,66.86000061035156,66.87000274658203,66.8499984741211,66.87000274658203,3373
2026-09-25 12:44:00,1790354640,WRB,66.87999725341797,66.88999938964844,66.8550033569336,66.8550033569336,1669
2026-09-25 12:45:00,1790354700,WRB,66.83999633789062,66.84500122070312,66.81999969482422,66.81999969482422,3150
2026-09-25 12:46:00,1790354760,WRB,66.80999755859375,66.80999755859375,66.7750015258789,66.80999755859375,4064
2026-09-25 12:47:00,1790354820,WRB,66.80000305175781,66.81990051269531,66.80000305175781,66.81990051269531,2044
2026-09-25 12:48:00,1790354880,WRB,66.77999877929688,66.77999877929688,66.75,66.7699966430664,3442
2026-09-25 12:49:00,1790354940,WRB,66.76499938964844,66.76499938964844,66.73999786376953,66.73999786376953,1239
2026-09-25 12:50:00,1790355000,WRB,66.73999786376953,66.75499725341797,66.73999786376953,66.75499725341797,888
2026-09-25 12:51:00,1790355060,WRB,66.73999786376953,66.73999786376953,66.72000122070312,66.72000122070312,1565
2026-09-25 12:52:00,1790355120,WRB,66.72000122070312,66.72000122070312,66.69999694824219,66.70500183105469,3392
2026-09-25 12:53:00,1790355180,WRB,66.70500183105469,66.77989959716797,66.70500183105469,66.72000122070312,15167
2026-09-25 12:54:00,1790355240,WRB,66.7490005493164,66.77999877929688,66.7490005493164,66.7699966430664,1084
2026-09-25 12:55:00,1790355300,WRB,66.7750015258789,66.7750015258789,66.76000213623047,66.76000213623047,1685
2026-09-25 12:56:00,1790355360,WRB,66.7699966430664,66.80999755859375,66.76000213623047,66.80500030517578,5363
2026-09-25 12:57:00,1790355420,WRB,66.80500030517578,66.80500030517578,66.80500030517578,66.80500030517578,796
2026-09-25 12:58:00,1790355480,WRB,66.80500030517578,66.82499694824219,66.80500030517578,66.81999969482422,1913
2026-09-25 12:59:00,1790355540,WRB,66.81999969482422,66.81999969482422,66.80999755859375,66.80999755859375,1280
2026-09-25 13:00:00,1790355600,WRB,66.80999755859375,66.80999755859375,66.79000091552734,66.80500030517578,1698
2026-09-25 13:01:00,1790355660,WRB,66.79000091552734,66.80000305175781,66.79000091552734,66.80000305175781,2476
2026-09-25 13:02:00,1790355720,WRB,66.80999755859375,66.80999755859375,66.7300033569336,66.74500274658203,5560
2026-09-25 13:03:00,1790355780,WRB,66.7300033569336,66.73500061035156,66.69999694824219,66.69999694824219,1965
2026-09-25 13:04:00,1790355840,WRB,66.70500183105469,66.7300033569336,66.69999694824219,66.7249984741211,2116
2026-09-25 13:06:00,1790355960,WRB,66.7249984741211,66.7249984741211,66.69000244140625,66.70999908447266,2624
2026-09-25 13:07:00,1790356020,WRB,66.69999694824219,66.70999908447266,66.69999694824219,66.70999908447266,337
2026-09-25 13:08:00,1790356080,WRB,66.69999694824219,66.69999694824219,66.63999938964844,66.63999938964844,2768
2026-09-25 13:09:00,1790356140,WRB,66.668701171875,66.69000244140625,66.63999938964844,66.6500015258789,21920
2026-09-25 13:10:00,1790356200,WRB,66.66999816894531,66.73999786376953,66.66999816894531,66.7300033569336,10764
2026-09-25 13:11:00,1790356260,WRB,66.73999786376953,66.74500274658203,66.70999908447266,66.72000122070312,3314
2026-09-25 13:12:00,1790356320,WRB,66.69999694824219,66.69999694824219,66.67500305175781,66.69499969482422,4095
2026-09-25 13:13:00,1790356380,WRB,66.70999908447266,66.75,66.70999908447266,66.73999786376953,1934
2026-09-25 13:14:00,1790356440,WRB,66.7300033569336,66.7300033569336,66.71499633789062,66.71499633789062,1638
2026-09-25 13:15:00,1790356500,WRB,66.7249984741211,66.75,66.7249984741211,66.7300033569336,3034
2026-09-25 13:16:00,1790356560,WRB,66.72000122070312,66.72000122070312,66.68000030517578,66.69499969482422,5256
2026-09-25 13:17:00,1790356620,WRB,66.69000244140625,66.69474029541016,66.68000030517578,66.68000030517578,948
2026-09-25 13:18:00,1790356680,WRB,66.68000030517578,66.7300033569336,66.68000030517578,66.7249984741211,2979
2026-09-25 13:19:00,1790356740,WRB,66.73500061035156,66.73500061035156,66.70999908447266,66.70999908447266,2249
2026-09-25 13:20:00,1790356800,WRB,66.71499633789062,66.71499633789062,66.69000244140625,66.69000244140625,3457
2026-09-25 13:21:00,1790356860,WRB,66.69999694824219,66.70999908447266,66.69000244140625,66.69000244140625,2193
2026-09-25 13:22:00,1790356920,WRB,66.69000244140625,66.69000244140625,66.68499755859375,66.68499755859375,953
2026-09-25 13:23:00,1790356980,WRB,66.68499755859375,66.71099853515625,66.68499755859375,66.71099853515625,2366
2026-09-25 13:24:00,1790357040,WRB,66.71499633789062,66.72000122070312,66.70999908447266,66.72000122070312,1374
2026-09-25 13:25:00,1790357100,WRB,66.7249984741211,66.7249984741211,66.7249984741211,66.7249984741211,2033
2026-09-25 13:26:00,1790357160,WRB,66.73999786376953,66.75499725341797,66.73999786376953,66.73999786376953,2904
2026-09-25 13:27:00,1790357220,WRB,66.7300033569336,66.7300033569336,66.70999908447266,66.70999908447266,704
2026-09-25 13:28:00,1790357280,WRB,66.71499633789062,66.7249984741211,66.71499633789062,66.7249984741211,1286
2026-09-25 13:29:00,1790357340,WRB,66.70999908447266,66.7249984741211,66.70999908447266,66.7249984741211,1654
2026-09-25 13:30:00,1790357400,WRB,66.7249984741211,66.7249984741211,66.7249984741211,66.7249984741211,995
2026-09-25 13:31:00,1790357460,WRB,66.7249984741211,66.73999786376953,66.72000122070312,66.72000122070312,953
2026-09-25 13:32:00,1790357520,WRB,66.73500061035156,66.77999877929688,66.73500061035156,66.7699966430664,2883
2026-09-25 13:33:00,1790357580,WRB,66.75,66.75499725341797,66.73500061035156,66.75,3169
2026-09-25 13:34:00,1790357640,WRB,66.73999786376953,66.75499725341797,66.7300033569336,66.73500061035156,2962
2026-09-25 13:35:00,1790357700,WRB,66.73999786376953,66.73999786376953,66.69000244140625,66.69000244140625,2462
2026-09-25 13:36:00,1790357760,WRB,66.69000244140625,66.69499969482422,66.68000030517578,66.68000030517578,1290
2026-09-25 13:37:00,1790357820,WRB,66.69499969482422,66.7300033569336,66.69499969482422,66.7300033569336,2885
2026-09-25 13:38:00,1790357880,WRB,66.7249984741211,66.7249984741211,66.70999908447266,66.70999908447266,1576
2026-09-25 13:39:00,1790357940,WRB,66.7300033569336,66.73999786376953,66.72000122070312,66.7300033569336,8312
2026-09-25 13:40:00,1790358000,WRB,66.73999786376953,66.77999877929688,66.73999786376953,66.77999877929688,1272
2026-09-25 13:41:00,1790358060,WRB,66.77999877929688,66.80000305175781,66.7699966430664,66.80000305175781,4993
2026-09-25 13:42:00,1790358120,WRB,66.79000091552734,66.80999755859375,66.77999877929688,66.77999877929688,3987
2026-09-25 13:43:00,1790358180,WRB,66.78500366210938,66.78500366210938,66.78500366210938,66.78500366210938,528
2026-09-25 13:44:00,1790358240,WRB,66.7699966430664,66.7699966430664,66.75,66.75,3531
2026-09-25 13:45:00,1790358300,WRB,66.75,66.75,66.73999786376953,66.73999786376953,0
2026-09-25 13:46:00,1790358360,WRB,66.73999786376953,66.76499938964844,66.73999786376953,66.76499938964844,4191
2026-09-25 13:47:00,1790358420,WRB,66.75,66.75,66.75,66.75,594
2026-09-25 13:48:00,1790358480,WRB,66.74500274658203,66.74500274658203,66.7300033569336,66.7300033569336,1972
2026-09-25 13:49:00,1790358540,WRB,66.7665023803711,66.7665023803711,66.75499725341797,66.76499938964844,1037
2026-09-25 13:50:00,1790358600,WRB,66.75,66.76499938964844,66.75,66.75,1896
2026-09-25 13:51:00,1790358660,WRB,66.75,66.75,66.75,66.75,895
2026-09-25 13:52:00,1790358720,WRB,66.74500274658203,66.74500274658203,66.73999786376953,66.74500274658203,2204
2026-09-25 13:53:00,1790358780,WRB,66.74500274658203,66.76000213623047,66.74500274658203,66.76000213623047,2086
2026-09-25 13:54:00,1790358840,WRB,66.76499938964844,66.76499938964844,66.76499938964844,66.76499938964844,319
2026-09-25 13:55:00,1790358900,WRB,66.75,66.75,66.75,66.75,3396
2026-09-25 13:56:00,1790358960,WRB,66.80999755859375,66.80999755859375,66.80999755859375,66.80999755859375,1009
2026-09-25 13:57:00,1790359020,WRB,66.80999755859375,66.80999755859375,66.80999755859375,66.80999755859375,2314
2026-09-25 13:58:00,1790359080,WRB,66.83000183105469,66.83000183105469,66.83000183105469,66.83000183105469,1523
2026-09-25 13:59:00,1790359140,WRB,66.83999633789062,66.8499984741211,66.83499908447266,66.8499984741211,2338
2026-09-25 14:00:00,1790359200,WRB,66.84140014648438,66.84140014648438,66.83999633789062,66.83999633789062,586
2026-09-25 14:01:00,1790359260,WRB,66.83999633789062,66.86000061035156,66.83000183105469,66.8499984741211,4325
2026-09-25 14:02:00,1790359320,WRB,66.8499984741211,66.8499984741211,66.83000183105469,66.83999633789062,3322
2026-09-25 14:03:00,1790359380,WRB,66.83999633789062,66.86000061035156,66.83000183105469,66.83999633789062,5392
2026-09-25 14:04:00,1790359440,WRB,66.83000183105469,66.83000183105469,66.81999969482422,66.83000183105469,1826
2026-09-25 14:05:00,1790359500,WRB,66.82499694824219,66.82499694824219,66.82499694824219,66.82499694824219,580
2026-09-25 14:06:00,1790359560,WRB,66.81999969482422,66.81999969482422,66.80000305175781,66.80999755859375,2300
2026-09-25 14:07:00,1790359620,WRB,66.80000305175781,66.80000305175781,66.7699966430664,66.7699966430664,2883
2026-09-25 14:08:00,1790359680,WRB,66.77999877929688,66.81999969482422,66.7699966430664,66.81500244140625,6322
2026-09-25 14:09:00,1790359740,WRB,66.80000305175781,66.83000183105469,66.80000305175781,66.83000183105469,1475
2026-09-25 14:10:00,1790359800,WRB,66.83000183105469,66.83999633789062,66.80999755859375,66.80999755859375,1625
2026-09-25 14:11:00,1790359860,WRB,66.80000305175781,66.80999755859375,66.80000305175781,66.80999755859375,2641
2026-09-25 14:12:00,1790359920,WRB,66.80000305175781,66.81999969482422,66.80000305175781,66.81500244140625,14332
2026-09-25 14:13:00,1790359980,WRB,66.8093032836914,66.80999755859375,66.75,66.75,4978
2026-09-25 14:14:00,1790360040,WRB,66.75499725341797,66.75499725341797,66.7300033569336,66.7300033569336,1678
2026-09-25 14:15:00,1790360100,WRB,66.7249984741211,66.74500274658203,66.70999908447266,66.74500274658203,3240
2026-09-25 14:16:00,1790360160,WRB,66.74500274658203,66.74500274658203,66.73999786376953,66.74500274658203,1790
2026-09-25 14:17:00,1790360220,WRB,66.74500274658203,66.75,66.7300033569336,66.75,1080
2026-09-25 14:18:00,1790360280,WRB,66.73999786376953,66.75,66.73999786376953,66.73999786376953,3509
2026-09-25 14:19:00,1790360340,WRB,66.75,66.75,66.75,66.75,508
2026-09-25 14:20:00,1790360400,WRB,66.73999786376953,66.74500274658203,66.73999786376953,66.74500274658203,2022
2026-09-25 14:21:00,1790360460,WRB,66.73500061035156,66.73500061035156,66.7300033569336,66.7300033569336,1894
2026-09-25 14:22:00,1790360520,WRB,66.72000122070312,66.7249984741211,66.70999908447266,66.70999908447266,2388
2026-09-25 14:23:00,1790360580,WRB,66.70999908447266,66.70999908447266,66.70500183105469,66.70999908447266,3335
2026-09-25 14:24:00,1790360640,WRB,66.72000122070312,66.7249984741211,66.72000122070312,66.72000122070312,1695
2026-09-25 14:25:00,1790360700,WRB,66.7249984741211,66.7300033569336,66.7249984741211,66.7300033569336,2109
2026-09-25 14:26:00,1790360760,WRB,66.73500061035156,66.73500061035156,66.70999908447266,66.70999908447266,5182
2026-09-25 14:27:00,1790360820,WRB,66.71499633789062,66.71499633789062,66.70999908447266,66.70999908447266,2433
2026-09-25 14:28:00,1790360880,WRB,66.69999694824219,66.69999694824219,66.69000244140625,66.69000244140625,1204
2026-09-25 14:29:00,1790360940,WRB,66.68499755859375,66.7300033569336,66.68499755859375,66.7300033569336,3456
2026-09-25 14:30:00,1790361000,WRB,66.7300033569336,66.7300033569336,66.72000122070312,66.7300033569336,3929
2026-09-25 14:31:00,1790361060,WRB,66.73999786376953,66.74500274658203,66.69999694824219,66.69999694824219,10706
2026-09-25 14:32:00,1790361120,WRB,66.69000244140625,66.69000244140625,66.68000030517578,66.68000030517578,1090
2026-09-25 14:33:00,1790361180,WRB,66.66000366210938,66.67500305175781,66.66000366210938,66.66000366210938,2615
2026-09-25 14:34:00,1790361240,WRB,66.66999816894531,66.69000244140625,66.66000366210938,66.66999816894531,5266
2026-09-25 14:35:00,1790361300,WRB,66.66000366210938,66.66000366210938,66.6500015258789,66.6500015258789,1351
2026-09-25 14:36:00,1790361360,WRB,66.6500015258789,66.66000366210938,66.63999938964844,66.6449966430664,3782
2026-09-25 14:37:00,1790361420,WRB,66.6449966430664,66.6500015258789,66.63999938964844,66.63999938964844,1558
2026-09-25 14:38:00,1790361480,WRB,66.66000366210938,66.69499969482422,66.66000366210938,66.69499969482422,6409
2026-09-25 14:39:00,1790361540,WRB,66.69499969482422,66.69499969482422,66.68000030517578,66.68000030517578,2477
2026-09-25 14:40:00,1790361600,WRB,66.68000030517578,66.69999694824219,66.68000030517578,66.69000244140625,3109
2026-09-25 14:41:00,1790361660,WRB,66.69000244140625,66.71499633789062,66.68000030517578,66.71499633789062,3198
2026-09-25 14:42:00,1790361720,WRB,66.7300033569336,66.7300033569336,66.7300033569336,66.7300033569336,1363
2026-09-25 14:43:00,1790361780,WRB,66.7300033569336,66.7300033569336,66.69999694824219,66.69999694824219,3505
2026-09-25 14:44:00,1790361840,WRB,66.69999694824219,66.71499633789062,66.69000244140625,66.69999694824219,4500
2026-09-25 14:45:00,1790361900,WRB,66.69999694824219,66.72000122070312,66.69999694824219,66.72000122070312,2313
2026-09-25 14:46:00,1790361960,WRB,66.72000122070312,66.73999786376953,66.72000122070312,66.73999786376953,1262
2026-09-25 14:47:00,1790362020,WRB,66.73999786376953,66.74500274658203,66.7300033569336,66.74500274658203,4059
2026-09-25 14:48:00,1790362080,WRB,66.75,66.75,66.74500274658203,66.74500274658203,1413
2026-09-25 14:49:00,1790362140,WRB,66.75,66.75,66.73999786376953,66.73999786376953,2141
2026-09-25 14:50:00,1790362200,WRB,66.76000213623047,66.79499816894531,66.7522964477539,66.79499816894531,4893
2026-09-25 14:51:00,1790362260,WRB,66.79499816894531,66.80999755859375,66.79000091552734,66.79000091552734,3294
2026-09-25 14:52:00,1790362320,WRB,66.79000091552734,66.79000091552734,66.7699966430664,66.7699966430664,3056
2026-09-25 14:53:00,1790362380,WRB,66.77999877929688,66.79000091552734,66.77999877929688,66.78500366210938,5154
2026-09-25 14:54:00,1790362440,WRB,66.7699966430664,66.7699966430664,66.75,66.76000213623047,3946
2026-09-25 14:56:00,1790362560,WRB,66.73999786376953,66.73999786376953,66.73500061035156,66.73999786376953,4440
2026-09-25 14:57:00,1790362620,WRB,66.7300033569336,66.7300033569336,66.7300033569336,66.7300033569336,883
2026-09-25 14:58:00,1790362680,WRB,66.73999786376953,66.76000213623047,66.73999786376953,66.76000213623047,3139
2026-09-25 14:59:00,1790362740,WRB,66.76499938964844,66.79499816894531,66.76499938964844,66.79499816894531,2782
2026-09-25 15:00:00,1790362800,WRB,66.80000305175781,66.80000305175781,66.79000091552734,66.79000091552734,2431
2026-09-25 15:01:00,1790362860,WRB,66.79000091552734,66.79000091552734,66.75,66.75,15353
2026-09-25 15:02:00,1790362920,WRB,66.75499725341797,66.75499725341797,66.72000122070312,66.7249984741211,3482
2026-09-25 15:03:00,1790362980,WRB,66.72000122070312,66.7249984741211,66.72000122070312,66.72000122070312,4788
2026-09-25 15:04:00,1790363040,WRB,66.70999908447266,66.70999908447266,66.69999694824219,66.69999694824219,3931
2026-09-25 15:05:00,1790363100,WRB,66.70999908447266,66.74500274658203,66.70999908447266,66.7300033569336,4653
2026-09-25 15:06:00,1790363160,WRB,66.7300033569336,66.7300033569336,66.7300033569336,66.7300033569336,963
2026-09-25 15:07:00,1790363220,WRB,66.73999786376953,66.76000213623047,66.73999786376953,66.74500274658203,7721
2026-09-25 15:08:00,1790363280,WRB,66.73999786376953,66.75,66.70999908447266,66.72000122070312,4972
2026-09-25 15:09:00,1790363340,WRB,66.70999908447266,66.7699966430664,66.70999908447266,66.76499938964844,4501
2026-09-25 15:10:00,1790363400,WRB,66.76499938964844,66.80000305175781,66.76499938964844,66.79000091552734,3386
2026-09-25 15:11:00,1790363460,WRB,66.78009796142578,66.80999755859375,66.77999877929688,66.79000091552734,4234
2026-09-25 15:12:00,1790363520,WRB,66.79499816894531,66.79499816894531,66.79000091552734,66.79000091552734,1475
2026-09-25 15:13:00,1790363580,WRB,66.80000305175781,66.80999755859375,66.80000305175781,66.80000305175781,3225
2026-09-25 15:14:00,1790363640,WRB,66.80999755859375,66.81999969482422,66.80999755859375,66.81500244140625,1842
2026-09-25 15:15:00,1790363700,WRB,66.81999969482422,66.81999969482422,66.80069732666016,66.80069732666016,3778
2026-09-25 15:16:00,1790363760,WRB,66.80999755859375,66.81500244140625,66.80999755859375,66.81500244140625,2759
2026-09-25 15:17:00,1790363820,WRB,66.83000183105469,66.83000183105469,66.83000183105469,66.83000183105469,1328
2026-09-25 15:18:00,1790363880,WRB,66.83999633789062,66.86000061035156,66.83499908447266,66.8550033569336,2849
2026-09-25 15:19:00,1790363940,WRB,66.8550033569336,66.86000061035156,66.83999633789062,66.86000061035156,3147
2026-09-25 15:20:00,1790364000,WRB,66.86000061035156,66.86000061035156,66.81999969482422,66.81999969482422,6910
2026-09-25 15:21:00,1790364060,WRB,66.81999969482422,66.8499984741211,66.81999969482422,66.83999633789062,6837
2026-09-25 15:22:00,1790364120,WRB,66.8499984741211,66.86000061035156,66.8499984741211,66.86000061035156,2558
2026-09-25 15:23:00,1790364180,WRB,66.8499984741211,66.8499984741211,66.8499984741211,66.8499984741211,1043
2026-09-25 15:24:00,1790364240,WRB,66.8550033569336,66.8550033569336,66.83000183105469,66.83000183105469,4092
2026-09-25 15:25:00,1790364300,WRB,66.83999633789062,66.8550033569336,66.82499694824219,66.8550033569336,7655
2026-09-25 15:26:00,1790364360,WRB,66.8550033569336,66.87000274658203,66.8550033569336,66.86900329589844,2278
2026-09-25 15:27:00,1790364420,WRB,66.86000061035156,66.86000061035156,66.83999633789062,66.8499984741211,7070
2026-09-25 15:28:00,1790364480,WRB,66.8550033569336,66.86000061035156,66.8499984741211,66.8499984741211,3776
2026-09-25 15:29:00,1790364540,WRB,66.83999633789062,66.87000274658203,66.83999633789062,66.86000061035156,7320
2026-09-25 15:30:00,1790364600,WRB,66.8550033569336,66.87999725341797,66.8499984741211,66.87999725341797,7154
2026-09-25 15:31:00,1790364660,WRB,66.875,66.89990234375,66.875,66.89990234375,4771
2026-09-25 15:32:00,1790364720,WRB,66.87999725341797,66.88999938964844,66.86000061035156,66.88999938964844,7135
2026-09-25 15:33:00,1790364780,WRB,66.9000015258789,66.9000015258789,66.88999938964844,66.88999938964844,3676
2026-09-25 15:34:00,1790364840,WRB,66.87999725341797,66.93000030517578,66.87999725341797,66.88999938964844,9432
2026-09-25 15:35:00,1790364900,WRB,66.9000015258789,66.91000366210938,66.87000274658203,66.87000274658203,7803
2026-09-25 15:36:00,1790364960,WRB,66.875,66.87999725341797,66.86000061035156,66.87999725341797,3726
2026-09-25 15:37:00,1790365020,WRB,66.88500213623047,66.91000366210938,66.87999725341797,66.9000015258789,5515
2026-09-25 15:38:00,1790365080,WRB,66.9000015258789,66.91000366210938,66.86000061035156,66.88999938964844,8024
2026-09-25 15:39:00,1790365140,WRB,66.88999938964844,66.91000366210938,66.88999938964844,66.89900207519531,4463
2026-09-25 15:40:00,1790365200,WRB,66.88999938964844,66.90499877929688,66.88999938964844,66.90499877929688,5981
2026-09-25 15:41:00,1790365260,WRB,66.90499877929688,66.94000244140625,66.9000015258789,66.94000244140625,11329
2026-09-25 15:42:00,1790365320,WRB,66.94000244140625,66.94000244140625,66.94000244140625,66.94000244140625,1411
2026-09-25 15:43:00,1790365380,WRB,66.94499969482422,66.95999908447266,66.94499969482422,66.94499969482422,4307
2026-09-25 15:44:00,1790365440,WRB,66.94499969482422,66.9800033569336,66.94000244140625,66.95500183105469,7142
2026-09-25 15:45:00,1790365500,WRB,66.94999694824219,66.98999786376953,66.93000030517578,66.93000030517578,19264
2026-09-25 15:46:00,1790365560,WRB,66.93000030517578,66.95999908447266,66.93000030517578,66.94999694824219,3309
2026-09-25 15:47:00,1790365620,WRB,66.94999694824219,66.9800033569336,66.94999694824219,66.95999908447266,5041
2026-09-25 15:48:00,1790365680,WRB,66.94999694824219,66.95999908447266,66.93499755859375,66.95999908447266,11641
2026-09-25 15:49:00,1790365740,WRB,66.94999694824219,66.95999908447266,66.9000015258789,66.94000244140625,10059
2026-09-25 15:50:00,1790365800,WRB,66.94999694824219,66.9800033569336,66.91999816894531,66.97000122070312,11331
2026-09-25 15:51:00,1790365860,WRB,66.97000122070312,67.0,66.97000122070312,66.97000122070312,8198
2026-09-25 15:52:00,1790365920,WRB,66.97000122070312,66.97000122070312,66.94000244140625,66.94000244140625,8937
2026-09-25 15:53:00,1790365980,WRB,66.94000244140625,66.95999908447266,66.93000030517578,66.95999908447266,15366
2026-09-25 15:54:00,1790366040,WRB,66.95999908447266,66.9800033569336,66.94499969482422,66.94999694824219,7009
2026-09-25 15:55:00,1790366100,WRB,66.94000244140625,66.94999694824219,66.8499984741211,66.87999725341797,39499
2026-09-25 15:56:00,1790366160,WRB,66.87999725341797,66.91999816894531,66.87000274658203,66.88999938964844,33136
2026-09-25 15:57:00,1790366220,WRB,66.88999938964844,66.9000015258789,66.8499984741211,66.8550033569336,25736
2026-09-25 15:58:00,1790366280,WRB,66.86000061035156,66.91000366210938,66.83999633789062,66.91000366210938,63373
2026-09-25 15:59:00,1790366340,WRB,66.9000015258789,66.90499877929688,66.80000305175781,66.81999969482422,98865
2026-09-25 16:00:00,1790366400,WRB,66.81999969482422,66.81999969482422,66.81999969482422,66.81999969482422,0
2026-09-28 09:30:00,1790602200,WRB,66.70999908447266,66.9800033569336,66.70999908447266,66.77999877929688,13745
2026-09-28 09:31:00,1790602260,WRB,66.44000244140625,66.44000244140625,66.30000305175781,66.4000015258789,898
2026-09-28 09:32:00,1790602320,WRB,66.41500091552734,66.41500091552734,66.4000015258789,66.4000015258789,657
2026-09-28 09:33:00,1790602380,WRB,66.26000213623047,66.45500183105469,66.26000213623047,66.45500183105469,1075
2026-09-28 09:35:00,1790602500,WRB,66.3949966430664,66.63999938964844,66.3949966430664,66.58499908447266,2051
2026-09-28 09:36:00,1790602560,WRB,66.69999694824219,66.69999694824219,66.62999725341797,66.62999725341797,2070
2026-09-28 09:37:00,1790602620,WRB,66.6449966430664,66.80000305175781,66.6449966430664,66.80000305175781,824
2026-09-28 09:38:00,1790602680,WRB,66.80000305175781,66.83000183105469,66.75,66.79000091552734,3048
2026-09-28 09:39:00,1790602740,WRB,66.7300033569336,66.77999877929688,66.63999938964844,66.63999938964844,1970
2026-09-28 09:42:00,1790602920,WRB,66.69000244140625,66.69000244140625,66.62999725341797,66.6449966430664,1614
2026-09-28 09:43:00,1790602980,WRB,66.62999725341797,66.6500015258789,66.62000274658203,66.62000274658203,1183
2026-09-28 09:44:00,1790603040,WRB,66.63500213623047,66.7249984741211,66.62999725341797,66.69000244140625,3065
2026-09-28 09:45:00,1790603100,WRB,66.69999694824219,66.69999694824219,66.69999694824219,66.69999694824219,247
2026-09-28 09:46:00,1790603160,WRB,66.6500015258789,66.69499969482422,66.6500015258789,66.69499969482422,459
2026-09-28 09:47:00,1790603220,WRB,66.66000366210938,66.74500274658203,66.66000366210938,66.69999694824219,1566
2026-09-28 09:48:00,1790603280,WRB,66.72000122070312,66.80000305175781,66.72000122070312,66.75499725341797,3734
2026-09-28 09:49:00,1790603340,WRB,66.75,66.80000305175781,66.73999786376953,66.80000305175781,845
2026-09-28 09:50:00,1790603400,WRB,66.78500366210938,66.83999633789062,66.78500366210938,66.83999633789062,2854
2026-09-28 09:51:00,1790603460,WRB,66.86000061035156,66.86000061035156,66.81999969482422,66.86000061035156,1680
2026-09-28 09:52:00,1790603520,WRB,66.8499984741211,66.8499984741211,66.81999969482422,66.81999969482422,1763
2026-09-28 09:56:00,1790603760,WRB,66.8499984741211,66.86000061035156,66.8499984741211,66.86000061035156,321
2026-09-28 09:57:00,1790603820,WRB,66.80349731445312,66.82499694824219,66.7699966430664,66.80999755859375,3046
2026-09-28 09:58:00,1790603880,WRB,66.76000213623047,66.77999877929688,66.76000213623047,66.77999877929688,1413
2026-09-28 09:59:00,1790603940,WRB,66.80999755859375,66.87999725341797,66.80999755859375,66.87999725341797,3390
2026-09-28 10:00:00,1790604000,WRB,66.8550033569336,66.8550033569336,66.80000305175781,66.81999969482422,2697
2026-09-28 10:01:00,1790604060,WRB,66.83000183105469,66.89720153808594,66.80999755859375,66.88999938964844,2599
2026-09-28 10:02:00,1790604120,WRB,66.88999938964844,66.94000244140625,66.83999633789062,66.94000244140625,9634
2026-09-28 10:03:00,1790604180,WRB,66.95999908447266,67.02999877929688,66.95999908447266,67.02999877929688,2813
2026-09-28 10:04:00,1790604240,WRB,67.0250015258789,67.0250015258789,67.0250015258789,67.0250015258789,622
2026-09-28 10:05:00,1790604300,WRB,67.02999877929688,67.05999755859375,67.02999877929688,67.05999755859375,915
2026-09-28 10:06:00,1790604360,WRB,67.08999633789062,67.0999984741211,67.0199966430664,67.0199966430664,6087
2026-09-28 10:07:00,1790604420,WRB,67.0,67.05000305175781,66.95999908447266,67.05000305175781,6391
2026-09-28 10:08:00,1790604480,WRB,67.05999755859375,67.06999969482422,67.05999755859375,67.05999755859375,1715
2026-09-28 10:09:00,1790604540,WRB,67.06999969482422,67.12000274658203,67.06999969482422,67.12000274658203,2791
2026-09-28 10:10:00,1790604600,WRB,67.12999725341797,67.12999725341797,67.12999725341797,67.12999725341797,297
2026-09-28 10:11:00,1790604660,WRB,67.1500015258789,67.16000366210938,67.12999725341797,67.12999725341797,3077
2026-09-28 10:12:00,1790604720,WRB,67.13999938964844,67.18000030517578,67.13999938964844,67.18000030517578,4164
2026-09-28 10:13:00,1790604780,WRB,67.1500015258789,67.1500015258789,67.08000183105469,67.08000183105469,2594
2026-09-28 10:14:00,1790604840,WRB,67.08999633789062,67.16000366210938,67.08999633789062,67.1449966430664,1912
2026-09-28 10:15:00,1790604900,WRB,67.15499877929688,67.16999816894531,67.12999725341797,67.16999816894531,4773
2026-09-28 10:16:00,1790604960,WRB,67.1500015258789,67.1500015258789,67.08000183105469,67.0999984741211,4527
2026-09-28 10:17:00,1790605020,WRB,67.08999633789062,67.13500213623047,67.08999633789062,67.12999725341797,1212
2026-09-28 10:18:00,1790605080,WRB,67.1500015258789,67.1500015258789,67.1500015258789,67.1500015258789,851
2026-09-28 10:19:00,1790605140,WRB,67.12000274658203,67.12000274658203,67.11000061035156,67.11000061035156,977
2026-09-28 10:20:00,1790605200,WRB,67.11000061035156,67.16999816894531,67.0999984741211,67.16999816894531,4348
2026-09-28 10:21:00,1790605260,WRB,67.1500015258789,67.16000366210938,67.11000061035156,67.12999725341797,2784
2026-09-28 10:22:00,1790605320,WRB,67.0999984741211,67.11000061035156,67.0999984741211,67.11000061035156,1078
2026-09-28 10:23:00,1790605380,WRB,67.08999633789062,67.08999633789062,67.08999633789062,67.08999633789062,1027
2026-09-28 10:24:00,1790605440,WRB,67.06999969482422,67.06999969482422,67.06999969482422,67.06999969482422,260
2026-09-28 10:25:00,1790605500,WRB,67.07499694824219,67.0999984741211,67.07499694824219,67.08000183105469,2601
2026-09-28 10:26:00,1790605560,WRB,67.08000183105469,67.13999938964844,67.08000183105469,67.13999938964844,2979
2026-09-28 10:27:00,1790605620,WRB,67.12000274658203,67.12249755859375,67.05999755859375,67.05999755859375,3549
2026-09-28 10:28:00,1790605680,WRB,67.05000305175781,67.08000183105469,67.05000305175781,67.06999969482422,1593
2026-09-28 10:29:00,1790605740,WRB,67.05999755859375,67.11000061035156,67.05999755859375,67.11000061035156,3337
2026-09-28 10:30:00,1790605800,WRB,67.08000183105469,67.08000183105469,67.06999969482422,67.06999969482422,1165
2026-09-28 10:31:00,1790605860,WRB,67.05999755859375,67.08999633789062,67.05999755859375,67.06999969482422,1343
2026-09-28 10:32:00,1790605920,WRB,67.06999969482422,67.06999969482422,67.05500030517578,67.05500030517578,1442
2026-09-28 10:33:00,1790605980,WRB,67.06999969482422,67.15499877929688,67.06999969482422,67.15499877929688,2548
2026-09-28 10:34:00,1790606040,WRB,67.15499877929688,67.15499877929688,67.13999938964844,67.1500015258789,1361
2026-09-28 10:35:00,1790606100,WRB,67.16000366210938,67.16000366210938,67.16000366210938,67.16000366210938,665
2026-09-28 10:36:00,1790606160,WRB,67.18000030517578,67.22000122070312,67.18000030517578,67.22000122070312,3068
2026-09-28 10:37:00,1790606220,WRB,67.20999908447266,67.22000122070312,67.20999908447266,67.22000122070312,1818
2026-09-28 10:38:00,1790606280,WRB,67.22000122070312,67.22000122070312,67.16999816894531,67.16999816894531,3347
2026-09-28 10:39:00,1790606340,WRB,67.16000366210938,67.16000366210938,67.16000366210938,67.16000366210938,970
2026-09-28 10:40:00,1790606400,WRB,67.13999938964844,67.14250183105469,67.08499908447266,67.11000061035156,2641
2026-09-28 10:41:00,1790606460,WRB,67.13999938964844,67.19000244140625,67.13500213623047,67.19000244140625,2340
2026-09-28 10:42:00,1790606520,WRB,67.1500015258789,67.16000366210938,67.1500015258789,67.16000366210938,989
2026-09-28 10:43:00,1790606580,WRB,67.19000244140625,67.23999786376953,67.19000244140625,67.2249984741211,6020
2026-09-28 10:44:00,1790606640,WRB,67.25,67.25,67.25,67.25,271
2026-09-28 10:45:00,1790606700,WRB,67.25509643554688,67.2699966430664,67.25,67.25,1523
2026-09-28 10:46:00,1790606760,WRB,67.23999786376953,67.23999786376953,67.19999694824219,67.2300033569336,2004
2026-09-28 10:48:00,1790606880,WRB,67.23999786376953,67.23999786376953,67.18000030517578,67.18000030517578,4656
2026-09-28 10:49:00,1790606940,WRB,67.17500305175781,67.19999694824219,67.09500122070312,67.0999984741211,9669
2026-09-28 10:50:00,1790607000,WRB,67.08999633789062,67.12000274658203,67.08000183105469,67.12000274658203,4106
2026-09-28 10:51:00,1790607060,WRB,67.11000061035156,67.11000061035156,67.08999633789062,67.08999633789062,1974
2026-09-28 10:52:00,1790607120,WRB,67.08999633789062,67.0999984741211,67.08999633789062,67.08999633789062,1875
2026-09-28 10:53:00,1790607180,WRB,67.11000061035156,67.11000061035156,67.08000183105469,67.08000183105469,1519
2026-09-28 10:54:00,1790607240,WRB,67.08499908447266,67.0999984741211,67.01000213623047,67.01000213623047,1706
2026-09-28 10:55:00,1790607300,WRB,67.01000213623047,67.01000213623047,66.94999694824219,66.95999908447266,2511
2026-09-28 10:56:00,1790607360,WRB,66.94999694824219,66.94999694824219,66.91000366210938,66.91000366210938,4499
2026-09-28 10:57:00,1790607420,WRB,66.9000015258789,66.91000366210938,66.88999938964844,66.88999938964844,1577
2026-09-28 10:58:00,1790607480,WRB,66.91999816894531,66.93000030517578,66.91999816894531,66.93000030517578,1230
2026-09-28 10:59:00,1790607540,WRB,66.90499877929688,66.90499877929688,66.90499877929688,66.90499877929688,814
2026-09-28 11:00:00,1790607600,WRB,66.91529846191406,66.9800033569336,66.9000015258789,66.9800033569336,4600
2026-09-28 11:01:00,1790607660,WRB,66.95999908447266,66.97000122070312,66.95500183105469,66.97000122070312,1697
2026-09-28 11:02:00,1790607720,WRB,66.94999694824219,66.95999908447266,66.94999694824219,66.95999908447266,1469
2026-09-28 11:03:00,1790607780,WRB,66.95500183105469,66.95500183105469,66.94000244140625,66.94000244140625,1595
2026-09-28 11:04:00,1790607840,WRB,66.95999908447266,66.97000122070312,66.94999694824219,66.94999694824219,2391
2026-09-28 11:05:00,1790607900,WRB,66.95999908447266,66.95999908447266,66.95999908447266,66.95999908447266,601
2026-09-28 11:06:00,1790607960,WRB,66.96009826660156,66.96499633789062,66.96009826660156,66.96499633789062,1810
2026-09-28 11:07:00,1790608020,WRB,66.95500183105469,66.95500183105469,66.94000244140625,66.94999694824219,3154
2026-09-28 11:08:00,1790608080,WRB,66.95999908447266,66.95999908447266,66.94000244140625,66.94999694824219,3449
2026-09-28 11:09:00,1790608140,WRB,66.97000122070312,67.01000213623047,66.97000122070312,67.0,6530
2026-09-28 11:10:00,1790608200,WRB,67.0199966430664,67.0199966430664,67.0199966430664,67.0199966430664,909
2026-09-28 11:11:00,1790608260,WRB,67.0,67.0,66.95020294189453,66.96499633789062,2271
2026-09-28 11:12:00,1790608320,WRB,66.94999694824219,66.95999908447266,66.93000030517578,66.93000030517578,2484
2026-09-28 11:13:00,1790608380,WRB,66.93000030517578,66.93000030517578,66.91999816894531,66.91999816894531,1386
2026-09-28 11:14:00,1790608440,WRB,66.93000030517578,66.93000030517578,66.92500305175781,66.92500305175781,1248
2026-09-28 11:15:00,1790608500,WRB,66.92500305175781,66.94999694824219,66.92500305175781,66.94000244140625,1907
2026-09-28 11:16:00,1790608560,WRB,66.95999908447266,66.9749984741211,66.9520034790039,66.9749984741211,2166
2026-09-28 11:17:00,1790608620,WRB,66.9749984741211,66.9749984741211,66.9749984741211,66.9749984741211,255
2026-09-28 11:18:00,1790608680,WRB,66.98500061035156,67.0250015258789,66.9800033569336,67.0250015258789,2954
2026-09-28 11:19:00,1790608740,WRB,67.02999877929688,67.02999877929688,67.02999877929688,67.02999877929688,910
2026-09-28 11:20:00,1790608800,WRB,67.02999877929688,67.02999877929688,67.0,67.0,3402
2026-09-28 11:21:00,1790608860,WRB,66.98999786376953,67.0,66.98999786376953,67.0,1927
2026-09-28 11:22:00,1790608920,WRB,67.01000213623047,67.0199966430664,67.01000213623047,67.0199966430664,1175
2026-09-28 11:23:00,1790608980,WRB,67.01499938964844,67.05000305175781,67.01000213623047,67.01000213623047,4585
2026-09-28 11:24:00,1790609040,WRB,67.01850128173828,67.01850128173828,66.98999786376953,67.0,2252
2026-09-28 11:25:00,1790609100,WRB,66.98999786376953,67.0199966430664,66.98999786376953,67.01000213623047,6743
2026-09-28 11:26:00,1790609160,WRB,67.0,67.0,66.9800033569336,66.9800033569336,1246
2026-09-28 11:27:00,1790609220,WRB,66.97000122070312,66.98999786376953,66.94999694824219,66.98999786376953,5225
2026-09-28 11:28:00,1790609280,WRB,67.0,67.0199966430664,67.0,67.0199966430664,1477
2026-09-28 11:29:00,1790609340,WRB,67.01499938964844,67.04000091552734,67.01000213623047,67.04000091552734,2767
2026-09-28 11:30:00,1790609400,WRB,67.05500030517578,67.06999969482422,67.05000305175781,67.06999969482422,1525
2026-09-28 11:31:00,1790609460,WRB,67.06500244140625,67.0999984741211,67.05999755859375,67.0999984741211,3570
2026-09-28 11:32:00,1790609520,WRB,67.08000183105469,67.08000183105469,67.06999969482422,67.07499694824219,2427
2026-09-28 11:33:00,1790609580,WRB,67.07499694824219,67.07499694824219,67.05999755859375,67.05999755859375,965
2026-09-28 11:34:00,1790609640,WRB,67.05000305175781,67.05000305175781,67.05000305175781,67.05000305175781,982
2026-09-28 11:35:00,1790609700,WRB,67.05999755859375,67.05999755859375,67.02999877929688,67.03500366210938,1830
2026-09-28 11:36:00,1790609760,WRB,67.0250015258789,67.04000091552734,67.01000213623047,67.04000091552734,3002
2026-09-28 11:37:00,1790609820,WRB,67.02999877929688,67.02999877929688,67.0199966430664,67.0199966430664,1410
2026-09-28 11:38:00,1790609880,WRB,67.0199966430664,67.02010345458984,67.0199966430664,67.0199966430664,697
2026-09-28 11:39:00,1790609940,WRB,67.0199966430664,67.03500366210938,67.01000213623047,67.03500366210938,3980
2026-09-28 11:40:00,1790610000,WRB,67.02999877929688,67.03500366210938,67.02999877929688,67.03500366210938,669
2026-09-28 11:41:00,1790610060,WRB,67.03500366210938,67.08499908447266,67.03500366210938,67.08000183105469,4663
2026-09-28 11:42:00,1790610120,WRB,67.06710052490234,67.06999969482422,67.06500244140625,67.06999969482422,1974
2026-09-28 11:43:00,1790610180,WRB,67.08000183105469,67.08000183105469,67.06999969482422,67.06999969482422,1174
2026-09-28 11:44:00,1790610240,WRB,67.06999969482422,67.06999969482422,67.06999969482422,67.06999969482422,412
2026-09-28 11:45:00,1790610300,WRB,67.05999755859375,67.08000183105469,67.05999755859375,67.08000183105469,2146
2026-09-28 11:46:00,1790610360,WRB,67.08000183105469,67.08000183105469,67.05000305175781,67.05999755859375,3378
2026-09-28 11:47:00,1790610420,WRB,67.05000305175781,67.05000305175781,67.0248031616211,67.04000091552734,2664
2026-09-28 11:48:00,1790610480,WRB,67.05000305175781,67.05000305175781,67.03720092773438,67.04499816894531,1707
2026-09-28 11:49:00,1790610540,WRB,67.04000091552734,67.04000091552734,67.04000091552734,67.04000091552734,1135
2026-09-28 11:50:00,1790610600,WRB,67.03500366210938,67.03500366210938,67.01000213623047,67.01000213623047,3660
2026-09-28 11:51:00,1790610660,WRB,67.01000213623047,67.01000213623047,67.01000213623047,67.01000213623047,729
2026-09-28 11:52:00,1790610720,WRB,67.0199966430664,67.0199966430664,66.98500061035156,66.99500274658203,8634
2026-09-28 11:53:00,1790610780,WRB,66.98999786376953,66.98999786376953,66.94999694824219,66.98500061035156,8477
2026-09-28 11:54:00,1790610840,WRB,66.98500061035156,66.98500061035156,66.9800033569336,66.9800033569336,1016
2026-09-28 11:55:00,1790610900,WRB,66.97000122070312,66.97000122070312,66.97000122070312,66.97000122070312,951
2026-09-28 11:56:00,1790610960,WRB,66.97000122070312,66.97000122070312,66.95999908447266,66.97000122070312,2122
2026-09-28 11:57:00,1790611020,WRB,66.95999908447266,66.95999908447266,66.94000244140625,66.95999908447266,3432
2026-09-28 11:58:00,1790611080,WRB,66.95999908447266,66.97000122070312,66.94999694824219,66.97000122070312,2503
2026-09-28 11:59:00,1790611140,WRB,66.97000122070312,66.97000122070312,66.95999908447266,66.95999908447266,1521
2026-09-28 12:00:00,1790611200,WRB,66.96499633789062,66.98999786376953,66.96499633789062,66.98999786376953,2068
2026-09-28 12:01:00,1790611260,WRB,66.98999786376953,67.0,66.98999786376953,67.0,1002
2026-09-28 12:02:00,1790611320,WRB,66.9800033569336,66.9800033569336,66.97000122070312,66.97000122070312,1589
2026-09-28 12:03:00,1790611380,WRB,66.94999694824219,66.94999694824219,66.94000244140625,66.94000244140625,1157
2026-09-28 12:04:00,1790611440,WRB,66.93000030517578,66.93000030517578,66.93000030517578,66.93000030517578,984
2026-09-28 12:05:00,1790611500,WRB,66.93000030517578,66.95999908447266,66.91999816894531,66.95999908447266,5333
2026-09-28 12:06:00,1790611560,WRB,66.97000122070312,66.9800033569336,66.97000122070312,66.9800033569336,950
2026-09-28 12:07:00,1790611620,WRB,66.98500061035156,67.01000213623047,66.9749984741211,67.01000213623047,2624
2026-09-28 12:08:00,1790611680,WRB,67.0,67.0199966430664,66.9823989868164,67.01499938964844,7841
2026-09-28 12:10:00,1790611800,WRB,67.01499938964844,67.01499938964844,67.01499938964844,67.01499938964844,548
2026-09-28 12:11:00,1790611860,WRB,67.0,67.00499725341797,67.0,67.00499725341797,2797
2026-09-28 12:12:00,1790611920,WRB,67.00499725341797,67.00499725341797,67.00499725341797,67.00499725341797,1011
2026-09-28 12:13:00,1790611980,WRB,66.98999786376953,67.0199966430664,66.9749984741211,67.0199966430664,9666
2026-09-28 12:14:00,1790612040,WRB,67.01000213623047,67.0199966430664,67.00499725341797,67.00499725341797,3660
2026-09-28 12:16:00,1790612160,WRB,67.0199966430664,67.11000061035156,67.0199966430664,67.11000061035156,8264
2026-09-28 12:17:00,1790612220,WRB,67.11000061035156,67.11499786376953,67.08499908447266,67.08499908447266,2623
2026-09-28 12:18:00,1790612280,WRB,67.0999984741211,67.0999984741211,67.05999755859375,67.05999755859375,2391
2026-09-28 12:19:00,1790612340,WRB,67.05000305175781,67.05000305175781,67.02999877929688,67.03500366210938,1635
2026-09-28 12:20:00,1790612400,WRB,67.05000305175781,67.12000274658203,67.02149963378906,67.11000061035156,6696
2026-09-28 12:21:00,1790612460,WRB,67.12000274658203,67.12000274658203,67.06999969482422,67.06999969482422,2559
2026-09-28 12:22:00,1790612520,WRB,67.05000305175781,67.06500244140625,67.04000091552734,67.06500244140625,3234
2026-09-28 12:23:00,1790612580,WRB,67.05000305175781,67.05000305175781,67.05000305175781,67.05000305175781,922
2026-09-28 12:24:00,1790612640,WRB,67.06999969482422,67.1050033569336,67.06999969482422,67.1050033569336,2798
2026-09-28 12:25:00,1790612700,WRB,67.12000274658203,67.12000274658203,67.0999984741211,67.1050033569336,1456
2026-09-28 12:26:00,1790612760,WRB,67.08999633789062,67.0999984741211,67.08499908447266,67.0999984741211,5276
2026-09-28 12:27:00,1790612820,WRB,67.08999633789062,67.08999633789062,67.06999969482422,67.06999969482422,4212
2026-09-28 12:28:00,1790612880,WRB,67.08000183105469,67.125,67.08000183105469,67.10227966308594,2961
2026-09-28 12:29:00,1790612940,WRB,67.0999984741211,67.125,67.0999984741211,67.11000061035156,9843
2026-09-28 12:30:00,1790613000,WRB,67.0999984741211,67.11000061035156,67.08000183105469,67.08000183105469,2353
2026-09-28 12:31:00,1790613060,WRB,67.08000183105469,67.125,67.08000183105469,67.12000274658203,3622
2026-09-28 12:32:00,1790613120,WRB,67.12000274658203,67.12000274658203,67.12000274658203,67.12000274658203,1442
2026-09-28 12:33:00,1790613180,WRB,67.125,67.13999938964844,67.09500122070312,67.13999938964844,4539
2026-09-28 12:34:00,1790613240,WRB,67.12000274658203,67.12000274658203,67.05500030517578,67.05500030517578,5510
2026-09-28 12:36:00,1790613360,WRB,67.09500122070312,67.0999984741211,67.08999633789062,67.0999984741211,2263
2026-09-28 12:37:00,1790613420,WRB,67.11000061035156,67.12999725341797,67.10509490966797,67.12999725341797,2336
2026-09-28 12:38:00,1790613480,WRB,67.12999725341797,67.12999725341797,67.12999725341797,67.12999725341797,1531
2026-09-28 12:40:00,1790613600,WRB,67.12999725341797,67.13999938964844,67.12999725341797,67.12999725341797,2282
2026-09-28 12:41:00,1790613660,WRB,67.13500213623047,67.13500213623047,67.13500213623047,67.13500213623047,788
2026-09-28 12:42:00,1790613720,WRB,67.1500015258789,67.16000366210938,67.1500015258789,67.1500015258789,3373
2026-09-28 12:43:00,1790613780,WRB,67.13999938964844,67.13999938964844,67.12999725341797,67.12999725341797,1428
2026-09-28 12:44:00,1790613840,WRB,67.1500015258789,67.16000366210938,67.13999938964844,67.16000366210938,2444
2026-09-28 12:45:00,1790613900,WRB,67.16000366210938,67.16000366210938,67.16000366210938,67.16000366210938,1001
2026-09-28 12:46:00,1790613960,WRB,67.16999816894531,67.19000244140625,67.16999816894531,67.16999816894531,1388
2026-09-28 12:47:00,1790614020,WRB,67.18000030517578,67.19000244140625,67.16999816894531,67.16999816894531,3138
2026-09-28 12:48:00,1790614080,WRB,67.18000030517578,67.18000030517578,67.17500305175781,67.17500305175781,910
2026-09-28 12:49:00,1790614140,WRB,67.18000030517578,67.18000030517578,67.16999816894531,67.16999816894531,3225
2026-09-28 12:50:00,1790614200,WRB,67.16999816894531,67.19499969482422,67.16999816894531,67.19000244140625,2237
2026-09-28 12:51:00,1790614260,WRB,67.19999694824219,67.20500183105469,67.19999694824219,67.20500183105469,2491
2026-09-28 12:52:00,1790614320,WRB,67.19000244140625,67.19000244140625,67.19000244140625,67.19000244140625,736
2026-09-28 12:53:00,1790614380,WRB,67.20999908447266,67.21499633789062,67.20999908447266,67.20999908447266,823
2026-09-28 12:54:00,1790614440,WRB,67.22000122070312,67.26000213623047,67.22000122070312,67.23999786376953,10326
2026-09-28 12:55:00,1790614500,WRB,67.25,67.2699966430664,67.25,67.26000213623047,2886
2026-09-28 12:56:00,1790614560,WRB,67.26499938964844,67.2699966430664,67.26499938964844,67.2699966430664,1013
2026-09-28 12:57:00,1790614620,WRB,67.2699966430664,67.27200317382812,67.2699966430664,67.2699966430664,1362
2026-09-28 12:58:00,1790614680,WRB,67.2699966430664,67.27999877929688,67.2699966430664,67.2699966430664,4092
2026-09-28 12:59:00,1790614740,WRB,67.26000213623047,67.26000213623047,67.25,67.25,1620
2026-09-28 13:00:00,1790614800,WRB,67.26850128173828,67.29000091552734,67.26850128173828,67.2750015258789,3056
2026-09-28 13:01:00,1790614860,WRB,67.26000213623047,67.2699966430664,67.26000213623047,67.2699966430664,1313
2026-09-28 13:02:00,1790614920,WRB,67.2699966430664,67.2699966430664,67.2699966430664,67.2699966430664,622
2026-09-28 13:03:00,1790614980,WRB,67.2699966430664,67.2699966430664,67.26809692382812,67.2699966430664,1875
2026-09-28 13:04:00,1790615040,WRB,67.26000213623047,67.26000213623047,67.26000213623047,67.26000213623047,1200
2026-09-28 13:05:00,1790615100,WRB,67.24500274658203,67.24500274658203,67.2300033569336,67.23999786376953,1667
2026-09-28 13:06:00,1790615160,WRB,67.2562026977539,67.2699966430664,67.24500274658203,67.26499938964844,1710
2026-09-28 13:07:00,1790615220,WRB,67.2593002319336,67.2593002319336,67.25,67.25,992
2026-09-28 13:08:00,1790615280,WRB,67.23999786376953,67.25,67.2249984741211,67.25,2140
2026-09-28 13:09:00,1790615340,WRB,67.2300033569336,67.25,67.2300033569336,67.25,1022
2026-09-28 13:10:00,1790615400,WRB,67.25,67.25,67.25,67.25,621
2026-09-28 13:11:00,1790615460,WRB,67.2698974609375,67.31999969482422,67.25,67.31999969482422,6163
2026-09-28 13:12:00,1790615520,WRB,67.30000305175781,67.30999755859375,67.25,67.26000213623047,3815
2026-09-28 13:13:00,1790615580,WRB,67.25499725341797,67.25499725341797,67.20500183105469,67.2249984741211,8673
2026-09-28 13:14:00,1790615640,WRB,67.22000122070312,67.2249984741211,67.18000030517578,67.19999694824219,9079
2026-09-28 13:15:00,1790615700,WRB,67.18000030517578,67.18000030517578,67.16999816894531,67.17500305175781,3384
2026-09-28 13:16:00,1790615760,WRB,67.18000030517578,67.2300033569336,67.18000030517578,67.20999908447266,10152
2026-09-28 13:17:00,1790615820,WRB,67.21499633789062,67.21499633789062,67.19000244140625,67.19000244140625,1412
2026-09-28 13:18:00,1790615880,WRB,67.19000244140625,67.25499725341797,67.19000244140625,67.25,6935
2026-09-28 13:19:00,1790615940,WRB,67.23999786376953,67.25,67.2300033569336,67.2300033569336,4900
2026-09-28 13:20:00,1790616000,WRB,67.23249816894531,67.23500061035156,67.19999694824219,67.19999694824219,2112
2026-09-28 13:21:00,1790616060,WRB,67.22000122070312,67.2300033569336,67.19999694824219,67.20999908447266,3084
2026-09-28 13:22:00,1790616120,WRB,67.22000122070312,67.22000122070312,67.19999694824219,67.20500183105469,2888
2026-09-28 13:23:00,1790616180,WRB,67.19000244140625,67.19000244140625,67.19000244140625,67.19000244140625,607
2026-09-28 13:24:00,1790616240,WRB,67.19000244140625,67.20999908447266,67.19000244140625,67.20999908447266,1687
2026-09-28 13:25:00,1790616300,WRB,67.19999694824219,67.21499633789062,67.19999694824219,67.21499633789062,534
2026-09-28 13:26:00,1790616360,WRB,67.21499633789062,67.21499633789062,67.20999908447266,67.21499633789062,2323
2026-09-28 13:27:00,1790616420,WRB,67.22000122070312,67.2300033569336,67.20999908447266,67.22000122070312,5233
2026-09-28 13:28:00,1790616480,WRB,67.22000122070312,67.22000122070312,67.22000122070312,67.22000122070312,680
2026-09-28 13:29:00,1790616540,WRB,67.22000122070312,67.22000122070312,67.20999908447266,67.20999908447266,1291
2026-09-28 13:30:00,1790616600,WRB,67.21499633789062,67.2300033569336,67.21499633789062,67.2300033569336,1093
2026-09-28 13:31:00,1790616660,WRB,67.2300033569336,67.23999786376953,67.21499633789062,67.2249984741211,4924
2026-09-28 13:32:00,1790616720,WRB,67.20999908447266,67.20999908447266,67.18000030517578,67.18000030517578,2585
2026-09-28 13:33:00,1790616780,WRB,67.18499755859375,67.18499755859375,67.1500015258789,67.1500015258789,2192
2026-09-28 13:34:00,1790616840,WRB,67.1500015258789,67.19000244140625,67.1500015258789,67.19000244140625,2029
2026-09-28 13:35:00,1790616900,WRB,67.20500183105469,67.23999786376953,67.20500183105469,67.23999786376953,1979
2026-09-28 13:36:00,1790616960,WRB,67.22000122070312,67.22899627685547,67.19000244140625,67.19000244140625,3218
2026-09-28 13:37:00,1790617020,WRB,67.18000030517578,67.18000030517578,67.16000366210938,67.16999816894531,1332
2026-09-28 13:38:00,1790617080,WRB,67.16500091552734,67.19000244140625,67.16500091552734,67.19000244140625,2127
2026-09-28 13:39:00,1790617140,WRB,67.19999694824219,67.19999694824219,67.16999816894531,67.16999816894531,2101
2026-09-28 13:40:00,1790617200,WRB,67.17500305175781,67.18000030517578,67.16999816894531,67.16999816894531,1103
2026-09-28 13:41:00,1790617260,WRB,67.18000030517578,67.18000030517578,67.18000030517578,67.18000030517578,713
2026-09-28 13:42:00,1790617320,WRB,67.16999816894531,67.19000244140625,67.16999816894531,67.1802978515625,3242
2026-09-28 13:43:00,1790617380,WRB,67.18499755859375,67.19000244140625,67.16000366210938,67.16000366210938,2797
2026-09-28 13:44:00,1790617440,WRB,67.1500015258789,67.1500015258789,67.1500015258789,67.1500015258789,204
2026-09-28 13:45:00,1790617500,WRB,67.16000366210938,67.16000366210938,67.16000366210938,67.16000366210938,1120
2026-09-28 13:46:00,1790617560,WRB,67.1500015258789,67.16000366210938,67.1500015258789,67.1500015258789,2226
2026-09-28 13:47:00,1790617620,WRB,67.16000366210938,67.16999816894531,67.16000366210938,67.16000366210938,2303
2026-09-28 13:48:00,1790617680,WRB,67.16010284423828,67.16999816894531,67.16000366210938,67.16500091552734,4683
2026-09-28 13:49:00,1790617740,WRB,67.16500091552734,67.17500305175781,67.16500091552734,67.17500305175781,3851
2026-09-28 13:50:00,1790617800,WRB,67.17500305175781,67.17500305175781,67.16500091552734,67.16500091552734,4443
2026-09-28 13:51:00,1790617860,WRB,67.16510009765625,67.18499755859375,67.16500091552734,67.16999816894531,4256
2026-09-28 13:52:00,1790617920,WRB,67.16999816894531,67.16999816894531,67.16999816894531,67.16999816894531,911
2026-09-28 13:53:00,1790617980,WRB,67.18000030517578,67.19999694824219,67.17009735107422,67.19000244140625,2762
2026-09-28 13:54:00,1790618040,WRB,67.20500183105469,67.22000122070312,67.20500183105469,67.22000122070312,1679
2026-09-28 13:55:00,1790618100,WRB,67.20999908447266,67.22000122070312,67.20999908447266,67.22000122070312,2695
2026-09-28 13:56:00,1790618160,WRB,67.2249984741211,67.2300033569336,67.22000122070312,67.2300033569336,2949
2026-09-28 13:57:00,1790618220,WRB,67.2249984741211,67.23500061035156,67.2249984741211,67.2300033569336,1544
2026-09-28 13:58:00,1790618280,WRB,67.24500274658203,67.26000213623047,67.24500274658203,67.26000213623047,11832
2026-09-28 13:59:00,1790618340,WRB,67.2699966430664,67.2699966430664,67.2699966430664,67.2699966430664,2192
2026-09-28 14:00:00,1790618400,WRB,67.2699966430664,67.2699966430664,67.25,67.26000213623047,7595
2026-09-28 14:01:00,1790618460,WRB,67.26499938964844,67.33999633789062,67.26000213623047,67.33999633789062,16867
2026-09-28 14:02:00,1790618520,WRB,67.33999633789062,67.33999633789062,67.32499694824219,67.32499694824219,2491
2026-09-28 14:03:00,1790618580,WRB,67.32499694824219,67.32499694824219,67.31999969482422,67.31999969482422,1733
2026-09-28 14:04:00,1790618640,WRB,67.32499694824219,67.33999633789062,67.31999969482422,67.31999969482422,3163
2026-09-28 14:05:00,1790618700,WRB,67.30999755859375,67.31999969482422,67.30999755859375,67.31999969482422,5328
2026-09-28 14:06:00,1790618760,WRB,67.31500244140625,67.31500244140625,67.30999755859375,67.30999755859375,3359
2026-09-28 14:07:00,1790618820,WRB,67.30999755859375,67.30999755859375,67.27999877929688,67.27999877929688,3061
2026-09-28 14:08:00,1790618880,WRB,67.2699966430664,67.2699966430664,67.23999786376953,67.25,7503
2026-09-28 14:09:00,1790618940,WRB,67.25,67.26000213623047,67.24500274658203,67.25,13305
2026-09-28 14:10:00,1790619000,WRB,67.25,67.26499938964844,67.23999786376953,67.23999786376953,4377
2026-09-28 14:11:00,1790619060,WRB,67.23999786376953,67.23999786376953,67.19499969482422,67.19999694824219,5780
2026-09-28 14:12:00,1790619120,WRB,67.19999694824219,67.20999908447266,67.19999694824219,67.20999908447266,1176
2026-09-28 14:13:00,1790619180,WRB,67.20330047607422,67.21379852294922,67.20330047607422,67.20999908447266,1642
2026-09-28 14:14:00,1790619240,WRB,67.22000122070312,67.23999786376953,67.22000122070312,67.23999786376953,2340
2026-09-28 14:15:00,1790619300,WRB,67.23999786376953,67.23999786376953,67.2300033569336,67.23999786376953,1467
2026-09-28 14:16:00,1790619360,WRB,67.2300033569336,67.2300033569336,67.21499633789062,67.2249984741211,7714
2026-09-28 14:17:00,1790619420,WRB,67.22000122070312,67.22000122070312,67.22000122070312,67.22000122070312,2432
2026-09-28 14:18:00,1790619480,WRB,67.22000122070312,67.22000122070312,67.20999908447266,67.20999908447266,1552
2026-09-28 14:19:00,1790619540,WRB,67.21499633789062,67.2249984741211,67.21499633789062,67.2249984741211,2049
2026-09-28 14:20:00,1790619600,WRB,67.2249984741211,67.2300033569336,67.2249984741211,67.2249984741211,1088
2026-09-28 14:21:00,1790619660,WRB,67.2300033569336,67.30000305175781,67.2300033569336,67.29000091552734,6389
2026-09-28 14:22:00,1790619720,WRB,67.29000091552734,67.29000091552734,67.29000091552734,67.29000091552734,783
2026-09-28 14:23:00,1790619780,WRB,67.28099822998047,67.28099822998047,67.25499725341797,67.25499725341797,6596
2026-09-28 14:24:00,1790619840,WRB,67.26000213623047,67.26499938964844,67.23500061035156,67.23500061035156,3293
2026-09-28 14:25:00,1790619900,WRB,67.23999786376953,67.25,67.23999786376953,67.25,2443
2026-09-28 14:26:00,1790619960,WRB,67.23999786376953,67.2699966430664,67.23500061035156,67.26499938964844,3562
2026-09-28 14:27:00,1790620020,WRB,67.2699966430664,67.2699966430664,67.2699966430664,67.2699966430664,398
2026-09-28 14:28:00,1790620080,WRB,67.28500366210938,67.28500366210938,67.2699966430664,67.2699966430664,2237
2026-09-28 14:29:00,1790620140,WRB,67.27010345458984,67.27999877929688,67.27010345458984,67.27999877929688,2857
2026-09-28 14:30:00,1790620200,WRB,67.27999877929688,67.27999877929688,67.26000213623047,67.26000213623047,5240
2026-09-28 14:31:00,1790620260,WRB,67.2699966430664,67.28500366210938,67.2699966430664,67.2699966430664,4877
2026-09-28 14:32:00,1790620320,WRB,67.2699966430664,67.30999755859375,67.2699966430664,67.30000305175781,5332
2026-09-28 14:33:00,1790620380,WRB,67.29810333251953,67.3499984741211,67.29810333251953,67.33999633789062,4575
2026-09-28 14:34:00,1790620440,WRB,67.34159851074219,67.34159851074219,67.31999969482422,67.31999969482422,3832
2026-09-28 14:35:00,1790620500,WRB,67.31999969482422,67.31999969482422,67.31999969482422,67.31999969482422,589
2026-09-28 14:36:00,1790620560,WRB,67.33000183105469,67.33000183105469,67.33000183105469,67.33000183105469,1498
2026-09-28 14:37:00,1790620620,WRB,67.33999633789062,67.3499984741211,67.33999633789062,67.33999633789062,3532
2026-09-28 14:38:00,1790620680,WRB,67.33000183105469,67.33000183105469,67.31999969482422,67.33000183105469,4229
2026-09-28 14:39:00,1790620740,WRB,67.33000183105469,67.33999633789062,67.33000183105469,67.33000183105469,2820
2026-09-28 14:40:00,1790620800,WRB,67.32499694824219,67.33999633789062,67.32499694824219,67.33999633789062,7419
2026-09-28 14:41:00,1790620860,WRB,67.33000183105469,67.33000183105469,67.33000183105469,67.33000183105469,762
2026-09-28 14:42:00,1790620920,WRB,67.33000183105469,67.33000183105469,67.33000183105469,67.33000183105469,2095
2026-09-28 14:43:00,1790620980,WRB,67.33999633789062,67.3499984741211,67.33999633789062,67.3499984741211,3316
2026-09-28 14:44:00,1790621040,WRB,67.35790252685547,67.37000274658203,67.3550033569336,67.37000274658203,2553
2026-09-28 14:45:00,1790621100,WRB,67.37000274658203,67.37999725341797,67.37000274658203,67.37000274658203,7001
2026-09-28 14:46:00,1790621160,WRB,67.36000061035156,67.36000061035156,67.33999633789062,67.33999633789062,3483
2026-09-28 14:47:00,1790621220,WRB,67.33499908447266,67.33499908447266,67.30999755859375,67.33000183105469,3983
2026-09-28 14:48:00,1790621280,WRB,67.31999969482422,67.31999969482422,67.31999969482422,67.31999969482422,116
2026-09-28 14:49:00,1790621340,WRB,67.30999755859375,67.33999633789062,67.30999755859375,67.33000183105469,2969
2026-09-28 14:50:00,1790621400,WRB,67.33000183105469,67.33000183105469,67.33000183105469,67.33000183105469,1181
2026-09-28 14:51:00,1790621460,WRB,67.31999969482422,67.31999969482422,67.31999969482422,67.31999969482422,2285
2026-09-28 14:52:00,1790621520,WRB,67.30999755859375,67.30999755859375,67.30999755859375,67.30999755859375,1111
2026-09-28 14:53:00,1790621580,WRB,67.30000305175781,67.30000305175781,67.2750015258789,67.27999877929688,2806
2026-09-28 14:54:00,1790621640,WRB,67.27999877929688,67.29000091552734,67.27999877929688,67.29000091552734,1522
2026-09-28 14:55:00,1790621700,WRB,67.30000305175781,67.31999969482422,67.29000091552734,67.31754302978516,4177
2026-09-28 14:56:00,1790621760,WRB,67.31500244140625,67.32499694824219,67.31500244140625,67.32499694824219,847
2026-09-28 14:57:00,1790621820,WRB,67.32499694824219,67.36000061035156,67.32499694824219,67.34500122070312,7853
2026-09-28 14:58:00,1790621880,WRB,67.34500122070312,67.37999725341797,67.34500122070312,67.37000274658203,5398
2026-09-28 14:59:00,1790621940,WRB,67.37000274658203,67.37000274658203,67.37000274658203,67.37000274658203,727
2026-09-28 15:00:00,1790622000,WRB,67.375,67.375,67.36299896240234,67.375,5641
2026-09-28 15:01:00,1790622060,WRB,67.36693572998047,67.37000274658203,67.36693572998047,67.37000274658203,5868
2026-09-28 15:02:00,1790622120,WRB,67.36499786376953,67.37999725341797,67.36000061035156,67.36000061035156,3822
2026-09-28 15:03:00,1790622180,WRB,67.3499984741211,67.36000061035156,67.3499984741211,67.3499984741211,3075
2026-09-28 15:04:00,1790622240,WRB,67.33999633789062,67.3499984741211,67.33999633789062,67.3499984741211,2490
2026-09-28 15:05:00,1790622300,WRB,67.3550033569336,67.3550033569336,67.3550033569336,67.3550033569336,468
2026-09-28 15:06:00,1790622360,WRB,67.3550033569336,67.37000274658203,67.3550033569336,67.37000274658203,3122
2026-09-28 15:07:00,1790622420,WRB,67.36499786376953,67.36499786376953,67.36000061035156,67.36000061035156,2658
2026-09-28 15:08:00,1790622480,WRB,67.36499786376953,67.36499786376953,67.3499984741211,67.3499984741211,2080
2026-09-28 15:09:00,1790622540,WRB,67.33999633789062,67.3499984741211,67.33000183105469,67.33999633789062,2958
2026-09-28 15:10:00,1790622600,WRB,67.34500122070312,67.34500122070312,67.33000183105469,67.33000183105469,3184
2026-09-28 15:11:00,1790622660,WRB,67.31999969482422,67.33000183105469,67.30000305175781,67.30000305175781,4394
2026-09-28 15:12:00,1790622720,WRB,67.30000305175781,67.30999755859375,67.29889678955078,67.29889678955078,4191
2026-09-28 15:13:00,1790622780,WRB,67.30999755859375,67.30999755859375,67.30999755859375,67.30999755859375,1564
2026-09-28 15:14:00,1790622840,WRB,67.30999755859375,67.31500244140625,67.29000091552734,67.30000305175781,4868
2026-09-28 15:15:00,1790622900,WRB,67.30000305175781,67.30000305175781,67.2699966430664,67.2699966430664,3492
2026-09-28 15:16:00,1790622960,WRB,67.27999877929688,67.30000305175781,67.27999877929688,67.29000091552734,7309
2026-09-28 15:17:00,1790623020,WRB,67.27999877929688,67.30000305175781,67.2750015258789,67.30000305175781,3302
2026-09-28 15:18:00,1790623080,WRB,67.30500030517578,67.33000183105469,67.30000305175781,67.33000183105469,5960
2026-09-28 15:19:00,1790623140,WRB,67.33899688720703,67.39990234375,67.33899688720703,67.37000274658203,6205
2026-09-28 15:20:00,1790623200,WRB,67.37000274658203,67.37000274658203,67.33000183105469,67.33999633789062,6020
2026-09-28 15:21:00,1790623260,WRB,67.35900115966797,67.36000061035156,67.3499984741211,67.3499984741211,4514
2026-09-28 15:22:00,1790623320,WRB,67.3499984741211,67.37000274658203,67.3499984741211,67.37000274658203,2204
2026-09-28 15:23:00,1790623380,WRB,67.36499786376953,67.38999938964844,67.36499786376953,67.37999725341797,4832
2026-09-28 15:24:00,1790623440,WRB,67.38999938964844,67.41999816894531,67.38999938964844,67.41000366210938,4848
2026-09-28 15:25:00,1790623500,WRB,67.40499877929688,67.41000366210938,67.38999938964844,67.38999938964844,5125
2026-09-28 15:26:00,1790623560,WRB,67.37999725341797,67.38999938964844,67.37999725341797,67.38500213623047,3751
2026-09-28 15:27:00,1790623620,WRB,67.38500213623047,67.38500213623047,67.37999725341797,67.37999725341797,1584
2026-09-28 15:28:00,1790623680,WRB,67.38500213623047,67.39900207519531,67.37999725341797,67.38500213623047,6769
2026-09-28 15:29:00,1790623740,WRB,67.38500213623047,67.38500213623047,67.34500122070312,67.3499984741211,6951
2026-09-28 15:30:00,1790623800,WRB,67.34500122070312,67.34500122070312,67.33999633789062,67.34500122070312,4073
2026-09-28 15:31:00,1790623860,WRB,67.33999633789062,67.36000061035156,67.33499908447266,67.33999633789062,8939
2026-09-28 15:32:00,1790623920,WRB,67.33000183105469,67.33799743652344,67.2699966430664,67.2750015258789,5694
2026-09-28 15:33:00,1790623980,WRB,67.27999877929688,67.27999877929688,67.2699966430664,67.2699966430664,2353
2026-09-28 15:34:00,1790624040,WRB,67.2699966430664,67.30000305175781,67.2699966430664,67.29000091552734,21900
2026-09-28 15:35:00,1790624100,WRB,67.30000305175781,67.33999633789062,67.30000305175781,67.33999633789062,9173
2026-09-28 15:36:00,1790624160,WRB,67.33000183105469,67.33999633789062,67.31999969482422,67.33000183105469,6546
2026-09-28 15:37:00,1790624220,WRB,67.33999633789062,67.35900115966797,67.33499908447266,67.3499984741211,6000
2026-09-28 15:38:00,1790624280,WRB,67.3499984741211,67.37999725341797,67.3499984741211,67.36000061035156,6641
2026-09-28 15:39:00,1790624340,WRB,67.36000061035156,67.39900207519531,67.36000061035156,67.39900207519531,12255
2026-09-28 15:40:00,1790624400,WRB,67.4000015258789,67.41000366210938,67.38999938964844,67.4000015258789,7933
2026-09-28 15:41:00,1790624460,WRB,67.38999938964844,67.4000015258789,67.37999725341797,67.3949966430664,6398
2026-09-28 15:42:00,1790624520,WRB,67.3949966430664,67.3949966430664,67.37999725341797,67.38500213623047,6934
2026-09-28 15:43:00,1790624580,WRB,67.37999725341797,67.42500305175781,67.375,67.41500091552734,12736
2026-09-28 15:44:00,1790624640,WRB,67.41000366210938,67.44499969482422,67.40499877929688,67.43499755859375,8980
2026-09-28 15:45:00,1790624700,WRB,67.43499755859375,67.51899719238281,67.41000366210938,67.50499725341797,29525
2026-09-28 15:46:00,1790624760,WRB,67.51000213623047,67.52999877929688,67.51000213623047,67.5199966430664,4819
2026-09-28 15:47:00,1790624820,WRB,67.5199966430664,67.55999755859375,67.51000213623047,67.55000305175781,26241
2026-09-28 15:48:00,1790624880,WRB,67.54499816894531,67.61000061035156,67.54499816894531,67.5999984741211,11033
2026-09-28 15:49:00,1790624940,WRB,67.58000183105469,67.61000061035156,67.55999755859375,67.5999984741211,12016
2026-09-28 15:50:00,1790625000,WRB,67.58999633789062,67.62999725341797,67.56999969482422,67.62999725341797,25256
2026-09-28 15:51:00,1790625060,WRB,67.62000274658203,67.65899658203125,67.58999633789062,67.65899658203125,12978
2026-09-28 15:52:00,1790625120,WRB,67.63999938964844,67.69000244140625,67.62999725341797,67.69000244140625,24359
2026-09-28 15:53:00,1790625180,WRB,67.68000030517578,67.70500183105469,67.68000030517578,67.69000244140625,27499
2026-09-28 15:54:00,1790625240,WRB,67.69999694824219,67.70899963378906,67.66999816894531,67.68000030517578,15777
2026-09-28 15:55:00,1790625300,WRB,67.68900299072266,67.69999694824219,67.61000061035156,67.66999816894531,0
2026-09-28 15:56:00,1790625360,WRB,67.6500015258789,67.70899963378906,67.6500015258789,67.69000244140625,44925
2026-09-28 15:57:00,1790625420,WRB,67.68000030517578,67.69000244140625,67.62999725341797,67.63500213623047,48082
2026-09-28 15:58:00,1790625480,WRB,67.62999725341797,67.69000244140625,67.62899780273438,67.67500305175781,88912
2026-09-28 15:59:00,1790625540,WRB,67.66999816894531,67.66999816894531,67.61499786376953,67.66000366210938,70192
2026-09-28 16:00:00,1790625600,WRB,67.66000366210938,67.66000366210938,67.66000366210938,67.66000366210938,0
2026-09-29 09:30:00,1790688600,WRB,67.19999694824219,67.27999877929688,67.19499969482422,67.19499969482422,0
2026-09-29 09:32:00,1790688720,WRB,67.11309814453125,67.19999694824219,67.11309814453125,67.19999694824219,5601
2026-09-29 09:34:00,1790688840,WRB,67.2300033569336,67.47000122070312,67.2300033569336,67.30999755859375,5577
2026-09-29 09:35:00,1790688900,WRB,67.31500244140625,67.41999816894531,67.31500244140625,67.41999816894531,401
2026-09-29 09:36:00,1790688960,WRB,67.44000244140625,67.5,67.38999938964844,67.38999938964844,1808
2026-09-29 09:37:00,1790689020,WRB,67.43000030517578,67.43000030517578,67.36499786376953,67.36499786376953,461
2026-09-29 09:38:00,1790689080,WRB,67.36499786376953,67.36499786376953,67.36499786376953,67.36499786376953,295
2026-09-29 09:39:00,1790689140,WRB,67.28009796142578,67.28009796142578,67.28009796142578,67.28009796142578,517
2026-09-29 09:40:00,1790689200,WRB,67.39498901367188,67.5,67.39498901367188,67.49500274658203,2616
2026-09-29 09:41:00,1790689260,WRB,67.58999633789062,67.59500122070312,67.58999633789062,67.59500122070312,302
2026-09-29 09:42:00,1790689320,WRB,67.6050033569336,67.6050033569336,67.6050033569336,67.6050033569336,864
2026-09-29 09:43:00,1790689380,WRB,67.56999969482422,67.56999969482422,67.5,67.52999877929688,4645
2026-09-29 09:44:00,1790689440,WRB,67.5199966430664,67.58999633789062,67.5199966430664,67.58999633789062,4422
2026-09-29 09:45:00,1790689500,WRB,67.56500244140625,67.56999969482422,67.5199966430664,67.54000091552734,14207
2026-09-29 09:46:00,1790689560,WRB,67.55000305175781,67.6050033569336,67.55000305175781,67.59500122070312,1646
2026-09-29 09:47:00,1790689620,WRB,67.58499908447266,67.58499908447266,67.58499908447266,67.58499908447266,442
2026-09-29 09:48:00,1790689680,WRB,67.62000274658203,67.66000366210938,67.62000274658203,67.63999938964844,2440
2026-09-29 09:49:00,1790689740,WRB,67.61000061035156,67.69999694824219,67.5999984741211,67.69999694824219,8434
2026-09-29 09:50:00,1790689800,WRB,67.70500183105469,67.70500183105469,67.66999816894531,67.66999816894531,1674
2026-09-29 09:51:00,1790689860,WRB,67.66999816894531,67.80000305175781,67.63500213623047,67.7699966430664,11052
2026-09-29 09:54:00,1790690040,WRB,67.75,67.7562026977539,67.7300033569336,67.7300033569336,1620
2026-09-29 09:55:00,1790690100,WRB,67.69999694824219,67.70999908447266,67.68000030517578,67.70999908447266,2175
2026-09-29 09:56:00,1790690160,WRB,67.68000030517578,67.68000030517578,67.68000030517578,67.68000030517578,1431
2026-09-29 09:58:00,1790690280,WRB,67.6500015258789,67.65499877929688,67.6500015258789,67.65499877929688,764
2026-09-29 09:59:00,1790690340,WRB,67.61000061035156,67.61000061035156,67.60289764404297,67.60289764404297,943
2026-09-29 10:00:00,1790690400,WRB,67.56999969482422,67.58999633789062,67.56009674072266,67.56009674072266,2259
2026-09-29 10:01:00,1790690460,WRB,67.60649871826172,67.62000274658203,67.55999755859375,67.62000274658203,2061
2026-09-29 10:02:00,1790690520,WRB,67.6500015258789,67.72000122070312,67.6500015258789,67.7063980102539,1098
2026-09-29 10:03:00,1790690580,WRB,67.71499633789062,67.73999786376953,67.69999694824219,67.69999694824219,1510
2026-09-29 10:06:00,1790690760,WRB,67.69000244140625,67.69000244140625,67.66999816894531,67.66999816894531,1425
2026-09-29 10:07:00,1790690820,WRB,67.63999938964844,67.66500091552734,67.63999938964844,67.63999938964844,882
2026-09-29 10:08:00,1790690880,WRB,67.6449966430664,67.71499633789062,67.6449966430664,67.71499633789062,2690
2026-09-29 10:09:00,1790690940,WRB,67.73999786376953,67.73999786376953,67.66999816894531,67.68000030517578,3688
2026-09-29 10:10:00,1790691000,WRB,67.76499938964844,67.76499938964844,67.7300033569336,67.7300033569336,2693
2026-09-29 10:11:00,1790691060,WRB,67.73500061035156,67.75,67.72000122070312,67.72000122070312,1291
2026-09-29 10:12:00,1790691120,WRB,67.73999786376953,67.73999786376953,67.7300033569336,67.7300033569336,1310
2026-09-29 10:13:00,1790691180,WRB,67.7300033569336,67.76000213623047,67.72270965576172,67.7300033569336,1207
2026-09-29 10:14:00,1790691240,WRB,67.7300033569336,67.73500061035156,67.7300033569336,67.73500061035156,775
2026-09-29 10:15:00,1790691300,WRB,67.73500061035156,67.73500061035156,67.69000244140625,67.69999694824219,2809
2026-09-29 10:16:00,1790691360,WRB,67.68000030517578,67.68000030517578,67.61000061035156,67.61000061035156,3232
2026-09-29 10:17:00,1790691420,WRB,67.58999633789062,67.66999816894531,67.58999633789062,67.6449966430664,3927
2026-09-29 10:18:00,1790691480,WRB,67.6449966430664,67.6449966430664,67.63999938964844,67.63999938964844,673
2026-09-29 10:19:00,1790691540,WRB,67.62000274658203,67.6500015258789,67.62000274658203,67.63999938964844,3469
2026-09-29 10:21:00,1790691660,WRB,67.65010070800781,67.66999816894531,67.65010070800781,67.66999816894531,1375
2026-09-29 10:22:00,1790691720,WRB,67.6500015258789,67.6500015258789,67.63999938964844,67.63999938964844,922
2026-09-29 10:23:00,1790691780,WRB,67.63500213623047,67.63500213623047,67.5999984741211,67.5999984741211,1241
2026-09-29 10:24:00,1790691840,WRB,67.57499694824219,67.57499694824219,67.57499694824219,67.57499694824219,1205
2026-09-29 10:25:00,1790691900,WRB,67.56500244140625,67.56500244140625,67.56500244140625,67.56500244140625,509
2026-09-29 10:26:00,1790691960,WRB,67.56500244140625,67.56500244140625,67.54000091552734,67.55500030517578,2190
2026-09-29 10:28:00,1790692080,WRB,67.55000305175781,67.58999633789062,67.55000305175781,67.55999755859375,5754
2026-09-29 10:30:00,1790692200,WRB,67.55500030517578,67.55500030517578,67.50499725341797,67.55000305175781,3141
2026-09-29 10:31:00,1790692260,WRB,67.5419921875,67.5419921875,67.48999786376953,67.48999786376953,3080
2026-09-29 10:32:00,1790692320,WRB,67.45999908447266,67.45999908447266,67.45999908447266,67.45999908447266,297
2026-09-29 10:33:00,1790692380,WRB,67.43000030517578,67.45999908447266,67.43000030517578,67.45999908447266,1331
2026-09-29 10:34:00,1790692440,WRB,67.4800033569336,67.4800033569336,67.47000122070312,67.47000122070312,349
2026-09-29 10:35:00,1790692500,WRB,67.44999694824219,67.44999694824219,67.43000030517578,67.43000030517578,1007
2026-09-29 10:36:00,1790692560,WRB,67.41999816894531,67.41999816894531,67.41000366210938,67.41000366210938,692
2026-09-29 10:37:00,1790692620,WRB,67.41500091552734,67.43000030517578,67.41500091552734,67.42500305175781,1800
2026-09-29 10:38:00,1790692680,WRB,67.42500305175781,67.42500305175781,67.38999938964844,67.38999938964844,1939
2026-09-29 10:39:00,1790692740,WRB,67.38500213623047,67.38710021972656,67.38500213623047,67.38710021972656,521
2026-09-29 10:40:00,1790692800,WRB,67.38500213623047,67.38500213623047,67.375,67.375,1110
2026-09-29 10:41:00,1790692860,WRB,67.36000061035156,67.36000061035156,67.30500030517578,67.30500030517578,1229
2026-09-29 10:42:00,1790692920,WRB,67.27999877929688,67.29000091552734,67.26000213623047,67.29000091552734,3872
2026-09-29 10:43:00,1790692980,WRB,67.28500366210938,67.28500366210938,67.23500061035156,67.23500061035156,2125
2026-09-29 10:44:00,1790693040,WRB,67.24500274658203,67.25,67.22000122070312,67.22000122070312,1780
2026-09-29 10:45:00,1790693100,WRB,67.21499633789062,67.21499633789062,67.19999694824219,67.19999694824219,1290
2026-09-29 10:46:00,1790693160,WRB,67.16999816894531,67.20500183105469,67.16999816894531,67.20500183105469,4854
2026-09-29 10:47:00,1790693220,WRB,67.22000122070312,67.27999877929688,67.22000122070312,67.27999877929688,1296
2026-09-29 10:48:00,1790693280,WRB,67.2750015258789,67.2750015258789,67.2699966430664,67.2699966430664,1347
2026-09-29 10:49:00,1790693340,WRB,67.2699966430664,67.2699966430664,67.25499725341797,67.26000213623047,2041
2026-09-29 10:50:00,1790693400,WRB,67.26499938964844,67.30999755859375,67.25499725341797,67.30999755859375,3359
2026-09-29 10:51:00,1790693460,WRB,67.31999969482422,67.31999969482422,67.29000091552734,67.30999755859375,3165
2026-09-29 10:52:00,1790693520,WRB,67.33000183105469,67.36000061035156,67.33000183105469,67.3499984741211,1756
2026-09-29 10:53:00,1790693580,WRB,67.36499786376953,67.375,67.36499786376953,67.375,786
2026-09-29 10:54:00,1790693640,WRB,67.38999938964844,67.38999938964844,67.38999938964844,67.38999938964844,562
2026-09-29 10:55:00,1790693700,WRB,67.37000274658203,67.37000274658203,67.3499984741211,67.3550033569336,1856
2026-09-29 10:56:00,1790693760,WRB,67.3550033569336,67.3550033569336,67.3550033569336,67.3550033569336,762
2026-09-29 10:57:00,1790693820,WRB,67.33999633789062,67.33999633789062,67.33999633789062,67.33999633789062,1221
2026-09-29 10:58:00,1790693880,WRB,67.30999755859375,67.30999755859375,67.30999755859375,67.30999755859375,636
2026-09-29 10:59:00,1790693940,WRB,67.31999969482422,67.33000183105469,67.30999755859375,67.30999755859375,3238
2026-09-29 11:00:00,1790694000,WRB,67.30500030517578,67.31999969482422,67.30500030517578,67.31999969482422,1205
2026-09-29 11:01:00,1790694060,WRB,67.33000183105469,67.36000061035156,67.33000183105469,67.33999633789062,4396
2026-09-29 11:02:00,1790694120,WRB,67.31999969482422,67.33000183105469,67.31999969482422,67.33000183105469,583
2026-09-29 11:03:00,1790694180,WRB,67.31500244140625,67.31500244140625,67.27999877929688,67.30000305175781,1908
2026-09-29 11:04:00,1790694240,WRB,67.30999755859375,67.31999969482422,67.30999755859375,67.31999969482422,1272
2026-09-29 11:05:00,1790694300,WRB,67.33499908447266,67.37999725341797,67.32720184326172,67.3499984741211,7343
2026-09-29 11:06:00,1790694360,WRB,67.3499984741211,67.3949966430664,67.3499984741211,67.3949966430664,1672
2026-09-29 11:07:00,1790694420,WRB,67.3949966430664,67.47000122070312,67.3949966430664,67.47000122070312,1409
2026-09-29 11:08:00,1790694480,WRB,67.47000122070312,67.50499725341797,67.47000122070312,67.48999786376953,2002
2026-09-29 11:09:00,1790694540,WRB,67.51000213623047,67.54000091552734,67.51000213623047,67.54000091552734,689
2026-09-29 11:10:00,1790694600,WRB,67.54000091552734,67.58999633789062,67.52999877929688,67.58999633789062,3134
2026-09-29 11:11:00,1790694660,WRB,67.6050033569336,67.6050033569336,67.58999633789062,67.59500122070312,1680
2026-09-29 11:12:00,1790694720,WRB,67.58000183105469,67.58000183105469,67.53500366210938,67.55000305175781,9079
2026-09-29 11:13:00,1790694780,WRB,67.55000305175781,67.55000305175781,67.54000091552734,67.54000091552734,2113
2026-09-29 11:14:00,1790694840,WRB,67.52999877929688,67.52999877929688,67.48999786376953,67.51000213623047,1241
2026-09-29 11:15:00,1790694900,WRB,67.52999877929688,67.52999877929688,67.51000213623047,67.51499938964844,3036
2026-09-29 11:16:00,1790694960,WRB,67.51000213623047,67.5199966430664,67.5000991821289,67.51000213623047,1311
2026-09-29 11:17:00,1790695020,WRB,67.54000091552734,67.54000091552734,67.54000091552734,67.54000091552734,1547
2026-09-29 11:18:00,1790695080,WRB,67.55000305175781,67.58000183105469,67.55000305175781,67.57499694824219,3227
2026-09-29 11:19:00,1790695140,WRB,67.58000183105469,67.5999984741211,67.55500030517578,67.5999984741211,4845
2026-09-29 11:20:00,1790695200,WRB,67.58000183105469,67.58000183105469,67.58000183105469,67.58000183105469,537
2026-09-29 11:21:00,1790695260,WRB,67.56999969482422,67.56999969482422,67.56999969482422,67.56999969482422,408
2026-09-29 11:22:00,1790695320,WRB,67.55999755859375,67.55999755859375,67.55000305175781,67.55419921875,1536
2026-09-29 11:23:00,1790695380,WRB,67.56999969482422,67.57499694824219,67.56999969482422,67.57499694824219,1276
2026-09-29 11:24:00,1790695440,WRB,67.57499694824219,67.58499908447266,67.57499694824219,67.58499908447266,806
2026-09-29 11:25:00,1790695500,WRB,67.5999984741211,67.62000274658203,67.5999984741211,67.5999984741211,1782
2026-09-29 11:26:00,1790695560,WRB,67.62999725341797,67.62999725341797,67.62999725341797,67.62999725341797,303
2026-09-29 11:27:00,1790695620,WRB,67.61000061035156,67.61000061035156,67.6050033569336,67.6050033569336,1715
2026-09-29 11:28:00,1790695680,WRB,67.6050033569336,67.6050033569336,67.58999633789062,67.5999984741211,2274
2026-09-29 11:29:00,1790695740,WRB,67.6050033569336,67.62999725341797,67.6050033569336,67.62999725341797,1294
2026-09-29 11:30:00,1790695800,WRB,67.6436996459961,67.6436996459961,67.63999938964844,67.63999938964844,1475
2026-09-29 11:31:00,1790695860,WRB,67.6500015258789,67.65499877929688,67.63999938964844,67.6449966430664,4972
2026-09-29 11:32:00,1790695920,WRB,67.6500015258789,67.6500015258789,67.6500015258789,67.6500015258789,275
2026-09-29 11:33:00,1790695980,WRB,67.63999938964844,67.63999938964844,67.625,67.63999938964844,3132
2026-09-29 11:34:00,1790696040,WRB,67.62999725341797,67.62999725341797,67.5999984741211,67.5999984741211,1402
2026-09-29 11:35:00,1790696100,WRB,67.61000061035156,67.61000061035156,67.61000061035156,67.61000061035156,768
2026-09-29 11:36:00,1790696160,WRB,67.61000061035156,67.61000061035156,67.59500122070312,67.59500122070312,1949
2026-09-29 11:37:00,1790696220,WRB,67.59500122070312,67.59500122070312,67.58999633789062,67.58999633789062,1429
2026-09-29 11:38:00,1790696280,WRB,67.60769653320312,67.60769653320312,67.5999984741211,67.5999984741211,1441
2026-09-29 11:39:00,1790696340,WRB,67.5999984741211,67.5999984741211,67.5999984741211,67.5999984741211,601
2026-09-29 11:40:00,1790696400,WRB,67.61000061035156,67.62000274658203,67.61000061035156,67.62000274658203,2320
2026-09-29 11:41:00,1790696460,WRB,67.62999725341797,67.62999725341797,67.62999725341797,67.62999725341797,1087
2026-09-29 11:42:00,1790696520,WRB,67.63999938964844,67.68000030517578,67.63999938964844,67.66999816894531,5403
2026-09-29 11:43:00,1790696580,WRB,67.66999816894531,67.66999816894531,67.66999816894531,67.66999816894531,631
2026-09-29 11:44:00,1790696640,WRB,67.68000030517578,67.7249984741211,67.68000030517578,67.7249984741211,3613
2026-09-29 11:45:00,1790696700,WRB,67.7300033569336,67.7300033569336,67.70999908447266,67.70999908447266,1976
2026-09-29 11:46:00,1790696760,WRB,67.71499633789062,67.71499633789062,67.69999694824219,67.70500183105469,2045
2026-09-29 11:47:00,1790696820,WRB,67.69000244140625,67.69000244140625,67.66000366210938,67.66999816894531,3622
2026-09-29 11:48:00,1790696880,WRB,67.66000366210938,67.66999816894531,67.65499877929688,67.66999816894531,4727
2026-09-29 11:49:00,1790696940,WRB,67.68499755859375,67.68499755859375,67.66000366210938,67.66000366210938,997
2026-09-29 11:50:00,1790697000,WRB,67.66000366210938,67.66000366210938,67.62999725341797,67.63500213623047,3097
2026-09-29 11:52:00,1790697120,WRB,67.63999938964844,67.63999938964844,67.63009643554688,67.63009643554688,1510
2026-09-29 11:53:00,1790697180,WRB,67.62999725341797,67.62999725341797,67.61000061035156,67.62999725341797,2682
2026-09-29 11:54:00,1790697240,WRB,67.62000274658203,67.62999725341797,67.62000274658203,67.62999725341797,1541
2026-09-29 11:55:00,1790697300,WRB,67.62999725341797,67.62999725341797,67.5999984741211,67.5999984741211,1627
2026-09-29 11:56:00,1790697360,WRB,67.59500122070312,67.59500122070312,67.59500122070312,67.59500122070312,1248
2026-09-29 11:57:00,1790697420,WRB,67.58999633789062,67.59709930419922,67.58999633789062,67.59709930419922,789
2026-09-29 11:58:00,1790697480,WRB,67.58000183105469,67.58000183105469,67.56500244140625,67.56500244140625,1433
2026-09-29 11:59:00,1790697540,WRB,67.58000183105469,67.58000183105469,67.58000183105469,67.58000183105469,1407
2026-09-29 12:00:00,1790697600,WRB,67.58000183105469,67.58000183105469,67.57009887695312,67.57009887695312,898
2026-09-29 12:01:00,1790697660,WRB,67.56999969482422,67.56999969482422,67.55999755859375,67.55999755859375,1971
2026-09-29 12:02:00,1790697720,WRB,67.55999755859375,67.55999755859375,67.55000305175781,67.55000305175781,1580
2026-09-29 12:03:00,1790697780,WRB,67.54000091552734,67.58999633789062,67.54000091552734,67.58999633789062,3410
2026-09-29 12:04:00,1790697840,WRB,67.59500122070312,67.62999725341797,67.59500122070312,67.625,3083
2026-09-29 12:05:00,1790697900,WRB,67.61000061035156,67.61000061035156,67.61000061035156,67.61000061035156,1007
2026-09-29 12:06:00,1790697960,WRB,67.58999633789062,67.61000061035156,67.58000183105469,67.58999633789062,5147
2026-09-29 12:07:00,1790698020,WRB,67.58999633789062,67.5999984741211,67.58999633789062,67.58999633789062,1440
2026-09-29 12:08:00,1790698080,WRB,67.5999984741211,67.5999984741211,67.56999969482422,67.56999969482422,1486
2026-09-29 12:09:00,1790698140,WRB,67.55500030517578,67.55500030517578,67.55000305175781,67.55000305175781,1589
2026-09-29 12:11:00,1790698260,WRB,67.54000091552734,67.55999755859375,67.54000091552734,67.55999755859375,1442
2026-09-29 12:12:00,1790698320,WRB,67.55000305175781,67.55000305175781,67.5199966430664,67.54499816894531,5421
2026-09-29 12:13:00,1790698380,WRB,67.54499816894531,67.55000305175781,67.54499816894531,67.55000305175781,5647
2026-09-29 12:14:00,1790698440,WRB,67.55000305175781,67.55000305175781,67.5250015258789,67.5250015258789,2577
2026-09-29 12:15:00,1790698500,WRB,67.52999877929688,67.52999877929688,67.52999877929688,67.52999877929688,350
2026-09-29 12:16:00,1790698560,WRB,67.52999877929688,67.52999877929688,67.52999877929688,67.52999877929688,638
2026-09-29 12:17:00,1790698620,WRB,67.51000213623047,67.55000305175781,67.50499725341797,67.55000305175781,6935
2026-09-29 12:19:00,1790698740,WRB,67.55000305175781,67.55000305175781,67.52999877929688,67.55000305175781,6688
2026-09-29 12:20:00,1790698800,WRB,67.54000091552734,67.55000305175781,67.52999877929688,67.52999877929688,1808
2026-09-29 12:21:00,1790698860,WRB,67.54000091552734,67.55000305175781,67.5199966430664,67.52279663085938,3177
2026-09-29 12:22:00,1790698920,WRB,67.51000213623047,67.51000213623047,67.5,67.5,1280
2026-09-29 12:23:00,1790698980,WRB,67.4800033569336,67.5,67.47000122070312,67.4749984741211,7579
2026-09-29 12:24:00,1790699040,WRB,67.48560333251953,67.48970031738281,67.4800033569336,67.4800033569336,1677
2026-09-29 12:25:00,1790699100,WRB,67.4800033569336,67.48989868164062,67.45999908447266,67.48989868164062,4112
2026-09-29 12:26:00,1790699160,WRB,67.46499633789062,67.46499633789062,67.44999694824219,67.44999694824219,544
2026-09-29 12:27:00,1790699220,WRB,67.46499633789062,67.46499633789062,67.45999908447266,67.45999908447266,748
2026-09-29 12:28:00,1790699280,WRB,67.45500183105469,67.45500183105469,67.44000244140625,67.45500183105469,1084
2026-09-29 12:29:00,1790699340,WRB,67.45500183105469,67.45500183105469,67.45500183105469,67.45500183105469,294
2026-09-29 12:30:00,1790699400,WRB,67.47000122070312,67.54499816894531,67.47000122070312,67.54000091552734,7739
2026-09-29 12:31:00,1790699460,WRB,67.53500366210938,67.53500366210938,67.5199966430664,67.53500366210938,2145
2026-09-29 12:32:00,1790699520,WRB,67.52999877929688,67.52999877929688,67.51000213623047,67.51000213623047,1194
2026-09-29 12:33:00,1790699580,WRB,67.51000213623047,67.51000213623047,67.51000213623047,67.51000213623047,2166
2026-09-29 12:35:00,1790699700,WRB,67.51000213623047,67.51000213623047,67.51000213623047,67.51000213623047,479
2026-09-29 12:36:00,1790699760,WRB,67.48999786376953,67.51000213623047,67.48999786376953,67.51000213623047,892
2026-09-29 12:37:00,1790699820,WRB,67.48999786376953,67.48999786376953,67.48999786376953,67.48999786376953,2813
2026-09-29 12:38:00,1790699880,WRB,67.49500274658203,67.51000213623047,67.49500274658203,67.51000213623047,2045
2026-09-29 12:39:00,1790699940,WRB,67.5199966430664,67.5199966430664,67.5199966430664,67.5199966430664,920
2026-09-29 12:40:00,1790700000,WRB,67.5199966430664,67.52999877929688,67.5199966430664,67.52999877929688,1213
2026-09-29 12:41:00,1790700060,WRB,67.54000091552734,67.56999969482422,67.54000091552734,67.56500244140625,3589
2026-09-29 12:42:00,1790700120,WRB,67.56999969482422,67.57499694824219,67.56999969482422,67.57499694824219,1264
2026-09-29 12:43:00,1790700180,WRB,67.58999633789062,67.5999984741211,67.58999633789062,67.5999984741211,1599
2026-09-29 12:44:00,1790700240,WRB,67.62000274658203,67.62999725341797,67.62000274658203,67.625,2233
2026-09-29 12:45:00,1790700300,WRB,67.63999938964844,67.66000366210938,67.63999938964844,67.66000366210938,1956
2026-09-29 12:46:00,1790700360,WRB,67.66000366210938,67.66000366210938,67.6500015258789,67.6500015258789,2187
2026-09-29 12:47:00,1790700420,WRB,67.63999938964844,67.63999938964844,67.62000274658203,67.62000274658203,1863
2026-09-29 12:48:00,1790700480,WRB,67.62999725341797,67.62999725341797,67.62999725341797,67.62999725341797,528
2026-09-29 12:49:00,1790700540,WRB,67.61000061035156,67.61000061035156,67.61000061035156,67.61000061035156,227
2026-09-29 12:50:00,1790700600,WRB,67.62000274658203,67.62000274658203,67.61000061035156,67.61000061035156,1414
2026-09-29 12:51:00,1790700660,WRB,67.62000274658203,67.65499877929688,67.62000274658203,67.65499877929688,4316
2026-09-29 12:52:00,1790700720,WRB,67.66000366210938,67.66000366210938,67.66000366210938,67.66000366210938,247
2026-09-29 12:53:00,1790700780,WRB,67.66999816894531,67.69999694824219,67.66999816894531,67.68509674072266,1410
2026-09-29 12:54:00,1790700840,WRB,67.70999908447266,67.72000122070312,67.70999908447266,67.72000122070312,1054
2026-09-29 12:55:00,1790700900,WRB,67.7300033569336,67.7300033569336,67.69000244140625,67.69000244140625,2815
2026-09-29 12:56:00,1790700960,WRB,67.69000244140625,67.71499633789062,67.69000244140625,67.71499633789062,1700
2026-09-29 12:57:00,1790701020,WRB,67.71499633789062,67.71499633789062,67.71499633789062,67.71499633789062,868
2026-09-29 12:58:00,1790701080,WRB,67.7300033569336,67.7300033569336,67.72209930419922,67.7249984741211,890
2026-09-29 12:59:00,1790701140,WRB,67.73999786376953,67.73999786376953,67.73999786376953,67.73999786376953,663
2026-09-29 13:00:00,1790701200,WRB,67.75,67.75509643554688,67.75,67.75509643554688,1155
2026-09-29 13:01:00,1790701260,WRB,67.75499725341797,67.7699966430664,67.75499725341797,67.7699966430664,1675
2026-09-29 13:02:00,1790701320,WRB,67.77999877929688,67.78990173339844,67.77999877929688,67.78990173339844,2801
2026-09-29 13:03:00,1790701380,WRB,67.7699966430664,67.7750015258789,67.7699966430664,67.7750015258789,2103
2026-09-29 13:04:00,1790701440,WRB,67.7750015258789,67.7750015258789,67.76000213623047,67.76000213623047,1174
2026-09-29 13:06:00,1790701560,WRB,67.783203125,67.783203125,67.76000213623047,67.76000213623047,2150
2026-09-29 13:08:00,1790701680,WRB,67.76000213623047,67.76000213623047,67.76000213623047,67.76000213623047,203
2026-09-29 13:09:00,1790701740,WRB,67.7699966430664,67.7699966430664,67.76000213623047,67.76000213623047,1800
2026-09-29 13:10:00,1790701800,WRB,67.76499938964844,67.76499938964844,67.74500274658203,67.74500274658203,3746
2026-09-29 13:11:00,1790701860,WRB,67.74500274658203,67.7699966430664,67.74500274658203,67.7699966430664,2112
2026-09-29 13:12:00,1790701920,WRB,67.7699966430664,67.78500366210938,67.7699966430664,67.78500366210938,1937
2026-09-29 13:13:00,1790701980,WRB,67.80000305175781,67.80000305175781,67.80000305175781,67.80000305175781,757
2026-09-29 13:14:00,1790702040,WRB,67.79000091552734,67.79000091552734,67.79000091552734,67.79000091552734,1157
2026-09-29 13:15:00,1790702100,WRB,67.77999877929688,67.77999877929688,67.7699966430664,67.7699966430664,2138
2026-09-29 13:16:00,1790702160,WRB,67.79000091552734,67.80999755859375,67.79000091552734,67.80999755859375,1682
2026-09-29 13:17:00,1790702220,WRB,67.80999755859375,67.80999755859375,67.80999755859375,67.80999755859375,1004
2026-09-29 13:18:00,1790702280,WRB,67.80999755859375,67.81999969482422,67.80000305175781,67.80000305175781,2679
2026-09-29 13:19:00,1790702340,WRB,67.80000305175781,67.81999969482422,67.79000091552734,67.81500244140625,5726
2026-09-29 13:20:00,1790702400,WRB,67.80000305175781,67.80000305175781,67.7699966430664,67.7750015258789,2739
2026-09-29 13:21:00,1790702460,WRB,67.7699966430664,67.7699966430664,67.7699966430664,67.7699966430664,612
2026-09-29 13:22:00,1790702520,WRB,67.7699966430664,67.7699966430664,67.70999908447266,67.75,28048
2026-09-29 13:23:00,1790702580,WRB,67.75,67.80500030517578,67.73999786376953,67.75,9559
2026-09-29 13:24:00,1790702640,WRB,67.75,67.75,67.75,67.75,176
2026-09-29 13:25:00,1790702700,WRB,67.75,67.75,67.69805908203125,67.71499633789062,3767
2026-09-29 13:26:00,1790702760,WRB,67.71499633789062,67.71499633789062,67.71499633789062,67.71499633789062,273
2026-09-29 13:27:00,1790702820,WRB,67.69999694824219,67.70999908447266,67.69999694824219,67.70999908447266,491
2026-09-29 13:28:00,1790702880,WRB,67.70999908447266,67.7300033569336,67.70999908447266,67.7300033569336,2069
2026-09-29 13:29:00,1790702940,WRB,67.7300033569336,67.76499938964844,67.7300033569336,67.76499938964844,1420
2026-09-29 13:30:00,1790703000,WRB,67.76499938964844,67.77010345458984,67.76499938964844,67.77010345458984,1073
2026-09-29 13:31:00,1790703060,WRB,67.7699966430664,67.77999877929688,67.7699966430664,67.77999877929688,540
2026-09-29 13:32:00,1790703120,WRB,67.77999877929688,67.83000183105469,67.7699966430664,67.83000183105469,5941
2026-09-29 13:33:00,1790703180,WRB,67.83000183105469,67.83999633789062,67.81500244140625,67.81500244140625,5059
2026-09-29 13:34:00,1790703240,WRB,67.80999755859375,67.83000183105469,67.80999755859375,67.83000183105469,1515
2026-09-29 13:35:00,1790703300,WRB,67.83000183105469,67.83000183105469,67.80000305175781,67.80000305175781,2852
2026-09-29 13:36:00,1790703360,WRB,67.80000305175781,67.80000305175781,67.80000305175781,67.80000305175781,538
2026-09-29 13:37:00,1790703420,WRB,67.79000091552734,67.79499816894531,67.79000091552734,67.79499816894531,754
2026-09-29 13:39:00,1790703540,WRB,67.79499816894531,67.80999755859375,67.79499816894531,67.79499816894531,2042
2026-09-29 13:40:00,1790703600,WRB,67.79499816894531,67.80000305175781,67.79499816894531,67.80000305175781,875
2026-09-29 13:41:00,1790703660,WRB,67.80000305175781,67.81500244140625,67.80000305175781,67.80000305175781,7166
2026-09-29 13:42:00,1790703720,WRB,67.77999877929688,67.80500030517578,67.77999877929688,67.80500030517578,1513
2026-09-29 13:43:00,1790703780,WRB,67.80500030517578,67.80500030517578,67.79499816894531,67.80000305175781,2855
2026-09-29 13:44:00,1790703840,WRB,67.80500030517578,67.82499694824219,67.80500030517578,67.82499694824219,1465
2026-09-29 13:45:00,1790703900,WRB,67.83000183105469,67.83499908447266,67.82499694824219,67.82499694824219,6671
2026-09-29 13:46:00,1790703960,WRB,67.83000183105469,67.83499908447266,67.83000183105469,67.83499908447266,1978
2026-09-29 13:47:00,1790704020,WRB,67.83000183105469,67.83499908447266,67.83000183105469,67.83000183105469,1936
2026-09-29 13:48:00,1790704080,WRB,67.83499908447266,67.83499908447266,67.81999969482422,67.81999969482422,3531
2026-09-29 13:49:00,1790704140,WRB,67.83000183105469,67.83999633789062,67.81999969482422,67.83000183105469,3181
2026-09-29 13:50:00,1790704200,WRB,67.81999969482422,67.82009887695312,67.81999969482422,67.82009887695312,1190
2026-09-29 13:51:00,1790704260,WRB,67.81999969482422,67.81999969482422,67.81999969482422,67.81999969482422,819
2026-09-29 13:52:00,1790704320,WRB,67.81500244140625,67.81500244140625,67.80010223388672,67.80010223388672,1555
2026-09-29 13:53:00,1790704380,WRB,67.80500030517578,67.81500244140625,67.79000091552734,67.79499816894531,6736
2026-09-29 13:54:00,1790704440,WRB,67.79499816894531,67.79499816894531,67.78500366210938,67.78500366210938,2006
2026-09-29 13:55:00,1790704500,WRB,67.78500366210938,67.80000305175781,67.77999877929688,67.80000305175781,6410
2026-09-29 13:56:00,1790704560,WRB,67.80500030517578,67.80999755859375,67.79000091552734,67.80999755859375,4376
2026-09-29 13:57:00,1790704620,WRB,67.80999755859375,67.80999755859375,67.80999755859375,67.80999755859375,1988
2026-09-29 13:58:00,1790704680,WRB,67.80999755859375,67.80999755859375,67.77999877929688,67.79000091552734,2529
2026-09-29 13:59:00,1790704740,WRB,67.80999755859375,67.82499694824219,67.80999755859375,67.82499694824219,1001
2026-09-29 14:00:00,1790704800,WRB,67.83000183105469,67.83499908447266,67.79499816894531,67.80500030517578,5723
2026-09-29 14:01:00,1790704860,WRB,67.80000305175781,67.80000305175781,67.7699966430664,67.7699966430664,3398
2026-09-29 14:02:00,1790704920,WRB,67.77999877929688,67.80000305175781,67.77999877929688,67.79499816894531,2562
2026-09-29 14:03:00,1790704980,WRB,67.80999755859375,67.80999755859375,67.79000091552734,67.79000091552734,2489
2026-09-29 14:04:00,1790705040,WRB,67.78500366210938,67.78500366210938,67.73999786376953,67.73999786376953,1921
2026-09-29 14:05:00,1790705100,WRB,67.7249984741211,67.72799682617188,67.7249984741211,67.7249984741211,1792
2026-09-29 14:06:00,1790705160,WRB,67.70999908447266,67.70999908447266,67.67500305175781,67.68000030517578,4241
2026-09-29 14:07:00,1790705220,WRB,67.66999816894531,67.66999816894531,67.63999938964844,67.63999938964844,4396
2026-09-29 14:08:00,1790705280,WRB,67.5999984741211,67.5999984741211,67.5999984741211,67.5999984741211,611
2026-09-29 14:09:00,1790705340,WRB,67.5999984741211,67.65499877929688,67.59500122070312,67.65499877929688,9282
2026-09-29 14:10:00,1790705400,WRB,67.65499877929688,67.66000366210938,67.6449966430664,67.65499877929688,3046
2026-09-29 14:11:00,1790705460,WRB,67.66999816894531,67.66999816894531,67.66999816894531,67.66999816894531,1361
2026-09-29 14:12:00,1790705520,WRB,67.68000030517578,67.68000030517578,67.66999816894531,67.67500305175781,1879
2026-09-29 14:13:00,1790705580,WRB,67.67500305175781,67.70999908447266,67.67500305175781,67.70999908447266,6060
2026-09-29 14:14:00,1790705640,WRB,67.70500183105469,67.70500183105469,67.70500183105469,67.70500183105469,1178
2026-09-29 14:15:00,1790705700,WRB,67.69499969482422,67.70999908447266,67.68000030517578,67.70999908447266,2518
2026-09-29 14:16:00,1790705760,WRB,67.72000122070312,67.72000122070312,67.70999908447266,67.70999908447266,915
2026-09-29 14:17:00,1790705820,WRB,67.70999908447266,67.70999908447266,67.70999908447266,67.70999908447266,691
2026-09-29 14:18:00,1790705880,WRB,67.70999908447266,67.70999908447266,67.69000244140625,67.70500183105469,3821
2026-09-29 14:19:00,1790705940,WRB,67.70500183105469,67.70999908447266,67.69000244140625,67.70999908447266,3426
2026-09-29 14:20:00,1790706000,WRB,67.72000122070312,67.7249984741211,67.72000122070312,67.7249984741211,2355
2026-09-29 14:21:00,1790706060,WRB,67.73999786376953,67.75499725341797,67.73999786376953,67.75499725341797,1730
2026-09-29 14:22:00,1790706120,WRB,67.76000213623047,67.76000213623047,67.73999786376953,67.73999786376953,2789
2026-09-29 14:23:00,1790706180,WRB,67.75,67.76499938964844,67.75,67.76499938964844,3671
2026-09-29 14:24:00,1790706240,WRB,67.76499938964844,67.76499938964844,67.75,67.75,3216
2026-09-29 14:25:00,1790706300,WRB,67.73999786376953,67.73999786376953,67.7300033569336,67.7300033569336,2360
2026-09-29 14:26:00,1790706360,WRB,67.73500061035156,67.73500061035156,67.73500061035156,67.73500061035156,853
2026-09-29 14:27:00,1790706420,WRB,67.73500061035156,67.73500061035156,67.68499755859375,67.68499755859375,3272
2026-09-29 14:28:00,1790706480,WRB,67.69499969482422,67.7300033569336,67.68499755859375,67.7300033569336,5741
2026-09-29 14:29:00,1790706540,WRB,67.7300033569336,67.75,67.7300033569336,67.75,1483
2026-09-29 14:30:00,1790706600,WRB,67.7699966430664,67.79000091552734,67.7699966430664,67.7699966430664,4691
2026-09-29 14:31:00,1790706660,WRB,67.76000213623047,67.7699966430664,67.76000213623047,67.7699966430664,1524
2026-09-29 14:32:00,1790706720,WRB,67.7699966430664,67.7699966430664,67.75,67.7699966430664,767
2026-09-29 14:33:00,1790706780,WRB,67.7699966430664,67.79000091552734,67.7699966430664,67.78500366210938,3203
2026-09-29 14:34:00,1790706840,WRB,67.78500366210938,67.78500366210938,67.7699966430664,67.7699966430664,1502
2026-09-29 14:35:00,1790706900,WRB,67.77999877929688,67.80999755859375,67.77999877929688,67.80999755859375,2407
2026-09-29 14:36:00,1790706960,WRB,67.80999755859375,67.80999755859375,67.80999755859375,67.80999755859375,588
2026-09-29 14:37:00,1790707020,WRB,67.80999755859375,67.80999755859375,67.79000091552734,67.80000305175781,3443
2026-09-29 14:38:00,1790707080,WRB,67.79000091552734,67.79000091552734,67.77999877929688,67.77999877929688,1649
2026-09-29 14:39:00,1790707140,WRB,67.79499816894531,67.81999969482422,67.79499816894531,67.80999755859375,4342
2026-09-29 14:40:00,1790707200,WRB,67.80999755859375,67.81999969482422,67.79000091552734,67.81999969482422,4140
2026-09-29 14:41:00,1790707260,WRB,67.81999969482422,67.81999969482422,67.79010009765625,67.79010009765625,2421
2026-09-29 14:42:00,1790707320,WRB,67.80500030517578,67.80999755859375,67.80000305175781,67.80000305175781,1448
2026-09-29 14:43:00,1790707380,WRB,67.80500030517578,67.80500030517578,67.79000091552734,67.80500030517578,4000
2026-09-29 14:45:00,1790707500,WRB,67.80999755859375,67.80999755859375,67.79000091552734,67.80000305175781,4880
2026-09-29 14:46:00,1790707560,WRB,67.80000305175781,67.80000305175781,67.80000305175781,67.80000305175781,402
2026-09-29 14:47:00,1790707620,WRB,67.80000305175781,67.80999755859375,67.80000305175781,67.80999755859375,3267
2026-09-29 14:48:00,1790707680,WRB,67.80999755859375,67.80999755859375,67.80999755859375,67.80999755859375,935
2026-09-29 14:49:00,1790707740,WRB,67.80000305175781,67.80000305175781,67.79010009765625,67.79010009765625,2138
2026-09-29 14:50:00,1790707800,WRB,67.79000091552734,67.80999755859375,67.79000091552734,67.80500030517578,4715
2026-09-29 14:51:00,1790707860,WRB,67.80500030517578,67.80500030517578,67.77999877929688,67.77999877929688,4783
2026-09-29 14:52:00,1790707920,WRB,67.79000091552734,67.80999755859375,67.77999877929688,67.80999755859375,4394
2026-09-29 14:53:00,1790707980,WRB,67.81999969482422,67.81999969482422,67.81999969482422,67.81999969482422,2085
2026-09-29 14:54:00,1790708040,WRB,67.81999969482422,67.83000183105469,67.81999969482422,67.83000183105469,1781
2026-09-29 14:55:00,1790708100,WRB,67.82499694824219,67.83000183105469,67.82499694824219,67.83000183105469,3460
2026-09-29 14:56:00,1790708160,WRB,67.83000183105469,67.83989715576172,67.83000183105469,67.83000183105469,3171
2026-09-29 14:57:00,1790708220,WRB,67.83000183105469,67.8499984741211,67.83000183105469,67.8499984741211,3501
2026-09-29 14:58:00,1790708280,WRB,67.83999633789062,67.83999633789062,67.83000183105469,67.83000183105469,2505
2026-09-29 14:59:00,1790708340,WRB,67.83000183105469,67.91999816894531,67.83000183105469,67.91999816894531,10751
2026-09-29 15:00:00,1790708400,WRB,67.93000030517578,67.94999694824219,67.91000366210938,67.91999816894531,6387
2026-09-29 15:01:00,1790708460,WRB,67.91000366210938,67.91999816894531,67.87999725341797,67.87999725341797,4702
2026-09-29 15:02:00,1790708520,WRB,67.87999725341797,67.87999725341797,67.86000061035156,67.86000061035156,9847
2026-09-29 15:03:00,1790708580,WRB,67.86710357666016,67.88999938964844,67.86000061035156,67.86000061035156,6156
2026-09-29 15:04:00,1790708640,WRB,67.8550033569336,67.87999725341797,67.83000183105469,67.83000183105469,1464
2026-09-29 15:05:00,1790708700,WRB,67.84500122070312,67.85990142822266,67.82499694824219,67.82499694824219,4907
2026-09-29 15:06:00,1790708760,WRB,67.82499694824219,67.84500122070312,67.80999755859375,67.84500122070312,3715
2026-09-29 15:07:00,1790708820,WRB,67.84500122070312,67.86000061035156,67.83999633789062,67.84500122070312,2677
2026-09-29 15:08:00,1790708880,WRB,67.84500122070312,67.87999725341797,67.84500122070312,67.87000274658203,2838
2026-09-29 15:09:00,1790708940,WRB,67.875,67.87999725341797,67.86000061035156,67.87999725341797,2040
2026-09-29 15:10:00,1790709000,WRB,67.88999938964844,67.91000366210938,67.88999938964844,67.91000366210938,2616
2026-09-29 15:11:00,1790709060,WRB,67.91000366210938,67.93000030517578,67.9000015258789,67.91999816894531,3635
2026-09-29 15:12:00,1790709120,WRB,67.91999816894531,67.93000030517578,67.91999816894531,67.93000030517578,1191
2026-09-29 15:13:00,1790709180,WRB,67.94000244140625,67.94499969482422,67.94000244140625,67.94499969482422,3892
2026-09-29 15:14:00,1790709240,WRB,67.94499969482422,67.94999694824219,67.93499755859375,67.94999694824219,4202
2026-09-29 15:15:00,1790709300,WRB,67.94999694824219,67.94999694824219,67.94000244140625,67.94999694824219,3405
2026-09-29 15:16:00,1790709360,WRB,67.95999908447266,67.9800033569336,67.95999908447266,67.9800033569336,4183
2026-09-29 15:17:00,1790709420,WRB,67.9800033569336,67.9800033569336,67.97000122070312,67.97000122070312,2081
2026-09-29 15:18:00,1790709480,WRB,67.97000122070312,67.97000122070312,67.95500183105469,67.97000122070312,2829
2026-09-29 15:19:00,1790709540,WRB,67.98999786376953,68.0,67.98999786376953,67.98999786376953,4265
2026-09-29 15:20:00,1790709600,WRB,67.98999786376953,67.98999786376953,67.97000122070312,67.97000122070312,1138
2026-09-29 15:21:00,1790709660,WRB,67.9800033569336,67.9800033569336,67.91999816894531,67.95999908447266,6451
2026-09-29 15:22:00,1790709720,WRB,67.9800033569336,67.99500274658203,67.9800033569336,67.99500274658203,1506
2026-09-29 15:23:00,1790709780,WRB,68.01000213623047,68.0199966430664,68.01000213623047,68.01000213623047,2724
2026-09-29 15:24:00,1790709840,WRB,68.01000213623047,68.01000213623047,68.0,68.01000213623047,3263
2026-09-29 15:25:00,1790709900,WRB,68.0,68.01000213623047,67.98500061035156,68.01000213623047,4686
2026-09-29 15:26:00,1790709960,WRB,68.0199966430664,68.0199966430664,68.0199966430664,68.0199966430664,1875
2026-09-29 15:27:00,1790710020,WRB,68.0199966430664,68.03500366210938,68.0199966430664,68.0199966430664,3337
2026-09-29 15:28:00,1790710080,WRB,68.02999877929688,68.05999755859375,68.02999877929688,68.05999755859375,5242
2026-09-29 15:29:00,1790710140,WRB,68.07499694824219,68.08999633789062,68.05999755859375,68.08999633789062,5530
2026-09-29 15:30:00,1790710200,WRB,68.0999984741211,68.11000061035156,68.08999633789062,68.0999984741211,13809
2026-09-29 15:31:00,1790710260,WRB,68.0999984741211,68.0999984741211,68.08000183105469,68.08999633789062,4902
2026-09-29 15:32:00,1790710320,WRB,68.08999633789062,68.11499786376953,68.05999755859375,68.11499786376953,6999
2026-09-29 15:33:00,1790710380,WRB,68.12000274658203,68.13999938964844,68.11499786376953,68.125,5805
2026-09-29 15:34:00,1790710440,WRB,68.125,68.1500015258789,68.125,68.1500015258789,4168
2026-09-29 15:35:00,1790710500,WRB,68.16500091552734,68.19000244140625,68.16000366210938,68.18000030517578,4883
2026-09-29 15:36:00,1790710560,WRB,68.18499755859375,68.19499969482422,68.18000030517578,68.18000030517578,5109
2026-09-29 15:37:00,1790710620,WRB,68.19000244140625,68.19000244140625,68.16999816894531,68.16999816894531,7544
2026-09-29 15:38:00,1790710680,WRB,68.16999816894531,68.19999694824219,68.16999816894531,68.19999694824219,3508
2026-09-29 15:39:00,1790710740,WRB,68.19000244140625,68.20500183105469,68.18000030517578,68.19999694824219,9052
2026-09-29 15:40:00,1790710800,WRB,68.19999694824219,68.19999694824219,68.19999694824219,68.19999694824219,4004
2026-09-29 15:41:00,1790710860,WRB,68.19999694824219,68.22000122070312,68.16999816894531,68.17500305175781,16724
2026-09-29 15:42:00,1790710920,WRB,68.17500305175781,68.19000244140625,68.16999816894531,68.17500305175781,5238
2026-09-29 15:43:00,1790710980,WRB,68.17500305175781,68.19000244140625,68.17500305175781,68.18499755859375,5550
2026-09-29 15:44:00,1790711040,WRB,68.18499755859375,68.20999908447266,68.18499755859375,68.20999908447266,5940
2026-09-29 15:45:00,1790711100,WRB,68.20999908447266,68.20999908447266,68.16999816894531,68.17500305175781,10411
2026-09-29 15:46:00,1790711160,WRB,68.17500305175781,68.20999908447266,68.16999816894531,68.20999908447266,13152
2026-09-29 15:47:00,1790711220,WRB,68.22000122070312,68.2249984741211,68.20999908447266,68.22000122070312,5619
2026-09-29 15:48:00,1790711280,WRB,68.22000122070312,68.22000122070312,68.18000030517578,68.19499969482422,21038
2026-09-29 15:49:00,1790711340,WRB,68.19000244140625,68.22000122070312,68.18000030517578,68.19999694824219,11707
2026-09-29 15:50:00,1790711400,WRB,68.19499969482422,68.27999877929688,68.19499969482422,68.26499938964844,15378
2026-09-29 15:51:00,1790711460,WRB,68.26499938964844,68.26499938964844,68.21499633789062,68.22000122070312,21342
2026-09-29 15:52:00,1790711520,WRB,68.22000122070312,68.23999786376953,68.20999908447266,68.23500061035156,10190
2026-09-29 15:53:00,1790711580,WRB,68.23999786376953,68.25,68.2300033569336,68.25,10215
2026-09-29 15:54:00,1790711640,WRB,68.25,68.28500366210938,68.22000122070312,68.25499725341797,22534
2026-09-29 15:55:00,1790711700,WRB,68.26000213623047,68.29000091552734,68.26000213623047,68.2699966430664,23277
2026-09-29 15:56:00,1790711760,WRB,68.2699966430664,68.29000091552734,68.25,68.26000213623047,22008
2026-09-29 15:57:00,1790711820,WRB,68.26000213623047,68.29000091552734,68.25,68.27999877929688,39047
2026-09-29 15:58:00,1790711880,WRB,68.27999877929688,68.30999755859375,68.25499725341797,68.26000213623047,72251
2026-09-29 15:59:00,1790711940,WRB,68.26000213623047,68.2699966430664,68.19499969482422,68.2249984741211,113685
2026-09-29 16:00:00,1790712000,WRB,68.22000122070312,68.22000122070312,68.22000122070312,68.22000122070312,0
2026-09-30 09:30:00,1790775000,WRB,68.13999938964844,68.54000091552734,67.97000122070312,67.98999786376953,98078
2026-09-30 09:31:00,1790775060,WRB,68.0250015258789,68.0250015258789,68.0250015258789,68.0250015258789,122
2026-09-30 09:32:00,1790775120,WRB,68.0250015258789,68.0250015258789,68.0250015258789,68.0250015258789,691
2026-09-30 09:33:00,1790775180,WRB,67.83000183105469,67.83000183105469,67.81999969482422,67.81999969482422,1373
2026-09-30 09:35:00,1790775300,WRB,67.8499984741211,68.01499938964844,67.8499984741211,68.01499938964844,3147
2026-09-30 09:36:00,1790775360,WRB,68.12000274658203,68.12000274658203,68.02999877929688,68.02999877929688,836
2026-09-30 09:38:00,1790775480,WRB,68.05999755859375,68.05999755859375,68.05249786376953,68.05249786376953,545
2026-09-30 09:39:00,1790775540,WRB,67.94000244140625,68.05500030517578,67.94000244140625,68.05000305175781,1126
2026-09-30 09:40:00,1790775600,WRB,68.04499816894531,68.1500015258789,68.04499816894531,68.08499908447266,1406
2026-09-30 09:42:00,1790775720,WRB,68.01000213623047,68.04499816894531,68.01000213623047,68.04499816894531,831
2026-09-30 09:43:00,1790775780,WRB,68.06999969482422,68.12000274658203,68.06999969482422,68.12000274658203,2015
2026-09-30 09:44:00,1790775840,WRB,67.98999786376953,67.99500274658203,67.97000122070312,67.99500274658203,755
2026-09-30 09:45:00,1790775900,WRB,68.0,68.01499938964844,67.98999786376953,67.98999786376953,2564
2026-09-30 09:46:00,1790775960,WRB,67.98500061035156,68.0250015258789,67.98500061035156,68.0250015258789,738
2026-09-30 09:47:00,1790776020,WRB,68.02999877929688,68.02999877929688,68.02999877929688,68.02999877929688,250
2026-09-30 09:48:00,1790776080,WRB,68.06999969482422,68.10469818115234,68.05500030517578,68.10469818115234,828
2026-09-30 09:49:00,1790776140,WRB,68.05999755859375,68.05999755859375,68.0,68.01000213623047,2933
2026-09-30 09:50:00,1790776200,WRB,68.05740356445312,68.06999969482422,68.03510284423828,68.06999969482422,2890
2026-09-30 09:51:00,1790776260,WRB,68.06500244140625,68.06500244140625,67.95999908447266,67.95999908447266,2583
2026-09-30 09:54:00,1790776440,WRB,67.94000244140625,67.96849822998047,67.93000030517578,67.96849822998047,1373
2026-09-30 09:55:00,1790776500,WRB,67.95500183105469,67.95500183105469,67.91000366210938,67.94499969482422,2969
2026-09-30 09:56:00,1790776560,WRB,67.91999816894531,67.94499969482422,67.91999816894531,67.94499969482422,1187
2026-09-30 09:57:00,1790776620,WRB,67.94499969482422,67.94499969482422,67.94499969482422,67.94499969482422,279
2026-09-30 09:58:00,1790776680,WRB,67.91000366210938,67.97000122070312,67.9000015258789,67.97000122070312,14881
2026-09-30 09:59:00,1790776740,WRB,67.99500274658203,68.0,67.95999908447266,67.97000122070312,2821
2026-09-30 10:00:00,1790776800,WRB,67.97000122070312,67.97000122070312,67.88500213623047,67.94000244140625,4789
2026-09-30 10:01:00,1790776860,WRB,67.93000030517578,67.95999908447266,67.93000030517578,67.93000030517578,2430
2026-09-30 10:02:00,1790776920,WRB,67.93000030517578,67.93000030517578,67.8499984741211,67.8499984741211,3381
2026-09-30 10:03:00,1790776980,WRB,67.87999725341797,67.93000030517578,67.87999725341797,67.9000015258789,2639
2026-09-30 10:04:00,1790777040,WRB,67.875,67.91999816894531,67.83999633789062,67.91000366210938,3256
2026-09-30 10:05:00,1790777100,WRB,67.91500091552734,67.93499755859375,67.8499984741211,67.93499755859375,2284
2026-09-30 10:06:00,1790777160,WRB,67.91999816894531,67.93000030517578,67.87999725341797,67.91500091552734,7578
2026-09-30 10:07:00,1790777220,WRB,67.93000030517578,67.9800033569336,67.91999816894531,67.91999816894531,2181
2026-09-30 10:08:00,1790777280,WRB,67.90499877929688,67.90499877929688,67.90499877929688,67.90499877929688,1100
2026-09-30 10:09:00,1790777340,WRB,67.91000366210938,67.91000366210938,67.88999938964844,67.88999938964844,1676
2026-09-30 10:10:00,1790777400,WRB,67.95999908447266,67.9749984741211,67.95999908447266,67.9749984741211,1852
2026-09-30 10:11:00,1790777460,WRB,68.0,68.0,68.0,68.0,1129
2026-09-30 10:12:00,1790777520,WRB,68.02999877929688,68.04000091552734,68.01000213623047,68.01010131835938,1902
2026-09-30 10:13:00,1790777580,WRB,68.05000305175781,68.05000305175781,68.04499816894531,68.04499816894531,423
2026-09-30 10:14:00,1790777640,WRB,68.04499816894531,68.05000305175781,68.0199966430664,68.05000305175781,2314
2026-09-30 10:15:00,1790777700,WRB,68.04000091552734,68.04000091552734,68.04000091552734,68.04000091552734,684
2026-09-30 10:16:00,1790777760,WRB,68.01000213623047,68.01000213623047,68.0,68.00499725341797,851
2026-09-30 10:17:00,1790777820,WRB,68.02999877929688,68.05999755859375,68.02999877929688,68.05999755859375,2153
2026-09-30 10:18:00,1790777880,WRB,68.06999969482422,68.09500122070312,68.06500244140625,68.06999969482422,4308
2026-09-30 10:19:00,1790777940,WRB,68.08999633789062,68.08999633789062,68.08000183105469,68.0833969116211,1556
2026-09-30 10:20:00,1790778000,WRB,68.08280181884766,68.08499908447266,68.08280181884766,68.08499908447266,1391
2026-09-30 10:21:00,1790778060,WRB,68.08499908447266,68.11000061035156,68.06999969482422,68.08999633789062,5583
2026-09-30 10:22:00,1790778120,WRB,68.08499908447266,68.08499908447266,68.08499908447266,68.08499908447266,877
2026-09-30 10:23:00,1790778180,WRB,68.08999633789062,68.12999725341797,68.08999633789062,68.11000061035156,7526
2026-09-30 10:24:00,1790778240,WRB,68.0999984741211,68.12999725341797,68.0999984741211,68.12999725341797,687
2026-09-30 10:25:00,1790778300,WRB,68.11000061035156,68.13500213623047,68.06999969482422,68.06999969482422,3484
2026-09-30 10:26:00,1790778360,WRB,68.06500244140625,68.06500244140625,68.03479766845703,68.05999755859375,5684
2026-09-30 10:27:00,1790778420,WRB,68.05999755859375,68.05999755859375,68.04000091552734,68.04000091552734,1969
2026-09-30 10:28:00,1790778480,WRB,68.03500366210938,68.04000091552734,68.0199966430664,68.04000091552734,1986
2026-09-30 10:29:00,1790778540,WRB,68.0115966796875,68.04499816894531,68.0115966796875,68.04499816894531,870
2026-09-30 10:30:00,1790778600,WRB,68.0199966430664,68.06999969482422,68.0199966430664,68.06999969482422,3139
2026-09-30 10:31:00,1790778660,WRB,68.07499694824219,68.07499694824219,68.04000091552734,68.04000091552734,1842
2026-09-30 10:32:00,1790778720,WRB,68.04000091552734,68.04000091552734,68.04000091552734,68.04000091552734,1979
2026-09-30 10:33:00,1790778780,WRB,68.0199966430664,68.0199966430664,68.0199966430664,68.0199966430664,1142
2026-09-30 10:34:00,1790778840,WRB,68.0199966430664,68.05000305175781,68.0199966430664,68.05000305175781,1349
2026-09-30 10:35:00,1790778900,WRB,68.04000091552734,68.08999633789062,68.04000091552734,68.08000183105469,3183
2026-09-30 10:36:00,1790778960,WRB,68.06999969482422,68.06999969482422,68.05999755859375,68.05999755859375,1429
2026-09-30 10:37:00,1790779020,WRB,68.05999755859375,68.05999755859375,68.05000305175781,68.05000305175781,2641
2026-09-30 10:38:00,1790779080,WRB,68.04000091552734,68.04000091552734,68.01499938964844,68.0199966430664,2302
2026-09-30 10:39:00,1790779140,WRB,68.0199966430664,68.0199966430664,68.0199966430664,68.0199966430664,793
2026-09-30 10:40:00,1790779200,WRB,68.04000091552734,68.09500122070312,68.04000091552734,68.09500122070312,2196
2026-09-30 10:41:00,1790779260,WRB,68.0875015258789,68.08999633789062,68.08000183105469,68.08999633789062,1699
2026-09-30 10:42:00,1790779320,WRB,68.08999633789062,68.1050033569336,68.08999633789062,68.1050033569336,1145
2026-09-30 10:43:00,1790779380,WRB,68.11000061035156,68.11000061035156,68.08499908447266,68.0999984741211,1646
2026-09-30 10:44:00,1790779440,WRB,68.08499908447266,68.08499908447266,68.05999755859375,68.05999755859375,1069
2026-09-30 10:45:00,1790779500,WRB,68.05999755859375,68.06999969482422,68.04499816894531,68.06999969482422,5207
2026-09-30 10:46:00,1790779560,WRB,68.08000183105469,68.0999984741211,68.08000183105469,68.0999984741211,1129
2026-09-30 10:47:00,1790779620,WRB,68.12000274658203,68.19000244140625,68.12000274658203,68.19000244140625,1021
2026-09-30 10:48:00,1790779680,WRB,68.18000030517578,68.18000030517578,68.16000366210938,68.16000366210938,927
2026-09-30 10:49:00,1790779740,WRB,68.1500015258789,68.17500305175781,68.13999938964844,68.17500305175781,3682
2026-09-30 10:50:00,1790779800,WRB,68.13500213623047,68.13500213623047,68.11499786376953,68.11499786376953,1090
2026-09-30 10:51:00,1790779860,WRB,68.13500213623047,68.1449966430664,68.13500213623047,68.1449966430664,1430
2026-09-30 10:52:00,1790779920,WRB,68.16000366210938,68.26000213623047,68.16000366210938,68.26000213623047,5583
2026-09-30 10:53:00,1790779980,WRB,68.25499725341797,68.25499725341797,68.25499725341797,68.25499725341797,817
2026-09-30 10:54:00,1790780040,WRB,68.25499725341797,68.26499938964844,68.25499725341797,68.26499938964844,952
2026-09-30 10:55:00,1790780100,WRB,68.2699966430664,68.27999877929688,68.25,68.26000213623047,3090
2026-09-30 10:56:00,1790780160,WRB,68.23999786376953,68.25499725341797,68.23999786376953,68.25499725341797,1544
2026-09-30 10:57:00,1790780220,WRB,68.25,68.25,68.22000122070312,68.23999786376953,4699
2026-09-30 10:58:00,1790780280,WRB,68.23999786376953,68.25499725341797,68.23999786376953,68.24500274658203,785
2026-09-30 10:59:00,1790780340,WRB,68.23999786376953,68.26000213623047,68.23999786376953,68.26000213623047,2003
2026-09-30 11:00:00,1790780400,WRB,68.23999786376953,68.26719665527344,68.2249984741211,68.26719665527344,2027
2026-09-30 11:01:00,1790780460,WRB,68.277099609375,68.30000305175781,68.26000213623047,68.26000213623047,1543
2026-09-30 11:02:00,1790780520,WRB,68.23999786376953,68.23999786376953,68.16999816894531,68.19000244140625,7818
2026-09-30 11:03:00,1790780580,WRB,68.20999908447266,68.22000122070312,68.19999694824219,68.19999694824219,1740
2026-09-30 11:05:00,1790780700,WRB,68.20999908447266,68.22000122070312,68.20999908447266,68.22000122070312,1322
2026-09-30 11:06:00,1790780760,WRB,68.22000122070312,68.23999786376953,68.22000122070312,68.23999786376953,2699
2026-09-30 11:07:00,1790780820,WRB,68.24500274658203,68.25,68.24500274658203,68.25,1403
2026-09-30 11:08:00,1790780880,WRB,68.23999786376953,68.2699966430664,68.23999786376953,68.2699966430664,1145
2026-09-30 11:09:00,1790780940,WRB,68.27010345458984,68.27010345458984,68.25,68.25,1394
2026-09-30 11:10:00,1790781000,WRB,68.29000091552734,68.29000091552734,68.26000213623047,68.26000213623047,3219
2026-09-30 11:11:00,1790781060,WRB,68.2699966430664,68.31500244140625,68.2699966430664,68.31500244140625,4846
2026-09-30 11:12:00,1790781120,WRB,68.30000305175781,68.30000305175781,68.25,68.25499725341797,7896
2026-09-30 11:13:00,1790781180,WRB,68.25499725341797,68.29000091552734,68.25,68.26499938964844,2612
2026-09-30 11:14:00,1790781240,WRB,68.2699966430664,68.2699966430664,68.23999786376953,68.24500274658203,2886
2026-09-30 11:15:00,1790781300,WRB,68.2699966430664,68.30999755859375,68.25,68.30999755859375,2363
2026-09-30 11:16:00,1790781360,WRB,68.30000305175781,68.32499694824219,68.30000305175781,68.30000305175781,2027
2026-09-30 11:17:00,1790781420,WRB,68.30000305175781,68.31999969482422,68.30000305175781,68.31999969482422,1665
2026-09-30 11:18:00,1790781480,WRB,68.33000183105469,68.33000183105469,68.31999969482422,68.33000183105469,1390
2026-09-30 11:19:00,1790781540,WRB,68.33499908447266,68.33499908447266,68.30999755859375,68.30999755859375,1985
2026-09-30 11:20:00,1790781600,WRB,68.30500030517578,68.30500030517578,68.30500030517578,68.30500030517578,996
2026-09-30 11:21:00,1790781660,WRB,68.30500030517578,68.31999969482422,68.30500030517578,68.31999969482422,933
2026-09-30 11:22:00,1790781720,WRB,68.31500244140625,68.31500244140625,68.31500244140625,68.31500244140625,1453
2026-09-30 11:23:00,1790781780,WRB,68.33000183105469,68.33000183105469,68.30000305175781,68.30000305175781,2100
2026-09-30 11:24:00,1790781840,WRB,68.31500244140625,68.31999969482422,68.30999755859375,68.31999969482422,1305
2026-09-30 11:25:00,1790781900,WRB,68.31500244140625,68.31500244140625,68.29000091552734,68.29000091552734,2794
2026-09-30 11:27:00,1790782020,WRB,68.2750015258789,68.2750015258789,68.2750015258789,68.2750015258789,873
2026-09-30 11:28:00,1790782080,WRB,68.29000091552734,68.31999969482422,68.29000091552734,68.31999969482422,1868
2026-09-30 11:29:00,1790782140,WRB,68.32499694824219,68.36000061035156,68.32499694824219,68.36000061035156,2275
2026-09-30 11:30:00,1790782200,WRB,68.34500122070312,68.3550033569336,68.34500122070312,68.3550033569336,897
2026-09-30 11:31:00,1790782260,WRB,68.37000274658203,68.38999938964844,68.37000274658203,68.38999938964844,2494
2026-09-30 11:32:00,1790782320,WRB,68.37999725341797,68.37999725341797,68.36000061035156,68.37000274658203,3894
2026-09-30 11:33:00,1790782380,WRB,68.41000366210938,68.41999816894531,68.41000366210938,68.41999816894531,1874
2026-09-30 11:34:00,1790782440,WRB,68.41999816894531,68.41999816894531,68.38999938964844,68.38999938964844,2774
2026-09-30 11:35:00,1790782500,WRB,68.37999725341797,68.37999725341797,68.30000305175781,68.30000305175781,8668
2026-09-30 11:36:00,1790782560,WRB,68.30000305175781,68.30000305175781,68.27999877929688,68.29499816894531,1274
2026-09-30 11:37:00,1790782620,WRB,68.29000091552734,68.30000305175781,68.29000091552734,68.30000305175781,1691
2026-09-30 11:38:00,1790782680,WRB,68.33000183105469,68.33000183105469,68.29000091552734,68.29000091552734,1189
2026-09-30 11:39:00,1790782740,WRB,68.33000183105469,68.33000183105469,68.29000091552734,68.29000091552734,3788
2026-09-30 11:40:00,1790782800,WRB,68.2699966430664,68.27999877929688,68.26499938964844,68.27999877929688,2054
2026-09-30 11:41:00,1790782860,WRB,68.28500366210938,68.30000305175781,68.28500366210938,68.30000305175781,916
2026-09-30 11:42:00,1790782920,WRB,68.30500030517578,68.30500030517578,68.30500030517578,68.30500030517578,595
2026-09-30 11:43:00,1790782980,WRB,68.30000305175781,68.30000305175781,68.2750015258789,68.30000305175781,2980
2026-09-30 11:44:00,1790783040,WRB,68.30500030517578,68.31999969482422,68.30500030517578,68.31999969482422,2593
2026-09-30 11:45:00,1790783100,WRB,68.31500244140625,68.33999633789062,68.31500244140625,68.33000183105469,1248
2026-09-30 11:46:00,1790783160,WRB,68.31999969482422,68.31999969482422,68.31999969482422,68.31999969482422,726
2026-09-30 11:47:00,1790783220,WRB,68.31999969482422,68.31999969482422,68.25,68.25,3103
2026-09-30 11:48:00,1790783280,WRB,68.24500274658203,68.25,68.24500274658203,68.25,648
2026-09-30 11:49:00,1790783340,WRB,68.26000213623047,68.27999877929688,68.26000213623047,68.27999877929688,1914
2026-09-30 11:50:00,1790783400,WRB,68.27999877929688,68.28500366210938,68.2699966430664,68.2750015258789,1224
2026-09-30 11:51:00,1790783460,WRB,68.2750015258789,68.2750015258789,68.2750015258789,68.2750015258789,2443
2026-09-30 11:52:00,1790783520,WRB,68.27999877929688,68.27999877929688,68.23999786376953,68.23999786376953,1694
2026-09-30 11:53:00,1790783580,WRB,68.22000122070312,68.22000122070312,68.19000244140625,68.19000244140625,1542
2026-09-30 11:54:00,1790783640,WRB,68.19499969482422,68.19499969482422,68.19499969482422,68.19499969482422,793
2026-09-30 11:55:00,1790783700,WRB,68.19499969482422,68.19499969482422,68.19499969482422,68.19499969482422,444
2026-09-30 11:56:00,1790783760,WRB,68.20999908447266,68.2300033569336,68.20999908447266,68.2300033569336,1108
2026-09-30 11:57:00,1790783820,WRB,68.22509765625,68.22509765625,68.20999908447266,68.22000122070312,2986
2026-09-30 11:58:00,1790783880,WRB,68.2249984741211,68.2249984741211,68.22000122070312,68.2249984741211,805
2026-09-30 11:59:00,1790783940,WRB,68.2300033569336,68.25,68.2300033569336,68.25,994
2026-09-30 12:00:00,1790784000,WRB,68.24500274658203,68.26499938964844,68.23999786376953,68.26000213623047,5235
2026-09-30 12:01:00,1790784060,WRB,68.27999877929688,68.31999969482422,68.27999877929688,68.31999969482422,3109
2026-09-30 12:02:00,1790784120,WRB,68.33499908447266,68.36000061035156,68.33499908447266,68.36000061035156,505
2026-09-30 12:03:00,1790784180,WRB,68.3550033569336,68.3550033569336,68.33999633789062,68.33999633789062,999
2026-09-30 12:04:00,1790784240,WRB,68.33999633789062,68.36000061035156,68.33999633789062,68.36000061035156,1581
2026-09-30 12:05:00,1790784300,WRB,68.36499786376953,68.37999725341797,68.36499786376953,68.37999725341797,1740
2026-09-30 12:06:00,1790784360,WRB,68.3949966430664,68.3949966430664,68.3949966430664,68.3949966430664,100
2026-09-30 12:07:00,1790784420,WRB,68.3949966430664,68.3949966430664,68.36000061035156,68.36499786376953,1712
2026-09-30 12:08:00,1790784480,WRB,68.36000061035156,68.36499786376953,68.36000061035156,68.36000061035156,1161
2026-09-30 12:09:00,1790784540,WRB,68.3499984741211,68.3499984741211,68.33999633789062,68.33999633789062,1306
2026-09-30 12:10:00,1790784600,WRB,68.33000183105469,68.33000183105469,68.30999755859375,68.30999755859375,1494
2026-09-30 12:11:00,1790784660,WRB,68.31999969482422,68.3292007446289,68.22000122070312,68.25,23242
2026-09-30 12:12:00,1790784720,WRB,68.25499725341797,68.25499725341797,68.2300033569336,68.2300033569336,2581
2026-09-30 12:13:00,1790784780,WRB,68.22000122070312,68.24500274658203,68.22000122070312,68.23500061035156,5129
2026-09-30 12:14:00,1790784840,WRB,68.24500274658203,68.24500274658203,68.2249984741211,68.2300033569336,1261
2026-09-30 12:15:00,1790784900,WRB,68.23999786376953,68.24500274658203,68.23999786376953,68.24500274658203,1459
2026-09-30 12:16:00,1790784960,WRB,68.24500274658203,68.26499938964844,68.24500274658203,68.26499938964844,3928
2026-09-30 12:17:00,1790785020,WRB,68.26499938964844,68.26499938964844,68.25,68.25,1113
2026-09-30 12:18:00,1790785080,WRB,68.2300033569336,68.25,68.2300033569336,68.23999786376953,1524
2026-09-30 12:19:00,1790785140,WRB,68.24500274658203,68.24500274658203,68.22000122070312,68.24500274658203,1275
2026-09-30 12:20:00,1790785200,WRB,68.24500274658203,68.24500274658203,68.24500274658203,68.24500274658203,339
2026-09-30 12:21:00,1790785260,WRB,68.24500274658203,68.24500274658203,68.2300033569336,68.24500274658203,1179
2026-09-30 12:22:00,1790785320,WRB,68.25,68.25,68.2300033569336,68.2300033569336,482
2026-09-30 12:23:00,1790785380,WRB,68.25499725341797,68.25499725341797,68.2300033569336,68.25,2432
2026-09-30 12:24:00,1790785440,WRB,68.2249984741211,68.2249984741211,68.19000244140625,68.19000244140625,1596
2026-09-30 12:25:00,1790785500,WRB,68.19000244140625,68.19000244140625,68.16999816894531,68.16999816894531,1357
2026-09-30 12:26:00,1790785560,WRB,68.17250061035156,68.17250061035156,68.13999938964844,68.13999938964844,1789
2026-09-30 12:27:00,1790785620,WRB,68.125,68.125,68.11000061035156,68.125,1415
2026-09-30 12:28:00,1790785680,WRB,68.11000061035156,68.125,68.08999633789062,68.08999633789062,9838
2026-09-30 12:29:00,1790785740,WRB,68.08000183105469,68.08000183105469,68.08000183105469,68.08000183105469,822
2026-09-30 12:30:00,1790785800,WRB,68.08000183105469,68.08000183105469,68.06999969482422,68.08000183105469,2206
2026-09-30 12:31:00,1790785860,WRB,68.08999633789062,68.11000061035156,68.08999633789062,68.11000061035156,2686
2026-09-30 12:32:00,1790785920,WRB,68.11000061035156,68.13999938964844,68.11000061035156,68.13999938964844,1356
2026-09-30 12:33:00,1790785980,WRB,68.13999938964844,68.16000366210938,68.13999938964844,68.16000366210938,2841
2026-09-30 12:34:00,1790786040,WRB,68.16999816894531,68.19999694824219,68.16000366210938,68.19999694824219,2773
2026-09-30 12:36:00,1790786160,WRB,68.19999694824219,68.19999694824219,68.19999694824219,68.19999694824219,1224
2026-09-30 12:37:00,1790786220,WRB,68.19999694824219,68.22000122070312,68.19999694824219,68.20500183105469,1359
2026-09-30 12:38:00,1790786280,WRB,68.18000030517578,68.18000030517578,68.16999816894531,68.16999816894531,1956
2026-09-30 12:39:00,1790786340,WRB,68.16000366210938,68.16500091552734,68.16000366210938,68.16500091552734,1370
2026-09-30 12:40:00,1790786400,WRB,68.17500305175781,68.18000030517578,68.16999816894531,68.18000030517578,828
2026-09-30 12:41:00,1790786460,WRB,68.19999694824219,68.20500183105469,68.16999816894531,68.16999816894531,2174
2026-09-30 12:42:00,1790786520,WRB,68.18000030517578,68.18000030517578,68.18000030517578,68.18000030517578,1046
2026-09-30 12:43:00,1790786580,WRB,68.17500305175781,68.19000244140625,68.17500305175781,68.19000244140625,1182
2026-09-30 12:45:00,1790786700,WRB,68.19999694824219,68.20999908447266,68.19999694824219,68.19999694824219,797
2026-09-30 12:46:00,1790786760,WRB,68.22000122070312,68.22000122070312,68.19999694824219,68.22000122070312,1876
2026-09-30 12:47:00,1790786820,WRB,68.20500183105469,68.20500183105469,68.20500183105469,68.20500183105469,1433
2026-09-30 12:48:00,1790786880,WRB,68.19499969482422,68.19499969482422,68.1500015258789,68.1500015258789,1496
2026-09-30 12:49:00,1790786940,WRB,68.13999938964844,68.13999938964844,68.11000061035156,68.12000274658203,2431
2026-09-30 12:50:00,1790787000,WRB,68.13999938964844,68.13999938964844,68.13999938964844,68.13999938964844,770
2026-09-30 12:52:00,1790787120,WRB,68.16999816894531,68.16999816894531,68.16999816894531,68.16999816894531,572
2026-09-30 12:53:00,1790787180,WRB,68.16999816894531,68.18499755859375,68.16999816894531,68.18000030517578,963
2026-09-30 12:54:00,1790787240,WRB,68.16999816894531,68.17500305175781,68.16000366210938,68.17500305175781,2472
2026-09-30 12:55:00,1790787300,WRB,68.17500305175781,68.17500305175781,68.16000366210938,68.16000366210938,974
2026-09-30 12:56:00,1790787360,WRB,68.16000366210938,68.16999816894531,68.16000366210938,68.16999816894531,1471
2026-09-30 12:57:00,1790787420,WRB,68.18000030517578,68.18000030517578,68.18000030517578,68.18000030517578,704
2026-09-30 12:58:00,1790787480,WRB,68.16999816894531,68.19000244140625,68.16999816894531,68.19000244140625,839
2026-09-30 12:59:00,1790787540,WRB,68.16999816894531,68.16999816894531,68.16999816894531,68.16999816894531,311
2026-09-30 13:00:00,1790787600,WRB,68.18009948730469,68.18009948730469,68.18009948730469,68.18009948730469,684
2026-09-30 13:01:00,1790787660,WRB,68.19509887695312,68.19509887695312,68.19499969482422,68.19499969482422,1775
2026-09-30 13:02:00,1790787720,WRB,68.18000030517578,68.19000244140625,68.1500015258789,68.16000366210938,3557
2026-09-30 13:03:00,1790787780,WRB,68.17890167236328,68.17890167236328,68.1500015258789,68.1500015258789,8272
2026-09-30 13:04:00,1790787840,WRB,68.16000366210938,68.16999816894531,68.15499877929688,68.15499877929688,1105
2026-09-30 13:05:00,1790787900,WRB,68.16000366210938,68.18000030517578,68.15499877929688,68.16000366210938,3454
2026-09-30 13:06:00,1790787960,WRB,68.15550231933594,68.16000366210938,68.13999938964844,68.13999938964844,2167
2026-09-30 13:07:00,1790788020,WRB,68.12999725341797,68.12999725341797,68.12000274658203,68.12000274658203,2035
2026-09-30 13:08:00,1790788080,WRB,68.11499786376953,68.11499786376953,68.11499786376953,68.11499786376953,1977
2026-09-30 13:09:00,1790788140,WRB,68.11499786376953,68.11869812011719,68.11000061035156,68.11000061035156,996
2026-09-30 13:10:00,1790788200,WRB,68.12000274658203,68.12999725341797,68.12000274658203,68.12999725341797,1226
2026-09-30 13:11:00,1790788260,WRB,68.12999725341797,68.13999938964844,68.12999725341797,68.13999938964844,1415
2026-09-30 13:13:00,1790788380,WRB,68.13999938964844,68.13999938964844,68.13999938964844,68.13999938964844,1025
2026-09-30 13:14:00,1790788440,WRB,68.13999938964844,68.13999938964844,68.13999938964844,68.13999938964844,702
2026-09-30 13:15:00,1790788500,WRB,68.13500213623047,68.1500015258789,68.13500213623047,68.1500015258789,4774
2026-09-30 13:16:00,1790788560,WRB,68.15499877929688,68.15499877929688,68.15499877929688,68.15499877929688,477
2026-09-30 13:17:00,1790788620,WRB,68.15499877929688,68.15499877929688,68.13999938964844,68.1449966430664,2129
2026-09-30 13:18:00,1790788680,WRB,68.16000366210938,68.16000366210938,68.12999725341797,68.13999938964844,1570
2026-09-30 13:19:00,1790788740,WRB,68.13999938964844,68.13999938964844,68.12999725341797,68.12999725341797,497
2026-09-30 13:20:00,1790788800,WRB,68.12999725341797,68.12999725341797,68.12999725341797,68.12999725341797,438
2026-09-30 13:21:00,1790788860,WRB,68.13999938964844,68.15499877929688,68.13500213623047,68.15499877929688,3138
2026-09-30 13:22:00,1790788920,WRB,68.13999938964844,68.13999938964844,68.12000274658203,68.12000274658203,3587
2026-09-30 13:23:00,1790788980,WRB,68.12999725341797,68.12999725341797,68.0999984741211,68.0999984741211,1833
2026-09-30 13:24:00,1790789040,WRB,68.11000061035156,68.11499786376953,68.11000061035156,68.11499786376953,1649
2026-09-30 13:26:00,1790789160,WRB,68.12010192871094,68.13229370117188,68.12000274658203,68.12000274658203,1444
2026-09-30 13:27:00,1790789220,WRB,68.12000274658203,68.12000274658203,68.08999633789062,68.0999984741211,2401
2026-09-30 13:28:00,1790789280,WRB,68.09459686279297,68.11000061035156,68.08999633789062,68.11000061035156,1015
2026-09-30 13:29:00,1790789340,WRB,68.1050033569336,68.1050033569336,68.1050033569336,68.1050033569336,515
2026-09-30 13:30:00,1790789400,WRB,68.11000061035156,68.125,68.09010314941406,68.09010314941406,3372
2026-09-30 13:31:00,1790789460,WRB,68.09140014648438,68.11000061035156,68.09140014648438,68.0999984741211,1515
2026-09-30 13:32:00,1790789520,WRB,68.11000061035156,68.11000061035156,68.0999984741211,68.0999984741211,2010
2026-09-30 13:33:00,1790789580,WRB,68.08999633789062,68.11000061035156,68.08999633789062,68.0999984741211,4921
2026-09-30 13:34:00,1790789640,WRB,68.0999984741211,68.12000274658203,68.0999984741211,68.12000274658203,9153
2026-09-30 13:35:00,1790789700,WRB,68.12000274658203,68.12000274658203,68.08999633789062,68.08999633789062,2010
2026-09-30 13:36:00,1790789760,WRB,68.08000183105469,68.08000183105469,68.0343017578125,68.0343017578125,4974
2026-09-30 13:37:00,1790789820,WRB,68.04499816894531,68.04499816894531,68.0199966430664,68.04000091552734,1800
2026-09-30 13:38:00,1790789880,WRB,68.05999755859375,68.06500244140625,68.05999755859375,68.06500244140625,608
2026-09-30 13:39:00,1790789940,WRB,68.06500244140625,68.06500244140625,68.05000305175781,68.05999755859375,1180
2026-09-30 13:40:00,1790790000,WRB,68.05000305175781,68.05999755859375,68.05000305175781,68.05999755859375,884
2026-09-30 13:41:00,1790790060,WRB,68.05000305175781,68.05000305175781,68.02999877929688,68.02999877929688,1825
2026-09-30 13:42:00,1790790120,WRB,68.01000213623047,68.01000213623047,68.01000213623047,68.01000213623047,1355
2026-09-30 13:43:00,1790790180,WRB,68.0199966430664,68.02999877929688,68.0199966430664,68.02999877929688,710
2026-09-30 13:44:00,1790790240,WRB,68.04000091552734,68.05500030517578,68.04000091552734,68.05500030517578,2159
2026-09-30 13:45:00,1790790300,WRB,68.05999755859375,68.05999755859375,68.02999877929688,68.02999877929688,1577
2026-09-30 13:46:00,1790790360,WRB,68.0250015258789,68.0250015258789,68.01000213623047,68.01000213623047,2920
2026-09-30 13:47:00,1790790420,WRB,68.0,68.0,67.97000122070312,67.9800033569336,3211
2026-09-30 13:48:00,1790790480,WRB,67.9749984741211,67.9749984741211,67.88999938964844,67.88999938964844,1946
2026-09-30 13:49:00,1790790540,WRB,67.9000015258789,67.93000030517578,67.9000015258789,67.93000030517578,1363
2026-09-30 13:50:00,1790790600,WRB,67.92500305175781,67.94000244140625,67.92500305175781,67.94000244140625,1388
2026-09-30 13:51:00,1790790660,WRB,67.94000244140625,67.94000244140625,67.94000244140625,67.94000244140625,629
2026-09-30 13:52:00,1790790720,WRB,67.95999908447266,67.95999908447266,67.93000030517578,67.93000030517578,2447
2026-09-30 13:53:00,1790790780,WRB,67.9000015258789,67.95500183105469,67.9000015258789,67.94000244140625,1234
2026-09-30 13:54:00,1790790840,WRB,67.94000244140625,67.94000244140625,67.94000244140625,67.94000244140625,260
2026-09-30 13:55:00,1790790900,WRB,67.93499755859375,67.93499755859375,67.93499755859375,67.93499755859375,890
2026-09-30 13:56:00,1790790960,WRB,67.94000244140625,67.95999908447266,67.94000244140625,67.95999908447266,1109
2026-09-30 13:57:00,1790791020,WRB,67.94000244140625,67.94000244140625,67.93000030517578,67.93000030517578,1825
2026-09-30 13:58:00,1790791080,WRB,67.91999816894531,67.91999816894531,67.91999816894531,67.91999816894531,823
2026-09-30 13:59:00,1790791140,WRB,67.91000366210938,67.91999816894531,67.91000366210938,67.91999816894531,946
2026-09-30 14:00:00,1790791200,WRB,67.93000030517578,67.94000244140625,67.92019653320312,67.93499755859375,1258
2026-09-30 14:01:00,1790791260,WRB,67.94999694824219,67.94999694824219,67.91999816894531,67.91999816894531,2516
2026-09-30 14:02:00,1790791320,WRB,67.92500305175781,67.97000122070312,67.92500305175781,67.94499969482422,3039
2026-09-30 14:03:00,1790791380,WRB,67.94499969482422,67.94499969482422,67.93000030517578,67.93000030517578,1509
2026-09-30 14:04:00,1790791440,WRB,67.91000366210938,67.91000366210938,67.87999725341797,67.91000366210938,1620
2026-09-30 14:05:00,1790791500,WRB,67.91999816894531,67.91999816894531,67.91500091552734,67.91500091552734,1320
2026-09-30 14:06:00,1790791560,WRB,67.9000015258789,67.9000015258789,67.83999633789062,67.83999633789062,5426
2026-09-30 14:07:00,1790791620,WRB,67.83499908447266,67.83499908447266,67.81999969482422,67.81999969482422,680
2026-09-30 14:08:00,1790791680,WRB,67.81999969482422,67.81999969482422,67.79000091552734,67.79499816894531,1049
2026-09-30 14:09:00,1790791740,WRB,67.77999877929688,67.77999877929688,67.76000213623047,67.76000213623047,4594
2026-09-30 14:10:00,1790791800,WRB,67.75499725341797,67.7699966430664,67.75499725341797,67.7699966430664,1883
2026-09-30 14:11:00,1790791860,WRB,67.77999877929688,67.78500366210938,67.77999877929688,67.78500366210938,1754
2026-09-30 14:12:00,1790791920,WRB,67.77999877929688,67.79000091552734,67.76000213623047,67.77999877929688,2262
2026-09-30 14:13:00,1790791980,WRB,67.78500366210938,67.78500366210938,67.78500366210938,67.78500366210938,1346
2026-09-30 14:14:00,1790792040,WRB,67.7699966430664,67.7699966430664,67.7699966430664,67.7699966430664,559
2026-09-30 14:15:00,1790792100,WRB,67.79000091552734,67.79000091552734,67.77999877929688,67.77999877929688,2739
2026-09-30 14:16:00,1790792160,WRB,67.7500991821289,67.77999877929688,67.73999786376953,67.76499938964844,8673
2026-09-30 14:18:00,1790792280,WRB,67.76499938964844,67.76499938964844,67.75499725341797,67.75499725341797,962
2026-09-30 14:19:00,1790792340,WRB,67.75,67.75499725341797,67.75,67.75,678
2026-09-30 14:20:00,1790792400,WRB,67.75499725341797,67.75499725341797,67.73999786376953,67.73999786376953,2203
2026-09-30 14:21:00,1790792460,WRB,67.74500274658203,67.76000213623047,67.7249984741211,67.7249984741211,3295
2026-09-30 14:22:00,1790792520,WRB,67.7249984741211,67.7249984741211,67.7249984741211,67.7249984741211,643
2026-09-30 14:23:00,1790792580,WRB,67.7249984741211,67.7249984741211,67.72000122070312,67.72000122070312,1088
2026-09-30 14:24:00,1790792640,WRB,67.72000122070312,67.72000122070312,67.69499969482422,67.69499969482422,1943
2026-09-30 14:25:00,1790792700,WRB,67.68000030517578,67.69999694824219,67.66999816894531,67.69499969482422,2649
2026-09-30 14:26:00,1790792760,WRB,67.69499969482422,67.69499969482422,67.68000030517578,67.69499969482422,615
2026-09-30 14:27:00,1790792820,WRB,67.69499969482422,67.72000122070312,67.69499969482422,67.72000122070312,2437
2026-09-30 14:28:00,1790792880,WRB,67.72000122070312,67.73500061035156,67.72000122070312,67.73500061035156,1532
2026-09-30 14:29:00,1790792940,WRB,67.73500061035156,67.73500061035156,67.73500061035156,67.73500061035156,238
2026-09-30 14:30:00,1790793000,WRB,67.73999786376953,67.73999786376953,67.7300033569336,67.7300033569336,2646
2026-09-30 14:31:00,1790793060,WRB,67.71009826660156,67.72000122070312,67.69499969482422,67.69999694824219,2379
2026-09-30 14:32:00,1790793120,WRB,67.69499969482422,67.69999694824219,67.6676025390625,67.68000030517578,4078
2026-09-30 14:33:00,1790793180,WRB,67.68000030517578,67.68000030517578,67.66500091552734,67.66999816894531,2952
2026-09-30 14:34:00,1790793240,WRB,67.66500091552734,67.66999816894531,67.66500091552734,67.66999816894531,897
2026-09-30 14:35:00,1790793300,WRB,67.66999816894531,67.66999816894531,67.66999816894531,67.66999816894531,1116
2026-09-30 14:36:00,1790793360,WRB,67.66999816894531,67.66999816894531,67.66000366210938,67.66999816894531,2984
2026-09-30 14:37:00,1790793420,WRB,67.66999816894531,67.66999816894531,67.66000366210938,67.66000366210938,492
2026-09-30 14:38:00,1790793480,WRB,67.6500015258789,67.66000366210938,67.6500015258789,67.65499877929688,5162
2026-09-30 14:39:00,1790793540,WRB,67.63999938964844,67.63999938964844,67.61499786376953,67.61499786376953,2280
2026-09-30 14:40:00,1790793600,WRB,67.62000274658203,67.62999725341797,67.61000061035156,67.61000061035156,2017
2026-09-30 14:41:00,1790793660,WRB,67.59500122070312,67.59500122070312,67.58999633789062,67.58999633789062,1305
2026-09-30 14:42:00,1790793720,WRB,67.5999984741211,67.5999984741211,67.58999633789062,67.58999633789062,1004
2026-09-30 14:43:00,1790793780,WRB,67.58000183105469,67.58000183105469,67.57499694824219,67.58000183105469,1681
2026-09-30 14:44:00,1790793840,WRB,67.56999969482422,67.57499694824219,67.56009674072266,67.56009674072266,528
2026-09-30 14:45:00,1790793900,WRB,67.58999633789062,67.58999633789062,67.56999969482422,67.56999969482422,2516
2026-09-30 14:46:00,1790793960,WRB,67.56999969482422,67.56999969482422,67.55999755859375,67.55999755859375,3171
2026-09-30 14:47:00,1790794020,WRB,67.56500244140625,67.56500244140625,67.56500244140625,67.56500244140625,889
2026-09-30 14:48:00,1790794080,WRB,67.55999755859375,67.55999755859375,67.55000305175781,67.55000305175781,2036
2026-09-30 14:49:00,1790794140,WRB,67.54499816894531,67.54499816894531,67.5250015258789,67.5250015258789,2398
2026-09-30 14:50:00,1790794200,WRB,67.52999877929688,67.53949737548828,67.50509643554688,67.53949737548828,2788
2026-09-30 14:51:00,1790794260,WRB,67.54000091552734,67.56999969482422,67.54000091552734,67.56999969482422,2249
2026-09-30 14:52:00,1790794320,WRB,67.56999969482422,67.61000061035156,67.56999969482422,67.6050033569336,2172
2026-09-30 14:53:00,1790794380,WRB,67.6050033569336,67.62000274658203,67.5906982421875,67.62000274658203,1094
2026-09-30 14:54:00,1790794440,WRB,67.61499786376953,67.61499786376953,67.61499786376953,67.61499786376953,1139
2026-09-30 14:55:00,1790794500,WRB,67.62000274658203,67.63500213623047,67.62000274658203,67.63500213623047,2894
2026-09-30 14:56:00,1790794560,WRB,67.63500213623047,67.63500213623047,67.63500213623047,67.63500213623047,1534
2026-09-30 14:57:00,1790794620,WRB,67.63999938964844,67.68000030517578,67.63999938964844,67.63999938964844,8176
2026-09-30 14:58:00,1790794680,WRB,67.62999725341797,67.63500213623047,67.62000274658203,67.63500213623047,2120
2026-09-30 14:59:00,1790794740,WRB,67.6449966430664,67.6449966430664,67.6449966430664,67.6449966430664,1370
2026-09-30 15:00:00,1790794800,WRB,67.62999725341797,67.62999725341797,67.61000061035156,67.625,1302
2026-09-30 15:01:00,1790794860,WRB,67.625,67.63500213623047,67.62000274658203,67.63500213623047,1410
2026-09-30 15:02:00,1790794920,WRB,67.63500213623047,67.66000366210938,67.62000274658203,67.66000366210938,9297
2026-09-30 15:03:00,1790794980,WRB,67.66500091552734,67.66500091552734,67.62000274658203,67.62000274658203,3044
2026-09-30 15:05:00,1790795100,WRB,67.62000274658203,67.63999938964844,67.62000274658203,67.625,3021
2026-09-30 15:06:00,1790795160,WRB,67.61000061035156,67.61499786376953,67.5999984741211,67.5999984741211,2195
2026-09-30 15:07:00,1790795220,WRB,67.58999633789062,67.62000274658203,67.58999633789062,67.62000274658203,2325
2026-09-30 15:08:00,1790795280,WRB,67.62000274658203,67.62000274658203,67.62000274658203,67.62000274658203,1266
2026-09-30 15:09:00,1790795340,WRB,67.62000274658203,67.6500015258789,67.62000274658203,67.6500015258789,1847
2026-09-30 15:10:00,1790795400,WRB,67.66000366210938,67.67500305175781,67.66000366210938,67.67500305175781,1643
2026-09-30 15:11:00,1790795460,WRB,67.68000030517578,67.70500183105469,67.68000030517578,67.70500183105469,1691
2026-09-30 15:12:00,1790795520,WRB,67.701171875,67.70500183105469,67.68000030517578,67.68000030517578,3799
2026-09-30 15:13:00,1790795580,WRB,67.66999816894531,67.68000030517578,67.66999816894531,67.68000030517578,3820
2026-09-30 15:14:00,1790795640,WRB,67.72000122070312,67.72000122070312,67.72000122070312,67.72000122070312,537
2026-09-30 15:15:00,1790795700,WRB,67.72989654541016,67.72989654541016,67.70999908447266,67.70999908447266,3480
2026-09-30 15:16:00,1790795760,WRB,67.73999786376953,67.76000213623047,67.73999786376953,67.73999786376953,2176
2026-09-30 15:17:00,1790795820,WRB,67.75,67.75,67.73999786376953,67.73999786376953,909
2026-09-30 15:18:00,1790795880,WRB,67.74500274658203,67.75,67.7300033569336,67.73500061035156,7069
2026-09-30 15:19:00,1790795940,WRB,67.75,67.75,67.73999786376953,67.73999786376953,809
2026-09-30 15:20:00,1790796000,WRB,67.7300033569336,67.75,67.70999908447266,67.70999908447266,8313
2026-09-30 15:21:00,1790796060,WRB,67.70500183105469,67.70500183105469,67.69000244140625,67.69999694824219,3683
2026-09-30 15:22:00,1790796120,WRB,67.69000244140625,67.7249984741211,67.69000244140625,67.7249984741211,8038
2026-09-30 15:23:00,1790796180,WRB,67.7249984741211,67.7249984741211,67.70999908447266,67.70999908447266,1090
2026-09-30 15:24:00,1790796240,WRB,67.71499633789062,67.76499938964844,67.71499633789062,67.76499938964844,13457
2026-09-30 15:25:00,1790796300,WRB,67.77999877929688,67.79000091552734,67.77999877929688,67.78500366210938,1476
2026-09-30 15:26:00,1790796360,WRB,67.77999877929688,67.83000183105469,67.77999877929688,67.79499816894531,10451
2026-09-30 15:27:00,1790796420,WRB,67.79000091552734,67.79000091552734,67.7699966430664,67.7699966430664,2889
2026-09-30 15:28:00,1790796480,WRB,67.7699966430664,67.7699966430664,67.75,67.76000213623047,3586
2026-09-30 15:29:00,1790796540,WRB,67.76000213623047,67.7750015258789,67.73999786376953,67.7750015258789,10228
2026-09-30 15:30:00,1790796600,WRB,67.7750015258789,67.7750015258789,67.73999786376953,67.74500274658203,4955
2026-09-30 15:31:00,1790796660,WRB,67.73999786376953,67.73999786376953,67.71060180664062,67.72000122070312,3099
2026-09-30 15:32:00,1790796720,WRB,67.70999908447266,67.7249984741211,67.68000030517578,67.68000030517578,7363
2026-09-30 15:33:00,1790796780,WRB,67.69999694824219,67.7249984741211,67.69999694824219,67.72000122070312,5199
2026-09-30 15:34:00,1790796840,WRB,67.70999908447266,67.72000122070312,67.69100189208984,67.69100189208984,5419
2026-09-30 15:35:00,1790796900,WRB,67.69499969482422,67.70999908447266,67.68099975585938,67.69000244140625,8103
2026-09-30 15:36:00,1790796960,WRB,67.68000030517578,67.69000244140625,67.66000366210938,67.66000366210938,7684
2026-09-30 15:37:00,1790797020,WRB,67.66000366210938,67.66999816894531,67.66000366210938,67.66999816894531,8347
2026-09-30 15:38:00,1790797080,WRB,67.66999816894531,67.68000030517578,67.66999816894531,67.66999816894531,5614
2026-09-30 15:39:00,1790797140,WRB,67.68000030517578,67.69000244140625,67.6500015258789,67.66500091552734,6979
2026-09-30 15:40:00,1790797200,WRB,67.66500091552734,67.68000030517578,67.66000366210938,67.68000030517578,5375
2026-09-30 15:41:00,1790797260,WRB,67.66999816894531,67.68000030517578,67.66999816894531,67.68000030517578,6761
2026-09-30 15:42:00,1790797320,WRB,67.68000030517578,67.68499755859375,67.66000366210938,67.68000030517578,9208
2026-09-30 15:43:00,1790797380,WRB,67.67500305175781,67.69000244140625,67.66999816894531,67.66999816894531,7780
2026-09-30 15:44:00,1790797440,WRB,67.66999816894531,67.69999694824219,67.66999816894531,67.69999694824219,4267
2026-09-30 15:45:00,1790797500,WRB,67.69999694824219,67.72000122070312,67.67500305175781,67.67500305175781,17145
2026-09-30 15:46:00,1790797560,WRB,67.66999816894531,67.67500305175781,67.63999938964844,67.66000366210938,7235
2026-09-30 15:47:00,1790797620,WRB,67.66000366210938,67.66799926757812,67.625,67.625,8758
2026-09-30 15:48:00,1790797680,WRB,67.625,67.625,67.55999755859375,67.56500244140625,18242
2026-09-30 15:49:00,1790797740,WRB,67.56500244140625,67.57499694824219,67.55000305175781,67.57499694824219,12196
2026-09-30 15:50:00,1790797800,WRB,67.55999755859375,67.56999969482422,67.47000122070312,67.5199966430664,21478
2026-09-30 15:51:00,1790797860,WRB,67.52999877929688,67.52999877929688,67.45999908447266,67.51000213623047,16322
2026-09-30 15:52:00,1790797920,WRB,67.51000213623047,67.56999969482422,67.51000213623047,67.56999969482422,15312
2026-09-30 15:53:00,1790797980,WRB,67.56999969482422,67.5999984741211,67.53099822998047,67.54499816894531,22257
2026-09-30 15:54:00,1790798040,WRB,67.54000091552734,67.56999969482422,67.51000213623047,67.55999755859375,21223
2026-09-30 15:55:00,1790798100,WRB,67.56999969482422,67.62999725341797,67.55500030517578,67.61000061035156,31987
2026-09-30 15:56:00,1790798160,WRB,67.5999984741211,67.62999725341797,67.58999633789062,67.62000274658203,27325
2026-09-30 15:57:00,1790798220,WRB,67.62000274658203,67.62000274658203,67.55999755859375,67.58000183105469,37054
2026-09-30 15:58:00,1790798280,WRB,67.58000183105469,67.62000274658203,67.55000305175781,67.55000305175781,63210
2026-09-30 15:59:00,1790798340,WRB,67.55000305175781,67.58000183105469,67.48999786376953,67.54000091552734,74801
2026-09-30 16:00:00,1790798400,WRB,67.54000091552734,67.54000091552734,67.54000091552734,67.54000091552734,0
2026-10-01 09:30:00,1790861400,WRB,67.33999633789062,67.55999755859375,66.98999786376953,67.41500091552734,17415
2026-10-01 09:31:00,1790861460,WRB,67.43499755859375,67.62999725341797,67.41999816894531,67.62999725341797,5468
2026-10-01 09:32:00,1790861520,WRB,67.65499877929688,67.65499877929688,67.65499877929688,67.65499877929688,278
2026-10-01 09:33:00,1790861580,WRB,67.65499877929688,67.65499877929688,67.65499877929688,67.65499877929688,300
2026-10-01 09:34:00,1790861640,WRB,67.66000366210938,67.66000366210938,67.66000366210938,67.66000366210938,232
2026-10-01 09:35:00,1790861700,WRB,67.55899810791016,67.81999969482422,67.55899810791016,67.81999969482422,6702
2026-10-01 09:36:00,1790861760,WRB,67.88999938964844,67.98999786376953,67.88999938964844,67.94999694824219,2447
2026-10-01 09:37:00,1790861820,WRB,67.87999725341797,67.94000244140625,67.87000274658203,67.94000244140625,2700
2026-10-01 09:38:00,1790861880,WRB,67.94999694824219,68.02999877929688,67.94999694824219,68.02999877929688,1243
2026-10-01 09:39:00,1790861940,WRB,67.93000030517578,67.95999908447266,67.87999725341797,67.87999725341797,3091
2026-10-01 09:40:00,1790862000,WRB,67.86000061035156,67.87000274658203,67.83999633789062,67.87000274658203,1718
2026-10-01 09:41:00,1790862060,WRB,67.88999938964844,67.92500305175781,67.8499984741211,67.92500305175781,2218
2026-10-01 09:42:00,1790862120,WRB,67.97000122070312,68.06999969482422,67.97000122070312,68.06999969482422,3549
2026-10-01 09:43:00,1790862180,WRB,68.0999984741211,68.0999984741211,68.08999633789062,68.08999633789062,715
2026-10-01 09:44:00,1790862240,WRB,68.08000183105469,68.16000366210938,68.08000183105469,68.12000274658203,3393
2026-10-01 09:45:00,1790862300,WRB,68.06999969482422,68.12000274658203,67.98999786376953,68.12000274658203,8405
2026-10-01 09:46:00,1790862360,WRB,68.12000274658203,68.22000122070312,68.12000274658203,68.19000244140625,2446
2026-10-01 09:47:00,1790862420,WRB,68.19000244140625,68.19000244140625,68.17500305175781,68.17500305175781,1221
2026-10-01 09:48:00,1790862480,WRB,68.22000122070312,68.30000305175781,68.22000122070312,68.2699966430664,5187
2026-10-01 09:49:00,1790862540,WRB,68.19000244140625,68.20999908447266,68.13999938964844,68.20500183105469,2609
2026-10-01 09:50:00,1790862600,WRB,68.10009765625,68.10009765625,68.08000183105469,68.08999633789062,2758
2026-10-01 09:51:00,1790862660,WRB,68.09500122070312,68.12000274658203,68.09500122070312,68.12000274658203,1060
2026-10-01 09:52:00,1790862720,WRB,68.05999755859375,68.23999786376953,68.05999755859375,68.23999786376953,2345
2026-10-01 09:53:00,1790862780,WRB,68.21499633789062,68.21499633789062,68.11000061035156,68.11000061035156,2437
2026-10-01 09:54:00,1790862840,WRB,68.06999969482422,68.16999816894531,68.06999969482422,68.16999816894531,785
2026-10-01 09:55:00,1790862900,WRB,68.19499969482422,68.20999908447266,68.19499969482422,68.20999908447266,1249
2026-10-01 09:56:00,1790862960,WRB,68.22000122070312,68.22000122070312,68.22000122070312,68.22000122070312,115
2026-10-01 09:57:00,1790863020,WRB,68.20999908447266,68.20999908447266,68.20999908447266,68.20999908447266,1986
2026-10-01 09:59:00,1790863140,WRB,68.2300033569336,68.23999786376953,68.2300033569336,68.23999786376953,1608
2026-10-01 10:00:00,1790863200,WRB,68.23999786376953,68.2699966430664,68.2300033569336,68.23999786376953,2872
2026-10-01 10:01:00,1790863260,WRB,68.20999908447266,68.20999908447266,68.12999725341797,68.15499877929688,3079
2026-10-01 10:02:00,1790863320,WRB,68.16500091552734,68.18000030517578,68.16000366210938,68.16999816894531,2288
2026-10-01 10:03:00,1790863380,WRB,68.15750122070312,68.15750122070312,68.04499816894531,68.125,2735
2026-10-01 10:04:00,1790863440,WRB,68.11499786376953,68.13999938964844,68.08000183105469,68.08000183105469,1881
2026-10-01 10:05:00,1790863500,WRB,68.0999984741211,68.1500015258789,68.06999969482422,68.13999938964844,4323
2026-10-01 10:06:00,1790863560,WRB,68.19000244140625,68.22000122070312,68.12000274658203,68.22000122070312,1834
2026-10-01 10:07:00,1790863620,WRB,68.21499633789062,68.21499633789062,68.1500015258789,68.18000030517578,3069
2026-10-01 10:08:00,1790863680,WRB,68.17719268798828,68.17719268798828,68.17500305175781,68.17500305175781,1175
2026-10-01 10:09:00,1790863740,WRB,68.17130279541016,68.23999786376953,68.12000274658203,68.20999908447266,4707
2026-10-01 10:10:00,1790863800,WRB,68.20500183105469,68.22000122070312,68.1500015258789,68.22000122070312,1897
2026-10-01 10:11:00,1790863860,WRB,68.18499755859375,68.29000091552734,68.1759033203125,68.1759033203125,5170
2026-10-01 10:12:00,1790863920,WRB,68.2300033569336,68.2300033569336,68.2300033569336,68.2300033569336,684
2026-10-01 10:13:00,1790863980,WRB,68.30000305175781,68.38999938964844,68.30000305175781,68.33499908447266,3764
2026-10-01 10:14:00,1790864040,WRB,68.3375015258789,68.41000366210938,68.33000183105469,68.375,1996
2026-10-01 10:15:00,1790864100,WRB,68.43000030517578,68.4999008178711,68.43000030517578,68.48999786376953,2975
2026-10-01 10:16:00,1790864160,WRB,68.5,68.50499725341797,68.5,68.50499725341797,1421
2026-10-01 10:17:00,1790864220,WRB,68.55999755859375,68.63999938964844,68.55999755859375,68.58499908447266,4645
2026-10-01 10:18:00,1790864280,WRB,68.58499908447266,68.58499908447266,68.58000183105469,68.58000183105469,445
2026-10-01 10:19:00,1790864340,WRB,68.56500244140625,68.69000244140625,68.52999877929688,68.69000244140625,8049
2026-10-01 10:20:00,1790864400,WRB,68.66000366210938,68.77999877929688,68.66000366210938,68.75499725341797,5065
2026-10-01 10:21:00,1790864460,WRB,68.79000091552734,68.79000091552734,68.66000366210938,68.66000366210938,6249
2026-10-01 10:22:00,1790864520,WRB,68.6500015258789,68.70999908447266,68.6500015258789,68.68191528320312,8578
2026-10-01 10:23:00,1790864580,WRB,68.69499969482422,68.73999786376953,68.68499755859375,68.72840118408203,2635
2026-10-01 10:24:00,1790864640,WRB,68.66000366210938,68.66000366210938,68.61000061035156,68.63500213623047,1937
2026-10-01 10:25:00,1790864700,WRB,68.63258361816406,68.63258361816406,68.54000091552734,68.56999969482422,2758
2026-10-01 10:26:00,1790864760,WRB,68.54000091552734,68.56999969482422,68.51000213623047,68.55999755859375,1718
2026-10-01 10:27:00,1790864820,WRB,68.55999755859375,68.58000183105469,68.51000213623047,68.51000213623047,1505
2026-10-01 10:28:00,1790864880,WRB,68.52999877929688,68.54000091552734,68.45999908447266,68.50499725341797,4642
2026-10-01 10:29:00,1790864940,WRB,68.48999786376953,68.54000091552734,68.48500061035156,68.52999877929688,2788
2026-10-01 10:30:00,1790865000,WRB,68.54499816894531,68.55500030517578,68.54000091552734,68.55500030517578,1993
2026-10-01 10:31:00,1790865060,WRB,68.5999984741211,68.5999984741211,68.52999877929688,68.54000091552734,2097
2026-10-01 10:32:00,1790865120,WRB,68.54000091552734,68.57499694824219,68.54000091552734,68.57499694824219,2216
2026-10-01 10:33:00,1790865180,WRB,68.55000305175781,68.57749938964844,68.54000091552734,68.57749938964844,1024
2026-10-01 10:34:00,1790865240,WRB,68.52999877929688,68.52999877929688,68.4845962524414,68.4845962524414,2247
2026-10-01 10:35:00,1790865300,WRB,68.54499816894531,68.54499816894531,68.54499816894531,68.54499816894531,416
2026-10-01 10:36:00,1790865360,WRB,68.54000091552734,68.58000183105469,68.54000091552734,68.58000183105469,704
2026-10-01 10:37:00,1790865420,WRB,68.55000305175781,68.55999755859375,68.5199966430664,68.55999755859375,1532
2026-10-01 10:38:00,1790865480,WRB,68.5999984741211,68.61000061035156,68.5999984741211,68.61000061035156,3120
2026-10-01 10:40:00,1790865600,WRB,68.69499969482422,68.69499969482422,68.66999816894531,68.66999816894531,1109
2026-10-01 10:41:00,1790865660,WRB,68.62000274658203,68.6500015258789,68.5822982788086,68.5822982788086,5951
2026-10-01 10:42:00,1790865720,WRB,68.58000183105469,68.58000183105469,68.55999755859375,68.56999969482422,1142
2026-10-01 10:43:00,1790865780,WRB,68.52999877929688,68.52999877929688,68.52999877929688,68.52999877929688,584
2026-10-01 10:44:00,1790865840,WRB,68.48999786376953,68.48999786376953,68.44999694824219,68.45999908447266,2387
2026-10-01 10:45:00,1790865900,WRB,68.44000244140625,68.5199966430664,68.44000244140625,68.5199966430664,4107
2026-10-01 10:46:00,1790865960,WRB,68.54000091552734,68.63500213623047,68.54000091552734,68.5999984741211,3341
2026-10-01 10:47:00,1790866020,WRB,68.55000305175781,68.55000305175781,68.55000305175781,68.55000305175781,508
2026-10-01 10:48:00,1790866080,WRB,68.56999969482422,68.61000061035156,68.56999969482422,68.61000061035156,1214
2026-10-01 10:49:00,1790866140,WRB,68.58000183105469,68.58000183105469,68.58000183105469,68.58000183105469,1444
2026-10-01 10:50:00,1790866200,WRB,68.63999938964844,68.6500015258789,68.63999938964844,68.6500015258789,1213
2026-10-01 10:52:00,1790866320,WRB,68.66000366210938,68.66000366210938,68.66000366210938,68.66000366210938,1649
2026-10-01 10:53:00,1790866380,WRB,68.66500091552734,68.66500091552734,68.6500015258789,68.66000366210938,946
2026-10-01 10:54:00,1790866440,WRB,68.6500015258789,68.65499877929688,68.6500015258789,68.65499877929688,1203
2026-10-01 10:55:00,1790866500,WRB,68.65499877929688,68.75,68.63500213623047,68.75,5600
2026-10-01 10:57:00,1790866620,WRB,68.77999877929688,68.77999877929688,68.75,68.75,2411
2026-10-01 10:58:00,1790866680,WRB,68.7300033569336,68.7300033569336,68.66999816894531,68.66999816894531,3398
2026-10-01 10:59:00,1790866740,WRB,68.69000244140625,68.69000244140625,68.69000244140625,68.69000244140625,711
2026-10-01 11:00:00,1790866800,WRB,68.75,68.75,68.73999786376953,68.74500274658203,1521
2026-10-01 11:01:00,1790866860,WRB,68.74500274658203,68.74500274658203,68.68499755859375,68.68499755859375,4550
2026-10-01 11:03:00,1790866980,WRB,68.66999816894531,68.66999816894531,68.62999725341797,68.63500213623047,2656
2026-10-01 11:04:00,1790867040,WRB,68.61000061035156,68.66999816894531,68.61000061035156,68.66999816894531,2376
2026-10-01 11:06:00,1790867160,WRB,68.68000030517578,68.72000122070312,68.68000030517578,68.70500183105469,2693
2026-10-01 11:07:00,1790867220,WRB,68.73999786376953,68.81999969482422,68.73999786376953,68.81999969482422,2145
2026-10-01 11:08:00,1790867280,WRB,68.77999877929688,68.86000061035156,68.77999877929688,68.86000061035156,1209
2026-10-01 11:09:00,1790867340,WRB,68.8499984741211,68.91999816894531,68.8499984741211,68.8949966430664,2524
2026-10-01 11:10:00,1790867400,WRB,68.8949966430664,68.8949966430664,68.8949966430664,68.8949966430664,1652
2026-10-01 11:11:00,1790867460,WRB,68.8949966430664,68.91320037841797,68.8949966430664,68.91320037841797,2228
2026-10-01 11:12:00,1790867520,WRB,68.8949966430664,68.8949966430664,68.88999938964844,68.88999938964844,1178
2026-10-01 11:13:00,1790867580,WRB,68.8949966430664,68.94000244140625,68.8949966430664,68.91999816894531,4347
2026-10-01 11:14:00,1790867640,WRB,68.91999816894531,68.91999816894531,68.88500213623047,68.88500213623047,5184
2026-10-01 11:15:00,1790867700,WRB,68.91000366210938,68.94999694824219,68.91000366210938,68.94999694824219,3065
2026-10-01 11:16:00,1790867760,WRB,68.99500274658203,68.99500274658203,68.94999694824219,68.94999694824219,1388
2026-10-01 11:17:00,1790867820,WRB,68.94000244140625,68.94999694824219,68.94000244140625,68.94999694824219,544
2026-10-01 11:18:00,1790867880,WRB,68.97000122070312,68.98500061035156,68.97000122070312,68.97000122070312,1502
2026-10-01 11:19:00,1790867940,WRB,69.0,69.01000213623047,68.98500061035156,68.98500061035156,2625
2026-10-01 11:20:00,1790868000,WRB,68.98500061035156,68.98500061035156,68.92510223388672,68.95999908447266,1993
2026-10-01 11:21:00,1790868060,WRB,68.9000015258789,68.91500091552734,68.88999938964844,68.91500091552734,588
2026-10-01 11:22:00,1790868120,WRB,68.91000366210938,68.95999908447266,68.8949966430664,68.8949966430664,1219
2026-10-01 11:23:00,1790868180,WRB,68.88999938964844,68.88999938964844,68.8499984741211,68.8499984741211,1712
2026-10-01 11:24:00,1790868240,WRB,68.83000183105469,68.83999633789062,68.81500244140625,68.83999633789062,1780
2026-10-01 11:25:00,1790868300,WRB,68.81500244140625,68.81500244140625,68.79000091552734,68.79000091552734,1751
2026-10-01 11:26:00,1790868360,WRB,68.76499938964844,68.80000305175781,68.76499938964844,68.80000305175781,1706
2026-10-01 11:27:00,1790868420,WRB,68.83000183105469,68.83000183105469,68.83000183105469,68.83000183105469,1065
2026-10-01 11:28:00,1790868480,WRB,68.83000183105469,68.83999633789062,68.80500030517578,68.83999633789062,1975
2026-10-01 11:29:00,1790868540,WRB,68.81999969482422,68.81999969482422,68.79000091552734,68.81999969482422,3341
2026-10-01 11:30:00,1790868600,WRB,68.80000305175781,68.80000305175781,68.80000305175781,68.80000305175781,961
2026-10-01 11:31:00,1790868660,WRB,68.77179718017578,68.77179718017578,68.77179718017578,68.77179718017578,1040
2026-10-01 11:32:00,1790868720,WRB,68.77999877929688,68.80999755859375,68.77999877929688,68.79499816894531,2565
2026-10-01 11:33:00,1790868780,WRB,68.79499816894531,68.79499816894531,68.79499816894531,68.79499816894531,553
2026-10-01 11:34:00,1790868840,WRB,68.80500030517578,68.80500030517578,68.80500030517578,68.80500030517578,879
2026-10-01 11:35:00,1790868900,WRB,68.81999969482422,68.81999969482422,68.80999755859375,68.80999755859375,930
2026-10-01 11:36:00,1790868960,WRB,68.80999755859375,68.83000183105469,68.79000091552734,68.83000183105469,2602
2026-10-01 11:37:00,1790869020,WRB,68.83000183105469,68.9000015258789,68.83000183105469,68.9000015258789,3095
2026-10-01 11:38:00,1790869080,WRB,68.91000366210938,68.91000366210938,68.91000366210938,68.91000366210938,2066
2026-10-01 11:39:00,1790869140,WRB,68.94989776611328,68.98999786376953,68.94989776611328,68.98999786376953,2734
2026-10-01 11:40:00,1790869200,WRB,69.01000213623047,69.02999877929688,69.01000213623047,69.0250015258789,1545
2026-10-01 11:41:00,1790869260,WRB,69.02999877929688,69.03500366210938,69.0,69.0,2962
2026-10-01 11:42:00,1790869320,WRB,68.98500061035156,69.01000213623047,68.98500061035156,69.00499725341797,1841
2026-10-01 11:44:00,1790869440,WRB,68.9800033569336,68.9800033569336,68.95999908447266,68.95999908447266,954
2026-10-01 11:45:00,1790869500,WRB,68.94999694824219,68.94999694824219,68.94499969482422,68.94499969482422,1374
2026-10-01 11:46:00,1790869560,WRB,68.94999694824219,69.02999877929688,68.94999694824219,69.02999877929688,11872
2026-10-01 11:47:00,1790869620,WRB,69.01000213623047,69.0199966430664,68.99500274658203,68.99500274658203,1865
2026-10-01 11:48:00,1790869680,WRB,69.00499725341797,69.00499725341797,69.00499725341797,69.00499725341797,1425
2026-10-01 11:49:00,1790869740,WRB,69.0,69.0,68.9800033569336,68.98999786376953,1168
2026-10-01 11:50:00,1790869800,WRB,68.98999786376953,68.98999786376953,68.95999908447266,68.97000122070312,2697
2026-10-01 11:51:00,1790869860,WRB,68.96499633789062,68.96499633789062,68.95500183105469,68.95500183105469,1230
2026-10-01 11:52:00,1790869920,WRB,68.97000122070312,68.98999786376953,68.94229888916016,68.98500061035156,3154
2026-10-01 11:53:00,1790869980,WRB,68.99749755859375,68.99749755859375,68.94000244140625,68.94000244140625,1871
2026-10-01 11:54:00,1790870040,WRB,68.93000030517578,68.93499755859375,68.91999816894531,68.92720031738281,922
2026-10-01 11:55:00,1790870100,WRB,68.92500305175781,68.94000244140625,68.92500305175781,68.94000244140625,2288
2026-10-01 11:56:00,1790870160,WRB,68.94999694824219,68.94999694824219,68.94999694824219,68.94999694824219,641
2026-10-01 11:57:00,1790870220,WRB,68.93499755859375,68.95149993896484,68.93499755859375,68.95149993896484,2448
2026-10-01 11:58:00,1790870280,WRB,68.95500183105469,68.95500183105469,68.91999816894531,68.94999694824219,1916
2026-10-01 11:59:00,1790870340,WRB,68.94999694824219,68.94999694824219,68.94000244140625,68.94000244140625,1755
2026-10-01 12:00:00,1790870400,WRB,68.94499969482422,69.0199966430664,68.94170379638672,69.00499725341797,3833
2026-10-01 12:01:00,1790870460,WRB,68.9800033569336,68.9800033569336,68.88999938964844,68.88999938964844,1918
2026-10-01 12:02:00,1790870520,WRB,68.88999938964844,68.88999938964844,68.88500213623047,68.88500213623047,2150
2026-10-01 12:03:00,1790870580,WRB,68.83999633789062,68.83999633789062,68.83000183105469,68.83000183105469,1674
2026-10-01 12:06:00,1790870760,WRB,68.83499908447266,68.83499908447266,68.80999755859375,68.80999755859375,1713
2026-10-01 12:07:00,1790870820,WRB,68.83000183105469,68.8550033569336,68.83000183105469,68.83000183105469,1145
2026-10-01 12:08:00,1790870880,WRB,68.83999633789062,68.87000274658203,68.83999633789062,68.87000274658203,949
2026-10-01 12:09:00,1790870940,WRB,68.8550033569336,68.8550033569336,68.83999633789062,68.84500122070312,2346
2026-10-01 12:10:00,1790871000,WRB,68.83000183105469,68.83999633789062,68.80000305175781,68.80000305175781,982
2026-10-01 12:11:00,1790871060,WRB,68.79000091552734,68.79000091552734,68.77999877929688,68.77999877929688,837
2026-10-01 12:12:00,1790871120,WRB,68.77999877929688,68.77999877929688,68.77999877929688,68.77999877929688,2015
2026-10-01 12:14:00,1790871240,WRB,68.7750015258789,68.80000305175781,68.7750015258789,68.77999877929688,2951
2026-10-01 12:15:00,1790871300,WRB,68.76249694824219,68.78500366210938,68.70999908447266,68.70999908447266,2697
2026-10-01 12:16:00,1790871360,WRB,68.76499938964844,68.79000091552734,68.76499938964844,68.79000091552734,1819
2026-10-01 12:17:00,1790871420,WRB,68.83000183105469,68.83000183105469,68.83000183105469,68.83000183105469,466
2026-10-01 12:18:00,1790871480,WRB,68.84500122070312,68.84500122070312,68.83999633789062,68.84500122070312,1263
2026-10-01 12:19:00,1790871540,WRB,68.86000061035156,68.86000061035156,68.8499984741211,68.8499984741211,1375
2026-10-01 12:20:00,1790871600,WRB,68.83000183105469,68.83000183105469,68.79000091552734,68.83000183105469,1793
2026-10-01 12:21:00,1790871660,WRB,68.83000183105469,68.83000183105469,68.83000183105469,68.83000183105469,731
2026-10-01 12:22:00,1790871720,WRB,68.8499984741211,68.8499984741211,68.8499984741211,68.8499984741211,966
2026-10-01 12:23:00,1790871780,WRB,68.87999725341797,68.87999725341797,68.86499786376953,68.86499786376953,1690
2026-10-01 12:24:00,1790871840,WRB,68.86499786376953,68.86499786376953,68.86499786376953,68.86499786376953,814
2026-10-01 12:25:00,1790871900,WRB,68.86499786376953,68.86499786376953,68.86499786376953,68.86499786376953,506
2026-10-01 12:26:00,1790871960,WRB,68.87000274658203,68.87000274658203,68.87000274658203,68.87000274658203,383
2026-10-01 12:27:00,1790872020,WRB,68.82499694824219,68.85990142822266,68.7300033569336,68.77999877929688,8468
2026-10-01 12:28:00,1790872080,WRB,68.77999877929688,68.77999877929688,68.77999877929688,68.77999877929688,1353
2026-10-01 12:29:00,1790872140,WRB,68.81999969482422,68.81999969482422,68.81999969482422,68.81999969482422,267
2026-10-01 12:30:00,1790872200,WRB,68.81999969482422,68.83000183105469,68.80010223388672,68.80010223388672,3384
2026-10-01 12:31:00,1790872260,WRB,68.81999969482422,68.83000183105469,68.81999969482422,68.83000183105469,683
2026-10-01 12:32:00,1790872320,WRB,68.86990356445312,68.86990356445312,68.83499908447266,68.83499908447266,937
2026-10-01 12:33:00,1790872380,WRB,68.83000183105469,68.83000183105469,68.80000305175781,68.80000305175781,2307
2026-10-01 12:34:00,1790872440,WRB,68.80000305175781,68.80000305175781,68.80000305175781,68.80000305175781,514
2026-10-01 12:35:00,1790872500,WRB,68.80000305175781,68.80000305175781,68.80000305175781,68.80000305175781,877
2026-10-01 12:36:00,1790872560,WRB,68.7699966430664,68.7699966430664,68.76000213623047,68.76000213623047,815
2026-10-01 12:37:00,1790872620,WRB,68.72010040283203,68.77999877929688,68.72010040283203,68.76000213623047,2280
2026-10-01 12:38:00,1790872680,WRB,68.76000213623047,68.79499816894531,68.76000213623047,68.79499816894531,6138
2026-10-01 12:39:00,1790872740,WRB,68.83000183105469,68.83999633789062,68.83000183105469,68.83999633789062,1264
2026-10-01 12:40:00,1790872800,WRB,68.81999969482422,68.8499984741211,68.81999969482422,68.8499984741211,2475
2026-10-01 12:41:00,1790872860,WRB,68.88500213623047,68.88500213623047,68.875,68.875,755
2026-10-01 12:42:00,1790872920,WRB,68.875,68.875,68.875,68.875,954
2026-10-01 12:44:00,1790873040,WRB,68.9000015258789,68.92500305175781,68.9000015258789,68.92500305175781,2006
2026-10-01 12:45:00,1790873100,WRB,68.92500305175781,68.92500305175781,68.88999938964844,68.88999938964844,1848
2026-10-01 12:46:00,1790873160,WRB,68.87000274658203,68.87000274658203,68.87000274658203,68.87000274658203,567
2026-10-01 12:47:00,1790873220,WRB,68.88999938964844,68.91000366210938,68.86000061035156,68.89990234375,4563
2026-10-01 12:48:00,1790873280,WRB,68.87000274658203,68.875,68.87000274658203,68.87000274658203,2054
2026-10-01 12:49:00,1790873340,WRB,68.86499786376953,68.87000274658203,68.86499786376953,68.87000274658203,1125
2026-10-01 12:50:00,1790873400,WRB,68.86499786376953,68.86499786376953,68.86499786376953,68.86499786376953,632
2026-10-01 12:51:00,1790873460,WRB,68.86499786376953,68.86499786376953,68.83499908447266,68.83499908447266,1102
2026-10-01 12:52:00,1790873520,WRB,68.80000305175781,68.80999755859375,68.80000305175781,68.80999755859375,985
2026-10-01 12:53:00,1790873580,WRB,68.80999755859375,68.80999755859375,68.73999786376953,68.76000213623047,9644
2026-10-01 12:54:00,1790873640,WRB,68.74500274658203,68.80999755859375,68.74500274658203,68.75499725341797,17807
2026-10-01 12:55:00,1790873700,WRB,68.75499725341797,68.77999877929688,68.69999694824219,68.70999908447266,4434
2026-10-01 12:56:00,1790873760,WRB,68.68000030517578,68.69499969482422,68.6500015258789,68.6500015258789,2286
2026-10-01 12:57:00,1790873820,WRB,68.63999938964844,68.63999938964844,68.5999984741211,68.61000061035156,1984
2026-10-01 12:58:00,1790873880,WRB,68.61000061035156,68.69000244140625,68.6050033569336,68.69000244140625,19777
2026-10-01 12:59:00,1790873940,WRB,68.69000244140625,68.72000122070312,68.69000244140625,68.69999694824219,8123
2026-10-01 13:00:00,1790874000,WRB,68.66999816894531,68.66999816894531,68.66000366210938,68.66999816894531,4783
2026-10-01 13:01:00,1790874060,WRB,68.66999816894531,68.7300033569336,68.66999816894531,68.7300033569336,3739
2026-10-01 13:02:00,1790874120,WRB,68.7699966430664,68.77999877929688,68.7300033569336,68.7300033569336,1889
2026-10-01 13:03:00,1790874180,WRB,68.69999694824219,68.70999908447266,68.69999694824219,68.70999908447266,1444
2026-10-01 13:04:00,1790874240,WRB,68.71499633789062,68.72000122070312,68.71499633789062,68.72000122070312,994
2026-10-01 13:05:00,1790874300,WRB,68.70500183105469,68.70500183105469,68.68000030517578,68.69499969482422,2016
2026-10-01 13:06:00,1790874360,WRB,68.68499755859375,68.68499755859375,68.66999816894531,68.66999816894531,1808
2026-10-01 13:08:00,1790874480,WRB,68.6500015258789,68.6500015258789,68.63999938964844,68.63999938964844,1733
2026-10-01 13:09:00,1790874540,WRB,68.62000274658203,68.63999938964844,68.59500122070312,68.63999938964844,5405
2026-10-01 13:10:00,1790874600,WRB,68.6449966430664,68.70500183105469,68.6449966430664,68.70500183105469,836
2026-10-01 13:11:00,1790874660,WRB,68.6500015258789,68.6500015258789,68.6500015258789,68.6500015258789,234
2026-10-01 13:12:00,1790874720,WRB,68.6449966430664,68.6449966430664,68.625,68.625,730
2026-10-01 13:13:00,1790874780,WRB,68.61000061035156,68.61000061035156,68.58999633789062,68.5999984741211,2327
2026-10-01 13:14:00,1790874840,WRB,68.625,68.625,68.625,68.625,963
2026-10-01 13:15:00,1790874900,WRB,68.625,68.625,68.625,68.625,307
2026-10-01 13:16:00,1790874960,WRB,68.61499786376953,68.6500015258789,68.61000061035156,68.6500015258789,2613
2026-10-01 13:17:00,1790875020,WRB,68.63500213623047,68.6541976928711,68.63500213623047,68.6500015258789,1506
2026-10-01 13:18:00,1790875080,WRB,68.6449966430664,68.6449966430664,68.6449966430664,68.6449966430664,906
2026-10-01 13:19:00,1790875140,WRB,68.66000366210938,68.68000030517578,68.66000366210938,68.68000030517578,2887
2026-10-01 13:20:00,1790875200,WRB,68.68499755859375,68.68499755859375,68.68499755859375,68.68499755859375,282
2026-10-01 13:21:00,1790875260,WRB,68.68000030517578,68.68000030517578,68.68000030517578,68.68000030517578,873
2026-10-01 13:22:00,1790875320,WRB,68.68499755859375,68.68499755859375,68.68000030517578,68.68000030517578,683
2026-10-01 13:23:00,1790875380,WRB,68.68000030517578,68.69319915771484,68.68000030517578,68.69319915771484,902
2026-10-01 13:24:00,1790875440,WRB,68.68499755859375,68.68499755859375,68.68499755859375,68.68499755859375,1270
2026-10-01 13:25:00,1790875500,WRB,68.68499755859375,68.69999694824219,68.6500015258789,68.66500091552734,7816
2026-10-01 13:26:00,1790875560,WRB,68.69000244140625,68.74500274658203,68.69000244140625,68.69999694824219,6573
2026-10-01 13:27:00,1790875620,WRB,68.68319702148438,68.68352508544922,68.68319702148438,68.68352508544922,2804
2026-10-01 13:28:00,1790875680,WRB,68.6500015258789,68.66000366210938,68.6500015258789,68.66000366210938,1779
2026-10-01 13:29:00,1790875740,WRB,68.62999725341797,68.63999938964844,68.62999725341797,68.63999938964844,973
2026-10-01 13:30:00,1790875800,WRB,68.63999938964844,68.68000030517578,68.63999938964844,68.68000030517578,5969
2026-10-01 13:31:00,1790875860,WRB,68.66000366210938,68.69000244140625,68.66000366210938,68.69000244140625,1287
2026-10-01 13:32:00,1790875920,WRB,68.66999816894531,68.68499755859375,68.6449966430664,68.6790542602539,4738
2026-10-01 13:33:00,1790875980,WRB,68.68000030517578,68.68000030517578,68.63999938964844,68.66500091552734,2347
2026-10-01 13:34:00,1790876040,WRB,68.66999816894531,68.69000244140625,68.66000366210938,68.68000030517578,2040
2026-10-01 13:35:00,1790876100,WRB,68.70999908447266,68.72000122070312,68.68499755859375,68.70999908447266,3228
2026-10-01 13:36:00,1790876160,WRB,68.73999786376953,68.80000305175781,68.73999786376953,68.76730346679688,4515
2026-10-01 13:37:00,1790876220,WRB,68.76010131835938,68.76010131835938,68.76000213623047,68.76000213623047,1555
2026-10-01 13:39:00,1790876340,WRB,68.7750015258789,68.87000274658203,68.7750015258789,68.87000274658203,1883
2026-10-01 13:40:00,1790876400,WRB,68.87999725341797,68.88999938964844,68.80000305175781,68.80000305175781,3942
2026-10-01 13:42:00,1790876520,WRB,68.86000061035156,68.87999725341797,68.86000061035156,68.87000274658203,2134
2026-10-01 13:44:00,1790876640,WRB,68.9000015258789,68.93000030517578,68.87999725341797,68.9000015258789,3052
2026-10-01 13:45:00,1790876700,WRB,68.9000015258789,68.9000015258789,68.87999725341797,68.9000015258789,1621
2026-10-01 13:46:00,1790876760,WRB,68.8949966430664,68.8949966430664,68.8949966430664,68.8949966430664,1521
2026-10-01 13:47:00,1790876820,WRB,68.88999938964844,68.88999938964844,68.88999938964844,68.88999938964844,1430
2026-10-01 13:49:00,1790876940,WRB,68.875,68.875,68.875,68.875,667
2026-10-01 13:50:00,1790877000,WRB,68.87000274658203,68.88999938964844,68.86000061035156,68.88999938964844,2486
2026-10-01 13:51:00,1790877060,WRB,68.87000274658203,68.87999725341797,68.87000274658203,68.875,4141
2026-10-01 13:52:00,1790877120,WRB,68.8499984741211,68.8550033569336,68.83000183105469,68.8550033569336,764
2026-10-01 13:53:00,1790877180,WRB,68.8499984741211,68.8499984741211,68.8499984741211,68.8499984741211,731
2026-10-01 13:54:00,1790877240,WRB,68.86000061035156,68.86000061035156,68.83000183105469,68.8499984741211,1898
2026-10-01 13:55:00,1790877300,WRB,68.8499984741211,68.87000274658203,68.8499984741211,68.87000274658203,5548
2026-10-01 13:56:00,1790877360,WRB,68.8499984741211,68.86499786376953,68.8499984741211,68.86499786376953,1084
2026-10-01 13:57:00,1790877420,WRB,68.86499786376953,68.86499786376953,68.8499984741211,68.86000061035156,3007
2026-10-01 13:58:00,1790877480,WRB,68.8301010131836,68.86499786376953,68.8301010131836,68.86499786376953,3448
2026-10-01 13:59:00,1790877540,WRB,68.86499786376953,68.87000274658203,68.8499984741211,68.87000274658203,1779
2026-10-01 14:00:00,1790877600,WRB,68.8499984741211,68.8499984741211,68.81999969482422,68.83000183105469,3720
2026-10-01 14:01:00,1790877660,WRB,68.81999969482422,68.83000183105469,68.8019027709961,68.83000183105469,4723
2026-10-01 14:02:00,1790877720,WRB,68.83499908447266,68.87000274658203,68.83499908447266,68.87000274658203,2806
2026-10-01 14:03:00,1790877780,WRB,68.8550033569336,68.8550033569336,68.8550033569336,68.8550033569336,814
2026-10-01 14:04:00,1790877840,WRB,68.83000183105469,68.83499908447266,68.83000183105469,68.83499908447266,1205
2026-10-01 14:05:00,1790877900,WRB,68.81999969482422,68.87000274658203,68.81999969482422,68.87000274658203,2091
2026-10-01 14:06:00,1790877960,WRB,68.83000183105469,68.83000183105469,68.83000183105469,68.83000183105469,1108
2026-10-01 14:07:00,1790878020,WRB,68.81999969482422,68.84500122070312,68.80000305175781,68.84500122070312,2073
2026-10-01 14:08:00,1790878080,WRB,68.8499984741211,68.87000274658203,68.8499984741211,68.86499786376953,2355
2026-10-01 14:09:00,1790878140,WRB,68.86499786376953,68.88999938964844,68.86499786376953,68.88999938964844,2042
2026-10-01 14:10:00,1790878200,WRB,68.88999938964844,68.88999938964844,68.88999938964844,68.88999938964844,2386
2026-10-01 14:11:00,1790878260,WRB,68.87999725341797,68.9000015258789,68.87999725341797,68.9000015258789,897
2026-10-01 14:12:00,1790878320,WRB,68.8949966430664,68.8949966430664,68.8949966430664,68.8949966430664,1190
2026-10-01 14:13:00,1790878380,WRB,68.87999725341797,68.8949966430664,68.87999725341797,68.8949966430664,1367
2026-10-01 14:14:00,1790878440,WRB,68.88999938964844,68.88999938964844,68.88999938964844,68.88999938964844,394
2026-10-01 14:15:00,1790878500,WRB,68.91000366210938,68.94499969482422,68.9000015258789,68.9000015258789,4134
2026-10-01 14:16:00,1790878560,WRB,68.94999694824219,68.94999694824219,68.94999694824219,68.94999694824219,1103
2026-10-01 14:17:00,1790878620,WRB,68.97000122070312,68.97000122070312,68.94000244140625,68.94000244140625,1654
2026-10-01 14:18:00,1790878680,WRB,68.94000244140625,68.94000244140625,68.92500305175781,68.92500305175781,800
2026-10-01 14:19:00,1790878740,WRB,68.93000030517578,68.93000030517578,68.91000366210938,68.91000366210938,1222
2026-10-01 14:20:00,1790878800,WRB,68.9000015258789,68.9000015258789,68.87000274658203,68.87000274658203,2190
2026-10-01 14:21:00,1790878860,WRB,68.87000274658203,68.87000274658203,68.87000274658203,68.87000274658203,763
2026-10-01 14:22:00,1790878920,WRB,68.87000274658203,68.87000274658203,68.83999633789062,68.8550033569336,3122
2026-10-01 14:23:00,1790878980,WRB,68.86000061035156,68.87999725341797,68.86000061035156,68.87999725341797,958
2026-10-01 14:24:00,1790879040,WRB,68.875,68.875,68.81999969482422,68.81999969482422,3991
2026-10-01 14:25:00,1790879100,WRB,68.83999633789062,68.86000061035156,68.83499908447266,68.86000061035156,1746
2026-10-01 14:26:00,1790879160,WRB,68.86000061035156,68.875,68.8550033569336,68.875,3117
2026-10-01 14:27:00,1790879220,WRB,68.875,68.875,68.83999633789062,68.83999633789062,1255
2026-10-01 14:28:00,1790879280,WRB,68.86000061035156,68.86000061035156,68.86000061035156,68.86000061035156,782
2026-10-01 14:29:00,1790879340,WRB,68.86000061035156,68.87999725341797,68.8499984741211,68.87999725341797,2679
2026-10-01 14:30:00,1790879400,WRB,68.86000061035156,68.8949966430664,68.86000061035156,68.8949966430664,4231
2026-10-01 14:31:00,1790879460,WRB,68.8949966430664,68.8949966430664,68.87999725341797,68.87999725341797,1121
2026-10-01 14:32:00,1790879520,WRB,68.87000274658203,68.94999694824219,68.87000274658203,68.94000244140625,6719
2026-10-01 14:33:00,1790879580,WRB,68.93000030517578,68.94499969482422,68.92070007324219,68.94000244140625,2724
2026-10-01 14:34:00,1790879640,WRB,68.94000244140625,68.94999694824219,68.9000015258789,68.94999694824219,6956
2026-10-01 14:35:00,1790879700,WRB,68.94000244140625,68.94499969482422,68.92500305175781,68.93000030517578,2469
2026-10-01 14:36:00,1790879760,WRB,68.93000030517578,68.93000030517578,68.87999725341797,68.9000015258789,3861
2026-10-01 14:37:00,1790879820,WRB,68.8949966430664,68.91000366210938,68.88999938964844,68.88999938964844,1176
2026-10-01 14:38:00,1790879880,WRB,68.88999938964844,68.91000366210938,68.88999938964844,68.91000366210938,1570
2026-10-01 14:39:00,1790879940,WRB,68.91999816894531,68.94000244140625,68.91000366210938,68.91999816894531,1079
2026-10-01 14:40:00,1790880000,WRB,68.91999816894531,68.91999816894531,68.91500091552734,68.91510009765625,1450
2026-10-01 14:41:00,1790880060,WRB,68.92500305175781,68.95500183105469,68.92500305175781,68.95500183105469,1852
2026-10-01 14:42:00,1790880120,WRB,68.9749984741211,68.9749984741211,68.95069122314453,68.95989990234375,1480
2026-10-01 14:43:00,1790880180,WRB,68.95249938964844,68.95249938964844,68.93000030517578,68.94000244140625,7806
2026-10-01 14:44:00,1790880240,WRB,68.93499755859375,68.93499755859375,68.91000366210938,68.92500305175781,5095
2026-10-01 14:45:00,1790880300,WRB,68.92500305175781,68.93990325927734,68.92500305175781,68.93000030517578,2347
2026-10-01 14:46:00,1790880360,WRB,68.93499755859375,68.95500183105469,68.93499755859375,68.95500183105469,3858
2026-10-01 14:47:00,1790880420,WRB,68.95500183105469,68.95500183105469,68.94000244140625,68.94000244140625,1203
2026-10-01 14:48:00,1790880480,WRB,68.92500305175781,68.94000244140625,68.91130065917969,68.93000030517578,3824
2026-10-01 14:49:00,1790880540,WRB,68.94000244140625,68.94999694824219,68.94000244140625,68.94999694824219,1401
2026-10-01 14:50:00,1790880600,WRB,68.94999694824219,68.94999694824219,68.94499969482422,68.94499969482422,939
2026-10-01 14:51:00,1790880660,WRB,68.94999694824219,68.94999694824219,68.94999694824219,68.94999694824219,691
2026-10-01 14:52:00,1790880720,WRB,68.95500183105469,68.95500183105469,68.94000244140625,68.94499969482422,2059
2026-10-01 14:53:00,1790880780,WRB,68.93000030517578,68.93000030517578,68.88999938964844,68.88999938964844,4667
2026-10-01 14:54:00,1790880840,WRB,68.91000366210938,68.91000366210938,68.91000366210938,68.91000366210938,1067
2026-10-01 14:55:00,1790880900,WRB,68.91000366210938,68.91999816894531,68.90499877929688,68.91500091552734,6617
2026-10-01 14:56:00,1790880960,WRB,68.93000030517578,68.94000244140625,68.91500091552734,68.91500091552734,2389
2026-10-01 14:57:00,1790881020,WRB,68.91000366210938,68.91000366210938,68.81999969482422,68.83000183105469,9622
2026-10-01 14:58:00,1790881080,WRB,68.83000183105469,68.83000183105469,68.80500030517578,68.80500030517578,3030
2026-10-01 15:00:00,1790881200,WRB,68.80999755859375,68.81999969482422,68.80999755859375,68.81500244140625,1482
2026-10-01 15:01:00,1790881260,WRB,68.79000091552734,68.79000091552734,68.7699966430664,68.7750015258789,1935
2026-10-01 15:02:00,1790881320,WRB,68.76000213623047,68.79499816894531,68.76000213623047,68.77999877929688,3292
2026-10-01 15:03:00,1790881380,WRB,68.79000091552734,68.80999755859375,68.79000091552734,68.80500030517578,2838
2026-10-01 15:04:00,1790881440,WRB,68.80500030517578,68.83499908447266,68.80500030517578,68.83499908447266,2644
2026-10-01 15:05:00,1790881500,WRB,68.83499908447266,68.83499908447266,68.81999969482422,68.81999969482422,2365
2026-10-01 15:06:00,1790881560,WRB,68.81999969482422,68.81999969482422,68.80999755859375,68.81990051269531,2117
2026-10-01 15:07:00,1790881620,WRB,68.79499816894531,68.80999755859375,68.73999786376953,68.7699966430664,7066
2026-10-01 15:08:00,1790881680,WRB,68.7699966430664,68.80000305175781,68.7699966430664,68.79499816894531,4284
2026-10-01 15:09:00,1790881740,WRB,68.79499816894531,68.79499816894531,68.79499816894531,68.79499816894531,1126
2026-10-01 15:10:00,1790881800,WRB,68.80999755859375,68.8499984741211,68.80999755859375,68.83000183105469,5379
2026-10-01 15:11:00,1790881860,WRB,68.8499984741211,68.8550033569336,68.8499984741211,68.8499984741211,2710
2026-10-01 15:12:00,1790881920,WRB,68.8499984741211,68.91000366210938,68.8499984741211,68.87000274658203,3250
2026-10-01 15:13:00,1790881980,WRB,68.87999725341797,68.87999725341797,68.87000274658203,68.87000274658203,968
2026-10-01 15:14:00,1790882040,WRB,68.875,68.88999938964844,68.87000274658203,68.88999938964844,4303
2026-10-01 15:15:00,1790882100,WRB,68.88999938964844,68.88999938964844,68.88999938964844,68.88999938964844,492
2026-10-01 15:16:00,1790882160,WRB,68.88999938964844,68.91000366210938,68.87000274658203,68.87000274658203,5433
2026-10-01 15:17:00,1790882220,WRB,68.8499984741211,68.86499786376953,68.8499984741211,68.8499984741211,3338
2026-10-01 15:18:00,1790882280,WRB,68.83000183105469,68.88999938964844,68.83000183105469,68.875,3334
2026-10-01 15:19:00,1790882340,WRB,68.87930297851562,68.88500213623047,68.87930297851562,68.88500213623047,3452
2026-10-01 15:20:00,1790882400,WRB,68.9000015258789,68.9000015258789,68.87000274658203,68.87000274658203,2386
2026-10-01 15:21:00,1790882460,WRB,68.875,68.88999938964844,68.83000183105469,68.83000183105469,3268
2026-10-01 15:22:00,1790882520,WRB,68.81999969482422,68.82499694824219,68.80999755859375,68.80999755859375,4159
2026-10-01 15:23:00,1790882580,WRB,68.83000183105469,68.8499984741211,68.83000183105469,68.83999633789062,7751
2026-10-01 15:24:00,1790882640,WRB,68.83999633789062,68.8499984741211,68.80999755859375,68.81500244140625,4981
2026-10-01 15:25:00,1790882700,WRB,68.81500244140625,68.8499984741211,68.80999755859375,68.8499984741211,3963
2026-10-01 15:26:00,1790882760,WRB,68.83499908447266,68.83499908447266,68.83499908447266,68.83499908447266,694
2026-10-01 15:27:00,1790882820,WRB,68.86000061035156,68.87999725341797,68.86000061035156,68.875,3723
2026-10-01 15:28:00,1790882880,WRB,68.875,68.88999938964844,68.8499984741211,68.88500213623047,8872
2026-10-01 15:29:00,1790882940,WRB,68.87000274658203,68.88500213623047,68.87000274658203,68.87999725341797,3672
2026-10-01 15:30:00,1790883000,WRB,68.87999725341797,68.88500213623047,68.87000274658203,68.87999725341797,3187
2026-10-01 15:31:00,1790883060,WRB,68.87999725341797,68.91000366210938,68.87999725341797,68.9000015258789,9278
2026-10-01 15:32:00,1790883120,WRB,68.91000366210938,68.91000366210938,68.87000274658203,68.87999725341797,12797
2026-10-01 15:33:00,1790883180,WRB,68.875,68.93000030517578,68.875,68.93000030517578,7275
2026-10-01 15:34:00,1790883240,WRB,68.93000030517578,68.9749984741211,68.93000030517578,68.94999694824219,9156
2026-10-01 15:35:00,1790883300,WRB,68.94999694824219,68.97000122070312,68.94000244140625,68.95999908447266,4779
2026-10-01 15:36:00,1790883360,WRB,68.95500183105469,68.97000122070312,68.94000244140625,68.94999694824219,8205
2026-10-01 15:37:00,1790883420,WRB,68.94000244140625,68.94999694824219,68.93000030517578,68.94999694824219,6768
2026-10-01 15:38:00,1790883480,WRB,68.94000244140625,68.94999694824219,68.92500305175781,68.92500305175781,5440
2026-10-01 15:39:00,1790883540,WRB,68.91999816894531,68.91999816894531,68.87999725341797,68.88999938964844,6782
2026-10-01 15:40:00,1790883600,WRB,68.88999938964844,68.91999816894531,68.88999938964844,68.91000366210938,6232
2026-10-01 15:41:00,1790883660,WRB,68.91000366210938,68.91000366210938,68.87000274658203,68.90499877929688,9205
2026-10-01 15:42:00,1790883720,WRB,68.90010070800781,68.93499755859375,68.90010070800781,68.91100311279297,7209
2026-10-01 15:43:00,1790883780,WRB,68.93000030517578,68.93499755859375,68.91999816894531,68.93000030517578,7056
2026-10-01 15:44:00,1790883840,WRB,68.93499755859375,68.93609619140625,68.91999816894531,68.92500305175781,6860
2026-10-01 15:45:00,1790883900,WRB,68.92500305175781,68.92500305175781,68.9000015258789,68.91000366210938,5467
2026-10-01 15:46:00,1790883960,WRB,68.91000366210938,68.94999694824219,68.91000366210938,68.94000244140625,14456
2026-10-01 15:47:00,1790884020,WRB,68.9209976196289,68.94999694824219,68.91999816894531,68.94999694824219,6941
2026-10-01 15:48:00,1790884080,WRB,68.94999694824219,68.98999786376953,68.94999694824219,68.9800033569336,5948
2026-10-01 15:49:00,1790884140,WRB,68.9800033569336,68.9800033569336,68.93499755859375,68.94499969482422,10749
2026-10-01 15:50:00,1790884200,WRB,68.95999908447266,69.06500244140625,68.95999908447266,69.06500244140625,8739
2026-10-01 15:51:00,1790884260,WRB,69.06500244140625,69.09500122070312,69.06500244140625,69.09500122070312,11712
2026-10-01 15:52:00,1790884320,WRB,69.09500122070312,69.11000061035156,69.06999969482422,69.06999969482422,12215
2026-10-01 15:53:00,1790884380,WRB,69.05999755859375,69.06500244140625,69.04000091552734,69.04000091552734,6623
2026-10-01 15:54:00,1790884440,WRB,69.04000091552734,69.08499908447266,69.04000091552734,69.08499908447266,15785
2026-10-01 15:55:00,1790884500,WRB,69.08999633789062,69.12999725341797,69.08999633789062,69.11000061035156,19598
2026-10-01 15:56:00,1790884560,WRB,69.11499786376953,69.13999938964844,69.0801010131836,69.08999633789062,24158
2026-10-01 15:57:00,1790884620,WRB,69.08999633789062,69.11499786376953,69.05999755859375,69.05999755859375,41538
2026-10-01 15:58:00,1790884680,WRB,69.06500244140625,69.06500244140625,68.87000274658203,68.87000274658203,49976
2026-10-01 15:59:00,1790884740,WRB,68.87999725341797,68.91500091552734,68.86499786376953,68.91000366210938,75586
2026-10-01 16:00:00,1790884800,WRB,68.9000015258789,68.9000015258789,68.9000015258789,68.9000015258789,0
2026-10-02 09:30:00,1790947800,WRB,68.83000183105469,68.83000183105469,68.69499969482422,68.69499969482422,12763
2026-10-02 09:31:00,1790947860,WRB,68.8499984741211,68.95999908447266,68.6500015258789,68.6500015258789,5931
2026-10-02 09:32:00,1790947920,WRB,68.7300033569336,68.7699966430664,68.7300033569336,68.7699966430664,1471
2026-10-02 09:33:00,1790947980,WRB,68.80000305175781,68.80000305175781,68.7699966430664,68.7699966430664,888
2026-10-02 09:34:00,1790948040,WRB,68.8324966430664,68.8324966430664,68.72000122070312,68.74500274658203,1012
2026-10-02 09:35:00,1790948100,WRB,68.61000061035156,68.77999877929688,68.58000183105469,68.76499938964844,1560
2026-10-02 09:36:00,1790948160,WRB,68.81500244140625,68.81500244140625,68.81500244140625,68.81500244140625,497
2026-10-02 09:37:00,1790948220,WRB,68.8550033569336,69.01499938964844,68.8550033569336,69.01499938964844,1101
2026-10-02 09:38:00,1790948280,WRB,68.98500061035156,68.98500061035156,68.98500061035156,68.98500061035156,362
2026-10-02 09:39:00,1790948340,WRB,68.98500061035156,69.0199966430664,68.98500061035156,69.0199966430664,994
2026-10-02 09:41:00,1790948460,WRB,69.11000061035156,69.19999694824219,69.11000061035156,69.15139770507812,1914
2026-10-02 09:42:00,1790948520,WRB,69.19999694824219,69.19999694824219,69.13999938964844,69.18000030517578,2808
2026-10-02 09:43:00,1790948580,WRB,69.19000244140625,69.19000244140625,69.0999984741211,69.13999938964844,1394
2026-10-02 09:44:00,1790948640,WRB,69.16500091552734,69.16500091552734,69.16500091552734,69.16500091552734,539
2026-10-02 09:45:00,1790948700,WRB,69.29499816894531,69.31500244140625,69.22000122070312,69.22000122070312,2928
2026-10-02 09:46:00,1790948760,WRB,69.25,69.26000213623047,69.19999694824219,69.19999694824219,3427
2026-10-02 09:48:00,1790948880,WRB,69.19000244140625,69.19999694824219,69.0999984741211,69.0999984741211,2030
2026-10-02 09:49:00,1790948940,WRB,69.05000305175781,69.13999938964844,69.05000305175781,69.13999938964844,704
2026-10-02 09:50:00,1790949000,WRB,69.09500122070312,69.09500122070312,69.09500122070312,69.09500122070312,574
2026-10-02 09:51:00,1790949060,WRB,69.05000305175781,69.05500030517578,69.04000091552734,69.04000091552734,1104
2026-10-02 09:52:00,1790949120,WRB,69.0,69.0,68.94999694824219,68.94999694824219,1328
2026-10-02 09:53:00,1790949180,WRB,68.9000015258789,68.9000015258789,68.75,68.75,1644
2026-10-02 09:54:00,1790949240,WRB,68.7699966430664,68.8499984741211,68.7699966430664,68.8499984741211,1563
2026-10-02 09:55:00,1790949300,WRB,68.83000183105469,68.83000183105469,68.79000091552734,68.79000091552734,2966
2026-10-02 09:56:00,1790949360,WRB,68.80999755859375,68.80999755859375,68.80999755859375,68.80999755859375,252
2026-10-02 09:57:00,1790949420,WRB,68.77999877929688,68.77999877929688,68.77999877929688,68.77999877929688,790
2026-10-02 09:58:00,1790949480,WRB,68.76000213623047,68.80989837646484,68.75499725341797,68.80989837646484,884
2026-10-02 10:00:00,1790949600,WRB,68.80000305175781,68.80000305175781,68.80000305175781,68.80000305175781,1125
2026-10-02 10:01:00,1790949660,WRB,68.88500213623047,68.93990325927734,68.88500213623047,68.88999938964844,962
2026-10-02 10:02:00,1790949720,WRB,68.8949966430664,68.8949966430664,68.8499984741211,68.87999725341797,954
2026-10-02 10:03:00,1790949780,WRB,68.91000366210938,68.91000366210938,68.83999633789062,68.83999633789062,1702
2026-10-02 10:04:00,1790949840,WRB,68.8499984741211,68.8499984741211,68.80000305175781,68.81999969482422,2798
2026-10-02 10:05:00,1790949900,WRB,68.76000213623047,68.81999969482422,68.76000213623047,68.81999969482422,1430
2026-10-02 10:06:00,1790949960,WRB,68.80000305175781,68.80000305175781,68.80000305175781,68.80000305175781,776
2026-10-02 10:07:00,1790950020,WRB,68.79000091552734,68.79000091552734,68.73999786376953,68.73999786376953,1493
2026-10-02 10:08:00,1790950080,WRB,68.7750015258789,68.83000183105469,68.7645034790039,68.7645034790039,2483
2026-10-02 10:09:00,1790950140,WRB,68.7699966430664,68.83000183105469,68.7699966430664,68.77999877929688,2670
2026-10-02 10:10:00,1790950200,WRB,68.81999969482422,68.81999969482422,68.81999969482422,68.81999969482422,1067
2026-10-02 10:11:00,1790950260,WRB,68.77999877929688,68.77999877929688,68.66999816894531,68.66999816894531,5509
2026-10-02 10:12:00,1790950320,WRB,68.6500015258789,68.69999694824219,68.63999938964844,68.69999694824219,5446
2026-10-02 10:13:00,1790950380,WRB,68.66000366210938,68.66000366210938,68.5999984741211,68.6500015258789,2955
2026-10-02 10:14:00,1790950440,WRB,68.66999816894531,68.66999816894531,68.6500015258789,68.6500015258789,862
2026-10-02 10:15:00,1790950500,WRB,68.66999816894531,68.66999816894531,68.62999725341797,68.62999725341797,1366
2026-10-02 10:16:00,1790950560,WRB,68.63999938964844,68.69999694824219,68.63999938964844,68.69499969482422,4736
2026-10-02 10:17:00,1790950620,WRB,68.66999816894531,68.69000244140625,68.55500030517578,68.55500030517578,6604
2026-10-02 10:18:00,1790950680,WRB,68.55500030517578,68.58000183105469,68.55000305175781,68.58000183105469,1547
2026-10-02 10:19:00,1790950740,WRB,68.56999969482422,68.56999969482422,68.54000091552734,68.54000091552734,2469
2026-10-02 10:20:00,1790950800,WRB,68.5999984741211,68.62999725341797,68.5999984741211,68.62999725341797,1244
2026-10-02 10:21:00,1790950860,WRB,68.62000274658203,68.62000274658203,68.62000274658203,68.62000274658203,440
2026-10-02 10:22:00,1790950920,WRB,68.63999938964844,68.66000366210938,68.61000061035156,68.62000274658203,4210
2026-10-02 10:23:00,1790950980,WRB,68.5999984741211,68.61750030517578,68.56500244140625,68.56500244140625,7024
2026-10-02 10:24:00,1790951040,WRB,68.56999969482422,68.5999984741211,68.56999969482422,68.58999633789062,1072
2026-10-02 10:25:00,1790951100,WRB,68.5999984741211,68.5999984741211,68.59500122070312,68.5999984741211,6196
2026-10-02 10:26:00,1790951160,WRB,68.5999984741211,68.62999725341797,68.5999984741211,68.62000274658203,2987
2026-10-02 10:27:00,1790951220,WRB,68.61499786376953,68.61499786376953,68.5999984741211,68.5999984741211,585
2026-10-02 10:28:00,1790951280,WRB,68.62000274658203,68.63500213623047,68.61000061035156,68.61000061035156,2000
2026-10-02 10:29:00,1790951340,WRB,68.63999938964844,68.63999938964844,68.63999938964844,68.63999938964844,467
2026-10-02 10:30:00,1790951400,WRB,68.63999938964844,68.63999938964844,68.52999877929688,68.5999984741211,10127
2026-10-02 10:31:00,1790951460,WRB,68.63500213623047,68.66999816894531,68.63500213623047,68.66000366210938,1993
2026-10-02 10:32:00,1790951520,WRB,68.63999938964844,68.66000366210938,68.62999725341797,68.6500015258789,33525
2026-10-02 10:33:00,1790951580,WRB,68.6500015258789,68.69000244140625,68.6500015258789,68.66780090332031,2476
2026-10-02 10:34:00,1790951640,WRB,68.68499755859375,68.70999908447266,68.66000366210938,68.66000366210938,4335
2026-10-02 10:35:00,1790951700,WRB,68.66999816894531,68.69000244140625,68.66999816894531,68.69000244140625,2304
2026-10-02 10:36:00,1790951760,WRB,68.66000366210938,68.69000244140625,68.66000366210938,68.69000244140625,1122
2026-10-02 10:37:00,1790951820,WRB,68.69000244140625,68.7699966430664,68.69000244140625,68.70999908447266,3763
2026-10-02 10:38:00,1790951880,WRB,68.70999908447266,68.70999908447266,68.66999816894531,68.69999694824219,1792
2026-10-02 10:39:00,1790951940,WRB,68.68499755859375,68.69999694824219,68.6500015258789,68.6500015258789,4714
2026-10-02 10:40:00,1790952000,WRB,68.67500305175781,68.67500305175781,68.66000366210938,68.66000366210938,2150
2026-10-02 10:41:00,1790952060,WRB,68.6500015258789,68.68499755859375,68.63999938964844,68.68499755859375,2809
2026-10-02 10:42:00,1790952120,WRB,68.68000030517578,68.68000030517578,68.62999725341797,68.6500015258789,6088
2026-10-02 10:43:00,1790952180,WRB,68.69999694824219,68.69999694824219,68.69999694824219,68.69999694824219,803
2026-10-02 10:44:00,1790952240,WRB,68.72000122070312,68.75749969482422,68.72000122070312,68.73999786376953,1891
2026-10-02 10:45:00,1790952300,WRB,68.72000122070312,68.75,68.72000122070312,68.75,1330
2026-10-02 10:46:00,1790952360,WRB,68.75499725341797,68.76000213623047,68.73999786376953,68.75499725341797,1563
2026-10-02 10:47:00,1790952420,WRB,68.75499725341797,68.7699966430664,68.75499725341797,68.7699966430664,3136
2026-10-02 10:49:00,1790952540,WRB,68.76000213623047,68.76000213623047,68.75,68.75,1045
2026-10-02 10:50:00,1790952600,WRB,68.7699966430664,68.7699966430664,68.75029754638672,68.75029754638672,1603
2026-10-02 10:51:00,1790952660,WRB,68.7500991821289,68.7500991821289,68.7300033569336,68.7300033569336,7139
2026-10-02 10:52:00,1790952720,WRB,68.7300033569336,68.7300033569336,68.69999694824219,68.72000122070312,3006
2026-10-02 10:53:00,1790952780,WRB,68.70719909667969,68.75,68.70719909667969,68.75,4397
2026-10-02 10:54:00,1790952840,WRB,68.75,68.75499725341797,68.66999816894531,68.66999816894531,8522
2026-10-02 10:55:00,1790952900,WRB,68.66999816894531,68.66999816894531,68.62999725341797,68.66000366210938,2801
2026-10-02 10:56:00,1790952960,WRB,68.69000244140625,68.78500366210938,68.69000244140625,68.78500366210938,4299
2026-10-02 10:57:00,1790953020,WRB,68.75499725341797,68.76000213623047,68.75499725341797,68.76000213623047,838
2026-10-02 10:58:00,1790953080,WRB,68.75499725341797,68.75499725341797,68.73999786376953,68.73999786376953,903
2026-10-02 10:59:00,1790953140,WRB,68.69499969482422,68.69499969482422,68.68009948730469,68.68009948730469,948
2026-10-02 11:00:00,1790953200,WRB,68.68000030517578,68.7300033569336,68.68000030517578,68.7249984741211,2810
2026-10-02 11:01:00,1790953260,WRB,68.76000213623047,68.76000213623047,68.71279907226562,68.71279907226562,2473
2026-10-02 11:02:00,1790953320,WRB,68.72000122070312,68.76000213623047,68.70010375976562,68.7300033569336,4532
2026-10-02 11:04:00,1790953440,WRB,68.75,68.76000213623047,68.72000122070312,68.7300033569336,1682
2026-10-02 11:05:00,1790953500,WRB,68.74600219726562,68.75,68.73500061035156,68.73500061035156,1826
2026-10-02 11:06:00,1790953560,WRB,68.73999786376953,68.73999786376953,68.70999908447266,68.70999908447266,1346
2026-10-02 11:07:00,1790953620,WRB,68.70999908447266,68.73500061035156,68.70999908447266,68.73500061035156,1123
2026-10-02 11:08:00,1790953680,WRB,68.72000122070312,68.72000122070312,68.6500015258789,68.6500015258789,3054
2026-10-02 11:09:00,1790953740,WRB,68.62999725341797,68.62999725341797,68.61000061035156,68.61000061035156,2228
2026-10-02 11:10:00,1790953800,WRB,68.5999984741211,68.5999984741211,68.55999755859375,68.55999755859375,1670
2026-10-02 11:11:00,1790953860,WRB,68.58000183105469,68.59500122070312,68.57499694824219,68.59500122070312,1276
2026-10-02 11:12:00,1790953920,WRB,68.58999633789062,68.60749816894531,68.58999633789062,68.59369659423828,2514
2026-10-02 11:13:00,1790953980,WRB,68.58999633789062,68.58999633789062,68.58000183105469,68.58000183105469,965
2026-10-02 11:14:00,1790954040,WRB,68.58499908447266,68.5999984741211,68.58499908447266,68.5999984741211,1100
2026-10-02 11:15:00,1790954100,WRB,68.62999725341797,68.62999725341797,68.59500122070312,68.59500122070312,2012
2026-10-02 11:16:00,1790954160,WRB,68.59500122070312,68.5999984741211,68.55999755859375,68.55999755859375,2190
2026-10-02 11:17:00,1790954220,WRB,68.56500244140625,68.56500244140625,68.5199966430664,68.5199966430664,1822
2026-10-02 11:18:00,1790954280,WRB,68.5250015258789,68.54499816894531,68.5,68.51000213623047,4284
2026-10-02 11:19:00,1790954340,WRB,68.5,68.52999877929688,68.5,68.52999877929688,2551
2026-10-02 11:20:00,1790954400,WRB,68.55999755859375,68.58999633789062,68.55020141601562,68.58999633789062,5968
2026-10-02 11:21:00,1790954460,WRB,68.58000183105469,68.58499908447266,68.55999755859375,68.55999755859375,1816
2026-10-02 11:23:00,1790954580,WRB,68.55000305175781,68.55999755859375,68.55000305175781,68.55999755859375,897
2026-10-02 11:24:00,1790954640,WRB,68.54499816894531,68.54499816894531,68.54499816894531,68.54499816894531,713
2026-10-02 11:25:00,1790954700,WRB,68.5199966430664,68.54000091552734,68.5199966430664,68.54000091552734,1842
2026-10-02 11:26:00,1790954760,WRB,68.54499816894531,68.54499816894531,68.54499816894531,68.54499816894531,569
2026-10-02 11:27:00,1790954820,WRB,68.54499816894531,68.55000305175781,68.54499816894531,68.55000305175781,1476
2026-10-02 11:28:00,1790954880,WRB,68.55500030517578,68.55500030517578,68.55500030517578,68.55500030517578,506
2026-10-02 11:29:00,1790954940,WRB,68.56999969482422,68.57499694824219,68.56999969482422,68.57499694824219,1520
2026-10-02 11:30:00,1790955000,WRB,68.58999633789062,68.6500015258789,68.58999633789062,68.6500015258789,2786
2026-10-02 11:31:00,1790955060,WRB,68.6500015258789,68.6500015258789,68.58999633789062,68.58999633789062,3623
2026-10-02 11:32:00,1790955120,WRB,68.5999984741211,68.61000061035156,68.58999633789062,68.61000061035156,1431
2026-10-02 11:33:00,1790955180,WRB,68.66000366210938,68.66000366210938,68.63999938964844,68.6500015258789,1128
2026-10-02 11:34:00,1790955240,WRB,68.6449966430664,68.69000244140625,68.6449966430664,68.66000366210938,24889
2026-10-02 11:35:00,1790955300,WRB,68.68000030517578,68.69999694824219,68.68000030517578,68.69999694824219,1610
2026-10-02 11:36:00,1790955360,WRB,68.70999908447266,68.74500274658203,68.70999908447266,68.70999908447266,2170
2026-10-02 11:37:00,1790955420,WRB,68.69000244140625,68.75499725341797,68.69000244140625,68.75499725341797,2020
2026-10-02 11:38:00,1790955480,WRB,68.73999786376953,68.73999786376953,68.69000244140625,68.69999694824219,3034
2026-10-02 11:39:00,1790955540,WRB,68.72000122070312,68.72000122070312,68.72000122070312,68.72000122070312,856
2026-10-02 11:40:00,1790955600,WRB,68.73999786376953,68.73999786376953,68.7300033569336,68.7300033569336,2484
2026-10-02 11:41:00,1790955660,WRB,68.7249984741211,68.76000213623047,68.72000122070312,68.7300033569336,1985
2026-10-02 11:42:00,1790955720,WRB,68.74500274658203,68.75499725341797,68.74500274658203,68.75499725341797,820
2026-10-02 11:43:00,1790955780,WRB,68.75,68.76000213623047,68.75,68.76000213623047,964
2026-10-02 11:44:00,1790955840,WRB,68.76000213623047,68.77999877929688,68.70999908447266,68.70999908447266,3776
2026-10-02 11:45:00,1790955900,WRB,68.69999694824219,68.70999908447266,68.67500305175781,68.67500305175781,1485
2026-10-02 11:46:00,1790955960,WRB,68.68000030517578,68.69000244140625,68.68000030517578,68.69000244140625,1683
2026-10-02 11:47:00,1790956020,WRB,68.67500305175781,68.67500305175781,68.66999816894531,68.66999816894531,743
2026-10-02 11:48:00,1790956080,WRB,68.66999816894531,68.68499755859375,68.63999938964844,68.63999938964844,14738
2026-10-02 11:49:00,1790956140,WRB,68.68000030517578,68.69999694824219,68.66000366210938,68.66000366210938,5372
2026-10-02 11:50:00,1790956200,WRB,68.63999938964844,68.63999938964844,68.6050033569336,68.6050033569336,1347
2026-10-02 11:51:00,1790956260,WRB,68.58999633789062,68.58999633789062,68.55000305175781,68.55000305175781,1616
2026-10-02 11:52:00,1790956320,WRB,68.54000091552734,68.58999633789062,68.54000091552734,68.58999633789062,2333
2026-10-02 11:53:00,1790956380,WRB,68.61000061035156,68.61000061035156,68.59500122070312,68.59500122070312,1175
2026-10-02 11:54:00,1790956440,WRB,68.61000061035156,68.66000366210938,68.61000061035156,68.6449966430664,2903
2026-10-02 11:55:00,1790956500,WRB,68.62999725341797,68.62999725341797,68.5999984741211,68.6050033569336,3296
2026-10-02 11:57:00,1790956620,WRB,68.58499908447266,68.58499908447266,68.56999969482422,68.56999969482422,887
2026-10-02 11:58:00,1790956680,WRB,68.55999755859375,68.56999969482422,68.55999755859375,68.56999969482422,1111
2026-10-02 11:59:00,1790956740,WRB,68.56999969482422,68.56999969482422,68.56999969482422,68.56999969482422,1121
2026-10-02 12:00:00,1790956800,WRB,68.58999633789062,68.5999984741211,68.58039855957031,68.58039855957031,1255
2026-10-02 12:01:00,1790956860,WRB,68.59500122070312,68.5999984741211,68.59500122070312,68.59500122070312,1316
2026-10-02 12:02:00,1790956920,WRB,68.59500122070312,68.59500122070312,68.56500244140625,68.56500244140625,1186
2026-10-02 12:03:00,1790956980,WRB,68.55999755859375,68.56500244140625,68.51000213623047,68.51000213623047,3257
2026-10-02 12:04:00,1790957040,WRB,68.5,68.5,68.5,68.5,605
2026-10-02 12:05:00,1790957100,WRB,68.4800033569336,68.4800033569336,68.47000122070312,68.47000122070312,2319
2026-10-02 12:07:00,1790957220,WRB,68.44000244140625,68.44000244140625,68.41000366210938,68.43000030517578,1056
2026-10-02 12:08:00,1790957280,WRB,68.42500305175781,68.42500305175781,68.42500305175781,68.42500305175781,377
2026-10-02 12:09:00,1790957340,WRB,68.43000030517578,68.43000030517578,68.43000030517578,68.43000030517578,696
2026-10-02 12:10:00,1790957400,WRB,68.44999694824219,68.44999694824219,68.41000366210938,68.41000366210938,1277
2026-10-02 12:11:00,1790957460,WRB,68.42500305175781,68.42500305175781,68.42289733886719,68.42289733886719,752
2026-10-02 12:12:00,1790957520,WRB,68.41999816894531,68.41999816894531,68.41999816894531,68.41999816894531,620
2026-10-02 12:13:00,1790957580,WRB,68.43000030517578,68.44499969482422,68.43000030517578,68.44000244140625,2884
2026-10-02 12:14:00,1790957640,WRB,68.43000030517578,68.45500183105469,68.43000030517578,68.45500183105469,1264
2026-10-02 12:15:00,1790957700,WRB,68.45999908447266,68.45999908447266,68.44999694824219,68.44999694824219,767
2026-10-02 12:16:00,1790957760,WRB,68.44999694824219,68.45999908447266,68.44000244140625,68.45999908447266,2106
2026-10-02 12:17:00,1790957820,WRB,68.47000122070312,68.50499725341797,68.47000122070312,68.50499725341797,2429
2026-10-02 12:18:00,1790957880,WRB,68.48999786376953,68.5199966430664,68.48999786376953,68.5199966430664,1772
2026-10-02 12:19:00,1790957940,WRB,68.5199966430664,68.52999877929688,68.5199966430664,68.5199966430664,1009
2026-10-02 12:20:00,1790958000,WRB,68.51000213623047,68.51000213623047,68.51000213623047,68.51000213623047,1037
2026-10-02 12:21:00,1790958060,WRB,68.52999877929688,68.52999877929688,68.52999877929688,68.52999877929688,393
2026-10-02 12:22:00,1790958120,WRB,68.54000091552734,68.54000091552734,68.5,68.51000213623047,1754
2026-10-02 12:23:00,1790958180,WRB,68.51000213623047,68.51000213623047,68.47000122070312,68.4800033569336,3304
2026-10-02 12:24:00,1790958240,WRB,68.45999908447266,68.46499633789062,68.4000015258789,68.4000015258789,2394
2026-10-02 12:25:00,1790958300,WRB,68.4000015258789,68.40499877929688,68.37999725341797,68.38999938964844,5536
2026-10-02 12:26:00,1790958360,WRB,68.37000274658203,68.37999725341797,68.36000061035156,68.36000061035156,3501
2026-10-02 12:27:00,1790958420,WRB,68.4000015258789,68.41999816894531,68.4000015258789,68.41999816894531,1313
2026-10-02 12:28:00,1790958480,WRB,68.44000244140625,68.44000244140625,68.44000244140625,68.44000244140625,285
2026-10-02 12:29:00,1790958540,WRB,68.44999694824219,68.47000122070312,68.44999694824219,68.47000122070312,1085
2026-10-02 12:30:00,1790958600,WRB,68.47000122070312,68.47000122070312,68.47000122070312,68.47000122070312,376
2026-10-02 12:31:00,1790958660,WRB,68.47000122070312,68.47000122070312,68.44999694824219,68.47000122070312,1185
2026-10-02 12:32:00,1790958720,WRB,68.47000122070312,68.47000122070312,68.44999694824219,68.44999694824219,1044
2026-10-02 12:33:00,1790958780,WRB,68.45500183105469,68.47000122070312,68.45500183105469,68.47000122070312,3081
2026-10-02 12:35:00,1790958900,WRB,68.4800033569336,68.48999786376953,68.44999694824219,68.44999694824219,2984
2026-10-02 12:36:00,1790958960,WRB,68.45999908447266,68.45999908447266,68.45999908447266,68.45999908447266,290
2026-10-02 12:37:00,1790959020,WRB,68.44000244140625,68.47000122070312,68.44000244140625,68.47000122070312,1909
2026-10-02 12:38:00,1790959080,WRB,68.4800033569336,68.5,68.4800033569336,68.5,1385
2026-10-02 12:39:00,1790959140,WRB,68.51000213623047,68.5199966430664,68.51000213623047,68.5199966430664,694
2026-10-02 12:40:00,1790959200,WRB,68.5199966430664,68.5199966430664,68.5199966430664,68.5199966430664,321
2026-10-02 12:41:00,1790959260,WRB,68.5199966430664,68.5199966430664,68.5199966430664,68.5199966430664,2046
2026-10-02 12:42:00,1790959320,WRB,68.5,68.5,68.5,68.5,1626
2026-10-02 12:43:00,1790959380,WRB,68.5199966430664,68.55000305175781,68.5199966430664,68.55000305175781,843
2026-10-02 12:44:00,1790959440,WRB,68.54499816894531,68.55000305175781,68.54000091552734,68.55000305175781,996
2026-10-02 12:45:00,1790959500,WRB,68.52999877929688,68.5470962524414,68.52999877929688,68.5470962524414,2513
2026-10-02 12:46:00,1790959560,WRB,68.55999755859375,68.55999755859375,68.55500030517578,68.55500030517578,1274
2026-10-02 12:47:00,1790959620,WRB,68.55500030517578,68.55500030517578,68.5199966430664,68.5199966430664,2069
2026-10-02 12:48:00,1790959680,WRB,68.5,68.5,68.4800033569336,68.4800033569336,1065
2026-10-02 12:49:00,1790959740,WRB,68.5,68.55500030517578,68.5,68.55500030517578,2151
2026-10-02 12:50:00,1790959800,WRB,68.55500030517578,68.5999984741211,68.55500030517578,68.5999984741211,1565
2026-10-02 12:51:00,1790959860,WRB,68.61499786376953,68.62000274658203,68.61000061035156,68.62000274658203,836
2026-10-02 12:52:00,1790959920,WRB,68.62000274658203,68.63999938964844,68.62000274658203,68.63999938964844,1252
2026-10-02 12:53:00,1790959980,WRB,68.66000366210938,68.66000366210938,68.66000366210938,68.66000366210938,389
2026-10-02 12:54:00,1790960040,WRB,68.68499755859375,68.68499755859375,68.68499755859375,68.68499755859375,1273
2026-10-02 12:55:00,1790960100,WRB,68.69499969482422,68.70500183105469,68.66999816894531,68.69999694824219,1448
2026-10-02 12:56:00,1790960160,WRB,68.68000030517578,68.68499755859375,68.6500015258789,68.6500015258789,1880
2026-10-02 12:57:00,1790960220,WRB,68.66000366210938,68.66000366210938,68.66000366210938,68.66000366210938,459
2026-10-02 12:58:00,1790960280,WRB,68.67919921875,68.67919921875,68.63999938964844,68.63999938964844,1789
2026-10-02 12:59:00,1790960340,WRB,68.66000366210938,68.66000366210938,68.65499877929688,68.66000366210938,1676
2026-10-02 13:00:00,1790960400,WRB,68.65499877929688,68.69999694824219,68.65499877929688,68.69999694824219,1799
2026-10-02 13:01:00,1790960460,WRB,68.69999694824219,68.69999694824219,68.69999694824219,68.69999694824219,915
2026-10-02 13:02:00,1790960520,WRB,68.69000244140625,68.69000244140625,68.69000244140625,68.69000244140625,832
2026-10-02 13:03:00,1790960580,WRB,68.68000030517578,68.68000030517578,68.66999816894531,68.66999816894531,1018
2026-10-02 13:04:00,1790960640,WRB,68.66999816894531,68.68009948730469,68.66000366210938,68.66000366210938,1910
2026-10-02 13:07:00,1790960820,WRB,68.66371154785156,68.66371154785156,68.6500015258789,68.6500015258789,422
2026-10-02 13:08:00,1790960880,WRB,68.68099975585938,68.68099975585938,68.66999816894531,68.66999816894531,1068
2026-10-02 13:09:00,1790960940,WRB,68.69000244140625,68.69000244140625,68.69000244140625,68.69000244140625,519
2026-10-02 13:10:00,1790961000,WRB,68.68499755859375,68.72000122070312,68.68499755859375,68.72000122070312,1473
2026-10-02 13:11:00,1790961060,WRB,68.71499633789062,68.71499633789062,68.69999694824219,68.70999908447266,4520
2026-10-02 13:13:00,1790961180,WRB,68.7300033569336,68.7300033569336,68.7300033569336,68.7300033569336,857
2026-10-02 13:14:00,1790961240,WRB,68.73500061035156,68.73500061035156,68.70999908447266,68.70999908447266,1548
2026-10-02 13:15:00,1790961300,WRB,68.72000122070312,68.72530364990234,68.70999908447266,68.72530364990234,1430
2026-10-02 13:16:00,1790961360,WRB,68.71499633789062,68.76000213623047,68.71499633789062,68.75,3439
2026-10-02 13:17:00,1790961420,WRB,68.76000213623047,68.76000213623047,68.76000213623047,68.76000213623047,565
2026-10-02 13:18:00,1790961480,WRB,68.76319885253906,68.76319885253906,68.75499725341797,68.75499725341797,919
2026-10-02 13:19:00,1790961540,WRB,68.7699966430664,68.77999877929688,68.7699966430664,68.77999877929688,775
2026-10-02 13:20:00,1790961600,WRB,68.77999877929688,68.81999969482422,68.77999877929688,68.8030014038086,4179
2026-10-02 13:21:00,1790961660,WRB,68.81999969482422,68.83999633789062,68.81999969482422,68.83999633789062,996
2026-10-02 13:22:00,1790961720,WRB,68.83000183105469,68.83000183105469,68.80000305175781,68.80000305175781,2286
2026-10-02 13:23:00,1790961780,WRB,68.83999633789062,68.83999633789062,68.83999633789062,68.83999633789062,271
2026-10-02 13:24:00,1790961840,WRB,68.83000183105469,68.85990142822266,68.83000183105469,68.83999633789062,4208
2026-10-02 13:25:00,1790961900,WRB,68.84500122070312,68.86000061035156,68.84500122070312,68.86000061035156,2263
2026-10-02 13:26:00,1790961960,WRB,68.87999725341797,68.87999725341797,68.87999725341797,68.87999725341797,2681
2026-10-02 13:27:00,1790962020,WRB,68.88999938964844,68.88999938964844,68.82009887695312,68.83999633789062,14232
2026-10-02 13:28:00,1790962080,WRB,68.83000183105469,68.8499984741211,68.80999755859375,68.8499984741211,2454
2026-10-02 13:29:00,1790962140,WRB,68.86000061035156,68.86000061035156,68.86000061035156,68.86000061035156,637
2026-10-02 13:30:00,1790962200,WRB,68.87999725341797,68.87999725341797,68.87000274658203,68.87000274658203,1121
2026-10-02 13:31:00,1790962260,WRB,68.87000274658203,68.87000274658203,68.8499984741211,68.8499984741211,1667
2026-10-02 13:32:00,1790962320,WRB,68.86000061035156,68.875,68.86000061035156,68.875,890
2026-10-02 13:33:00,1790962380,WRB,68.9000015258789,68.9000015258789,68.88639831542969,68.88639831542969,1051
2026-10-02 13:34:00,1790962440,WRB,68.9000015258789,68.9000015258789,68.9000015258789,68.9000015258789,740
2026-10-02 13:35:00,1790962500,WRB,68.93000030517578,68.93000030517578,68.91000366210938,68.91500091552734,2980
2026-10-02 13:37:00,1790962620,WRB,68.91999816894531,68.91999816894531,68.9000015258789,68.9000015258789,766
2026-10-02 13:39:00,1790962740,WRB,68.92900085449219,68.93000030517578,68.92900085449219,68.93000030517578,1317
2026-10-02 13:40:00,1790962800,WRB,68.92420196533203,68.94779968261719,68.92420196533203,68.94779968261719,920
2026-10-02 13:41:00,1790962860,WRB,68.91999816894531,68.91999816894531,68.91000366210938,68.91500091552734,1749
2026-10-02 13:42:00,1790962920,WRB,68.91000366210938,68.91000366210938,68.9000015258789,68.9000015258789,690
2026-10-02 13:43:00,1790962980,WRB,68.9000015258789,68.9000015258789,68.9000015258789,68.9000015258789,139
2026-10-02 13:44:00,1790963040,WRB,68.88999938964844,68.88999938964844,68.88999938964844,68.88999938964844,1227
2026-10-02 13:45:00,1790963100,WRB,68.88999938964844,68.9000015258789,68.88999938964844,68.8949966430664,1848
2026-10-02 13:46:00,1790963160,WRB,68.8949966430664,68.8949966430664,68.87000274658203,68.87000274658203,1277
2026-10-02 13:47:00,1790963220,WRB,68.875,68.875,68.87000274658203,68.87000274658203,453
2026-10-02 13:48:00,1790963280,WRB,68.8499984741211,68.8499984741211,68.83000183105469,68.83000183105469,882
2026-10-02 13:49:00,1790963340,WRB,68.80999755859375,68.81500244140625,68.80999755859375,68.81500244140625,1156
2026-10-02 13:50:00,1790963400,WRB,68.81999969482422,68.81999969482422,68.80000305175781,68.80000305175781,1284
2026-10-02 13:51:00,1790963460,WRB,68.83000183105469,68.8499984741211,68.83000183105469,68.8499984741211,2822
2026-10-02 13:52:00,1790963520,WRB,68.83999633789062,68.84500122070312,68.80999755859375,68.83499908447266,26332
2026-10-02 13:53:00,1790963580,WRB,68.83999633789062,68.83999633789062,68.83000183105469,68.83999633789062,635
2026-10-02 13:54:00,1790963640,WRB,68.83000183105469,68.83000183105469,68.81500244140625,68.81999969482422,2830
2026-10-02 13:55:00,1790963700,WRB,68.81500244140625,68.83000183105469,68.80000305175781,68.80000305175781,3010
2026-10-02 13:56:00,1790963760,WRB,68.81500244140625,68.81500244140625,68.81500244140625,68.81500244140625,935
2026-10-02 13:57:00,1790963820,WRB,68.81500244140625,68.81999969482422,68.80000305175781,68.81999969482422,3645
2026-10-02 13:58:00,1790963880,WRB,68.81999969482422,68.83000183105469,68.81999969482422,68.83000183105469,4415
2026-10-02 13:59:00,1790963940,WRB,68.83499908447266,68.86000061035156,68.83499908447266,68.8499984741211,3652
2026-10-02 14:00:00,1790964000,WRB,68.86000061035156,68.86499786376953,68.86000061035156,68.86000061035156,1233
2026-10-02 14:01:00,1790964060,WRB,68.86499786376953,68.91999816894531,68.8499984741211,68.91999816894531,6669
2026-10-02 14:02:00,1790964120,WRB,68.9000015258789,68.91000366210938,68.88999938964844,68.91000366210938,2731
2026-10-02 14:03:00,1790964180,WRB,68.91000366210938,68.91999816894531,68.91000366210938,68.91999816894531,833
2026-10-02 14:04:00,1790964240,WRB,68.91999816894531,68.93000030517578,68.91999816894531,68.93000030517578,1522
2026-10-02 14:05:00,1790964300,WRB,68.94999694824219,68.97000122070312,68.94999694824219,68.96499633789062,8294
2026-10-02 14:06:00,1790964360,WRB,68.96499633789062,68.96499633789062,68.93499755859375,68.94000244140625,5617
2026-10-02 14:07:00,1790964420,WRB,68.95999908447266,69.0,68.90499877929688,68.93000030517578,9504
2026-10-02 14:08:00,1790964480,WRB,68.93000030517578,68.93000030517578,68.93000030517578,68.93000030517578,1078
2026-10-02 14:09:00,1790964540,WRB,68.93000030517578,68.93000030517578,68.91000366210938,68.91000366210938,1302
2026-10-02 14:10:00,1790964600,WRB,68.9000015258789,68.92500305175781,68.9000015258789,68.91999816894531,1130
2026-10-02 14:11:00,1790964660,WRB,68.9000015258789,68.91500091552734,68.88999938964844,68.88999938964844,1437
2026-10-02 14:12:00,1790964720,WRB,68.88999938964844,68.88999938964844,68.88999938964844,68.88999938964844,744
2026-10-02 14:13:00,1790964780,WRB,68.9000015258789,68.90499877929688,68.88500213623047,68.88500213623047,2537
2026-10-02 14:14:00,1790964840,WRB,68.8761978149414,68.8843002319336,68.8761978149414,68.8843002319336,1309
2026-10-02 14:15:00,1790964900,WRB,68.88999938964844,68.88999938964844,68.88999938964844,68.88999938964844,1123
2026-10-02 14:16:00,1790964960,WRB,68.88999938964844,68.9000015258789,68.88999938964844,68.9000015258789,1638
2026-10-02 14:17:00,1790965020,WRB,68.88999938964844,68.88999938964844,68.87000274658203,68.87000274658203,1662
2026-10-02 14:18:00,1790965080,WRB,68.87000274658203,68.875,68.86000061035156,68.875,1716
2026-10-02 14:19:00,1790965140,WRB,68.875,68.88999938964844,68.875,68.88999938964844,1756
2026-10-02 14:20:00,1790965200,WRB,68.875,68.875,68.875,68.875,373
2026-10-02 14:21:00,1790965260,WRB,68.87000274658203,68.87999725341797,68.8499984741211,68.87999725341797,3429
2026-10-02 14:22:00,1790965320,WRB,68.875,68.875,68.875,68.875,400
2026-10-02 14:23:00,1790965380,WRB,68.87999725341797,68.9000015258789,68.87000274658203,68.87999725341797,3973
2026-10-02 14:24:00,1790965440,WRB,68.875,68.875,68.86009979248047,68.86009979248047,1365
2026-10-02 14:25:00,1790965500,WRB,68.875,68.87999725341797,68.875,68.87999725341797,1274
2026-10-02 14:26:00,1790965560,WRB,68.88999938964844,68.8949966430664,68.88999938964844,68.8949966430664,2215
2026-10-02 14:27:00,1790965620,WRB,68.9000015258789,68.94499969482422,68.9000015258789,68.93000030517578,6779
2026-10-02 14:28:00,1790965680,WRB,68.94000244140625,68.94499969482422,68.93000030517578,68.93499755859375,3515
2026-10-02 14:29:00,1790965740,WRB,68.93499755859375,68.93499755859375,68.93499755859375,68.93499755859375,1005
2026-10-02 14:30:00,1790965800,WRB,68.94999694824219,68.96499633789062,68.94999694824219,68.96499633789062,1877
2026-10-02 14:31:00,1790965860,WRB,68.9800033569336,68.9800033569336,68.95999908447266,68.97000122070312,1611
2026-10-02 14:32:00,1790965920,WRB,68.95999908447266,68.97000122070312,68.95999908447266,68.97000122070312,934
2026-10-02 14:33:00,1790965980,WRB,68.9800033569336,68.9800033569336,68.9800033569336,68.9800033569336,1137
2026-10-02 14:34:00,1790966040,WRB,68.98999786376953,68.98999786376953,68.97000122070312,68.9749984741211,2407
2026-10-02 14:35:00,1790966100,WRB,68.9749984741211,68.98639678955078,68.91999816894531,68.91999816894531,5549
2026-10-02 14:36:00,1790966160,WRB,68.93000030517578,68.93000030517578,68.93000030517578,68.93000030517578,523
2026-10-02 14:37:00,1790966220,WRB,68.93499755859375,68.93499755859375,68.93499755859375,68.93499755859375,986
2026-10-02 14:38:00,1790966280,WRB,68.94000244140625,68.94000244140625,68.94000244140625,68.94000244140625,214
2026-10-02 14:39:00,1790966340,WRB,68.94000244140625,68.94000244140625,68.94000244140625,68.94000244140625,602
2026-10-02 14:40:00,1790966400,WRB,68.94000244140625,68.94000244140625,68.94000244140625,68.94000244140625,743
2026-10-02 14:41:00,1790966460,WRB,68.94000244140625,68.94999694824219,68.93000030517578,68.93000030517578,4673
2026-10-02 14:42:00,1790966520,WRB,68.93499755859375,68.94999694824219,68.93499755859375,68.94000244140625,1996
2026-10-02 14:43:00,1790966580,WRB,68.94000244140625,68.94000244140625,68.93000030517578,68.93000030517578,1733
2026-10-02 14:44:00,1790966640,WRB,68.94000244140625,68.94000244140625,68.93499755859375,68.94000244140625,1142
2026-10-02 14:45:00,1790966700,WRB,68.93000030517578,68.93000030517578,68.9000015258789,68.9000015258789,4192
2026-10-02 14:46:00,1790966760,WRB,68.90499877929688,68.91999816894531,68.90499877929688,68.91999816894531,2039
2026-10-02 14:47:00,1790966820,WRB,68.91500091552734,68.91500091552734,68.91500091552734,68.91500091552734,620
2026-10-02 14:48:00,1790966880,WRB,68.93000030517578,68.94999694824219,68.93000030517578,68.94999694824219,3695
2026-10-02 14:49:00,1790966940,WRB,68.94999694824219,68.97000122070312,68.94000244140625,68.97000122070312,3767
2026-10-02 14:50:00,1790967000,WRB,68.95999908447266,68.9749984741211,68.95999908447266,68.9749984741211,825
2026-10-02 14:51:00,1790967060,WRB,68.97000122070312,68.97000122070312,68.94000244140625,68.95989990234375,4812
2026-10-02 14:52:00,1790967120,WRB,68.94499969482422,68.95999908447266,68.94499969482422,68.95999908447266,655
2026-10-02 14:53:00,1790967180,WRB,68.94000244140625,68.9800033569336,68.94000244140625,68.9800033569336,4819
2026-10-02 14:54:00,1790967240,WRB,68.98500061035156,69.0,68.98069763183594,69.0,2327
2026-10-02 14:55:00,1790967300,WRB,69.0,69.00499725341797,68.97000122070312,68.97000122070312,13239
2026-10-02 14:56:00,1790967360,WRB,68.97000122070312,68.97000122070312,68.95999908447266,68.97000122070312,2791
2026-10-02 14:57:00,1790967420,WRB,68.97000122070312,68.97000122070312,68.94999694824219,68.96499633789062,4893
2026-10-02 14:58:00,1790967480,WRB,68.96499633789062,68.96499633789062,68.96499633789062,68.96499633789062,1789
2026-10-02 14:59:00,1790967540,WRB,68.97000122070312,68.98999786376953,68.97000122070312,68.98999786376953,1682
2026-10-02 15:00:00,1790967600,WRB,68.9800033569336,69.0,68.9800033569336,68.98999786376953,2392
2026-10-02 15:01:00,1790967660,WRB,68.98999786376953,69.0,68.9800033569336,69.0,2124
2026-10-02 15:02:00,1790967720,WRB,69.0,69.0,68.98999786376953,69.0,3415
2026-10-02 15:03:00,1790967780,WRB,69.00499725341797,69.04000091552734,69.00499725341797,69.04000091552734,3603
2026-10-02 15:04:00,1790967840,WRB,69.04000091552734,69.04000091552734,69.02416229248047,69.02999877929688,4937
2026-10-02 15:05:00,1790967900,WRB,69.02999877929688,69.02999877929688,69.0250015258789,69.0250015258789,2124
2026-10-02 15:06:00,1790967960,WRB,69.0250015258789,69.02999877929688,69.0250015258789,69.02999877929688,2263
2026-10-02 15:07:00,1790968020,WRB,69.04000091552734,69.04000091552734,69.04000091552734,69.04000091552734,312
2026-10-02 15:08:00,1790968080,WRB,69.02999877929688,69.04000091552734,69.0199966430664,69.0199966430664,4010
2026-10-02 15:09:00,1790968140,WRB,69.0199966430664,69.0199966430664,69.01000213623047,69.01000213623047,1846
2026-10-02 15:10:00,1790968200,WRB,69.02999877929688,69.02999877929688,69.0199966430664,69.0250015258789,735
2026-10-02 15:11:00,1790968260,WRB,69.0250015258789,69.03500366210938,69.0199966430664,69.0250015258789,6973
2026-10-02 15:12:00,1790968320,WRB,69.04000091552734,69.06999969482422,69.04000091552734,69.06999969482422,4306
2026-10-02 15:13:00,1790968380,WRB,69.05999755859375,69.12000274658203,69.05999755859375,69.12000274658203,3856
2026-10-02 15:14:00,1790968440,WRB,69.12000274658203,69.1500015258789,69.12000274658203,69.13999938964844,3727
2026-10-02 15:15:00,1790968500,WRB,69.13999938964844,69.14990234375,69.12999725341797,69.12999725341797,4060
2026-10-02 15:16:00,1790968560,WRB,69.12000274658203,69.12000274658203,69.0999984741211,69.11000061035156,2450
2026-10-02 15:17:00,1790968620,WRB,69.12000274658203,69.1500015258789,69.12000274658203,69.13999938964844,4704
2026-10-02 15:18:00,1790968680,WRB,69.1449966430664,69.1449966430664,69.1449966430664,69.1449966430664,690
2026-10-02 15:19:00,1790968740,WRB,69.1449966430664,69.1449966430664,69.12000274658203,69.12000274658203,5303
2026-10-02 15:20:00,1790968800,WRB,69.12999725341797,69.1500015258789,69.12999725341797,69.1500015258789,2021
2026-10-02 15:21:00,1790968860,WRB,69.16000366210938,69.16500091552734,69.13500213623047,69.13500213623047,7052
2026-10-02 15:22:00,1790968920,WRB,69.13500213623047,69.16000366210938,69.125,69.1500015258789,4654
2026-10-02 15:23:00,1790968980,WRB,69.16000366210938,69.16000366210938,69.11499786376953,69.11499786376953,3320
2026-10-02 15:24:00,1790969040,WRB,69.11000061035156,69.11000061035156,69.08999633789062,69.09500122070312,3356
2026-10-02 15:25:00,1790969100,WRB,69.09500122070312,69.09500122070312,69.05000305175781,69.08000183105469,6431
2026-10-02 15:26:00,1790969160,WRB,69.08499908447266,69.0999984741211,69.08499908447266,69.09500122070312,6410
2026-10-02 15:27:00,1790969220,WRB,69.0999984741211,69.11499786376953,69.08999633789062,69.08999633789062,8131
2026-10-02 15:28:00,1790969280,WRB,69.08999633789062,69.12000274658203,69.08999633789062,69.11000061035156,6801
2026-10-02 15:29:00,1790969340,WRB,69.11499786376953,69.12999725341797,69.11000061035156,69.12999725341797,3283
2026-10-02 15:30:00,1790969400,WRB,69.12000274658203,69.125,69.11000061035156,69.12000274658203,4486
2026-10-02 15:31:00,1790969460,WRB,69.11499786376953,69.18000030517578,69.11499786376953,69.16999816894531,9822
2026-10-02 15:32:00,1790969520,WRB,69.16000366210938,69.16999816894531,69.15499877929688,69.16000366210938,4250
2026-10-02 15:33:00,1790969580,WRB,69.1500015258789,69.1500015258789,69.11499786376953,69.11499786376953,4267
2026-10-02 15:34:00,1790969640,WRB,69.12000274658203,69.1449966430664,69.11000061035156,69.1449966430664,8357
2026-10-02 15:35:00,1790969700,WRB,69.1449966430664,69.1500015258789,69.13500213623047,69.13999938964844,3151
2026-10-02 15:36:00,1790969760,WRB,69.1500015258789,69.16000366210938,69.08999633789062,69.08999633789062,7698
2026-10-02 15:37:00,1790969820,WRB,69.08999633789062,69.08999633789062,69.06500244140625,69.06500244140625,3656
2026-10-02 15:38:00,1790969880,WRB,69.05999755859375,69.06999969482422,69.04000091552734,69.04000091552734,3658
2026-10-02 15:39:00,1790969940,WRB,69.04000091552734,69.04000091552734,69.0199966430664,69.04000091552734,3178
2026-10-02 15:40:00,1790970000,WRB,69.04000091552734,69.06999969482422,69.02999877929688,69.05999755859375,7630
2026-10-02 15:41:00,1790970060,WRB,69.05999755859375,69.08000183105469,69.05000305175781,69.05000305175781,10418
2026-10-02 15:42:00,1790970120,WRB,69.05500030517578,69.06500244140625,69.05500030517578,69.06500244140625,5116
2026-10-02 15:43:00,1790970180,WRB,69.06500244140625,69.06999969482422,69.04000091552734,69.05999755859375,5329
2026-10-02 15:44:00,1790970240,WRB,69.06500244140625,69.08999633789062,69.05500030517578,69.05500030517578,11381
2026-10-02 15:45:00,1790970300,WRB,69.05000305175781,69.06999969482422,69.02999877929688,69.04000091552734,7299
2026-10-02 15:46:00,1790970360,WRB,69.04000091552734,69.05750274658203,69.04000091552734,69.05000305175781,6113
2026-10-02 15:47:00,1790970420,WRB,69.04499816894531,69.08000183105469,69.04499816894531,69.06999969482422,7842
2026-10-02 15:48:00,1790970480,WRB,69.06999969482422,69.06999969482422,69.01499938964844,69.01499938964844,11381
2026-10-02 15:49:00,1790970540,WRB,69.01000213623047,69.04000091552734,68.9800033569336,69.01000213623047,11696
2026-10-02 15:50:00,1790970600,WRB,69.0199966430664,69.0199966430664,68.98999786376953,69.01499938964844,13365
2026-10-02 15:51:00,1790970660,WRB,69.01499938964844,69.01499938964844,68.9749984741211,68.98500061035156,10656
2026-10-02 15:52:00,1790970720,WRB,68.9800033569336,69.05500030517578,68.9800033569336,69.05000305175781,14839
2026-10-02 15:53:00,1790970780,WRB,69.05000305175781,69.05500030517578,69.0199966430664,69.0199966430664,8955
2026-10-02 15:54:00,1790970840,WRB,69.0199966430664,69.05999755859375,69.00499725341797,69.01100158691406,19953
2026-10-02 15:55:00,1790970900,WRB,69.01000213623047,69.0199966430664,68.96499633789062,68.97000122070312,12354
2026-10-02 15:56:00,1790970960,WRB,68.97000122070312,69.04499816894531,68.97000122070312,69.01000213623047,28576
2026-10-02 15:57:00,1790971020,WRB,69.0,69.02999877929688,68.98500061035156,69.01000213623047,25224
2026-10-02 15:58:00,1790971080,WRB,69.0199966430664,69.02999877929688,68.95999908447266,68.97000122070312,38375
2026-10-02 15:59:00,1790971140,WRB,68.9800033569336,69.01000213623047,68.95999908447266,68.98999786376953,47225
2026-10-02 16:00:00,1790971200,WRB,68.9800033569336,68.9800033569336,68.9800033569336,68.9800033569336,0
2026-10-05 09:30:00,1791207000,WRB,68.87000274658203,68.97000122070312,68.81999969482422,68.81999969482422,16667
2026-10-05 09:31:00,1791207060,WRB,68.88500213623047,68.88500213623047,68.68000030517578,68.88500213623047,3250
2026-10-05 09:32:00,1791207120,WRB,68.84500122070312,68.94999694824219,68.83999633789062,68.94499969482422,3603
2026-10-05 09:33:00,1791207180,WRB,68.9800033569336,68.9800033569336,68.9800033569336,68.9800033569336,329
2026-10-05 09:34:00,1791207240,WRB,68.98500061035156,68.98500061035156,68.94499969482422,68.94499969482422,694
2026-10-05 09:35:00,1791207300,WRB,68.94499969482422,68.94999694824219,68.94499969482422,68.94999694824219,602
2026-10-05 09:36:00,1791207360,WRB,68.95999908447266,68.95999908447266,68.87999725341797,68.89749908447266,1470
2026-10-05 09:37:00,1791207420,WRB,68.87000274658203,68.87000274658203,68.87000274658203,68.87000274658203,981
2026-10-05 09:38:00,1791207480,WRB,68.91000366210938,68.94000244140625,68.91000366210938,68.91999816894531,3424
2026-10-05 09:39:00,1791207540,WRB,68.94000244140625,68.94000244140625,68.88999938964844,68.88999938964844,1814
2026-10-05 09:40:00,1791207600,WRB,68.86000061035156,68.87999725341797,68.8499984741211,68.87000274658203,2072
2026-10-05 09:41:00,1791207660,WRB,68.83999633789062,68.86000061035156,68.83499908447266,68.8550033569336,1518
2026-10-05 09:42:00,1791207720,WRB,68.81999969482422,68.81999969482422,68.79000091552734,68.80999755859375,2481
2026-10-05 09:43:00,1791207780,WRB,68.75,68.79000091552734,68.7300033569336,68.76499938964844,2571
2026-10-05 09:45:00,1791207900,WRB,68.73999786376953,68.79499816894531,68.73999786376953,68.73999786376953,2268
2026-10-05 09:46:00,1791207960,WRB,68.76000213623047,68.7699966430664,68.76000213623047,68.7699966430664,1022
2026-10-05 09:47:00,1791208020,WRB,68.82499694824219,68.8949966430664,68.82499694824219,68.8949966430664,3424
2026-10-05 09:49:00,1791208140,WRB,68.94999694824219,68.95999908447266,68.91999816894531,68.93499755859375,6377
2026-10-05 09:50:00,1791208200,WRB,68.9000015258789,68.97000122070312,68.9000015258789,68.91999816894531,2848
2026-10-05 09:51:00,1791208260,WRB,68.86000061035156,68.86000061035156,68.80000305175781,68.80000305175781,1183
2026-10-05 09:53:00,1791208380,WRB,68.80000305175781,68.81990051269531,68.75,68.75,2404
2026-10-05 09:54:00,1791208440,WRB,68.7300033569336,68.76000213623047,68.681396484375,68.70999908447266,2214
2026-10-05 09:55:00,1791208500,WRB,68.71499633789062,68.76000213623047,68.68499755859375,68.76000213623047,1705
2026-10-05 09:57:00,1791208620,WRB,68.7750015258789,68.7750015258789,68.7750015258789,68.7750015258789,495
2026-10-05 09:58:00,1791208680,WRB,68.79000091552734,68.79000091552734,68.79000091552734,68.79000091552734,730
2026-10-05 10:01:00,1791208860,WRB,68.7699966430664,68.7699966430664,68.75,68.7699966430664,1887
2026-10-05 10:02:00,1791208920,WRB,68.83000183105469,68.84500122070312,68.82499694824219,68.84500122070312,1723
2026-10-05 10:03:00,1791208980,WRB,68.8499984741211,68.8499984741211,68.77010345458984,68.77010345458984,1428
2026-10-05 10:04:00,1791209040,WRB,68.86000061035156,68.86000061035156,68.86000061035156,68.86000061035156,662
2026-10-05 10:05:00,1791209100,WRB,68.8499984741211,68.87999725341797,68.8499984741211,68.87999725341797,2193
2026-10-05 10:06:00,1791209160,WRB,68.87000274658203,68.90499877929688,68.86000061035156,68.9000015258789,14939
2026-10-05 10:07:00,1791209220,WRB,68.90499877929688,68.93000030517578,68.87999725341797,68.92500305175781,17053
2026-10-05 10:08:00,1791209280,WRB,68.87999725341797,68.87999725341797,68.87999725341797,68.87999725341797,2030
2026-10-05 10:09:00,1791209340,WRB,68.90499877929688,68.94999694824219,68.90499877929688,68.94999694824219,1950
2026-10-05 10:10:00,1791209400,WRB,68.94999694824219,68.95999908447266,68.94000244140625,68.95999908447266,1443
2026-10-05 10:11:00,1791209460,WRB,68.9885025024414,68.9885025024414,68.9885025024414,68.9885025024414,828
2026-10-05 10:12:00,1791209520,WRB,69.04000091552734,69.05000305175781,69.02999877929688,69.02999877929688,1468
2026-10-05 10:13:00,1791209580,WRB,69.0,69.0,68.9800033569336,69.0,1473
2026-10-05 10:14:00,1791209640,WRB,69.0199966430664,69.04499816894531,69.0199966430664,69.0199966430664,3305
2026-10-05 10:15:00,1791209700,WRB,69.05999755859375,69.05999755859375,69.02999877929688,69.02999877929688,2553
2026-10-05 10:16:00,1791209760,WRB,68.98999786376953,68.99500274658203,68.98999786376953,68.99500274658203,787
2026-10-05 10:17:00,1791209820,WRB,69.0199966430664,69.02999877929688,69.0199966430664,69.02999877929688,1548
2026-10-05 10:18:00,1791209880,WRB,69.01000213623047,69.08999633789062,69.01000213623047,69.08000183105469,2997
2026-10-05 10:19:00,1791209940,WRB,69.0999984741211,69.16999816894531,69.09500122070312,69.16999816894531,3519
2026-10-05 10:20:00,1791210000,WRB,69.18499755859375,69.20999908447266,69.18499755859375,69.20999908447266,845
2026-10-05 10:21:00,1791210060,WRB,69.22000122070312,69.2699966430664,69.22000122070312,69.26499938964844,1609
2026-10-05 10:22:00,1791210120,WRB,69.23999786376953,69.27999877929688,69.2300033569336,69.23999786376953,3552
2026-10-05 10:23:00,1791210180,WRB,69.20999908447266,69.20999908447266,69.16000366210938,69.16000366210938,1719
2026-10-05 10:24:00,1791210240,WRB,69.26000213623047,69.26000213623047,69.26000213623047,69.26000213623047,543
2026-10-05 10:25:00,1791210300,WRB,69.2300033569336,69.23500061035156,69.19999694824219,69.20999908447266,1946
2026-10-05 10:26:00,1791210360,WRB,69.19499969482422,69.19499969482422,69.16999816894531,69.18000030517578,2480
2026-10-05 10:27:00,1791210420,WRB,69.18000030517578,69.20999908447266,69.18000030517578,69.19999694824219,1926
2026-10-05 10:28:00,1791210480,WRB,69.2300033569336,69.23500061035156,69.2300033569336,69.23500061035156,2544
2026-10-05 10:29:00,1791210540,WRB,69.26000213623047,69.26000213623047,69.2300033569336,69.26000213623047,2386
2026-10-05 10:30:00,1791210600,WRB,69.2300033569336,69.23999786376953,69.2300033569336,69.23999786376953,957
2026-10-05 10:31:00,1791210660,WRB,69.25499725341797,69.26499938964844,69.25499725341797,69.26499938964844,569
2026-10-05 10:32:00,1791210720,WRB,69.23999786376953,69.23999786376953,69.23999786376953,69.23999786376953,891
2026-10-05 10:33:00,1791210780,WRB,69.27999877929688,69.28500366210938,69.2699966430664,69.28500366210938,3267
2026-10-05 10:34:00,1791210840,WRB,69.30000305175781,69.30000305175781,69.25,69.30000305175781,3571
2026-10-05 10:36:00,1791210960,WRB,69.37999725341797,69.37999725341797,69.34500122070312,69.34500122070312,886
2026-10-05 10:37:00,1791211020,WRB,69.30999755859375,69.3550033569336,69.30999755859375,69.33999633789062,2605
2026-10-05 10:39:00,1791211140,WRB,69.38999938964844,69.48999786376953,69.37999725341797,69.48999786376953,4375
2026-10-05 10:40:00,1791211200,WRB,69.4800033569336,69.50499725341797,69.4800033569336,69.50499725341797,3923
2026-10-05 10:41:00,1791211260,WRB,69.47000122070312,69.47000122070312,69.43000030517578,69.43000030517578,1321
2026-10-05 10:42:00,1791211320,WRB,69.44000244140625,69.44000244140625,69.44000244140625,69.44000244140625,981
2026-10-05 10:43:00,1791211380,WRB,69.47000122070312,69.52999877929688,69.47000122070312,69.49500274658203,1793
2026-10-05 10:45:00,1791211500,WRB,69.51000213623047,69.51000213623047,69.50499725341797,69.50499725341797,879
2026-10-05 10:46:00,1791211560,WRB,69.4800033569336,69.5,69.47000122070312,69.4749984741211,1476
2026-10-05 10:47:00,1791211620,WRB,69.45999908447266,69.4800033569336,69.45999908447266,69.4800033569336,1101
2026-10-05 10:48:00,1791211680,WRB,69.45999908447266,69.47000122070312,69.45999908447266,69.45999908447266,1297
2026-10-05 10:49:00,1791211740,WRB,69.45500183105469,69.45999908447266,69.44999694824219,69.44999694824219,2196
2026-10-05 10:50:00,1791211800,WRB,69.44999694824219,69.51000213623047,69.44999694824219,69.51000213623047,2012
2026-10-05 10:51:00,1791211860,WRB,69.47129821777344,69.48999786376953,69.47000122070312,69.4800033569336,2957
2026-10-05 10:52:00,1791211920,WRB,69.45999908447266,69.5,69.44000244140625,69.5,2503
2026-10-05 10:53:00,1791211980,WRB,69.4749984741211,69.4749984741211,69.4749984741211,69.4749984741211,128
2026-10-05 10:54:00,1791212040,WRB,69.4749984741211,69.48999786376953,69.4749984741211,69.48999786376953,1175
2026-10-05 10:55:00,1791212100,WRB,69.48999786376953,69.48999786376953,69.48999786376953,69.48999786376953,317
2026-10-05 10:56:00,1791212160,WRB,69.4800033569336,69.4800033569336,69.4800033569336,69.4800033569336,5522
2026-10-05 10:57:00,1791212220,WRB,69.4800033569336,69.5199966430664,69.4800033569336,69.5199966430664,2458
2026-10-05 10:58:00,1791212280,WRB,69.52999877929688,69.56500244140625,69.52999877929688,69.55500030517578,4409
2026-10-05 10:59:00,1791212340,WRB,69.56999969482422,69.56999969482422,69.54000091552734,69.55999755859375,2840
2026-10-05 11:00:00,1791212400,WRB,69.57499694824219,69.57499694824219,69.57499694824219,69.57499694824219,247
2026-10-05 11:01:00,1791212460,WRB,69.56500244140625,69.56500244140625,69.55000305175781,69.55500030517578,1516
2026-10-05 11:02:00,1791212520,WRB,69.55500030517578,69.55500030517578,69.48500061035156,69.52999877929688,4439
2026-10-05 11:03:00,1791212580,WRB,69.56999969482422,69.56999969482422,69.52908325195312,69.54000091552734,4378
2026-10-05 11:04:00,1791212640,WRB,69.52999877929688,69.54499816894531,69.52999877929688,69.54499816894531,857
2026-10-05 11:05:00,1791212700,WRB,69.54000091552734,69.55000305175781,69.47000122070312,69.48999786376953,7580
2026-10-05 11:06:00,1791212760,WRB,69.48999786376953,69.48999786376953,69.43000030517578,69.44499969482422,13355
2026-10-05 11:07:00,1791212820,WRB,69.44499969482422,69.45500183105469,69.41999816894531,69.44999694824219,2780
2026-10-05 11:08:00,1791212880,WRB,69.44999694824219,69.45999908447266,69.43000030517578,69.44999694824219,18269
2026-10-05 11:09:00,1791212940,WRB,69.47000122070312,69.47000122070312,69.47000122070312,69.47000122070312,1679
2026-10-05 11:10:00,1791213000,WRB,69.5,69.5,69.5,69.5,800
2026-10-05 11:11:00,1791213060,WRB,69.52999877929688,69.59500122070312,69.52999877929688,69.59500122070312,4053
2026-10-05 11:12:00,1791213120,WRB,69.5999984741211,69.6500015258789,69.5999984741211,69.61000061035156,4121
2026-10-05 11:13:00,1791213180,WRB,69.62999725341797,69.6500015258789,69.62999725341797,69.6449966430664,1555
2026-10-05 11:14:00,1791213240,WRB,69.66000366210938,69.66000366210938,69.58999633789062,69.61000061035156,5332
2026-10-05 11:15:00,1791213300,WRB,69.62000274658203,69.6500015258789,69.61499786376953,69.6449966430664,1764
2026-10-05 11:16:00,1791213360,WRB,69.6500015258789,69.6500015258789,69.6500015258789,69.6500015258789,620
2026-10-05 11:17:00,1791213420,WRB,69.62000274658203,69.625,69.61000061035156,69.625,2535
2026-10-05 11:18:00,1791213480,WRB,69.66000366210938,69.66000366210938,69.5999984741211,69.5999984741211,638
2026-10-05 11:19:00,1791213540,WRB,69.58999633789062,69.58999633789062,69.58999633789062,69.58999633789062,1343
2026-10-05 11:20:00,1791213600,WRB,69.62000274658203,69.63500213623047,69.58999633789062,69.58999633789062,8635
2026-10-05 11:21:00,1791213660,WRB,69.6050033569336,69.6050033569336,69.58000183105469,69.6050033569336,1419
2026-10-05 11:22:00,1791213720,WRB,69.5999984741211,69.6500015258789,69.58000183105469,69.6500015258789,3077
2026-10-05 11:23:00,1791213780,WRB,69.68000030517578,69.68499755859375,69.66000366210938,69.68499755859375,1015
2026-10-05 11:24:00,1791213840,WRB,69.68000030517578,69.69499969482422,69.66000366210938,69.68499755859375,1402
2026-10-05 11:25:00,1791213900,WRB,69.68499755859375,69.68499755859375,69.68000030517578,69.68000030517578,781
2026-10-05 11:26:00,1791213960,WRB,69.68000030517578,69.7300033569336,69.68000030517578,69.7300033569336,2216
2026-10-05 11:27:00,1791214020,WRB,69.70999908447266,69.7249984741211,69.69000244140625,69.69000244140625,1903
2026-10-05 11:28:00,1791214080,WRB,69.69999694824219,69.74749755859375,69.69999694824219,69.73500061035156,6139
2026-10-05 11:29:00,1791214140,WRB,69.76000213623047,69.80000305175781,69.76000213623047,69.80000305175781,1646
2026-10-05 11:30:00,1791214200,WRB,69.76499938964844,69.76499938964844,69.73999786376953,69.74500274658203,2857
2026-10-05 11:31:00,1791214260,WRB,69.74500274658203,69.75,69.66999816894531,69.69499969482422,5767
2026-10-05 11:32:00,1791214320,WRB,69.72000122070312,69.76000213623047,69.72000122070312,69.73999786376953,3649
2026-10-05 11:33:00,1791214380,WRB,69.73999786376953,69.73999786376953,69.73999786376953,69.73999786376953,1120
2026-10-05 11:35:00,1791214500,WRB,69.73999786376953,69.73999786376953,69.70999908447266,69.7300033569336,2982
2026-10-05 11:36:00,1791214560,WRB,69.75,69.75,69.75,69.75,1234
2026-10-05 11:37:00,1791214620,WRB,69.75499725341797,69.75499725341797,69.75499725341797,69.75499725341797,190
2026-10-05 11:38:00,1791214680,WRB,69.75267028808594,69.7699966430664,69.75267028808594,69.75499725341797,1943
2026-10-05 11:39:00,1791214740,WRB,69.75499725341797,69.76000213623047,69.7300033569336,69.75499725341797,3791
2026-10-05 11:40:00,1791214800,WRB,69.75499725341797,69.75499725341797,69.75,69.75,834
2026-10-05 11:41:00,1791214860,WRB,69.75,69.75,69.74500274658203,69.74500274658203,913
2026-10-05 11:42:00,1791214920,WRB,69.73999786376953,69.7699966430664,69.7300033569336,69.7699966430664,3985
2026-10-05 11:43:00,1791214980,WRB,69.7699966430664,69.7699966430664,69.7699966430664,69.7699966430664,442
2026-10-05 11:44:00,1791215040,WRB,69.7699966430664,69.7750015258789,69.76000213623047,69.7750015258789,1452
2026-10-05 11:45:00,1791215100,WRB,69.76000213623047,69.76499938964844,69.75,69.75,1454
2026-10-05 11:46:00,1791215160,WRB,69.77999877929688,69.78500366210938,69.75,69.75,2990
2026-10-05 11:47:00,1791215220,WRB,69.75,69.75,69.73500061035156,69.73500061035156,3599
2026-10-05 11:48:00,1791215280,WRB,69.73500061035156,69.73500061035156,69.70999908447266,69.71499633789062,4647
2026-10-05 11:49:00,1791215340,WRB,69.71499633789062,69.76499938964844,69.71499633789062,69.73999786376953,4266
2026-10-05 11:50:00,1791215400,WRB,69.73999786376953,69.73999786376953,69.73999786376953,69.73999786376953,986
2026-10-05 11:51:00,1791215460,WRB,69.73999786376953,69.80500030517578,69.73999786376953,69.80000305175781,2628
2026-10-05 11:52:00,1791215520,WRB,69.80000305175781,69.8499984741211,69.80000305175781,69.8499984741211,6289
2026-10-05 11:53:00,1791215580,WRB,69.83999633789062,69.83999633789062,69.83999633789062,69.83999633789062,490
2026-10-05 11:54:00,1791215640,WRB,69.83999633789062,69.83999633789062,69.81999969482422,69.82499694824219,2407
2026-10-05 11:55:00,1791215700,WRB,69.82499694824219,69.83000183105469,69.81999969482422,69.81999969482422,3076
2026-10-05 11:56:00,1791215760,WRB,69.83000183105469,69.83999633789062,69.83000183105469,69.83999633789062,1285
2026-10-05 11:58:00,1791215880,WRB,69.85990142822266,69.85990142822266,69.84500122070312,69.84860229492188,3216
2026-10-05 11:59:00,1791215940,WRB,69.86000061035156,69.86000061035156,69.86000061035156,69.86000061035156,846
2026-10-05 12:00:00,1791216000,WRB,69.86000061035156,69.87000274658203,69.8499984741211,69.87000274658203,2736
2026-10-05 12:01:00,1791216060,WRB,69.87999725341797,69.88999938964844,69.87999725341797,69.88999938964844,2906
2026-10-05 12:02:00,1791216120,WRB,69.88500213623047,69.88500213623047,69.87000274658203,69.87000274658203,2033
2026-10-05 12:03:00,1791216180,WRB,69.88999938964844,69.91500091552734,69.88999938964844,69.91500091552734,3681
2026-10-05 12:04:00,1791216240,WRB,69.91500091552734,69.91500091552734,69.9000015258789,69.91000366210938,3507
2026-10-05 12:05:00,1791216300,WRB,69.91999816894531,69.95500183105469,69.91999816894531,69.95500183105469,6268
2026-10-05 12:06:00,1791216360,WRB,69.95999908447266,69.95999908447266,69.94999694824219,69.95500183105469,1265
2026-10-05 12:07:00,1791216420,WRB,69.94999694824219,69.94999694824219,69.93499755859375,69.94499969482422,3440
2026-10-05 12:08:00,1791216480,WRB,69.94499969482422,69.94499969482422,69.93000030517578,69.93000030517578,1900
2026-10-05 12:09:00,1791216540,WRB,69.91000366210938,69.91000366210938,69.8949966430664,69.8949966430664,1426
2026-10-05 12:10:00,1791216600,WRB,69.9000015258789,69.9000015258789,69.9000015258789,69.9000015258789,1234
2026-10-05 12:11:00,1791216660,WRB,69.91000366210938,69.93000030517578,69.91000366210938,69.93000030517578,1959
2026-10-05 12:12:00,1791216720,WRB,69.91500091552734,69.94000244140625,69.91500091552734,69.94000244140625,1382
2026-10-05 12:13:00,1791216780,WRB,69.94499969482422,69.97000122070312,69.94499969482422,69.97000122070312,3300
2026-10-05 12:16:00,1791216960,WRB,69.97000122070312,69.9749984741211,69.97000122070312,69.97000122070312,3154
2026-10-05 12:17:00,1791217020,WRB,69.97000122070312,69.97000122070312,69.93000030517578,69.93000030517578,3359
2026-10-05 12:18:00,1791217080,WRB,69.91999816894531,69.92500305175781,69.91999816894531,69.92500305175781,1356
2026-10-05 12:19:00,1791217140,WRB,69.92500305175781,69.92500305175781,69.92500305175781,69.92500305175781,866
2026-10-05 12:20:00,1791217200,WRB,69.93000030517578,69.94000244140625,69.91999816894531,69.91999816894531,5079
2026-10-05 12:21:00,1791217260,WRB,69.91000366210938,69.91000366210938,69.91000366210938,69.91000366210938,588
2026-10-05 12:22:00,1791217320,WRB,69.91999816894531,69.92500305175781,69.91000366210938,69.91000366210938,3063
2026-10-05 12:23:00,1791217380,WRB,69.91999816894531,69.92500305175781,69.9000015258789,69.91999816894531,7556
2026-10-05 12:24:00,1791217440,WRB,69.91500091552734,69.91500091552734,69.91500091552734,69.91500091552734,579
2026-10-05 12:25:00,1791217500,WRB,69.91500091552734,69.91500091552734,69.88999938964844,69.88999938964844,2818
2026-10-05 12:26:00,1791217560,WRB,69.87999725341797,69.88999938964844,69.86219787597656,69.86219787597656,7382
2026-10-05 12:27:00,1791217620,WRB,69.88500213623047,69.91500091552734,69.87999725341797,69.90499877929688,4510
2026-10-05 12:28:00,1791217680,WRB,69.9197998046875,69.9197998046875,69.91000366210938,69.91000366210938,817
2026-10-05 12:29:00,1791217740,WRB,69.91000366210938,69.91000366210938,69.875,69.875,3725
2026-10-05 12:30:00,1791217800,WRB,69.87000274658203,69.87000274658203,69.87000274658203,69.87000274658203,808
2026-10-05 12:31:00,1791217860,WRB,69.87999725341797,69.88999938964844,69.80999755859375,69.80999755859375,5100
2026-10-05 12:32:00,1791217920,WRB,69.82009887695312,69.83000183105469,69.81999969482422,69.81999969482422,1615
2026-10-05 12:33:00,1791217980,WRB,69.81999969482422,69.81999969482422,69.81999969482422,69.81999969482422,1706
2026-10-05 12:35:00,1791218100,WRB,69.81999969482422,69.81999969482422,69.81999969482422,69.81999969482422,1523
2026-10-05 12:36:00,1791218160,WRB,69.83999633789062,69.87249755859375,69.83999633789062,69.87249755859375,1708
2026-10-05 12:37:00,1791218220,WRB,69.875,69.875,69.87000274658203,69.87000274658203,3098
2026-10-05 12:41:00,1791218460,WRB,69.87000274658203,69.87000274658203,69.87000274658203,69.87000274658203,1922
2026-10-05 12:42:00,1791218520,WRB,69.87000274658203,69.87999725341797,69.87000274658203,69.87999725341797,1183
2026-10-05 12:43:00,1791218580,WRB,69.88970184326172,69.91500091552734,69.83999633789062,69.83999633789062,7327
2026-10-05 12:44:00,1791218640,WRB,69.83499908447266,69.83499908447266,69.80000305175781,69.80000305175781,1896
2026-10-05 12:45:00,1791218700,WRB,69.80000305175781,69.80999755859375,69.77999877929688,69.77999877929688,2337
2026-10-05 12:46:00,1791218760,WRB,69.77999877929688,69.77999877929688,69.7699966430664,69.7699966430664,1048
2026-10-05 12:47:00,1791218820,WRB,69.7750015258789,69.7750015258789,69.76000213623047,69.76000213623047,2043
2026-10-05 12:48:00,1791218880,WRB,69.75,69.76000213623047,69.75,69.76000213623047,1792
2026-10-05 12:49:00,1791218940,WRB,69.7750015258789,69.7750015258789,69.75,69.75,2120
2026-10-05 12:51:00,1791219060,WRB,69.73999786376953,69.76000213623047,69.73999786376953,69.76000213623047,3100
2026-10-05 12:52:00,1791219120,WRB,69.7750015258789,69.7750015258789,69.7750015258789,69.7750015258789,497
2026-10-05 12:53:00,1791219180,WRB,69.77999877929688,69.77999877929688,69.75,69.76000213623047,1570
2026-10-05 12:54:00,1791219240,WRB,69.76000213623047,69.76000213623047,69.76000213623047,69.76000213623047,2051
2026-10-05 12:55:00,1791219300,WRB,69.76000213623047,69.76000213623047,69.76000213623047,69.76000213623047,1386
2026-10-05 12:56:00,1791219360,WRB,69.77999877929688,69.86000061035156,69.77999877929688,69.8550033569336,4843
2026-10-05 12:57:00,1791219420,WRB,69.8550033569336,69.8550033569336,69.8499984741211,69.8499984741211,1709
2026-10-05 12:58:00,1791219480,WRB,69.87000274658203,69.91000366210938,69.87000274658203,69.91000366210938,2291
2026-10-05 12:59:00,1791219540,WRB,69.87999725341797,69.88999938964844,69.87999725341797,69.88999938964844,1151
2026-10-05 13:00:00,1791219600,WRB,69.91000366210938,69.91000366210938,69.81999969482422,69.81999969482422,4577
2026-10-05 13:01:00,1791219660,WRB,69.83999633789062,69.86000061035156,69.83999633789062,69.86000061035156,848
2026-10-05 13:02:00,1791219720,WRB,69.86000061035156,69.86000061035156,69.86000061035156,69.86000061035156,893
2026-10-05 13:03:00,1791219780,WRB,69.86000061035156,69.86000061035156,69.86000061035156,69.86000061035156,1803
2026-10-05 13:04:00,1791219840,WRB,69.84500122070312,69.8499984741211,69.83000183105469,69.8499984741211,1966
2026-10-05 13:05:00,1791219900,WRB,69.83499908447266,69.83499908447266,69.83499908447266,69.83499908447266,482
2026-10-05 13:06:00,1791219960,WRB,69.83499908447266,69.83499908447266,69.83499908447266,69.83499908447266,432
2026-10-05 13:07:00,1791220020,WRB,69.83499908447266,69.83499908447266,69.83499908447266,69.83499908447266,590
2026-10-05 13:08:00,1791220080,WRB,69.83999633789062,69.83999633789062,69.83999633789062,69.83999633789062,1084
2026-10-05 13:09:00,1791220140,WRB,69.83999633789062,69.83999633789062,69.81999969482422,69.83999633789062,2165
2026-10-05 13:10:00,1791220200,WRB,69.83499908447266,69.83499908447266,69.83499908447266,69.83499908447266,1280
2026-10-05 13:11:00,1791220260,WRB,69.84770202636719,69.84770202636719,69.84770202636719,69.84770202636719,1103
2026-10-05 13:12:00,1791220320,WRB,69.8499984741211,69.8499984741211,69.84500122070312,69.84500122070312,1246
2026-10-05 13:13:00,1791220380,WRB,69.84500122070312,69.86000061035156,69.83999633789062,69.83999633789062,2610
2026-10-05 13:14:00,1791220440,WRB,69.87000274658203,69.87000274658203,69.87000274658203,69.87000274658203,408
2026-10-05 13:15:00,1791220500,WRB,69.8499984741211,69.86000061035156,69.8499984741211,69.86000061035156,2313
2026-10-05 13:16:00,1791220560,WRB,69.85549926757812,69.85549926757812,69.85549926757812,69.85549926757812,773
2026-10-05 13:17:00,1791220620,WRB,69.8499984741211,69.88999938964844,69.8499984741211,69.88999938964844,3156
2026-10-05 13:18:00,1791220680,WRB,69.88999938964844,69.88999938964844,69.88999938964844,69.88999938964844,1225
2026-10-05 13:19:00,1791220740,WRB,69.87000274658203,69.87000274658203,69.86000061035156,69.86000061035156,1471
2026-10-05 13:20:00,1791220800,WRB,69.86000061035156,69.87000274658203,69.81999969482422,69.8499984741211,10268
2026-10-05 13:22:00,1791220920,WRB,69.83499908447266,69.83499908447266,69.81999969482422,69.81999969482422,1490
2026-10-05 13:23:00,1791220980,WRB,69.81999969482422,69.8550033569336,69.81999969482422,69.83000183105469,5924
2026-10-05 13:25:00,1791221100,WRB,69.80000305175781,69.80999755859375,69.78500366210938,69.78500366210938,3694
2026-10-05 13:26:00,1791221160,WRB,69.80000305175781,69.81999969482422,69.80000305175781,69.81999969482422,1224
2026-10-05 13:27:00,1791221220,WRB,69.81500244140625,69.83000183105469,69.80000305175781,69.80999755859375,3457
2026-10-05 13:28:00,1791221280,WRB,69.81999969482422,69.86000061035156,69.81500244140625,69.8499984741211,3407
2026-10-05 13:29:00,1791221340,WRB,69.86000061035156,69.86000061035156,69.81999969482422,69.81999969482422,3584
2026-10-05 13:30:00,1791221400,WRB,69.83000183105469,69.83999633789062,69.83000183105469,69.83999633789062,2903
2026-10-05 13:32:00,1791221520,WRB,69.83499908447266,69.83499908447266,69.80999755859375,69.83000183105469,3528
2026-10-05 13:33:00,1791221580,WRB,69.83000183105469,69.8499984741211,69.83000183105469,69.83999633789062,3897
2026-10-05 13:34:00,1791221640,WRB,69.83999633789062,69.8499984741211,69.83000183105469,69.83499908447266,2100
2026-10-05 13:35:00,1791221700,WRB,69.83499908447266,69.8499984741211,69.83499908447266,69.83499908447266,1731
2026-10-05 13:36:00,1791221760,WRB,69.8499984741211,69.92500305175781,69.84500122070312,69.92500305175781,5716
2026-10-05 13:37:00,1791221820,WRB,69.91999816894531,69.91999816894531,69.9000015258789,69.9000015258789,2483
2026-10-05 13:38:00,1791221880,WRB,69.91000366210938,69.93000030517578,69.8671646118164,69.87999725341797,4774
2026-10-05 13:40:00,1791222000,WRB,69.86849975585938,69.875,69.86849975585938,69.875,1473
2026-10-05 13:41:00,1791222060,WRB,69.88999938964844,69.88999938964844,69.88999938964844,69.88999938964844,801
2026-10-05 13:42:00,1791222120,WRB,69.90499877929688,69.90499877929688,69.8949966430664,69.8949966430664,801
2026-10-05 13:43:00,1791222180,WRB,69.87999725341797,69.91000366210938,69.87999725341797,69.91000366210938,5342
2026-10-05 13:44:00,1791222240,WRB,69.8949966430664,69.8949966430664,69.8949966430664,69.8949966430664,735
2026-10-05 13:45:00,1791222300,WRB,69.9000015258789,69.9000015258789,69.9000015258789,69.9000015258789,1506
2026-10-05 13:46:00,1791222360,WRB,69.91000366210938,69.91500091552734,69.9000015258789,69.90499877929688,2270
2026-10-05 13:48:00,1791222480,WRB,69.91000366210938,69.91999816894531,69.90010070800781,69.91999816894531,1685
2026-10-05 13:49:00,1791222540,WRB,69.91500091552734,69.95999908447266,69.91500091552734,69.94999694824219,4003
2026-10-05 13:50:00,1791222600,WRB,69.94499969482422,69.94499969482422,69.94499969482422,69.94499969482422,568
2026-10-05 13:51:00,1791222660,WRB,69.94999694824219,69.96499633789062,69.94999694824219,69.95500183105469,1889
2026-10-05 13:52:00,1791222720,WRB,69.95999908447266,69.95999908447266,69.91500091552734,69.91500091552734,3172
2026-10-05 13:53:00,1791222780,WRB,69.90499877929688,69.90499877929688,69.88999938964844,69.9000015258789,2984
2026-10-05 13:54:00,1791222840,WRB,69.88999938964844,69.88999938964844,69.88999938964844,69.88999938964844,1134
2026-10-05 13:55:00,1791222900,WRB,69.875,69.875,69.86000061035156,69.87000274658203,1383
2026-10-05 13:56:00,1791222960,WRB,69.87999725341797,69.87999725341797,69.875,69.875,1929
2026-10-05 13:57:00,1791223020,WRB,69.87999725341797,69.9000015258789,69.87999725341797,69.88999938964844,2852
2026-10-05 13:58:00,1791223080,WRB,69.9000015258789,69.91000366210938,69.9000015258789,69.90499877929688,2741
2026-10-05 14:00:00,1791223200,WRB,69.88999938964844,69.90499877929688,69.88999938964844,69.90499877929688,426
2026-10-05 14:01:00,1791223260,WRB,69.90499877929688,69.90499877929688,69.88999938964844,69.89360046386719,4586
2026-10-05 14:02:00,1791223320,WRB,69.90989685058594,69.90989685058594,69.87999725341797,69.87999725341797,3334
2026-10-05 14:03:00,1791223380,WRB,69.875,69.91999816894531,69.875,69.91999816894531,2457
2026-10-05 14:04:00,1791223440,WRB,69.91999816894531,69.91999816894531,69.8949966430664,69.8949966430664,2807
2026-10-05 14:05:00,1791223500,WRB,69.8949966430664,69.91000366210938,69.8949966430664,69.91000366210938,1407
2026-10-05 14:06:00,1791223560,WRB,69.91000366210938,69.91000366210938,69.9000015258789,69.90499877929688,2709
2026-10-05 14:07:00,1791223620,WRB,69.9000015258789,69.9000015258789,69.87999725341797,69.87999725341797,2705
2026-10-05 14:08:00,1791223680,WRB,69.87000274658203,69.87000274658203,69.86000061035156,69.86499786376953,1820
2026-10-05 14:09:00,1791223740,WRB,69.83000183105469,69.83000183105469,69.83000183105469,69.83000183105469,1816
2026-10-05 14:10:00,1791223800,WRB,69.83000183105469,69.84500122070312,69.83000183105469,69.84500122070312,2849
2026-10-05 14:11:00,1791223860,WRB,69.8499984741211,69.86000061035156,69.8499984741211,69.86000061035156,1927
2026-10-05 14:13:00,1791223980,WRB,69.86000061035156,69.87249755859375,69.8499984741211,69.87000274658203,5247
2026-10-05 14:14:00,1791224040,WRB,69.87999725341797,69.88999938964844,69.87999725341797,69.88999938964844,1289
2026-10-05 14:15:00,1791224100,WRB,69.87999725341797,69.88999938964844,69.87999725341797,69.87999725341797,4972
2026-10-05 14:16:00,1791224160,WRB,69.87999725341797,69.87999725341797,69.8499984741211,69.8499984741211,4307
2026-10-05 14:17:00,1791224220,WRB,69.83999633789062,69.84500122070312,69.83000183105469,69.83000183105469,1155
2026-10-05 14:18:00,1791224280,WRB,69.80999755859375,69.80999755859375,69.80999755859375,69.80999755859375,2448
2026-10-05 14:19:00,1791224340,WRB,69.80999755859375,69.80999755859375,69.80999755859375,69.80999755859375,686
2026-10-05 14:20:00,1791224400,WRB,69.80500030517578,69.80500030517578,69.79000091552734,69.79000091552734,2529
2026-10-05 14:21:00,1791224460,WRB,69.80000305175781,69.81999969482422,69.80000305175781,69.81999969482422,5835
2026-10-05 14:22:00,1791224520,WRB,69.83000183105469,69.83000183105469,69.83000183105469,69.83000183105469,2130
2026-10-05 14:23:00,1791224580,WRB,69.83499908447266,69.83499908447266,69.81999969482422,69.8324966430664,1557
2026-10-05 14:24:00,1791224640,WRB,69.82499694824219,69.8499984741211,69.81999969482422,69.8499984741211,2355
2026-10-05 14:25:00,1791224700,WRB,69.83000183105469,69.8499984741211,69.83000183105469,69.8499984741211,2310
2026-10-05 14:26:00,1791224760,WRB,69.86000061035156,69.88500213623047,69.86000061035156,69.88500213623047,3284
2026-10-05 14:27:00,1791224820,WRB,69.88500213623047,69.91000366210938,69.88500213623047,69.91000366210938,1865
2026-10-05 14:28:00,1791224880,WRB,69.91000366210938,69.93499755859375,69.91000366210938,69.93000030517578,5464
2026-10-05 14:29:00,1791224940,WRB,69.93499755859375,69.93499755859375,69.93499755859375,69.93499755859375,923
2026-10-05 14:30:00,1791225000,WRB,69.93499755859375,69.95500183105469,69.93000030517578,69.95500183105469,3994
2026-10-05 14:31:00,1791225060,WRB,69.94499969482422,69.94499969482422,69.94000244140625,69.94000244140625,1563
2026-10-05 14:32:00,1791225120,WRB,69.91999816894531,69.93000030517578,69.91000366210938,69.91000366210938,2319
2026-10-05 14:33:00,1791225180,WRB,69.91000366210938,69.93000030517578,69.90499877929688,69.90499877929688,2999
2026-10-05 14:34:00,1791225240,WRB,69.93000030517578,69.93499755859375,69.93000030517578,69.93499755859375,2494
2026-10-05 14:35:00,1791225300,WRB,69.94000244140625,69.94999694824219,69.94000244140625,69.94999694824219,1212
2026-10-05 14:36:00,1791225360,WRB,69.9800033569336,69.9800033569336,69.94999694824219,69.94999694824219,967
2026-10-05 14:37:00,1791225420,WRB,69.95999908447266,69.96499633789062,69.94000244140625,69.94000244140625,4610
2026-10-05 14:38:00,1791225480,WRB,69.93000030517578,69.93009948730469,69.93000030517578,69.93000030517578,2209
2026-10-05 14:39:00,1791225540,WRB,69.93499755859375,69.93499755859375,69.93499755859375,69.93499755859375,1388
2026-10-05 14:40:00,1791225600,WRB,69.94000244140625,69.94999694824219,69.94000244140625,69.94999694824219,2053
2026-10-05 14:41:00,1791225660,WRB,69.96499633789062,69.96499633789062,69.96499633789062,69.96499633789062,538
2026-10-05 14:42:00,1791225720,WRB,69.96499633789062,69.96499633789062,69.94000244140625,69.94000244140625,4348
2026-10-05 14:43:00,1791225780,WRB,69.91999816894531,69.91999816894531,69.91500091552734,69.91500091552734,1821
2026-10-05 14:44:00,1791225840,WRB,69.88999938964844,69.88999938964844,69.88999938964844,69.88999938964844,1053
2026-10-05 14:45:00,1791225900,WRB,69.88999938964844,69.88999938964844,69.88999938964844,69.88999938964844,2096
2026-10-05 14:46:00,1791225960,WRB,69.88999938964844,69.91000366210938,69.88999938964844,69.9000015258789,2596
2026-10-05 14:47:00,1791226020,WRB,69.88999938964844,69.89649963378906,69.88999938964844,69.89649963378906,1209
2026-10-05 14:48:00,1791226080,WRB,69.88999938964844,69.88999938964844,69.87999725341797,69.88099670410156,1670
2026-10-05 14:49:00,1791226140,WRB,69.88500213623047,69.9124984741211,69.87999725341797,69.91000366210938,5159
2026-10-05 14:50:00,1791226200,WRB,69.91999816894531,69.91999816894531,69.91000366210938,69.91000366210938,2382
2026-10-05 14:51:00,1791226260,WRB,69.91500091552734,69.91999816894531,69.91500091552734,69.91999816894531,1049
2026-10-05 14:52:00,1791226320,WRB,69.91000366210938,69.94000244140625,69.91000366210938,69.93000030517578,3975
2026-10-05 14:53:00,1791226380,WRB,69.91999816894531,69.91999816894531,69.91999816894531,69.91999816894531,621
2026-10-05 14:54:00,1791226440,WRB,69.91000366210938,69.91000366210938,69.87999725341797,69.87999725341797,1839
2026-10-05 14:55:00,1791226500,WRB,69.9000015258789,69.9000015258789,69.86000061035156,69.86499786376953,3780
2026-10-05 14:56:00,1791226560,WRB,69.87000274658203,69.88999938964844,69.87000274658203,69.88500213623047,4996
2026-10-05 14:57:00,1791226620,WRB,69.88500213623047,69.88999938964844,69.87999725341797,69.88999938964844,2622
2026-10-05 14:58:00,1791226680,WRB,69.87999725341797,69.9000015258789,69.86000061035156,69.88999938964844,4297
2026-10-05 14:59:00,1791226740,WRB,69.88500213623047,69.89649963378906,69.87000274658203,69.87519836425781,4048
2026-10-05 15:00:00,1791226800,WRB,69.87999725341797,69.88999938964844,69.87000274658203,69.87000274658203,3724
2026-10-05 15:01:00,1791226860,WRB,69.87999725341797,69.87999725341797,69.87000274658203,69.875,1589
2026-10-05 15:02:00,1791226920,WRB,69.86000061035156,69.86000061035156,69.69999694824219,69.69999694824219,12849
2026-10-05 15:03:00,1791226980,WRB,69.72000122070312,69.76000213623047,69.72000122070312,69.76000213623047,10704
2026-10-05 15:04:00,1791227040,WRB,69.75,69.75499725341797,69.72000122070312,69.7300033569336,8429
2026-10-05 15:05:00,1791227100,WRB,69.70999908447266,69.72000122070312,69.6449966430664,69.70500183105469,22177
2026-10-05 15:06:00,1791227160,WRB,69.69999694824219,69.73999786376953,69.69999694824219,69.73999786376953,2981
2026-10-05 15:07:00,1791227220,WRB,69.75,69.80000305175781,69.73999786376953,69.79000091552734,10190
2026-10-05 15:08:00,1791227280,WRB,69.79000091552734,69.79010009765625,69.7699966430664,69.7699966430664,7912
2026-10-05 15:09:00,1791227340,WRB,69.7699966430664,69.7699966430664,69.75,69.76000213623047,3414
2026-10-05 15:10:00,1791227400,WRB,69.7698974609375,69.77999877929688,69.76000213623047,69.7750015258789,4313
2026-10-05 15:11:00,1791227460,WRB,69.79000091552734,69.79000091552734,69.77010345458984,69.77010345458984,1154
2026-10-05 15:12:00,1791227520,WRB,69.78500366210938,69.78500366210938,69.76000213623047,69.7699966430664,3911
2026-10-05 15:13:00,1791227580,WRB,69.7699966430664,69.7699966430664,69.73999786376953,69.73999786376953,3221
2026-10-05 15:14:00,1791227640,WRB,69.76000213623047,69.7699966430664,69.76000213623047,69.7699966430664,1785
2026-10-05 15:15:00,1791227700,WRB,69.7699966430664,69.7699966430664,69.75499725341797,69.75499725341797,1965
2026-10-05 15:16:00,1791227760,WRB,69.75,69.76000213623047,69.75,69.76000213623047,5570
2026-10-05 15:17:00,1791227820,WRB,69.7500991821289,69.78160095214844,69.7500991821289,69.7500991821289,4344
2026-10-05 15:18:00,1791227880,WRB,69.75,69.7699966430664,69.73999786376953,69.7699966430664,4152
2026-10-05 15:19:00,1791227940,WRB,69.77999877929688,69.80000305175781,69.77999877929688,69.79000091552734,4080
2026-10-05 15:20:00,1791228000,WRB,69.80000305175781,69.83000183105469,69.80000305175781,69.81500244140625,5285
2026-10-05 15:21:00,1791228060,WRB,69.81999969482422,69.81999969482422,69.7699966430664,69.77999877929688,9288
2026-10-05 15:22:00,1791228120,WRB,69.79000091552734,69.79000091552734,69.77999877929688,69.77999877929688,661
2026-10-05 15:23:00,1791228180,WRB,69.77999877929688,69.80000305175781,69.7750015258789,69.80000305175781,3983
2026-10-05 15:24:00,1791228240,WRB,69.79499816894531,69.79499816894531,69.78099822998047,69.78099822998047,1430
2026-10-05 15:25:00,1791228300,WRB,69.77999877929688,69.81999969482422,69.77999877929688,69.81999969482422,7789
2026-10-05 15:27:00,1791228420,WRB,69.81999969482422,69.81999969482422,69.80999755859375,69.80999755859375,2601
2026-10-05 15:28:00,1791228480,WRB,69.81999969482422,69.83999633789062,69.81999969482422,69.83999633789062,2164
2026-10-05 15:29:00,1791228540,WRB,69.83000183105469,69.83000183105469,69.83000183105469,69.83000183105469,2781
2026-10-05 15:30:00,1791228600,WRB,69.82499694824219,69.83999633789062,69.81999969482422,69.83000183105469,5424
2026-10-05 15:31:00,1791228660,WRB,69.83000183105469,69.83000183105469,69.80999755859375,69.81999969482422,5049
2026-10-05 15:32:00,1791228720,WRB,69.83000183105469,69.8499984741211,69.83000183105469,69.84500122070312,6638
2026-10-05 15:33:00,1791228780,WRB,69.86000061035156,69.87000274658203,69.86000061035156,69.86000061035156,7143
2026-10-05 15:34:00,1791228840,WRB,69.87000274658203,69.88999938964844,69.87000274658203,69.87000274658203,8250
2026-10-05 15:35:00,1791228900,WRB,69.87000274658203,69.87999725341797,69.8499984741211,69.8499984741211,6993
2026-10-05 15:36:00,1791228960,WRB,69.86499786376953,69.86499786376953,69.83999633789062,69.8499984741211,8256
2026-10-05 15:37:00,1791229020,WRB,69.86000061035156,69.87999725341797,69.8550033569336,69.875,4810
2026-10-05 15:38:00,1791229080,WRB,69.875,69.88999938964844,69.87000274658203,69.87999725341797,6657
2026-10-05 15:39:00,1791229140,WRB,69.87999725341797,69.87999725341797,69.86000061035156,69.87000274658203,4975
2026-10-05 15:40:00,1791229200,WRB,69.86000061035156,69.88999938964844,69.86000061035156,69.88999938964844,5199
2026-10-05 15:41:00,1791229260,WRB,69.88999938964844,69.91000366210938,69.88999938964844,69.90499877929688,5825
2026-10-05 15:42:00,1791229320,WRB,69.90499877929688,69.91000366210938,69.88999938964844,69.91000366210938,5017
2026-10-05 15:43:00,1791229380,WRB,69.91000366210938,69.91999816894531,69.91000366210938,69.91999816894531,3727
2026-10-05 15:44:00,1791229440,WRB,69.91999816894531,69.91999816894531,69.9000015258789,69.90499877929688,10675
2026-10-05 15:45:00,1791229500,WRB,69.88999938964844,69.88999938964844,69.84500122070312,69.84500122070312,9050
2026-10-05 15:46:00,1791229560,WRB,69.8499984741211,69.88999938964844,69.83999633789062,69.83999633789062,9485
2026-10-05 15:47:00,1791229620,WRB,69.87000274658203,69.87999725341797,69.83999633789062,69.87999725341797,10819
2026-10-05 15:48:00,1791229680,WRB,69.87999725341797,69.88999938964844,69.87000274658203,69.87000274658203,7183
2026-10-05 15:49:00,1791229740,WRB,69.87000274658203,69.87000274658203,69.83499908447266,69.8499984741211,14073
2026-10-05 15:50:00,1791229800,WRB,69.83999633789062,69.83999633789062,69.77999877929688,69.83000183105469,15252
2026-10-05 15:51:00,1791229860,WRB,69.83499908447266,69.83499908447266,69.7699966430664,69.79000091552734,12367
2026-10-05 15:52:00,1791229920,WRB,69.80000305175781,69.81999969482422,69.77999877929688,69.79000091552734,7559
2026-10-05 15:53:00,1791229980,WRB,69.77999877929688,69.77999877929688,69.69499969482422,69.7300033569336,16420
2026-10-05 15:54:00,1791230040,WRB,69.71499633789062,69.80000305175781,69.70999908447266,69.79000091552734,16278
2026-10-05 15:55:00,1791230100,WRB,69.79499816894531,69.86000061035156,69.79499816894531,69.86000061035156,11799
2026-10-05 15:56:00,1791230160,WRB,69.86000061035156,69.87000274658203,69.80999755859375,69.80999755859375,21270
2026-10-05 15:57:00,1791230220,WRB,69.80999755859375,69.9000015258789,69.80000305175781,69.9000015258789,41654
2026-10-05 15:58:00,1791230280,WRB,69.89250183105469,69.8949966430664,69.83000183105469,69.8499984741211,62679
2026-10-05 15:59:00,1791230340,WRB,69.8499984741211,69.86000061035156,69.7699966430664,69.79000091552734,109761
2026-10-05 16:00:00,1791230400,WRB,69.7699966430664,69.7699966430664,69.7699966430664,69.7699966430664,0
2026-10-06 09:30:00,1791293400,WRB,69.48999786376953,69.75,69.4749984741211,69.4749984741211,0
2026-10-06 09:31:00,1791293460,WRB,69.79000091552734,69.79000091552734,69.79000091552734,69.79000091552734,389
2026-10-06 09:32:00,1791293520,WRB,69.80000305175781,69.98999786376953,69.66000366210938,69.9000015258789,2036
2026-10-06 09:33:00,1791293580,WRB,69.7300033569336,69.7699966430664,69.70999908447266,69.7699966430664,1655
2026-10-06 09:34:00,1791293640,WRB,69.73999786376953,69.73999786376953,69.7300033569336,69.73999786376953,2224
2026-10-06 09:35:00,1791293700,WRB,69.69000244140625,69.7300033569336,69.69000244140625,69.7300033569336,1847
2026-10-06 09:36:00,1791293760,WRB,69.7300033569336,69.7300033569336,69.63999938964844,69.66200256347656,2485
2026-10-06 09:37:00,1791293820,WRB,69.7300033569336,69.7300033569336,69.7300033569336,69.7300033569336,315
2026-10-06 09:38:00,1791293880,WRB,69.76499938964844,69.76499938964844,69.76499938964844,69.76499938964844,595
2026-10-06 09:40:00,1791294000,WRB,69.76000213623047,69.76000213623047,69.76000213623047,69.76000213623047,1406
2026-10-06 09:41:00,1791294060,WRB,69.81999969482422,69.81999969482422,69.81999969482422,69.81999969482422,227
2026-10-06 09:42:00,1791294120,WRB,69.70999908447266,69.75,69.69999694824219,69.70800018310547,3074
2026-10-06 09:43:00,1791294180,WRB,69.69499969482422,69.69499969482422,69.69499969482422,69.69499969482422,171
2026-10-06 09:44:00,1791294240,WRB,69.69999694824219,69.78500366210938,69.69999694824219,69.77999877929688,2172
2026-10-06 09:45:00,1791294300,WRB,69.75,69.80000305175781,69.75,69.76499938964844,1241
2026-10-06 09:46:00,1791294360,WRB,69.75,69.7750015258789,69.75,69.7750015258789,784
2026-10-06 09:47:00,1791294420,WRB,69.77249908447266,69.7750015258789,69.76000213623047,69.7750015258789,521
2026-10-06 09:48:00,1791294480,WRB,69.81999969482422,69.84500122070312,69.81999969482422,69.84500122070312,2234
2026-10-06 09:49:00,1791294540,WRB,69.83999633789062,69.94999694824219,69.80000305175781,69.94999694824219,8329
2026-10-06 09:50:00,1791294600,WRB,69.94999694824219,69.95999908447266,69.92500305175781,69.92500305175781,2224
2026-10-06 09:51:00,1791294660,WRB,69.92500305175781,69.92500305175781,69.86000061035156,69.86000061035156,1650
2026-10-06 09:52:00,1791294720,WRB,69.85749816894531,69.86499786376953,69.85749816894531,69.86499786376953,558
2026-10-06 09:53:00,1791294780,WRB,69.8499984741211,69.8499984741211,69.81999969482422,69.8499984741211,966
2026-10-06 09:54:00,1791294840,WRB,69.86000061035156,69.86000061035156,69.8499984741211,69.8499984741211,702
2026-10-06 09:55:00,1791294900,WRB,69.8499984741211,69.8550033569336,69.8499984741211,69.8550033569336,1324
2026-10-06 09:58:00,1791295080,WRB,69.91999816894531,69.91999816894531,69.91000366210938,69.91999816894531,1382
2026-10-06 10:00:00,1791295200,WRB,69.88999938964844,69.95999908447266,69.88999938964844,69.95999908447266,1646
2026-10-06 10:01:00,1791295260,WRB,69.95999908447266,69.97000122070312,69.91000366210938,69.95999908447266,60092
2026-10-06 10:02:00,1791295320,WRB,69.9800033569336,70.05000305175781,69.9800033569336,70.02999877929688,23051
2026-10-06 10:03:00,1791295380,WRB,70.05000305175781,70.08000183105469,70.03500366210938,70.05000305175781,2296
2026-10-06 10:04:00,1791295440,WRB,70.01000213623047,70.08000183105469,70.01000213623047,70.07499694824219,887
2026-10-06 10:05:00,1791295500,WRB,70.04000091552734,70.08000183105469,70.02999877929688,70.08000183105469,1741
2026-10-06 10:06:00,1791295560,WRB,70.07499694824219,70.0999984741211,70.07499694824219,70.0999984741211,1434
2026-10-06 10:07:00,1791295620,WRB,70.125,70.16999816894531,70.09010314941406,70.16999816894531,12915
2026-10-06 10:08:00,1791295680,WRB,70.13999938964844,70.13999938964844,70.04000091552734,70.04000091552734,6581
2026-10-06 10:09:00,1791295740,WRB,70.05999755859375,70.05999755859375,70.05000305175781,70.05000305175781,2109
2026-10-06 10:10:00,1791295800,WRB,70.08000183105469,70.16500091552734,70.08000183105469,70.16000366210938,2478
2026-10-06 10:11:00,1791295860,WRB,70.16500091552734,70.22000122070312,70.16500091552734,70.20999908447266,2270
2026-10-06 10:12:00,1791295920,WRB,70.23999786376953,70.26170349121094,70.2249984741211,70.26170349121094,117247
2026-10-06 10:13:00,1791295980,WRB,70.24500274658203,70.26000213623047,70.19999694824219,70.22000122070312,4135
2026-10-06 10:14:00,1791296040,WRB,70.19999694824219,70.19999694824219,70.19000244140625,70.19000244140625,676
2026-10-06 10:15:00,1791296100,WRB,70.19000244140625,70.19000244140625,70.12000274658203,70.12000274658203,1376
2026-10-06 10:17:00,1791296220,WRB,70.19999694824219,70.19999694824219,70.19000244140625,70.19000244140625,906
2026-10-06 10:18:00,1791296280,WRB,70.16999816894531,70.18000030517578,70.16999816894531,70.18000030517578,1849
2026-10-06 10:19:00,1791296340,WRB,70.19000244140625,70.38999938964844,70.19000244140625,70.3550033569336,18229
2026-10-06 10:20:00,1791296400,WRB,70.41999816894531,70.41999816894531,70.4000015258789,70.41999816894531,901
2026-10-06 10:21:00,1791296460,WRB,70.43000030517578,70.44999694824219,70.4000015258789,70.4000015258789,2913
2026-10-06 10:22:00,1791296520,WRB,70.3949966430664,70.4000015258789,70.31999969482422,70.38690185546875,3598
2026-10-06 10:23:00,1791296580,WRB,70.33999633789062,70.33999633789062,70.32849884033203,70.32849884033203,765
2026-10-06 10:24:00,1791296640,WRB,70.33000183105469,70.33000183105469,70.26000213623047,70.26000213623047,5398
2026-10-06 10:26:00,1791296760,WRB,70.28500366210938,70.29499816894531,70.28500366210938,70.29499816894531,1083
2026-10-06 10:27:00,1791296820,WRB,70.33940124511719,70.33940124511719,70.25,70.28500366210938,4405
2026-10-06 10:28:00,1791296880,WRB,70.29499816894531,70.29499816894531,70.29499816894531,70.29499816894531,1083
2026-10-06 10:29:00,1791296940,WRB,70.33999633789062,70.33999633789062,70.30999755859375,70.32990264892578,1611
2026-10-06 10:30:00,1791297000,WRB,70.33000183105469,70.38009643554688,70.33000183105469,70.38009643554688,3193
2026-10-06 10:31:00,1791297060,WRB,70.41500091552734,70.41500091552734,70.38999938964844,70.41500091552734,1927
2026-10-06 10:32:00,1791297120,WRB,70.47000122070312,70.55999755859375,70.45999908447266,70.55999755859375,3682
2026-10-06 10:33:00,1791297180,WRB,70.58000183105469,70.61499786376953,70.58000183105469,70.61000061035156,1793
2026-10-06 10:34:00,1791297240,WRB,70.61000061035156,70.61000061035156,70.61000061035156,70.61000061035156,1740
2026-10-06 10:35:00,1791297300,WRB,70.58000183105469,70.6395034790039,70.56999969482422,70.6395034790039,6802
2026-10-06 10:36:00,1791297360,WRB,70.6500015258789,70.66999816894531,70.6500015258789,70.66999816894531,1418
2026-10-06 10:37:00,1791297420,WRB,70.69000244140625,70.70999908447266,70.69000244140625,70.70999908447266,2618
2026-10-06 10:38:00,1791297480,WRB,70.70500183105469,70.7699966430664,70.69999694824219,70.75499725341797,5658
2026-10-06 10:39:00,1791297540,WRB,70.7699966430664,70.7699966430664,70.73999786376953,70.73999786376953,774
2026-10-06 10:40:00,1791297600,WRB,70.7300033569336,70.7300033569336,70.7300033569336,70.7300033569336,1293
2026-10-06 10:41:00,1791297660,WRB,70.75499725341797,70.83999633789062,70.75499725341797,70.80999755859375,2941
2026-10-06 10:42:00,1791297720,WRB,70.81999969482422,70.81999969482422,70.80000305175781,70.80000305175781,1582
2026-10-06 10:43:00,1791297780,WRB,70.80000305175781,70.80000305175781,70.72000122070312,70.72000122070312,5322
2026-10-06 10:44:00,1791297840,WRB,70.70999908447266,70.70999908447266,70.70999908447266,70.70999908447266,1097
2026-10-06 10:45:00,1791297900,WRB,70.72740173339844,70.72740173339844,70.72740173339844,70.72740173339844,1709
2026-10-06 10:46:00,1791297960,WRB,70.69999694824219,70.73500061035156,70.69999694824219,70.73500061035156,1507
2026-10-06 10:47:00,1791298020,WRB,70.7300033569336,70.73999786376953,70.7300033569336,70.73999786376953,661
2026-10-06 10:48:00,1791298080,WRB,70.75,70.75499725341797,70.75,70.75499725341797,710
2026-10-06 10:49:00,1791298140,WRB,70.7699966430664,70.80500030517578,70.7699966430664,70.80500030517578,2557
2026-10-06 10:50:00,1791298200,WRB,70.79000091552734,70.79000091552734,70.7748031616211,70.78500366210938,1534
2026-10-06 10:51:00,1791298260,WRB,70.80000305175781,70.83999633789062,70.80000305175781,70.83000183105469,5739
2026-10-06 10:52:00,1791298320,WRB,70.8499984741211,70.8499984741211,70.80999755859375,70.83499908447266,2308
2026-10-06 10:53:00,1791298380,WRB,70.82579803466797,70.84500122070312,70.79000091552734,70.80000305175781,5796
2026-10-06 10:54:00,1791298440,WRB,70.78500366210938,70.78500366210938,70.78500366210938,70.78500366210938,985
2026-10-06 10:56:00,1791298560,WRB,70.79499816894531,70.79499816894531,70.79499816894531,70.79499816894531,1153
2026-10-06 10:57:00,1791298620,WRB,70.7699966430664,70.7699966430664,70.7699966430664,70.7699966430664,1242
2026-10-06 10:58:00,1791298680,WRB,70.76000213623047,70.76000213623047,70.76000213623047,70.76000213623047,441
2026-10-06 10:59:00,1791298740,WRB,70.74500274658203,70.74500274658203,70.70500183105469,70.73999786376953,2795
2026-10-06 11:00:00,1791298800,WRB,70.73999786376953,70.73999786376953,70.70999908447266,70.72000122070312,1808
2026-10-06 11:01:00,1791298860,WRB,70.70999908447266,70.72000122070312,70.69999694824219,70.71499633789062,2361
2026-10-06 11:02:00,1791298920,WRB,70.69999694824219,70.69999694824219,70.68000030517578,70.68000030517578,1292
2026-10-06 11:03:00,1791298980,WRB,70.66999816894531,70.69000244140625,70.63999938964844,70.63999938964844,3019
2026-10-06 11:04:00,1791299040,WRB,70.63500213623047,70.63999938964844,70.63500213623047,70.63999938964844,1532
2026-10-06 11:05:00,1791299100,WRB,70.63999938964844,70.63999938964844,70.63999938964844,70.63999938964844,212
2026-10-06 11:06:00,1791299160,WRB,70.68000030517578,70.7699966430664,70.66500091552734,70.73999786376953,9752
2026-10-06 11:07:00,1791299220,WRB,70.69999694824219,70.73999786376953,70.69999694824219,70.69999694824219,2165
2026-10-06 11:09:00,1791299340,WRB,70.72000122070312,70.7499008178711,70.70999908447266,70.7499008178711,2876
2026-10-06 11:10:00,1791299400,WRB,70.76000213623047,70.77999877929688,70.76000213623047,70.77999877929688,1487
2026-10-06 11:11:00,1791299460,WRB,70.76000213623047,70.7699966430664,70.72049713134766,70.72049713134766,3576
2026-10-06 11:12:00,1791299520,WRB,70.7699966430664,70.7699966430664,70.7699966430664,70.7699966430664,743
2026-10-06 11:13:00,1791299580,WRB,70.78500366210938,70.78500366210938,70.78500366210938,70.78500366210938,1173
2026-10-06 11:14:00,1791299640,WRB,70.80999755859375,70.84500122070312,70.80999755859375,70.84500122070312,2079
2026-10-06 11:15:00,1791299700,WRB,70.84500122070312,70.84500122070312,70.84500122070312,70.84500122070312,1191
2026-10-06 11:16:00,1791299760,WRB,70.8499984741211,70.8499984741211,70.78140258789062,70.81500244140625,3753
2026-10-06 11:17:00,1791299820,WRB,70.81500244140625,70.81500244140625,70.81500244140625,70.81500244140625,1075
2026-10-06 11:18:00,1791299880,WRB,70.80999755859375,70.80999755859375,70.80999755859375,70.80999755859375,1156
2026-10-06 11:19:00,1791299940,WRB,70.78500366210938,70.78500366210938,70.78500366210938,70.78500366210938,747
2026-10-06 11:20:00,1791300000,WRB,70.79000091552734,70.80999755859375,70.79000091552734,70.80999755859375,1353
2026-10-06 11:21:00,1791300060,WRB,70.80999755859375,70.80999755859375,70.7699966430664,70.77999877929688,2687
2026-10-06 11:22:00,1791300120,WRB,70.80500030517578,70.80500030517578,70.79000091552734,70.80500030517578,1345
2026-10-06 11:23:00,1791300180,WRB,70.77999877929688,70.77999877929688,70.75,70.76000213623047,1508
2026-10-06 11:24:00,1791300240,WRB,70.7699966430664,70.7699966430664,70.73999786376953,70.75499725341797,4017
2026-10-06 11:25:00,1791300300,WRB,70.75499725341797,70.76499938964844,70.75499725341797,70.76499938964844,2710
2026-10-06 11:26:00,1791300360,WRB,70.76499938964844,70.83499908447266,70.76499938964844,70.83499908447266,15800
2026-10-06 11:27:00,1791300420,WRB,70.83999633789062,70.8499984741211,70.82723999023438,70.82723999023438,2087
2026-10-06 11:28:00,1791300480,WRB,70.83619689941406,70.86000061035156,70.83619689941406,70.86000061035156,1178
2026-10-06 11:29:00,1791300540,WRB,70.86000061035156,70.87000274658203,70.86000061035156,70.86000061035156,2494
2026-10-06 11:30:00,1791300600,WRB,70.8499984741211,70.86000061035156,70.8499984741211,70.86000061035156,2142
2026-10-06 11:31:00,1791300660,WRB,70.85710144042969,70.85710144042969,70.8550033569336,70.8550033569336,1282
2026-10-06 11:32:00,1791300720,WRB,70.83999633789062,70.8499984741211,70.70500183105469,70.70500183105469,9353
2026-10-06 11:33:00,1791300780,WRB,70.69999694824219,70.69999694824219,70.69999694824219,70.69999694824219,1197
2026-10-06 11:34:00,1791300840,WRB,70.69000244140625,70.69000244140625,70.66000366210938,70.68000030517578,3185
2026-10-06 11:35:00,1791300900,WRB,70.69000244140625,70.7249984741211,70.69000244140625,70.70999908447266,3203
2026-10-06 11:36:00,1791300960,WRB,70.70999908447266,70.70999908447266,70.6500015258789,70.6500015258789,1484
2026-10-06 11:37:00,1791301020,WRB,70.65499877929688,70.65499877929688,70.5999984741211,70.5999984741211,2041
2026-10-06 11:38:00,1791301080,WRB,70.58999633789062,70.5999984741211,70.58499908447266,70.5999984741211,977
2026-10-06 11:39:00,1791301140,WRB,70.6050033569336,70.6050033569336,70.58999633789062,70.6008529663086,1251
2026-10-06 11:40:00,1791301200,WRB,70.59500122070312,70.59500122070312,70.59500122070312,70.59500122070312,1742
2026-10-06 11:41:00,1791301260,WRB,70.58999633789062,70.58999633789062,70.58000183105469,70.58000183105469,1195
2026-10-06 11:42:00,1791301320,WRB,70.58000183105469,70.61000061035156,70.58000183105469,70.6050033569336,1907
2026-10-06 11:43:00,1791301380,WRB,70.61000061035156,70.62999725341797,70.5999984741211,70.61499786376953,5379
2026-10-06 11:44:00,1791301440,WRB,70.61499786376953,70.61499786376953,70.5999984741211,70.5999984741211,890
2026-10-06 11:45:00,1791301500,WRB,70.58000183105469,70.5999984741211,70.58000183105469,70.5999984741211,876
2026-10-06 11:46:00,1791301560,WRB,70.58000183105469,70.59249877929688,70.58000183105469,70.58999633789062,2944
2026-10-06 11:47:00,1791301620,WRB,70.61000061035156,70.61000061035156,70.58999633789062,70.58999633789062,7839
2026-10-06 11:49:00,1791301740,WRB,70.58090209960938,70.5999984741211,70.58090209960938,70.5999984741211,1126
2026-10-06 11:50:00,1791301800,WRB,70.58000183105469,70.58000183105469,70.58000183105469,70.58000183105469,966
2026-10-06 11:51:00,1791301860,WRB,70.59500122070312,70.59500122070312,70.59500122070312,70.59500122070312,640
2026-10-06 11:52:00,1791301920,WRB,70.58000183105469,70.58000183105469,70.58000183105469,70.58000183105469,277
2026-10-06 11:53:00,1791301980,WRB,70.59500122070312,70.59500122070312,70.59500122070312,70.59500122070312,617
2026-10-06 11:54:00,1791302040,WRB,70.60800170898438,70.61000061035156,70.58000183105469,70.58999633789062,4709
2026-10-06 11:55:00,1791302100,WRB,70.56999969482422,70.56999969482422,70.55999755859375,70.55999755859375,589
2026-10-06 11:57:00,1791302220,WRB,70.54000091552734,70.54000091552734,70.51000213623047,70.51000213623047,3272
2026-10-06 11:58:00,1791302280,WRB,70.53500366210938,70.53500366210938,70.52010345458984,70.53500366210938,1786
2026-10-06 11:59:00,1791302340,WRB,70.52999877929688,70.52999877929688,70.52999877929688,70.52999877929688,587
2026-10-06 12:00:00,1791302400,WRB,70.5199966430664,70.5199966430664,70.48500061035156,70.48500061035156,5814
2026-10-06 12:01:00,1791302460,WRB,70.49500274658203,70.5199966430664,70.49500274658203,70.51499938964844,4261
2026-10-06 12:02:00,1791302520,WRB,70.51000213623047,70.51000213623047,70.50509643554688,70.51000213623047,1035
2026-10-06 12:03:00,1791302580,WRB,70.5,70.5,70.4749984741211,70.4749984741211,2074
2026-10-06 12:04:00,1791302640,WRB,70.47000122070312,70.47000122070312,70.45500183105469,70.45999908447266,2241
2026-10-06 12:05:00,1791302700,WRB,70.44999694824219,70.44999694824219,70.44000244140625,70.44000244140625,2562
2026-10-06 12:06:00,1791302760,WRB,70.44000244140625,70.44499969482422,70.44000244140625,70.44499969482422,2448
2026-10-06 12:07:00,1791302820,WRB,70.43000030517578,70.43000030517578,70.4000015258789,70.4000015258789,1527
2026-10-06 12:09:00,1791302940,WRB,70.41000366210938,70.41999816894531,70.3949966430664,70.41000366210938,3586
2026-10-06 12:10:00,1791303000,WRB,70.41000366210938,70.41999816894531,70.37000274658203,70.38999938964844,4522
2026-10-06 12:11:00,1791303060,WRB,70.375,70.375,70.3499984741211,70.3499984741211,848
2026-10-06 12:12:00,1791303120,WRB,70.3499984741211,70.3499984741211,70.3499984741211,70.3499984741211,794
2026-10-06 12:13:00,1791303180,WRB,70.3499984741211,70.3499984741211,70.33999633789062,70.33999633789062,1750
2026-10-06 12:14:00,1791303240,WRB,70.33999633789062,70.33999633789062,70.30000305175781,70.30000305175781,2232
2026-10-06 12:15:00,1791303300,WRB,70.30000305175781,70.30000305175781,70.27999877929688,70.27999877929688,634
2026-10-06 12:16:00,1791303360,WRB,70.30500030517578,70.30500030517578,70.27999877929688,70.27999877929688,3922
2026-10-06 12:17:00,1791303420,WRB,70.28500366210938,70.29000091552734,70.2699966430664,70.2699966430664,1126
2026-10-06 12:18:00,1791303480,WRB,70.29010009765625,70.33000183105469,70.29000091552734,70.3219985961914,6863
2026-10-06 12:19:00,1791303540,WRB,70.30999755859375,70.4000015258789,70.30999755859375,70.4000015258789,6965
2026-10-06 12:20:00,1791303600,WRB,70.38999938964844,70.54499816894531,70.37000274658203,70.54000091552734,30284
2026-10-06 12:21:00,1791303660,WRB,70.55000305175781,70.58000183105469,70.54000091552734,70.56999969482422,2485
2026-10-06 12:22:00,1791303720,WRB,70.61000061035156,70.61000061035156,70.58000183105469,70.61000061035156,474325
2026-10-06 12:23:00,1791303780,WRB,70.58999633789062,70.62999725341797,70.55999755859375,70.625,15650
2026-10-06 12:24:00,1791303840,WRB,70.625,70.63999938964844,70.625,70.63500213623047,2677
2026-10-06 12:25:00,1791303900,WRB,70.63500213623047,70.6500015258789,70.55500030517578,70.55500030517578,5104
2026-10-06 12:26:00,1791303960,WRB,70.55999755859375,70.55999755859375,70.52999877929688,70.52999877929688,2494
2026-10-06 12:27:00,1791304020,WRB,70.5,70.51000213623047,70.48999786376953,70.5,10324
2026-10-06 12:28:00,1791304080,WRB,70.5,70.5,70.5,70.5,602
2026-10-06 12:29:00,1791304140,WRB,70.5,70.51000213623047,70.48999786376953,70.48999786376953,1624
2026-10-06 12:30:00,1791304200,WRB,70.49189758300781,70.51000213623047,70.47000122070312,70.49189758300781,7050
2026-10-06 12:31:00,1791304260,WRB,70.48999786376953,70.5,70.48999786376953,70.48999786376953,6270
2026-10-06 12:32:00,1791304320,WRB,70.49500274658203,70.49500274658203,70.49500274658203,70.49500274658203,805
2026-10-06 12:33:00,1791304380,WRB,70.5199966430664,70.5250015258789,70.51000213623047,70.51000213623047,2586
2026-10-06 12:34:00,1791304440,WRB,70.51499938964844,70.52999877929688,70.51000213623047,70.51000213623047,2089
2026-10-06 12:35:00,1791304500,WRB,70.5199966430664,70.5199966430664,70.5,70.5,2950
2026-10-06 12:36:00,1791304560,WRB,70.50240325927734,70.50240325927734,70.48500061035156,70.48500061035156,629
2026-10-06 12:37:00,1791304620,WRB,70.44000244140625,70.45999908447266,70.37000274658203,70.3949966430664,4601
2026-10-06 12:38:00,1791304680,WRB,70.37000274658203,70.38500213623047,70.36000061035156,70.38500213623047,2635
2026-10-06 12:39:00,1791304740,WRB,70.38999938964844,70.41000366210938,70.31999969482422,70.31999969482422,7835
2026-10-06 12:40:00,1791304800,WRB,70.27999877929688,70.30000305175781,70.26000213623047,70.29000091552734,4566
2026-10-06 12:41:00,1791304860,WRB,70.29000091552734,70.30000305175781,70.29000091552734,70.30000305175781,2765
2026-10-06 12:42:00,1791304920,WRB,70.30000305175781,70.31990051269531,70.30000305175781,70.31990051269531,2094
2026-10-06 12:43:00,1791304980,WRB,70.27999877929688,70.30000305175781,70.27999877929688,70.30000305175781,940
2026-10-06 12:44:00,1791305040,WRB,70.30500030517578,70.30500030517578,70.27999877929688,70.27999877929688,3088
2026-10-06 12:45:00,1791305100,WRB,70.25499725341797,70.25499725341797,70.23999786376953,70.23999786376953,841
2026-10-06 12:46:00,1791305160,WRB,70.21499633789062,70.21499633789062,70.19000244140625,70.21499633789062,2671
2026-10-06 12:48:00,1791305280,WRB,70.19000244140625,70.19000244140625,70.19000244140625,70.19000244140625,1418
2026-10-06 12:49:00,1791305340,WRB,70.125,70.125,70.125,70.125,453
2026-10-06 12:50:00,1791305400,WRB,70.125,70.125,70.125,70.125,1105
2026-10-06 12:51:00,1791305460,WRB,70.12000274658203,70.1449966430664,70.12000274658203,70.1449966430664,2554
2026-10-06 12:52:00,1791305520,WRB,70.1449966430664,70.1449966430664,70.1449966430664,70.1449966430664,1006
2026-10-06 12:53:00,1791305580,WRB,70.19999694824219,70.19999694824219,70.1500015258789,70.19999694824219,577882
2026-10-06 12:54:00,1791305640,WRB,70.19999694824219,70.20999908447266,70.19999694824219,70.20999908447266,2405
2026-10-06 12:55:00,1791305700,WRB,70.20999908447266,70.20999908447266,70.18000030517578,70.18000030517578,4466
2026-10-06 12:56:00,1791305760,WRB,70.16999816894531,70.18000030517578,70.1500015258789,70.1500015258789,2465
2026-10-06 12:57:00,1791305820,WRB,70.1449966430664,70.1449966430664,70.13999938964844,70.13999938964844,1606
2026-10-06 12:58:00,1791305880,WRB,70.12999725341797,70.12999725341797,70.12999725341797,70.12999725341797,707
2026-10-06 12:59:00,1791305940,WRB,70.12999725341797,70.12999725341797,70.1050033569336,70.1050033569336,1608
2026-10-06 13:00:00,1791306000,WRB,70.12000274658203,70.12799835205078,70.12000274658203,70.12799835205078,2117
2026-10-06 13:01:00,1791306060,WRB,70.08999633789062,70.08999633789062,70.08999633789062,70.08999633789062,5063
2026-10-06 13:02:00,1791306120,WRB,70.05999755859375,70.08000183105469,70.05999755859375,70.08000183105469,1451
2026-10-06 13:03:00,1791306180,WRB,70.08000183105469,70.08000183105469,70.08000183105469,70.08000183105469,607
2026-10-06 13:04:00,1791306240,WRB,70.08999633789062,70.1500015258789,70.08999633789062,70.1500015258789,3266
2026-10-06 13:05:00,1791306300,WRB,70.1500015258789,70.15499877929688,70.13999938964844,70.13999938964844,6630
2026-10-06 13:06:00,1791306360,WRB,70.12999725341797,70.17440032958984,70.06999969482422,70.17440032958984,5339
2026-10-06 13:07:00,1791306420,WRB,70.1500015258789,70.18000030517578,70.1500015258789,70.1500015258789,8880
2026-10-06 13:08:00,1791306480,WRB,70.18000030517578,70.20989990234375,70.18000030517578,70.19499969482422,3646
2026-10-06 13:09:00,1791306540,WRB,70.19000244140625,70.19000244140625,70.11000061035156,70.11000061035156,5580
2026-10-06 13:10:00,1791306600,WRB,70.11000061035156,70.11499786376953,70.08000183105469,70.0999984741211,5194
2026-10-06 13:12:00,1791306720,WRB,70.12000274658203,70.17500305175781,70.12000274658203,70.17500305175781,2537
2026-10-06 13:13:00,1791306780,WRB,70.17500305175781,70.17500305175781,70.16999816894531,70.16999816894531,842
2026-10-06 13:14:00,1791306840,WRB,70.17500305175781,70.17500305175781,70.16000366210938,70.16000366210938,1415
2026-10-06 13:15:00,1791306900,WRB,70.15499877929688,70.16000366210938,70.13999938964844,70.1500015258789,3853
2026-10-06 13:16:00,1791306960,WRB,70.1500015258789,70.1500015258789,70.1500015258789,70.1500015258789,305
2026-10-06 13:17:00,1791307020,WRB,70.1449966430664,70.20999908447266,70.1449966430664,70.20500183105469,7021
2026-10-06 13:18:00,1791307080,WRB,70.20999908447266,70.20999908447266,70.20999908447266,70.20999908447266,817
2026-10-06 13:19:00,1791307140,WRB,70.23500061035156,70.23500061035156,70.2300033569336,70.23500061035156,1107
2026-10-06 13:20:00,1791307200,WRB,70.2300033569336,70.2300033569336,70.21499633789062,70.21499633789062,3541
2026-10-06 13:21:00,1791307260,WRB,70.20999908447266,70.20999908447266,70.19010162353516,70.19999694824219,1733
2026-10-06 13:22:00,1791307320,WRB,70.19999694824219,70.19999694824219,70.18000030517578,70.18499755859375,3070
2026-10-06 13:23:00,1791307380,WRB,70.19999694824219,70.20999908447266,70.17500305175781,70.17500305175781,2236
2026-10-06 13:24:00,1791307440,WRB,70.16000366210938,70.16000366210938,70.16000366210938,70.16000366210938,587
2026-10-06 13:25:00,1791307500,WRB,70.16000366210938,70.16999816894531,70.16000366210938,70.16000366210938,2459
2026-10-06 13:26:00,1791307560,WRB,70.16000366210938,70.16000366210938,70.1449966430664,70.1449966430664,2048
2026-10-06 13:27:00,1791307620,WRB,70.13999938964844,70.1449966430664,70.11000061035156,70.11000061035156,4041
2026-10-06 13:28:00,1791307680,WRB,70.12000274658203,70.13999938964844,70.12000274658203,70.13999938964844,2330
2026-10-06 13:29:00,1791307740,WRB,70.13500213623047,70.1449966430664,70.12999725341797,70.1449966430664,23431
2026-10-06 13:30:00,1791307800,WRB,69.94999694824219,70.12999725341797,69.93000030517578,69.94999694824219,12577
2026-10-06 13:31:00,1791307860,WRB,69.95999908447266,70.0,69.94999694824219,69.94999694824219,9391
2026-10-06 13:32:00,1791307920,WRB,69.95999908447266,69.95999908447266,69.94999694824219,69.95999908447266,2689
2026-10-06 13:33:00,1791307980,WRB,69.94000244140625,69.94000244140625,69.92500305175781,69.94000244140625,1926
2026-10-06 13:34:00,1791308040,WRB,69.94619750976562,69.97000122070312,69.94619750976562,69.95999908447266,2196
2026-10-06 13:35:00,1791308100,WRB,69.96499633789062,70.0199966430664,69.96499633789062,70.01000213623047,35308
2026-10-06 13:36:00,1791308160,WRB,70.05000305175781,70.05999755859375,70.0199966430664,70.0199966430664,4531
2026-10-06 13:38:00,1791308280,WRB,70.0250015258789,70.03700256347656,70.0199966430664,70.03700256347656,1551
2026-10-06 13:39:00,1791308340,WRB,70.02999877929688,70.02999877929688,70.00499725341797,70.00499725341797,1953
2026-10-06 13:40:00,1791308400,WRB,70.00499725341797,70.00749969482422,69.9800033569336,69.9800033569336,8702
2026-10-06 13:41:00,1791308460,WRB,69.96499633789062,69.97000122070312,69.96499633789062,69.97000122070312,2509
2026-10-06 13:42:00,1791308520,WRB,69.95010375976562,69.97000122070312,69.95010375976562,69.97000122070312,1217
2026-10-06 13:43:00,1791308580,WRB,69.97000122070312,69.9800033569336,69.97000122070312,69.97000122070312,913
2026-10-06 13:44:00,1791308640,WRB,69.95999908447266,69.95999908447266,69.94499969482422,69.94499969482422,2665
2026-10-06 13:45:00,1791308700,WRB,69.93000030517578,69.93000030517578,69.875,69.875,3470
2026-10-06 13:46:00,1791308760,WRB,69.875,69.875,69.80000305175781,69.80000305175781,5025
2026-10-06 13:47:00,1791308820,WRB,69.80000305175781,69.80999755859375,69.80000305175781,69.80999755859375,2449
2026-10-06 13:48:00,1791308880,WRB,69.79000091552734,69.79000091552734,69.76000213623047,69.76000213623047,3392
2026-10-06 13:49:00,1791308940,WRB,69.75,69.75,69.69499969482422,69.73999786376953,11226
2026-10-06 13:50:00,1791309000,WRB,69.72000122070312,69.80999755859375,69.72000122070312,69.80999755859375,10785
2026-10-06 13:51:00,1791309060,WRB,69.83000183105469,69.8499984741211,69.80999755859375,69.83999633789062,5974
2026-10-06 13:52:00,1791309120,WRB,69.83999633789062,69.8499984741211,69.83999633789062,69.84500122070312,3147
2026-10-06 13:53:00,1791309180,WRB,69.83999633789062,69.86000061035156,69.83999633789062,69.8499984741211,3642
2026-10-06 13:54:00,1791309240,WRB,69.83999633789062,69.83999633789062,69.81999969482422,69.83499908447266,2416
2026-10-06 13:56:00,1791309360,WRB,69.83499908447266,69.86000061035156,69.83499908447266,69.86000061035156,3362
2026-10-06 13:57:00,1791309420,WRB,69.87000274658203,69.87999725341797,69.80999755859375,69.81999969482422,36116
2026-10-06 13:58:00,1791309480,WRB,69.83999633789062,69.83999633789062,69.80000305175781,69.80000305175781,4889
2026-10-06 13:59:00,1791309540,WRB,69.80999755859375,69.80999755859375,69.80999755859375,69.80999755859375,826
2026-10-06 14:00:00,1791309600,WRB,69.81999969482422,69.91000366210938,69.81999969482422,69.8949966430664,7155
2026-10-06 14:01:00,1791309660,WRB,69.88500213623047,69.98500061035156,69.80999755859375,69.95500183105469,82369
2026-10-06 14:02:00,1791309720,WRB,69.94999694824219,69.94999694824219,69.92500305175781,69.92500305175781,2226
2026-10-06 14:03:00,1791309780,WRB,69.93499755859375,69.94000244140625,69.93000030517578,69.94000244140625,2807
2026-10-06 14:04:00,1791309840,WRB,69.93000030517578,69.93000030517578,69.8499984741211,69.86000061035156,4913
2026-10-06 14:05:00,1791309900,WRB,69.83499908447266,69.83999633789062,69.83499908447266,69.83999633789062,1757
2026-10-06 14:06:00,1791309960,WRB,69.83999633789062,69.83999633789062,69.83999633789062,69.83999633789062,645
2026-10-06 14:07:00,1791310020,WRB,69.83999633789062,69.83999633789062,69.80000305175781,69.83499908447266,4677
2026-10-06 14:08:00,1791310080,WRB,69.8499984741211,69.875,69.8499984741211,69.875,4372
2026-10-06 14:09:00,1791310140,WRB,69.875,69.875,69.87000274658203,69.87000274658203,796
2026-10-06 14:10:00,1791310200,WRB,69.875,69.88999938964844,69.875,69.8843002319336,1839
2026-10-06 14:11:00,1791310260,WRB,69.87999725341797,69.9000015258789,69.87000274658203,69.87000274658203,11117
2026-10-06 14:12:00,1791310320,WRB,69.87999725341797,69.9000015258789,69.87999725341797,69.88999938964844,4596
2026-10-06 14:13:00,1791310380,WRB,69.88999938964844,69.9000015258789,69.88999938964844,69.9000015258789,953
2026-10-06 14:14:00,1791310440,WRB,69.88999938964844,69.88999938964844,69.86000061035156,69.86000061035156,2801
2026-10-06 14:15:00,1791310500,WRB,69.86000061035156,69.86000061035156,69.81500244140625,69.83000183105469,4065
2026-10-06 14:16:00,1791310560,WRB,69.84500122070312,69.86499786376953,69.84500122070312,69.86499786376953,2985
2026-10-06 14:17:00,1791310620,WRB,69.86499786376953,69.86499786376953,69.86499786376953,69.86499786376953,390
2026-10-06 14:18:00,1791310680,WRB,69.86499786376953,69.87000274658203,69.81999969482422,69.81999969482422,2356
2026-10-06 14:19:00,1791310740,WRB,69.81999969482422,69.81999969482422,69.81999969482422,69.81999969482422,3696
2026-10-06 14:20:00,1791310800,WRB,69.80000305175781,69.80999755859375,69.79000091552734,69.79000091552734,2865
2026-10-06 14:21:00,1791310860,WRB,69.79000091552734,69.81999969482422,69.79000091552734,69.81999969482422,6347
2026-10-06 14:22:00,1791310920,WRB,69.81999969482422,69.81999969482422,69.80000305175781,69.80000305175781,2931
2026-10-06 14:23:00,1791310980,WRB,69.80999755859375,69.80999755859375,69.80999755859375,69.80999755859375,1711
2026-10-06 14:24:00,1791311040,WRB,69.81999969482422,69.83000183105469,69.81999969482422,69.83000183105469,4399
2026-10-06 14:25:00,1791311100,WRB,69.8499984741211,69.86000061035156,69.83000183105469,69.8499984741211,4714
2026-10-06 14:26:00,1791311160,WRB,69.86000061035156,69.88999938964844,69.86000061035156,69.88999938964844,4432
2026-10-06 14:27:00,1791311220,WRB,69.88500213623047,69.9000015258789,69.8499984741211,69.8499984741211,6198
2026-10-06 14:28:00,1791311280,WRB,69.83999633789062,69.83999633789062,69.83999633789062,69.83999633789062,1519
2026-10-06 14:29:00,1791311340,WRB,69.8499984741211,69.8550033569336,69.8499984741211,69.8550033569336,1353
2026-10-06 14:30:00,1791311400,WRB,69.8550033569336,69.87000274658203,69.8550033569336,69.87000274658203,1652
2026-10-06 14:31:00,1791311460,WRB,69.87000274658203,69.87999725341797,69.87000274658203,69.87000274658203,1543
2026-10-06 14:32:00,1791311520,WRB,69.87999725341797,69.87999725341797,69.87999725341797,69.87999725341797,1866
2026-10-06 14:33:00,1791311580,WRB,69.88999938964844,69.9000015258789,69.88500213623047,69.9000015258789,2328
2026-10-06 14:34:00,1791311640,WRB,69.9000015258789,69.91000366210938,69.87999725341797,69.87999725341797,16128
2026-10-06 14:35:00,1791311700,WRB,69.87999725341797,69.9000015258789,69.87999725341797,69.88999938964844,4694
2026-10-06 14:37:00,1791311820,WRB,69.9000015258789,69.9000015258789,69.8949966430664,69.9000015258789,923
2026-10-06 14:38:00,1791311880,WRB,69.9000015258789,69.91000366210938,69.88999938964844,69.8949966430664,8775
2026-10-06 14:39:00,1791311940,WRB,69.88999938964844,69.88999938964844,69.83000183105469,69.83000183105469,4448
2026-10-06 14:40:00,1791312000,WRB,69.81999969482422,69.81999969482422,69.81999969482422,69.81999969482422,3638
2026-10-06 14:41:00,1791312060,WRB,69.83999633789062,69.84500122070312,69.83999633789062,69.83999633789062,2719
2026-10-06 14:42:00,1791312120,WRB,69.83999633789062,69.83999633789062,69.83999633789062,69.83999633789062,1358
2026-10-06 14:43:00,1791312180,WRB,69.83999633789062,69.83999633789062,69.80999755859375,69.81500244140625,4837
2026-10-06 14:44:00,1791312240,WRB,69.81500244140625,69.81500244140625,69.80999755859375,69.81500244140625,1487
2026-10-06 14:45:00,1791312300,WRB,69.81999969482422,69.83000183105469,69.80999755859375,69.82499694824219,5321
2026-10-06 14:46:00,1791312360,WRB,69.83999633789062,69.83999633789062,69.83999633789062,69.83999633789062,1821
2026-10-06 14:47:00,1791312420,WRB,69.84500122070312,69.8499984741211,69.83499908447266,69.83999633789062,2964
2026-10-06 14:48:00,1791312480,WRB,69.84500122070312,69.85639953613281,69.81999969482422,69.85009765625,6258
2026-10-06 14:49:00,1791312540,WRB,69.8499984741211,69.87000274658203,69.8499984741211,69.87000274658203,2182
2026-10-06 14:50:00,1791312600,WRB,69.87999725341797,69.87999725341797,69.87999725341797,69.87999725341797,4710
2026-10-06 14:52:00,1791312720,WRB,69.87999725341797,69.88500213623047,69.8499984741211,69.86000061035156,5509
2026-10-06 14:53:00,1791312780,WRB,69.86000061035156,69.87000274658203,69.80000305175781,69.80000305175781,4378
2026-10-06 14:54:00,1791312840,WRB,69.7750015258789,69.7750015258789,69.7750015258789,69.7750015258789,1580
2026-10-06 14:55:00,1791312900,WRB,69.7750015258789,69.7750015258789,69.7750015258789,69.7750015258789,1048
2026-10-06 14:56:00,1791312960,WRB,69.79000091552734,69.81999969482422,69.79000091552734,69.81999969482422,4078
2026-10-06 14:57:00,1791313020,WRB,69.83000183105469,69.83000183105469,69.83000183105469,69.83000183105469,541
2026-10-06 14:58:00,1791313080,WRB,69.83000183105469,69.83000183105469,69.80999755859375,69.80999755859375,3884
2026-10-06 14:59:00,1791313140,WRB,69.81500244140625,69.81500244140625,69.81500244140625,69.81500244140625,569
2026-10-06 15:00:00,1791313200,WRB,69.82649993896484,69.83000183105469,69.81500244140625,69.81999969482422,2280
2026-10-06 15:01:00,1791313260,WRB,69.81999969482422,69.83499908447266,69.81999969482422,69.83000183105469,3076
2026-10-06 15:02:00,1791313320,WRB,69.8550033569336,69.8550033569336,69.81999969482422,69.8550033569336,8836
2026-10-06 15:03:00,1791313380,WRB,69.86000061035156,69.87000274658203,69.86000061035156,69.86000061035156,4129
2026-10-06 15:04:00,1791313440,WRB,69.86000061035156,69.86000061035156,69.8499984741211,69.8499984741211,1442
2026-10-06 15:05:00,1791313500,WRB,69.8499984741211,69.87000274658203,69.8499984741211,69.87000274658203,4167
2026-10-06 15:06:00,1791313560,WRB,69.86000061035156,69.87999725341797,69.86000061035156,69.87999725341797,2151
2026-10-06 15:07:00,1791313620,WRB,69.88999938964844,69.88999938964844,69.875,69.87999725341797,4426
2026-10-06 15:08:00,1791313680,WRB,69.87999725341797,69.88999938964844,69.87999725341797,69.87999725341797,1843
2026-10-06 15:09:00,1791313740,WRB,69.88999938964844,69.9000015258789,69.88999938964844,69.9000015258789,4148
2026-10-06 15:10:00,1791313800,WRB,69.9000015258789,69.9000015258789,69.8550033569336,69.8550033569336,4291
2026-10-06 15:11:00,1791313860,WRB,69.8550033569336,69.88999938964844,69.8550033569336,69.88500213623047,4796
2026-10-06 15:12:00,1791313920,WRB,69.87000274658203,69.87000274658203,69.86000061035156,69.86000061035156,2837
2026-10-06 15:13:00,1791313980,WRB,69.86499786376953,69.86499786376953,69.86499786376953,69.86499786376953,2362
2026-10-06 15:14:00,1791314040,WRB,69.87999725341797,69.88500213623047,69.87000274658203,69.875,4439
2026-10-06 15:15:00,1791314100,WRB,69.86000061035156,69.86000061035156,69.83999633789062,69.83999633789062,5081
2026-10-06 15:16:00,1791314160,WRB,69.8499984741211,69.8550033569336,69.84010314941406,69.8550033569336,7120
2026-10-06 15:17:00,1791314220,WRB,69.83999633789062,69.83999633789062,69.83000183105469,69.83499908447266,4516
2026-10-06 15:18:00,1791314280,WRB,69.8499984741211,69.8499984741211,69.83999633789062,69.8499984741211,6203
2026-10-06 15:19:00,1791314340,WRB,69.86000061035156,69.86000061035156,69.83499908447266,69.83499908447266,5822
2026-10-06 15:20:00,1791314400,WRB,69.83999633789062,69.8499984741211,69.79000091552734,69.79000091552734,7734
2026-10-06 15:21:00,1791314460,WRB,69.79000091552734,69.79499816894531,69.79000091552734,69.79000091552734,6491
2026-10-06 15:22:00,1791314520,WRB,69.7699966430664,69.7699966430664,69.73999786376953,69.73999786376953,7697
2026-10-06 15:23:00,1791314580,WRB,69.70500183105469,69.70500183105469,69.69000244140625,69.69989776611328,3613
2026-10-06 15:24:00,1791314640,WRB,69.66999816894531,69.66999816894531,69.66000366210938,69.66500091552734,3490
2026-10-06 15:25:00,1791314700,WRB,69.66500091552734,69.66500091552734,69.58999633789062,69.58999633789062,6753
2026-10-06 15:26:00,1791314760,WRB,69.5999984741211,69.5999984741211,69.54000091552734,69.54499816894531,8583
2026-10-06 15:27:00,1791314820,WRB,69.52999877929688,69.55999755859375,69.51000213623047,69.55999755859375,10479
2026-10-06 15:28:00,1791314880,WRB,69.56999969482422,69.58999633789062,69.52999877929688,69.56999969482422,15879
2026-10-06 15:29:00,1791314940,WRB,69.57779693603516,69.6050033569336,69.56999969482422,69.5999984741211,15349
2026-10-06 15:30:00,1791315000,WRB,69.62000274658203,69.65499877929688,69.61000061035156,69.63999938964844,11066
2026-10-06 15:31:00,1791315060,WRB,69.63999938964844,69.63999938964844,69.56999969482422,69.56999969482422,9848
2026-10-06 15:32:00,1791315120,WRB,69.56999969482422,69.58000183105469,69.55000305175781,69.57499694824219,7724
2026-10-06 15:33:00,1791315180,WRB,69.58999633789062,69.5999984741211,69.58000183105469,69.5999984741211,5562
2026-10-06 15:34:00,1791315240,WRB,69.5999984741211,69.62999725341797,69.5999984741211,69.62000274658203,8623
2026-10-06 15:35:00,1791315300,WRB,69.6500015258789,69.65809631347656,69.61000061035156,69.6500015258789,10958
2026-10-06 15:36:00,1791315360,WRB,69.66000366210938,69.68000030517578,69.6500015258789,69.67500305175781,9564
2026-10-06 15:37:00,1791315420,WRB,69.66999816894531,69.69000244140625,69.66500091552734,69.69000244140625,11292
2026-10-06 15:38:00,1791315480,WRB,69.69000244140625,69.7300033569336,69.68000030517578,69.70500183105469,7771
2026-10-06 15:39:00,1791315540,WRB,69.70500183105469,69.7699966430664,69.69999694824219,69.75,58539
2026-10-06 15:40:00,1791315600,WRB,69.76000213623047,69.81500244140625,69.75,69.79499816894531,9696
2026-10-06 15:41:00,1791315660,WRB,69.79499816894531,69.81999969482422,69.77999877929688,69.79499816894531,9533
2026-10-06 15:42:00,1791315720,WRB,69.78500366210938,69.80999755859375,69.78500366210938,69.80000305175781,8478
2026-10-06 15:43:00,1791315780,WRB,69.79010009765625,69.80000305175781,69.77999877929688,69.77999877929688,9061
2026-10-06 15:44:00,1791315840,WRB,69.77999877929688,69.78199768066406,69.75,69.75,7868
2026-10-06 15:45:00,1791315900,WRB,69.75,69.75,69.69000244140625,69.69000244140625,12957
2026-10-06 15:46:00,1791315960,WRB,69.68000030517578,69.68499755859375,69.6500015258789,69.66000366210938,12039
2026-10-06 15:47:00,1791316020,WRB,69.68000030517578,69.68000030517578,69.62999725341797,69.65499877929688,13907
2026-10-06 15:48:00,1791316080,WRB,69.65499877929688,69.69000244140625,69.62000274658203,69.68000030517578,14506
2026-10-06 15:49:00,1791316140,WRB,69.68000030517578,69.68000030517578,69.56999969482422,69.625,14330
2026-10-06 15:50:00,1791316200,WRB,69.62999725341797,69.69000244140625,69.625,69.66999816894531,22553
2026-10-06 15:51:00,1791316260,WRB,69.66000366210938,69.66000366210938,69.6050033569336,69.66000366210938,12129
2026-10-06 15:52:00,1791316320,WRB,69.66000366210938,69.71499633789062,69.66000366210938,69.70999908447266,16267
2026-10-06 15:53:00,1791316380,WRB,69.70999908447266,69.72000122070312,69.65499877929688,69.65499877929688,11039
2026-10-06 15:54:00,1791316440,WRB,69.6500015258789,69.66500091552734,69.63999938964844,69.6500015258789,19283
2026-10-06 15:55:00,1791316500,WRB,69.66000366210938,69.69999694824219,69.66000366210938,69.68499755859375,29244
2026-10-06 15:56:00,1791316560,WRB,69.68499755859375,69.73999786376953,69.68499755859375,69.69999694824219,39886
2026-10-06 15:57:00,1791316620,WRB,69.70999908447266,69.7699966430664,69.68499755859375,69.75499725341797,37614
2026-10-06 15:58:00,1791316680,WRB,69.75,69.78500366210938,69.66999816894531,69.70999908447266,93779
2026-10-06 15:59:00,1791316740,WRB,69.70999908447266,69.70999908447266,69.62999725341797,69.66000366210938,88768
2026-10-06 16:00:00,1791316800,WRB,69.6500015258789,69.6500015258789,69.6500015258789,69.6500015258789,0
